<!--YSLOG {"runId":37185628827,"event":"workflow_dispatch","startedAt":"2026-10-04T07:23:23Z","savedAt":"2026-10-04T07:40:55.460Z","url":"https://github.com/Sam5440/ys_problem_web/actions/runs/37185628827","jobName":"update"}-->
2026-10-04T07:23:23.8864448Z Current runner version: '2.337.0'
2026-10-04T07:23:23.8891141Z ##[group]Runner Image Provisioner
2026-10-04T07:23:23.8892040Z Hosted Compute Agent
2026-10-04T07:23:23.8892769Z Version: 20260901.588
2026-10-04T07:23:23.8893515Z Commit: f88ec8081b781fac6c440065ac7ff9e710ce3d0b
2026-10-04T07:23:23.8894255Z Build Date: 2026-09-01T19:56:44Z
2026-10-04T07:23:23.8895030Z Worker ID: {53e40cd8-7f6f-4c44-a35f-d6f4fe50366a}
2026-10-04T07:23:23.8895811Z Azure Region: eastus
2026-10-04T07:23:23.8896430Z ##[endgroup]
2026-10-04T07:23:23.8897998Z ##[group]Operating System
2026-10-04T07:23:23.8898680Z Ubuntu
2026-10-04T07:23:23.8899332Z 24.04.5
2026-10-04T07:23:23.8899864Z LTS
2026-10-04T07:23:23.8900780Z ##[endgroup]
2026-10-04T07:23:23.8901520Z ##[group]Runner Image
2026-10-04T07:23:23.8902175Z Image: ubuntu-24.04
2026-10-04T07:23:23.8902857Z Version: 20260927.320.1
2026-10-04T07:23:23.8904495Z Included Software: https://github.com/actions/runner-images/blob/ubuntu24/20260927.320/images/ubuntu/Ubuntu2404-Readme.md
2026-10-04T07:23:23.8906245Z Image Release: https://github.com/actions/runner-images/releases/tag/ubuntu24%2F20260927.320
2026-10-04T07:23:23.8907662Z ##[endgroup]
2026-10-04T07:23:23.8909011Z ##[group]GITHUB_TOKEN Permissions
2026-10-04T07:23:23.8911557Z Actions: read
2026-10-04T07:23:23.8912222Z Contents: write
2026-10-04T07:23:23.8912838Z Metadata: read
2026-10-04T07:23:23.8913480Z ##[endgroup]
2026-10-04T07:23:23.8915638Z Secret source: Actions
2026-10-04T07:23:23.8916762Z Cache mode: write
2026-10-04T07:23:23.8917721Z Prepare workflow directory
2026-10-04T07:23:23.9253511Z Prepare all required actions
2026-10-04T07:23:23.9302308Z Getting action download info
2026-10-04T07:23:24.1497727Z Download action repository 'actions/checkout@v4' (SHA:11d5960a326750d5838078e36cf38b85af677262)
2026-10-04T07:23:24.3403916Z Complete job name: update
2026-10-04T07:23:24.4328741Z ##[group]Run actions/checkout@v4
2026-10-04T07:23:24.4329725Z with:
2026-10-04T07:23:24.4330198Z   repository: Sam5440/ys_problem_web
2026-10-04T07:23:24.4334440Z   token: ***
2026-10-04T07:23:24.4334898Z   ssh-strict: true
2026-10-04T07:23:24.4335346Z   ssh-user: git
2026-10-04T07:23:24.4335802Z   persist-credentials: true
2026-10-04T07:23:24.4336313Z   clean: true
2026-10-04T07:23:24.4336767Z   sparse-checkout-cone-mode: true
2026-10-04T07:23:24.4337291Z   fetch-depth: 1
2026-10-04T07:23:24.4337755Z   fetch-tags: false
2026-10-04T07:23:24.4338210Z   show-progress: true
2026-10-04T07:23:24.4338677Z   lfs: false
2026-10-04T07:23:24.4339096Z   submodules: false
2026-10-04T07:23:24.4339562Z   set-safe-directory: true
2026-10-04T07:23:24.4340086Z   allow-unsafe-pr-checkout: false
2026-10-04T07:23:24.4341472Z ##[endgroup]
2026-10-04T07:23:24.5355554Z Syncing repository: Sam5440/ys_problem_web
2026-10-04T07:23:24.5357507Z ##[group]Getting Git version info
2026-10-04T07:23:24.5358395Z Working directory is '/home/runner/work/ys_problem_web/ys_problem_web'
2026-10-04T07:23:24.5359494Z [command]/usr/bin/git version
2026-10-04T07:23:24.5492639Z git version 2.55.0
2026-10-04T07:23:24.5504432Z ##[endgroup]
2026-10-04T07:23:24.5520001Z Temporarily overriding HOME='/home/runner/work/_temp/a4c52c20-62ab-40da-99ac-c58767b8dc9e' before making global git config changes
2026-10-04T07:23:24.5523237Z Adding repository directory to the temporary git global config as a safe directory
2026-10-04T07:23:24.5526682Z [command]/usr/bin/git config --global --add safe.directory /home/runner/work/ys_problem_web/ys_problem_web
2026-10-04T07:23:24.5587666Z Deleting the contents of '/home/runner/work/ys_problem_web/ys_problem_web'
2026-10-04T07:23:24.5596455Z ##[group]Initializing the repository
2026-10-04T07:23:24.5597731Z [command]/usr/bin/git init /home/runner/work/ys_problem_web/ys_problem_web
2026-10-04T07:23:24.5758284Z hint: Using 'master' as the name for the initial branch. This default branch name
2026-10-04T07:23:24.5762320Z hint: will change to "main" in Git 3.0. To configure the initial branch name
2026-10-04T07:23:24.5763499Z hint: to use in all of your new repositories, which will suppress this warning,
2026-10-04T07:23:24.5765186Z hint: call:
2026-10-04T07:23:24.5765841Z hint:
2026-10-04T07:23:24.5766812Z hint: 	git config --global init.defaultBranch <name>
2026-10-04T07:23:24.5767803Z hint:
2026-10-04T07:23:24.5768430Z hint: Names commonly chosen instead of 'master' are 'main', 'trunk' and
2026-10-04T07:23:24.5769387Z hint: 'development'. The just-created branch can be renamed via this command:
2026-10-04T07:23:24.5770151Z hint:
2026-10-04T07:23:24.5771073Z hint: 	git branch -m <name>
2026-10-04T07:23:24.5771908Z hint:
2026-10-04T07:23:24.5772606Z hint: Disable this message with "git config set advice.defaultBranchName false"
2026-10-04T07:23:24.5774016Z Initialized empty Git repository in /home/runner/work/ys_problem_web/ys_problem_web/.git/
2026-10-04T07:23:24.5776467Z [command]/usr/bin/git remote add origin https://github.com/Sam5440/ys_problem_web
2026-10-04T07:23:24.5832085Z ##[endgroup]
2026-10-04T07:23:24.5833344Z ##[group]Disabling automatic garbage collection
2026-10-04T07:23:24.5836912Z [command]/usr/bin/git config --local gc.auto 0
2026-10-04T07:23:24.5883985Z ##[endgroup]
2026-10-04T07:23:24.5884802Z ##[group]Setting up auth
2026-10-04T07:23:24.5893086Z [command]/usr/bin/git config --local --name-only --get-regexp core\.sshCommand
2026-10-04T07:23:24.5929967Z [command]/usr/bin/git submodule foreach --recursive sh -c "git config --local --name-only --get-regexp 'core\.sshCommand' && git config --local --unset-all 'core.sshCommand' || :"
2026-10-04T07:23:24.6343534Z [command]/usr/bin/git config --local --name-only --get-regexp http\.https\:\/\/github\.com\/\.extraheader
2026-10-04T07:23:24.6383167Z [command]/usr/bin/git submodule foreach --recursive sh -c "git config --local --name-only --get-regexp 'http\.https\:\/\/github\.com\/\.extraheader' && git config --local --unset-all 'http.https://github.com/.extraheader' || :"
2026-10-04T07:23:24.6613938Z [command]/usr/bin/git config --local --name-only --get-regexp ^includeIf\.gitdir:
2026-10-04T07:23:24.6652801Z [command]/usr/bin/git submodule foreach --recursive git config --local --show-origin --name-only --get-regexp remote.origin.url
2026-10-04T07:23:24.6885608Z [command]/usr/bin/git config --local http.https://github.com/.extraheader AUTHORIZATION: basic ***
2026-10-04T07:23:24.6929356Z ##[endgroup]
2026-10-04T07:23:24.6930311Z ##[group]Fetching the repository
2026-10-04T07:23:24.6939924Z [command]/usr/bin/git -c protocol.version=2 fetch --no-tags --prune --no-recurse-submodules --depth=1 origin +b107736578ea29fd0e8d3542defd80b409284174:refs/remotes/origin/main
2026-10-04T07:23:25.6903854Z From https://github.com/Sam5440/ys_problem_web
2026-10-04T07:23:25.6906238Z  * [new ref]         b107736578ea29fd0e8d3542defd80b409284174 -> origin/main
2026-10-04T07:23:25.6912815Z ##[endgroup]
2026-10-04T07:23:25.6915167Z ##[group]Determining the checkout info
2026-10-04T07:23:25.6917793Z ##[endgroup]
2026-10-04T07:23:25.6919466Z [command]/usr/bin/git sparse-checkout disable
2026-10-04T07:23:25.6978914Z [command]/usr/bin/git config --local --unset-all extensions.worktreeConfig
2026-10-04T07:23:25.7012850Z ##[group]Checking out the ref
2026-10-04T07:23:25.7017220Z [command]/usr/bin/git checkout --progress --force -B main refs/remotes/origin/main
2026-10-04T07:23:25.8513467Z Switched to a new branch 'main'
2026-10-04T07:23:25.8518640Z branch 'main' set up to track 'origin/main'.
2026-10-04T07:23:25.8529279Z ##[endgroup]
2026-10-04T07:23:25.8574523Z [command]/usr/bin/git log -1 --format=%H
2026-10-04T07:23:25.8602091Z b107736578ea29fd0e8d3542defd80b409284174
2026-10-04T07:23:25.8880894Z ##[group]Run UPSTREAM_SHA=$(git ls-remote https://github.com/Yawn-Sean/Daily_CF_Problems.git HEAD | cut -f1)
2026-10-04T07:23:25.8884434Z [36;1mUPSTREAM_SHA=$(git ls-remote https://github.com/Yawn-Sean/Daily_CF_Problems.git HEAD | cut -f1)[0m
2026-10-04T07:23:25.8887102Z [36;1mLAST_SHA=$(cat data/.upstream-sha 2>/dev/null || true)[0m
2026-10-04T07:23:25.8889175Z [36;1mif [ -n "$UPSTREAM_SHA" ] && [ "$UPSTREAM_SHA" = "$LAST_SHA" ]; then[0m
2026-10-04T07:23:25.8891930Z [36;1m  echo "Upstream unchanged since last sync — skipping heavy steps."[0m
2026-10-04T07:23:25.8894031Z [36;1m  echo "changed=false" >> "$GITHUB_OUTPUT"[0m
2026-10-04T07:23:25.8895520Z [36;1melse[0m
2026-10-04T07:23:25.8897037Z [36;1m  echo "changed=true" >> "$GITHUB_OUTPUT"[0m
2026-10-04T07:23:25.8898524Z [36;1mfi[0m
2026-10-04T07:23:25.8899705Z [36;1mecho "sha=$UPSTREAM_SHA" >> "$GITHUB_OUTPUT"[0m
2026-10-04T07:23:25.9186957Z shell: /usr/bin/bash -e {0}
2026-10-04T07:23:25.9188304Z ##[endgroup]
2026-10-04T07:23:26.1067044Z Upstream unchanged since last sync — skipping heavy steps.
2026-10-04T07:23:26.1211219Z ##[group]Run npm ci
2026-10-04T07:23:26.1212325Z [36;1mnpm ci[0m
2026-10-04T07:23:26.1284047Z shell: /usr/bin/bash -e {0}
2026-10-04T07:23:26.1285213Z ##[endgroup]
2026-10-04T07:23:35.4787302Z 
2026-10-04T07:23:35.4788623Z added 66 packages, and audited 67 packages in 9s
2026-10-04T07:23:35.4789686Z 
2026-10-04T07:23:35.4790265Z 14 packages are looking for funding
2026-10-04T07:23:35.4791674Z   run `npm fund` for details
2026-10-04T07:23:35.5208862Z 
2026-10-04T07:23:35.5228180Z 2 vulnerabilities (1 moderate, 1 high)
2026-10-04T07:23:35.5229035Z 
2026-10-04T07:23:35.5229618Z To address all issues (including breaking changes), run:
2026-10-04T07:23:35.5231031Z   npm audit fix --force
2026-10-04T07:23:35.5231693Z 
2026-10-04T07:23:35.5232200Z Run `npm audit` for details.
2026-10-04T07:23:35.6013671Z ##[group]Run npx playwright install --with-deps chromium
2026-10-04T07:23:35.6014165Z [36;1mnpx playwright install --with-deps chromium[0m
2026-10-04T07:23:35.6079753Z shell: /usr/bin/bash -e {0}
2026-10-04T07:23:35.6080044Z ##[endgroup]
2026-10-04T07:23:36.5422951Z Installing dependencies...
2026-10-04T07:23:36.5507548Z Switching to root user to install dependencies...
2026-10-04T07:23:36.7024020Z Get:1 file:/etc/apt/apt-mirrors.txt Mirrorlist [144 B]
2026-10-04T07:23:36.7412277Z Get:6 https://packages.microsoft.com/ubuntu/24.04/prod noble InRelease [3600 B]
2026-10-04T07:23:36.7641868Z Hit:2 http://azure.archive.ubuntu.com/ubuntu noble InRelease
2026-10-04T07:23:36.7737555Z Get:3 http://azure.archive.ubuntu.com/ubuntu noble-updates InRelease [126 kB]
2026-10-04T07:23:36.7869570Z Get:4 http://azure.archive.ubuntu.com/ubuntu noble-backports InRelease [126 kB]
2026-10-04T07:23:36.7961889Z Get:5 http://azure.archive.ubuntu.com/ubuntu noble-security InRelease [126 kB]
2026-10-04T07:23:36.8722434Z Get:7 https://packages.microsoft.com/ubuntu/24.04/prod noble/main amd64 Packages [511 kB]
2026-10-04T07:23:36.8993079Z Get:8 https://packages.microsoft.com/ubuntu/24.04/prod noble/main armhf Packages [12.6 kB]
2026-10-04T07:23:36.9041394Z Get:9 https://packages.microsoft.com/ubuntu/24.04/prod noble/main arm64 Packages [458 kB]
2026-10-04T07:23:36.9965752Z Get:10 http://azure.archive.ubuntu.com/ubuntu noble-updates/main amd64 Packages [1364 kB]
2026-10-04T07:23:37.0082015Z Get:11 http://azure.archive.ubuntu.com/ubuntu noble-updates/main Translation-en [304 kB]
2026-10-04T07:23:37.0117520Z Get:12 http://azure.archive.ubuntu.com/ubuntu noble-updates/main amd64 Components [181 kB]
2026-10-04T07:23:37.0191669Z Get:13 http://azure.archive.ubuntu.com/ubuntu noble-updates/universe amd64 Packages [1699 kB]
2026-10-04T07:23:37.0312081Z Get:14 http://azure.archive.ubuntu.com/ubuntu noble-updates/universe Translation-en [341 kB]
2026-10-04T07:23:37.0372690Z Get:15 http://azure.archive.ubuntu.com/ubuntu noble-updates/universe amd64 Components [388 kB]
2026-10-04T07:23:37.0421902Z Get:16 http://azure.archive.ubuntu.com/ubuntu noble-updates/restricted amd64 Packages [1720 kB]
2026-10-04T07:23:37.0571539Z Get:17 http://azure.archive.ubuntu.com/ubuntu noble-updates/restricted Translation-en [394 kB]
2026-10-04T07:23:37.0601654Z Get:18 http://azure.archive.ubuntu.com/ubuntu noble-updates/multiverse amd64 Components [940 B]
2026-10-04T07:23:37.0750649Z Get:19 http://azure.archive.ubuntu.com/ubuntu noble-backports/main amd64 Components [5736 B]
2026-10-04T07:23:37.1204980Z Get:20 http://azure.archive.ubuntu.com/ubuntu noble-backports/universe amd64 Components [12.6 kB]
2026-10-04T07:23:37.1751862Z Get:21 http://azure.archive.ubuntu.com/ubuntu noble-security/main amd64 Packages [1069 kB]
2026-10-04T07:23:37.1888052Z Get:22 http://azure.archive.ubuntu.com/ubuntu noble-security/main Translation-en [221 kB]
2026-10-04T07:23:37.1932114Z Get:23 http://azure.archive.ubuntu.com/ubuntu noble-security/main amd64 Components [46.5 kB]
2026-10-04T07:23:37.1961966Z Get:24 http://azure.archive.ubuntu.com/ubuntu noble-security/universe amd64 Packages [1216 kB]
2026-10-04T07:23:37.2033613Z Get:25 http://azure.archive.ubuntu.com/ubuntu noble-security/universe Translation-en [244 kB]
2026-10-04T07:23:37.2068427Z Get:26 http://azure.archive.ubuntu.com/ubuntu noble-security/universe amd64 Components [76.3 kB]
2026-10-04T07:23:37.2105000Z Get:27 http://azure.archive.ubuntu.com/ubuntu noble-security/restricted amd64 Packages [1566 kB]
2026-10-04T07:23:37.2252525Z Get:28 http://azure.archive.ubuntu.com/ubuntu noble-security/restricted Translation-en [361 kB]
2026-10-04T07:23:44.9080745Z Fetched 12.6 MB in 2s (7892 kB/s)
2026-10-04T07:23:45.7655734Z Reading package lists...
2026-10-04T07:23:45.7903167Z Reading package lists...
2026-10-04T07:23:45.9979432Z Building dependency tree...
2026-10-04T07:23:45.9991113Z Reading state information...
2026-10-04T07:23:46.1663666Z libasound2t64 is already the newest version (1.2.11-1ubuntu0.3).
2026-10-04T07:23:46.1667358Z libasound2t64 set to manually installed.
2026-10-04T07:23:46.1668382Z libatk-bridge2.0-0t64 is already the newest version (2.52.0-1build1).
2026-10-04T07:23:46.1669236Z libatk-bridge2.0-0t64 set to manually installed.
2026-10-04T07:23:46.1669855Z libatk1.0-0t64 is already the newest version (2.52.0-1build1).
2026-10-04T07:23:46.1670749Z libatk1.0-0t64 set to manually installed.
2026-10-04T07:23:46.1671341Z libatspi2.0-0t64 is already the newest version (2.52.0-1build1).
2026-10-04T07:23:46.1672099Z libatspi2.0-0t64 set to manually installed.
2026-10-04T07:23:46.1672783Z libcairo2 is already the newest version (1.18.0-3build1).
2026-10-04T07:23:46.1673262Z libcairo2 set to manually installed.
2026-10-04T07:23:46.1673720Z libcups2t64 is already the newest version (2.4.7-1.2ubuntu7.14).
2026-10-04T07:23:46.1674212Z libcups2t64 set to manually installed.
2026-10-04T07:23:46.1674658Z libdbus-1-3 is already the newest version (1.14.10-4ubuntu4.1).
2026-10-04T07:23:46.1675127Z libdbus-1-3 set to manually installed.
2026-10-04T07:23:46.1675824Z libdrm2 is already the newest version (2.4.125-1ubuntu0.1~24.04.2).
2026-10-04T07:23:46.1676550Z libdrm2 set to manually installed.
2026-10-04T07:23:46.1676993Z libglib2.0-0t64 is already the newest version (2.80.0-6ubuntu3.9).
2026-10-04T07:23:46.1677481Z libglib2.0-0t64 set to manually installed.
2026-10-04T07:23:46.1677958Z libnspr4 is already the newest version (2:4.35-1.1build1).
2026-10-04T07:23:46.1678415Z libnspr4 set to manually installed.
2026-10-04T07:23:46.1678835Z libnss3 is already the newest version (2:3.98-1ubuntu0.2).
2026-10-04T07:23:46.1679280Z libnss3 set to manually installed.
2026-10-04T07:23:46.1679642Z libpango-1.0-0 is already the newest version (1.52.1+ds-1build1).
2026-10-04T07:23:46.1680017Z libpango-1.0-0 set to manually installed.
2026-10-04T07:23:46.1680350Z libx11-6 is already the newest version (2:1.8.7-1build1).
2026-10-04T07:23:46.1681016Z libx11-6 set to manually installed.
2026-10-04T07:23:46.1681326Z libxcb1 is already the newest version (1.15-1ubuntu2).
2026-10-04T07:23:46.1681663Z libxcb1 set to manually installed.
2026-10-04T07:23:46.1682001Z libxcomposite1 is already the newest version (1:0.4.5-1build3).
2026-10-04T07:23:46.1682371Z libxcomposite1 set to manually installed.
2026-10-04T07:23:46.1682713Z libxdamage1 is already the newest version (1:1.1.6-1build1).
2026-10-04T07:23:46.1683059Z libxdamage1 set to manually installed.
2026-10-04T07:23:46.1683380Z libxext6 is already the newest version (2:1.3.4-1build2).
2026-10-04T07:23:46.1683821Z libxext6 set to manually installed.
2026-10-04T07:23:46.1684144Z libxfixes3 is already the newest version (1:6.0.0-2build1).
2026-10-04T07:23:46.1684712Z libxfixes3 set to manually installed.
2026-10-04T07:23:46.1685046Z libxkbcommon0 is already the newest version (1.6.0-1build1).
2026-10-04T07:23:46.1685389Z libxkbcommon0 set to manually installed.
2026-10-04T07:23:46.1685720Z libxrandr2 is already the newest version (2:1.5.2-2build1).
2026-10-04T07:23:46.1686063Z libxrandr2 set to manually installed.
2026-10-04T07:23:46.1686378Z xvfb is already the newest version (2:21.1.12-1ubuntu1.8).
2026-10-04T07:23:46.1686819Z fonts-noto-color-emoji is already the newest version (2.047-0ubuntu0.24.04.1).
2026-10-04T07:23:46.1687306Z libfontconfig1 is already the newest version (2.15.0-1.1ubuntu2).
2026-10-04T07:23:46.1687675Z libfontconfig1 set to manually installed.
2026-10-04T07:23:46.1688044Z libfreetype6 is already the newest version (2.13.2+dfsg-1ubuntu0.1).
2026-10-04T07:23:46.1688416Z libfreetype6 set to manually installed.
2026-10-04T07:23:46.1688764Z fonts-liberation is already the newest version (1:2.1.5-3).
2026-10-04T07:23:46.1689122Z fonts-liberation set to manually installed.
2026-10-04T07:23:46.1689462Z The following additional packages will be installed:
2026-10-04T07:23:46.1689913Z   libgl1-mesa-dri libglx-mesa0 mesa-libgallium xfonts-encodings xfonts-utils
2026-10-04T07:23:46.1690312Z Recommended packages:
2026-10-04T07:23:46.1690768Z   fonts-ipafont-mincho fonts-tlwg-loma
2026-10-04T07:23:46.2025563Z The following NEW packages will be installed:
2026-10-04T07:23:46.2026483Z   fonts-freefont-ttf fonts-ipafont-gothic fonts-tlwg-loma-otf fonts-unifont
2026-10-04T07:23:46.2034269Z   fonts-wqy-zenhei xfonts-cyrillic xfonts-encodings xfonts-scalable
2026-10-04T07:23:46.2035092Z   xfonts-utils
2026-10-04T07:23:46.2039786Z The following packages will be upgraded:
2026-10-04T07:23:46.2046063Z   libgbm1 libgl1-mesa-dri libglx-mesa0 mesa-libgallium
2026-10-04T07:23:46.2220917Z 4 upgraded, 9 newly installed, 0 to remove and 21 not upgraded.
2026-10-04T07:23:46.2221628Z Need to get 32.1 MB of archives.
2026-10-04T07:23:46.2222295Z After this operation, 79.5 MB of additional disk space will be used.
2026-10-04T07:23:46.2223044Z Get:1 file:/etc/apt/apt-mirrors.txt Mirrorlist [144 B]
2026-10-04T07:23:46.2677066Z Get:2 http://azure.archive.ubuntu.com/ubuntu noble/universe amd64 fonts-ipafont-gothic all 00303-21ubuntu1 [3513 kB]
2026-10-04T07:23:46.4025101Z Get:3 http://azure.archive.ubuntu.com/ubuntu noble/main amd64 fonts-freefont-ttf all 20211204+svn4273-2 [5641 kB]
2026-10-04T07:23:46.4581097Z Get:4 http://azure.archive.ubuntu.com/ubuntu noble/universe amd64 fonts-tlwg-loma-otf all 1:0.7.3-1 [107 kB]
2026-10-04T07:23:46.4742070Z Get:5 http://azure.archive.ubuntu.com/ubuntu noble/universe amd64 fonts-unifont all 1:15.1.01-1build1 [2993 kB]
2026-10-04T07:23:46.5075965Z Get:6 http://azure.archive.ubuntu.com/ubuntu noble/universe amd64 fonts-wqy-zenhei all 0.9.45-8 [7472 kB]
2026-10-04T07:23:46.5732969Z Get:7 http://azure.archive.ubuntu.com/ubuntu noble-updates/main amd64 libgl1-mesa-dri amd64 25.2.8-0ubuntu0.24.04.4 [38.0 kB]
2026-10-04T07:23:46.5892425Z Get:8 http://azure.archive.ubuntu.com/ubuntu noble-updates/main amd64 libglx-mesa0 amd64 25.2.8-0ubuntu0.24.04.4 [110 kB]
2026-10-04T07:23:46.6051796Z Get:9 http://azure.archive.ubuntu.com/ubuntu noble-updates/main amd64 libgbm1 amd64 25.2.8-0ubuntu0.24.04.4 [34.2 kB]
2026-10-04T07:23:46.6204889Z Get:10 http://azure.archive.ubuntu.com/ubuntu noble-updates/main amd64 mesa-libgallium amd64 25.2.8-0ubuntu0.24.04.4 [10.8 MB]
2026-10-04T07:23:46.7021970Z Get:11 http://azure.archive.ubuntu.com/ubuntu noble/main amd64 xfonts-encodings all 1:1.0.5-0ubuntu2 [578 kB]
2026-10-04T07:23:46.7201151Z Get:12 http://azure.archive.ubuntu.com/ubuntu noble/main amd64 xfonts-utils amd64 1:7.7+6build3 [94.4 kB]
2026-10-04T07:23:46.7356104Z Get:13 http://azure.archive.ubuntu.com/ubuntu noble/universe amd64 xfonts-cyrillic all 1:1.0.5+nmu1 [384 kB]
2026-10-04T07:23:46.7525709Z Get:14 http://azure.archive.ubuntu.com/ubuntu noble/main amd64 xfonts-scalable all 1:1.0.3-1.3 [304 kB]
2026-10-04T07:23:47.0252712Z Fetched 32.1 MB in 1s (59.1 MB/s)
2026-10-04T07:23:47.0672010Z Selecting previously unselected package fonts-ipafont-gothic.
2026-10-04T07:23:47.1298457Z (Reading database ... 
2026-10-04T07:23:47.1299038Z (Reading database ... 5%
2026-10-04T07:23:47.1299734Z (Reading database ... 10%
2026-10-04T07:23:47.1300098Z (Reading database ... 15%
2026-10-04T07:23:47.1300631Z (Reading database ... 20%
2026-10-04T07:23:47.1300958Z (Reading database ... 25%
2026-10-04T07:23:47.1301271Z (Reading database ... 30%
2026-10-04T07:23:47.1301572Z (Reading database ... 35%
2026-10-04T07:23:47.1301873Z (Reading database ... 40%
2026-10-04T07:23:47.1302170Z (Reading database ... 45%
2026-10-04T07:23:47.1302473Z (Reading database ... 50%
2026-10-04T07:23:47.1734376Z (Reading database ... 55%
2026-10-04T07:23:47.6091887Z (Reading database ... 60%
2026-10-04T07:23:47.8948824Z (Reading database ... 65%
2026-10-04T07:23:48.3649104Z (Reading database ... 70%
2026-10-04T07:23:48.6408850Z (Reading database ... 75%
2026-10-04T07:23:48.9799588Z (Reading database ... 80%
2026-10-04T07:23:49.4949348Z (Reading database ... 85%
2026-10-04T07:23:50.0554811Z (Reading database ... 90%
2026-10-04T07:23:50.6645493Z (Reading database ... 95%
2026-10-04T07:23:50.6646188Z (Reading database ... 100%
2026-10-04T07:23:50.6646815Z (Reading database ... 202296 files and directories currently installed.)
2026-10-04T07:23:50.6690892Z Preparing to unpack .../00-fonts-ipafont-gothic_00303-21ubuntu1_all.deb ...
2026-10-04T07:23:50.6789250Z Unpacking fonts-ipafont-gothic (00303-21ubuntu1) ...
2026-10-04T07:23:50.9086645Z Selecting previously unselected package fonts-freefont-ttf.
2026-10-04T07:23:50.9213324Z Preparing to unpack .../01-fonts-freefont-ttf_20211204+svn4273-2_all.deb ...
2026-10-04T07:23:50.9219824Z Unpacking fonts-freefont-ttf (20211204+svn4273-2) ...
2026-10-04T07:23:51.0020961Z Selecting previously unselected package fonts-tlwg-loma-otf.
2026-10-04T07:23:51.0146586Z Preparing to unpack .../02-fonts-tlwg-loma-otf_1%3a0.7.3-1_all.deb ...
2026-10-04T07:23:51.0154102Z Unpacking fonts-tlwg-loma-otf (1:0.7.3-1) ...
2026-10-04T07:23:51.0404081Z Selecting previously unselected package fonts-unifont.
2026-10-04T07:23:51.0530211Z Preparing to unpack .../03-fonts-unifont_1%3a15.1.01-1build1_all.deb ...
2026-10-04T07:23:51.0539011Z Unpacking fonts-unifont (1:15.1.01-1build1) ...
2026-10-04T07:23:51.1597178Z Selecting previously unselected package fonts-wqy-zenhei.
2026-10-04T07:23:51.1722401Z Preparing to unpack .../04-fonts-wqy-zenhei_0.9.45-8_all.deb ...
2026-10-04T07:23:51.1821049Z Unpacking fonts-wqy-zenhei (0.9.45-8) ...
2026-10-04T07:23:51.6617345Z Preparing to unpack .../05-libgl1-mesa-dri_25.2.8-0ubuntu0.24.04.4_amd64.deb ...
2026-10-04T07:23:51.6763902Z Unpacking libgl1-mesa-dri:amd64 (25.2.8-0ubuntu0.24.04.4) over (25.2.8-0ubuntu0.24.04.2) ...
2026-10-04T07:23:51.7361168Z Preparing to unpack .../06-libglx-mesa0_25.2.8-0ubuntu0.24.04.4_amd64.deb ...
2026-10-04T07:23:51.7390437Z Unpacking libglx-mesa0:amd64 (25.2.8-0ubuntu0.24.04.4) over (25.2.8-0ubuntu0.24.04.2) ...
2026-10-04T07:23:51.7788492Z Preparing to unpack .../07-libgbm1_25.2.8-0ubuntu0.24.04.4_amd64.deb ...
2026-10-04T07:23:51.7864473Z Unpacking libgbm1:amd64 (25.2.8-0ubuntu0.24.04.4) over (25.2.8-0ubuntu0.24.04.2) ...
2026-10-04T07:23:51.8277009Z Preparing to unpack .../08-mesa-libgallium_25.2.8-0ubuntu0.24.04.4_amd64.deb ...
2026-10-04T07:23:51.8303258Z Unpacking mesa-libgallium:amd64 (25.2.8-0ubuntu0.24.04.4) over (25.2.8-0ubuntu0.24.04.2) ...
2026-10-04T07:23:52.0167441Z Selecting previously unselected package xfonts-encodings.
2026-10-04T07:23:52.0296975Z Preparing to unpack .../09-xfonts-encodings_1%3a1.0.5-0ubuntu2_all.deb ...
2026-10-04T07:23:52.0304351Z Unpacking xfonts-encodings (1:1.0.5-0ubuntu2) ...
2026-10-04T07:23:52.0599785Z Selecting previously unselected package xfonts-utils.
2026-10-04T07:23:52.0729014Z Preparing to unpack .../10-xfonts-utils_1%3a7.7+6build3_amd64.deb ...
2026-10-04T07:23:52.0736942Z Unpacking xfonts-utils (1:7.7+6build3) ...
2026-10-04T07:23:52.1353068Z Selecting previously unselected package xfonts-cyrillic.
2026-10-04T07:23:52.1478861Z Preparing to unpack .../11-xfonts-cyrillic_1%3a1.0.5+nmu1_all.deb ...
2026-10-04T07:23:52.1486816Z Unpacking xfonts-cyrillic (1:1.0.5+nmu1) ...
2026-10-04T07:23:52.1827634Z Selecting previously unselected package xfonts-scalable.
2026-10-04T07:23:52.1959173Z Preparing to unpack .../12-xfonts-scalable_1%3a1.0.3-1.3_all.deb ...
2026-10-04T07:23:52.1967579Z Unpacking xfonts-scalable (1:1.0.3-1.3) ...
2026-10-04T07:23:52.2442784Z Setting up mesa-libgallium:amd64 (25.2.8-0ubuntu0.24.04.4) ...
2026-10-04T07:23:52.2463742Z Setting up libgbm1:amd64 (25.2.8-0ubuntu0.24.04.4) ...
2026-10-04T07:23:52.2482059Z Setting up libgl1-mesa-dri:amd64 (25.2.8-0ubuntu0.24.04.4) ...
2026-10-04T07:23:52.2556563Z Setting up fonts-wqy-zenhei (0.9.45-8) ...
2026-10-04T07:23:52.2672724Z Setting up fonts-freefont-ttf (20211204+svn4273-2) ...
2026-10-04T07:23:52.2700122Z Setting up fonts-tlwg-loma-otf (1:0.7.3-1) ...
2026-10-04T07:23:52.2718053Z Setting up xfonts-encodings (1:1.0.5-0ubuntu2) ...
2026-10-04T07:23:52.2735674Z Setting up fonts-ipafont-gothic (00303-21ubuntu1) ...
2026-10-04T07:23:52.2802187Z update-alternatives: using /usr/share/fonts/opentype/ipafont-gothic/ipag.ttf to provide /usr/share/fonts/truetype/fonts-japanese-gothic.ttf (fonts-japanese-gothic.ttf) in auto mode
2026-10-04T07:23:52.2818031Z Setting up fonts-unifont (1:15.1.01-1build1) ...
2026-10-04T07:23:52.2841398Z Setting up libglx-mesa0:amd64 (25.2.8-0ubuntu0.24.04.4) ...
2026-10-04T07:23:52.2862134Z Setting up xfonts-utils (1:7.7+6build3) ...
2026-10-04T07:23:52.2904063Z Setting up xfonts-cyrillic (1:1.0.5+nmu1) ...
2026-10-04T07:23:52.3242485Z Setting up xfonts-scalable (1:1.0.3-1.3) ...
2026-10-04T07:23:52.3574810Z Processing triggers for libc-bin (2.39-0ubuntu8.9) ...
2026-10-04T07:23:52.4102953Z Processing triggers for man-db (2.12.0-4build2) ...
2026-10-04T07:23:52.4125721Z Not building database; man-db/auto-update is not 'true'.
2026-10-04T07:23:52.4136197Z Processing triggers for fontconfig (2.15.0-1.1ubuntu2) ...
2026-10-04T07:23:53.7070834Z 
2026-10-04T07:23:53.7071919Z Running kernel seems to be up-to-date.
2026-10-04T07:23:53.7072414Z 
2026-10-04T07:23:53.7072654Z No services need to be restarted.
2026-10-04T07:23:53.7073041Z 
2026-10-04T07:23:53.7073262Z No containers need to be restarted.
2026-10-04T07:23:53.7073646Z 
2026-10-04T07:23:53.7073958Z No user sessions are running outdated binaries.
2026-10-04T07:23:53.7074428Z 
2026-10-04T07:23:53.7074852Z No VM guests are running outdated hypervisor (qemu) binaries on this host.
2026-10-04T07:23:54.6794923Z Downloading Chrome for Testing 153.0.8010.12 (playwright chromium v1243) from https://cdn.playwright.dev/builds/cft/153.0.8010.12/linux64/chrome-linux64.zip
2026-10-04T07:23:55.0634181Z |                                                                                |   0% of 186.8 MiB
2026-10-04T07:23:55.2382410Z |■■■■■■■■                                                                        |  10% of 186.8 MiB
2026-10-04T07:23:55.3365337Z |■■■■■■■■■■■■■■■■                                                                |  20% of 186.8 MiB
2026-10-04T07:23:55.4093345Z |■■■■■■■■■■■■■■■■■■■■■■■■                                                        |  30% of 186.8 MiB
2026-10-04T07:23:55.4847608Z |■■■■■■■■■■■■■■■■■■■■■■■■■■■■■■■■                                                |  40% of 186.8 MiB
2026-10-04T07:23:55.5561949Z |■■■■■■■■■■■■■■■■■■■■■■■■■■■■■■■■■■■■■■■■                                        |  50% of 186.8 MiB
2026-10-04T07:23:55.6264033Z |■■■■■■■■■■■■■■■■■■■■■■■■■■■■■■■■■■■■■■■■■■■■■■■■                                |  60% of 186.8 MiB
2026-10-04T07:23:55.6950682Z |■■■■■■■■■■■■■■■■■■■■■■■■■■■■■■■■■■■■■■■■■■■■■■■■■■■■■■■■                        |  70% of 186.8 MiB
2026-10-04T07:23:55.7717588Z |■■■■■■■■■■■■■■■■■■■■■■■■■■■■■■■■■■■■■■■■■■■■■■■■■■■■■■■■■■■■■■■■                |  80% of 186.8 MiB
2026-10-04T07:23:55.8341410Z |■■■■■■■■■■■■■■■■■■■■■■■■■■■■■■■■■■■■■■■■■■■■■■■■■■■■■■■■■■■■■■■■■■■■■■■■        |  90% of 186.8 MiB
2026-10-04T07:23:55.9023116Z |■■■■■■■■■■■■■■■■■■■■■■■■■■■■■■■■■■■■■■■■■■■■■■■■■■■■■■■■■■■■■■■■■■■■■■■■■■■■■■■■| 100% of 186.8 MiB
2026-10-04T07:23:58.8296369Z Chrome for Testing 153.0.8010.12 (playwright chromium v1243) downloaded to /home/runner/.cache/ms-playwright/chromium-1243
2026-10-04T07:23:58.8300163Z Downloading FFmpeg (playwright ffmpeg v1011) from https://cdn.playwright.dev/dbazure/download/playwright/builds/ffmpeg/1011/ffmpeg-linux.zip
2026-10-04T07:23:59.2990748Z |                                                                                |   0% of 2.3 MiB
2026-10-04T07:23:59.3033280Z |■■■■■■■■                                                                        |  10% of 2.3 MiB
2026-10-04T07:23:59.3081822Z |■■■■■■■■■■■■■■■■                                                                |  20% of 2.3 MiB
2026-10-04T07:23:59.3100579Z |■■■■■■■■■■■■■■■■■■■■■■■■                                                        |  30% of 2.3 MiB
2026-10-04T07:23:59.3131465Z |■■■■■■■■■■■■■■■■■■■■■■■■■■■■■■■■                                                |  40% of 2.3 MiB
2026-10-04T07:23:59.3155949Z |■■■■■■■■■■■■■■■■■■■■■■■■■■■■■■■■■■■■■■■■                                        |  50% of 2.3 MiB
2026-10-04T07:23:59.3167266Z |■■■■■■■■■■■■■■■■■■■■■■■■■■■■■■■■■■■■■■■■■■■■■■■■                                |  60% of 2.3 MiB
2026-10-04T07:23:59.3182166Z |■■■■■■■■■■■■■■■■■■■■■■■■■■■■■■■■■■■■■■■■■■■■■■■■■■■■■■■■                        |  70% of 2.3 MiB
2026-10-04T07:23:59.3193145Z |■■■■■■■■■■■■■■■■■■■■■■■■■■■■■■■■■■■■■■■■■■■■■■■■■■■■■■■■■■■■■■■■                |  80% of 2.3 MiB
2026-10-04T07:23:59.3208924Z |■■■■■■■■■■■■■■■■■■■■■■■■■■■■■■■■■■■■■■■■■■■■■■■■■■■■■■■■■■■■■■■■■■■■■■■■        |  90% of 2.3 MiB
2026-10-04T07:23:59.3221945Z |■■■■■■■■■■■■■■■■■■■■■■■■■■■■■■■■■■■■■■■■■■■■■■■■■■■■■■■■■■■■■■■■■■■■■■■■■■■■■■■■| 100% of 2.3 MiB
2026-10-04T07:23:59.3844970Z FFmpeg (playwright ffmpeg v1011) downloaded to /home/runner/.cache/ms-playwright/ffmpeg-1011
2026-10-04T07:23:59.3849371Z Downloading Chrome Headless Shell 153.0.8010.12 (playwright chromium-headless-shell v1243) from https://cdn.playwright.dev/builds/cft/153.0.8010.12/linux64/chrome-headless-shell-linux64.zip
2026-10-04T07:23:59.7763592Z |                                                                                |   0% of 114.3 MiB
2026-10-04T07:23:59.9024719Z |■■■■■■■■                                                                        |  10% of 114.3 MiB
2026-10-04T07:23:59.9658474Z |■■■■■■■■■■■■■■■■                                                                |  20% of 114.3 MiB
2026-10-04T07:24:00.0171620Z |■■■■■■■■■■■■■■■■■■■■■■■■                                                        |  30% of 114.3 MiB
2026-10-04T07:24:00.0677943Z |■■■■■■■■■■■■■■■■■■■■■■■■■■■■■■■■                                                |  40% of 114.3 MiB
2026-10-04T07:24:00.1086182Z |■■■■■■■■■■■■■■■■■■■■■■■■■■■■■■■■■■■■■■■■                                        |  50% of 114.3 MiB
2026-10-04T07:24:00.1483860Z |■■■■■■■■■■■■■■■■■■■■■■■■■■■■■■■■■■■■■■■■■■■■■■■■                                |  60% of 114.3 MiB
2026-10-04T07:24:00.1913704Z |■■■■■■■■■■■■■■■■■■■■■■■■■■■■■■■■■■■■■■■■■■■■■■■■■■■■■■■■                        |  70% of 114.3 MiB
2026-10-04T07:24:00.2305395Z |■■■■■■■■■■■■■■■■■■■■■■■■■■■■■■■■■■■■■■■■■■■■■■■■■■■■■■■■■■■■■■■■                |  80% of 114.3 MiB
2026-10-04T07:24:00.2724458Z |■■■■■■■■■■■■■■■■■■■■■■■■■■■■■■■■■■■■■■■■■■■■■■■■■■■■■■■■■■■■■■■■■■■■■■■■        |  90% of 114.3 MiB
2026-10-04T07:24:00.3119158Z |■■■■■■■■■■■■■■■■■■■■■■■■■■■■■■■■■■■■■■■■■■■■■■■■■■■■■■■■■■■■■■■■■■■■■■■■■■■■■■■■| 100% of 114.3 MiB
2026-10-04T07:24:02.2804782Z Chrome Headless Shell 153.0.8010.12 (playwright chromium-headless-shell v1243) downloaded to /home/runner/.cache/ms-playwright/chromium_headless_shell-1243
2026-10-04T07:24:02.3110742Z ##[group]Run CF_STATEMENTS=0 TRANSLATE=0 node scripts/update-data.mjs
2026-10-04T07:24:02.3111328Z [36;1mCF_STATEMENTS=0 TRANSLATE=0 node scripts/update-data.mjs[0m
2026-10-04T07:24:02.3175893Z shell: /usr/bin/bash -e {0}
2026-10-04T07:24:02.3176213Z env:
2026-10-04T07:24:02.3179231Z   GITHUB_TOKEN: ***
2026-10-04T07:24:02.3179488Z ##[endgroup]
2026-10-04T07:24:02.4381477Z Discovering daily problem folders...
2026-10-04T07:24:03.1599072Z Found 813 days, syncing the most recent 813.
2026-10-04T07:24:03.5374858Z   2026-10-03: 2 problems
2026-10-04T07:24:03.5496876Z   2026-10-02: 2 problems
2026-10-04T07:24:03.5633967Z   2026-10-01: 2 problems
2026-10-04T07:24:03.5745261Z   2026-09-30: 2 problems
2026-10-04T07:24:03.5865743Z   2026-09-29: 2 problems
2026-10-04T07:24:03.5982906Z   2026-09-28: 2 problems
2026-10-04T07:24:03.6100896Z   2026-09-26: 2 problems
2026-10-04T07:24:03.6212685Z   2026-09-25: 2 problems
2026-10-04T07:24:03.6317674Z   2026-09-24: 2 problems
2026-10-04T07:24:03.6443936Z   2026-09-23: 2 problems
2026-10-04T07:24:03.6922433Z   2026-09-22: 2 problems
2026-10-04T07:24:03.7057621Z   2026-09-21: 2 problems
2026-10-04T07:24:03.7171371Z   2026-09-19: 2 problems
2026-10-04T07:24:03.7267900Z   2026-09-18: 2 problems
2026-10-04T07:24:03.7380240Z   2026-09-17: 2 problems
2026-10-04T07:24:03.7480848Z   2026-09-16: 2 problems
2026-10-04T07:24:03.7582666Z   2026-09-15: 2 problems
2026-10-04T07:24:03.7650612Z   2026-09-14: 2 problems
2026-10-04T07:24:03.7751059Z   2026-09-12: 2 problems
2026-10-04T07:24:03.7863545Z   2026-09-11: 2 problems
2026-10-04T07:24:03.7975130Z   2026-09-10: 2 problems
2026-10-04T07:24:03.8091176Z   2026-09-09: 2 problems
2026-10-04T07:24:03.8196961Z   2026-09-08: 2 problems
2026-10-04T07:24:03.8303097Z   2026-09-07: 2 problems
2026-10-04T07:24:03.8418194Z   2026-09-05: 2 problems
2026-10-04T07:24:03.8522040Z   2026-09-04: 2 problems
2026-10-04T07:24:03.8646085Z   2026-09-03: 2 problems
2026-10-04T07:24:03.8745839Z   2026-09-02: 2 problems
2026-10-04T07:24:03.8852694Z   2026-09-01: 2 problems
2026-10-04T07:24:03.8955003Z   2026-08-31: 2 problems
2026-10-04T07:24:03.9073017Z   2026-08-29: 2 problems
2026-10-04T07:24:03.9175505Z   2026-08-28: 2 problems
2026-10-04T07:24:03.9270105Z   2026-08-27: 2 problems
2026-10-04T07:24:03.9366479Z   2026-08-26: 2 problems
2026-10-04T07:24:03.9466940Z   2026-08-25: 2 problems
2026-10-04T07:24:03.9560213Z   2026-08-24: 2 problems
2026-10-04T07:24:03.9683872Z   2026-08-22: 2 problems
2026-10-04T07:24:03.9776022Z   2026-08-21: 2 problems
2026-10-04T07:24:03.9904187Z   2026-08-20: 2 problems
2026-10-04T07:24:04.0004412Z   2026-08-19: 2 problems
2026-10-04T07:24:04.0108214Z   2026-08-18: 2 problems
2026-10-04T07:24:04.0212432Z   2026-08-17: 2 problems
2026-10-04T07:24:04.0320068Z   2026-08-15: 2 problems
2026-10-04T07:24:04.0430145Z   2026-08-14: 2 problems
2026-10-04T07:24:04.0534126Z   2026-08-13: 2 problems
2026-10-04T07:24:04.0623819Z   2026-08-12: 2 problems
2026-10-04T07:24:04.0756775Z   2026-08-11: 2 problems
2026-10-04T07:24:04.0885532Z   2026-08-10: 2 problems
2026-10-04T07:24:04.0985415Z   2026-08-08: 2 problems
2026-10-04T07:24:04.1107190Z   2026-08-07: 2 problems
2026-10-04T07:24:04.1221981Z   2026-08-06: 2 problems
2026-10-04T07:24:04.1332916Z   2026-08-05: 2 problems
2026-10-04T07:24:04.1438166Z   2026-08-04: 2 problems
2026-10-04T07:24:04.1534211Z   2026-08-03: 2 problems
2026-10-04T07:24:04.1631290Z   2026-08-01: 2 problems
2026-10-04T07:24:04.1701433Z   2026-07-31: 2 problems
2026-10-04T07:24:04.1801076Z   2026-07-30: 2 problems
2026-10-04T07:24:04.1909481Z   2026-07-29: 2 problems
2026-10-04T07:24:04.2074979Z   2026-07-28: 2 problems
2026-10-04T07:24:04.2183642Z   2026-07-27: 2 problems
2026-10-04T07:24:04.2286545Z   2026-07-25: 2 problems
2026-10-04T07:24:04.2818530Z   2026-07-24: 2 problems
2026-10-04T07:24:04.2927199Z   2026-07-23: 2 problems
2026-10-04T07:24:04.3027991Z   2026-07-22: 2 problems
2026-10-04T07:24:04.3123571Z   2026-07-21: 2 problems
2026-10-04T07:24:04.3231992Z   2026-07-16: 2 problems
2026-10-04T07:24:04.3329035Z   2026-07-15: 2 problems
2026-10-04T07:24:04.3419770Z   2026-07-14: 2 problems
2026-10-04T07:24:04.3520492Z   2026-07-13: 2 problems
2026-10-04T07:24:04.3618334Z   2026-07-11: 2 problems
2026-10-04T07:24:04.3747045Z   2026-07-10: 2 problems
2026-10-04T07:24:04.3851680Z   2026-07-09: 2 problems
2026-10-04T07:24:04.3971233Z   2026-07-08: 2 problems
2026-10-04T07:24:04.4152481Z   2026-07-07: 2 problems
2026-10-04T07:24:04.4259355Z   2026-07-06: 2 problems
2026-10-04T07:24:04.4366727Z   2026-07-04: 2 problems
2026-10-04T07:24:04.4469336Z   2026-07-03: 2 problems
2026-10-04T07:24:04.4576017Z   2026-07-02: 2 problems
2026-10-04T07:24:04.4683988Z   2026-07-01: 2 problems
2026-10-04T07:24:04.4804947Z   2026-06-30: 2 problems
2026-10-04T07:24:04.4903955Z   2026-06-29: 2 problems
2026-10-04T07:24:04.5007717Z   2026-06-27: 2 problems
2026-10-04T07:24:04.5148259Z   2026-06-26: 2 problems
2026-10-04T07:24:04.5261310Z   2026-06-25: 2 problems
2026-10-04T07:24:04.5359465Z   2026-06-24: 2 problems
2026-10-04T07:24:04.5463146Z   2026-06-23: 2 problems
2026-10-04T07:24:04.5567948Z   2026-06-22: 2 problems
2026-10-04T07:24:04.5627866Z   2026-06-20: 1 problems
2026-10-04T07:24:04.5726914Z   2026-06-19: 2 problems
2026-10-04T07:24:04.5833219Z   2026-06-18: 2 problems
2026-10-04T07:24:04.5937486Z   2026-06-17: 2 problems
2026-10-04T07:24:04.6040217Z   2026-06-16: 2 problems
2026-10-04T07:24:04.6136641Z   2026-06-15: 2 problems
2026-10-04T07:24:04.6239936Z   2026-06-13: 2 problems
2026-10-04T07:24:04.6336162Z   2026-06-12: 2 problems
2026-10-04T07:24:04.6450957Z   2026-06-11: 2 problems
2026-10-04T07:24:04.6559519Z   2026-06-10: 2 problems
2026-10-04T07:24:04.6683401Z   2026-06-09: 2 problems
2026-10-04T07:24:04.6788919Z   2026-06-08: 2 problems
2026-10-04T07:24:04.6887430Z   2026-06-06: 2 problems
2026-10-04T07:24:04.6979702Z   2026-06-05: 2 problems
2026-10-04T07:24:04.7091287Z   2026-06-04: 2 problems
2026-10-04T07:24:04.7128177Z   2026-06-03: 2 problems
2026-10-04T07:24:04.7233211Z   2026-06-02: 2 problems
2026-10-04T07:24:04.7333749Z   2026-06-01: 2 problems
2026-10-04T07:24:04.7439629Z   2026-05-30: 2 problems
2026-10-04T07:24:04.7541964Z   2026-05-29: 2 problems
2026-10-04T07:24:04.7639699Z   2026-05-28: 2 problems
2026-10-04T07:24:04.7732065Z   2026-05-27: 2 problems
2026-10-04T07:24:04.7799676Z   2026-05-26: 2 problems
2026-10-04T07:24:04.7912643Z   2026-05-25: 2 problems
2026-10-04T07:24:04.8032051Z   2026-05-23: 2 problems
2026-10-04T07:24:04.8136350Z   2026-05-22: 2 problems
2026-10-04T07:24:04.8231573Z   2026-05-21: 2 problems
2026-10-04T07:24:04.8341223Z   2026-05-20: 2 problems
2026-10-04T07:24:04.8454274Z   2026-05-19: 2 problems
2026-10-04T07:24:04.8559939Z   2026-05-18: 2 problems
2026-10-04T07:24:04.8666776Z   2026-05-16: 2 problems
2026-10-04T07:24:04.8784103Z   2026-05-15: 2 problems
2026-10-04T07:24:04.8883393Z   2026-05-14: 2 problems
2026-10-04T07:24:04.8976677Z   2026-05-13: 2 problems
2026-10-04T07:24:04.9068896Z   2026-05-12: 2 problems
2026-10-04T07:24:04.9161941Z   2026-05-11: 2 problems
2026-10-04T07:24:04.9269645Z   2026-05-09: 2 problems
2026-10-04T07:24:04.9370392Z   2026-05-08: 2 problems
2026-10-04T07:24:04.9496633Z   2026-05-07: 2 problems
2026-10-04T07:24:04.9599300Z   2026-05-06: 2 problems
2026-10-04T07:24:04.9693350Z   2026-05-05: 2 problems
2026-10-04T07:24:04.9794439Z   2026-05-04: 2 problems
2026-10-04T07:24:04.9896215Z   2026-05-02: 2 problems
2026-10-04T07:24:04.9996683Z   2026-05-01: 2 problems
2026-10-04T07:24:05.0089619Z   2026-04-30: 2 problems
2026-10-04T07:24:05.0188470Z   2026-04-29: 2 problems
2026-10-04T07:24:05.0294357Z   2026-04-28: 2 problems
2026-10-04T07:24:05.0394604Z   2026-04-27: 2 problems
2026-10-04T07:24:05.0505319Z   2026-04-25: 2 problems
2026-10-04T07:24:05.0601902Z   2026-04-24: 2 problems
2026-10-04T07:24:05.0699073Z   2026-04-23: 2 problems
2026-10-04T07:24:05.0791976Z   2026-04-22: 2 problems
2026-10-04T07:24:05.0895603Z   2026-04-21: 2 problems
2026-10-04T07:24:05.0990650Z   2026-04-20: 2 problems
2026-10-04T07:24:05.1105552Z   2026-04-18: 2 problems
2026-10-04T07:24:05.1207021Z   2026-04-17: 2 problems
2026-10-04T07:24:05.1307042Z   2026-04-16: 2 problems
2026-10-04T07:24:05.1397959Z   2026-04-15: 2 problems
2026-10-04T07:24:05.1496748Z   2026-04-14: 2 problems
2026-10-04T07:24:05.1600043Z   2026-04-13: 2 problems
2026-10-04T07:24:05.1695854Z   2026-04-11: 2 problems
2026-10-04T07:24:05.1791359Z   2026-04-10: 2 problems
2026-10-04T07:24:05.1895841Z   2026-04-09: 2 problems
2026-10-04T07:24:05.1960434Z   2026-04-08: 2 problems
2026-10-04T07:24:05.2061211Z   2026-04-07: 2 problems
2026-10-04T07:24:05.2158041Z   2026-04-06: 2 problems
2026-10-04T07:24:05.2269724Z   2026-04-04: 2 problems
2026-10-04T07:24:05.2345109Z   2026-04-03: 2 problems
2026-10-04T07:24:05.2444490Z   2026-04-02: 2 problems
2026-10-04T07:24:05.2546284Z   2026-04-01: 2 problems
2026-10-04T07:24:05.2666057Z   2026-03-31: 2 problems
2026-10-04T07:24:05.2768403Z   2026-03-30: 2 problems
2026-10-04T07:24:05.2884681Z   2026-03-28: 2 problems
2026-10-04T07:24:05.2986176Z   2026-03-27: 2 problems
2026-10-04T07:24:05.3082483Z   2026-03-26: 2 problems
2026-10-04T07:24:05.3176588Z   2026-03-25: 2 problems
2026-10-04T07:24:05.3272707Z   2026-03-24: 2 problems
2026-10-04T07:24:05.3372061Z   2026-03-23: 2 problems
2026-10-04T07:24:05.3509765Z   2026-03-21: 2 problems
2026-10-04T07:24:05.3602027Z   2026-03-20: 2 problems
2026-10-04T07:24:05.3724459Z   2026-03-19: 2 problems
2026-10-04T07:24:05.3859893Z   2026-03-18: 2 problems
2026-10-04T07:24:05.3988712Z   2026-03-17: 2 problems
2026-10-04T07:24:05.4094985Z   2026-03-16: 2 problems
2026-10-04T07:24:05.4192847Z   2026-03-14: 2 problems
2026-10-04T07:24:05.4301165Z   2026-03-13: 2 problems
2026-10-04T07:24:05.4419648Z   2026-03-12: 2 problems
2026-10-04T07:24:05.4517711Z   2026-03-11: 2 problems
2026-10-04T07:24:05.4613576Z   2026-03-10: 2 problems
2026-10-04T07:24:05.4709389Z   2026-03-09: 2 problems
2026-10-04T07:24:05.4809370Z   2026-03-07: 2 problems
2026-10-04T07:24:05.4907252Z   2026-03-06: 2 problems
2026-10-04T07:24:05.5009207Z   2026-03-05: 2 problems
2026-10-04T07:24:05.5116123Z   2026-03-04: 2 problems
2026-10-04T07:24:05.5210508Z   2026-03-03: 2 problems
2026-10-04T07:24:05.5308849Z   2026-03-02: 2 problems
2026-10-04T07:24:05.5394792Z   2026-02-28: 2 problems
2026-10-04T07:24:05.5499604Z   2026-02-27: 2 problems
2026-10-04T07:24:05.5603329Z   2026-02-26: 2 problems
2026-10-04T07:24:05.5695160Z   2026-02-25: 2 problems
2026-10-04T07:24:05.5813268Z   2026-02-24: 2 problems
2026-10-04T07:24:05.5912900Z   2026-02-23: 2 problems
2026-10-04T07:24:05.6010420Z   2026-02-21: 2 problems
2026-10-04T07:24:05.6110976Z   2026-02-20: 2 problems
2026-10-04T07:24:05.6221312Z   2026-02-19: 2 problems
2026-10-04T07:24:05.6329121Z   2026-02-18: 2 problems
2026-10-04T07:24:05.6427930Z   2026-02-17: 2 problems
2026-10-04T07:24:05.6564378Z   2026-02-16: 2 problems
2026-10-04T07:24:05.6666680Z   2026-02-14: 2 problems
2026-10-04T07:24:05.6800474Z   2026-02-13: 2 problems
2026-10-04T07:24:05.6934798Z   2026-02-12: 2 problems
2026-10-04T07:24:05.7028040Z   2026-02-11: 2 problems
2026-10-04T07:24:05.7122906Z   2026-02-10: 2 problems
2026-10-04T07:24:05.7210357Z   2026-02-09: 2 problems
2026-10-04T07:24:05.7308595Z   2026-02-07: 2 problems
2026-10-04T07:24:05.7413546Z   2026-02-06: 2 problems
2026-10-04T07:24:05.7517341Z   2026-02-05: 2 problems
2026-10-04T07:24:05.7623283Z   2026-02-04: 2 problems
2026-10-04T07:24:05.7721389Z   2026-02-03: 2 problems
2026-10-04T07:24:05.7862759Z   2026-02-02: 2 problems
2026-10-04T07:24:05.7959830Z   2026-01-31: 2 problems
2026-10-04T07:24:05.8059051Z   2026-01-30: 2 problems
2026-10-04T07:24:05.8157581Z   2026-01-29: 2 problems
2026-10-04T07:24:05.8257044Z   2026-01-28: 2 problems
2026-10-04T07:24:05.8368137Z   2026-01-27: 2 problems
2026-10-04T07:24:05.8465445Z   2026-01-26: 2 problems
2026-10-04T07:24:05.8557637Z   2026-01-24: 2 problems
2026-10-04T07:24:05.8654434Z   2026-01-23: 2 problems
2026-10-04T07:24:05.8718900Z   2026-01-22: 2 problems
2026-10-04T07:24:05.8821443Z   2026-01-21: 2 problems
2026-10-04T07:24:05.8911116Z   2026-01-20: 2 problems
2026-10-04T07:24:05.9008071Z   2026-01-19: 2 problems
2026-10-04T07:24:05.9110336Z   2026-01-17: 2 problems
2026-10-04T07:24:05.9203309Z   2026-01-16: 2 problems
2026-10-04T07:24:05.9295641Z   2026-01-15: 2 problems
2026-10-04T07:24:05.9394079Z   2026-01-14: 2 problems
2026-10-04T07:24:05.9487523Z   2026-01-13: 2 problems
2026-10-04T07:24:05.9591225Z   2026-01-12: 2 problems
2026-10-04T07:24:05.9687355Z   2026-01-10: 2 problems
2026-10-04T07:24:05.9781184Z   2026-01-09: 2 problems
2026-10-04T07:24:05.9878333Z   2026-01-08: 2 problems
2026-10-04T07:24:05.9982084Z   2026-01-07: 2 problems
2026-10-04T07:24:06.0101552Z   2026-01-06: 2 problems
2026-10-04T07:24:06.0203517Z   2026-01-05: 2 problems
2026-10-04T07:24:06.0307834Z   2026-01-03: 2 problems
2026-10-04T07:24:06.0398847Z   2026-01-02: 2 problems
2026-10-04T07:24:06.0490315Z   2026-01-01: 2 problems
2026-10-04T07:24:06.0591105Z   2025-12-31: 2 problems
2026-10-04T07:24:06.0712079Z   2025-12-30: 2 problems
2026-10-04T07:24:06.0812020Z   2025-12-29: 2 problems
2026-10-04T07:24:06.0937375Z   2025-12-27: 2 problems
2026-10-04T07:24:06.1044933Z   2025-12-26: 2 problems
2026-10-04T07:24:06.1143182Z   2025-12-25: 2 problems
2026-10-04T07:24:06.1255213Z   2025-12-24: 2 problems
2026-10-04T07:24:06.1351378Z   2025-12-23: 2 problems
2026-10-04T07:24:06.1451283Z   2025-12-22: 2 problems
2026-10-04T07:24:06.1556419Z   2025-12-20: 2 problems
2026-10-04T07:24:06.1651029Z   2025-12-19: 2 problems
2026-10-04T07:24:06.1757524Z   2025-12-18: 2 problems
2026-10-04T07:24:06.1861228Z   2025-12-17: 2 problems
2026-10-04T07:24:06.1987393Z   2025-12-16: 2 problems
2026-10-04T07:24:06.2129046Z   2025-12-15: 2 problems
2026-10-04T07:24:06.2228053Z   2025-12-13: 2 problems
2026-10-04T07:24:06.2325185Z   2025-12-12: 2 problems
2026-10-04T07:24:06.2428856Z   2025-12-11: 2 problems
2026-10-04T07:24:06.2525805Z   2025-12-10: 2 problems
2026-10-04T07:24:06.2645516Z   2025-12-09: 2 problems
2026-10-04T07:24:06.2713810Z   2025-12-08: 2 problems
2026-10-04T07:24:06.2823288Z   2025-12-06: 2 problems
2026-10-04T07:24:06.2920810Z   2025-12-05: 2 problems
2026-10-04T07:24:06.3021417Z   2025-12-04: 2 problems
2026-10-04T07:24:06.3113732Z   2025-12-03: 2 problems
2026-10-04T07:24:06.3205578Z   2025-12-02: 2 problems
2026-10-04T07:24:06.3357451Z   2025-12-01: 2 problems
2026-10-04T07:24:06.3463300Z   2025-11-29: 2 problems
2026-10-04T07:24:06.3556646Z   2025-11-28: 2 problems
2026-10-04T07:24:06.3650122Z   2025-11-27: 2 problems
2026-10-04T07:24:06.3750561Z   2025-11-26: 2 problems
2026-10-04T07:24:06.3858437Z   2025-11-25: 2 problems
2026-10-04T07:24:06.3957154Z   2025-11-24: 2 problems
2026-10-04T07:24:06.4055255Z   2025-11-22: 2 problems
2026-10-04T07:24:06.4156168Z   2025-11-21: 2 problems
2026-10-04T07:24:06.4258712Z   2025-11-20: 2 problems
2026-10-04T07:24:06.4375750Z   2025-11-19: 2 problems
2026-10-04T07:24:06.4869467Z   2025-11-18: 2 problems
2026-10-04T07:24:06.4961557Z   2025-11-17: 2 problems
2026-10-04T07:24:06.5067173Z   2025-11-15: 2 problems
2026-10-04T07:24:06.5174350Z   2025-11-14: 2 problems
2026-10-04T07:24:06.5286218Z   2025-11-13: 2 problems
2026-10-04T07:24:06.5380080Z   2025-11-12: 2 problems
2026-10-04T07:24:06.5483674Z   2025-11-11: 2 problems
2026-10-04T07:24:06.5591102Z   2025-11-10: 2 problems
2026-10-04T07:24:06.5697215Z   2025-11-08: 2 problems
2026-10-04T07:24:06.5854761Z   2025-11-07: 2 problems
2026-10-04T07:24:06.5946932Z   2025-11-06: 2 problems
2026-10-04T07:24:06.6038567Z   2025-11-05: 2 problems
2026-10-04T07:24:06.6137807Z   2025-11-04: 2 problems
2026-10-04T07:24:06.6231624Z   2025-11-03: 2 problems
2026-10-04T07:24:06.6325202Z   2025-11-01: 2 problems
2026-10-04T07:24:06.6418538Z   2025-10-31: 2 problems
2026-10-04T07:24:06.6512873Z   2025-10-30: 2 problems
2026-10-04T07:24:06.6618846Z   2025-10-29: 2 problems
2026-10-04T07:24:06.6759073Z   2025-10-28: 2 problems
2026-10-04T07:24:06.6899694Z   2025-10-27: 2 problems
2026-10-04T07:24:06.7027600Z   2025-10-25: 2 problems
2026-10-04T07:24:06.7116790Z   2025-10-24: 2 problems
2026-10-04T07:24:06.7213115Z   2025-10-23: 2 problems
2026-10-04T07:24:06.7334568Z   2025-10-22: 2 problems
2026-10-04T07:24:06.7439510Z   2025-10-21: 2 problems
2026-10-04T07:24:06.7533409Z   2025-10-20: 2 problems
2026-10-04T07:24:06.7631305Z   2025-10-18: 2 problems
2026-10-04T07:24:06.7734610Z   2025-10-17: 2 problems
2026-10-04T07:24:06.7835666Z   2025-10-16: 2 problems
2026-10-04T07:24:06.7930748Z   2025-10-15: 2 problems
2026-10-04T07:24:06.8025194Z   2025-10-14: 2 problems
2026-10-04T07:24:06.8116943Z   2025-10-13: 2 problems
2026-10-04T07:24:06.8229665Z   2025-10-11: 2 problems
2026-10-04T07:24:06.8323385Z   2025-10-10: 2 problems
2026-10-04T07:24:06.8421166Z   2025-10-09: 2 problems
2026-10-04T07:24:06.8527075Z   2025-10-08: 2 problems
2026-10-04T07:24:06.8623617Z   2025-10-07: 2 problems
2026-10-04T07:24:06.9094617Z   2025-10-06: 2 problems
2026-10-04T07:24:06.9192136Z   2025-10-04: 2 problems
2026-10-04T07:24:06.9299826Z   2025-10-03: 2 problems
2026-10-04T07:24:06.9399047Z   2025-10-02: 2 problems
2026-10-04T07:24:06.9490924Z   2025-10-01: 2 problems
2026-10-04T07:24:06.9592296Z   2025-09-30: 2 problems
2026-10-04T07:24:06.9696954Z   2025-09-29: 2 problems
2026-10-04T07:24:06.9792759Z   2025-09-27: 2 problems
2026-10-04T07:24:06.9886042Z   2025-09-26: 2 problems
2026-10-04T07:24:07.0000849Z   2025-09-25: 2 problems
2026-10-04T07:24:07.0108831Z   2025-09-24: 2 problems
2026-10-04T07:24:07.0276388Z   2025-09-23: 2 problems
2026-10-04T07:24:07.0393732Z   2025-09-22: 2 problems
2026-10-04T07:24:07.0519279Z   2025-09-20: 2 problems
2026-10-04T07:24:07.0613996Z   2025-09-19: 2 problems
2026-10-04T07:24:07.0707870Z   2025-09-18: 2 problems
2026-10-04T07:24:07.0797545Z   2025-09-17: 2 problems
2026-10-04T07:24:07.0901717Z   2025-09-16: 2 problems
2026-10-04T07:24:07.1024580Z   2025-09-15: 2 problems
2026-10-04T07:24:07.1127762Z   2025-09-13: 2 problems
2026-10-04T07:24:07.1230309Z   2025-09-12: 2 problems
2026-10-04T07:24:07.1345164Z   2025-09-11: 2 problems
2026-10-04T07:24:07.1451121Z   2025-09-10: 2 problems
2026-10-04T07:24:07.1596557Z   2025-09-09: 2 problems
2026-10-04T07:24:07.1735175Z   2025-09-08: 2 problems
2026-10-04T07:24:07.1846364Z   2025-09-06: 2 problems
2026-10-04T07:24:07.1950916Z   2025-09-05: 2 problems
2026-10-04T07:24:07.2049895Z   2025-09-04: 2 problems
2026-10-04T07:24:07.2176247Z   2025-09-03: 2 problems
2026-10-04T07:24:07.2313151Z   2025-09-02: 2 problems
2026-10-04T07:24:07.2420948Z   2025-09-01: 2 problems
2026-10-04T07:24:07.2520126Z   2025-08-30: 2 problems
2026-10-04T07:24:07.2630997Z   2025-08-29: 2 problems
2026-10-04T07:24:07.2773499Z   2025-08-28: 2 problems
2026-10-04T07:24:07.2872958Z   2025-08-27: 2 problems
2026-10-04T07:24:07.2968447Z   2025-08-26: 2 problems
2026-10-04T07:24:07.3062867Z   2025-08-25: 2 problems
2026-10-04T07:24:07.3162927Z   2025-08-23: 2 problems
2026-10-04T07:24:07.3272727Z   2025-08-22: 2 problems
2026-10-04T07:24:07.3380468Z   2025-08-21: 2 problems
2026-10-04T07:24:07.3479218Z   2025-08-20: 2 problems
2026-10-04T07:24:07.3589985Z   2025-08-19: 2 problems
2026-10-04T07:24:07.3701030Z   2025-08-18: 2 problems
2026-10-04T07:24:07.3796002Z   2025-08-16: 2 problems
2026-10-04T07:24:07.3894058Z   2025-08-15: 2 problems
2026-10-04T07:24:07.4013097Z   2025-08-14: 2 problems
2026-10-04T07:24:07.4122354Z   2025-08-13: 2 problems
2026-10-04T07:24:07.4217998Z   2025-08-12: 2 problems
2026-10-04T07:24:07.4333125Z   2025-08-11: 2 problems
2026-10-04T07:24:07.4435538Z   2025-08-09: 2 problems
2026-10-04T07:24:07.4539561Z   2025-08-08: 2 problems
2026-10-04T07:24:07.4663743Z   2025-08-07: 2 problems
2026-10-04T07:24:07.4818857Z   2025-08-06: 2 problems
2026-10-04T07:24:07.4959216Z   2025-08-05: 2 problems
2026-10-04T07:24:07.5055831Z   2025-08-04: 2 problems
2026-10-04T07:24:07.5589478Z   2025-08-02: 2 problems
2026-10-04T07:24:07.5765684Z   2025-08-01: 2 problems
2026-10-04T07:24:07.5874849Z   2025-07-31: 2 problems
2026-10-04T07:24:07.5979516Z   2025-07-30: 2 problems
2026-10-04T07:24:07.6092823Z   2025-07-29: 2 problems
2026-10-04T07:24:07.6200419Z   2025-07-28: 2 problems
2026-10-04T07:24:07.6298477Z   2025-07-26: 2 problems
2026-10-04T07:24:07.6419059Z   2025-07-25: 2 problems
2026-10-04T07:24:07.6528537Z   2025-07-24: 2 problems
2026-10-04T07:24:07.6666883Z   2025-07-23: 2 problems
2026-10-04T07:24:07.7074658Z   2025-07-22: 2 problems
2026-10-04T07:24:07.7183882Z   2025-07-21: 2 problems
2026-10-04T07:24:07.7282030Z   2025-07-19: 2 problems
2026-10-04T07:24:07.7379300Z   2025-07-18: 2 problems
2026-10-04T07:24:07.7466076Z   2025-07-17: 2 problems
2026-10-04T07:24:07.7573479Z   2025-07-16: 2 problems
2026-10-04T07:24:07.7677152Z   2025-07-15: 2 problems
2026-10-04T07:24:07.7776003Z   2025-07-14: 2 problems
2026-10-04T07:24:07.7884873Z   2025-07-12: 2 problems
2026-10-04T07:24:07.7981568Z   2025-07-11: 2 problems
2026-10-04T07:24:07.8077121Z   2025-07-10: 2 problems
2026-10-04T07:24:07.8172259Z   2025-07-09: 2 problems
2026-10-04T07:24:07.8280875Z   2025-07-08: 2 problems
2026-10-04T07:24:07.8385497Z   2025-07-07: 2 problems
2026-10-04T07:24:07.8480115Z   2025-07-05: 2 problems
2026-10-04T07:24:07.8574614Z   2025-07-04: 2 problems
2026-10-04T07:24:07.8786208Z   2025-07-03: 2 problems
2026-10-04T07:24:07.9285854Z   2025-07-02: 2 problems
2026-10-04T07:24:07.9388818Z   2025-07-01: 2 problems
2026-10-04T07:24:07.9485414Z   2025-06-30: 2 problems
2026-10-04T07:24:07.9595454Z   2025-06-28: 2 problems
2026-10-04T07:24:07.9693926Z   2025-06-27: 2 problems
2026-10-04T07:24:07.9800633Z   2025-06-26: 2 problems
2026-10-04T07:24:07.9921489Z   2025-06-25: 2 problems
2026-10-04T07:24:08.0035566Z   2025-06-24: 2 problems
2026-10-04T07:24:08.0134538Z   2025-06-23: 2 problems
2026-10-04T07:24:08.0198789Z   2025-06-21: 2 problems
2026-10-04T07:24:08.0290802Z   2025-06-20: 2 problems
2026-10-04T07:24:08.0403066Z   2025-06-19: 2 problems
2026-10-04T07:24:08.0507039Z   2025-06-18: 2 problems
2026-10-04T07:24:08.0602076Z   2025-06-17: 2 problems
2026-10-04T07:24:08.0698856Z   2025-06-16: 2 problems
2026-10-04T07:24:08.0802599Z   2025-06-14: 2 problems
2026-10-04T07:24:08.0909147Z   2025-06-13: 2 problems
2026-10-04T07:24:08.1017443Z   2025-06-12: 2 problems
2026-10-04T07:24:08.1116416Z   2025-06-11: 2 problems
2026-10-04T07:24:08.1211172Z   2025-06-10: 2 problems
2026-10-04T07:24:08.1306333Z   2025-06-09: 2 problems
2026-10-04T07:24:08.1396347Z   2025-06-07: 2 problems
2026-10-04T07:24:08.1490507Z   2025-06-06: 2 problems
2026-10-04T07:24:08.1594557Z   2025-06-05: 2 problems
2026-10-04T07:24:08.1728004Z   2025-06-04: 2 problems
2026-10-04T07:24:08.1833028Z   2025-06-03: 2 problems
2026-10-04T07:24:08.1928950Z   2025-06-02: 2 problems
2026-10-04T07:24:08.2019355Z   2025-05-31: 2 problems
2026-10-04T07:24:08.2120624Z   2025-05-30: 2 problems
2026-10-04T07:24:08.2213816Z   2025-05-29: 2 problems
2026-10-04T07:24:08.2309208Z   2025-05-28: 2 problems
2026-10-04T07:24:08.2410947Z   2025-05-27: 2 problems
2026-10-04T07:24:08.2507679Z   2025-05-26: 2 problems
2026-10-04T07:24:08.2603660Z   2025-05-24: 2 problems
2026-10-04T07:24:08.2730824Z   2025-05-23: 2 problems
2026-10-04T07:24:08.2842677Z   2025-05-22: 2 problems
2026-10-04T07:24:08.2936606Z   2025-05-21: 2 problems
2026-10-04T07:24:08.3031782Z   2025-05-20: 2 problems
2026-10-04T07:24:08.3122458Z   2025-05-19: 2 problems
2026-10-04T07:24:08.3246170Z   2025-05-17: 2 problems
2026-10-04T07:24:08.3351007Z   2025-05-16: 2 problems
2026-10-04T07:24:08.3479540Z   2025-05-15: 2 problems
2026-10-04T07:24:08.3577987Z   2025-05-14: 2 problems
2026-10-04T07:24:08.3674294Z   2025-05-13: 2 problems
2026-10-04T07:24:08.3789099Z   2025-05-12: 2 problems
2026-10-04T07:24:08.3893924Z   2025-05-10: 2 problems
2026-10-04T07:24:08.3998637Z   2025-05-09: 2 problems
2026-10-04T07:24:08.4094623Z   2025-05-08: 2 problems
2026-10-04T07:24:08.4189050Z   2025-05-07: 2 problems
2026-10-04T07:24:08.4297447Z   2025-05-06: 2 problems
2026-10-04T07:24:08.4400121Z   2025-05-05: 2 problems
2026-10-04T07:24:08.4501295Z   2025-05-03: 2 problems
2026-10-04T07:24:08.4589420Z   2025-05-02: 2 problems
2026-10-04T07:24:08.4690414Z   2025-05-01: 2 problems
2026-10-04T07:24:08.4780294Z   2025-04-30: 2 problems
2026-10-04T07:24:08.4876214Z   2025-04-29: 2 problems
2026-10-04T07:24:08.4973368Z   2025-04-28: 2 problems
2026-10-04T07:24:08.5074243Z   2025-04-26: 2 problems
2026-10-04T07:24:08.5171558Z   2025-04-25: 2 problems
2026-10-04T07:24:08.5269735Z   2025-04-24: 2 problems
2026-10-04T07:24:08.5372060Z   2025-04-23: 2 problems
2026-10-04T07:24:08.5490772Z   2025-04-22: 2 problems
2026-10-04T07:24:08.5586141Z   2025-04-21: 2 problems
2026-10-04T07:24:08.5751546Z   2025-04-19: 2 problems
2026-10-04T07:24:08.5848878Z   2025-04-18: 2 problems
2026-10-04T07:24:08.5938839Z   2025-04-17: 2 problems
2026-10-04T07:24:08.6094315Z   2025-04-16: 2 problems
2026-10-04T07:24:08.6215685Z   2025-04-15: 2 problems
2026-10-04T07:24:08.6328865Z   2025-04-14: 2 problems
2026-10-04T07:24:08.6425921Z   2025-04-12: 2 problems
2026-10-04T07:24:08.6524627Z   2025-04-11: 2 problems
2026-10-04T07:24:08.6624175Z   2025-04-10: 2 problems
2026-10-04T07:24:08.6720969Z   2025-04-09: 2 problems
2026-10-04T07:24:08.6824428Z   2025-04-08: 2 problems
2026-10-04T07:24:08.6924841Z   2025-04-07: 2 problems
2026-10-04T07:24:08.7026538Z   2025-04-05: 2 problems
2026-10-04T07:24:08.7121136Z   2025-04-04: 2 problems
2026-10-04T07:24:08.7216943Z   2025-04-03: 2 problems
2026-10-04T07:24:08.7317144Z   2025-04-02: 2 problems
2026-10-04T07:24:08.7412184Z   2025-04-01: 2 problems
2026-10-04T07:24:08.7503312Z   2025-03-31: 2 problems
2026-10-04T07:24:08.7610345Z   2025-03-29: 2 problems
2026-10-04T07:24:08.7706926Z   2025-03-28: 2 problems
2026-10-04T07:24:08.7805260Z   2025-03-27: 2 problems
2026-10-04T07:24:08.7910953Z   2025-03-26: 2 problems
2026-10-04T07:24:08.8003419Z   2025-03-25: 2 problems
2026-10-04T07:24:08.8099723Z   2025-03-24: 2 problems
2026-10-04T07:24:08.8209341Z   2025-03-22: 2 problems
2026-10-04T07:24:08.8328302Z   2025-03-21: 2 problems
2026-10-04T07:24:08.8427745Z   2025-03-20: 2 problems
2026-10-04T07:24:08.8521161Z   2025-03-19: 2 problems
2026-10-04T07:24:08.8631733Z   2025-03-18: 2 problems
2026-10-04T07:24:08.8722237Z   2025-03-17: 2 problems
2026-10-04T07:24:08.8819053Z   2025-03-15: 2 problems
2026-10-04T07:24:08.8908908Z   2025-03-14: 2 problems
2026-10-04T07:24:08.9059616Z   2025-03-13: 2 problems
2026-10-04T07:24:08.9152502Z   2025-03-12: 2 problems
2026-10-04T07:24:08.9245398Z   2025-03-11: 2 problems
2026-10-04T07:24:08.9379349Z   2025-03-10: 2 problems
2026-10-04T07:24:08.9479940Z   2025-03-08: 2 problems
2026-10-04T07:24:08.9570713Z   2025-03-07: 2 problems
2026-10-04T07:24:08.9676311Z   2025-03-06: 2 problems
2026-10-04T07:24:08.9766166Z   2025-03-05: 2 problems
2026-10-04T07:24:08.9859603Z   2025-03-04: 2 problems
2026-10-04T07:24:08.9957576Z   2025-03-03: 2 problems
2026-10-04T07:24:09.0047917Z   2025-03-01: 2 problems
2026-10-04T07:24:09.0144636Z   2025-02-28: 2 problems
2026-10-04T07:24:09.0282513Z   2025-02-27: 2 problems
2026-10-04T07:24:09.0371379Z   2025-02-26: 2 problems
2026-10-04T07:24:09.0463352Z   2025-02-25: 2 problems
2026-10-04T07:24:09.0579066Z   2025-02-24: 2 problems
2026-10-04T07:24:09.0682882Z   2025-02-22: 2 problems
2026-10-04T07:24:09.0776320Z   2025-02-21: 2 problems
2026-10-04T07:24:09.0873318Z   2025-02-20: 2 problems
2026-10-04T07:24:09.1051817Z   2025-02-19: 2 problems
2026-10-04T07:24:09.1136047Z   2025-02-18: 2 problems
2026-10-04T07:24:09.1233336Z   2025-02-17: 2 problems
2026-10-04T07:24:09.1333019Z   2025-02-15: 2 problems
2026-10-04T07:24:09.1456530Z   2025-02-14: 2 problems
2026-10-04T07:24:09.1549824Z   2025-02-13: 2 problems
2026-10-04T07:24:09.1658880Z   2025-02-12: 2 problems
2026-10-04T07:24:09.1768773Z   2025-02-11: 2 problems
2026-10-04T07:24:09.2279343Z   2025-02-10: 2 problems
2026-10-04T07:24:09.2377876Z   2025-02-08: 2 problems
2026-10-04T07:24:09.2486531Z   2025-02-07: 2 problems
2026-10-04T07:24:09.2658074Z   2025-02-06: 2 problems
2026-10-04T07:24:09.2751302Z   2025-02-05: 2 problems
2026-10-04T07:24:09.2854016Z   2025-02-04: 2 problems
2026-10-04T07:24:09.2958462Z   2025-02-03: 2 problems
2026-10-04T07:24:09.3056298Z   2025-02-01: 2 problems
2026-10-04T07:24:09.3151528Z   2025-01-31: 2 problems
2026-10-04T07:24:09.3270328Z   2025-01-30: 2 problems
2026-10-04T07:24:09.3402756Z   2025-01-29: 2 problems
2026-10-04T07:24:09.3504831Z   2025-01-28: 2 problems
2026-10-04T07:24:09.3623627Z   2025-01-27: 2 problems
2026-10-04T07:24:09.3715639Z   2025-01-25: 2 problems
2026-10-04T07:24:09.3815942Z   2025-01-24: 2 problems
2026-10-04T07:24:09.3922710Z   2025-01-23: 2 problems
2026-10-04T07:24:09.4022904Z   2025-01-22: 2 problems
2026-10-04T07:24:09.4123410Z   2025-01-21: 2 problems
2026-10-04T07:24:09.4218723Z   2025-01-20: 2 problems
2026-10-04T07:24:09.4321522Z   2025-01-18: 2 problems
2026-10-04T07:24:09.4422488Z   2025-01-17: 2 problems
2026-10-04T07:24:09.4532409Z   2025-01-16: 2 problems
2026-10-04T07:24:09.4626519Z   2025-01-15: 2 problems
2026-10-04T07:24:09.4741856Z   2025-01-14: 2 problems
2026-10-04T07:24:09.4833790Z   2025-01-13: 2 problems
2026-10-04T07:24:09.4952022Z   2025-01-11: 2 problems
2026-10-04T07:24:09.5042341Z   2025-01-10: 2 problems
2026-10-04T07:24:09.5174701Z   2025-01-09: 2 problems
2026-10-04T07:24:09.5269236Z   2025-01-08: 2 problems
2026-10-04T07:24:09.5363467Z   2025-01-07: 2 problems
2026-10-04T07:24:09.5480416Z   2025-01-06: 2 problems
2026-10-04T07:24:09.5618902Z   2025-01-04: 2 problems
2026-10-04T07:24:09.5732592Z   2025-01-03: 2 problems
2026-10-04T07:24:09.5819995Z   2025-01-02: 2 problems
2026-10-04T07:24:09.5941398Z   2025-01-01: 2 problems
2026-10-04T07:24:09.6092897Z   2024-12-31: 2 problems
2026-10-04T07:24:09.6204144Z   2024-12-30: 2 problems
2026-10-04T07:24:09.6296419Z   2024-12-28: 2 problems
2026-10-04T07:24:09.6707668Z   2024-12-27: 2 problems
2026-10-04T07:24:09.6826662Z   2024-12-26: 2 problems
2026-10-04T07:24:09.6937323Z   2024-12-25: 2 problems
2026-10-04T07:24:09.7043939Z   2024-12-24: 2 problems
2026-10-04T07:24:09.7158017Z   2024-12-23: 2 problems
2026-10-04T07:24:09.7260758Z   2024-12-21: 2 problems
2026-10-04T07:24:09.7375701Z   2024-12-20: 2 problems
2026-10-04T07:24:09.7467627Z   2024-12-19: 2 problems
2026-10-04T07:24:09.7574000Z   2024-12-18: 2 problems
2026-10-04T07:24:09.7670189Z   2024-12-17: 2 problems
2026-10-04T07:24:09.7760031Z   2024-12-16: 2 problems
2026-10-04T07:24:09.7852034Z   2024-12-14: 2 problems
2026-10-04T07:24:09.7951357Z   2024-12-13: 2 problems
2026-10-04T07:24:09.8073749Z   2024-12-12: 2 problems
2026-10-04T07:24:09.8167943Z   2024-12-11: 2 problems
2026-10-04T07:24:09.8268039Z   2024-12-10: 2 problems
2026-10-04T07:24:09.8354767Z   2024-12-09: 2 problems
2026-10-04T07:24:09.8449918Z   2024-12-07: 2 problems
2026-10-04T07:24:09.8538199Z   2024-12-06: 2 problems
2026-10-04T07:24:09.8646011Z   2024-12-05: 2 problems
2026-10-04T07:24:09.8736299Z   2024-12-04: 2 problems
2026-10-04T07:24:09.8823709Z   2024-12-03: 2 problems
2026-10-04T07:24:09.8933439Z   2024-12-02: 2 problems
2026-10-04T07:24:09.9030632Z   2024-11-30: 2 problems
2026-10-04T07:24:09.9133338Z   2024-11-29: 2 problems
2026-10-04T07:24:09.9239021Z   2024-11-28: 2 problems
2026-10-04T07:24:09.9346183Z   2024-11-27: 2 problems
2026-10-04T07:24:09.9475419Z   2024-11-26: 2 problems
2026-10-04T07:24:09.9577836Z   2024-11-25: 2 problems
2026-10-04T07:24:09.9727319Z   2024-11-23: 2 problems
2026-10-04T07:24:09.9836873Z   2024-11-22: 2 problems
2026-10-04T07:24:09.9949813Z   2024-11-21: 2 problems
2026-10-04T07:24:10.0060583Z   2024-11-20: 2 problems
2026-10-04T07:24:10.0158900Z   2024-11-19: 2 problems
2026-10-04T07:24:10.0258840Z   2024-11-18: 2 problems
2026-10-04T07:24:10.0351787Z   2024-11-16: 2 problems
2026-10-04T07:24:10.0447236Z   2024-11-15: 2 problems
2026-10-04T07:24:10.0577675Z   2024-11-14: 2 problems
2026-10-04T07:24:10.0673801Z   2024-11-13: 2 problems
2026-10-04T07:24:10.0770811Z   2024-11-12: 2 problems
2026-10-04T07:24:10.0875669Z   2024-11-11: 2 problems
2026-10-04T07:24:10.0975585Z   2024-11-09: 2 problems
2026-10-04T07:24:10.1071393Z   2024-11-08: 2 problems
2026-10-04T07:24:10.1189478Z   2024-11-07: 2 problems
2026-10-04T07:24:10.1291081Z   2024-11-06: 2 problems
2026-10-04T07:24:10.1394766Z   2024-11-05: 2 problems
2026-10-04T07:24:10.1489468Z   2024-11-04: 2 problems
2026-10-04T07:24:10.1597145Z   2024-11-02: 2 problems
2026-10-04T07:24:10.1698285Z   2024-11-01: 2 problems
2026-10-04T07:24:10.1803496Z   2024-10-31: 2 problems
2026-10-04T07:24:10.1903564Z   2024-10-30: 2 problems
2026-10-04T07:24:10.1997690Z   2024-10-29: 2 problems
2026-10-04T07:24:10.2102207Z   2024-10-28: 2 problems
2026-10-04T07:24:10.2223221Z   2024-10-26: 2 problems
2026-10-04T07:24:10.2320281Z   2024-10-25: 2 problems
2026-10-04T07:24:10.2426427Z   2024-10-24: 2 problems
2026-10-04T07:24:10.2515609Z   2024-10-23: 2 problems
2026-10-04T07:24:10.2631257Z   2024-10-22: 2 problems
2026-10-04T07:24:10.2732071Z   2024-10-21: 2 problems
2026-10-04T07:24:10.2826998Z   2024-10-19: 2 problems
2026-10-04T07:24:10.2929171Z   2024-10-18: 2 problems
2026-10-04T07:24:10.3027543Z   2024-10-17: 2 problems
2026-10-04T07:24:10.3123451Z   2024-10-16: 2 problems
2026-10-04T07:24:10.3220121Z   2024-10-15: 2 problems
2026-10-04T07:24:10.3372554Z   2024-10-14: 2 problems
2026-10-04T07:24:10.3470286Z   2024-10-12: 2 problems
2026-10-04T07:24:10.3572016Z   2024-10-11: 2 problems
2026-10-04T07:24:10.3663044Z   2024-10-10: 2 problems
2026-10-04T07:24:10.3752169Z   2024-10-09: 2 problems
2026-10-04T07:24:10.3857771Z   2024-10-08: 2 problems
2026-10-04T07:24:10.3952311Z   2024-10-07: 2 problems
2026-10-04T07:24:10.4046467Z   2024-10-05: 2 problems
2026-10-04T07:24:10.4155783Z   2024-10-04: 2 problems
2026-10-04T07:24:10.4289262Z   2024-10-03: 2 problems
2026-10-04T07:24:10.4393720Z   2024-10-02: 2 problems
2026-10-04T07:24:10.4483393Z   2024-10-01: 2 problems
2026-10-04T07:24:10.4611429Z   2024-09-30: 2 problems
2026-10-04T07:24:10.4700291Z   2024-09-28: 2 problems
2026-10-04T07:24:10.4793250Z   2024-09-27: 2 problems
2026-10-04T07:24:10.4907342Z   2024-09-26: 2 problems
2026-10-04T07:24:10.4996707Z   2024-09-25: 2 problems
2026-10-04T07:24:10.5063077Z   2024-09-24: 2 problems
2026-10-04T07:24:10.5146340Z   2024-09-23: 2 problems
2026-10-04T07:24:10.5239828Z   2024-09-21: 2 problems
2026-10-04T07:24:10.5332395Z   2024-09-20: 2 problems
2026-10-04T07:24:10.5430174Z   2024-09-19: 2 problems
2026-10-04T07:24:10.5538928Z   2024-09-18: 2 problems
2026-10-04T07:24:10.5635844Z   2024-09-17: 2 problems
2026-10-04T07:24:10.5742568Z   2024-09-16: 2 problems
2026-10-04T07:24:10.6206930Z   2024-09-14: 2 problems
2026-10-04T07:24:10.6323683Z   2024-09-13: 2 problems
2026-10-04T07:24:10.6423494Z   2024-09-12: 2 problems
2026-10-04T07:24:10.6517841Z   2024-09-11: 2 problems
2026-10-04T07:24:10.6624002Z   2024-09-10: 2 problems
2026-10-04T07:24:10.6719132Z   2024-09-09: 2 problems
2026-10-04T07:24:10.6817435Z   2024-09-07: 2 problems
2026-10-04T07:24:10.6913345Z   2024-09-06: 2 problems
2026-10-04T07:24:10.7017315Z   2024-09-05: 2 problems
2026-10-04T07:24:10.7120824Z   2024-09-04: 2 problems
2026-10-04T07:24:10.7230465Z   2024-09-03: 2 problems
2026-10-04T07:24:10.7320412Z   2024-09-02: 2 problems
2026-10-04T07:24:10.7418706Z   2024-08-31: 2 problems
2026-10-04T07:24:10.7522940Z   2024-08-30: 2 problems
2026-10-04T07:24:10.7613504Z   2024-08-29: 2 problems
2026-10-04T07:24:10.7720048Z   2024-08-28: 2 problems
2026-10-04T07:24:10.7813723Z   2024-08-27: 2 problems
2026-10-04T07:24:10.7904393Z   2024-08-26: 2 problems
2026-10-04T07:24:10.8042386Z   2024-08-24: 2 problems
2026-10-04T07:24:10.8162413Z   2024-08-23: 2 problems
2026-10-04T07:24:10.8266568Z   2024-08-22: 2 problems
2026-10-04T07:24:10.8418573Z   2024-08-21: 2 problems
2026-10-04T07:24:10.8535239Z   2024-08-20: 2 problems
2026-10-04T07:24:10.8664495Z   2024-08-19: 2 problems
2026-10-04T07:24:10.8774335Z   2024-08-17: 2 problems
2026-10-04T07:24:10.8872007Z   2024-08-16: 2 problems
2026-10-04T07:24:10.8972262Z   2024-08-15: 2 problems
2026-10-04T07:24:10.9149605Z   2024-08-14: 2 problems
2026-10-04T07:24:10.9253048Z   2024-08-13: 2 problems
2026-10-04T07:24:10.9341975Z   2024-08-12: 2 problems
2026-10-04T07:24:10.9445405Z   2024-08-10: 2 problems
2026-10-04T07:24:10.9558106Z   2024-08-09: 2 problems
2026-10-04T07:24:10.9660650Z   2024-08-08: 2 problems
2026-10-04T07:24:10.9751291Z   2024-08-07: 2 problems
2026-10-04T07:24:10.9871972Z   2024-08-06: 2 problems
2026-10-04T07:24:10.9960964Z   2024-08-05: 2 problems
2026-10-04T07:24:11.0064879Z   2024-08-03: 2 problems
2026-10-04T07:24:11.0154798Z   2024-08-02: 2 problems
2026-10-04T07:24:11.0248594Z   2024-08-01: 2 problems
2026-10-04T07:24:11.0383713Z   2024-07-31: 2 problems
2026-10-04T07:24:11.0494901Z   2024-07-30: 2 problems
2026-10-04T07:24:11.0633412Z   2024-07-29: 2 problems
2026-10-04T07:24:11.0776131Z   2024-07-27: 2 problems
2026-10-04T07:24:11.1308434Z   2024-07-26: 2 problems
2026-10-04T07:24:11.1404114Z   2024-07-25: 2 problems
2026-10-04T07:24:11.1506124Z   2024-07-24: 2 problems
2026-10-04T07:24:11.1607397Z   2024-07-23: 2 problems
2026-10-04T07:24:11.1700220Z   2024-07-22: 2 problems
2026-10-04T07:24:11.1787587Z   2024-07-20: 2 problems
2026-10-04T07:24:11.1887940Z   2024-07-19: 2 problems
2026-10-04T07:24:11.1988827Z   2024-07-18: 2 problems
2026-10-04T07:24:11.2089566Z   2024-07-17: 2 problems
2026-10-04T07:24:11.2185341Z   2024-07-16: 2 problems
2026-10-04T07:24:11.2277554Z   2024-07-15: 2 problems
2026-10-04T07:24:11.2375179Z   2024-07-13: 2 problems
2026-10-04T07:24:11.2440862Z   2024-07-12: 2 problems
2026-10-04T07:24:11.2535999Z   2024-07-11: 2 problems
2026-10-04T07:24:11.2632966Z   2024-07-10: 2 problems
2026-10-04T07:24:11.2731981Z   2024-07-09: 2 problems
2026-10-04T07:24:11.2832961Z   2024-07-08: 2 problems
2026-10-04T07:24:11.2938890Z   2024-07-06: 2 problems
2026-10-04T07:24:11.3054287Z   2024-07-05: 2 problems
2026-10-04T07:24:11.3148972Z   2024-07-04: 2 problems
2026-10-04T07:24:11.3245653Z   2024-07-03: 2 problems
2026-10-04T07:24:11.3353445Z   2024-07-02: 2 problems
2026-10-04T07:24:11.3466894Z   2024-07-01: 2 problems
2026-10-04T07:24:11.3574989Z   2024-06-29: 2 problems
2026-10-04T07:24:11.3668234Z   2024-06-28: 2 problems
2026-10-04T07:24:11.3839445Z   2024-06-27: 2 problems
2026-10-04T07:24:11.3987380Z   2024-06-26: 2 problems
2026-10-04T07:24:11.4081206Z   2024-06-25: 2 problems
2026-10-04T07:24:11.4176096Z   2024-06-24: 2 problems
2026-10-04T07:24:11.4283304Z   2024-06-22: 2 problems
2026-10-04T07:24:11.4371964Z   2024-06-21: 2 problems
2026-10-04T07:24:11.4462855Z   2024-06-20: 2 problems
2026-10-04T07:24:11.4556524Z   2024-06-19: 2 problems
2026-10-04T07:24:11.4653968Z   2024-06-18: 2 problems
2026-10-04T07:24:11.4770104Z   2024-06-17: 2 problems
2026-10-04T07:24:11.4884174Z   2024-06-15: 2 problems
2026-10-04T07:24:11.4980103Z   2024-06-14: 2 problems
2026-10-04T07:24:11.5092344Z   2024-06-13: 2 problems
2026-10-04T07:24:11.5190832Z   2024-06-12: 2 problems
2026-10-04T07:24:11.5309215Z   2024-06-11: 2 problems
2026-10-04T07:24:11.5748813Z   2024-06-10: 2 problems
2026-10-04T07:24:11.5846348Z   2024-06-08: 2 problems
2026-10-04T07:24:11.5947506Z   2024-06-07: 2 problems
2026-10-04T07:24:11.6061571Z   2024-06-06: 2 problems
2026-10-04T07:24:11.6178708Z   2024-06-05: 2 problems
2026-10-04T07:24:11.6276285Z   2024-06-04: 2 problems
2026-10-04T07:24:11.6420706Z   2024-06-03: 2 problems
2026-10-04T07:24:11.6524670Z   2024-06-01: 2 problems
2026-10-04T07:24:11.6622527Z   2024-05-31: 2 problems
2026-10-04T07:24:11.6711934Z   2024-05-30: 2 problems
2026-10-04T07:24:11.6814221Z   2024-05-29: 2 problems
2026-10-04T07:24:11.6912367Z   2024-05-28: 2 problems
2026-10-04T07:24:11.7009323Z   2024-05-27: 2 problems
2026-10-04T07:24:11.7125145Z   2024-05-25: 2 problems
2026-10-04T07:24:11.7245651Z   2024-05-24: 2 problems
2026-10-04T07:24:11.7347489Z   2024-05-23: 2 problems
2026-10-04T07:24:11.7468912Z   2024-05-22: 2 problems
2026-10-04T07:24:11.7564607Z   2024-05-21: 2 problems
2026-10-04T07:24:11.7656800Z   2024-05-20: 2 problems
2026-10-04T07:24:11.8125755Z   2024-05-18: 2 problems
2026-10-04T07:24:11.8231091Z   2024-05-17: 2 problems
2026-10-04T07:24:11.8377100Z   2024-05-16: 2 problems
2026-10-04T07:24:11.8492617Z   2024-05-15: 2 problems
2026-10-04T07:24:11.8592884Z   2024-05-14: 2 problems
2026-10-04T07:24:11.8686480Z   2024-05-13: 2 problems
2026-10-04T07:24:11.8787872Z   2024-05-11: 2 problems
2026-10-04T07:24:11.8887917Z   2024-05-10: 2 problems
2026-10-04T07:24:11.9039876Z   2024-05-09: 2 problems
2026-10-04T07:24:11.9081018Z   2024-05-08: 2 problems
2026-10-04T07:24:11.9181559Z   2024-05-07: 2 problems
2026-10-04T07:24:11.9314952Z   2024-05-06: 2 problems
2026-10-04T07:24:11.9406874Z   2024-05-04: 2 problems
2026-10-04T07:24:11.9504636Z   2024-05-03: 2 problems
2026-10-04T07:24:11.9601788Z   2024-05-02: 2 problems
2026-10-04T07:24:12.0230098Z   2024-05-01: 2 problems
2026-10-04T07:24:12.0338919Z   2024-04-30: 2 problems
2026-10-04T07:24:12.0440024Z   2024-04-29: 2 problems
2026-10-04T07:24:12.0653591Z   2024-04-27: 2 problems
2026-10-04T07:24:12.0742059Z   2024-04-26: 2 problems
2026-10-04T07:24:12.0838853Z   2024-04-25: 2 problems
2026-10-04T07:24:12.0947534Z   2024-04-24: 2 problems
2026-10-04T07:24:12.1054155Z   2024-04-23: 2 problems
2026-10-04T07:24:12.1147820Z   2024-04-22: 2 problems
2026-10-04T07:24:12.1263712Z   2024-04-20: 2 problems
2026-10-04T07:24:12.1378996Z   2024-04-19: 2 problems
2026-10-04T07:24:12.1475652Z   2024-04-18: 2 problems
2026-10-04T07:24:12.1585771Z   2024-04-17: 2 problems
2026-10-04T07:24:12.1681263Z   2024-04-16: 2 problems
2026-10-04T07:24:12.1785798Z   2024-04-15: 2 problems
2026-10-04T07:24:12.1902171Z   2024-04-13: 2 problems
2026-10-04T07:24:12.2006942Z   2024-04-12: 2 problems
2026-10-04T07:24:12.2138834Z   2024-04-11: 2 problems
2026-10-04T07:24:12.2242448Z   2024-04-10: 2 problems
2026-10-04T07:24:12.2382076Z   2024-04-09: 2 problems
2026-10-04T07:24:12.2490943Z   2024-04-08: 2 problems
2026-10-04T07:24:12.2600044Z   2024-04-06: 2 problems
2026-10-04T07:24:12.2698270Z   2024-04-05: 2 problems
2026-10-04T07:24:12.2795483Z   2024-04-04: 2 problems
2026-10-04T07:24:12.2895651Z   2024-04-03: 2 problems
2026-10-04T07:24:12.2990112Z   2024-04-02: 2 problems
2026-10-04T07:24:12.3095854Z   2024-04-01: 2 problems
2026-10-04T07:24:12.3187821Z   2024-03-30: 2 problems
2026-10-04T07:24:12.3301912Z   2024-03-29: 2 problems
2026-10-04T07:24:12.3416737Z   2024-03-28: 2 problems
2026-10-04T07:24:12.3511779Z   2024-03-27: 2 problems
2026-10-04T07:24:12.3626451Z   2024-03-26: 2 problems
2026-10-04T07:24:12.3743846Z   2024-03-25: 2 problems
2026-10-04T07:24:12.3845255Z   2024-03-23: 2 problems
2026-10-04T07:24:12.3953593Z   2024-03-22: 2 problems
2026-10-04T07:24:12.4059913Z   2024-03-21: 2 problems
2026-10-04T07:24:12.4153151Z   2024-03-20: 2 problems
2026-10-04T07:24:12.4245238Z   2024-03-19: 2 problems
2026-10-04T07:24:12.4340474Z   2024-03-18: 2 problems
2026-10-04T07:24:12.4435358Z   2024-03-16: 2 problems
2026-10-04T07:24:12.4535353Z   2024-03-15: 2 problems
2026-10-04T07:24:12.4643349Z   2024-03-14: 2 problems
2026-10-04T07:24:12.4755199Z   2024-03-13: 2 problems
2026-10-04T07:24:12.4851194Z   2024-03-12: 2 problems
2026-10-04T07:24:12.4955964Z   2024-03-11: 2 problems
2026-10-04T07:24:12.5077394Z   2024-03-09: 2 problems
2026-10-04T07:24:12.6013310Z   2024-03-08: 2 problems
2026-10-04T07:24:12.6115503Z   2024-03-07: 2 problems
2026-10-04T07:24:12.6218820Z   2024-03-06: 2 problems
2026-10-04T07:24:12.6315549Z   2024-03-05: 2 problems
2026-10-04T07:24:12.6403158Z   2024-03-04: 2 problems
2026-10-04T07:24:12.6494322Z   2024-03-02: 2 problems
2026-10-04T07:24:12.6634326Z   2024-03-01: 2 problems
2026-10-04T07:24:12.6761660Z   2024-02-29: 2 problems
2026-10-04T07:24:12.6865253Z   2024-02-28: 2 problems
2026-10-04T07:24:12.6977230Z   2024-02-27: 2 problems
2026-10-04T07:24:12.7071079Z   2024-02-26: 2 problems
2026-10-04T07:24:12.7072094Z Building categories...
2026-10-04T07:24:13.0104805Z Wrote /home/runner/work/ys_problem_web/ys_problem_web/data/daily.json (813 days, 21 categories).
2026-10-04T07:24:13.0105759Z Syncing leaderboard (records.js from gh-pages)...
2026-10-04T07:24:13.0282335Z   ✓ 361 players, data through 2026-10-02
2026-10-04T07:24:13.0586961Z ##[group]Run xvfb-run -a node scripts/fetch-statements.mjs --limit 4 --delay 6000
2026-10-04T07:24:13.0587582Z [36;1mxvfb-run -a node scripts/fetch-statements.mjs --limit 4 --delay 6000[0m
2026-10-04T07:24:13.0649450Z shell: /usr/bin/bash -e {0}
2026-10-04T07:24:13.0649725Z env:
2026-10-04T07:24:13.0649929Z   CF_START_MODE: chrome-headful
2026-10-04T07:24:13.0650181Z ##[endgroup]
2026-10-04T07:24:13.5806382Z Statements on disk: 1597; missing in archive: 26; needs limits: 0; fetching: 4
2026-10-04T07:24:24.3206082Z   [1/4] ✗ GYM106259I — fetch/parse failed
2026-10-04T07:24:31.2264845Z   2 consecutive failures — cooling down 240s…
2026-10-04T07:28:32.3790021Z   [2/4] ✗ GYM105746C — fetch/parse failed
2026-10-04T07:28:49.5507956Z   [3/4] ✗ GYM106225C — fetch/parse failed
2026-10-04T07:29:05.9101590Z   2 consecutive failures — cooling down 240s…
2026-10-04T07:33:14.8247892Z   [4/4] ✗ GYM103575B — fetch/parse failed
2026-10-04T07:33:14.9172647Z 
2026-10-04T07:33:14.9174995Z Done: 0 saved, 4 failed.
2026-10-04T07:33:14.9175414Z Failed codes (rerun this script to retry):
2026-10-04T07:33:14.9175906Z   GYM106259I, GYM105746C, GYM106225C, GYM103575B
2026-10-04T07:33:15.0372942Z ##[group]Run node scripts/translate-ai.mjs
2026-10-04T07:33:15.0373328Z [36;1mnode scripts/translate-ai.mjs[0m
2026-10-04T07:33:15.0435943Z shell: /usr/bin/bash -e {0}
2026-10-04T07:33:15.0436214Z env:
2026-10-04T07:33:15.0436597Z   AI_BASE_URL: ***
2026-10-04T07:33:15.0436941Z   AI_API_KEY: ***
2026-10-04T07:33:15.0437173Z   AI_MODEL: deepseek-v4-flash
2026-10-04T07:33:15.0437424Z   AI_TRANSLATE_LIMIT: 60
2026-10-04T07:33:15.0437681Z ##[endgroup]
2026-10-04T07:33:15.0804300Z (node:3718) [MODULE_TYPELESS_PACKAGE_JSON] Warning: Module type of file:///home/runner/work/ys_problem_web/ys_problem_web/lib/mt-protect.js is not specified and it doesn't parse as CommonJS.
2026-10-04T07:33:15.0806349Z Reparsing as ES module because module syntax was detected. This incurs a performance overhead.
2026-10-04T07:33:15.0807591Z To eliminate this warning, add "type": "module" to /home/runner/work/ys_problem_web/ys_problem_web/package.json.
2026-10-04T07:33:15.0808850Z (Use `node --trace-warnings ...` to show where the warning was created)
2026-10-04T07:33:15.1752513Z GYM106722D: 12 segment(s) to translate
2026-10-04T07:33:20.7841346Z   ✓ input[10]: 在 C++ 中使用 "fflush(stdout)" 或 "cout.flush()"；…
2026-10-04T07:33:24.9831875Z   ✓ input[11]: "System.out.flush()" 在 Java 中；…
2026-10-04T07:33:30.5131854Z   ✓ input[12]: "flush(output)" 在 Pascal 中；…
2026-10-04T07:33:37.9031681Z   ✓ input[13]: Python 中的 "stdout.flush()"。…
2026-10-04T07:33:42.4004433Z   ✓ input[14]: 交互器是自适应的。这意味着函数图不一定在交互开始前就固定。相反，交互器可以根据你的程序发出的询问…
2026-10-04T07:33:46.9145806Z   ✓ note[0]: 本例的函数图如下所示：…
2026-10-04T07:33:50.8636661Z   ✓ note[1]: 你发送的内容为空(只有 `![](https://espresso.codeforces.com…
2026-10-04T07:33:56.6082193Z   ✓ note[2]: 对于第一个提示，"? 4 3"，从顶点 $$$4$$$ 出发走 $$$3$$$ 步会访问顶点 $…
2026-10-04T07:34:00.9778576Z   ✓ note[3]: 对于第二个提示，“? 4 4”，访问过的顶点是 $$$4, 1, 2, 3, 1$$$。顶点 $…
2026-10-04T07:34:06.4154960Z   ✓ note[4]: 对于第三个提示 "? 1 2"，访问过的顶点为 $$$1, 2, 3$$$。由于它们互不相同，答…
2026-10-04T07:34:10.8632077Z   ✓ note[5]: 对于第四个提示“? 1 3”，访问过的顶点是$$$1, 2, 3, 1$$$。顶点$$$1$$$…
2026-10-04T07:34:16.8532287Z   ✓ note[6]: 最后，属于唯一有向环的顶点是 $$$1$$$、$$$2$$$ 和 $$$3$$$。因此，一个合法…
2026-10-04T07:34:17.1550384Z GYM106721I: 13 segment(s) to translate
2026-10-04T07:34:49.7347816Z   ✓ title[0]: I. 你最好的美国多边形…
2026-10-04T07:34:56.7389230Z   ✓ legend[0]: 你正在假期里放松，模拟 div 和玩 lol，这时 Nijika 问了你一个奇怪的问题。…
2026-10-04T07:35:03.7310130Z   ✓ legend[1]: 假设一个形状为凸多边形的岛屿使用半径为 $$$r$$$ 的圆盘进行形态学膨胀(从而在所有方向上均…
2026-10-04T07:35:09.5295752Z   ✓ legend[2]: 形式化地说，要求你求出最小半径 $$$r$$$，使得多边形 $$$P$$$ 与半径为 $$$r$…
2026-10-04T07:35:14.3572674Z   ✓ legend[3]: 你脑海中闪过的第一个念头是：“我被邀请到这座岛上了吗？”…
2026-10-04T07:35:20.0494376Z   ✓ legend[4]: 答案是响亮的“不”（兄弟？）。现在，帮 Nijika 完成她的作业吧。…
2026-10-04T07:35:23.6752887Z   ✓ legend[5]: ![](https://espresso.codeforces.com/54f3395042a4…
2026-10-04T07:35:26.8360313Z   ✓ input[0]: 第一行包含一个整数 $$$t$$$ $$$(1 \leq t \leq 10^4)$$$ —— …
2026-10-04T07:35:32.6477634Z   ✓ input[1]: 每个测试用例的第一行包含两个整数 $$$n$$$ 和 $$$k$$$ $$$(3 \leq n …
2026-10-04T07:35:36.7072351Z   ✓ input[2]: 以下 $$$n$$$ 行每行包含两个整数 $$$x_i$$$ 和 $$$y_i$$$ $$$( …
2026-10-04T07:35:41.1849107Z   ✓ input[3]: 输入的附加限制：…
2026-10-04T07:35:45.1878249Z   ✓ input[4]: 在单个测试用例中，所有点两两不同。所有测试用例中点的总数不超过 $$$2 \cdot 10^5$…
2026-10-04T07:35:50.9664110Z   ✓ output[0]: 对于每个测试用例，输出一个数，表示 poly-p 到达区域 $$$k_i$$$ 的时间。如果你的…
2026-10-04T07:35:51.2673580Z GYM101061F: 15 segment(s) to translate
2026-10-04T07:35:55.0142574Z   ✓ title[0]: F. 公平…
2026-10-04T07:36:00.8569298Z   ✓ legend[0]: 德维克和他的兄弟萨米尔都获得了印度一所著名大学的奖学金。他们的父亲贝舍尔想让他们每人带一些钱。…
2026-10-04T07:36:07.5368575Z   ✓ legend[1]: Bes 有 n 枚硬币，第 i 枚硬币的价值为 a_i。他将分 n 步把这些硬币分给他的两个孩子…
2026-10-04T07:36:15.1687378Z   ✓ legend[2]: 设 xi 为第 i 步之后 Dwik 和 Samir 的硬币总和之差的绝对值。一个分配方案的不公…
2026-10-04T07:36:19.0700370Z   ✓ input[0]: 输入的第一行包含一个整数 t，表示测试用例的数量。每个测试用例包含 2 行：…
2026-10-04T07:36:23.5202437Z   ✓ input[1]: 第一行包含一个整数 n（1 ≤ n ≤ 100）。…
2026-10-04T07:36:26.7585384Z   ✓ input[2]: 第二行包含 n 个整数 a1, a2, ..., an (1 ≤ ai ≤ 100)。…
2026-10-04T07:36:32.3107178Z   ✓ output[0]: 输出 t 行，第 i 行包含一个整数，表示第 i 个测试用例的答案。…
2026-10-04T07:36:37.0608461Z   ✓ note[0]: 在第一个样例中，besher 有 5 枚硬币 (1, 2, 1, 4, 3)，他可以按以下方式分…
2026-10-04T07:36:41.9189841Z   ✓ note[1]: 第一步：将第一枚硬币给 dwik，d = 1，s = 0  x1 = |1 - 0| = 1…
2026-10-04T07:36:48.7274396Z   ✓ note[2]: 第 2 步：将第二枚硬币给 samir，d = 1，s = 2  x2 = |1 - 2| = …
2026-10-04T07:36:52.3655759Z   ✓ note[3]: 第 3 步：把第三枚硬币给 samir，d = 1，s = 3  x3 = |1 - 3| = …
2026-10-04T07:36:56.3691316Z   ✓ note[4]: 第4步：把第四枚硬币给 dwik，d = 5，s = 3  x4 = |5 - 3| = 2…
2026-10-04T07:36:59.9821976Z   ✓ note[5]: 第 5 步：把第 5 枚硬币给 samir，d = 5，s = 6  x5 = |5 - 6| …
2026-10-04T07:37:03.4635436Z   ✓ note[6]: max({x1, x2, x3, x4, x5}) = 2…
2026-10-04T07:37:03.7643317Z GYM106718C: 14 segment(s) to translate
2026-10-04T07:37:11.4485482Z   ✓ title[0]: C. 健身房姐妹…
2026-10-04T07:37:18.2716670Z   ✓ legend[0]: Celi 和 Itzel 决定开始她们的健身之旅。她们买了配套运动服和潮流水瓶，但请不起私人教练…
2026-10-04T07:37:22.6306516Z   ✓ legend[1]: 根据艾米丽教练的理念：…
2026-10-04T07:37:27.5341429Z   ✓ legend[2]: 有 $$$N$$$ 道不同的练习题，编号从 $$$1$$$ 到 $$$N$$$。…
2026-10-04T07:37:32.0382455Z   ✓ legend[3]: 在 $$$Z$$$ 个训练日中的每一天，Celi 和 Itzel 可以选择正好完成一项锻炼，或者…
2026-10-04T07:37:47.6301971Z   ✓ legend[4]: 如果他们选择在同一项锻炼的连续记录的第 $$$c$$$ 天进行锻炼 $$$i$$$：如果 $$$…
2026-10-04T07:37:56.2614024Z   ✓ legend[5]: 如果 $$$c  \gt  d_i$$$：他们获得 $$$+(k_i - x_i)$$$ 点气场…
2026-10-04T07:38:01.8950899Z   ✓ legend[6]: 如果他们选择休息，他们会获得 $$$0$$$ 点光环点数，且任何当前的连续记录都会重置为 $$$…
2026-10-04T07:38:06.6867299Z   ✓ legend[7]: 如果他们从练习 $$$i$$$ 切换到另一个练习 $$$j \ne i$$$，那么练习 $$$j…
2026-10-04T07:38:13.3647355Z   ✓ legend[8]: 初始时(第 1 天之前)，他们没有活跃连胜。Celi 和 Itzel 想知道，如果他们最优地选择…
2026-10-04T07:38:17.5889787Z   ✓ input[0]: 第一行包含两个整数 $$$N$$$ 和 $$$Z$$$($$$1 \le N \le 1000$…
2026-10-04T07:38:29.1441990Z   ✓ input[1]: 接下来的 $$$N$$$ 行描述这些练习。第 $$$i$$$ 行包含三个整数 $$$k_i$$$…
2026-10-04T07:38:32.9132506Z   ✓ input[2]: 保证 $$$\sum_{i=1}^N d_i \le 5000$$$。…
2026-10-04T07:38:36.8384165Z   ✓ output[0]: 输出一个整数：Celi 和 Itzel 在 $$$Z$$$ 个训练日内最多能积累的光环点数。…
2026-10-04T07:38:37.1393388Z GYM106235A: 9 segment(s) to translate
2026-10-04T07:38:41.1948955Z   ✓ title[0]: A. 运动员…
2026-10-04T07:38:52.6792869Z   ✓ legend[0]: 你是一场将有 $$$k$$$ 名运动员参加的大型锦标赛的主办者。你认识 $$$n$$$ 名运动员…
2026-10-04T07:38:57.3419136Z   ✓ legend[1]: 锦标赛按如下方式进行：只要还剩至少两名选手，就从未被淘汰的选手中随机选择两名组成一对，胜者留在锦…
2026-10-04T07:39:03.8564808Z   ✓ legend[2]: 为了让锦标赛尽可能精彩且难以预测，你想邀请恰好 $$$k$$$ 名运动员，使得冠军不是预先确定的…
2026-10-04T07:39:08.8731356Z   ✓ legend[3]: 在最终确定锦标赛阵容之前，你想确定有多少个恰好由 $$$k$$$ 名运动员组成的合适集合。…
2026-10-04T07:39:12.3828871Z   ✓ input[0]: 第一行包含两个整数 $$$n$$$ 和 $$$k$$$($$$1 \le k \le n \le…
2026-10-04T07:39:12.6843976Z Done: 60 segment(s) translated (hit limit 60).
2026-10-04T07:39:12.6969406Z ##[group]Run CF_STATEMENTS=0 TRANSLATE=0 node scripts/update-data.mjs
2026-10-04T07:39:12.6969949Z [36;1mCF_STATEMENTS=0 TRANSLATE=0 node scripts/update-data.mjs[0m
2026-10-04T07:39:12.7032181Z shell: /usr/bin/bash -e {0}
2026-10-04T07:39:12.7032445Z env:
2026-10-04T07:39:12.7034986Z   GITHUB_TOKEN: ***
2026-10-04T07:39:12.7035225Z ##[endgroup]
2026-10-04T07:39:12.8276959Z Discovering daily problem folders...
2026-10-04T07:39:13.5654159Z Found 813 days, syncing the most recent 813.
2026-10-04T07:39:14.0576781Z   2026-10-03: 2 problems
2026-10-04T07:39:14.1786310Z   2026-10-02: 2 problems
2026-10-04T07:39:14.2923233Z   2026-10-01: 2 problems
2026-10-04T07:39:14.4150084Z   2026-09-30: 2 problems
2026-10-04T07:39:14.5225123Z   2026-09-29: 2 problems
2026-10-04T07:39:14.6204169Z   2026-09-28: 2 problems
2026-10-04T07:39:14.7246419Z   2026-09-26: 2 problems
2026-10-04T07:39:14.8341903Z   2026-09-25: 2 problems
2026-10-04T07:39:14.9768476Z   2026-09-24: 2 problems
2026-10-04T07:39:15.0828380Z   2026-09-23: 2 problems
2026-10-04T07:39:15.2135124Z   2026-09-22: 2 problems
2026-10-04T07:39:15.3218258Z   2026-09-21: 2 problems
2026-10-04T07:39:15.4294667Z   2026-09-19: 2 problems
2026-10-04T07:39:15.5720439Z   2026-09-18: 2 problems
2026-10-04T07:39:15.6785128Z   2026-09-17: 2 problems
2026-10-04T07:39:15.8054988Z   2026-09-16: 2 problems
2026-10-04T07:39:15.9290841Z   2026-09-15: 2 problems
2026-10-04T07:39:16.0239607Z   2026-09-14: 2 problems
2026-10-04T07:39:16.1501952Z   2026-09-12: 2 problems
2026-10-04T07:39:16.2708703Z   2026-09-11: 2 problems
2026-10-04T07:39:16.3879431Z   2026-09-10: 2 problems
2026-10-04T07:39:16.4978042Z   2026-09-09: 2 problems
2026-10-04T07:39:16.6164078Z   2026-09-08: 2 problems
2026-10-04T07:39:16.7321352Z   2026-09-07: 2 problems
2026-10-04T07:39:16.8735093Z   2026-09-05: 2 problems
2026-10-04T07:39:17.0077443Z   2026-09-04: 2 problems
2026-10-04T07:39:17.1204174Z   2026-09-03: 2 problems
2026-10-04T07:39:17.2431865Z   2026-09-02: 2 problems
2026-10-04T07:39:17.3726194Z   2026-09-01: 2 problems
2026-10-04T07:39:17.4766742Z   2026-08-31: 2 problems
2026-10-04T07:39:17.6103761Z   2026-08-29: 2 problems
2026-10-04T07:39:17.7238717Z   2026-08-28: 2 problems
2026-10-04T07:39:17.8254940Z   2026-08-27: 2 problems
2026-10-04T07:39:17.9287840Z   2026-08-26: 2 problems
2026-10-04T07:39:18.0186641Z   2026-08-25: 2 problems
2026-10-04T07:39:18.1462427Z   2026-08-24: 2 problems
2026-10-04T07:39:18.2402497Z   2026-08-22: 2 problems
2026-10-04T07:39:18.3360744Z   2026-08-21: 2 problems
2026-10-04T07:39:18.4426614Z   2026-08-20: 2 problems
2026-10-04T07:39:18.5674991Z   2026-08-19: 2 problems
2026-10-04T07:39:18.6713560Z   2026-08-18: 2 problems
2026-10-04T07:39:18.7930643Z   2026-08-17: 2 problems
2026-10-04T07:39:18.9020923Z   2026-08-15: 2 problems
2026-10-04T07:39:19.0223276Z   2026-08-14: 2 problems
2026-10-04T07:39:19.1177295Z   2026-08-13: 2 problems
2026-10-04T07:39:19.2313489Z   2026-08-12: 2 problems
2026-10-04T07:39:19.3421800Z   2026-08-11: 2 problems
2026-10-04T07:39:19.4746009Z   2026-08-10: 2 problems
2026-10-04T07:39:19.6059612Z   2026-08-08: 2 problems
2026-10-04T07:39:19.7175296Z   2026-08-07: 2 problems
2026-10-04T07:39:19.8351918Z   2026-08-06: 2 problems
2026-10-04T07:39:19.9446111Z   2026-08-05: 2 problems
2026-10-04T07:39:20.0737243Z   2026-08-04: 2 problems
2026-10-04T07:39:20.1944927Z   2026-08-03: 2 problems
2026-10-04T07:39:20.3090714Z   2026-08-01: 2 problems
2026-10-04T07:39:20.3724773Z   2026-07-31: 2 problems
2026-10-04T07:39:20.4776148Z   2026-07-30: 2 problems
2026-10-04T07:39:20.6036645Z   2026-07-29: 2 problems
2026-10-04T07:39:20.7142051Z   2026-07-28: 2 problems
2026-10-04T07:39:20.8410868Z   2026-07-27: 2 problems
2026-10-04T07:39:20.9818424Z   2026-07-25: 2 problems
2026-10-04T07:39:21.0904043Z   2026-07-24: 2 problems
2026-10-04T07:39:21.2148247Z   2026-07-23: 2 problems
2026-10-04T07:39:21.3158815Z   2026-07-22: 2 problems
2026-10-04T07:39:21.4218440Z   2026-07-21: 2 problems
2026-10-04T07:39:21.5469579Z   2026-07-16: 2 problems
2026-10-04T07:39:21.6825099Z   2026-07-15: 2 problems
2026-10-04T07:39:21.8127009Z   2026-07-14: 2 problems
2026-10-04T07:39:21.9158346Z   2026-07-13: 2 problems
2026-10-04T07:39:22.0246050Z   2026-07-11: 2 problems
2026-10-04T07:39:22.1342167Z   2026-07-10: 2 problems
2026-10-04T07:39:22.2533478Z   2026-07-09: 2 problems
2026-10-04T07:39:22.3759792Z   2026-07-08: 2 problems
2026-10-04T07:39:22.4801674Z   2026-07-07: 2 problems
2026-10-04T07:39:22.5898740Z   2026-07-06: 2 problems
2026-10-04T07:39:22.6935475Z   2026-07-04: 2 problems
2026-10-04T07:39:22.7986948Z   2026-07-03: 2 problems
2026-10-04T07:39:22.9170008Z   2026-07-02: 2 problems
2026-10-04T07:39:23.0156179Z   2026-07-01: 2 problems
2026-10-04T07:39:23.1224708Z   2026-06-30: 2 problems
2026-10-04T07:39:23.2274612Z   2026-06-29: 2 problems
2026-10-04T07:39:23.3524545Z   2026-06-27: 2 problems
2026-10-04T07:39:23.4487810Z   2026-06-26: 2 problems
2026-10-04T07:39:23.5673471Z   2026-06-25: 2 problems
2026-10-04T07:39:23.6690699Z   2026-06-24: 2 problems
2026-10-04T07:39:23.7911593Z   2026-06-23: 2 problems
2026-10-04T07:39:23.8918305Z   2026-06-22: 2 problems
2026-10-04T07:39:23.9863300Z   2026-06-20: 1 problems
2026-10-04T07:39:24.2999580Z   2026-06-19: 2 problems
2026-10-04T07:39:24.3938636Z   2026-06-18: 2 problems
2026-10-04T07:39:24.5058404Z   2026-06-17: 2 problems
2026-10-04T07:39:24.6172088Z   2026-06-16: 2 problems
2026-10-04T07:39:24.7183095Z   2026-06-15: 2 problems
2026-10-04T07:39:24.8311649Z   2026-06-13: 2 problems
2026-10-04T07:39:24.9238192Z   2026-06-12: 2 problems
2026-10-04T07:39:25.0249165Z   2026-06-11: 2 problems
2026-10-04T07:39:25.1510325Z   2026-06-10: 2 problems
2026-10-04T07:39:25.2511596Z   2026-06-09: 2 problems
2026-10-04T07:39:25.3442222Z   2026-06-08: 2 problems
2026-10-04T07:39:25.4646404Z   2026-06-06: 2 problems
2026-10-04T07:39:25.5666183Z   2026-06-05: 2 problems
2026-10-04T07:39:25.6787592Z   2026-06-04: 2 problems
2026-10-04T07:39:25.7050193Z   2026-06-03: 2 problems
2026-10-04T07:39:25.8043353Z   2026-06-02: 2 problems
2026-10-04T07:39:25.9237944Z   2026-06-01: 2 problems
2026-10-04T07:39:26.0078714Z   2026-05-30: 2 problems
2026-10-04T07:39:26.1197901Z   2026-05-29: 2 problems
2026-10-04T07:39:26.2272048Z   2026-05-28: 2 problems
2026-10-04T07:39:26.3643383Z   2026-05-27: 2 problems
2026-10-04T07:39:26.4277230Z   2026-05-26: 2 problems
2026-10-04T07:39:26.5365621Z   2026-05-25: 2 problems
2026-10-04T07:39:26.6670381Z   2026-05-23: 2 problems
2026-10-04T07:39:26.7767648Z   2026-05-22: 2 problems
2026-10-04T07:39:26.8850889Z   2026-05-21: 2 problems
2026-10-04T07:39:26.9638646Z   2026-05-20: 2 problems
2026-10-04T07:39:27.0914495Z   2026-05-19: 2 problems
2026-10-04T07:39:27.1805893Z   2026-05-18: 2 problems
2026-10-04T07:39:27.2738878Z   2026-05-16: 2 problems
2026-10-04T07:39:27.3774303Z   2026-05-15: 2 problems
2026-10-04T07:39:27.4659804Z   2026-05-14: 2 problems
2026-10-04T07:39:27.5855497Z   2026-05-13: 2 problems
2026-10-04T07:39:27.7039333Z   2026-05-12: 2 problems
2026-10-04T07:39:27.7963617Z   2026-05-11: 2 problems
2026-10-04T07:39:27.9039616Z   2026-05-09: 2 problems
2026-10-04T07:39:28.0187612Z   2026-05-08: 2 problems
2026-10-04T07:39:28.1483389Z   2026-05-07: 2 problems
2026-10-04T07:39:28.2620040Z   2026-05-06: 2 problems
2026-10-04T07:39:28.3788784Z   2026-05-05: 2 problems
2026-10-04T07:39:28.4883839Z   2026-05-04: 2 problems
2026-10-04T07:39:28.5897125Z   2026-05-02: 2 problems
2026-10-04T07:39:28.6987359Z   2026-05-01: 2 problems
2026-10-04T07:39:28.8267302Z   2026-04-30: 2 problems
2026-10-04T07:39:28.9419882Z   2026-04-29: 2 problems
2026-10-04T07:39:29.0276300Z   2026-04-28: 2 problems
2026-10-04T07:39:29.1424380Z   2026-04-27: 2 problems
2026-10-04T07:39:29.2567217Z   2026-04-25: 2 problems
2026-10-04T07:39:29.3579470Z   2026-04-24: 2 problems
2026-10-04T07:39:29.4635857Z   2026-04-23: 2 problems
2026-10-04T07:39:29.5819893Z   2026-04-22: 2 problems
2026-10-04T07:39:29.6818904Z   2026-04-21: 2 problems
2026-10-04T07:39:29.8006635Z   2026-04-20: 2 problems
2026-10-04T07:39:29.9109118Z   2026-04-18: 2 problems
2026-10-04T07:39:30.0308396Z   2026-04-17: 2 problems
2026-10-04T07:39:30.1414189Z   2026-04-16: 2 problems
2026-10-04T07:39:30.2662987Z   2026-04-15: 2 problems
2026-10-04T07:39:30.3787895Z   2026-04-14: 2 problems
2026-10-04T07:39:30.4755675Z   2026-04-13: 2 problems
2026-10-04T07:39:30.5726188Z   2026-04-11: 2 problems
2026-10-04T07:39:30.6760708Z   2026-04-10: 2 problems
2026-10-04T07:39:30.7955570Z   2026-04-09: 2 problems
2026-10-04T07:39:30.8705252Z   2026-04-08: 2 problems
2026-10-04T07:39:30.9818278Z   2026-04-07: 2 problems
2026-10-04T07:39:31.0975010Z   2026-04-06: 2 problems
2026-10-04T07:39:31.2005265Z   2026-04-04: 2 problems
2026-10-04T07:39:31.3116890Z   2026-04-03: 2 problems
2026-10-04T07:39:31.4113545Z   2026-04-02: 2 problems
2026-10-04T07:39:31.5195912Z   2026-04-01: 2 problems
2026-10-04T07:39:31.6133880Z   2026-03-31: 2 problems
2026-10-04T07:39:31.7165594Z   2026-03-30: 2 problems
2026-10-04T07:39:31.8245146Z   2026-03-28: 2 problems
2026-10-04T07:39:31.9307642Z   2026-03-27: 2 problems
2026-10-04T07:39:32.0301679Z   2026-03-26: 2 problems
2026-10-04T07:39:32.1332153Z   2026-03-25: 2 problems
2026-10-04T07:39:32.2360734Z   2026-03-24: 2 problems
2026-10-04T07:39:32.3346003Z   2026-03-23: 2 problems
2026-10-04T07:39:32.4539543Z   2026-03-21: 2 problems
2026-10-04T07:39:32.5690760Z   2026-03-20: 2 problems
2026-10-04T07:39:32.6659721Z   2026-03-19: 2 problems
2026-10-04T07:39:32.7658976Z   2026-03-18: 2 problems
2026-10-04T07:39:32.8799834Z   2026-03-17: 2 problems
2026-10-04T07:39:32.9851725Z   2026-03-16: 2 problems
2026-10-04T07:39:33.0884713Z   2026-03-14: 2 problems
2026-10-04T07:39:33.1858175Z   2026-03-13: 2 problems
2026-10-04T07:39:33.2835949Z   2026-03-12: 2 problems
2026-10-04T07:39:33.3899449Z   2026-03-11: 2 problems
2026-10-04T07:39:33.5037607Z   2026-03-10: 2 problems
2026-10-04T07:39:33.6342501Z   2026-03-09: 2 problems
2026-10-04T07:39:33.7273465Z   2026-03-07: 2 problems
2026-10-04T07:39:33.8406611Z   2026-03-06: 2 problems
2026-10-04T07:39:33.9400785Z   2026-03-05: 2 problems
2026-10-04T07:39:34.0710498Z   2026-03-04: 2 problems
2026-10-04T07:39:34.1968108Z   2026-03-03: 2 problems
2026-10-04T07:39:34.3065876Z   2026-03-02: 2 problems
2026-10-04T07:39:34.4238526Z   2026-02-28: 2 problems
2026-10-04T07:39:34.5347344Z   2026-02-27: 2 problems
2026-10-04T07:39:34.6554962Z   2026-02-26: 2 problems
2026-10-04T07:39:34.7518763Z   2026-02-25: 2 problems
2026-10-04T07:39:34.8672761Z   2026-02-24: 2 problems
2026-10-04T07:39:34.9762136Z   2026-02-23: 2 problems
2026-10-04T07:39:35.0837989Z   2026-02-21: 2 problems
2026-10-04T07:39:35.1810113Z   2026-02-20: 2 problems
2026-10-04T07:39:35.3104074Z   2026-02-19: 2 problems
2026-10-04T07:39:35.4147157Z   2026-02-18: 2 problems
2026-10-04T07:39:35.5147442Z   2026-02-17: 2 problems
2026-10-04T07:39:35.6182530Z   2026-02-16: 2 problems
2026-10-04T07:39:35.7261819Z   2026-02-14: 2 problems
2026-10-04T07:39:35.8537580Z   2026-02-13: 2 problems
2026-10-04T07:39:35.9664192Z   2026-02-12: 2 problems
2026-10-04T07:39:36.0664375Z   2026-02-11: 2 problems
2026-10-04T07:39:36.1739802Z   2026-02-10: 2 problems
2026-10-04T07:39:36.2858932Z   2026-02-09: 2 problems
2026-10-04T07:39:36.4168549Z   2026-02-07: 2 problems
2026-10-04T07:39:36.5244084Z   2026-02-06: 2 problems
2026-10-04T07:39:36.6227540Z   2026-02-05: 2 problems
2026-10-04T07:39:36.7461081Z   2026-02-04: 2 problems
2026-10-04T07:39:36.8712177Z   2026-02-03: 2 problems
2026-10-04T07:39:36.9851663Z   2026-02-02: 2 problems
2026-10-04T07:39:37.0962315Z   2026-01-31: 2 problems
2026-10-04T07:39:37.1911423Z   2026-01-30: 2 problems
2026-10-04T07:39:37.2876066Z   2026-01-29: 2 problems
2026-10-04T07:39:37.4160099Z   2026-01-28: 2 problems
2026-10-04T07:39:37.5754853Z   2026-01-27: 2 problems
2026-10-04T07:39:37.7011871Z   2026-01-26: 2 problems
2026-10-04T07:39:37.8058494Z   2026-01-24: 2 problems
2026-10-04T07:39:37.9167958Z   2026-01-23: 2 problems
2026-10-04T07:39:37.9903940Z   2026-01-22: 2 problems
2026-10-04T07:39:38.0966541Z   2026-01-21: 2 problems
2026-10-04T07:39:38.2159562Z   2026-01-20: 2 problems
2026-10-04T07:39:38.3143904Z   2026-01-19: 2 problems
2026-10-04T07:39:38.4291849Z   2026-01-17: 2 problems
2026-10-04T07:39:38.5565021Z   2026-01-16: 2 problems
2026-10-04T07:39:38.6731365Z   2026-01-15: 2 problems
2026-10-04T07:39:38.7823917Z   2026-01-14: 2 problems
2026-10-04T07:39:38.8771656Z   2026-01-13: 2 problems
2026-10-04T07:39:38.9790550Z   2026-01-12: 2 problems
2026-10-04T07:39:39.0861386Z   2026-01-10: 2 problems
2026-10-04T07:39:39.1934284Z   2026-01-09: 2 problems
2026-10-04T07:39:39.3001595Z   2026-01-08: 2 problems
2026-10-04T07:39:39.4133207Z   2026-01-07: 2 problems
2026-10-04T07:39:39.5166974Z   2026-01-06: 2 problems
2026-10-04T07:39:39.6156485Z   2026-01-05: 2 problems
2026-10-04T07:39:39.7301332Z   2026-01-03: 2 problems
2026-10-04T07:39:39.8452911Z   2026-01-02: 2 problems
2026-10-04T07:39:39.9728681Z   2026-01-01: 2 problems
2026-10-04T07:39:40.0815569Z   2025-12-31: 2 problems
2026-10-04T07:39:40.2075772Z   2025-12-30: 2 problems
2026-10-04T07:39:40.2956292Z   2025-12-29: 2 problems
2026-10-04T07:39:40.3848223Z   2025-12-27: 2 problems
2026-10-04T07:39:40.4931869Z   2025-12-26: 2 problems
2026-10-04T07:39:40.6106572Z   2025-12-25: 2 problems
2026-10-04T07:39:40.7253388Z   2025-12-24: 2 problems
2026-10-04T07:39:40.8403961Z   2025-12-23: 2 problems
2026-10-04T07:39:40.9444669Z   2025-12-22: 2 problems
2026-10-04T07:39:41.0407836Z   2025-12-20: 2 problems
2026-10-04T07:39:41.1541417Z   2025-12-19: 2 problems
2026-10-04T07:39:41.2710511Z   2025-12-18: 2 problems
2026-10-04T07:39:41.3659017Z   2025-12-17: 2 problems
2026-10-04T07:39:41.4643389Z   2025-12-16: 2 problems
2026-10-04T07:39:41.5585618Z   2025-12-15: 2 problems
2026-10-04T07:39:41.6577393Z   2025-12-13: 2 problems
2026-10-04T07:39:41.7914068Z   2025-12-12: 2 problems
2026-10-04T07:39:41.8921357Z   2025-12-11: 2 problems
2026-10-04T07:39:42.0005446Z   2025-12-10: 2 problems
2026-10-04T07:39:42.1099413Z   2025-12-09: 2 problems
2026-10-04T07:39:42.1718730Z   2025-12-08: 2 problems
2026-10-04T07:39:42.2880834Z   2025-12-06: 2 problems
2026-10-04T07:39:42.3988400Z   2025-12-05: 2 problems
2026-10-04T07:39:42.5052922Z   2025-12-04: 2 problems
2026-10-04T07:39:42.6121715Z   2025-12-03: 2 problems
2026-10-04T07:39:42.7186402Z   2025-12-02: 2 problems
2026-10-04T07:39:42.8281335Z   2025-12-01: 2 problems
2026-10-04T07:39:42.9489955Z   2025-11-29: 2 problems
2026-10-04T07:39:43.0664926Z   2025-11-28: 2 problems
2026-10-04T07:39:43.1911484Z   2025-11-27: 2 problems
2026-10-04T07:39:43.3209822Z   2025-11-26: 2 problems
2026-10-04T07:39:43.4320129Z   2025-11-25: 2 problems
2026-10-04T07:39:43.5516071Z   2025-11-24: 2 problems
2026-10-04T07:39:43.6741632Z   2025-11-22: 2 problems
2026-10-04T07:39:43.7688615Z   2025-11-21: 2 problems
2026-10-04T07:39:43.8763337Z   2025-11-20: 2 problems
2026-10-04T07:39:43.9773368Z   2025-11-19: 2 problems
2026-10-04T07:39:44.0855252Z   2025-11-18: 2 problems
2026-10-04T07:39:44.2083080Z   2025-11-17: 2 problems
2026-10-04T07:39:44.3267127Z   2025-11-15: 2 problems
2026-10-04T07:39:44.4409631Z   2025-11-14: 2 problems
2026-10-04T07:39:44.5426026Z   2025-11-13: 2 problems
2026-10-04T07:39:44.6557381Z   2025-11-12: 2 problems
2026-10-04T07:39:44.7798105Z   2025-11-11: 2 problems
2026-10-04T07:39:44.8935826Z   2025-11-10: 2 problems
2026-10-04T07:39:44.9986876Z   2025-11-08: 2 problems
2026-10-04T07:39:45.1109231Z   2025-11-07: 2 problems
2026-10-04T07:39:45.2122084Z   2025-11-06: 2 problems
2026-10-04T07:39:45.3327354Z   2025-11-05: 2 problems
2026-10-04T07:39:45.4381594Z   2025-11-04: 2 problems
2026-10-04T07:39:45.5367521Z   2025-11-03: 2 problems
2026-10-04T07:39:45.6866386Z   2025-11-01: 2 problems
2026-10-04T07:39:45.7526902Z   2025-10-31: 2 problems
2026-10-04T07:39:45.8639637Z   2025-10-30: 2 problems
2026-10-04T07:39:45.9668845Z   2025-10-29: 2 problems
2026-10-04T07:39:46.0705387Z   2025-10-28: 2 problems
2026-10-04T07:39:46.1823095Z   2025-10-27: 2 problems
2026-10-04T07:39:46.2818655Z   2025-10-25: 2 problems
2026-10-04T07:39:46.4079377Z   2025-10-24: 2 problems
2026-10-04T07:39:46.5170250Z   2025-10-23: 2 problems
2026-10-04T07:39:46.6235564Z   2025-10-22: 2 problems
2026-10-04T07:39:46.7169698Z   2025-10-21: 2 problems
2026-10-04T07:39:46.8292315Z   2025-10-20: 2 problems
2026-10-04T07:39:46.9217753Z   2025-10-18: 2 problems
2026-10-04T07:39:47.0220407Z   2025-10-17: 2 problems
2026-10-04T07:39:47.1568468Z   2025-10-16: 2 problems
2026-10-04T07:39:47.2595265Z   2025-10-15: 2 problems
2026-10-04T07:39:47.3673386Z   2025-10-14: 2 problems
2026-10-04T07:39:47.4781876Z   2025-10-13: 2 problems
2026-10-04T07:39:47.5754531Z   2025-10-11: 2 problems
2026-10-04T07:39:47.6721796Z   2025-10-10: 2 problems
2026-10-04T07:39:47.7858245Z   2025-10-09: 2 problems
2026-10-04T07:39:47.9168609Z   2025-10-08: 2 problems
2026-10-04T07:39:48.0067462Z   2025-10-07: 2 problems
2026-10-04T07:39:48.1292007Z   2025-10-06: 2 problems
2026-10-04T07:39:48.2345930Z   2025-10-04: 2 problems
2026-10-04T07:39:48.3392454Z   2025-10-03: 2 problems
2026-10-04T07:39:48.4417986Z   2025-10-02: 2 problems
2026-10-04T07:39:48.5378096Z   2025-10-01: 2 problems
2026-10-04T07:39:48.6201992Z   2025-09-30: 2 problems
2026-10-04T07:39:48.7220481Z   2025-09-29: 2 problems
2026-10-04T07:39:48.8293058Z   2025-09-27: 2 problems
2026-10-04T07:39:48.9439786Z   2025-09-26: 2 problems
2026-10-04T07:39:49.0251431Z   2025-09-25: 2 problems
2026-10-04T07:39:49.1176664Z   2025-09-24: 2 problems
2026-10-04T07:39:49.2040158Z   2025-09-23: 2 problems
2026-10-04T07:39:49.2973409Z   2025-09-22: 2 problems
2026-10-04T07:39:49.4073915Z   2025-09-20: 2 problems
2026-10-04T07:39:49.5116737Z   2025-09-19: 2 problems
2026-10-04T07:39:49.6057638Z   2025-09-18: 2 problems
2026-10-04T07:39:49.7210750Z   2025-09-17: 2 problems
2026-10-04T07:39:49.8263584Z   2025-09-16: 2 problems
2026-10-04T07:39:49.9165736Z   2025-09-15: 2 problems
2026-10-04T07:39:50.0078303Z   2025-09-13: 2 problems
2026-10-04T07:39:50.0999579Z   2025-09-12: 2 problems
2026-10-04T07:39:50.2402117Z   2025-09-11: 2 problems
2026-10-04T07:39:50.3414611Z   2025-09-10: 2 problems
2026-10-04T07:39:50.4379552Z   2025-09-09: 2 problems
2026-10-04T07:39:50.5413065Z   2025-09-08: 2 problems
2026-10-04T07:39:50.6542875Z   2025-09-06: 2 problems
2026-10-04T07:39:50.7664959Z   2025-09-05: 2 problems
2026-10-04T07:39:50.8732104Z   2025-09-04: 2 problems
2026-10-04T07:39:50.9832662Z   2025-09-03: 2 problems
2026-10-04T07:39:51.0861808Z   2025-09-02: 2 problems
2026-10-04T07:39:51.1881568Z   2025-09-01: 2 problems
2026-10-04T07:39:51.2928090Z   2025-08-30: 2 problems
2026-10-04T07:39:51.3922383Z   2025-08-29: 2 problems
2026-10-04T07:39:51.4851424Z   2025-08-28: 2 problems
2026-10-04T07:39:51.5907478Z   2025-08-27: 2 problems
2026-10-04T07:39:51.6858977Z   2025-08-26: 2 problems
2026-10-04T07:39:51.7913514Z   2025-08-25: 2 problems
2026-10-04T07:39:51.8991538Z   2025-08-23: 2 problems
2026-10-04T07:39:51.9880310Z   2025-08-22: 2 problems
2026-10-04T07:39:52.0911671Z   2025-08-21: 2 problems
2026-10-04T07:39:52.1996536Z   2025-08-20: 2 problems
2026-10-04T07:39:52.2951083Z   2025-08-19: 2 problems
2026-10-04T07:39:52.3953775Z   2025-08-18: 2 problems
2026-10-04T07:39:52.5108884Z   2025-08-16: 2 problems
2026-10-04T07:39:52.6091887Z   2025-08-15: 2 problems
2026-10-04T07:39:52.6989825Z   2025-08-14: 2 problems
2026-10-04T07:39:52.7952175Z   2025-08-13: 2 problems
2026-10-04T07:39:52.9448878Z   2025-08-12: 2 problems
2026-10-04T07:39:53.0831557Z   2025-08-11: 2 problems
2026-10-04T07:39:53.1957965Z   2025-08-09: 2 problems
2026-10-04T07:39:53.2958381Z   2025-08-08: 2 problems
2026-10-04T07:39:53.4001627Z   2025-08-07: 2 problems
2026-10-04T07:39:53.5183234Z   2025-08-06: 2 problems
2026-10-04T07:39:53.6268907Z   2025-08-05: 2 problems
2026-10-04T07:39:53.7415472Z   2025-08-04: 2 problems
2026-10-04T07:39:53.8431842Z   2025-08-02: 2 problems
2026-10-04T07:39:53.9570445Z   2025-08-01: 2 problems
2026-10-04T07:39:54.0742744Z   2025-07-31: 2 problems
2026-10-04T07:39:54.1884760Z   2025-07-30: 2 problems
2026-10-04T07:39:54.3001132Z   2025-07-29: 2 problems
2026-10-04T07:39:54.4074018Z   2025-07-28: 2 problems
2026-10-04T07:39:54.5365751Z   2025-07-26: 2 problems
2026-10-04T07:39:54.6422811Z   2025-07-25: 2 problems
2026-10-04T07:39:54.7465431Z   2025-07-24: 2 problems
2026-10-04T07:39:54.8606114Z   2025-07-23: 2 problems
2026-10-04T07:39:54.9656594Z   2025-07-22: 2 problems
2026-10-04T07:39:55.1500366Z   2025-07-21: 2 problems
2026-10-04T07:39:55.2525653Z   2025-07-19: 2 problems
2026-10-04T07:39:55.3605069Z   2025-07-18: 2 problems
2026-10-04T07:39:55.4657900Z   2025-07-17: 2 problems
2026-10-04T07:39:55.5758187Z   2025-07-16: 2 problems
2026-10-04T07:39:55.6685895Z   2025-07-15: 2 problems
2026-10-04T07:39:55.7953990Z   2025-07-14: 2 problems
2026-10-04T07:39:55.9021247Z   2025-07-12: 2 problems
2026-10-04T07:39:56.0051860Z   2025-07-11: 2 problems
2026-10-04T07:39:56.1155092Z   2025-07-10: 2 problems
2026-10-04T07:39:56.2425778Z   2025-07-09: 2 problems
2026-10-04T07:39:56.3620024Z   2025-07-08: 2 problems
2026-10-04T07:39:56.4801381Z   2025-07-07: 2 problems
2026-10-04T07:39:56.6124194Z   2025-07-05: 2 problems
2026-10-04T07:39:56.7121685Z   2025-07-04: 2 problems
2026-10-04T07:39:56.8132885Z   2025-07-03: 2 problems
2026-10-04T07:39:56.9258223Z   2025-07-02: 2 problems
2026-10-04T07:39:57.0229064Z   2025-07-01: 2 problems
2026-10-04T07:39:57.1227843Z   2025-06-30: 2 problems
2026-10-04T07:39:57.2365884Z   2025-06-28: 2 problems
2026-10-04T07:39:57.3612845Z   2025-06-27: 2 problems
2026-10-04T07:39:57.4696177Z   2025-06-26: 2 problems
2026-10-04T07:39:57.5740902Z   2025-06-25: 2 problems
2026-10-04T07:39:57.6848388Z   2025-06-24: 2 problems
2026-10-04T07:39:57.7839026Z   2025-06-23: 2 problems
2026-10-04T07:39:57.8558559Z   2025-06-21: 2 problems
2026-10-04T07:39:57.9461621Z   2025-06-20: 2 problems
2026-10-04T07:39:58.0566570Z   2025-06-19: 2 problems
2026-10-04T07:39:58.1646765Z   2025-06-18: 2 problems
2026-10-04T07:39:58.2664318Z   2025-06-17: 2 problems
2026-10-04T07:39:58.3728401Z   2025-06-16: 2 problems
2026-10-04T07:39:58.4758781Z   2025-06-14: 2 problems
2026-10-04T07:39:58.5854534Z   2025-06-13: 2 problems
2026-10-04T07:39:58.6744643Z   2025-06-12: 2 problems
2026-10-04T07:39:58.7809024Z   2025-06-11: 2 problems
2026-10-04T07:39:58.8919016Z   2025-06-10: 2 problems
2026-10-04T07:39:58.9908521Z   2025-06-09: 2 problems
2026-10-04T07:39:59.0864943Z   2025-06-07: 2 problems
2026-10-04T07:39:59.2122275Z   2025-06-06: 2 problems
2026-10-04T07:39:59.3209282Z   2025-06-05: 2 problems
2026-10-04T07:39:59.4025117Z   2025-06-04: 2 problems
2026-10-04T07:39:59.5043645Z   2025-06-03: 2 problems
2026-10-04T07:39:59.6043691Z   2025-06-02: 2 problems
2026-10-04T07:39:59.7134997Z   2025-05-31: 2 problems
2026-10-04T07:39:59.8391818Z   2025-05-30: 2 problems
2026-10-04T07:39:59.9440105Z   2025-05-29: 2 problems
2026-10-04T07:40:00.0768954Z   2025-05-28: 2 problems
2026-10-04T07:40:00.2001882Z   2025-05-27: 2 problems
2026-10-04T07:40:00.3036597Z   2025-05-26: 2 problems
2026-10-04T07:40:00.4208466Z   2025-05-24: 2 problems
2026-10-04T07:40:00.5411784Z   2025-05-23: 2 problems
2026-10-04T07:40:00.6513974Z   2025-05-22: 2 problems
2026-10-04T07:40:00.7522920Z   2025-05-21: 2 problems
2026-10-04T07:40:00.8674067Z   2025-05-20: 2 problems
2026-10-04T07:40:00.9511108Z   2025-05-19: 2 problems
2026-10-04T07:40:01.0497224Z   2025-05-17: 2 problems
2026-10-04T07:40:01.1585906Z   2025-05-16: 2 problems
2026-10-04T07:40:01.2682205Z   2025-05-15: 2 problems
2026-10-04T07:40:01.3670168Z   2025-05-14: 2 problems
2026-10-04T07:40:01.4678705Z   2025-05-13: 2 problems
2026-10-04T07:40:01.5907150Z   2025-05-12: 2 problems
2026-10-04T07:40:01.6857655Z   2025-05-10: 2 problems
2026-10-04T07:40:01.8041489Z   2025-05-09: 2 problems
2026-10-04T07:40:01.9106979Z   2025-05-08: 2 problems
2026-10-04T07:40:02.0179926Z   2025-05-07: 2 problems
2026-10-04T07:40:02.1209951Z   2025-05-06: 2 problems
2026-10-04T07:40:02.2195056Z   2025-05-05: 2 problems
2026-10-04T07:40:02.3272584Z   2025-05-03: 2 problems
2026-10-04T07:40:02.4225905Z   2025-05-02: 2 problems
2026-10-04T07:40:02.5262782Z   2025-05-01: 2 problems
2026-10-04T07:40:02.6479314Z   2025-04-30: 2 problems
2026-10-04T07:40:02.7806298Z   2025-04-29: 2 problems
2026-10-04T07:40:02.9133570Z   2025-04-28: 2 problems
2026-10-04T07:40:03.0260771Z   2025-04-26: 2 problems
2026-10-04T07:40:03.1273785Z   2025-04-25: 2 problems
2026-10-04T07:40:03.2602241Z   2025-04-24: 2 problems
2026-10-04T07:40:03.3816060Z   2025-04-23: 2 problems
2026-10-04T07:40:03.4819809Z   2025-04-22: 2 problems
2026-10-04T07:40:03.5863476Z   2025-04-21: 2 problems
2026-10-04T07:40:03.6906817Z   2025-04-19: 2 problems
2026-10-04T07:40:03.8011724Z   2025-04-18: 2 problems
2026-10-04T07:40:03.9205311Z   2025-04-17: 2 problems
2026-10-04T07:40:04.0251632Z   2025-04-16: 2 problems
2026-10-04T07:40:04.1218434Z   2025-04-15: 2 problems
2026-10-04T07:40:04.2160114Z   2025-04-14: 2 problems
2026-10-04T07:40:04.3248238Z   2025-04-12: 2 problems
2026-10-04T07:40:04.4425543Z   2025-04-11: 2 problems
2026-10-04T07:40:04.5331413Z   2025-04-10: 2 problems
2026-10-04T07:40:04.6421476Z   2025-04-09: 2 problems
2026-10-04T07:40:04.7629277Z   2025-04-08: 2 problems
2026-10-04T07:40:04.8683890Z   2025-04-07: 2 problems
2026-10-04T07:40:04.9695785Z   2025-04-05: 2 problems
2026-10-04T07:40:05.0604814Z   2025-04-04: 2 problems
2026-10-04T07:40:05.1777458Z   2025-04-03: 2 problems
2026-10-04T07:40:05.2705761Z   2025-04-02: 2 problems
2026-10-04T07:40:05.3674263Z   2025-04-01: 2 problems
2026-10-04T07:40:05.4595412Z   2025-03-31: 2 problems
2026-10-04T07:40:05.5730667Z   2025-03-29: 2 problems
2026-10-04T07:40:05.6639782Z   2025-03-28: 2 problems
2026-10-04T07:40:05.7748221Z   2025-03-27: 2 problems
2026-10-04T07:40:05.8867012Z   2025-03-26: 2 problems
2026-10-04T07:40:06.0009705Z   2025-03-25: 2 problems
2026-10-04T07:40:06.1009393Z   2025-03-24: 2 problems
2026-10-04T07:40:06.2187484Z   2025-03-22: 2 problems
2026-10-04T07:40:06.3179121Z   2025-03-21: 2 problems
2026-10-04T07:40:06.4646858Z   2025-03-20: 2 problems
2026-10-04T07:40:06.5710315Z   2025-03-19: 2 problems
2026-10-04T07:40:06.6827024Z   2025-03-18: 2 problems
2026-10-04T07:40:06.7890669Z   2025-03-17: 2 problems
2026-10-04T07:40:06.9058754Z   2025-03-15: 2 problems
2026-10-04T07:40:07.0043779Z   2025-03-14: 2 problems
2026-10-04T07:40:07.1069877Z   2025-03-13: 2 problems
2026-10-04T07:40:07.2056332Z   2025-03-12: 2 problems
2026-10-04T07:40:07.3119759Z   2025-03-11: 2 problems
2026-10-04T07:40:07.4299092Z   2025-03-10: 2 problems
2026-10-04T07:40:07.5181450Z   2025-03-08: 2 problems
2026-10-04T07:40:07.6279488Z   2025-03-07: 2 problems
2026-10-04T07:40:07.7201655Z   2025-03-06: 2 problems
2026-10-04T07:40:07.8250446Z   2025-03-05: 2 problems
2026-10-04T07:40:07.9220515Z   2025-03-04: 2 problems
2026-10-04T07:40:08.0216883Z   2025-03-03: 2 problems
2026-10-04T07:40:08.1250933Z   2025-03-01: 2 problems
2026-10-04T07:40:08.2198575Z   2025-02-28: 2 problems
2026-10-04T07:40:08.3202936Z   2025-02-27: 2 problems
2026-10-04T07:40:08.4349115Z   2025-02-26: 2 problems
2026-10-04T07:40:08.5903512Z   2025-02-25: 2 problems
2026-10-04T07:40:08.6935174Z   2025-02-24: 2 problems
2026-10-04T07:40:08.8273211Z   2025-02-22: 2 problems
2026-10-04T07:40:08.9147283Z   2025-02-21: 2 problems
2026-10-04T07:40:08.9987194Z   2025-02-20: 2 problems
2026-10-04T07:40:09.1052137Z   2025-02-19: 2 problems
2026-10-04T07:40:09.2062529Z   2025-02-18: 2 problems
2026-10-04T07:40:09.3194482Z   2025-02-17: 2 problems
2026-10-04T07:40:09.4113617Z   2025-02-15: 2 problems
2026-10-04T07:40:09.5400993Z   2025-02-14: 2 problems
2026-10-04T07:40:09.6376147Z   2025-02-13: 2 problems
2026-10-04T07:40:09.7678586Z   2025-02-12: 2 problems
2026-10-04T07:40:09.8712135Z   2025-02-11: 2 problems
2026-10-04T07:40:09.9791861Z   2025-02-10: 2 problems
2026-10-04T07:40:10.1007901Z   2025-02-08: 2 problems
2026-10-04T07:40:10.2321113Z   2025-02-07: 2 problems
2026-10-04T07:40:10.3623552Z   2025-02-06: 2 problems
2026-10-04T07:40:10.4726690Z   2025-02-05: 2 problems
2026-10-04T07:40:10.5774942Z   2025-02-04: 2 problems
2026-10-04T07:40:10.6782203Z   2025-02-03: 2 problems
2026-10-04T07:40:10.8033825Z   2025-02-01: 2 problems
2026-10-04T07:40:10.9239441Z   2025-01-31: 2 problems
2026-10-04T07:40:11.0392780Z   2025-01-30: 2 problems
2026-10-04T07:40:11.1538009Z   2025-01-29: 2 problems
2026-10-04T07:40:11.2618093Z   2025-01-28: 2 problems
2026-10-04T07:40:11.3704990Z   2025-01-27: 2 problems
2026-10-04T07:40:11.4753977Z   2025-01-25: 2 problems
2026-10-04T07:40:11.5662682Z   2025-01-24: 2 problems
2026-10-04T07:40:11.6733419Z   2025-01-23: 2 problems
2026-10-04T07:40:11.7794176Z   2025-01-22: 2 problems
2026-10-04T07:40:11.8824859Z   2025-01-21: 2 problems
2026-10-04T07:40:11.9800134Z   2025-01-20: 2 problems
2026-10-04T07:40:12.0937564Z   2025-01-18: 2 problems
2026-10-04T07:40:12.2095359Z   2025-01-17: 2 problems
2026-10-04T07:40:12.2962979Z   2025-01-16: 2 problems
2026-10-04T07:40:12.3924638Z   2025-01-15: 2 problems
2026-10-04T07:40:12.4991681Z   2025-01-14: 2 problems
2026-10-04T07:40:12.6074617Z   2025-01-13: 2 problems
2026-10-04T07:40:12.7230034Z   2025-01-11: 2 problems
2026-10-04T07:40:12.8171674Z   2025-01-10: 2 problems
2026-10-04T07:40:12.9190075Z   2025-01-09: 2 problems
2026-10-04T07:40:13.0171559Z   2025-01-08: 2 problems
2026-10-04T07:40:13.1314674Z   2025-01-07: 2 problems
2026-10-04T07:40:13.2350860Z   2025-01-06: 2 problems
2026-10-04T07:40:13.3357407Z   2025-01-04: 2 problems
2026-10-04T07:40:13.4623649Z   2025-01-03: 2 problems
2026-10-04T07:40:13.5669727Z   2025-01-02: 2 problems
2026-10-04T07:40:13.7200481Z   2025-01-01: 2 problems
2026-10-04T07:40:13.8791307Z   2024-12-31: 2 problems
2026-10-04T07:40:13.9796731Z   2024-12-30: 2 problems
2026-10-04T07:40:14.0750482Z   2024-12-28: 2 problems
2026-10-04T07:40:14.1852681Z   2024-12-27: 2 problems
2026-10-04T07:40:14.2889633Z   2024-12-26: 2 problems
2026-10-04T07:40:14.3958242Z   2024-12-25: 2 problems
2026-10-04T07:40:14.4934623Z   2024-12-24: 2 problems
2026-10-04T07:40:14.5891886Z   2024-12-23: 2 problems
2026-10-04T07:40:14.6987002Z   2024-12-21: 2 problems
2026-10-04T07:40:14.7991912Z   2024-12-20: 2 problems
2026-10-04T07:40:14.9120883Z   2024-12-19: 2 problems
2026-10-04T07:40:15.0079666Z   2024-12-18: 2 problems
2026-10-04T07:40:15.1094632Z   2024-12-17: 2 problems
2026-10-04T07:40:15.2079413Z   2024-12-16: 2 problems
2026-10-04T07:40:15.2988288Z   2024-12-14: 2 problems
2026-10-04T07:40:15.4190192Z   2024-12-13: 2 problems
2026-10-04T07:40:15.5265646Z   2024-12-12: 2 problems
2026-10-04T07:40:15.6425668Z   2024-12-11: 2 problems
2026-10-04T07:40:15.7371913Z   2024-12-10: 2 problems
2026-10-04T07:40:15.8470982Z   2024-12-09: 2 problems
2026-10-04T07:40:15.9428547Z   2024-12-07: 2 problems
2026-10-04T07:40:16.0473513Z   2024-12-06: 2 problems
2026-10-04T07:40:16.1608028Z   2024-12-05: 2 problems
2026-10-04T07:40:16.2569648Z   2024-12-04: 2 problems
2026-10-04T07:40:16.3481166Z   2024-12-03: 2 problems
2026-10-04T07:40:16.4660238Z   2024-12-02: 2 problems
2026-10-04T07:40:16.6106263Z   2024-11-30: 2 problems
2026-10-04T07:40:16.7375451Z   2024-11-29: 2 problems
2026-10-04T07:40:16.8404646Z   2024-11-28: 2 problems
2026-10-04T07:40:16.9735477Z   2024-11-27: 2 problems
2026-10-04T07:40:17.0738593Z   2024-11-26: 2 problems
2026-10-04T07:40:17.2090316Z   2024-11-25: 2 problems
2026-10-04T07:40:17.3287158Z   2024-11-23: 2 problems
2026-10-04T07:40:17.4332161Z   2024-11-22: 2 problems
2026-10-04T07:40:17.5054150Z   2024-11-21: 2 problems
2026-10-04T07:40:17.6259132Z   2024-11-20: 2 problems
2026-10-04T07:40:17.7530853Z   2024-11-19: 2 problems
2026-10-04T07:40:17.8741241Z   2024-11-18: 2 problems
2026-10-04T07:40:18.0042763Z   2024-11-16: 2 problems
2026-10-04T07:40:18.1157003Z   2024-11-15: 2 problems
2026-10-04T07:40:18.2331302Z   2024-11-14: 2 problems
2026-10-04T07:40:18.3718326Z   2024-11-13: 2 problems
2026-10-04T07:40:18.4857430Z   2024-11-12: 2 problems
2026-10-04T07:40:18.6085356Z   2024-11-11: 2 problems
2026-10-04T07:40:18.7337199Z   2024-11-09: 2 problems
2026-10-04T07:40:18.8450177Z   2024-11-08: 2 problems
2026-10-04T07:40:18.9610359Z   2024-11-07: 2 problems
2026-10-04T07:40:19.0786137Z   2024-11-06: 2 problems
2026-10-04T07:40:19.2322147Z   2024-11-05: 2 problems
2026-10-04T07:40:19.3423477Z   2024-11-04: 2 problems
2026-10-04T07:40:19.4555298Z   2024-11-02: 2 problems
2026-10-04T07:40:19.5842910Z   2024-11-01: 2 problems
2026-10-04T07:40:19.7149942Z   2024-10-31: 2 problems
2026-10-04T07:40:19.8074304Z   2024-10-30: 2 problems
2026-10-04T07:40:19.9301685Z   2024-10-29: 2 problems
2026-10-04T07:40:20.0559484Z   2024-10-28: 2 problems
2026-10-04T07:40:20.1767349Z   2024-10-26: 2 problems
2026-10-04T07:40:20.3125693Z   2024-10-25: 2 problems
2026-10-04T07:40:20.4214658Z   2024-10-24: 2 problems
2026-10-04T07:40:20.5525336Z   2024-10-23: 2 problems
2026-10-04T07:40:20.7448875Z   2024-10-22: 2 problems
2026-10-04T07:40:20.8598935Z   2024-10-21: 2 problems
2026-10-04T07:40:20.9864577Z   2024-10-19: 2 problems
2026-10-04T07:40:21.0940499Z   2024-10-18: 2 problems
2026-10-04T07:40:21.2338875Z   2024-10-17: 2 problems
2026-10-04T07:40:21.3436241Z   2024-10-16: 2 problems
2026-10-04T07:40:21.4333364Z   2024-10-15: 2 problems
2026-10-04T07:40:21.5432210Z   2024-10-14: 2 problems
2026-10-04T07:40:21.6631407Z   2024-10-12: 2 problems
2026-10-04T07:40:21.7690258Z   2024-10-11: 2 problems
2026-10-04T07:40:21.9070622Z   2024-10-10: 2 problems
2026-10-04T07:40:22.0283053Z   2024-10-09: 2 problems
2026-10-04T07:40:22.1589316Z   2024-10-08: 2 problems
2026-10-04T07:40:22.2698401Z   2024-10-07: 2 problems
2026-10-04T07:40:22.3630418Z   2024-10-05: 2 problems
2026-10-04T07:40:22.4741765Z   2024-10-04: 2 problems
2026-10-04T07:40:22.6027236Z   2024-10-03: 2 problems
2026-10-04T07:40:22.7154431Z   2024-10-02: 2 problems
2026-10-04T07:40:22.8267083Z   2024-10-01: 2 problems
2026-10-04T07:40:22.9308315Z   2024-09-30: 2 problems
2026-10-04T07:40:23.0421856Z   2024-09-28: 2 problems
2026-10-04T07:40:23.1708748Z   2024-09-27: 2 problems
2026-10-04T07:40:23.2963186Z   2024-09-26: 2 problems
2026-10-04T07:40:23.3971861Z   2024-09-25: 2 problems
2026-10-04T07:40:23.5017530Z   2024-09-24: 2 problems
2026-10-04T07:40:23.6131188Z   2024-09-23: 2 problems
2026-10-04T07:40:23.7258552Z   2024-09-21: 2 problems
2026-10-04T07:40:23.8509903Z   2024-09-20: 2 problems
2026-10-04T07:40:23.9770634Z   2024-09-19: 2 problems
2026-10-04T07:40:24.0934541Z   2024-09-18: 2 problems
2026-10-04T07:40:24.2324339Z   2024-09-17: 2 problems
2026-10-04T07:40:24.3490115Z   2024-09-16: 2 problems
2026-10-04T07:40:24.4688711Z   2024-09-14: 2 problems
2026-10-04T07:40:24.6021715Z   2024-09-13: 2 problems
2026-10-04T07:40:24.7082218Z   2024-09-12: 2 problems
2026-10-04T07:40:24.8460130Z   2024-09-11: 2 problems
2026-10-04T07:40:24.9534620Z   2024-09-10: 2 problems
2026-10-04T07:40:25.0477277Z   2024-09-09: 2 problems
2026-10-04T07:40:25.1611395Z   2024-09-07: 2 problems
2026-10-04T07:40:25.2771391Z   2024-09-06: 2 problems
2026-10-04T07:40:25.3921259Z   2024-09-05: 2 problems
2026-10-04T07:40:25.4994206Z   2024-09-04: 2 problems
2026-10-04T07:40:25.6144065Z   2024-09-03: 2 problems
2026-10-04T07:40:25.7103545Z   2024-09-02: 2 problems
2026-10-04T07:40:25.8299280Z   2024-08-31: 2 problems
2026-10-04T07:40:25.9556969Z   2024-08-30: 2 problems
2026-10-04T07:40:26.0876403Z   2024-08-29: 2 problems
2026-10-04T07:40:26.2061763Z   2024-08-28: 2 problems
2026-10-04T07:40:26.3189432Z   2024-08-27: 2 problems
2026-10-04T07:40:26.4178508Z   2024-08-26: 2 problems
2026-10-04T07:40:26.5433360Z   2024-08-24: 2 problems
2026-10-04T07:40:26.6550126Z   2024-08-23: 2 problems
2026-10-04T07:40:26.7717312Z   2024-08-22: 2 problems
2026-10-04T07:40:26.9045530Z   2024-08-21: 2 problems
2026-10-04T07:40:27.0037136Z   2024-08-20: 2 problems
2026-10-04T07:40:27.1328219Z   2024-08-19: 2 problems
2026-10-04T07:40:27.2336985Z   2024-08-17: 2 problems
2026-10-04T07:40:27.3356200Z   2024-08-16: 2 problems
2026-10-04T07:40:27.4510173Z   2024-08-15: 2 problems
2026-10-04T07:40:27.5763940Z   2024-08-14: 2 problems
2026-10-04T07:40:27.6804839Z   2024-08-13: 2 problems
2026-10-04T07:40:27.7824473Z   2024-08-12: 2 problems
2026-10-04T07:40:27.8849467Z   2024-08-10: 2 problems
2026-10-04T07:40:27.9929279Z   2024-08-09: 2 problems
2026-10-04T07:40:28.1191478Z   2024-08-08: 2 problems
2026-10-04T07:40:28.2386341Z   2024-08-07: 2 problems
2026-10-04T07:40:28.3486054Z   2024-08-06: 2 problems
2026-10-04T07:40:28.4475234Z   2024-08-05: 2 problems
2026-10-04T07:40:28.5567558Z   2024-08-03: 2 problems
2026-10-04T07:40:28.6581063Z   2024-08-02: 2 problems
2026-10-04T07:40:28.7785436Z   2024-08-01: 2 problems
2026-10-04T07:40:28.8838907Z   2024-07-31: 2 problems
2026-10-04T07:40:28.9917640Z   2024-07-30: 2 problems
2026-10-04T07:40:29.1131507Z   2024-07-29: 2 problems
2026-10-04T07:40:29.2698833Z   2024-07-27: 2 problems
2026-10-04T07:40:29.3894938Z   2024-07-26: 2 problems
2026-10-04T07:40:29.5008894Z   2024-07-25: 2 problems
2026-10-04T07:40:29.6134841Z   2024-07-24: 2 problems
2026-10-04T07:40:29.7170073Z   2024-07-23: 2 problems
2026-10-04T07:40:29.8197781Z   2024-07-22: 2 problems
2026-10-04T07:40:29.9157100Z   2024-07-20: 2 problems
2026-10-04T07:40:30.0475953Z   2024-07-19: 2 problems
2026-10-04T07:40:30.1609379Z   2024-07-18: 2 problems
2026-10-04T07:40:30.2940220Z   2024-07-17: 2 problems
2026-10-04T07:40:30.3860389Z   2024-07-16: 2 problems
2026-10-04T07:40:30.4944808Z   2024-07-15: 2 problems
2026-10-04T07:40:30.6073478Z   2024-07-13: 2 problems
2026-10-04T07:40:30.6838215Z   2024-07-12: 2 problems
2026-10-04T07:40:30.7963961Z   2024-07-11: 2 problems
2026-10-04T07:40:30.9323135Z   2024-07-10: 2 problems
2026-10-04T07:40:31.0404544Z   2024-07-09: 2 problems
2026-10-04T07:40:31.1434361Z   2024-07-08: 2 problems
2026-10-04T07:40:31.2387643Z   2024-07-06: 2 problems
2026-10-04T07:40:31.3516897Z   2024-07-05: 2 problems
2026-10-04T07:40:31.4800006Z   2024-07-04: 2 problems
2026-10-04T07:40:31.5919100Z   2024-07-03: 2 problems
2026-10-04T07:40:31.7001841Z   2024-07-02: 2 problems
2026-10-04T07:40:31.8135785Z   2024-07-01: 2 problems
2026-10-04T07:40:31.9260668Z   2024-06-29: 2 problems
2026-10-04T07:40:32.0297497Z   2024-06-28: 2 problems
2026-10-04T07:40:32.1470072Z   2024-06-27: 2 problems
2026-10-04T07:40:32.2363462Z   2024-06-26: 2 problems
2026-10-04T07:40:32.3285645Z   2024-06-25: 2 problems
2026-10-04T07:40:32.4427665Z   2024-06-24: 2 problems
2026-10-04T07:40:32.5571241Z   2024-06-22: 2 problems
2026-10-04T07:40:32.6455239Z   2024-06-21: 2 problems
2026-10-04T07:40:32.7606039Z   2024-06-20: 2 problems
2026-10-04T07:40:32.8601699Z   2024-06-19: 2 problems
2026-10-04T07:40:32.9731699Z   2024-06-18: 2 problems
2026-10-04T07:40:33.0847912Z   2024-06-17: 2 problems
2026-10-04T07:40:33.1877419Z   2024-06-15: 2 problems
2026-10-04T07:40:33.3136989Z   2024-06-14: 2 problems
2026-10-04T07:40:33.4109395Z   2024-06-13: 2 problems
2026-10-04T07:40:33.5131667Z   2024-06-12: 2 problems
2026-10-04T07:40:33.6202142Z   2024-06-11: 2 problems
2026-10-04T07:40:33.7333923Z   2024-06-10: 2 problems
2026-10-04T07:40:33.8595546Z   2024-06-08: 2 problems
2026-10-04T07:40:33.9824997Z   2024-06-07: 2 problems
2026-10-04T07:40:34.0983266Z   2024-06-06: 2 problems
2026-10-04T07:40:34.1978675Z   2024-06-05: 2 problems
2026-10-04T07:40:34.3081313Z   2024-06-04: 2 problems
2026-10-04T07:40:34.4232702Z   2024-06-03: 2 problems
2026-10-04T07:40:34.5320760Z   2024-06-01: 2 problems
2026-10-04T07:40:34.6356744Z   2024-05-31: 2 problems
2026-10-04T07:40:34.7336467Z   2024-05-30: 2 problems
2026-10-04T07:40:34.8394478Z   2024-05-29: 2 problems
2026-10-04T07:40:34.9555858Z   2024-05-28: 2 problems
2026-10-04T07:40:35.0757540Z   2024-05-27: 2 problems
2026-10-04T07:40:35.1926032Z   2024-05-25: 2 problems
2026-10-04T07:40:35.3040524Z   2024-05-24: 2 problems
2026-10-04T07:40:35.4173816Z   2024-05-23: 2 problems
2026-10-04T07:40:35.5056584Z   2024-05-22: 2 problems
2026-10-04T07:40:35.6067669Z   2024-05-21: 2 problems
2026-10-04T07:40:35.7233915Z   2024-05-20: 2 problems
2026-10-04T07:40:35.8158909Z   2024-05-18: 2 problems
2026-10-04T07:40:35.9307122Z   2024-05-17: 2 problems
2026-10-04T07:40:36.0364554Z   2024-05-16: 2 problems
2026-10-04T07:40:36.1577706Z   2024-05-15: 2 problems
2026-10-04T07:40:36.2572498Z   2024-05-14: 2 problems
2026-10-04T07:40:36.3614566Z   2024-05-13: 2 problems
2026-10-04T07:40:36.4580774Z   2024-05-11: 2 problems
2026-10-04T07:40:36.5586318Z   2024-05-10: 2 problems
2026-10-04T07:40:36.6686612Z   2024-05-09: 2 problems
2026-10-04T07:40:36.7762905Z   2024-05-08: 2 problems
2026-10-04T07:40:36.9031163Z   2024-05-07: 2 problems
2026-10-04T07:40:37.0229989Z   2024-05-06: 2 problems
2026-10-04T07:40:37.1281709Z   2024-05-04: 2 problems
2026-10-04T07:40:37.2387691Z   2024-05-03: 2 problems
2026-10-04T07:40:37.3219531Z   2024-05-02: 2 problems
2026-10-04T07:40:37.4214005Z   2024-05-01: 2 problems
2026-10-04T07:40:37.5409244Z   2024-04-30: 2 problems
2026-10-04T07:40:37.6450396Z   2024-04-29: 2 problems
2026-10-04T07:40:37.7783682Z   2024-04-27: 2 problems
2026-10-04T07:40:37.8974068Z   2024-04-26: 2 problems
2026-10-04T07:40:38.0102294Z   2024-04-25: 2 problems
2026-10-04T07:40:38.1405724Z   2024-04-24: 2 problems
2026-10-04T07:40:38.2361698Z   2024-04-23: 2 problems
2026-10-04T07:40:38.3348833Z   2024-04-22: 2 problems
2026-10-04T07:40:38.4404274Z   2024-04-20: 2 problems
2026-10-04T07:40:38.5322005Z   2024-04-19: 2 problems
2026-10-04T07:40:38.6508666Z   2024-04-18: 2 problems
2026-10-04T07:40:38.7474076Z   2024-04-17: 2 problems
2026-10-04T07:40:38.8553877Z   2024-04-16: 2 problems
2026-10-04T07:40:38.9706198Z   2024-04-15: 2 problems
2026-10-04T07:40:39.0785162Z   2024-04-13: 2 problems
2026-10-04T07:40:39.1888523Z   2024-04-12: 2 problems
2026-10-04T07:40:39.2902703Z   2024-04-11: 2 problems
2026-10-04T07:40:39.4189514Z   2024-04-10: 2 problems
2026-10-04T07:40:39.5259209Z   2024-04-09: 2 problems
2026-10-04T07:40:39.6334171Z   2024-04-08: 2 problems
2026-10-04T07:40:39.7446793Z   2024-04-06: 2 problems
2026-10-04T07:40:39.8640959Z   2024-04-05: 2 problems
2026-10-04T07:40:39.9710406Z   2024-04-04: 2 problems
2026-10-04T07:40:40.0963370Z   2024-04-03: 2 problems
2026-10-04T07:40:40.2161565Z   2024-04-02: 2 problems
2026-10-04T07:40:40.3373021Z   2024-04-01: 2 problems
2026-10-04T07:40:40.4317904Z   2024-03-30: 2 problems
2026-10-04T07:40:40.5253725Z   2024-03-29: 2 problems
2026-10-04T07:40:40.6485492Z   2024-03-28: 2 problems
2026-10-04T07:40:40.7622135Z   2024-03-27: 2 problems
2026-10-04T07:40:40.8609237Z   2024-03-26: 2 problems
2026-10-04T07:40:40.9689602Z   2024-03-25: 2 problems
2026-10-04T07:40:41.0673895Z   2024-03-23: 2 problems
2026-10-04T07:40:41.1797202Z   2024-03-22: 2 problems
2026-10-04T07:40:41.2706537Z   2024-03-21: 2 problems
2026-10-04T07:40:41.3611583Z   2024-03-20: 2 problems
2026-10-04T07:40:41.4628305Z   2024-03-19: 2 problems
2026-10-04T07:40:41.5746230Z   2024-03-18: 2 problems
2026-10-04T07:40:41.6712623Z   2024-03-16: 2 problems
2026-10-04T07:40:41.7798675Z   2024-03-15: 2 problems
2026-10-04T07:40:41.8950387Z   2024-03-14: 2 problems
2026-10-04T07:40:42.0018361Z   2024-03-13: 2 problems
2026-10-04T07:40:42.1192996Z   2024-03-12: 2 problems
2026-10-04T07:40:42.2238002Z   2024-03-11: 2 problems
2026-10-04T07:40:42.3321775Z   2024-03-09: 2 problems
2026-10-04T07:40:42.4298489Z   2024-03-08: 2 problems
2026-10-04T07:40:42.5409053Z   2024-03-07: 2 problems
2026-10-04T07:40:42.6397215Z   2024-03-06: 2 problems
2026-10-04T07:40:42.7341104Z   2024-03-05: 2 problems
2026-10-04T07:40:42.8232625Z   2024-03-04: 2 problems
2026-10-04T07:40:42.9451813Z   2024-03-02: 2 problems
2026-10-04T07:40:43.0564608Z   2024-03-01: 2 problems
2026-10-04T07:40:43.1774799Z   2024-02-29: 2 problems
2026-10-04T07:40:43.2845629Z   2024-02-28: 2 problems
2026-10-04T07:40:43.3980061Z   2024-02-27: 2 problems
2026-10-04T07:40:43.4998729Z   2024-02-26: 2 problems
2026-10-04T07:40:43.5000621Z Building categories...
2026-10-04T07:40:44.5048342Z Wrote /home/runner/work/ys_problem_web/ys_problem_web/data/daily.json (813 days, 21 categories).
2026-10-04T07:40:44.5049275Z Syncing leaderboard (records.js from gh-pages)...
2026-10-04T07:40:44.5517049Z   ✓ 361 players, data through 2026-10-02
2026-10-04T07:40:44.5728273Z ##[group]Run if [ -n "d88a64882465cc712fbef8f23486c0f10edec1f7" ]; then
2026-10-04T07:40:44.5728808Z [36;1mif [ -n "d88a64882465cc712fbef8f23486c0f10edec1f7" ]; then[0m
2026-10-04T07:40:44.5729298Z [36;1m  echo "d88a64882465cc712fbef8f23486c0f10edec1f7" > data/.upstream-sha[0m
2026-10-04T07:40:44.5729858Z [36;1mfi[0m
2026-10-04T07:40:44.5791083Z shell: /usr/bin/bash -e {0}
2026-10-04T07:40:44.5791349Z ##[endgroup]
2026-10-04T07:40:44.5894984Z ##[group]Run git config user.name "github-actions[bot]"
2026-10-04T07:40:44.5895414Z [36;1mgit config user.name "github-actions[bot]"[0m
2026-10-04T07:40:44.5895882Z [36;1mgit config user.email "41898282+github-actions[bot]@users.noreply.github.com"[0m
2026-10-04T07:40:44.5896323Z [36;1mgit add data/[0m
2026-10-04T07:40:44.5896583Z [36;1mif git diff --cached --quiet; then[0m
2026-10-04T07:40:44.5896886Z [36;1m  echo "No data changes"[0m
2026-10-04T07:40:44.5897141Z [36;1melse[0m
2026-10-04T07:40:44.5897410Z [36;1m  git commit -m "chore: sync daily problems data"[0m
2026-10-04T07:40:44.5897733Z [36;1m  git push[0m
2026-10-04T07:40:44.5897939Z [36;1mfi[0m
2026-10-04T07:40:44.5952524Z shell: /usr/bin/bash -e {0}
2026-10-04T07:40:44.5952786Z ##[endgroup]
2026-10-04T07:40:45.0504673Z [main f825e82] chore: sync daily problems data
2026-10-04T07:40:45.0505342Z  7 files changed, 242 insertions(+), 122 deletions(-)
2026-10-04T07:40:47.0964485Z To https://github.com/Sam5440/ys_problem_web
2026-10-04T07:40:47.0965133Z    b107736..f825e82  main -> main
2026-10-04T07:40:47.1115215Z Post job cleanup.
2026-10-04T07:40:47.1989636Z [command]/usr/bin/git version
2026-10-04T07:40:47.2033757Z git version 2.55.0
2026-10-04T07:40:47.2075435Z Temporarily overriding HOME='/home/runner/work/_temp/09d3e933-93df-42f2-b154-fe050a36d928' before making global git config changes
2026-10-04T07:40:47.2077005Z Adding repository directory to the temporary git global config as a safe directory
2026-10-04T07:40:47.2082613Z [command]/usr/bin/git config --global --add safe.directory /home/runner/work/ys_problem_web/ys_problem_web
2026-10-04T07:40:47.2125484Z [command]/usr/bin/git config --local --name-only --get-regexp core\.sshCommand
2026-10-04T07:40:47.2165350Z [command]/usr/bin/git submodule foreach --recursive sh -c "git config --local --name-only --get-regexp 'core\.sshCommand' && git config --local --unset-all 'core.sshCommand' || :"
2026-10-04T07:40:47.2416352Z [command]/usr/bin/git config --local --name-only --get-regexp http\.https\:\/\/github\.com\/\.extraheader
2026-10-04T07:40:47.2447593Z http.https://github.com/.extraheader
2026-10-04T07:40:47.2460026Z [command]/usr/bin/git config --local --unset-all http.https://github.com/.extraheader
2026-10-04T07:40:47.2505289Z [command]/usr/bin/git submodule foreach --recursive sh -c "git config --local --name-only --get-regexp 'http\.https\:\/\/github\.com\/\.extraheader' && git config --local --unset-all 'http.https://github.com/.extraheader' || :"
2026-10-04T07:40:47.2752384Z [command]/usr/bin/git config --local --name-only --get-regexp ^includeIf\.gitdir:
2026-10-04T07:40:47.2790387Z [command]/usr/bin/git submodule foreach --recursive git config --local --show-origin --name-only --get-regexp remote.origin.url
2026-10-04T07:40:47.3195578Z Evaluate and set job outputs
2026-10-04T07:40:47.3201197Z Set output 'changed'
2026-10-04T07:40:47.3203084Z Cleaning up orphan processes
2026-10-04T07:40:47.3605703Z ##[warning]Node.js 20 is deprecated. The following actions target Node.js 20 but are being forced to run on Node.js 24: actions/checkout@v4. For more information see: https://github.blog/changelog/2025-09-19-deprecation-of-node-20-on-github-actions-runners/

