<!--YSLOG {"runId":37191445990,"event":"workflow_dispatch","startedAt":"2026-10-04T09:14:06Z","savedAt":"2026-10-04T09:59:44.369Z","url":"https://github.com/Sam5440/ys_problem_web/actions/runs/37191445990","jobName":"update"}-->
2026-10-04T09:14:07.2872314Z Current runner version: '2.337.0'
2026-10-04T09:14:07.2893666Z ##[group]Runner Image Provisioner
2026-10-04T09:14:07.2894443Z Hosted Compute Agent
2026-10-04T09:14:07.2894969Z Version: 20260901.588
2026-10-04T09:14:07.2895580Z Commit: f88ec8081b781fac6c440065ac7ff9e710ce3d0b
2026-10-04T09:14:07.2896268Z Build Date: 2026-09-01T19:56:44Z
2026-10-04T09:14:07.2896901Z Worker ID: {f82b0595-092e-40bc-bc1b-b7a4e77c2c8a}
2026-10-04T09:14:07.2897572Z Azure Region: eastus
2026-10-04T09:14:07.2898129Z ##[endgroup]
2026-10-04T09:14:07.2899388Z ##[group]Operating System
2026-10-04T09:14:07.2899913Z Ubuntu
2026-10-04T09:14:07.2900707Z 24.04.5
2026-10-04T09:14:07.2901266Z LTS
2026-10-04T09:14:07.2901763Z ##[endgroup]
2026-10-04T09:14:07.2902265Z ##[group]Runner Image
2026-10-04T09:14:07.2902956Z Image: ubuntu-24.04
2026-10-04T09:14:07.2903512Z Version: 20260927.320.1
2026-10-04T09:14:07.2904618Z Included Software: https://github.com/actions/runner-images/blob/ubuntu24/20260927.320/images/ubuntu/Ubuntu2404-Readme.md
2026-10-04T09:14:07.2905905Z Image Release: https://github.com/actions/runner-images/releases/tag/ubuntu24%2F20260927.320
2026-10-04T09:14:07.2906690Z ##[endgroup]
2026-10-04T09:14:07.2907984Z ##[group]GITHUB_TOKEN Permissions
2026-10-04T09:14:07.2909801Z Actions: write
2026-10-04T09:14:07.2910424Z Contents: write
2026-10-04T09:14:07.2910992Z Metadata: read
2026-10-04T09:14:07.2911633Z ##[endgroup]
2026-10-04T09:14:07.2914218Z Secret source: Actions
2026-10-04T09:14:07.2915297Z Cache mode: write
2026-10-04T09:14:07.2916217Z Prepare workflow directory
2026-10-04T09:14:07.3270189Z Prepare all required actions
2026-10-04T09:14:07.3324900Z Getting action download info
2026-10-04T09:14:07.5216883Z Download action repository 'actions/checkout@v4' (SHA:11d5960a326750d5838078e36cf38b85af677262)
2026-10-04T09:14:07.7820160Z Complete job name: update
2026-10-04T09:14:07.8467982Z ##[group]Run actions/checkout@v4
2026-10-04T09:14:07.8468648Z with:
2026-10-04T09:14:07.8469018Z   repository: Sam5440/ys_problem_web
2026-10-04T09:14:07.8472352Z   token: ***
2026-10-04T09:14:07.8472938Z   ssh-strict: true
2026-10-04T09:14:07.8473308Z   ssh-user: git
2026-10-04T09:14:07.8473679Z   persist-credentials: true
2026-10-04T09:14:07.8474077Z   clean: true
2026-10-04T09:14:07.8474451Z   sparse-checkout-cone-mode: true
2026-10-04T09:14:07.8474865Z   fetch-depth: 1
2026-10-04T09:14:07.8475219Z   fetch-tags: false
2026-10-04T09:14:07.8475577Z   show-progress: true
2026-10-04T09:14:07.8475935Z   lfs: false
2026-10-04T09:14:07.8476273Z   submodules: false
2026-10-04T09:14:07.8476628Z   set-safe-directory: true
2026-10-04T09:14:07.8477029Z   allow-unsafe-pr-checkout: false
2026-10-04T09:14:07.8477666Z ##[endgroup]
2026-10-04T09:14:07.9283721Z Syncing repository: Sam5440/ys_problem_web
2026-10-04T09:14:07.9285770Z ##[group]Getting Git version info
2026-10-04T09:14:07.9286898Z Working directory is '/home/runner/work/ys_problem_web/ys_problem_web'
2026-10-04T09:14:07.9288291Z [command]/usr/bin/git version
2026-10-04T09:14:07.9766780Z git version 2.55.0
2026-10-04T09:14:07.9805198Z ##[endgroup]
2026-10-04T09:14:07.9812082Z Temporarily overriding HOME='/home/runner/work/_temp/ec59eece-6c09-4c52-a185-690a1bad2158' before making global git config changes
2026-10-04T09:14:07.9813971Z Adding repository directory to the temporary git global config as a safe directory
2026-10-04T09:14:07.9815396Z [command]/usr/bin/git config --global --add safe.directory /home/runner/work/ys_problem_web/ys_problem_web
2026-10-04T09:14:07.9850886Z Deleting the contents of '/home/runner/work/ys_problem_web/ys_problem_web'
2026-10-04T09:14:07.9858531Z ##[group]Initializing the repository
2026-10-04T09:14:07.9867947Z [command]/usr/bin/git init /home/runner/work/ys_problem_web/ys_problem_web
2026-10-04T09:14:07.9954802Z hint: Using 'master' as the name for the initial branch. This default branch name
2026-10-04T09:14:07.9956065Z hint: will change to "main" in Git 3.0. To configure the initial branch name
2026-10-04T09:14:07.9957119Z hint: to use in all of your new repositories, which will suppress this warning,
2026-10-04T09:14:07.9958587Z hint: call:
2026-10-04T09:14:07.9959092Z hint:
2026-10-04T09:14:07.9959662Z hint: 	git config --global init.defaultBranch <name>
2026-10-04T09:14:07.9960169Z hint:
2026-10-04T09:14:07.9960638Z hint: Names commonly chosen instead of 'master' are 'main', 'trunk' and
2026-10-04T09:14:07.9961382Z hint: 'development'. The just-created branch can be renamed via this command:
2026-10-04T09:14:07.9961967Z hint:
2026-10-04T09:14:07.9962440Z hint: 	git branch -m <name>
2026-10-04T09:14:07.9963100Z hint:
2026-10-04T09:14:07.9963863Z hint: Disable this message with "git config set advice.defaultBranchName false"
2026-10-04T09:14:07.9964933Z Initialized empty Git repository in /home/runner/work/ys_problem_web/ys_problem_web/.git/
2026-10-04T09:14:07.9966577Z [command]/usr/bin/git remote add origin https://github.com/Sam5440/ys_problem_web
2026-10-04T09:14:08.0012329Z ##[endgroup]
2026-10-04T09:14:08.0013140Z ##[group]Disabling automatic garbage collection
2026-10-04T09:14:08.0015484Z [command]/usr/bin/git config --local gc.auto 0
2026-10-04T09:14:08.0044857Z ##[endgroup]
2026-10-04T09:14:08.0045486Z ##[group]Setting up auth
2026-10-04T09:14:08.0050130Z [command]/usr/bin/git config --local --name-only --get-regexp core\.sshCommand
2026-10-04T09:14:08.0078967Z [command]/usr/bin/git submodule foreach --recursive sh -c "git config --local --name-only --get-regexp 'core\.sshCommand' && git config --local --unset-all 'core.sshCommand' || :"
2026-10-04T09:14:08.2165092Z [command]/usr/bin/git config --local --name-only --get-regexp http\.https\:\/\/github\.com\/\.extraheader
2026-10-04T09:14:08.2193340Z [command]/usr/bin/git submodule foreach --recursive sh -c "git config --local --name-only --get-regexp 'http\.https\:\/\/github\.com\/\.extraheader' && git config --local --unset-all 'http.https://github.com/.extraheader' || :"
2026-10-04T09:14:08.2405374Z [command]/usr/bin/git config --local --name-only --get-regexp ^includeIf\.gitdir:
2026-10-04T09:14:08.2436705Z [command]/usr/bin/git submodule foreach --recursive git config --local --show-origin --name-only --get-regexp remote.origin.url
2026-10-04T09:14:08.2642442Z [command]/usr/bin/git config --local http.https://github.com/.extraheader AUTHORIZATION: basic ***
2026-10-04T09:14:08.2679768Z ##[endgroup]
2026-10-04T09:14:08.2680903Z ##[group]Fetching the repository
2026-10-04T09:14:08.2687935Z [command]/usr/bin/git -c protocol.version=2 fetch --no-tags --prune --no-recurse-submodules --depth=1 origin +e025fd77d9521cd0dbbda947172851d6a2653af4:refs/remotes/origin/main
2026-10-04T09:14:09.3905293Z From https://github.com/Sam5440/ys_problem_web
2026-10-04T09:14:09.3906465Z  * [new ref]         e025fd77d9521cd0dbbda947172851d6a2653af4 -> origin/main
2026-10-04T09:14:09.3908832Z ##[endgroup]
2026-10-04T09:14:09.3909310Z ##[group]Determining the checkout info
2026-10-04T09:14:09.3911246Z ##[endgroup]
2026-10-04T09:14:09.3916873Z [command]/usr/bin/git sparse-checkout disable
2026-10-04T09:14:09.3964432Z [command]/usr/bin/git config --local --unset-all extensions.worktreeConfig
2026-10-04T09:14:09.3995932Z ##[group]Checking out the ref
2026-10-04T09:14:09.3996483Z [command]/usr/bin/git checkout --progress --force -B main refs/remotes/origin/main
2026-10-04T09:14:09.5223336Z Switched to a new branch 'main'
2026-10-04T09:14:09.5226431Z branch 'main' set up to track 'origin/main'.
2026-10-04T09:14:09.5233884Z ##[endgroup]
2026-10-04T09:14:09.5274816Z [command]/usr/bin/git log -1 --format=%H
2026-10-04T09:14:09.5300125Z e025fd77d9521cd0dbbda947172851d6a2653af4
2026-10-04T09:14:09.5491639Z ##[group]Run UPSTREAM_SHA=$(git ls-remote https://github.com/Yawn-Sean/Daily_CF_Problems.git HEAD | cut -f1)
2026-10-04T09:14:09.5492538Z [36;1mUPSTREAM_SHA=$(git ls-remote https://github.com/Yawn-Sean/Daily_CF_Problems.git HEAD | cut -f1)[0m
2026-10-04T09:14:09.5493559Z [36;1mLAST_SHA=$(cat data/.upstream-sha 2>/dev/null || true)[0m
2026-10-04T09:14:09.5494102Z [36;1mif [ -n "$UPSTREAM_SHA" ] && [ "$UPSTREAM_SHA" = "$LAST_SHA" ]; then[0m
2026-10-04T09:14:09.5494868Z [36;1m  echo "Upstream unchanged since last sync — skipping heavy steps."[0m
2026-10-04T09:14:09.5495381Z [36;1m  echo "changed=false" >> "$GITHUB_OUTPUT"[0m
2026-10-04T09:14:09.5495780Z [36;1melse[0m
2026-10-04T09:14:09.5496158Z [36;1m  echo "changed=true" >> "$GITHUB_OUTPUT"[0m
2026-10-04T09:14:09.5496586Z [36;1mfi[0m
2026-10-04T09:14:09.5496954Z [36;1mecho "sha=$UPSTREAM_SHA" >> "$GITHUB_OUTPUT"[0m
2026-10-04T09:14:09.5717430Z shell: /usr/bin/bash -e {0}
2026-10-04T09:14:09.5717886Z ##[endgroup]
2026-10-04T09:14:09.7912908Z ##[group]Run npm ci
2026-10-04T09:14:09.7913193Z [36;1mnpm ci[0m
2026-10-04T09:14:09.7969628Z shell: /usr/bin/bash -e {0}
2026-10-04T09:14:09.7969858Z ##[endgroup]
2026-10-04T09:14:17.5689460Z 
2026-10-04T09:14:17.5690179Z added 66 packages, and audited 67 packages in 7s
2026-10-04T09:14:17.5690703Z 
2026-10-04T09:14:17.5690820Z 14 packages are looking for funding
2026-10-04T09:14:17.5691150Z   run `npm fund` for details
2026-10-04T09:14:17.5939198Z 
2026-10-04T09:14:17.5939917Z 2 vulnerabilities (1 moderate, 1 high)
2026-10-04T09:14:17.5940296Z 
2026-10-04T09:14:17.5940508Z To address all issues (including breaking changes), run:
2026-10-04T09:14:17.5940956Z   npm audit fix --force
2026-10-04T09:14:17.5941155Z 
2026-10-04T09:14:17.5941330Z Run `npm audit` for details.
2026-10-04T09:14:17.6450799Z ##[group]Run npx playwright install --with-deps chromium
2026-10-04T09:14:17.6451177Z [36;1mnpx playwright install --with-deps chromium[0m
2026-10-04T09:14:17.6509638Z shell: /usr/bin/bash -e {0}
2026-10-04T09:14:17.6509874Z ##[endgroup]
2026-10-04T09:14:18.3834537Z Installing dependencies...
2026-10-04T09:14:18.3882422Z Switching to root user to install dependencies...
2026-10-04T09:14:18.5181822Z Get:1 file:/etc/apt/apt-mirrors.txt Mirrorlist [144 B]
2026-10-04T09:14:18.6016617Z Get:6 https://packages.microsoft.com/ubuntu/24.04/prod noble InRelease [3600 B]
2026-10-04T09:14:18.6328086Z Hit:2 http://azure.archive.ubuntu.com/ubuntu noble InRelease
2026-10-04T09:14:18.6341309Z Get:3 http://azure.archive.ubuntu.com/ubuntu noble-updates InRelease [126 kB]
2026-10-04T09:14:18.6388466Z Get:4 http://azure.archive.ubuntu.com/ubuntu noble-backports InRelease [126 kB]
2026-10-04T09:14:18.6419520Z Get:5 http://azure.archive.ubuntu.com/ubuntu noble-security InRelease [126 kB]
2026-10-04T09:14:18.6578998Z Get:7 https://packages.microsoft.com/ubuntu/24.04/prod noble/main armhf Packages [12.6 kB]
2026-10-04T09:14:18.6690077Z Get:8 https://packages.microsoft.com/ubuntu/24.04/prod noble/main amd64 Packages [511 kB]
2026-10-04T09:14:18.6798184Z Get:9 https://packages.microsoft.com/ubuntu/24.04/prod noble/main arm64 Packages [458 kB]
2026-10-04T09:14:18.7465103Z Get:10 http://azure.archive.ubuntu.com/ubuntu noble-updates/main amd64 Packages [1364 kB]
2026-10-04T09:14:18.7544982Z Get:11 http://azure.archive.ubuntu.com/ubuntu noble-updates/main Translation-en [304 kB]
2026-10-04T09:14:18.7570932Z Get:12 http://azure.archive.ubuntu.com/ubuntu noble-updates/main amd64 Components [181 kB]
2026-10-04T09:14:18.7595472Z Get:13 http://azure.archive.ubuntu.com/ubuntu noble-updates/universe amd64 Packages [1699 kB]
2026-10-04T09:14:18.7671554Z Get:14 http://azure.archive.ubuntu.com/ubuntu noble-updates/universe Translation-en [341 kB]
2026-10-04T09:14:18.7714358Z Get:15 http://azure.archive.ubuntu.com/ubuntu noble-updates/universe amd64 Components [388 kB]
2026-10-04T09:14:18.7743675Z Get:16 http://azure.archive.ubuntu.com/ubuntu noble-updates/restricted amd64 Packages [1720 kB]
2026-10-04T09:14:18.7809035Z Get:17 http://azure.archive.ubuntu.com/ubuntu noble-updates/restricted Translation-en [394 kB]
2026-10-04T09:14:18.7838816Z Get:18 http://azure.archive.ubuntu.com/ubuntu noble-updates/multiverse amd64 Components [940 B]
2026-10-04T09:14:18.8006331Z Get:19 http://azure.archive.ubuntu.com/ubuntu noble-backports/main amd64 Components [5736 B]
2026-10-04T09:14:18.8440958Z Get:20 http://azure.archive.ubuntu.com/ubuntu noble-backports/universe amd64 Components [12.6 kB]
2026-10-04T09:14:18.8458013Z Get:21 http://azure.archive.ubuntu.com/ubuntu noble-security/main amd64 Packages [1069 kB]
2026-10-04T09:14:18.8512056Z Get:22 http://azure.archive.ubuntu.com/ubuntu noble-security/main Translation-en [221 kB]
2026-10-04T09:14:18.8531484Z Get:23 http://azure.archive.ubuntu.com/ubuntu noble-security/main amd64 Components [46.5 kB]
2026-10-04T09:14:18.8546983Z Get:24 http://azure.archive.ubuntu.com/ubuntu noble-security/universe amd64 Packages [1216 kB]
2026-10-04T09:14:18.8604429Z Get:25 http://azure.archive.ubuntu.com/ubuntu noble-security/universe Translation-en [244 kB]
2026-10-04T09:14:18.8625225Z Get:26 http://azure.archive.ubuntu.com/ubuntu noble-security/universe amd64 Components [76.3 kB]
2026-10-04T09:14:18.8642228Z Get:27 http://azure.archive.ubuntu.com/ubuntu noble-security/restricted amd64 Packages [1566 kB]
2026-10-04T09:14:18.8712960Z Get:28 http://azure.archive.ubuntu.com/ubuntu noble-security/restricted Translation-en [361 kB]
2026-10-04T09:14:27.2609900Z Fetched 12.6 MB in 1s (10.7 MB/s)
2026-10-04T09:14:27.9536940Z Reading package lists...
2026-10-04T09:14:27.9743788Z Reading package lists...
2026-10-04T09:14:28.1780615Z Building dependency tree...
2026-10-04T09:14:28.1787436Z Reading state information...
2026-10-04T09:14:28.3267898Z libasound2t64 is already the newest version (1.2.11-1ubuntu0.3).
2026-10-04T09:14:28.3269030Z libasound2t64 set to manually installed.
2026-10-04T09:14:28.3269518Z libatk-bridge2.0-0t64 is already the newest version (2.52.0-1build1).
2026-10-04T09:14:28.3270027Z libatk-bridge2.0-0t64 set to manually installed.
2026-10-04T09:14:28.3270518Z libatk1.0-0t64 is already the newest version (2.52.0-1build1).
2026-10-04T09:14:28.3270946Z libatk1.0-0t64 set to manually installed.
2026-10-04T09:14:28.3271379Z libatspi2.0-0t64 is already the newest version (2.52.0-1build1).
2026-10-04T09:14:28.3271845Z libatspi2.0-0t64 set to manually installed.
2026-10-04T09:14:28.3272289Z libcairo2 is already the newest version (1.18.0-3build1).
2026-10-04T09:14:28.3272910Z libcairo2 set to manually installed.
2026-10-04T09:14:28.3273383Z libcups2t64 is already the newest version (2.4.7-1.2ubuntu7.14).
2026-10-04T09:14:28.3273858Z libcups2t64 set to manually installed.
2026-10-04T09:14:28.3274352Z libdbus-1-3 is already the newest version (1.14.10-4ubuntu4.1).
2026-10-04T09:14:28.3274858Z libdbus-1-3 set to manually installed.
2026-10-04T09:14:28.3275300Z libdrm2 is already the newest version (2.4.125-1ubuntu0.1~24.04.2).
2026-10-04T09:14:28.3275792Z libdrm2 set to manually installed.
2026-10-04T09:14:28.3276215Z libglib2.0-0t64 is already the newest version (2.80.0-6ubuntu3.9).
2026-10-04T09:14:28.3276677Z libglib2.0-0t64 set to manually installed.
2026-10-04T09:14:28.3277100Z libnspr4 is already the newest version (2:4.35-1.1build1).
2026-10-04T09:14:28.3277486Z libnspr4 set to manually installed.
2026-10-04T09:14:28.3277830Z libnss3 is already the newest version (2:3.98-1ubuntu0.2).
2026-10-04T09:14:28.3278189Z libnss3 set to manually installed.
2026-10-04T09:14:28.3278497Z libpango-1.0-0 is already the newest version (1.52.1+ds-1build1).
2026-10-04T09:14:28.3278866Z libpango-1.0-0 set to manually installed.
2026-10-04T09:14:28.3279136Z libx11-6 is already the newest version (2:1.8.7-1build1).
2026-10-04T09:14:28.3279403Z libx11-6 set to manually installed.
2026-10-04T09:14:28.3279647Z libxcb1 is already the newest version (1.15-1ubuntu2).
2026-10-04T09:14:28.3279914Z libxcb1 set to manually installed.
2026-10-04T09:14:28.3280335Z libxcomposite1 is already the newest version (1:0.4.5-1build3).
2026-10-04T09:14:28.3280634Z libxcomposite1 set to manually installed.
2026-10-04T09:14:28.3280905Z libxdamage1 is already the newest version (1:1.1.6-1build1).
2026-10-04T09:14:28.3281176Z libxdamage1 set to manually installed.
2026-10-04T09:14:28.3281432Z libxext6 is already the newest version (2:1.3.4-1build2).
2026-10-04T09:14:28.3281686Z libxext6 set to manually installed.
2026-10-04T09:14:28.3281933Z libxfixes3 is already the newest version (1:6.0.0-2build1).
2026-10-04T09:14:28.3282297Z libxfixes3 set to manually installed.
2026-10-04T09:14:28.3282897Z libxkbcommon0 is already the newest version (1.6.0-1build1).
2026-10-04T09:14:28.3283177Z libxkbcommon0 set to manually installed.
2026-10-04T09:14:28.3283438Z libxrandr2 is already the newest version (2:1.5.2-2build1).
2026-10-04T09:14:28.3283712Z libxrandr2 set to manually installed.
2026-10-04T09:14:28.3283963Z xvfb is already the newest version (2:21.1.12-1ubuntu1.8).
2026-10-04T09:14:28.3284314Z fonts-noto-color-emoji is already the newest version (2.047-0ubuntu0.24.04.1).
2026-10-04T09:14:28.3284752Z libfontconfig1 is already the newest version (2.15.0-1.1ubuntu2).
2026-10-04T09:14:28.3285164Z libfontconfig1 set to manually installed.
2026-10-04T09:14:28.3285580Z libfreetype6 is already the newest version (2.13.2+dfsg-1ubuntu0.1).
2026-10-04T09:14:28.3286011Z libfreetype6 set to manually installed.
2026-10-04T09:14:28.3286415Z fonts-liberation is already the newest version (1:2.1.5-3).
2026-10-04T09:14:28.3286823Z fonts-liberation set to manually installed.
2026-10-04T09:14:28.3287231Z The following additional packages will be installed:
2026-10-04T09:14:28.3287666Z   libgl1-mesa-dri libglx-mesa0 mesa-libgallium xfonts-encodings xfonts-utils
2026-10-04T09:14:28.3288011Z Recommended packages:
2026-10-04T09:14:28.3288229Z   fonts-ipafont-mincho fonts-tlwg-loma
2026-10-04T09:14:28.3452556Z The following NEW packages will be installed:
2026-10-04T09:14:28.3453402Z   fonts-freefont-ttf fonts-ipafont-gothic fonts-tlwg-loma-otf fonts-unifont
2026-10-04T09:14:28.3457912Z   fonts-wqy-zenhei xfonts-cyrillic xfonts-encodings xfonts-scalable
2026-10-04T09:14:28.3458416Z   xfonts-utils
2026-10-04T09:14:28.3461936Z The following packages will be upgraded:
2026-10-04T09:14:28.3466227Z   libgbm1 libgl1-mesa-dri libglx-mesa0 mesa-libgallium
2026-10-04T09:14:28.3614914Z 4 upgraded, 9 newly installed, 0 to remove and 21 not upgraded.
2026-10-04T09:14:28.3615408Z Need to get 32.1 MB of archives.
2026-10-04T09:14:28.3615840Z After this operation, 79.5 MB of additional disk space will be used.
2026-10-04T09:14:28.3616394Z Get:1 file:/etc/apt/apt-mirrors.txt Mirrorlist [144 B]
2026-10-04T09:14:28.5683661Z Get:2 http://azure.archive.ubuntu.com/ubuntu noble/universe amd64 fonts-ipafont-gothic all 00303-21ubuntu1 [3513 kB]
2026-10-04T09:14:29.4715450Z Get:3 http://azure.archive.ubuntu.com/ubuntu noble/main amd64 fonts-freefont-ttf all 20211204+svn4273-2 [5641 kB]
2026-10-04T09:14:29.7427955Z Get:4 http://azure.archive.ubuntu.com/ubuntu noble/universe amd64 fonts-tlwg-loma-otf all 1:0.7.3-1 [107 kB]
2026-10-04T09:14:29.8406102Z Get:5 http://azure.archive.ubuntu.com/ubuntu noble/universe amd64 fonts-unifont all 1:15.1.01-1build1 [2993 kB]
2026-10-04T09:14:30.0245139Z Get:6 http://azure.archive.ubuntu.com/ubuntu noble/universe amd64 fonts-wqy-zenhei all 0.9.45-8 [7472 kB]
2026-10-04T09:14:30.3447609Z Get:7 http://azure.archive.ubuntu.com/ubuntu noble-updates/main amd64 libgl1-mesa-dri amd64 25.2.8-0ubuntu0.24.04.4 [38.0 kB]
2026-10-04T09:14:30.4405766Z Get:8 http://azure.archive.ubuntu.com/ubuntu noble-updates/main amd64 libglx-mesa0 amd64 25.2.8-0ubuntu0.24.04.4 [110 kB]
2026-10-04T09:14:30.5381903Z Get:9 http://azure.archive.ubuntu.com/ubuntu noble-updates/main amd64 libgbm1 amd64 25.2.8-0ubuntu0.24.04.4 [34.2 kB]
2026-10-04T09:14:30.6343732Z Get:10 http://azure.archive.ubuntu.com/ubuntu noble-updates/main amd64 mesa-libgallium amd64 25.2.8-0ubuntu0.24.04.4 [10.8 MB]
2026-10-04T09:14:31.0555317Z Get:11 http://azure.archive.ubuntu.com/ubuntu noble/main amd64 xfonts-encodings all 1:1.0.5-0ubuntu2 [578 kB]
2026-10-04T09:14:31.1679009Z Get:12 http://azure.archive.ubuntu.com/ubuntu noble/main amd64 xfonts-utils amd64 1:7.7+6build3 [94.4 kB]
2026-10-04T09:14:31.2652551Z Get:13 http://azure.archive.ubuntu.com/ubuntu noble/universe amd64 xfonts-cyrillic all 1:1.0.5+nmu1 [384 kB]
2026-10-04T09:14:31.3715310Z Get:14 http://azure.archive.ubuntu.com/ubuntu noble/main amd64 xfonts-scalable all 1:1.0.3-1.3 [304 kB]
2026-10-04T09:14:31.6322950Z Fetched 32.1 MB in 3s (10.6 MB/s)
2026-10-04T09:14:31.6517272Z Selecting previously unselected package fonts-ipafont-gothic.
2026-10-04T09:14:31.6924583Z (Reading database ... 
2026-10-04T09:14:31.6924862Z (Reading database ... 5%
2026-10-04T09:14:31.6925076Z (Reading database ... 10%
2026-10-04T09:14:31.6925276Z (Reading database ... 15%
2026-10-04T09:14:31.6925491Z (Reading database ... 20%
2026-10-04T09:14:31.6925696Z (Reading database ... 25%
2026-10-04T09:14:31.6925883Z (Reading database ... 30%
2026-10-04T09:14:31.6926064Z (Reading database ... 35%
2026-10-04T09:14:31.6926241Z (Reading database ... 40%
2026-10-04T09:14:31.6926423Z (Reading database ... 45%
2026-10-04T09:14:31.6926603Z (Reading database ... 50%
2026-10-04T09:14:31.6966443Z (Reading database ... 55%
2026-10-04T09:14:31.8025186Z (Reading database ... 60%
2026-10-04T09:14:32.0083908Z (Reading database ... 65%
2026-10-04T09:14:32.2135381Z (Reading database ... 70%
2026-10-04T09:14:32.4635481Z (Reading database ... 75%
2026-10-04T09:14:32.6446426Z (Reading database ... 80%
2026-10-04T09:14:32.8510741Z (Reading database ... 85%
2026-10-04T09:14:33.3077466Z (Reading database ... 90%
2026-10-04T09:14:33.4265310Z (Reading database ... 95%
2026-10-04T09:14:33.4265700Z (Reading database ... 100%
2026-10-04T09:14:33.4266118Z (Reading database ... 202296 files and directories currently installed.)
2026-10-04T09:14:33.4308673Z Preparing to unpack .../00-fonts-ipafont-gothic_00303-21ubuntu1_all.deb ...
2026-10-04T09:14:33.4386693Z Unpacking fonts-ipafont-gothic (00303-21ubuntu1) ...
2026-10-04T09:14:33.6766136Z Selecting previously unselected package fonts-freefont-ttf.
2026-10-04T09:14:33.6878268Z Preparing to unpack .../01-fonts-freefont-ttf_20211204+svn4273-2_all.deb ...
2026-10-04T09:14:33.6885533Z Unpacking fonts-freefont-ttf (20211204+svn4273-2) ...
2026-10-04T09:14:33.8020784Z Selecting previously unselected package fonts-tlwg-loma-otf.
2026-10-04T09:14:33.8131127Z Preparing to unpack .../02-fonts-tlwg-loma-otf_1%3a0.7.3-1_all.deb ...
2026-10-04T09:14:33.8137374Z Unpacking fonts-tlwg-loma-otf (1:0.7.3-1) ...
2026-10-04T09:14:33.8482984Z Selecting previously unselected package fonts-unifont.
2026-10-04T09:14:33.8601626Z Preparing to unpack .../03-fonts-unifont_1%3a15.1.01-1build1_all.deb ...
2026-10-04T09:14:33.8606418Z Unpacking fonts-unifont (1:15.1.01-1build1) ...
2026-10-04T09:14:34.0527864Z Selecting previously unselected package fonts-wqy-zenhei.
2026-10-04T09:14:34.0641390Z Preparing to unpack .../04-fonts-wqy-zenhei_0.9.45-8_all.deb ...
2026-10-04T09:14:34.0727825Z Unpacking fonts-wqy-zenhei (0.9.45-8) ...
2026-10-04T09:14:34.5197844Z Preparing to unpack .../05-libgl1-mesa-dri_25.2.8-0ubuntu0.24.04.4_amd64.deb ...
2026-10-04T09:14:34.5318008Z Unpacking libgl1-mesa-dri:amd64 (25.2.8-0ubuntu0.24.04.4) over (25.2.8-0ubuntu0.24.04.2) ...
2026-10-04T09:14:34.5733805Z Preparing to unpack .../06-libglx-mesa0_25.2.8-0ubuntu0.24.04.4_amd64.deb ...
2026-10-04T09:14:34.6407050Z Unpacking libglx-mesa0:amd64 (25.2.8-0ubuntu0.24.04.4) over (25.2.8-0ubuntu0.24.04.2) ...
2026-10-04T09:14:34.7280530Z Preparing to unpack .../07-libgbm1_25.2.8-0ubuntu0.24.04.4_amd64.deb ...
2026-10-04T09:14:34.7300383Z Unpacking libgbm1:amd64 (25.2.8-0ubuntu0.24.04.4) over (25.2.8-0ubuntu0.24.04.2) ...
2026-10-04T09:14:34.7630219Z Preparing to unpack .../08-mesa-libgallium_25.2.8-0ubuntu0.24.04.4_amd64.deb ...
2026-10-04T09:14:34.7648384Z Unpacking mesa-libgallium:amd64 (25.2.8-0ubuntu0.24.04.4) over (25.2.8-0ubuntu0.24.04.2) ...
2026-10-04T09:14:35.1069203Z Selecting previously unselected package xfonts-encodings.
2026-10-04T09:14:35.1183072Z Preparing to unpack .../09-xfonts-encodings_1%3a1.0.5-0ubuntu2_all.deb ...
2026-10-04T09:14:35.1188643Z Unpacking xfonts-encodings (1:1.0.5-0ubuntu2) ...
2026-10-04T09:14:35.1499280Z Selecting previously unselected package xfonts-utils.
2026-10-04T09:14:35.1611896Z Preparing to unpack .../10-xfonts-utils_1%3a7.7+6build3_amd64.deb ...
2026-10-04T09:14:35.1617901Z Unpacking xfonts-utils (1:7.7+6build3) ...
2026-10-04T09:14:35.1907704Z Selecting previously unselected package xfonts-cyrillic.
2026-10-04T09:14:35.2021906Z Preparing to unpack .../11-xfonts-cyrillic_1%3a1.0.5+nmu1_all.deb ...
2026-10-04T09:14:35.2096832Z Unpacking xfonts-cyrillic (1:1.0.5+nmu1) ...
2026-10-04T09:14:35.4108389Z Selecting previously unselected package xfonts-scalable.
2026-10-04T09:14:35.4222883Z Preparing to unpack .../12-xfonts-scalable_1%3a1.0.3-1.3_all.deb ...
2026-10-04T09:14:35.4228369Z Unpacking xfonts-scalable (1:1.0.3-1.3) ...
2026-10-04T09:14:35.5320762Z Setting up mesa-libgallium:amd64 (25.2.8-0ubuntu0.24.04.4) ...
2026-10-04T09:14:35.5336244Z Setting up libgbm1:amd64 (25.2.8-0ubuntu0.24.04.4) ...
2026-10-04T09:14:35.5349410Z Setting up libgl1-mesa-dri:amd64 (25.2.8-0ubuntu0.24.04.4) ...
2026-10-04T09:14:35.5408769Z Setting up fonts-wqy-zenhei (0.9.45-8) ...
2026-10-04T09:14:35.5878009Z Setting up fonts-freefont-ttf (20211204+svn4273-2) ...
2026-10-04T09:14:35.5891499Z Setting up fonts-tlwg-loma-otf (1:0.7.3-1) ...
2026-10-04T09:14:35.5905366Z Setting up xfonts-encodings (1:1.0.5-0ubuntu2) ...
2026-10-04T09:14:35.5918848Z Setting up fonts-ipafont-gothic (00303-21ubuntu1) ...
2026-10-04T09:14:35.5974090Z update-alternatives: using /usr/share/fonts/opentype/ipafont-gothic/ipag.ttf to provide /usr/share/fonts/truetype/fonts-japanese-gothic.ttf (fonts-japanese-gothic.ttf) in auto mode
2026-10-04T09:14:35.5988796Z Setting up fonts-unifont (1:15.1.01-1build1) ...
2026-10-04T09:14:35.6002796Z Setting up libglx-mesa0:amd64 (25.2.8-0ubuntu0.24.04.4) ...
2026-10-04T09:14:35.6018803Z Setting up xfonts-utils (1:7.7+6build3) ...
2026-10-04T09:14:35.6050787Z Setting up xfonts-cyrillic (1:1.0.5+nmu1) ...
2026-10-04T09:14:35.6298821Z Setting up xfonts-scalable (1:1.0.3-1.3) ...
2026-10-04T09:14:35.6533565Z Processing triggers for libc-bin (2.39-0ubuntu8.9) ...
2026-10-04T09:14:36.1224881Z Processing triggers for man-db (2.12.0-4build2) ...
2026-10-04T09:14:36.1244216Z Not building database; man-db/auto-update is not 'true'.
2026-10-04T09:14:36.1274825Z Processing triggers for fontconfig (2.15.0-1.1ubuntu2) ...
2026-10-04T09:14:37.2441824Z 
2026-10-04T09:14:37.2443149Z Running kernel seems to be up-to-date.
2026-10-04T09:14:37.2443474Z 
2026-10-04T09:14:37.2443601Z No services need to be restarted.
2026-10-04T09:14:37.2443807Z 
2026-10-04T09:14:37.2443889Z No containers need to be restarted.
2026-10-04T09:14:37.2444043Z 
2026-10-04T09:14:37.2444173Z No user sessions are running outdated binaries.
2026-10-04T09:14:37.2444346Z 
2026-10-04T09:14:37.2444507Z No VM guests are running outdated hypervisor (qemu) binaries on this host.
2026-10-04T09:14:38.2097222Z Downloading Chrome for Testing 153.0.8010.12 (playwright chromium v1243) from https://cdn.playwright.dev/builds/cft/153.0.8010.12/linux64/chrome-linux64.zip
2026-10-04T09:14:38.5219353Z |                                                                                |   0% of 186.8 MiB
2026-10-04T09:14:38.6737081Z |■■■■■■■■                                                                        |  10% of 186.8 MiB
2026-10-04T09:14:38.7603371Z |■■■■■■■■■■■■■■■■                                                                |  20% of 186.8 MiB
2026-10-04T09:14:38.8212974Z |■■■■■■■■■■■■■■■■■■■■■■■■                                                        |  30% of 186.8 MiB
2026-10-04T09:14:38.8763161Z |■■■■■■■■■■■■■■■■■■■■■■■■■■■■■■■■                                                |  40% of 186.8 MiB
2026-10-04T09:14:38.9370437Z |■■■■■■■■■■■■■■■■■■■■■■■■■■■■■■■■■■■■■■■■                                        |  50% of 186.8 MiB
2026-10-04T09:14:38.9952381Z |■■■■■■■■■■■■■■■■■■■■■■■■■■■■■■■■■■■■■■■■■■■■■■■■                                |  60% of 186.8 MiB
2026-10-04T09:14:39.0426787Z |■■■■■■■■■■■■■■■■■■■■■■■■■■■■■■■■■■■■■■■■■■■■■■■■■■■■■■■■                        |  70% of 186.8 MiB
2026-10-04T09:14:39.0939325Z |■■■■■■■■■■■■■■■■■■■■■■■■■■■■■■■■■■■■■■■■■■■■■■■■■■■■■■■■■■■■■■■■                |  80% of 186.8 MiB
2026-10-04T09:14:39.1474534Z |■■■■■■■■■■■■■■■■■■■■■■■■■■■■■■■■■■■■■■■■■■■■■■■■■■■■■■■■■■■■■■■■■■■■■■■■        |  90% of 186.8 MiB
2026-10-04T09:14:39.2045394Z |■■■■■■■■■■■■■■■■■■■■■■■■■■■■■■■■■■■■■■■■■■■■■■■■■■■■■■■■■■■■■■■■■■■■■■■■■■■■■■■■| 100% of 186.8 MiB
2026-10-04T09:14:41.2736158Z Chrome for Testing 153.0.8010.12 (playwright chromium v1243) downloaded to /home/runner/.cache/ms-playwright/chromium-1243
2026-10-04T09:14:41.2739590Z Downloading FFmpeg (playwright ffmpeg v1011) from https://cdn.playwright.dev/dbazure/download/playwright/builds/ffmpeg/1011/ffmpeg-linux.zip
2026-10-04T09:14:41.5604770Z |                                                                                |   0% of 2.3 MiB
2026-10-04T09:14:41.5645977Z |■■■■■■■■                                                                        |  10% of 2.3 MiB
2026-10-04T09:14:41.5696725Z |■■■■■■■■■■■■■■■■                                                                |  20% of 2.3 MiB
2026-10-04T09:14:41.5723990Z |■■■■■■■■■■■■■■■■■■■■■■■■                                                        |  30% of 2.3 MiB
2026-10-04T09:14:41.5746375Z |■■■■■■■■■■■■■■■■■■■■■■■■■■■■■■■■                                                |  40% of 2.3 MiB
2026-10-04T09:14:41.5765710Z |■■■■■■■■■■■■■■■■■■■■■■■■■■■■■■■■■■■■■■■■                                        |  50% of 2.3 MiB
2026-10-04T09:14:41.5770885Z |■■■■■■■■■■■■■■■■■■■■■■■■■■■■■■■■■■■■■■■■■■■■■■■■                                |  60% of 2.3 MiB
2026-10-04T09:14:41.5786461Z |■■■■■■■■■■■■■■■■■■■■■■■■■■■■■■■■■■■■■■■■■■■■■■■■■■■■■■■■                        |  70% of 2.3 MiB
2026-10-04T09:14:41.5799332Z |■■■■■■■■■■■■■■■■■■■■■■■■■■■■■■■■■■■■■■■■■■■■■■■■■■■■■■■■■■■■■■■■                |  80% of 2.3 MiB
2026-10-04T09:14:41.5818681Z |■■■■■■■■■■■■■■■■■■■■■■■■■■■■■■■■■■■■■■■■■■■■■■■■■■■■■■■■■■■■■■■■■■■■■■■■        |  90% of 2.3 MiB
2026-10-04T09:14:41.5823478Z |■■■■■■■■■■■■■■■■■■■■■■■■■■■■■■■■■■■■■■■■■■■■■■■■■■■■■■■■■■■■■■■■■■■■■■■■■■■■■■■■| 100% of 2.3 MiB
2026-10-04T09:14:41.6369377Z FFmpeg (playwright ffmpeg v1011) downloaded to /home/runner/.cache/ms-playwright/ffmpeg-1011
2026-10-04T09:14:41.6371623Z Downloading Chrome Headless Shell 153.0.8010.12 (playwright chromium-headless-shell v1243) from https://cdn.playwright.dev/builds/cft/153.0.8010.12/linux64/chrome-headless-shell-linux64.zip
2026-10-04T09:14:41.9403216Z |                                                                                |   0% of 114.3 MiB
2026-10-04T09:14:42.0898871Z |■■■■■■■■                                                                        |  10% of 114.3 MiB
2026-10-04T09:14:42.2059692Z |■■■■■■■■■■■■■■■■                                                                |  20% of 114.3 MiB
2026-10-04T09:14:42.2567473Z |■■■■■■■■■■■■■■■■■■■■■■■■                                                        |  30% of 114.3 MiB
2026-10-04T09:14:42.2915092Z |■■■■■■■■■■■■■■■■■■■■■■■■■■■■■■■■                                                |  40% of 114.3 MiB
2026-10-04T09:14:42.3198519Z |■■■■■■■■■■■■■■■■■■■■■■■■■■■■■■■■■■■■■■■■                                        |  50% of 114.3 MiB
2026-10-04T09:14:42.3517322Z |■■■■■■■■■■■■■■■■■■■■■■■■■■■■■■■■■■■■■■■■■■■■■■■■                                |  60% of 114.3 MiB
2026-10-04T09:14:42.3801622Z |■■■■■■■■■■■■■■■■■■■■■■■■■■■■■■■■■■■■■■■■■■■■■■■■■■■■■■■■                        |  70% of 114.3 MiB
2026-10-04T09:14:42.4092530Z |■■■■■■■■■■■■■■■■■■■■■■■■■■■■■■■■■■■■■■■■■■■■■■■■■■■■■■■■■■■■■■■■                |  80% of 114.3 MiB
2026-10-04T09:14:42.4363950Z |■■■■■■■■■■■■■■■■■■■■■■■■■■■■■■■■■■■■■■■■■■■■■■■■■■■■■■■■■■■■■■■■■■■■■■■■        |  90% of 114.3 MiB
2026-10-04T09:14:42.4637346Z |■■■■■■■■■■■■■■■■■■■■■■■■■■■■■■■■■■■■■■■■■■■■■■■■■■■■■■■■■■■■■■■■■■■■■■■■■■■■■■■■| 100% of 114.3 MiB
2026-10-04T09:14:43.9411493Z Chrome Headless Shell 153.0.8010.12 (playwright chromium-headless-shell v1243) downloaded to /home/runner/.cache/ms-playwright/chromium_headless_shell-1243
2026-10-04T09:14:43.9646850Z ##[group]Run CF_STATEMENTS=0 TRANSLATE=0 node scripts/update-data.mjs
2026-10-04T09:14:43.9647266Z [36;1mCF_STATEMENTS=0 TRANSLATE=0 node scripts/update-data.mjs[0m
2026-10-04T09:14:43.9704224Z shell: /usr/bin/bash -e {0}
2026-10-04T09:14:43.9704446Z env:
2026-10-04T09:14:43.9706740Z   GITHUB_TOKEN: ***
2026-10-04T09:14:43.9706961Z ##[endgroup]
2026-10-04T09:14:44.0723836Z Discovering daily problem folders...
2026-10-04T09:14:44.7100129Z Found 813 days, syncing the most recent 813.
2026-10-04T09:14:44.9616240Z   2026-10-03: 2 problems
2026-10-04T09:14:44.9758678Z   2026-10-02: 2 problems
2026-10-04T09:14:44.9903270Z   2026-10-01: 2 problems
2026-10-04T09:14:45.0020427Z   2026-09-30: 2 problems
2026-10-04T09:14:45.0134693Z   2026-09-29: 2 problems
2026-10-04T09:14:45.0293406Z   2026-09-28: 2 problems
2026-10-04T09:14:45.0404578Z   2026-09-26: 2 problems
2026-10-04T09:14:45.0514003Z   2026-09-25: 2 problems
2026-10-04T09:14:45.0623920Z   2026-09-24: 2 problems
2026-10-04T09:14:45.0742947Z   2026-09-23: 2 problems
2026-10-04T09:14:45.0844973Z   2026-09-22: 2 problems
2026-10-04T09:14:45.1009831Z   2026-09-21: 2 problems
2026-10-04T09:14:45.1143592Z   2026-09-19: 2 problems
2026-10-04T09:14:45.1254388Z   2026-09-18: 2 problems
2026-10-04T09:14:45.1392640Z   2026-09-17: 2 problems
2026-10-04T09:14:45.1504589Z   2026-09-16: 2 problems
2026-10-04T09:14:45.1615418Z   2026-09-15: 2 problems
2026-10-04T09:14:45.1737716Z   2026-09-14: 2 problems
2026-10-04T09:14:45.1855561Z   2026-09-12: 2 problems
2026-10-04T09:14:45.1987589Z   2026-09-11: 2 problems
2026-10-04T09:14:45.2121444Z   2026-09-10: 2 problems
2026-10-04T09:14:45.2228955Z   2026-09-09: 2 problems
2026-10-04T09:14:45.2343074Z   2026-09-08: 2 problems
2026-10-04T09:14:45.2455695Z   2026-09-07: 2 problems
2026-10-04T09:14:45.2568897Z   2026-09-05: 2 problems
2026-10-04T09:14:45.2668929Z   2026-09-04: 2 problems
2026-10-04T09:14:45.2785572Z   2026-09-03: 2 problems
2026-10-04T09:14:45.2910688Z   2026-09-02: 2 problems
2026-10-04T09:14:45.3021311Z   2026-09-01: 2 problems
2026-10-04T09:14:45.3141016Z   2026-08-31: 2 problems
2026-10-04T09:14:45.3272891Z   2026-08-29: 2 problems
2026-10-04T09:14:45.3383682Z   2026-08-28: 2 problems
2026-10-04T09:14:45.3492516Z   2026-08-27: 2 problems
2026-10-04T09:14:45.3602454Z   2026-08-26: 2 problems
2026-10-04T09:14:45.3722843Z   2026-08-25: 2 problems
2026-10-04T09:14:45.3842206Z   2026-08-24: 2 problems
2026-10-04T09:14:45.3966059Z   2026-08-22: 2 problems
2026-10-04T09:14:45.4079998Z   2026-08-21: 2 problems
2026-10-04T09:14:45.4213669Z   2026-08-20: 2 problems
2026-10-04T09:14:45.4331409Z   2026-08-19: 2 problems
2026-10-04T09:14:45.4439911Z   2026-08-18: 2 problems
2026-10-04T09:14:45.4550481Z   2026-08-17: 2 problems
2026-10-04T09:14:45.4658392Z   2026-08-15: 2 problems
2026-10-04T09:14:45.4765771Z   2026-08-14: 2 problems
2026-10-04T09:14:45.4911033Z   2026-08-13: 2 problems
2026-10-04T09:14:45.5014352Z   2026-08-12: 2 problems
2026-10-04T09:14:45.5130581Z   2026-08-11: 2 problems
2026-10-04T09:14:45.5263855Z   2026-08-10: 2 problems
2026-10-04T09:14:45.5381184Z   2026-08-08: 2 problems
2026-10-04T09:14:45.5494132Z   2026-08-07: 2 problems
2026-10-04T09:14:45.5608143Z   2026-08-06: 2 problems
2026-10-04T09:14:45.5717204Z   2026-08-05: 2 problems
2026-10-04T09:14:45.5825988Z   2026-08-04: 2 problems
2026-10-04T09:14:45.5931508Z   2026-08-03: 2 problems
2026-10-04T09:14:45.6035280Z   2026-08-01: 2 problems
2026-10-04T09:14:45.6103920Z   2026-07-31: 2 problems
2026-10-04T09:14:45.6205611Z   2026-07-30: 2 problems
2026-10-04T09:14:45.6312827Z   2026-07-29: 2 problems
2026-10-04T09:14:45.6421643Z   2026-07-28: 2 problems
2026-10-04T09:14:45.6535879Z   2026-07-27: 2 problems
2026-10-04T09:14:45.6670949Z   2026-07-25: 2 problems
2026-10-04T09:14:45.6769528Z   2026-07-24: 2 problems
2026-10-04T09:14:45.6885661Z   2026-07-23: 2 problems
2026-10-04T09:14:45.6982246Z   2026-07-22: 2 problems
2026-10-04T09:14:45.7081998Z   2026-07-21: 2 problems
2026-10-04T09:14:45.7185002Z   2026-07-16: 2 problems
2026-10-04T09:14:45.7289150Z   2026-07-15: 2 problems
2026-10-04T09:14:45.7487059Z   2026-07-14: 2 problems
2026-10-04T09:14:45.7595613Z   2026-07-13: 2 problems
2026-10-04T09:14:45.7705438Z   2026-07-11: 2 problems
2026-10-04T09:14:45.7817300Z   2026-07-10: 2 problems
2026-10-04T09:14:45.7934734Z   2026-07-09: 2 problems
2026-10-04T09:14:45.8063773Z   2026-07-08: 2 problems
2026-10-04T09:14:45.8180315Z   2026-07-07: 2 problems
2026-10-04T09:14:45.8296615Z   2026-07-06: 2 problems
2026-10-04T09:14:45.8415968Z   2026-07-04: 2 problems
2026-10-04T09:14:45.8552025Z   2026-07-03: 2 problems
2026-10-04T09:14:45.8689563Z   2026-07-02: 2 problems
2026-10-04T09:14:45.8811210Z   2026-07-01: 2 problems
2026-10-04T09:14:45.8922169Z   2026-06-30: 2 problems
2026-10-04T09:14:45.9063634Z   2026-06-29: 2 problems
2026-10-04T09:14:45.9182212Z   2026-06-27: 2 problems
2026-10-04T09:14:45.9300617Z   2026-06-26: 2 problems
2026-10-04T09:14:45.9497236Z   2026-06-25: 2 problems
2026-10-04T09:14:45.9607131Z   2026-06-24: 2 problems
2026-10-04T09:14:45.9755959Z   2026-06-23: 2 problems
2026-10-04T09:14:45.9893065Z   2026-06-22: 2 problems
2026-10-04T09:14:45.9965850Z   2026-06-20: 1 problems
2026-10-04T09:14:46.0093488Z   2026-06-19: 2 problems
2026-10-04T09:14:46.0230857Z   2026-06-18: 2 problems
2026-10-04T09:14:46.0344699Z   2026-06-17: 2 problems
2026-10-04T09:14:46.0479778Z   2026-06-16: 2 problems
2026-10-04T09:14:46.0588381Z   2026-06-15: 2 problems
2026-10-04T09:14:46.0715247Z   2026-06-13: 2 problems
2026-10-04T09:14:46.0828001Z   2026-06-12: 2 problems
2026-10-04T09:14:46.0932180Z   2026-06-11: 2 problems
2026-10-04T09:14:46.1044882Z   2026-06-10: 2 problems
2026-10-04T09:14:46.1153451Z   2026-06-09: 2 problems
2026-10-04T09:14:46.1265674Z   2026-06-08: 2 problems
2026-10-04T09:14:46.1374570Z   2026-06-06: 2 problems
2026-10-04T09:14:46.1475231Z   2026-06-05: 2 problems
2026-10-04T09:14:46.1594207Z   2026-06-04: 2 problems
2026-10-04T09:14:46.1640083Z   2026-06-03: 2 problems
2026-10-04T09:14:46.1764422Z   2026-06-02: 2 problems
2026-10-04T09:14:46.1891705Z   2026-06-01: 2 problems
2026-10-04T09:14:46.2006494Z   2026-05-30: 2 problems
2026-10-04T09:14:46.2115067Z   2026-05-29: 2 problems
2026-10-04T09:14:46.2228488Z   2026-05-28: 2 problems
2026-10-04T09:14:46.2334568Z   2026-05-27: 2 problems
2026-10-04T09:14:46.2410664Z   2026-05-26: 2 problems
2026-10-04T09:14:46.2552110Z   2026-05-25: 2 problems
2026-10-04T09:14:46.2676909Z   2026-05-23: 2 problems
2026-10-04T09:14:46.2784262Z   2026-05-22: 2 problems
2026-10-04T09:14:46.2891485Z   2026-05-21: 2 problems
2026-10-04T09:14:46.3013971Z   2026-05-20: 2 problems
2026-10-04T09:14:46.3153339Z   2026-05-19: 2 problems
2026-10-04T09:14:46.3275040Z   2026-05-18: 2 problems
2026-10-04T09:14:46.3401539Z   2026-05-16: 2 problems
2026-10-04T09:14:46.3527490Z   2026-05-15: 2 problems
2026-10-04T09:14:46.3648904Z   2026-05-14: 2 problems
2026-10-04T09:14:46.3754280Z   2026-05-13: 2 problems
2026-10-04T09:14:46.3867567Z   2026-05-12: 2 problems
2026-10-04T09:14:46.4006011Z   2026-05-11: 2 problems
2026-10-04T09:14:46.4110595Z   2026-05-09: 2 problems
2026-10-04T09:14:46.4224442Z   2026-05-08: 2 problems
2026-10-04T09:14:46.4327219Z   2026-05-07: 2 problems
2026-10-04T09:14:46.4433838Z   2026-05-06: 2 problems
2026-10-04T09:14:46.4557492Z   2026-05-05: 2 problems
2026-10-04T09:14:46.4667788Z   2026-05-04: 2 problems
2026-10-04T09:14:46.4780297Z   2026-05-02: 2 problems
2026-10-04T09:14:46.4886598Z   2026-05-01: 2 problems
2026-10-04T09:14:46.4988902Z   2026-04-30: 2 problems
2026-10-04T09:14:46.5098008Z   2026-04-29: 2 problems
2026-10-04T09:14:46.5224775Z   2026-04-28: 2 problems
2026-10-04T09:14:46.5332875Z   2026-04-27: 2 problems
2026-10-04T09:14:46.5438750Z   2026-04-25: 2 problems
2026-10-04T09:14:46.5542050Z   2026-04-24: 2 problems
2026-10-04T09:14:46.5646101Z   2026-04-23: 2 problems
2026-10-04T09:14:46.5754366Z   2026-04-22: 2 problems
2026-10-04T09:14:46.5859396Z   2026-04-21: 2 problems
2026-10-04T09:14:46.6001291Z   2026-04-20: 2 problems
2026-10-04T09:14:46.6086338Z   2026-04-18: 2 problems
2026-10-04T09:14:46.6191635Z   2026-04-17: 2 problems
2026-10-04T09:14:46.6305940Z   2026-04-16: 2 problems
2026-10-04T09:14:46.6428632Z   2026-04-15: 2 problems
2026-10-04T09:14:46.6533665Z   2026-04-14: 2 problems
2026-10-04T09:14:46.6668288Z   2026-04-13: 2 problems
2026-10-04T09:14:46.6773210Z   2026-04-11: 2 problems
2026-10-04T09:14:46.6894803Z   2026-04-10: 2 problems
2026-10-04T09:14:46.6996365Z   2026-04-09: 2 problems
2026-10-04T09:14:46.7070544Z   2026-04-08: 2 problems
2026-10-04T09:14:46.7211214Z   2026-04-07: 2 problems
2026-10-04T09:14:46.7500657Z   2026-04-06: 2 problems
2026-10-04T09:14:46.7624767Z   2026-04-04: 2 problems
2026-10-04T09:14:46.7736548Z   2026-04-03: 2 problems
2026-10-04T09:14:46.7842477Z   2026-04-02: 2 problems
2026-10-04T09:14:46.7960044Z   2026-04-01: 2 problems
2026-10-04T09:14:46.8076816Z   2026-03-31: 2 problems
2026-10-04T09:14:46.8187507Z   2026-03-30: 2 problems
2026-10-04T09:14:46.8294314Z   2026-03-28: 2 problems
2026-10-04T09:14:46.8424225Z   2026-03-27: 2 problems
2026-10-04T09:14:46.8540944Z   2026-03-26: 2 problems
2026-10-04T09:14:46.8657813Z   2026-03-25: 2 problems
2026-10-04T09:14:46.8797078Z   2026-03-24: 2 problems
2026-10-04T09:14:46.8907321Z   2026-03-23: 2 problems
2026-10-04T09:14:46.9015148Z   2026-03-21: 2 problems
2026-10-04T09:14:46.9137106Z   2026-03-20: 2 problems
2026-10-04T09:14:46.9250576Z   2026-03-19: 2 problems
2026-10-04T09:14:46.9364722Z   2026-03-18: 2 problems
2026-10-04T09:14:46.9470980Z   2026-03-17: 2 problems
2026-10-04T09:14:46.9576196Z   2026-03-16: 2 problems
2026-10-04T09:14:46.9681385Z   2026-03-14: 2 problems
2026-10-04T09:14:46.9794444Z   2026-03-13: 2 problems
2026-10-04T09:14:46.9901742Z   2026-03-12: 2 problems
2026-10-04T09:14:47.0006611Z   2026-03-11: 2 problems
2026-10-04T09:14:47.0121693Z   2026-03-10: 2 problems
2026-10-04T09:14:47.0233432Z   2026-03-09: 2 problems
2026-10-04T09:14:47.0362949Z   2026-03-07: 2 problems
2026-10-04T09:14:47.0467865Z   2026-03-06: 2 problems
2026-10-04T09:14:47.0578989Z   2026-03-05: 2 problems
2026-10-04T09:14:47.0694880Z   2026-03-04: 2 problems
2026-10-04T09:14:47.0814525Z   2026-03-03: 2 problems
2026-10-04T09:14:47.0945054Z   2026-03-02: 2 problems
2026-10-04T09:14:47.1086466Z   2026-02-28: 2 problems
2026-10-04T09:14:47.1205756Z   2026-02-27: 2 problems
2026-10-04T09:14:47.1311917Z   2026-02-26: 2 problems
2026-10-04T09:14:47.1415676Z   2026-02-25: 2 problems
2026-10-04T09:14:47.1515794Z   2026-02-24: 2 problems
2026-10-04T09:14:47.1615150Z   2026-02-23: 2 problems
2026-10-04T09:14:47.1724635Z   2026-02-21: 2 problems
2026-10-04T09:14:47.1837891Z   2026-02-20: 2 problems
2026-10-04T09:14:47.2000563Z   2026-02-19: 2 problems
2026-10-04T09:14:47.2123047Z   2026-02-18: 2 problems
2026-10-04T09:14:47.2234491Z   2026-02-17: 2 problems
2026-10-04T09:14:47.2376605Z   2026-02-16: 2 problems
2026-10-04T09:14:47.2485073Z   2026-02-14: 2 problems
2026-10-04T09:14:47.2600792Z   2026-02-13: 2 problems
2026-10-04T09:14:47.2715567Z   2026-02-12: 2 problems
2026-10-04T09:14:47.2837634Z   2026-02-11: 2 problems
2026-10-04T09:14:47.2949967Z   2026-02-10: 2 problems
2026-10-04T09:14:47.3060676Z   2026-02-09: 2 problems
2026-10-04T09:14:47.3174229Z   2026-02-07: 2 problems
2026-10-04T09:14:47.3284008Z   2026-02-06: 2 problems
2026-10-04T09:14:47.3388723Z   2026-02-05: 2 problems
2026-10-04T09:14:47.3519554Z   2026-02-04: 2 problems
2026-10-04T09:14:47.3624248Z   2026-02-03: 2 problems
2026-10-04T09:14:47.3754468Z   2026-02-02: 2 problems
2026-10-04T09:14:47.3870507Z   2026-01-31: 2 problems
2026-10-04T09:14:47.3975949Z   2026-01-30: 2 problems
2026-10-04T09:14:47.4082907Z   2026-01-29: 2 problems
2026-10-04T09:14:47.4201342Z   2026-01-28: 2 problems
2026-10-04T09:14:47.4306102Z   2026-01-27: 2 problems
2026-10-04T09:14:47.4413302Z   2026-01-26: 2 problems
2026-10-04T09:14:47.4515128Z   2026-01-24: 2 problems
2026-10-04T09:14:47.4620395Z   2026-01-23: 2 problems
2026-10-04T09:14:47.4719852Z   2026-01-22: 2 problems
2026-10-04T09:14:47.4825324Z   2026-01-21: 2 problems
2026-10-04T09:14:47.4942215Z   2026-01-20: 2 problems
2026-10-04T09:14:47.5052269Z   2026-01-19: 2 problems
2026-10-04T09:14:47.5162795Z   2026-01-17: 2 problems
2026-10-04T09:14:47.5269066Z   2026-01-16: 2 problems
2026-10-04T09:14:47.5370641Z   2026-01-15: 2 problems
2026-10-04T09:14:47.5496053Z   2026-01-14: 2 problems
2026-10-04T09:14:47.5604108Z   2026-01-13: 2 problems
2026-10-04T09:14:47.5741051Z   2026-01-12: 2 problems
2026-10-04T09:14:47.5851503Z   2026-01-10: 2 problems
2026-10-04T09:14:47.5954146Z   2026-01-09: 2 problems
2026-10-04T09:14:47.6058879Z   2026-01-08: 2 problems
2026-10-04T09:14:47.6162933Z   2026-01-07: 2 problems
2026-10-04T09:14:47.6291568Z   2026-01-06: 2 problems
2026-10-04T09:14:47.6399106Z   2026-01-05: 2 problems
2026-10-04T09:14:47.6507981Z   2026-01-03: 2 problems
2026-10-04T09:14:47.6606146Z   2026-01-02: 2 problems
2026-10-04T09:14:47.6702277Z   2026-01-01: 2 problems
2026-10-04T09:14:47.6882272Z   2025-12-31: 2 problems
2026-10-04T09:14:47.6985087Z   2025-12-30: 2 problems
2026-10-04T09:14:47.7090525Z   2025-12-29: 2 problems
2026-10-04T09:14:47.7386365Z   2025-12-27: 2 problems
2026-10-04T09:14:47.7500817Z   2025-12-26: 2 problems
2026-10-04T09:14:47.7608905Z   2025-12-25: 2 problems
2026-10-04T09:14:47.7716207Z   2025-12-24: 2 problems
2026-10-04T09:14:47.7830710Z   2025-12-23: 2 problems
2026-10-04T09:14:47.7938982Z   2025-12-22: 2 problems
2026-10-04T09:14:47.8072468Z   2025-12-20: 2 problems
2026-10-04T09:14:47.8185352Z   2025-12-19: 2 problems
2026-10-04T09:14:47.8318426Z   2025-12-18: 2 problems
2026-10-04T09:14:47.8437513Z   2025-12-17: 2 problems
2026-10-04T09:14:47.8543584Z   2025-12-16: 2 problems
2026-10-04T09:14:47.8666969Z   2025-12-15: 2 problems
2026-10-04T09:14:47.8777105Z   2025-12-13: 2 problems
2026-10-04T09:14:47.8908782Z   2025-12-12: 2 problems
2026-10-04T09:14:47.9027345Z   2025-12-11: 2 problems
2026-10-04T09:14:47.9144296Z   2025-12-10: 2 problems
2026-10-04T09:14:47.9265040Z   2025-12-09: 2 problems
2026-10-04T09:14:47.9350762Z   2025-12-08: 2 problems
2026-10-04T09:14:47.9451548Z   2025-12-06: 2 problems
2026-10-04T09:14:47.9557238Z   2025-12-05: 2 problems
2026-10-04T09:14:47.9667523Z   2025-12-04: 2 problems
2026-10-04T09:14:47.9779186Z   2025-12-03: 2 problems
2026-10-04T09:14:47.9877600Z   2025-12-02: 2 problems
2026-10-04T09:14:48.0005132Z   2025-12-01: 2 problems
2026-10-04T09:14:48.0119725Z   2025-11-29: 2 problems
2026-10-04T09:14:48.0250528Z   2025-11-28: 2 problems
2026-10-04T09:14:48.0376227Z   2025-11-27: 2 problems
2026-10-04T09:14:48.0480891Z   2025-11-26: 2 problems
2026-10-04T09:14:48.0592969Z   2025-11-25: 2 problems
2026-10-04T09:14:48.0706873Z   2025-11-24: 2 problems
2026-10-04T09:14:48.0817573Z   2025-11-22: 2 problems
2026-10-04T09:14:48.0918303Z   2025-11-21: 2 problems
2026-10-04T09:14:48.1016773Z   2025-11-20: 2 problems
2026-10-04T09:14:48.1117301Z   2025-11-19: 2 problems
2026-10-04T09:14:48.1220019Z   2025-11-18: 2 problems
2026-10-04T09:14:48.1319342Z   2025-11-17: 2 problems
2026-10-04T09:14:48.1427963Z   2025-11-15: 2 problems
2026-10-04T09:14:48.1537856Z   2025-11-14: 2 problems
2026-10-04T09:14:48.1663830Z   2025-11-13: 2 problems
2026-10-04T09:14:48.1765350Z   2025-11-12: 2 problems
2026-10-04T09:14:48.1868658Z   2025-11-11: 2 problems
2026-10-04T09:14:48.1981017Z   2025-11-10: 2 problems
2026-10-04T09:14:48.2085243Z   2025-11-08: 2 problems
2026-10-04T09:14:48.2195077Z   2025-11-07: 2 problems
2026-10-04T09:14:48.2289105Z   2025-11-06: 2 problems
2026-10-04T09:14:48.2396103Z   2025-11-05: 2 problems
2026-10-04T09:14:48.2514590Z   2025-11-04: 2 problems
2026-10-04T09:14:48.2623580Z   2025-11-03: 2 problems
2026-10-04T09:14:48.2723947Z   2025-11-01: 2 problems
2026-10-04T09:14:48.2837134Z   2025-10-31: 2 problems
2026-10-04T09:14:48.2965774Z   2025-10-30: 2 problems
2026-10-04T09:14:48.3073742Z   2025-10-29: 2 problems
2026-10-04T09:14:48.3176808Z   2025-10-28: 2 problems
2026-10-04T09:14:48.3284898Z   2025-10-27: 2 problems
2026-10-04T09:14:48.3394143Z   2025-10-25: 2 problems
2026-10-04T09:14:48.3493774Z   2025-10-24: 2 problems
2026-10-04T09:14:48.3596633Z   2025-10-23: 2 problems
2026-10-04T09:14:48.3703108Z   2025-10-22: 2 problems
2026-10-04T09:14:48.3815342Z   2025-10-21: 2 problems
2026-10-04T09:14:48.3918084Z   2025-10-20: 2 problems
2026-10-04T09:14:48.4046833Z   2025-10-18: 2 problems
2026-10-04T09:14:48.4167822Z   2025-10-17: 2 problems
2026-10-04T09:14:48.4293025Z   2025-10-16: 2 problems
2026-10-04T09:14:48.4401064Z   2025-10-15: 2 problems
2026-10-04T09:14:48.4505773Z   2025-10-14: 2 problems
2026-10-04T09:14:48.4605621Z   2025-10-13: 2 problems
2026-10-04T09:14:48.4717493Z   2025-10-11: 2 problems
2026-10-04T09:14:48.4821935Z   2025-10-10: 2 problems
2026-10-04T09:14:48.4928642Z   2025-10-09: 2 problems
2026-10-04T09:14:48.5035477Z   2025-10-08: 2 problems
2026-10-04T09:14:48.5139044Z   2025-10-07: 2 problems
2026-10-04T09:14:48.5233566Z   2025-10-06: 2 problems
2026-10-04T09:14:48.5335610Z   2025-10-04: 2 problems
2026-10-04T09:14:48.5440128Z   2025-10-03: 2 problems
2026-10-04T09:14:48.5545632Z   2025-10-02: 2 problems
2026-10-04T09:14:48.5672632Z   2025-10-01: 2 problems
2026-10-04T09:14:48.5805508Z   2025-09-30: 2 problems
2026-10-04T09:14:48.5907085Z   2025-09-29: 2 problems
2026-10-04T09:14:48.6020812Z   2025-09-27: 2 problems
2026-10-04T09:14:48.6124198Z   2025-09-26: 2 problems
2026-10-04T09:14:48.6235903Z   2025-09-25: 2 problems
2026-10-04T09:14:48.6379470Z   2025-09-24: 2 problems
2026-10-04T09:14:48.6503034Z   2025-09-23: 2 problems
2026-10-04T09:14:48.6611324Z   2025-09-22: 2 problems
2026-10-04T09:14:48.6741268Z   2025-09-20: 2 problems
2026-10-04T09:14:48.6873249Z   2025-09-19: 2 problems
2026-10-04T09:14:48.6980231Z   2025-09-18: 2 problems
2026-10-04T09:14:48.7218595Z   2025-09-17: 2 problems
2026-10-04T09:14:48.7328570Z   2025-09-16: 2 problems
2026-10-04T09:14:48.7448453Z   2025-09-15: 2 problems
2026-10-04T09:14:48.7569283Z   2025-09-13: 2 problems
2026-10-04T09:14:48.7714841Z   2025-09-12: 2 problems
2026-10-04T09:14:48.7824681Z   2025-09-11: 2 problems
2026-10-04T09:14:48.7928588Z   2025-09-10: 2 problems
2026-10-04T09:14:48.8143065Z   2025-09-09: 2 problems
2026-10-04T09:14:48.8253585Z   2025-09-08: 2 problems
2026-10-04T09:14:48.8362141Z   2025-09-06: 2 problems
2026-10-04T09:14:48.8496532Z   2025-09-05: 2 problems
2026-10-04T09:14:48.8605828Z   2025-09-04: 2 problems
2026-10-04T09:14:48.8730898Z   2025-09-03: 2 problems
2026-10-04T09:14:48.8858756Z   2025-09-02: 2 problems
2026-10-04T09:14:48.8968153Z   2025-09-01: 2 problems
2026-10-04T09:14:48.9076985Z   2025-08-30: 2 problems
2026-10-04T09:14:48.9186085Z   2025-08-29: 2 problems
2026-10-04T09:14:48.9296721Z   2025-08-28: 2 problems
2026-10-04T09:14:48.9454058Z   2025-08-27: 2 problems
2026-10-04T09:14:48.9539100Z   2025-08-26: 2 problems
2026-10-04T09:14:48.9646101Z   2025-08-25: 2 problems
2026-10-04T09:14:48.9758091Z   2025-08-23: 2 problems
2026-10-04T09:14:48.9877728Z   2025-08-22: 2 problems
2026-10-04T09:14:48.9987314Z   2025-08-21: 2 problems
2026-10-04T09:14:49.0096838Z   2025-08-20: 2 problems
2026-10-04T09:14:49.0221456Z   2025-08-19: 2 problems
2026-10-04T09:14:49.0331028Z   2025-08-18: 2 problems
2026-10-04T09:14:49.0441830Z   2025-08-16: 2 problems
2026-10-04T09:14:49.0550976Z   2025-08-15: 2 problems
2026-10-04T09:14:49.0660415Z   2025-08-14: 2 problems
2026-10-04T09:14:49.0797173Z   2025-08-13: 2 problems
2026-10-04T09:14:49.0900884Z   2025-08-12: 2 problems
2026-10-04T09:14:49.1012954Z   2025-08-11: 2 problems
2026-10-04T09:14:49.1131100Z   2025-08-09: 2 problems
2026-10-04T09:14:49.1232293Z   2025-08-08: 2 problems
2026-10-04T09:14:49.1352059Z   2025-08-07: 2 problems
2026-10-04T09:14:49.1467893Z   2025-08-06: 2 problems
2026-10-04T09:14:49.1572008Z   2025-08-05: 2 problems
2026-10-04T09:14:49.1676648Z   2025-08-04: 2 problems
2026-10-04T09:14:49.1823522Z   2025-08-02: 2 problems
2026-10-04T09:14:49.1927714Z   2025-08-01: 2 problems
2026-10-04T09:14:49.2059291Z   2025-07-31: 2 problems
2026-10-04T09:14:49.2167245Z   2025-07-30: 2 problems
2026-10-04T09:14:49.2277579Z   2025-07-29: 2 problems
2026-10-04T09:14:49.2421693Z   2025-07-28: 2 problems
2026-10-04T09:14:49.2526611Z   2025-07-26: 2 problems
2026-10-04T09:14:49.2681062Z   2025-07-25: 2 problems
2026-10-04T09:14:49.2794862Z   2025-07-24: 2 problems
2026-10-04T09:14:49.2891696Z   2025-07-23: 2 problems
2026-10-04T09:14:49.2987297Z   2025-07-22: 2 problems
2026-10-04T09:14:49.3097723Z   2025-07-21: 2 problems
2026-10-04T09:14:49.3206927Z   2025-07-19: 2 problems
2026-10-04T09:14:49.3331480Z   2025-07-18: 2 problems
2026-10-04T09:14:49.3430052Z   2025-07-17: 2 problems
2026-10-04T09:14:49.3542112Z   2025-07-16: 2 problems
2026-10-04T09:14:49.3654469Z   2025-07-15: 2 problems
2026-10-04T09:14:49.3779212Z   2025-07-14: 2 problems
2026-10-04T09:14:49.3907808Z   2025-07-12: 2 problems
2026-10-04T09:14:49.4010670Z   2025-07-11: 2 problems
2026-10-04T09:14:49.4139694Z   2025-07-10: 2 problems
2026-10-04T09:14:49.4246483Z   2025-07-09: 2 problems
2026-10-04T09:14:49.4354223Z   2025-07-08: 2 problems
2026-10-04T09:14:49.4455309Z   2025-07-07: 2 problems
2026-10-04T09:14:49.4555548Z   2025-07-05: 2 problems
2026-10-04T09:14:49.4657002Z   2025-07-04: 2 problems
2026-10-04T09:14:49.4768531Z   2025-07-03: 2 problems
2026-10-04T09:14:49.4867255Z   2025-07-02: 2 problems
2026-10-04T09:14:49.4969217Z   2025-07-01: 2 problems
2026-10-04T09:14:49.5074412Z   2025-06-30: 2 problems
2026-10-04T09:14:49.5193958Z   2025-06-28: 2 problems
2026-10-04T09:14:49.5302043Z   2025-06-27: 2 problems
2026-10-04T09:14:49.5412520Z   2025-06-26: 2 problems
2026-10-04T09:14:49.5536547Z   2025-06-25: 2 problems
2026-10-04T09:14:49.5644887Z   2025-06-24: 2 problems
2026-10-04T09:14:49.5827498Z   2025-06-23: 2 problems
2026-10-04T09:14:49.5897177Z   2025-06-21: 2 problems
2026-10-04T09:14:49.5998696Z   2025-06-20: 2 problems
2026-10-04T09:14:49.6112974Z   2025-06-19: 2 problems
2026-10-04T09:14:49.6220593Z   2025-06-18: 2 problems
2026-10-04T09:14:49.6320307Z   2025-06-17: 2 problems
2026-10-04T09:14:49.6424040Z   2025-06-16: 2 problems
2026-10-04T09:14:49.6538050Z   2025-06-14: 2 problems
2026-10-04T09:14:49.6636347Z   2025-06-13: 2 problems
2026-10-04T09:14:49.6777332Z   2025-06-12: 2 problems
2026-10-04T09:14:49.7008720Z   2025-06-11: 2 problems
2026-10-04T09:14:49.7130732Z   2025-06-10: 2 problems
2026-10-04T09:14:49.7233035Z   2025-06-09: 2 problems
2026-10-04T09:14:49.7363282Z   2025-06-07: 2 problems
2026-10-04T09:14:49.7459737Z   2025-06-06: 2 problems
2026-10-04T09:14:49.7565754Z   2025-06-05: 2 problems
2026-10-04T09:14:49.7674370Z   2025-06-04: 2 problems
2026-10-04T09:14:49.7779990Z   2025-06-03: 2 problems
2026-10-04T09:14:49.7888614Z   2025-06-02: 2 problems
2026-10-04T09:14:49.8040806Z   2025-05-31: 2 problems
2026-10-04T09:14:49.8146284Z   2025-05-30: 2 problems
2026-10-04T09:14:49.8247362Z   2025-05-29: 2 problems
2026-10-04T09:14:49.8395142Z   2025-05-28: 2 problems
2026-10-04T09:14:49.8495448Z   2025-05-27: 2 problems
2026-10-04T09:14:49.8598242Z   2025-05-26: 2 problems
2026-10-04T09:14:49.8699511Z   2025-05-24: 2 problems
2026-10-04T09:14:49.8820070Z   2025-05-23: 2 problems
2026-10-04T09:14:49.8930403Z   2025-05-22: 2 problems
2026-10-04T09:14:49.9043383Z   2025-05-21: 2 problems
2026-10-04T09:14:49.9186602Z   2025-05-20: 2 problems
2026-10-04T09:14:49.9315254Z   2025-05-19: 2 problems
2026-10-04T09:14:49.9431913Z   2025-05-17: 2 problems
2026-10-04T09:14:49.9533361Z   2025-05-16: 2 problems
2026-10-04T09:14:49.9643412Z   2025-05-15: 2 problems
2026-10-04T09:14:49.9752989Z   2025-05-14: 2 problems
2026-10-04T09:14:49.9863199Z   2025-05-13: 2 problems
2026-10-04T09:14:49.9964933Z   2025-05-12: 2 problems
2026-10-04T09:14:50.0074934Z   2025-05-10: 2 problems
2026-10-04T09:14:50.0181999Z   2025-05-09: 2 problems
2026-10-04T09:14:50.0332126Z   2025-05-08: 2 problems
2026-10-04T09:14:50.0436058Z   2025-05-07: 2 problems
2026-10-04T09:14:50.0540777Z   2025-05-06: 2 problems
2026-10-04T09:14:50.0643604Z   2025-05-05: 2 problems
2026-10-04T09:14:50.0751482Z   2025-05-03: 2 problems
2026-10-04T09:14:50.0851211Z   2025-05-02: 2 problems
2026-10-04T09:14:50.0958190Z   2025-05-01: 2 problems
2026-10-04T09:14:50.1066088Z   2025-04-30: 2 problems
2026-10-04T09:14:50.1172527Z   2025-04-29: 2 problems
2026-10-04T09:14:50.1289528Z   2025-04-28: 2 problems
2026-10-04T09:14:50.1416130Z   2025-04-26: 2 problems
2026-10-04T09:14:50.1541876Z   2025-04-25: 2 problems
2026-10-04T09:14:50.1656186Z   2025-04-24: 2 problems
2026-10-04T09:14:50.1772011Z   2025-04-23: 2 problems
2026-10-04T09:14:50.1878439Z   2025-04-22: 2 problems
2026-10-04T09:14:50.2003295Z   2025-04-21: 2 problems
2026-10-04T09:14:50.2168074Z   2025-04-19: 2 problems
2026-10-04T09:14:50.2275251Z   2025-04-18: 2 problems
2026-10-04T09:14:50.2370195Z   2025-04-17: 2 problems
2026-10-04T09:14:50.2478992Z   2025-04-16: 2 problems
2026-10-04T09:14:50.2592190Z   2025-04-15: 2 problems
2026-10-04T09:14:50.2716451Z   2025-04-14: 2 problems
2026-10-04T09:14:50.2824990Z   2025-04-12: 2 problems
2026-10-04T09:14:50.2935078Z   2025-04-11: 2 problems
2026-10-04T09:14:50.3038236Z   2025-04-10: 2 problems
2026-10-04T09:14:50.3169572Z   2025-04-09: 2 problems
2026-10-04T09:14:50.3304729Z   2025-04-08: 2 problems
2026-10-04T09:14:50.3418166Z   2025-04-07: 2 problems
2026-10-04T09:14:50.3532799Z   2025-04-05: 2 problems
2026-10-04T09:14:50.3642149Z   2025-04-04: 2 problems
2026-10-04T09:14:50.3746232Z   2025-04-03: 2 problems
2026-10-04T09:14:50.3853595Z   2025-04-02: 2 problems
2026-10-04T09:14:50.3968327Z   2025-04-01: 2 problems
2026-10-04T09:14:50.4067626Z   2025-03-31: 2 problems
2026-10-04T09:14:50.4167975Z   2025-03-29: 2 problems
2026-10-04T09:14:50.4295658Z   2025-03-28: 2 problems
2026-10-04T09:14:50.4413295Z   2025-03-27: 2 problems
2026-10-04T09:14:50.4517279Z   2025-03-26: 2 problems
2026-10-04T09:14:50.4625060Z   2025-03-25: 2 problems
2026-10-04T09:14:50.4736307Z   2025-03-24: 2 problems
2026-10-04T09:14:50.4870389Z   2025-03-22: 2 problems
2026-10-04T09:14:50.4979439Z   2025-03-21: 2 problems
2026-10-04T09:14:50.5086880Z   2025-03-20: 2 problems
2026-10-04T09:14:50.5201795Z   2025-03-19: 2 problems
2026-10-04T09:14:50.5321611Z   2025-03-18: 2 problems
2026-10-04T09:14:50.5419000Z   2025-03-17: 2 problems
2026-10-04T09:14:50.5531349Z   2025-03-15: 2 problems
2026-10-04T09:14:50.5635933Z   2025-03-14: 2 problems
2026-10-04T09:14:50.5753078Z   2025-03-13: 2 problems
2026-10-04T09:14:50.5849683Z   2025-03-12: 2 problems
2026-10-04T09:14:50.6021216Z   2025-03-11: 2 problems
2026-10-04T09:14:50.6119280Z   2025-03-10: 2 problems
2026-10-04T09:14:50.6219943Z   2025-03-08: 2 problems
2026-10-04T09:14:50.6331802Z   2025-03-07: 2 problems
2026-10-04T09:14:50.6439407Z   2025-03-06: 2 problems
2026-10-04T09:14:50.6547375Z   2025-03-05: 2 problems
2026-10-04T09:14:50.6656209Z   2025-03-04: 2 problems
2026-10-04T09:14:50.6756829Z   2025-03-03: 2 problems
2026-10-04T09:14:50.7040936Z   2025-03-01: 2 problems
2026-10-04T09:14:50.7184388Z   2025-02-28: 2 problems
2026-10-04T09:14:50.7295605Z   2025-02-27: 2 problems
2026-10-04T09:14:50.7397418Z   2025-02-26: 2 problems
2026-10-04T09:14:50.7502312Z   2025-02-25: 2 problems
2026-10-04T09:14:50.7611708Z   2025-02-24: 2 problems
2026-10-04T09:14:50.7745764Z   2025-02-22: 2 problems
2026-10-04T09:14:50.7856927Z   2025-02-21: 2 problems
2026-10-04T09:14:50.7960944Z   2025-02-20: 2 problems
2026-10-04T09:14:50.8093678Z   2025-02-19: 2 problems
2026-10-04T09:14:50.8227149Z   2025-02-18: 2 problems
2026-10-04T09:14:50.8347311Z   2025-02-17: 2 problems
2026-10-04T09:14:50.8447039Z   2025-02-15: 2 problems
2026-10-04T09:14:50.8556880Z   2025-02-14: 2 problems
2026-10-04T09:14:50.8685365Z   2025-02-13: 2 problems
2026-10-04T09:14:50.8798151Z   2025-02-12: 2 problems
2026-10-04T09:14:50.8907701Z   2025-02-11: 2 problems
2026-10-04T09:14:50.9018277Z   2025-02-10: 2 problems
2026-10-04T09:14:50.9135562Z   2025-02-08: 2 problems
2026-10-04T09:14:50.9239432Z   2025-02-07: 2 problems
2026-10-04T09:14:50.9350735Z   2025-02-06: 2 problems
2026-10-04T09:14:50.9474854Z   2025-02-05: 2 problems
2026-10-04T09:14:50.9577568Z   2025-02-04: 2 problems
2026-10-04T09:14:50.9678355Z   2025-02-03: 2 problems
2026-10-04T09:14:50.9781035Z   2025-02-01: 2 problems
2026-10-04T09:14:50.9887385Z   2025-01-31: 2 problems
2026-10-04T09:14:50.9993778Z   2025-01-30: 2 problems
2026-10-04T09:14:51.0103585Z   2025-01-29: 2 problems
2026-10-04T09:14:51.0204083Z   2025-01-28: 2 problems
2026-10-04T09:14:51.0311109Z   2025-01-27: 2 problems
2026-10-04T09:14:51.0407296Z   2025-01-25: 2 problems
2026-10-04T09:14:51.0505996Z   2025-01-24: 2 problems
2026-10-04T09:14:51.0616593Z   2025-01-23: 2 problems
2026-10-04T09:14:51.0735896Z   2025-01-22: 2 problems
2026-10-04T09:14:51.0861697Z   2025-01-21: 2 problems
2026-10-04T09:14:51.0962807Z   2025-01-20: 2 problems
2026-10-04T09:14:51.1071892Z   2025-01-18: 2 problems
2026-10-04T09:14:51.1173726Z   2025-01-17: 2 problems
2026-10-04T09:14:51.1268274Z   2025-01-16: 2 problems
2026-10-04T09:14:51.1374252Z   2025-01-15: 2 problems
2026-10-04T09:14:51.1474987Z   2025-01-14: 2 problems
2026-10-04T09:14:51.1632100Z   2025-01-13: 2 problems
2026-10-04T09:14:51.1738322Z   2025-01-11: 2 problems
2026-10-04T09:14:51.1843524Z   2025-01-10: 2 problems
2026-10-04T09:14:51.1947195Z   2025-01-09: 2 problems
2026-10-04T09:14:51.2052934Z   2025-01-08: 2 problems
2026-10-04T09:14:51.2158209Z   2025-01-07: 2 problems
2026-10-04T09:14:51.2265815Z   2025-01-06: 2 problems
2026-10-04T09:14:51.2376086Z   2025-01-04: 2 problems
2026-10-04T09:14:51.2499692Z   2025-01-03: 2 problems
2026-10-04T09:14:51.2604893Z   2025-01-02: 2 problems
2026-10-04T09:14:51.2740619Z   2025-01-01: 2 problems
2026-10-04T09:14:51.2846920Z   2024-12-31: 2 problems
2026-10-04T09:14:51.2956342Z   2024-12-30: 2 problems
2026-10-04T09:14:51.3056334Z   2024-12-28: 2 problems
2026-10-04T09:14:51.3165062Z   2024-12-27: 2 problems
2026-10-04T09:14:51.3277717Z   2024-12-26: 2 problems
2026-10-04T09:14:51.3387828Z   2024-12-25: 2 problems
2026-10-04T09:14:51.3497246Z   2024-12-24: 2 problems
2026-10-04T09:14:51.3594040Z   2024-12-23: 2 problems
2026-10-04T09:14:51.3705841Z   2024-12-21: 2 problems
2026-10-04T09:14:51.3811081Z   2024-12-20: 2 problems
2026-10-04T09:14:51.3919933Z   2024-12-19: 2 problems
2026-10-04T09:14:51.4026407Z   2024-12-18: 2 problems
2026-10-04T09:14:51.4159876Z   2024-12-17: 2 problems
2026-10-04T09:14:51.4308958Z   2024-12-16: 2 problems
2026-10-04T09:14:51.4419277Z   2024-12-14: 2 problems
2026-10-04T09:14:51.4623394Z   2024-12-13: 2 problems
2026-10-04T09:14:51.4749134Z   2024-12-12: 2 problems
2026-10-04T09:14:51.4860274Z   2024-12-11: 2 problems
2026-10-04T09:14:51.4965003Z   2024-12-10: 2 problems
2026-10-04T09:14:51.5085226Z   2024-12-09: 2 problems
2026-10-04T09:14:51.5186644Z   2024-12-07: 2 problems
2026-10-04T09:14:51.5304710Z   2024-12-06: 2 problems
2026-10-04T09:14:51.5417710Z   2024-12-05: 2 problems
2026-10-04T09:14:51.5561786Z   2024-12-04: 2 problems
2026-10-04T09:14:51.5697994Z   2024-12-03: 2 problems
2026-10-04T09:14:51.5800185Z   2024-12-02: 2 problems
2026-10-04T09:14:51.5911679Z   2024-11-30: 2 problems
2026-10-04T09:14:51.6029002Z   2024-11-29: 2 problems
2026-10-04T09:14:51.6136348Z   2024-11-28: 2 problems
2026-10-04T09:14:51.6262109Z   2024-11-27: 2 problems
2026-10-04T09:14:51.6361745Z   2024-11-26: 2 problems
2026-10-04T09:14:51.6510638Z   2024-11-25: 2 problems
2026-10-04T09:14:51.6619977Z   2024-11-23: 2 problems
2026-10-04T09:14:51.6803106Z   2024-11-22: 2 problems
2026-10-04T09:14:51.6900927Z   2024-11-21: 2 problems
2026-10-04T09:14:51.7008975Z   2024-11-20: 2 problems
2026-10-04T09:14:51.7109404Z   2024-11-19: 2 problems
2026-10-04T09:14:51.7204309Z   2024-11-18: 2 problems
2026-10-04T09:14:51.7318133Z   2024-11-16: 2 problems
2026-10-04T09:14:51.7430279Z   2024-11-15: 2 problems
2026-10-04T09:14:51.7552840Z   2024-11-14: 2 problems
2026-10-04T09:14:51.7651703Z   2024-11-13: 2 problems
2026-10-04T09:14:51.7761327Z   2024-11-12: 2 problems
2026-10-04T09:14:51.7896797Z   2024-11-11: 2 problems
2026-10-04T09:14:51.7997047Z   2024-11-09: 2 problems
2026-10-04T09:14:51.8100051Z   2024-11-08: 2 problems
2026-10-04T09:14:51.8226411Z   2024-11-07: 2 problems
2026-10-04T09:14:51.8339977Z   2024-11-06: 2 problems
2026-10-04T09:14:51.8454690Z   2024-11-05: 2 problems
2026-10-04T09:14:51.8554145Z   2024-11-04: 2 problems
2026-10-04T09:14:51.8699882Z   2024-11-02: 2 problems
2026-10-04T09:14:51.8807185Z   2024-11-01: 2 problems
2026-10-04T09:14:51.8910952Z   2024-10-31: 2 problems
2026-10-04T09:14:51.9014761Z   2024-10-30: 2 problems
2026-10-04T09:14:51.9112861Z   2024-10-29: 2 problems
2026-10-04T09:14:51.9225098Z   2024-10-28: 2 problems
2026-10-04T09:14:51.9329255Z   2024-10-26: 2 problems
2026-10-04T09:14:51.9433994Z   2024-10-25: 2 problems
2026-10-04T09:14:51.9540285Z   2024-10-24: 2 problems
2026-10-04T09:14:51.9635441Z   2024-10-23: 2 problems
2026-10-04T09:14:51.9764884Z   2024-10-22: 2 problems
2026-10-04T09:14:51.9861188Z   2024-10-21: 2 problems
2026-10-04T09:14:51.9956514Z   2024-10-19: 2 problems
2026-10-04T09:14:52.0065706Z   2024-10-18: 2 problems
2026-10-04T09:14:52.0250705Z   2024-10-17: 2 problems
2026-10-04T09:14:52.0362967Z   2024-10-16: 2 problems
2026-10-04T09:14:52.0460113Z   2024-10-15: 2 problems
2026-10-04T09:14:52.0563133Z   2024-10-14: 2 problems
2026-10-04T09:14:52.0672223Z   2024-10-12: 2 problems
2026-10-04T09:14:52.0784317Z   2024-10-11: 2 problems
2026-10-04T09:14:52.0895923Z   2024-10-10: 2 problems
2026-10-04T09:14:52.0996968Z   2024-10-09: 2 problems
2026-10-04T09:14:52.1098250Z   2024-10-08: 2 problems
2026-10-04T09:14:52.1240106Z   2024-10-07: 2 problems
2026-10-04T09:14:52.1340859Z   2024-10-05: 2 problems
2026-10-04T09:14:52.1448724Z   2024-10-04: 2 problems
2026-10-04T09:14:52.1555539Z   2024-10-03: 2 problems
2026-10-04T09:14:52.1681028Z   2024-10-02: 2 problems
2026-10-04T09:14:52.1783226Z   2024-10-01: 2 problems
2026-10-04T09:14:52.1880490Z   2024-09-30: 2 problems
2026-10-04T09:14:52.1984964Z   2024-09-28: 2 problems
2026-10-04T09:14:52.2086160Z   2024-09-27: 2 problems
2026-10-04T09:14:52.2188403Z   2024-09-26: 2 problems
2026-10-04T09:14:52.2288763Z   2024-09-25: 2 problems
2026-10-04T09:14:52.2362287Z   2024-09-24: 2 problems
2026-10-04T09:14:52.2469177Z   2024-09-23: 2 problems
2026-10-04T09:14:52.2572099Z   2024-09-21: 2 problems
2026-10-04T09:14:52.2676260Z   2024-09-20: 2 problems
2026-10-04T09:14:52.2786004Z   2024-09-19: 2 problems
2026-10-04T09:14:52.2886434Z   2024-09-18: 2 problems
2026-10-04T09:14:52.2985946Z   2024-09-17: 2 problems
2026-10-04T09:14:52.3102946Z   2024-09-16: 2 problems
2026-10-04T09:14:52.3219237Z   2024-09-14: 2 problems
2026-10-04T09:14:52.3332618Z   2024-09-13: 2 problems
2026-10-04T09:14:52.3463564Z   2024-09-12: 2 problems
2026-10-04T09:14:52.3566312Z   2024-09-11: 2 problems
2026-10-04T09:14:52.3687108Z   2024-09-10: 2 problems
2026-10-04T09:14:52.3785152Z   2024-09-09: 2 problems
2026-10-04T09:14:52.3895051Z   2024-09-07: 2 problems
2026-10-04T09:14:52.4010182Z   2024-09-06: 2 problems
2026-10-04T09:14:52.4110891Z   2024-09-05: 2 problems
2026-10-04T09:14:52.4217775Z   2024-09-04: 2 problems
2026-10-04T09:14:52.4328118Z   2024-09-03: 2 problems
2026-10-04T09:14:52.4448713Z   2024-09-02: 2 problems
2026-10-04T09:14:52.4551599Z   2024-08-31: 2 problems
2026-10-04T09:14:52.4656471Z   2024-08-30: 2 problems
2026-10-04T09:14:52.4760464Z   2024-08-29: 2 problems
2026-10-04T09:14:52.4891074Z   2024-08-28: 2 problems
2026-10-04T09:14:52.4998027Z   2024-08-27: 2 problems
2026-10-04T09:14:52.5102907Z   2024-08-26: 2 problems
2026-10-04T09:14:52.5206171Z   2024-08-24: 2 problems
2026-10-04T09:14:52.5324622Z   2024-08-23: 2 problems
2026-10-04T09:14:52.5431336Z   2024-08-22: 2 problems
2026-10-04T09:14:52.5542900Z   2024-08-21: 2 problems
2026-10-04T09:14:52.5658799Z   2024-08-20: 2 problems
2026-10-04T09:14:52.5766263Z   2024-08-19: 2 problems
2026-10-04T09:14:52.5879141Z   2024-08-17: 2 problems
2026-10-04T09:14:52.5984847Z   2024-08-16: 2 problems
2026-10-04T09:14:52.6091114Z   2024-08-15: 2 problems
2026-10-04T09:14:52.6199637Z   2024-08-14: 2 problems
2026-10-04T09:14:52.6308506Z   2024-08-13: 2 problems
2026-10-04T09:14:52.6406419Z   2024-08-12: 2 problems
2026-10-04T09:14:52.6517134Z   2024-08-10: 2 problems
2026-10-04T09:14:52.6645762Z   2024-08-09: 2 problems
2026-10-04T09:14:52.6910972Z   2024-08-08: 2 problems
2026-10-04T09:14:52.7009638Z   2024-08-07: 2 problems
2026-10-04T09:14:52.7116727Z   2024-08-06: 2 problems
2026-10-04T09:14:52.7205720Z   2024-08-05: 2 problems
2026-10-04T09:14:52.7307984Z   2024-08-03: 2 problems
2026-10-04T09:14:52.7406196Z   2024-08-02: 2 problems
2026-10-04T09:14:52.7509128Z   2024-08-01: 2 problems
2026-10-04T09:14:52.7611822Z   2024-07-31: 2 problems
2026-10-04T09:14:52.7722482Z   2024-07-30: 2 problems
2026-10-04T09:14:52.7827216Z   2024-07-29: 2 problems
2026-10-04T09:14:52.7951050Z   2024-07-27: 2 problems
2026-10-04T09:14:52.8055825Z   2024-07-26: 2 problems
2026-10-04T09:14:52.8160904Z   2024-07-25: 2 problems
2026-10-04T09:14:52.8266593Z   2024-07-24: 2 problems
2026-10-04T09:14:52.8376323Z   2024-07-23: 2 problems
2026-10-04T09:14:52.8505527Z   2024-07-22: 2 problems
2026-10-04T09:14:52.8603877Z   2024-07-20: 2 problems
2026-10-04T09:14:52.8713132Z   2024-07-19: 2 problems
2026-10-04T09:14:52.8815397Z   2024-07-18: 2 problems
2026-10-04T09:14:52.8946904Z   2024-07-17: 2 problems
2026-10-04T09:14:52.9054864Z   2024-07-16: 2 problems
2026-10-04T09:14:52.9153215Z   2024-07-15: 2 problems
2026-10-04T09:14:52.9253976Z   2024-07-13: 2 problems
2026-10-04T09:14:52.9325958Z   2024-07-12: 2 problems
2026-10-04T09:14:52.9439576Z   2024-07-11: 2 problems
2026-10-04T09:14:52.9561427Z   2024-07-10: 2 problems
2026-10-04T09:14:52.9682585Z   2024-07-09: 2 problems
2026-10-04T09:14:52.9800939Z   2024-07-08: 2 problems
2026-10-04T09:14:52.9902433Z   2024-07-06: 2 problems
2026-10-04T09:14:53.0008029Z   2024-07-05: 2 problems
2026-10-04T09:14:53.0112575Z   2024-07-04: 2 problems
2026-10-04T09:14:53.0214437Z   2024-07-03: 2 problems
2026-10-04T09:14:53.0315896Z   2024-07-02: 2 problems
2026-10-04T09:14:53.0413294Z   2024-07-01: 2 problems
2026-10-04T09:14:53.0558076Z   2024-06-29: 2 problems
2026-10-04T09:14:53.0662156Z   2024-06-28: 2 problems
2026-10-04T09:14:53.0787853Z   2024-06-27: 2 problems
2026-10-04T09:14:53.0897554Z   2024-06-26: 2 problems
2026-10-04T09:14:53.1007621Z   2024-06-25: 2 problems
2026-10-04T09:14:53.1115422Z   2024-06-24: 2 problems
2026-10-04T09:14:53.1218804Z   2024-06-22: 2 problems
2026-10-04T09:14:53.1340152Z   2024-06-21: 2 problems
2026-10-04T09:14:53.1442912Z   2024-06-20: 2 problems
2026-10-04T09:14:53.1574984Z   2024-06-19: 2 problems
2026-10-04T09:14:53.1768419Z   2024-06-18: 2 problems
2026-10-04T09:14:53.1877980Z   2024-06-17: 2 problems
2026-10-04T09:14:53.1984389Z   2024-06-15: 2 problems
2026-10-04T09:14:53.2086251Z   2024-06-14: 2 problems
2026-10-04T09:14:53.2188628Z   2024-06-13: 2 problems
2026-10-04T09:14:53.2294444Z   2024-06-12: 2 problems
2026-10-04T09:14:53.2396978Z   2024-06-11: 2 problems
2026-10-04T09:14:53.2526356Z   2024-06-10: 2 problems
2026-10-04T09:14:53.2650378Z   2024-06-08: 2 problems
2026-10-04T09:14:53.2756771Z   2024-06-07: 2 problems
2026-10-04T09:14:53.2945373Z   2024-06-06: 2 problems
2026-10-04T09:14:53.3049289Z   2024-06-05: 2 problems
2026-10-04T09:14:53.3152377Z   2024-06-04: 2 problems
2026-10-04T09:14:53.3272123Z   2024-06-03: 2 problems
2026-10-04T09:14:53.3384074Z   2024-06-01: 2 problems
2026-10-04T09:14:53.3486279Z   2024-05-31: 2 problems
2026-10-04T09:14:53.3578327Z   2024-05-30: 2 problems
2026-10-04T09:14:53.3684282Z   2024-05-29: 2 problems
2026-10-04T09:14:53.3783038Z   2024-05-28: 2 problems
2026-10-04T09:14:53.3954422Z   2024-05-27: 2 problems
2026-10-04T09:14:53.4024720Z   2024-05-25: 2 problems
2026-10-04T09:14:53.4130634Z   2024-05-24: 2 problems
2026-10-04T09:14:53.4239826Z   2024-05-23: 2 problems
2026-10-04T09:14:53.4344507Z   2024-05-22: 2 problems
2026-10-04T09:14:53.4450209Z   2024-05-21: 2 problems
2026-10-04T09:14:53.4554001Z   2024-05-20: 2 problems
2026-10-04T09:14:53.4666226Z   2024-05-18: 2 problems
2026-10-04T09:14:53.4765138Z   2024-05-17: 2 problems
2026-10-04T09:14:53.4872108Z   2024-05-16: 2 problems
2026-10-04T09:14:53.4983594Z   2024-05-15: 2 problems
2026-10-04T09:14:53.5092135Z   2024-05-14: 2 problems
2026-10-04T09:14:53.5195329Z   2024-05-13: 2 problems
2026-10-04T09:14:53.5296760Z   2024-05-11: 2 problems
2026-10-04T09:14:53.5396273Z   2024-05-10: 2 problems
2026-10-04T09:14:53.5499624Z   2024-05-09: 2 problems
2026-10-04T09:14:53.5607775Z   2024-05-08: 2 problems
2026-10-04T09:14:53.5717288Z   2024-05-07: 2 problems
2026-10-04T09:14:53.5827926Z   2024-05-06: 2 problems
2026-10-04T09:14:53.5951915Z   2024-05-04: 2 problems
2026-10-04T09:14:53.6053155Z   2024-05-03: 2 problems
2026-10-04T09:14:53.6150018Z   2024-05-02: 2 problems
2026-10-04T09:14:53.6250394Z   2024-05-01: 2 problems
2026-10-04T09:14:53.6355023Z   2024-04-30: 2 problems
2026-10-04T09:14:53.6471336Z   2024-04-29: 2 problems
2026-10-04T09:14:53.6598344Z   2024-04-27: 2 problems
2026-10-04T09:14:53.6817117Z   2024-04-26: 2 problems
2026-10-04T09:14:53.6934593Z   2024-04-25: 2 problems
2026-10-04T09:14:53.7044320Z   2024-04-24: 2 problems
2026-10-04T09:14:53.7140845Z   2024-04-23: 2 problems
2026-10-04T09:14:53.7258369Z   2024-04-22: 2 problems
2026-10-04T09:14:53.7362214Z   2024-04-20: 2 problems
2026-10-04T09:14:53.7478008Z   2024-04-19: 2 problems
2026-10-04T09:14:53.7602025Z   2024-04-18: 2 problems
2026-10-04T09:14:53.7705287Z   2024-04-17: 2 problems
2026-10-04T09:14:53.7799446Z   2024-04-16: 2 problems
2026-10-04T09:14:53.7905455Z   2024-04-15: 2 problems
2026-10-04T09:14:53.8014180Z   2024-04-13: 2 problems
2026-10-04T09:14:53.8139512Z   2024-04-12: 2 problems
2026-10-04T09:14:53.8238540Z   2024-04-11: 2 problems
2026-10-04T09:14:53.8345879Z   2024-04-10: 2 problems
2026-10-04T09:14:53.8471213Z   2024-04-09: 2 problems
2026-10-04T09:14:53.8573638Z   2024-04-08: 2 problems
2026-10-04T09:14:53.8681132Z   2024-04-06: 2 problems
2026-10-04T09:14:53.8798173Z   2024-04-05: 2 problems
2026-10-04T09:14:53.8918845Z   2024-04-04: 2 problems
2026-10-04T09:14:53.9015976Z   2024-04-03: 2 problems
2026-10-04T09:14:53.9114998Z   2024-04-02: 2 problems
2026-10-04T09:14:53.9245803Z   2024-04-01: 2 problems
2026-10-04T09:14:53.9354423Z   2024-03-30: 2 problems
2026-10-04T09:14:53.9465861Z   2024-03-29: 2 problems
2026-10-04T09:14:53.9574765Z   2024-03-28: 2 problems
2026-10-04T09:14:53.9688311Z   2024-03-27: 2 problems
2026-10-04T09:14:53.9788535Z   2024-03-26: 2 problems
2026-10-04T09:14:53.9890171Z   2024-03-25: 2 problems
2026-10-04T09:14:54.0012070Z   2024-03-23: 2 problems
2026-10-04T09:14:54.0116654Z   2024-03-22: 2 problems
2026-10-04T09:14:54.0216311Z   2024-03-21: 2 problems
2026-10-04T09:14:54.0311260Z   2024-03-20: 2 problems
2026-10-04T09:14:54.0411236Z   2024-03-19: 2 problems
2026-10-04T09:14:54.0523015Z   2024-03-18: 2 problems
2026-10-04T09:14:54.0626280Z   2024-03-16: 2 problems
2026-10-04T09:14:54.0727080Z   2024-03-15: 2 problems
2026-10-04T09:14:54.0838847Z   2024-03-14: 2 problems
2026-10-04T09:14:54.0944632Z   2024-03-13: 2 problems
2026-10-04T09:14:54.1074440Z   2024-03-12: 2 problems
2026-10-04T09:14:54.1175117Z   2024-03-11: 2 problems
2026-10-04T09:14:54.1277491Z   2024-03-09: 2 problems
2026-10-04T09:14:54.1375651Z   2024-03-08: 2 problems
2026-10-04T09:14:54.1489817Z   2024-03-07: 2 problems
2026-10-04T09:14:54.1598279Z   2024-03-06: 2 problems
2026-10-04T09:14:54.1702431Z   2024-03-05: 2 problems
2026-10-04T09:14:54.1808241Z   2024-03-04: 2 problems
2026-10-04T09:14:54.1932157Z   2024-03-02: 2 problems
2026-10-04T09:14:54.2049170Z   2024-03-01: 2 problems
2026-10-04T09:14:54.2159594Z   2024-02-29: 2 problems
2026-10-04T09:14:54.2284823Z   2024-02-28: 2 problems
2026-10-04T09:14:54.2389733Z   2024-02-27: 2 problems
2026-10-04T09:14:54.2504278Z   2024-02-26: 2 problems
2026-10-04T09:14:54.2504662Z Building categories...
2026-10-04T09:14:54.5345775Z Wrote /home/runner/work/ys_problem_web/ys_problem_web/data/daily.json (813 days, 21 categories).
2026-10-04T09:14:54.5346398Z Syncing leaderboard (records.js from gh-pages)...
2026-10-04T09:14:54.5528512Z   ✓ 361 players, data through 2026-10-03
2026-10-04T09:14:54.5753998Z ##[group]Run xvfb-run -a node scripts/fetch-statements.mjs --limit 4 --delay 6000
2026-10-04T09:14:54.5754469Z [36;1mxvfb-run -a node scripts/fetch-statements.mjs --limit 4 --delay 6000[0m
2026-10-04T09:14:54.5809689Z shell: /usr/bin/bash -e {0}
2026-10-04T09:14:54.5809916Z env:
2026-10-04T09:14:54.5810103Z   CF_START_MODE: chrome-headful
2026-10-04T09:14:54.5810323Z ##[endgroup]
2026-10-04T09:14:55.4679851Z Statements on disk: 1597; missing in archive: 26; needs limits: 0; fetching: 4
2026-10-04T09:15:06.7191673Z   [1/4] ✗ GYM106259I — fetch/parse failed
2026-10-04T09:15:16.3076383Z   2 consecutive failures — cooling down 240s…
2026-10-04T09:19:17.5673287Z   [2/4] ✗ GYM105746C — fetch/parse failed
2026-10-04T09:19:33.6567026Z   [3/4] ✗ GYM106225C — fetch/parse failed
2026-10-04T09:19:49.0771065Z   2 consecutive failures — cooling down 240s…
2026-10-04T09:23:58.3738425Z   [4/4] ✗ GYM103575B — fetch/parse failed
2026-10-04T09:23:58.4533557Z 
2026-10-04T09:23:58.4536773Z Done: 0 saved, 4 failed.
2026-10-04T09:23:58.4537200Z Failed codes (rerun this script to retry):
2026-10-04T09:23:58.4537504Z   GYM106259I, GYM105746C, GYM106225C, GYM103575B
2026-10-04T09:23:58.5711169Z ##[group]Run OUT=$(xvfb-run -a node scripts/repair-zsmj.mjs --limit 200 --delay 6000)
2026-10-04T09:23:58.5711678Z [36;1mOUT=$(xvfb-run -a node scripts/repair-zsmj.mjs --limit 200 --delay 6000)[0m
2026-10-04T09:23:58.5711997Z [36;1mecho "$OUT"[0m
2026-10-04T09:23:58.5712311Z [36;1mREPAIRED=$(echo "$OUT" | grep -oE 'Done: [0-9]+ repaired' | grep -oE '[0-9]+' || echo 0)[0m
2026-10-04T09:23:58.5712979Z [36;1mREMAINING=$(grep -l '%%ZSMJ' data/statements/*.json 2>/dev/null | wc -l | tr -d ' ')[0m
2026-10-04T09:23:58.5713371Z [36;1mecho "repaired=$REPAIRED" >> "$GITHUB_OUTPUT"[0m
2026-10-04T09:23:58.5713674Z [36;1mecho "remaining=$REMAINING" >> "$GITHUB_OUTPUT"[0m
2026-10-04T09:23:58.5768266Z shell: /usr/bin/bash -e {0}
2026-10-04T09:23:58.5768482Z env:
2026-10-04T09:23:58.5768660Z   CF_START_MODE: chrome-headful
2026-10-04T09:23:58.5768870Z ##[endgroup]
2026-10-04T09:50:44.6324373Z Statements to repair: 200
2026-10-04T09:50:44.6325140Z   [1/200] ✓ CF1005F — 13 段重译(0 段保留译文)
2026-10-04T09:50:44.6325764Z   [2/200] ✓ CF1006D — 14 段重译(0 段保留译文)
2026-10-04T09:50:44.6326133Z   [3/200] ✓ CF1006E — 18 段重译(0 段保留译文)
2026-10-04T09:50:44.6326463Z   [4/200] ✓ CF1009C — 6 段重译(0 段保留译文)
2026-10-04T09:50:44.6326813Z   [5/200] ✓ CF1009E — 9 段重译(0 段保留译文)
2026-10-04T09:50:44.6327172Z   [6/200] ✓ CF1010D — 10 段重译(0 段保留译文)
2026-10-04T09:50:44.6327557Z   [7/200] ✓ CF1015E1 — 6 段重译(0 段保留译文)
2026-10-04T09:50:44.6327911Z   [8/200] ✓ CF1017C — 7 段重译(0 段保留译文)
2026-10-04T09:50:44.6328247Z   [9/200] ✓ CF1017D — 21 段重译(0 段保留译文)
2026-10-04T09:50:44.6328984Z   [10/200] ✓ CF1019A — 5 段重译(0 段保留译文)
2026-10-04T09:50:44.6329383Z   [11/200] ✓ CF1023D — 11 段重译(0 段保留译文)
2026-10-04T09:50:44.6329765Z   [12/200] ✓ CF1023E — 8 段重译(0 段保留译文)
2026-10-04T09:50:44.6330132Z   [13/200] ✓ CF1025B — 8 段重译(0 段保留译文)
2026-10-04T09:50:44.6330490Z   [14/200] ✓ CF1025C — 3 段重译(0 段保留译文)
2026-10-04T09:50:44.6330824Z   [15/200] ✓ CF1027C — 10 段重译(0 段保留译文)
2026-10-04T09:50:44.6331187Z   [16/200] ✓ CF1027D — 17 段重译(0 段保留译文)
2026-10-04T09:50:44.6331533Z   [17/200] ✓ CF1028C — 5 段重译(0 段保留译文)
2026-10-04T09:50:44.6331866Z   [18/200] ✓ CF1028D — 8 段重译(0 段保留译文)
2026-10-04T09:50:44.6332227Z   [19/200] ✓ CF1029C — 10 段重译(0 段保留译文)
2026-10-04T09:50:44.6332580Z   [20/200] ✓ CF1029D — 8 段重译(0 段保留译文)
2026-10-04T09:50:44.6333268Z   [21/200] ✓ CF1031C — 8 段重译(0 段保留译文)
2026-10-04T09:50:44.6333631Z   [22/200] ✓ CF1031D — 8 段重译(0 段保留译文)
2026-10-04T09:50:44.6333983Z   [23/200] ✓ CF1032C — 8 段重译(0 段保留译文)
2026-10-04T09:50:44.6334333Z   [24/200] ✓ CF1032D — 6 段重译(0 段保留译文)
2026-10-04T09:50:44.6334707Z   [25/200] ✓ CF1033C — 12 段重译(0 段保留译文)
2026-10-04T09:50:44.6335059Z   [26/200] ✓ CF1036B — 17 段重译(0 段保留译文)
2026-10-04T09:50:44.6335403Z   [27/200] ✓ CF1039B — 9 段重译(0 段保留译文)
2026-10-04T09:50:44.6335742Z   [28/200] ✓ CF1039C — 9 段重译(0 段保留译文)
2026-10-04T09:50:44.6336083Z   [29/200] ✓ CF1041C — 8 段重译(0 段保留译文)
2026-10-04T09:50:44.6336479Z   [30/200] ✓ CF1041D — 10 段重译(0 段保留译文)
2026-10-04T09:50:44.6336832Z   [31/200] ✓ CF1041E — 5 段重译(0 段保留译文)
2026-10-04T09:50:44.6337207Z   [32/200] ✓ CF1042C — 15 段重译(0 段保留译文)
2026-10-04T09:50:44.6337561Z   [33/200] ✓ CF1043D — 5 段重译(0 段保留译文)
2026-10-04T09:50:44.6337930Z   [34/200] ✓ CF1043E — 8 段重译(0 段保留译文)
2026-10-04T09:50:44.6338359Z   [35/200] ✓ CF1044A — 9 段重译(0 段保留译文)
2026-10-04T09:50:44.6338698Z   [36/200] ✓ CF1044B — 30 段重译(0 段保留译文)
2026-10-04T09:50:44.6339040Z   [37/200] ✓ CF1045I — 11 段重译(0 段保留译文)
2026-10-04T09:50:44.6339387Z   [38/200] ✓ CF1051D — 7 段重译(0 段保留译文)
2026-10-04T09:50:44.6339741Z   [39/200] ✓ CF1055C — 4 段重译(0 段保留译文)
2026-10-04T09:50:44.6340106Z   [40/200] ✓ CF1056B — 13 段重译(0 段保留译文)
2026-10-04T09:50:44.6340440Z   [41/200] ✓ CF1056C — 13 段重译(0 段保留译文)
2026-10-04T09:50:44.6340768Z   [42/200] ✓ CF1056D — 9 段重译(0 段保留译文)
2026-10-04T09:50:44.6341118Z   [43/200] ✓ CF1057C — 12 段重译(0 段保留译文)
2026-10-04T09:50:44.6341458Z   [44/200] ✓ CF1059C — 10 段重译(0 段保留译文)
2026-10-04T09:50:44.6341803Z   [45/200] ✓ CF1060E — 6 段重译(0 段保留译文)
2026-10-04T09:50:44.6342151Z   [46/200] ✓ CF1062C — 10 段重译(0 段保留译文)
2026-10-04T09:50:44.6342973Z   [47/200] ✓ CF1065E — 16 段重译(0 段保留译文)
2026-10-04T09:50:44.6343363Z   [48/200] ✓ CF1067B — 10 段重译(0 段保留译文)
2026-10-04T09:50:44.6343713Z   [49/200] ✓ CF1068C — 9 段重译(0 段保留译文)
2026-10-04T09:50:44.6344059Z   [50/200] ✓ CF1070C — 9 段重译(0 段保留译文)
2026-10-04T09:50:44.6344409Z   [51/200] ✓ CF1070I — 9 段重译(0 段保留译文)
2026-10-04T09:50:44.6344767Z   [52/200] ✓ CF1073C — 16 段重译(0 段保留译文)
2026-10-04T09:50:44.6345128Z   [53/200] ✓ CF1076D — 6 段重译(0 段保留译文)
2026-10-04T09:50:44.6345475Z   [54/200] ✓ CF1076E — 11 段重译(0 段保留译文)
2026-10-04T09:50:44.6346008Z   [55/200] ✓ CF1080D — 12 段重译(0 段保留译文)
2026-10-04T09:50:44.6346366Z   [56/200] ✓ CF1080E — 9 段重译(0 段保留译文)
2026-10-04T09:50:44.6346711Z   [57/200] ✓ CF1082B — 6 段重译(0 段保留译文)
2026-10-04T09:50:44.6347058Z   [58/200] ✓ CF1082C — 7 段重译(0 段保留译文)
2026-10-04T09:50:44.6347417Z   [59/200] ✓ CF1082D — 12 段重译(0 段保留译文)
2026-10-04T09:50:44.6347780Z   [60/200] ✓ CF1083A — 7 段重译(0 段保留译文)
2026-10-04T09:50:44.6348132Z   [61/200] ✓ CF1083B — 12 段重译(0 段保留译文)
2026-10-04T09:50:44.6348561Z   [62/200] ✓ CF1085D — 8 段重译(0 段保留译文)
2026-10-04T09:50:44.6348797Z   [63/200] ✓ CF1089A — 5 段重译(0 段保留译文)
2026-10-04T09:50:44.6349031Z   [64/200] ✓ CF1089F — 7 段重译(0 段保留译文)
2026-10-04T09:50:44.6349292Z   [65/200] ✓ CF1090D — 6 段重译(0 段保留译文)
2026-10-04T09:50:44.6349621Z   [66/200] ✓ CF1092C — 7 段重译(0 段保留译文)
2026-10-04T09:50:44.6349850Z   [67/200] ✓ CF1092E — 5 段重译(0 段保留译文)
2026-10-04T09:50:44.6350193Z   [68/200] ✓ CF1095D — 4 段重译(0 段保留译文)
2026-10-04T09:50:44.6350532Z   [69/200] ✓ CF1098A — 4 段重译(0 段保留译文)
2026-10-04T09:50:44.6350900Z   [70/200] ✓ CF1098B — 3 段重译(0 段保留译文)
2026-10-04T09:50:44.6351293Z   [71/200] ✓ CF1102E — 9 段重译(0 段保留译文)
2026-10-04T09:50:44.6351720Z   [72/200] ✓ CF1102F — 11 段重译(0 段保留译文)
2026-10-04T09:50:44.6352205Z   [73/200] ✓ CF1105D — 6 段重译(0 段保留译文)
2026-10-04T09:50:44.6352494Z   [74/200] ✓ CF1109B — 5 段重译(0 段保留译文)
2026-10-04T09:50:44.6352871Z   [75/200] ✓ CF1114C — 7 段重译(0 段保留译文)
2026-10-04T09:50:44.6353103Z   [76/200] ✓ CF1118C — 4 段重译(0 段保留译文)
2026-10-04T09:50:44.6353332Z   [77/200] ✓ CF1118E — 15 段重译(0 段保留译文)
2026-10-04T09:50:44.6353577Z   [78/200] ✓ CF1119D — 11 段重译(0 段保留译文)
2026-10-04T09:50:44.6353809Z   [79/200] ✓ CF1129A2 — 13 段重译(0 段保留译文)
2026-10-04T09:50:44.6354079Z   [80/200] ✓ CF1131D — 6 段重译(0 段保留译文)
2026-10-04T09:50:44.6354304Z   [81/200] ✓ CF1131F — 9 段重译(0 段保留译文)
2026-10-04T09:50:44.6354521Z   [82/200] ✓ CF1132C — 6 段重译(0 段保留译文)
2026-10-04T09:50:44.6354787Z   [83/200] ✓ CF1133F2 — 5 段重译(0 段保留译文)
2026-10-04T09:50:44.6355142Z   [84/200] ✓ CF1136D — 10 段重译(0 段保留译文)
2026-10-04T09:50:44.6355486Z   [85/200] ✓ CF1137A — 7 段重译(0 段保留译文)
2026-10-04T09:50:44.6355852Z   [86/200] ✓ CF1138B — 9 段重译(0 段保留译文)
2026-10-04T09:50:44.6356211Z   [87/200] ✓ CF1141G — 6 段重译(0 段保留译文)
2026-10-04T09:50:44.6356586Z   [88/200] ✓ CF1142A — 10 段重译(0 段保留译文)
2026-10-04T09:50:44.6356936Z   [89/200] ✓ CF1142B — 12 段重译(0 段保留译文)
2026-10-04T09:50:44.6357277Z   [90/200] ✓ CF1146D — 6 段重译(0 段保留译文)
2026-10-04T09:50:44.6357633Z   [91/200] ✓ CF1147B — 6 段重译(0 段保留译文)
2026-10-04T09:50:44.6357981Z   [92/200] ✓ CF1148C — 9 段重译(0 段保留译文)
2026-10-04T09:50:44.6358545Z   [93/200] ✓ CF1148D — 13 段重译(0 段保留译文)
2026-10-04T09:50:44.6358902Z   [94/200] ✓ CF1149B — 6 段重译(0 段保留译文)
2026-10-04T09:50:44.6359351Z   [95/200] ✓ CF1151D — 5 段重译(0 段保留译文)
2026-10-04T09:50:44.6359696Z   [96/200] ✓ CF1152D — 6 段重译(0 段保留译文)
2026-10-04T09:50:44.6360051Z   [97/200] ✓ CF1153C — 4 段重译(0 段保留译文)
2026-10-04T09:50:44.6360396Z   [98/200] ✓ CF1153E — 13 段重译(0 段保留译文)
2026-10-04T09:50:44.6360752Z   [99/200] ✓ CF1157D — 10 段重译(0 段保留译文)
2026-10-04T09:50:44.6361102Z   [100/200] ✓ CF1157F — 6 段重译(0 段保留译文)
2026-10-04T09:50:44.6361676Z   [101/200] ✓ CF1158C — 13 段重译(0 段保留译文)
2026-10-04T09:50:44.6362043Z   [102/200] ✓ CF1163B2 — 7 段重译(0 段保留译文)
2026-10-04T09:50:44.6362401Z   [103/200] ✓ CF1163C2 — 5 段重译(0 段保留译文)
2026-10-04T09:50:44.6363031Z   [104/200] ✓ CF1163D — 9 段重译(0 段保留译文)
2026-10-04T09:50:44.6363404Z   [105/200] ✓ CF1168A — 8 段重译(0 段保留译文)
2026-10-04T09:50:44.6363753Z   [106/200] ✓ CF1168B — 7 段重译(0 段保留译文)
2026-10-04T09:50:44.6364098Z   [107/200] ✓ CF1172B — 11 段重译(0 段保留译文)
2026-10-04T09:50:44.6364416Z   [108/200] ✓ CF1175C — 10 段重译(0 段保留译文)
2026-10-04T09:50:44.6364645Z   [109/200] ✓ CF1176C — 10 段重译(0 段保留译文)
2026-10-04T09:50:44.6364868Z   [110/200] ✓ CF1176F — 12 段重译(0 段保留译文)
2026-10-04T09:50:44.6365100Z   [111/200] ✓ CF1177B — 4 段重译(0 段保留译文)
2026-10-04T09:50:44.6365322Z   [112/200] ✓ CF1183G — 11 段重译(0 段保留译文)
2026-10-04T09:50:44.6365545Z   [113/200] ✓ CF1184A2 — 9 段重译(0 段保留译文)
2026-10-04T09:50:44.6365770Z   [114/200] ✓ CF1184E1 — 6 段重译(0 段保留译文)
2026-10-04T09:50:44.6365999Z   [115/200] ✓ CF1185C2 — 13 段重译(0 段保留译文)
2026-10-04T09:50:44.6366239Z   [116/200] ✓ CF1185D — 7 段重译(0 段保留译文)
2026-10-04T09:50:44.6366470Z   [117/200] ✓ CF1185E — 8 段重译(0 段保留译文)
2026-10-04T09:50:44.6366714Z   [118/200] ✓ CF1190D — 11 段重译(0 段保留译文)
2026-10-04T09:50:44.6366950Z   [119/200] ✓ CF1195D2 — 9 段重译(0 段保留译文)
2026-10-04T09:50:44.6367175Z   [120/200] ✓ CF1196D2 — 9 段重译(0 段保留译文)
2026-10-04T09:50:44.6367398Z   [121/200] ✓ CF1200D — 8 段重译(0 段保留译文)
2026-10-04T09:50:44.6367627Z   [122/200] ✓ CF1201D — 7 段重译(0 段保留译文)
2026-10-04T09:50:44.6367860Z   [123/200] ✓ CF1202B — 16 段重译(0 段保留译文)
2026-10-04T09:50:44.6368082Z   [124/200] ✓ CF1204C — 10 段重译(0 段保留译文)
2026-10-04T09:50:44.6368301Z   [125/200] ✓ CF1207C — 10 段重译(0 段保留译文)
2026-10-04T09:50:44.6368531Z   [126/200] ✓ CF1209G1 — 9 段重译(0 段保留译文)
2026-10-04T09:50:44.6368754Z   [127/200] ✓ CF1210A — 4 段重译(0 段保留译文)
2026-10-04T09:50:44.6368984Z   [128/200] ✓ CF1210B — 8 段重译(0 段保留译文)
2026-10-04T09:50:44.6369207Z   [129/200] ✓ CF1217C — 10 段重译(0 段保留译文)
2026-10-04T09:50:44.6369433Z   [130/200] ✓ CF1219C — 7 段重译(0 段保留译文)
2026-10-04T09:50:44.6369665Z   [131/200] ✓ CF1219G — 3 段重译(0 段保留译文)
2026-10-04T09:50:44.6369882Z   [132/200] ✓ CF1220D — 6 段重译(0 段保留译文)
2026-10-04T09:50:44.6370102Z   [133/200] ✓ CF1223C — 19 段重译(0 段保留译文)
2026-10-04T09:50:44.6370321Z   [134/200] ✓ CF1225E — 7 段重译(0 段保留译文)
2026-10-04T09:50:44.6370542Z   [135/200] ✓ CF1227C — 19 段重译(0 段保留译文)
2026-10-04T09:50:44.6370773Z   [136/200] ✓ CF1227D2 — 22 段重译(0 段保留译文)
2026-10-04T09:50:44.6371001Z   [137/200] ✓ CF1231E — 21 段重译(0 段保留译文)
2026-10-04T09:50:44.6371364Z   [138/200] ✓ CF1237C2 — 9 段重译(0 段保留译文)
2026-10-04T09:50:44.6371594Z   [139/200] ✓ CF1238C — 11 段重译(0 段保留译文)
2026-10-04T09:50:44.6371817Z   [140/200] ✓ CF1238F — 9 段重译(0 段保留译文)
2026-10-04T09:50:44.6372065Z   [141/200] ✓ CF1243B2 — 8 段重译(0 段保留译文)
2026-10-04T09:50:44.6372309Z   [142/200] ✓ CF1249D2 — 6 段重译(0 段保留译文)
2026-10-04T09:50:44.6372550Z   [143/200] ✓ CF1252B — 11 段重译(0 段保留译文)
2026-10-04T09:50:44.6373075Z   [144/200] ✓ CF1252C — 9 段重译(0 段保留译文)
2026-10-04T09:50:44.6373421Z   [145/200] ✓ CF1252H — 13 段重译(0 段保留译文)
2026-10-04T09:50:44.6373783Z   [146/200] ✓ CF1254A — 11 段重译(0 段保留译文)
2026-10-04T09:50:44.6374019Z   [147/200] ✓ CF1255C — 9 段重译(0 段保留译文)
2026-10-04T09:50:44.6374248Z   [148/200] ✓ CF1257D — 10 段重译(0 段保留译文)
2026-10-04T09:50:44.6374471Z   [149/200] ✓ CF1260C — 8 段重译(0 段保留译文)
2026-10-04T09:50:44.6374690Z   [150/200] ✓ CF1260D — 20 段重译(0 段保留译文)
2026-10-04T09:50:44.6374918Z   [151/200] ✓ CF1267E — 3 段重译(0 段保留译文)
2026-10-04T09:50:44.6375138Z   [152/200] ✓ CF1267J — 9 段重译(0 段保留译文)
2026-10-04T09:50:44.6375369Z   [153/200] ✓ CF1267K — 4 段重译(0 段保留译文)
2026-10-04T09:50:44.6375593Z   [154/200] ✓ CF1270D — 19 段重译(0 段保留译文)
2026-10-04T09:50:44.6375813Z   [155/200] ✓ CF1277D — 9 段重译(0 段保留译文)
2026-10-04T09:50:44.6376037Z   [156/200] ✓ CF1278C — 10 段重译(0 段保留译文)
2026-10-04T09:50:44.6376259Z   [157/200] ✓ CF1279D — 9 段重译(0 段保留译文)
2026-10-04T09:50:44.6376478Z   [158/200] ✓ CF1280A — 41 段重译(0 段保留译文)
2026-10-04T09:50:44.6376702Z   [159/200] ✓ CF1280B — 11 段重译(0 段保留译文)
2026-10-04T09:50:44.6376926Z   [160/200] ✓ CF1280C — 21 段重译(0 段保留译文)
2026-10-04T09:50:44.6377162Z   [161/200] ✓ CF1281B — 8 段重译(0 段保留译文)
2026-10-04T09:50:44.6377389Z   [162/200] ✓ CF1282B2 — 13 段重译(0 段保留译文)
2026-10-04T09:50:44.6377618Z   [163/200] ✓ CF1282E — 15 段重译(0 段保留译文)
2026-10-04T09:50:44.6377846Z   [164/200] ✓ CF1286B — 6 段重译(0 段保留译文)
2026-10-04T09:50:44.6378070Z   [165/200] ✓ CF1290B — 13 段重译(0 段保留译文)
2026-10-04T09:50:44.6378292Z   [166/200] ✓ CF1292B — 18 段重译(0 段保留译文)
2026-10-04T09:50:44.6378529Z   [167/200] ✓ CF1310A — 5 段重译(0 段保留译文)
2026-10-04T09:50:44.6378754Z   [168/200] ✓ CF1320B — 13 段重译(0 段保留译文)
2026-10-04T09:50:44.6378974Z   [169/200] ✓ CF1320C — 6 段重译(0 段保留译文)
2026-10-04T09:50:44.6379193Z   [170/200] ✓ CF1321C — 15 段重译(0 段保留译文)
2026-10-04T09:50:44.6379428Z   [171/200] ✓ CF1329B — 9 段重译(0 段保留译文)
2026-10-04T09:50:44.6379653Z   [172/200] ✓ CF1340B — 10 段重译(0 段保留译文)
2026-10-04T09:50:44.6379875Z   [173/200] ✓ CF1368C — 7 段重译(0 段保留译文)
2026-10-04T09:50:44.6380116Z   [174/200] ✓ CF1387A — 11 段重译(0 段保留译文)
2026-10-04T09:50:44.6380366Z   [175/200] ✓ CF1413D — 7 段重译(0 段保留译文)
2026-10-04T09:50:44.6380593Z   [176/200] ✓ CF1423B — 6 段重译(0 段保留译文)
2026-10-04T09:50:44.6380821Z   [177/200] ✓ CF1442B — 20 段重译(0 段保留译文)
2026-10-04T09:50:44.6381049Z   [178/200] ✓ CF1452D — 14 段重译(0 段保留译文)
2026-10-04T09:50:44.6381272Z   [179/200] ✓ CF1453C — 15 段重译(0 段保留译文)
2026-10-04T09:50:44.6381494Z   [180/200] ✓ CF1461D — 23 段重译(0 段保留译文)
2026-10-04T09:50:44.6381721Z   [181/200] ✓ CF1463D — 13 段重译(0 段保留译文)
2026-10-04T09:50:44.6382067Z   [182/200] ✓ CF1468A — 9 段重译(0 段保留译文)
2026-10-04T09:50:44.6382296Z   [183/200] ✓ CF1468D — 14 段重译(0 段保留译文)
2026-10-04T09:50:44.6382520Z   [184/200] ✓ CF1468F — 6 段重译(0 段保留译文)
2026-10-04T09:50:44.6382908Z   [185/200] ✓ CF1468J — 13 段重译(0 段保留译文)
2026-10-04T09:50:44.6383131Z   [186/200] ✓ CF1468K — 11 段重译(0 段保留译文)
2026-10-04T09:50:44.6383354Z   [187/200] ✓ CF1472E — 18 段重译(0 段保留译文)
2026-10-04T09:50:44.6383575Z   [188/200] ✓ CF1482C — 9 段重译(0 段保留译文)
2026-10-04T09:50:44.6383800Z   [189/200] ✓ CF1482D — 12 段重译(0 段保留译文)
2026-10-04T09:50:44.6384142Z   [190/200] ✓ CF1498C — 21 段重译(0 段保留译文)
2026-10-04T09:50:44.6384383Z   [191/200] ✓ CF1498E — 7 段重译(0 段保留译文)
2026-10-04T09:50:44.6384604Z   [192/200] ✓ CF1512E — 12 段重译(0 段保留译文)
2026-10-04T09:50:44.6384848Z   [193/200] ✓ CF1512G — 7 段重译(0 段保留译文)
2026-10-04T09:50:44.6385068Z   [194/200] ✓ CF1523C — 17 段重译(0 段保留译文)
2026-10-04T09:50:44.6385295Z   [195/200] ✓ CF1525E — 14 段重译(0 段保留译文)
2026-10-04T09:50:44.6385519Z   [196/200] ✓ CF1526E — 7 段重译(0 段保留译文)
2026-10-04T09:50:44.6385755Z   [197/200] ✓ CF1530D — 11 段重译(0 段保留译文)
2026-10-04T09:50:44.6385976Z   [198/200] ✓ CF1547E — 19 段重译(0 段保留译文)
2026-10-04T09:50:44.6386204Z   [199/200] ✓ CF1561D1 — 11 段重译(0 段保留译文)
2026-10-04T09:50:44.6386439Z   [200/200] ✓ CF1569D — 14 段重译(0 段保留译文)
2026-10-04T09:50:44.6386563Z 
2026-10-04T09:50:44.6386719Z Done: 200 repaired, 0 failed; translations: 2018 cleared, 0 kept.
2026-10-04T09:50:44.6510257Z ##[group]Run CF_STATEMENTS=0 TRANSLATE=0 node scripts/update-data.mjs
2026-10-04T09:50:44.6510668Z [36;1mCF_STATEMENTS=0 TRANSLATE=0 node scripts/update-data.mjs[0m
2026-10-04T09:50:44.6566058Z shell: /usr/bin/bash -e {0}
2026-10-04T09:50:44.6566297Z ##[endgroup]
2026-10-04T09:50:44.7628370Z Discovering daily problem folders...
2026-10-04T09:50:45.3514684Z Found 813 days, syncing the most recent 813.
2026-10-04T09:50:45.8092009Z   2026-10-03: 2 problems
2026-10-04T09:50:45.9816595Z   2026-10-02: 2 problems
2026-10-04T09:50:46.1854896Z   2026-10-01: 2 problems
2026-10-04T09:50:46.3805508Z   2026-09-30: 2 problems
2026-10-04T09:50:46.5510929Z   2026-09-29: 2 problems
2026-10-04T09:50:46.7370559Z   2026-09-28: 2 problems
2026-10-04T09:50:46.9131483Z   2026-09-26: 2 problems
2026-10-04T09:50:47.1097220Z   2026-09-25: 2 problems
2026-10-04T09:50:47.3186130Z   2026-09-24: 2 problems
2026-10-04T09:50:47.5110672Z   2026-09-23: 2 problems
2026-10-04T09:50:47.6864548Z   2026-09-22: 2 problems
2026-10-04T09:50:47.8971821Z   2026-09-21: 2 problems
2026-10-04T09:50:48.0726425Z   2026-09-19: 2 problems
2026-10-04T09:50:48.2892362Z   2026-09-18: 2 problems
2026-10-04T09:50:48.4472271Z   2026-09-17: 2 problems
2026-10-04T09:50:48.6408724Z   2026-09-16: 2 problems
2026-10-04T09:50:48.8296036Z   2026-09-15: 2 problems
2026-10-04T09:50:48.9726307Z   2026-09-14: 2 problems
2026-10-04T09:50:49.1763242Z   2026-09-12: 2 problems
2026-10-04T09:50:49.3500482Z   2026-09-11: 2 problems
2026-10-04T09:50:49.5283562Z   2026-09-10: 2 problems
2026-10-04T09:50:49.7133690Z   2026-09-09: 2 problems
2026-10-04T09:50:49.8903604Z   2026-09-08: 2 problems
2026-10-04T09:50:50.0577919Z   2026-09-07: 2 problems
2026-10-04T09:50:50.2774973Z   2026-09-05: 2 problems
2026-10-04T09:50:50.4588711Z   2026-09-04: 2 problems
2026-10-04T09:50:50.6321133Z   2026-09-03: 2 problems
2026-10-04T09:50:50.8138918Z   2026-09-02: 2 problems
2026-10-04T09:50:50.9951519Z   2026-09-01: 2 problems
2026-10-04T09:50:51.1578081Z   2026-08-31: 2 problems
2026-10-04T09:50:51.3373312Z   2026-08-29: 2 problems
2026-10-04T09:50:51.5511165Z   2026-08-28: 2 problems
2026-10-04T09:50:51.7335534Z   2026-08-27: 2 problems
2026-10-04T09:50:51.9213132Z   2026-08-26: 2 problems
2026-10-04T09:50:52.1119838Z   2026-08-25: 2 problems
2026-10-04T09:50:52.3136775Z   2026-08-24: 2 problems
2026-10-04T09:50:52.4724876Z   2026-08-22: 2 problems
2026-10-04T09:50:52.6525156Z   2026-08-21: 2 problems
2026-10-04T09:50:52.8413671Z   2026-08-20: 2 problems
2026-10-04T09:50:53.0248865Z   2026-08-19: 2 problems
2026-10-04T09:50:53.2258323Z   2026-08-18: 2 problems
2026-10-04T09:50:53.3913053Z   2026-08-17: 2 problems
2026-10-04T09:50:53.5668396Z   2026-08-15: 2 problems
2026-10-04T09:50:53.8206732Z   2026-08-14: 2 problems
2026-10-04T09:50:53.9897491Z   2026-08-13: 2 problems
2026-10-04T09:50:54.2132059Z   2026-08-12: 2 problems
2026-10-04T09:50:54.4051092Z   2026-08-11: 2 problems
2026-10-04T09:50:54.5961508Z   2026-08-10: 2 problems
2026-10-04T09:50:54.7781339Z   2026-08-08: 2 problems
2026-10-04T09:50:54.9474012Z   2026-08-07: 2 problems
2026-10-04T09:50:55.1169467Z   2026-08-06: 2 problems
2026-10-04T09:50:55.2714226Z   2026-08-05: 2 problems
2026-10-04T09:50:55.4550309Z   2026-08-04: 2 problems
2026-10-04T09:50:55.6473925Z   2026-08-03: 2 problems
2026-10-04T09:50:55.8386864Z   2026-08-01: 2 problems
2026-10-04T09:50:55.9505820Z   2026-07-31: 2 problems
2026-10-04T09:50:56.1113378Z   2026-07-30: 2 problems
2026-10-04T09:50:56.3033071Z   2026-07-29: 2 problems
2026-10-04T09:50:56.4751446Z   2026-07-28: 2 problems
2026-10-04T09:50:56.6460884Z   2026-07-27: 2 problems
2026-10-04T09:50:57.0704350Z   2026-07-25: 2 problems
2026-10-04T09:50:57.2553119Z   2026-07-24: 2 problems
2026-10-04T09:50:57.4613562Z   2026-07-23: 2 problems
2026-10-04T09:50:57.6292527Z   2026-07-22: 2 problems
2026-10-04T09:50:57.8305817Z   2026-07-21: 2 problems
2026-10-04T09:50:58.0343378Z   2026-07-16: 2 problems
2026-10-04T09:50:58.2298201Z   2026-07-15: 2 problems
2026-10-04T09:50:58.4127477Z   2026-07-14: 2 problems
2026-10-04T09:50:58.5873614Z   2026-07-13: 2 problems
2026-10-04T09:50:58.7788872Z   2026-07-11: 2 problems
2026-10-04T09:50:58.9583671Z   2026-07-10: 2 problems
2026-10-04T09:50:59.1410014Z   2026-07-09: 2 problems
2026-10-04T09:50:59.3114972Z   2026-07-08: 2 problems
2026-10-04T09:50:59.4895447Z   2026-07-07: 2 problems
2026-10-04T09:50:59.6509064Z   2026-07-06: 2 problems
2026-10-04T09:50:59.7938453Z   2026-07-04: 2 problems
2026-10-04T09:50:59.9603115Z   2026-07-03: 2 problems
2026-10-04T09:51:00.1188158Z   2026-07-02: 2 problems
2026-10-04T09:51:00.2782031Z   2026-07-01: 2 problems
2026-10-04T09:51:00.4425573Z   2026-06-30: 2 problems
2026-10-04T09:51:00.6167835Z   2026-06-29: 2 problems
2026-10-04T09:51:00.7899486Z   2026-06-27: 2 problems
2026-10-04T09:51:00.9658270Z   2026-06-26: 2 problems
2026-10-04T09:51:01.1219733Z   2026-06-25: 2 problems
2026-10-04T09:51:01.2828267Z   2026-06-24: 2 problems
2026-10-04T09:51:01.4851362Z   2026-06-23: 2 problems
2026-10-04T09:51:01.6563930Z   2026-06-22: 2 problems
2026-10-04T09:51:01.7933601Z   2026-06-20: 1 problems
2026-10-04T09:51:01.9637453Z   2026-06-19: 2 problems
2026-10-04T09:51:02.1300023Z   2026-06-18: 2 problems
2026-10-04T09:51:02.2934135Z   2026-06-17: 2 problems
2026-10-04T09:51:02.4644136Z   2026-06-16: 2 problems
2026-10-04T09:51:02.6561185Z   2026-06-15: 2 problems
2026-10-04T09:51:02.8229401Z   2026-06-13: 2 problems
2026-10-04T09:51:02.9997841Z   2026-06-12: 2 problems
2026-10-04T09:51:03.1894445Z   2026-06-11: 2 problems
2026-10-04T09:51:03.3452960Z   2026-06-10: 2 problems
2026-10-04T09:51:03.5311463Z   2026-06-09: 2 problems
2026-10-04T09:51:03.7093015Z   2026-06-08: 2 problems
2026-10-04T09:51:03.9004843Z   2026-06-06: 2 problems
2026-10-04T09:51:04.0938071Z   2026-06-05: 2 problems
2026-10-04T09:51:04.2710501Z   2026-06-04: 2 problems
2026-10-04T09:51:04.3245967Z   2026-06-03: 2 problems
2026-10-04T09:51:04.4978576Z   2026-06-02: 2 problems
2026-10-04T09:51:04.6738954Z   2026-06-01: 2 problems
2026-10-04T09:51:04.8244082Z   2026-05-30: 2 problems
2026-10-04T09:51:04.9964057Z   2026-05-29: 2 problems
2026-10-04T09:51:05.1464254Z   2026-05-28: 2 problems
2026-10-04T09:51:05.3649702Z   2026-05-27: 2 problems
2026-10-04T09:51:05.4669570Z   2026-05-26: 2 problems
2026-10-04T09:51:05.6408674Z   2026-05-25: 2 problems
2026-10-04T09:51:05.7918312Z   2026-05-23: 2 problems
2026-10-04T09:51:05.9408604Z   2026-05-22: 2 problems
2026-10-04T09:51:06.1151281Z   2026-05-21: 2 problems
2026-10-04T09:51:06.2693414Z   2026-05-20: 2 problems
2026-10-04T09:51:06.4414400Z   2026-05-19: 2 problems
2026-10-04T09:51:06.6087412Z   2026-05-18: 2 problems
2026-10-04T09:51:06.7712078Z   2026-05-16: 2 problems
2026-10-04T09:51:07.0190882Z   2026-05-15: 2 problems
2026-10-04T09:51:07.1623288Z   2026-05-14: 2 problems
2026-10-04T09:51:07.3409608Z   2026-05-13: 2 problems
2026-10-04T09:51:07.5376245Z   2026-05-12: 2 problems
2026-10-04T09:51:07.7002539Z   2026-05-11: 2 problems
2026-10-04T09:51:07.9006571Z   2026-05-09: 2 problems
2026-10-04T09:51:08.0841352Z   2026-05-08: 2 problems
2026-10-04T09:51:08.2794004Z   2026-05-07: 2 problems
2026-10-04T09:51:08.4577710Z   2026-05-06: 2 problems
2026-10-04T09:51:08.6812424Z   2026-05-05: 2 problems
2026-10-04T09:51:08.8471310Z   2026-05-04: 2 problems
2026-10-04T09:51:09.0312555Z   2026-05-02: 2 problems
2026-10-04T09:51:09.2323721Z   2026-05-01: 2 problems
2026-10-04T09:51:09.4297753Z   2026-04-30: 2 problems
2026-10-04T09:51:09.6008829Z   2026-04-29: 2 problems
2026-10-04T09:51:09.7792639Z   2026-04-28: 2 problems
2026-10-04T09:51:09.9683870Z   2026-04-27: 2 problems
2026-10-04T09:51:10.1990181Z   2026-04-25: 2 problems
2026-10-04T09:51:10.3854916Z   2026-04-24: 2 problems
2026-10-04T09:51:10.5656384Z   2026-04-23: 2 problems
2026-10-04T09:51:10.7701349Z   2026-04-22: 2 problems
2026-10-04T09:51:10.9315532Z   2026-04-21: 2 problems
2026-10-04T09:51:11.1093633Z   2026-04-20: 2 problems
2026-10-04T09:51:11.3182477Z   2026-04-18: 2 problems
2026-10-04T09:51:11.5074501Z   2026-04-17: 2 problems
2026-10-04T09:51:11.7280364Z   2026-04-16: 2 problems
2026-10-04T09:51:11.8972573Z   2026-04-15: 2 problems
2026-10-04T09:51:12.1088411Z   2026-04-14: 2 problems
2026-10-04T09:51:12.2783112Z   2026-04-13: 2 problems
2026-10-04T09:51:12.4596885Z   2026-04-11: 2 problems
2026-10-04T09:51:12.6547486Z   2026-04-10: 2 problems
2026-10-04T09:51:12.8665059Z   2026-04-09: 2 problems
2026-10-04T09:51:12.9973923Z   2026-04-08: 2 problems
2026-10-04T09:51:13.2062561Z   2026-04-07: 2 problems
2026-10-04T09:51:13.4294085Z   2026-04-06: 2 problems
2026-10-04T09:51:13.6105839Z   2026-04-04: 2 problems
2026-10-04T09:51:13.7873235Z   2026-04-03: 2 problems
2026-10-04T09:51:13.9640679Z   2026-04-02: 2 problems
2026-10-04T09:51:14.1383509Z   2026-04-01: 2 problems
2026-10-04T09:51:14.3064353Z   2026-03-31: 2 problems
2026-10-04T09:51:14.4980028Z   2026-03-30: 2 problems
2026-10-04T09:51:14.6963879Z   2026-03-28: 2 problems
2026-10-04T09:51:14.8727589Z   2026-03-27: 2 problems
2026-10-04T09:51:15.0470269Z   2026-03-26: 2 problems
2026-10-04T09:51:15.2295161Z   2026-03-25: 2 problems
2026-10-04T09:51:15.4380604Z   2026-03-24: 2 problems
2026-10-04T09:51:15.6073747Z   2026-03-23: 2 problems
2026-10-04T09:51:15.7919531Z   2026-03-21: 2 problems
2026-10-04T09:51:16.0007297Z   2026-03-20: 2 problems
2026-10-04T09:51:16.1597007Z   2026-03-19: 2 problems
2026-10-04T09:51:16.3145721Z   2026-03-18: 2 problems
2026-10-04T09:51:16.4871149Z   2026-03-17: 2 problems
2026-10-04T09:51:16.6874506Z   2026-03-16: 2 problems
2026-10-04T09:51:16.8880634Z   2026-03-14: 2 problems
2026-10-04T09:51:17.0485387Z   2026-03-13: 2 problems
2026-10-04T09:51:17.2116883Z   2026-03-12: 2 problems
2026-10-04T09:51:17.3986004Z   2026-03-11: 2 problems
2026-10-04T09:51:17.5755679Z   2026-03-10: 2 problems
2026-10-04T09:51:17.7958550Z   2026-03-09: 2 problems
2026-10-04T09:51:17.9506225Z   2026-03-07: 2 problems
2026-10-04T09:51:18.1370205Z   2026-03-06: 2 problems
2026-10-04T09:51:18.2932484Z   2026-03-05: 2 problems
2026-10-04T09:51:18.4850570Z   2026-03-04: 2 problems
2026-10-04T09:51:18.6869172Z   2026-03-03: 2 problems
2026-10-04T09:51:18.8523092Z   2026-03-02: 2 problems
2026-10-04T09:51:19.0439093Z   2026-02-28: 2 problems
2026-10-04T09:51:19.2509455Z   2026-02-27: 2 problems
2026-10-04T09:51:19.4324288Z   2026-02-26: 2 problems
2026-10-04T09:51:19.6016423Z   2026-02-25: 2 problems
2026-10-04T09:51:19.8064301Z   2026-02-24: 2 problems
2026-10-04T09:51:20.0250742Z   2026-02-23: 2 problems
2026-10-04T09:51:20.2100213Z   2026-02-21: 2 problems
2026-10-04T09:51:20.3755870Z   2026-02-20: 2 problems
2026-10-04T09:51:20.5730086Z   2026-02-19: 2 problems
2026-10-04T09:51:20.7415183Z   2026-02-18: 2 problems
2026-10-04T09:51:20.9251692Z   2026-02-17: 2 problems
2026-10-04T09:51:21.1235216Z   2026-02-16: 2 problems
2026-10-04T09:51:21.3116343Z   2026-02-14: 2 problems
2026-10-04T09:51:21.5198532Z   2026-02-13: 2 problems
2026-10-04T09:51:21.6952618Z   2026-02-12: 2 problems
2026-10-04T09:51:21.8791697Z   2026-02-11: 2 problems
2026-10-04T09:51:22.0493109Z   2026-02-10: 2 problems
2026-10-04T09:51:22.2349917Z   2026-02-09: 2 problems
2026-10-04T09:51:22.4137864Z   2026-02-07: 2 problems
2026-10-04T09:51:22.5745837Z   2026-02-06: 2 problems
2026-10-04T09:51:22.7432634Z   2026-02-05: 2 problems
2026-10-04T09:51:22.9114431Z   2026-02-04: 2 problems
2026-10-04T09:51:23.1356656Z   2026-02-03: 2 problems
2026-10-04T09:51:23.3123323Z   2026-02-02: 2 problems
2026-10-04T09:51:23.4930420Z   2026-01-31: 2 problems
2026-10-04T09:51:23.6603942Z   2026-01-30: 2 problems
2026-10-04T09:51:23.8299943Z   2026-01-29: 2 problems
2026-10-04T09:51:24.0098441Z   2026-01-28: 2 problems
2026-10-04T09:51:24.2081892Z   2026-01-27: 2 problems
2026-10-04T09:51:24.3981732Z   2026-01-26: 2 problems
2026-10-04T09:51:24.5791223Z   2026-01-24: 2 problems
2026-10-04T09:51:24.7714011Z   2026-01-23: 2 problems
2026-10-04T09:51:24.9055010Z   2026-01-22: 2 problems
2026-10-04T09:51:25.0664164Z   2026-01-21: 2 problems
2026-10-04T09:51:25.2555289Z   2026-01-20: 2 problems
2026-10-04T09:51:25.4504031Z   2026-01-19: 2 problems
2026-10-04T09:51:25.6219163Z   2026-01-17: 2 problems
2026-10-04T09:51:25.8221599Z   2026-01-16: 2 problems
2026-10-04T09:51:26.0098434Z   2026-01-15: 2 problems
2026-10-04T09:51:26.1954596Z   2026-01-14: 2 problems
2026-10-04T09:51:26.4012389Z   2026-01-13: 2 problems
2026-10-04T09:51:26.5685396Z   2026-01-12: 2 problems
2026-10-04T09:51:26.7410230Z   2026-01-10: 2 problems
2026-10-04T09:51:26.9249001Z   2026-01-09: 2 problems
2026-10-04T09:51:27.0877224Z   2026-01-08: 2 problems
2026-10-04T09:51:27.2851674Z   2026-01-07: 2 problems
2026-10-04T09:51:27.4732950Z   2026-01-06: 2 problems
2026-10-04T09:51:27.6787166Z   2026-01-05: 2 problems
2026-10-04T09:51:27.8366618Z   2026-01-03: 2 problems
2026-10-04T09:51:28.0444254Z   2026-01-02: 2 problems
2026-10-04T09:51:28.2192540Z   2026-01-01: 2 problems
2026-10-04T09:51:28.3934324Z   2025-12-31: 2 problems
2026-10-04T09:51:28.5753587Z   2025-12-30: 2 problems
2026-10-04T09:51:28.7639407Z   2025-12-29: 2 problems
2026-10-04T09:51:28.9173870Z   2025-12-27: 2 problems
2026-10-04T09:51:29.0658095Z   2025-12-26: 2 problems
2026-10-04T09:51:29.2340750Z   2025-12-25: 2 problems
2026-10-04T09:51:29.4232443Z   2025-12-24: 2 problems
2026-10-04T09:51:29.6144169Z   2025-12-23: 2 problems
2026-10-04T09:51:29.7996880Z   2025-12-22: 2 problems
2026-10-04T09:51:29.9396748Z   2025-12-20: 2 problems
2026-10-04T09:51:30.1335624Z   2025-12-19: 2 problems
2026-10-04T09:51:30.3329358Z   2025-12-18: 2 problems
2026-10-04T09:51:30.4711082Z   2025-12-17: 2 problems
2026-10-04T09:51:30.6251061Z   2025-12-16: 2 problems
2026-10-04T09:51:30.7840434Z   2025-12-15: 2 problems
2026-10-04T09:51:30.9508167Z   2025-12-13: 2 problems
2026-10-04T09:51:31.1425584Z   2025-12-12: 2 problems
2026-10-04T09:51:31.2965620Z   2025-12-11: 2 problems
2026-10-04T09:51:31.4528128Z   2025-12-10: 2 problems
2026-10-04T09:51:31.6323851Z   2025-12-09: 2 problems
2026-10-04T09:51:31.7231262Z   2025-12-08: 2 problems
2026-10-04T09:51:31.9205506Z   2025-12-06: 2 problems
2026-10-04T09:51:32.0958868Z   2025-12-05: 2 problems
2026-10-04T09:51:32.2738268Z   2025-12-04: 2 problems
2026-10-04T09:51:32.4397451Z   2025-12-03: 2 problems
2026-10-04T09:51:32.6294863Z   2025-12-02: 2 problems
2026-10-04T09:51:32.8122126Z   2025-12-01: 2 problems
2026-10-04T09:51:32.9822595Z   2025-11-29: 2 problems
2026-10-04T09:51:33.1899591Z   2025-11-28: 2 problems
2026-10-04T09:51:33.3595821Z   2025-11-27: 2 problems
2026-10-04T09:51:33.5279120Z   2025-11-26: 2 problems
2026-10-04T09:51:33.6943771Z   2025-11-25: 2 problems
2026-10-04T09:51:33.8800440Z   2025-11-24: 2 problems
2026-10-04T09:51:34.0856462Z   2025-11-22: 2 problems
2026-10-04T09:51:34.2528120Z   2025-11-21: 2 problems
2026-10-04T09:51:34.4115123Z   2025-11-20: 2 problems
2026-10-04T09:51:34.5938579Z   2025-11-19: 2 problems
2026-10-04T09:51:34.7672295Z   2025-11-18: 2 problems
2026-10-04T09:51:34.9567506Z   2025-11-17: 2 problems
2026-10-04T09:51:35.1058456Z   2025-11-15: 2 problems
2026-10-04T09:51:35.2742443Z   2025-11-14: 2 problems
2026-10-04T09:51:35.4393025Z   2025-11-13: 2 problems
2026-10-04T09:51:35.6104199Z   2025-11-12: 2 problems
2026-10-04T09:51:35.8061769Z   2025-11-11: 2 problems
2026-10-04T09:51:35.9781233Z   2025-11-10: 2 problems
2026-10-04T09:51:36.1381594Z   2025-11-08: 2 problems
2026-10-04T09:51:36.3543904Z   2025-11-07: 2 problems
2026-10-04T09:51:36.4926192Z   2025-11-06: 2 problems
2026-10-04T09:51:36.6667578Z   2025-11-05: 2 problems
2026-10-04T09:51:36.8205384Z   2025-11-04: 2 problems
2026-10-04T09:51:36.9685720Z   2025-11-03: 2 problems
2026-10-04T09:51:37.1675121Z   2025-11-01: 2 problems
2026-10-04T09:51:37.2797984Z   2025-10-31: 2 problems
2026-10-04T09:51:37.4515178Z   2025-10-30: 2 problems
2026-10-04T09:51:37.5958281Z   2025-10-29: 2 problems
2026-10-04T09:51:37.7643504Z   2025-10-28: 2 problems
2026-10-04T09:51:37.9371461Z   2025-10-27: 2 problems
2026-10-04T09:51:38.1999110Z   2025-10-25: 2 problems
2026-10-04T09:51:38.3851472Z   2025-10-24: 2 problems
2026-10-04T09:51:38.5480818Z   2025-10-23: 2 problems
2026-10-04T09:51:38.6988028Z   2025-10-22: 2 problems
2026-10-04T09:51:38.8578096Z   2025-10-21: 2 problems
2026-10-04T09:51:38.9989965Z   2025-10-20: 2 problems
2026-10-04T09:51:39.1655570Z   2025-10-18: 2 problems
2026-10-04T09:51:39.3332864Z   2025-10-17: 2 problems
2026-10-04T09:51:39.4769228Z   2025-10-16: 2 problems
2026-10-04T09:51:39.6483774Z   2025-10-15: 2 problems
2026-10-04T09:51:39.7927127Z   2025-10-14: 2 problems
2026-10-04T09:51:39.9958428Z   2025-10-13: 2 problems
2026-10-04T09:51:40.1248315Z   2025-10-11: 2 problems
2026-10-04T09:51:40.2727509Z   2025-10-10: 2 problems
2026-10-04T09:51:40.4238445Z   2025-10-09: 2 problems
2026-10-04T09:51:40.5927243Z   2025-10-08: 2 problems
2026-10-04T09:51:40.7550517Z   2025-10-07: 2 problems
2026-10-04T09:51:40.9010351Z   2025-10-06: 2 problems
2026-10-04T09:51:41.0893465Z   2025-10-04: 2 problems
2026-10-04T09:51:41.2621880Z   2025-10-03: 2 problems
2026-10-04T09:51:41.4330841Z   2025-10-02: 2 problems
2026-10-04T09:51:41.5702599Z   2025-10-01: 2 problems
2026-10-04T09:51:41.7391704Z   2025-09-30: 2 problems
2026-10-04T09:51:41.9100063Z   2025-09-29: 2 problems
2026-10-04T09:51:42.1369275Z   2025-09-27: 2 problems
2026-10-04T09:51:42.2983688Z   2025-09-26: 2 problems
2026-10-04T09:51:42.4632268Z   2025-09-25: 2 problems
2026-10-04T09:51:42.6373167Z   2025-09-24: 2 problems
2026-10-04T09:51:42.8043375Z   2025-09-23: 2 problems
2026-10-04T09:51:42.9599730Z   2025-09-22: 2 problems
2026-10-04T09:51:43.1104179Z   2025-09-20: 2 problems
2026-10-04T09:51:43.2845019Z   2025-09-19: 2 problems
2026-10-04T09:51:43.4483363Z   2025-09-18: 2 problems
2026-10-04T09:51:43.6135316Z   2025-09-17: 2 problems
2026-10-04T09:51:43.7717988Z   2025-09-16: 2 problems
2026-10-04T09:51:43.9370889Z   2025-09-15: 2 problems
2026-10-04T09:51:44.1097367Z   2025-09-13: 2 problems
2026-10-04T09:51:44.2736911Z   2025-09-12: 2 problems
2026-10-04T09:51:44.4723362Z   2025-09-11: 2 problems
2026-10-04T09:51:44.6461003Z   2025-09-10: 2 problems
2026-10-04T09:51:44.7865556Z   2025-09-09: 2 problems
2026-10-04T09:51:44.9519926Z   2025-09-08: 2 problems
2026-10-04T09:51:45.1163695Z   2025-09-06: 2 problems
2026-10-04T09:51:45.2673474Z   2025-09-05: 2 problems
2026-10-04T09:51:45.4131986Z   2025-09-04: 2 problems
2026-10-04T09:51:45.5697524Z   2025-09-03: 2 problems
2026-10-04T09:51:45.7428367Z   2025-09-02: 2 problems
2026-10-04T09:51:45.8827960Z   2025-09-01: 2 problems
2026-10-04T09:51:46.0696066Z   2025-08-30: 2 problems
2026-10-04T09:51:46.2320450Z   2025-08-29: 2 problems
2026-10-04T09:51:46.4100335Z   2025-08-28: 2 problems
2026-10-04T09:51:46.5561133Z   2025-08-27: 2 problems
2026-10-04T09:51:46.7045015Z   2025-08-26: 2 problems
2026-10-04T09:51:46.8628161Z   2025-08-25: 2 problems
2026-10-04T09:51:47.0227896Z   2025-08-23: 2 problems
2026-10-04T09:51:47.1791594Z   2025-08-22: 2 problems
2026-10-04T09:51:47.4640199Z   2025-08-21: 2 problems
2026-10-04T09:51:47.6453964Z   2025-08-20: 2 problems
2026-10-04T09:51:47.8054983Z   2025-08-19: 2 problems
2026-10-04T09:51:47.9551753Z   2025-08-18: 2 problems
2026-10-04T09:51:48.1234243Z   2025-08-16: 2 problems
2026-10-04T09:51:48.3001950Z   2025-08-15: 2 problems
2026-10-04T09:51:48.4412935Z   2025-08-14: 2 problems
2026-10-04T09:51:48.5892270Z   2025-08-13: 2 problems
2026-10-04T09:51:48.7712902Z   2025-08-12: 2 problems
2026-10-04T09:51:48.9364835Z   2025-08-11: 2 problems
2026-10-04T09:51:49.1176357Z   2025-08-09: 2 problems
2026-10-04T09:51:49.2772811Z   2025-08-08: 2 problems
2026-10-04T09:51:49.4534213Z   2025-08-07: 2 problems
2026-10-04T09:51:49.6139898Z   2025-08-06: 2 problems
2026-10-04T09:51:49.7920329Z   2025-08-05: 2 problems
2026-10-04T09:51:49.9388538Z   2025-08-04: 2 problems
2026-10-04T09:51:50.1595067Z   2025-08-02: 2 problems
2026-10-04T09:51:50.3043453Z   2025-08-01: 2 problems
2026-10-04T09:51:50.4661935Z   2025-07-31: 2 problems
2026-10-04T09:51:50.6262222Z   2025-07-30: 2 problems
2026-10-04T09:51:50.8036074Z   2025-07-29: 2 problems
2026-10-04T09:51:50.9502509Z   2025-07-28: 2 problems
2026-10-04T09:51:51.1328203Z   2025-07-26: 2 problems
2026-10-04T09:51:51.2982112Z   2025-07-25: 2 problems
2026-10-04T09:51:51.4563587Z   2025-07-24: 2 problems
2026-10-04T09:51:51.6408314Z   2025-07-23: 2 problems
2026-10-04T09:51:51.8028754Z   2025-07-22: 2 problems
2026-10-04T09:51:51.9538978Z   2025-07-21: 2 problems
2026-10-04T09:51:52.1328255Z   2025-07-19: 2 problems
2026-10-04T09:51:52.3390966Z   2025-07-18: 2 problems
2026-10-04T09:51:52.5140873Z   2025-07-17: 2 problems
2026-10-04T09:51:52.6709601Z   2025-07-16: 2 problems
2026-10-04T09:51:52.8184480Z   2025-07-15: 2 problems
2026-10-04T09:51:52.9458776Z   2025-07-14: 2 problems
2026-10-04T09:51:53.0943864Z   2025-07-12: 2 problems
2026-10-04T09:51:53.3063924Z   2025-07-11: 2 problems
2026-10-04T09:51:53.4684537Z   2025-07-10: 2 problems
2026-10-04T09:51:53.6263625Z   2025-07-09: 2 problems
2026-10-04T09:51:53.7764017Z   2025-07-08: 2 problems
2026-10-04T09:51:53.9235897Z   2025-07-07: 2 problems
2026-10-04T09:51:54.0888179Z   2025-07-05: 2 problems
2026-10-04T09:51:54.2389949Z   2025-07-04: 2 problems
2026-10-04T09:51:54.3847846Z   2025-07-03: 2 problems
2026-10-04T09:51:54.5270715Z   2025-07-02: 2 problems
2026-10-04T09:51:54.7024056Z   2025-07-01: 2 problems
2026-10-04T09:51:54.8578679Z   2025-06-30: 2 problems
2026-10-04T09:51:55.0195520Z   2025-06-28: 2 problems
2026-10-04T09:51:55.1606840Z   2025-06-27: 2 problems
2026-10-04T09:51:55.3185785Z   2025-06-26: 2 problems
2026-10-04T09:51:55.4926341Z   2025-06-25: 2 problems
2026-10-04T09:51:55.6667840Z   2025-06-24: 2 problems
2026-10-04T09:51:55.8625666Z   2025-06-23: 2 problems
2026-10-04T09:51:55.9837807Z   2025-06-21: 2 problems
2026-10-04T09:51:56.1575414Z   2025-06-20: 2 problems
2026-10-04T09:51:56.3832121Z   2025-06-19: 2 problems
2026-10-04T09:51:56.5704962Z   2025-06-18: 2 problems
2026-10-04T09:51:56.7279604Z   2025-06-17: 2 problems
2026-10-04T09:51:56.8958767Z   2025-06-16: 2 problems
2026-10-04T09:51:57.0941399Z   2025-06-14: 2 problems
2026-10-04T09:51:57.2538109Z   2025-06-13: 2 problems
2026-10-04T09:51:57.4138209Z   2025-06-12: 2 problems
2026-10-04T09:51:57.5826166Z   2025-06-11: 2 problems
2026-10-04T09:51:57.7528492Z   2025-06-10: 2 problems
2026-10-04T09:51:57.9446685Z   2025-06-09: 2 problems
2026-10-04T09:51:58.0922610Z   2025-06-07: 2 problems
2026-10-04T09:51:58.2378595Z   2025-06-06: 2 problems
2026-10-04T09:51:58.4319622Z   2025-06-05: 2 problems
2026-10-04T09:51:58.6040072Z   2025-06-04: 2 problems
2026-10-04T09:51:58.8043885Z   2025-06-03: 2 problems
2026-10-04T09:51:58.9743925Z   2025-06-02: 2 problems
2026-10-04T09:51:59.1429469Z   2025-05-31: 2 problems
2026-10-04T09:51:59.3301558Z   2025-05-30: 2 problems
2026-10-04T09:51:59.4849464Z   2025-05-29: 2 problems
2026-10-04T09:51:59.6716407Z   2025-05-28: 2 problems
2026-10-04T09:51:59.8634458Z   2025-05-27: 2 problems
2026-10-04T09:52:00.0449422Z   2025-05-26: 2 problems
2026-10-04T09:52:00.2108697Z   2025-05-24: 2 problems
2026-10-04T09:52:00.3789644Z   2025-05-23: 2 problems
2026-10-04T09:52:00.5644329Z   2025-05-22: 2 problems
2026-10-04T09:52:00.7379761Z   2025-05-21: 2 problems
2026-10-04T09:52:00.8843450Z   2025-05-20: 2 problems
2026-10-04T09:52:01.0566896Z   2025-05-19: 2 problems
2026-10-04T09:52:01.2215422Z   2025-05-17: 2 problems
2026-10-04T09:52:01.4024447Z   2025-05-16: 2 problems
2026-10-04T09:52:01.5925175Z   2025-05-15: 2 problems
2026-10-04T09:52:01.7667221Z   2025-05-14: 2 problems
2026-10-04T09:52:01.9525110Z   2025-05-13: 2 problems
2026-10-04T09:52:02.1429619Z   2025-05-12: 2 problems
2026-10-04T09:52:02.3591361Z   2025-05-10: 2 problems
2026-10-04T09:52:02.5536207Z   2025-05-09: 2 problems
2026-10-04T09:52:02.7333654Z   2025-05-08: 2 problems
2026-10-04T09:52:02.9005772Z   2025-05-07: 2 problems
2026-10-04T09:52:03.0774346Z   2025-05-06: 2 problems
2026-10-04T09:52:03.2701542Z   2025-05-05: 2 problems
2026-10-04T09:52:03.4975815Z   2025-05-03: 2 problems
2026-10-04T09:52:03.6664266Z   2025-05-02: 2 problems
2026-10-04T09:52:03.8593063Z   2025-05-01: 2 problems
2026-10-04T09:52:04.0351562Z   2025-04-30: 2 problems
2026-10-04T09:52:04.2273543Z   2025-04-29: 2 problems
2026-10-04T09:52:04.3929362Z   2025-04-28: 2 problems
2026-10-04T09:52:04.5831368Z   2025-04-26: 2 problems
2026-10-04T09:52:04.7656898Z   2025-04-25: 2 problems
2026-10-04T09:52:04.9422539Z   2025-04-24: 2 problems
2026-10-04T09:52:05.1427152Z   2025-04-23: 2 problems
2026-10-04T09:52:05.3347281Z   2025-04-22: 2 problems
2026-10-04T09:52:05.5304376Z   2025-04-21: 2 problems
2026-10-04T09:52:05.7096187Z   2025-04-19: 2 problems
2026-10-04T09:52:05.9206622Z   2025-04-18: 2 problems
2026-10-04T09:52:06.0618353Z   2025-04-17: 2 problems
2026-10-04T09:52:06.2160743Z   2025-04-16: 2 problems
2026-10-04T09:52:06.3985576Z   2025-04-15: 2 problems
2026-10-04T09:52:06.5833458Z   2025-04-14: 2 problems
2026-10-04T09:52:06.7821570Z   2025-04-12: 2 problems
2026-10-04T09:52:06.9961985Z   2025-04-11: 2 problems
2026-10-04T09:52:07.1818752Z   2025-04-10: 2 problems
2026-10-04T09:52:07.3544633Z   2025-04-09: 2 problems
2026-10-04T09:52:07.5472177Z   2025-04-08: 2 problems
2026-10-04T09:52:07.7469881Z   2025-04-07: 2 problems
2026-10-04T09:52:07.9016415Z   2025-04-05: 2 problems
2026-10-04T09:52:08.0821147Z   2025-04-04: 2 problems
2026-10-04T09:52:08.2709359Z   2025-04-03: 2 problems
2026-10-04T09:52:08.4328038Z   2025-04-02: 2 problems
2026-10-04T09:52:08.6399308Z   2025-04-01: 2 problems
2026-10-04T09:52:08.8288263Z   2025-03-31: 2 problems
2026-10-04T09:52:09.0177484Z   2025-03-29: 2 problems
2026-10-04T09:52:09.1835505Z   2025-03-28: 2 problems
2026-10-04T09:52:09.3910173Z   2025-03-27: 2 problems
2026-10-04T09:52:09.5745114Z   2025-03-26: 2 problems
2026-10-04T09:52:09.7261182Z   2025-03-25: 2 problems
2026-10-04T09:52:09.9238236Z   2025-03-24: 2 problems
2026-10-04T09:52:10.1363138Z   2025-03-22: 2 problems
2026-10-04T09:52:10.3158850Z   2025-03-21: 2 problems
2026-10-04T09:52:10.5004919Z   2025-03-20: 2 problems
2026-10-04T09:52:10.6948686Z   2025-03-19: 2 problems
2026-10-04T09:52:10.8937134Z   2025-03-18: 2 problems
2026-10-04T09:52:11.0644628Z   2025-03-17: 2 problems
2026-10-04T09:52:11.2668075Z   2025-03-15: 2 problems
2026-10-04T09:52:11.4204139Z   2025-03-14: 2 problems
2026-10-04T09:52:11.6066919Z   2025-03-13: 2 problems
2026-10-04T09:52:11.7789202Z   2025-03-12: 2 problems
2026-10-04T09:52:11.9498720Z   2025-03-11: 2 problems
2026-10-04T09:52:12.1089273Z   2025-03-10: 2 problems
2026-10-04T09:52:12.2774326Z   2025-03-08: 2 problems
2026-10-04T09:52:12.4328833Z   2025-03-07: 2 problems
2026-10-04T09:52:12.6161700Z   2025-03-06: 2 problems
2026-10-04T09:52:12.7910979Z   2025-03-05: 2 problems
2026-10-04T09:52:12.9585913Z   2025-03-04: 2 problems
2026-10-04T09:52:13.1363509Z   2025-03-03: 2 problems
2026-10-04T09:52:13.2901728Z   2025-03-01: 2 problems
2026-10-04T09:52:13.4862141Z   2025-02-28: 2 problems
2026-10-04T09:52:13.6402041Z   2025-02-27: 2 problems
2026-10-04T09:52:13.8161355Z   2025-02-26: 2 problems
2026-10-04T09:52:14.0100012Z   2025-02-25: 2 problems
2026-10-04T09:52:14.2033143Z   2025-02-24: 2 problems
2026-10-04T09:52:14.4129967Z   2025-02-22: 2 problems
2026-10-04T09:52:14.5538847Z   2025-02-21: 2 problems
2026-10-04T09:52:14.7123941Z   2025-02-20: 2 problems
2026-10-04T09:52:14.9103945Z   2025-02-19: 2 problems
2026-10-04T09:52:15.0804960Z   2025-02-18: 2 problems
2026-10-04T09:52:15.2846125Z   2025-02-17: 2 problems
2026-10-04T09:52:15.4586126Z   2025-02-15: 2 problems
2026-10-04T09:52:15.6558205Z   2025-02-14: 2 problems
2026-10-04T09:52:15.8318984Z   2025-02-13: 2 problems
2026-10-04T09:52:16.0585176Z   2025-02-12: 2 problems
2026-10-04T09:52:16.2400620Z   2025-02-11: 2 problems
2026-10-04T09:52:16.4164219Z   2025-02-10: 2 problems
2026-10-04T09:52:16.6113297Z   2025-02-08: 2 problems
2026-10-04T09:52:16.7859033Z   2025-02-07: 2 problems
2026-10-04T09:52:16.9702647Z   2025-02-06: 2 problems
2026-10-04T09:52:17.1363110Z   2025-02-05: 2 problems
2026-10-04T09:52:17.3375644Z   2025-02-04: 2 problems
2026-10-04T09:52:17.5341132Z   2025-02-03: 2 problems
2026-10-04T09:52:17.7127135Z   2025-02-01: 2 problems
2026-10-04T09:52:17.8842974Z   2025-01-31: 2 problems
2026-10-04T09:52:18.0607010Z   2025-01-30: 2 problems
2026-10-04T09:52:18.2771778Z   2025-01-29: 2 problems
2026-10-04T09:52:18.4771216Z   2025-01-28: 2 problems
2026-10-04T09:52:18.6531427Z   2025-01-27: 2 problems
2026-10-04T09:52:18.8273330Z   2025-01-25: 2 problems
2026-10-04T09:52:18.9962911Z   2025-01-24: 2 problems
2026-10-04T09:52:19.1998361Z   2025-01-23: 2 problems
2026-10-04T09:52:19.3920473Z   2025-01-22: 2 problems
2026-10-04T09:52:19.5921171Z   2025-01-21: 2 problems
2026-10-04T09:52:19.7783381Z   2025-01-20: 2 problems
2026-10-04T09:52:19.9354592Z   2025-01-18: 2 problems
2026-10-04T09:52:20.1579838Z   2025-01-17: 2 problems
2026-10-04T09:52:20.3158283Z   2025-01-16: 2 problems
2026-10-04T09:52:20.4950992Z   2025-01-15: 2 problems
2026-10-04T09:52:20.6695341Z   2025-01-14: 2 problems
2026-10-04T09:52:20.8453823Z   2025-01-13: 2 problems
2026-10-04T09:52:20.9904094Z   2025-01-11: 2 problems
2026-10-04T09:52:21.1254631Z   2025-01-10: 2 problems
2026-10-04T09:52:21.2885271Z   2025-01-09: 2 problems
2026-10-04T09:52:21.4823173Z   2025-01-08: 2 problems
2026-10-04T09:52:21.6437858Z   2025-01-07: 2 problems
2026-10-04T09:52:21.8463831Z   2025-01-06: 2 problems
2026-10-04T09:52:22.0318258Z   2025-01-04: 2 problems
2026-10-04T09:52:22.2759358Z   2025-01-03: 2 problems
2026-10-04T09:52:22.4465756Z   2025-01-02: 2 problems
2026-10-04T09:52:22.6204406Z   2025-01-01: 2 problems
2026-10-04T09:52:22.8015586Z   2024-12-31: 2 problems
2026-10-04T09:52:22.9723248Z   2024-12-30: 2 problems
2026-10-04T09:52:23.1277498Z   2024-12-28: 2 problems
2026-10-04T09:52:23.2772834Z   2024-12-27: 2 problems
2026-10-04T09:52:23.4313270Z   2024-12-26: 2 problems
2026-10-04T09:52:23.6103838Z   2024-12-25: 2 problems
2026-10-04T09:52:23.7775336Z   2024-12-24: 2 problems
2026-10-04T09:52:23.9426656Z   2024-12-23: 2 problems
2026-10-04T09:52:24.1583080Z   2024-12-21: 2 problems
2026-10-04T09:52:24.3419193Z   2024-12-20: 2 problems
2026-10-04T09:52:24.5340002Z   2024-12-19: 2 problems
2026-10-04T09:52:24.7355810Z   2024-12-18: 2 problems
2026-10-04T09:52:24.9058790Z   2024-12-17: 2 problems
2026-10-04T09:52:25.0634650Z   2024-12-16: 2 problems
2026-10-04T09:52:25.2501710Z   2024-12-14: 2 problems
2026-10-04T09:52:25.4483093Z   2024-12-13: 2 problems
2026-10-04T09:52:25.6311381Z   2024-12-12: 2 problems
2026-10-04T09:52:25.8403309Z   2024-12-11: 2 problems
2026-10-04T09:52:26.0018168Z   2024-12-10: 2 problems
2026-10-04T09:52:26.1781089Z   2024-12-09: 2 problems
2026-10-04T09:52:26.3332414Z   2024-12-07: 2 problems
2026-10-04T09:52:26.4851858Z   2024-12-06: 2 problems
2026-10-04T09:52:26.6335989Z   2024-12-05: 2 problems
2026-10-04T09:52:26.7823608Z   2024-12-04: 2 problems
2026-10-04T09:52:26.9407642Z   2024-12-03: 2 problems
2026-10-04T09:52:27.1151328Z   2024-12-02: 2 problems
2026-10-04T09:52:27.2692041Z   2024-11-30: 2 problems
2026-10-04T09:52:27.4241313Z   2024-11-29: 2 problems
2026-10-04T09:52:27.5689121Z   2024-11-28: 2 problems
2026-10-04T09:52:27.7207026Z   2024-11-27: 2 problems
2026-10-04T09:52:27.8844449Z   2024-11-26: 2 problems
2026-10-04T09:52:28.0426010Z   2024-11-25: 2 problems
2026-10-04T09:52:28.1890233Z   2024-11-23: 2 problems
2026-10-04T09:52:28.3471095Z   2024-11-22: 2 problems
2026-10-04T09:52:28.4560458Z   2024-11-21: 2 problems
2026-10-04T09:52:28.6244914Z   2024-11-20: 2 problems
2026-10-04T09:52:28.7749243Z   2024-11-19: 2 problems
2026-10-04T09:52:28.9248049Z   2024-11-18: 2 problems
2026-10-04T09:52:29.0620778Z   2024-11-16: 2 problems
2026-10-04T09:52:29.2114895Z   2024-11-15: 2 problems
2026-10-04T09:52:29.3730313Z   2024-11-14: 2 problems
2026-10-04T09:52:29.5165385Z   2024-11-13: 2 problems
2026-10-04T09:52:29.6795281Z   2024-11-12: 2 problems
2026-10-04T09:52:29.8169102Z   2024-11-11: 2 problems
2026-10-04T09:52:29.9578131Z   2024-11-09: 2 problems
2026-10-04T09:52:30.1193130Z   2024-11-08: 2 problems
2026-10-04T09:52:30.2700093Z   2024-11-07: 2 problems
2026-10-04T09:52:30.4214127Z   2024-11-06: 2 problems
2026-10-04T09:52:30.5925660Z   2024-11-05: 2 problems
2026-10-04T09:52:30.7425874Z   2024-11-04: 2 problems
2026-10-04T09:52:30.8933196Z   2024-11-02: 2 problems
2026-10-04T09:52:31.0519715Z   2024-11-01: 2 problems
2026-10-04T09:52:31.2099483Z   2024-10-31: 2 problems
2026-10-04T09:52:31.3773515Z   2024-10-30: 2 problems
2026-10-04T09:52:31.5468091Z   2024-10-29: 2 problems
2026-10-04T09:52:31.7097908Z   2024-10-28: 2 problems
2026-10-04T09:52:31.8443248Z   2024-10-26: 2 problems
2026-10-04T09:52:31.9968739Z   2024-10-25: 2 problems
2026-10-04T09:52:32.1714380Z   2024-10-24: 2 problems
2026-10-04T09:52:32.3139977Z   2024-10-23: 2 problems
2026-10-04T09:52:32.4555697Z   2024-10-22: 2 problems
2026-10-04T09:52:32.6155909Z   2024-10-21: 2 problems
2026-10-04T09:52:32.7831835Z   2024-10-19: 2 problems
2026-10-04T09:52:32.9374601Z   2024-10-18: 2 problems
2026-10-04T09:52:33.0958395Z   2024-10-17: 2 problems
2026-10-04T09:52:33.2489423Z   2024-10-16: 2 problems
2026-10-04T09:52:33.4185147Z   2024-10-15: 2 problems
2026-10-04T09:52:33.5826558Z   2024-10-14: 2 problems
2026-10-04T09:52:33.7326468Z   2024-10-12: 2 problems
2026-10-04T09:52:33.9167192Z   2024-10-11: 2 problems
2026-10-04T09:52:34.0576101Z   2024-10-10: 2 problems
2026-10-04T09:52:34.2128494Z   2024-10-09: 2 problems
2026-10-04T09:52:34.3826497Z   2024-10-08: 2 problems
2026-10-04T09:52:34.5457008Z   2024-10-07: 2 problems
2026-10-04T09:52:34.6976722Z   2024-10-05: 2 problems
2026-10-04T09:52:34.8563045Z   2024-10-04: 2 problems
2026-10-04T09:52:35.0410212Z   2024-10-03: 2 problems
2026-10-04T09:52:35.1910461Z   2024-10-02: 2 problems
2026-10-04T09:52:35.3452893Z   2024-10-01: 2 problems
2026-10-04T09:52:35.4988214Z   2024-09-30: 2 problems
2026-10-04T09:52:35.7041475Z   2024-09-28: 2 problems
2026-10-04T09:52:35.8543797Z   2024-09-27: 2 problems
2026-10-04T09:52:36.0318301Z   2024-09-26: 2 problems
2026-10-04T09:52:36.2002015Z   2024-09-25: 2 problems
2026-10-04T09:52:36.3097275Z   2024-09-24: 2 problems
2026-10-04T09:52:36.4627231Z   2024-09-23: 2 problems
2026-10-04T09:52:36.6121374Z   2024-09-21: 2 problems
2026-10-04T09:52:36.7566557Z   2024-09-20: 2 problems
2026-10-04T09:52:36.9337528Z   2024-09-19: 2 problems
2026-10-04T09:52:37.0699353Z   2024-09-18: 2 problems
2026-10-04T09:52:37.2262541Z   2024-09-17: 2 problems
2026-10-04T09:52:37.4155107Z   2024-09-16: 2 problems
2026-10-04T09:52:37.5609258Z   2024-09-14: 2 problems
2026-10-04T09:52:37.7152940Z   2024-09-13: 2 problems
2026-10-04T09:52:37.8608793Z   2024-09-12: 2 problems
2026-10-04T09:52:38.0373001Z   2024-09-11: 2 problems
2026-10-04T09:52:38.1870347Z   2024-09-10: 2 problems
2026-10-04T09:52:38.3631445Z   2024-09-09: 2 problems
2026-10-04T09:52:38.5132390Z   2024-09-07: 2 problems
2026-10-04T09:52:38.6799062Z   2024-09-06: 2 problems
2026-10-04T09:52:38.8479526Z   2024-09-05: 2 problems
2026-10-04T09:52:39.0049552Z   2024-09-04: 2 problems
2026-10-04T09:52:39.1525228Z   2024-09-03: 2 problems
2026-10-04T09:52:39.3051955Z   2024-09-02: 2 problems
2026-10-04T09:52:39.4752247Z   2024-08-31: 2 problems
2026-10-04T09:52:39.6455700Z   2024-08-30: 2 problems
2026-10-04T09:52:39.8088876Z   2024-08-29: 2 problems
2026-10-04T09:52:39.9766049Z   2024-08-28: 2 problems
2026-10-04T09:52:40.1202411Z   2024-08-27: 2 problems
2026-10-04T09:52:40.2625337Z   2024-08-26: 2 problems
2026-10-04T09:52:40.4086073Z   2024-08-24: 2 problems
2026-10-04T09:52:40.5933847Z   2024-08-23: 2 problems
2026-10-04T09:52:40.7479204Z   2024-08-22: 2 problems
2026-10-04T09:52:40.8951185Z   2024-08-21: 2 problems
2026-10-04T09:52:41.0741908Z   2024-08-20: 2 problems
2026-10-04T09:52:41.2312399Z   2024-08-19: 2 problems
2026-10-04T09:52:41.3889987Z   2024-08-17: 2 problems
2026-10-04T09:52:41.5579572Z   2024-08-16: 2 problems
2026-10-04T09:52:41.6939867Z   2024-08-15: 2 problems
2026-10-04T09:52:41.8362283Z   2024-08-14: 2 problems
2026-10-04T09:52:41.9848021Z   2024-08-13: 2 problems
2026-10-04T09:52:42.1329569Z   2024-08-12: 2 problems
2026-10-04T09:52:42.2633482Z   2024-08-10: 2 problems
2026-10-04T09:52:42.4468796Z   2024-08-09: 2 problems
2026-10-04T09:52:42.5910388Z   2024-08-08: 2 problems
2026-10-04T09:52:42.7350950Z   2024-08-07: 2 problems
2026-10-04T09:52:42.9142373Z   2024-08-06: 2 problems
2026-10-04T09:52:43.0683406Z   2024-08-05: 2 problems
2026-10-04T09:52:43.2152961Z   2024-08-03: 2 problems
2026-10-04T09:52:43.3662338Z   2024-08-02: 2 problems
2026-10-04T09:52:43.5108221Z   2024-08-01: 2 problems
2026-10-04T09:52:43.6609722Z   2024-07-31: 2 problems
2026-10-04T09:52:43.8155506Z   2024-07-30: 2 problems
2026-10-04T09:52:43.9506369Z   2024-07-29: 2 problems
2026-10-04T09:52:44.1148895Z   2024-07-27: 2 problems
2026-10-04T09:52:44.2690717Z   2024-07-26: 2 problems
2026-10-04T09:52:44.4148852Z   2024-07-25: 2 problems
2026-10-04T09:52:44.5783169Z   2024-07-24: 2 problems
2026-10-04T09:52:44.7229787Z   2024-07-23: 2 problems
2026-10-04T09:52:44.8770501Z   2024-07-22: 2 problems
2026-10-04T09:52:45.0661761Z   2024-07-20: 2 problems
2026-10-04T09:52:45.2044352Z   2024-07-19: 2 problems
2026-10-04T09:52:45.3409819Z   2024-07-18: 2 problems
2026-10-04T09:52:45.4846274Z   2024-07-17: 2 problems
2026-10-04T09:52:45.6351915Z   2024-07-16: 2 problems
2026-10-04T09:52:45.8073814Z   2024-07-15: 2 problems
2026-10-04T09:52:45.9706444Z   2024-07-13: 2 problems
2026-10-04T09:52:46.0640910Z   2024-07-12: 2 problems
2026-10-04T09:52:46.2305871Z   2024-07-11: 2 problems
2026-10-04T09:52:46.4093921Z   2024-07-10: 2 problems
2026-10-04T09:52:46.5771970Z   2024-07-09: 2 problems
2026-10-04T09:52:46.7232214Z   2024-07-08: 2 problems
2026-10-04T09:52:46.8675173Z   2024-07-06: 2 problems
2026-10-04T09:52:47.0143073Z   2024-07-05: 2 problems
2026-10-04T09:52:47.1685008Z   2024-07-04: 2 problems
2026-10-04T09:52:47.3103280Z   2024-07-03: 2 problems
2026-10-04T09:52:47.4656487Z   2024-07-02: 2 problems
2026-10-04T09:52:47.6296253Z   2024-07-01: 2 problems
2026-10-04T09:52:47.7650146Z   2024-06-29: 2 problems
2026-10-04T09:52:47.9270450Z   2024-06-28: 2 problems
2026-10-04T09:52:48.0815118Z   2024-06-27: 2 problems
2026-10-04T09:52:48.2274490Z   2024-06-26: 2 problems
2026-10-04T09:52:48.3814326Z   2024-06-25: 2 problems
2026-10-04T09:52:48.5403577Z   2024-06-24: 2 problems
2026-10-04T09:52:48.6903442Z   2024-06-22: 2 problems
2026-10-04T09:52:48.8904131Z   2024-06-21: 2 problems
2026-10-04T09:52:49.0436113Z   2024-06-20: 2 problems
2026-10-04T09:52:49.1852933Z   2024-06-19: 2 problems
2026-10-04T09:52:49.3545672Z   2024-06-18: 2 problems
2026-10-04T09:52:49.5194550Z   2024-06-17: 2 problems
2026-10-04T09:52:49.6826011Z   2024-06-15: 2 problems
2026-10-04T09:52:49.8374032Z   2024-06-14: 2 problems
2026-10-04T09:52:50.0032272Z   2024-06-13: 2 problems
2026-10-04T09:52:50.1773660Z   2024-06-12: 2 problems
2026-10-04T09:52:50.3362519Z   2024-06-11: 2 problems
2026-10-04T09:52:50.4736001Z   2024-06-10: 2 problems
2026-10-04T09:52:50.6197649Z   2024-06-08: 2 problems
2026-10-04T09:52:50.7728006Z   2024-06-07: 2 problems
2026-10-04T09:52:50.9032018Z   2024-06-06: 2 problems
2026-10-04T09:52:51.0478477Z   2024-06-05: 2 problems
2026-10-04T09:52:51.1981879Z   2024-06-04: 2 problems
2026-10-04T09:52:51.3597349Z   2024-06-03: 2 problems
2026-10-04T09:52:51.4977837Z   2024-06-01: 2 problems
2026-10-04T09:52:51.6845496Z   2024-05-31: 2 problems
2026-10-04T09:52:51.8432342Z   2024-05-30: 2 problems
2026-10-04T09:52:51.9892376Z   2024-05-29: 2 problems
2026-10-04T09:52:52.1728168Z   2024-05-28: 2 problems
2026-10-04T09:52:52.3310414Z   2024-05-27: 2 problems
2026-10-04T09:52:52.4870286Z   2024-05-25: 2 problems
2026-10-04T09:52:52.6780222Z   2024-05-24: 2 problems
2026-10-04T09:52:52.8269294Z   2024-05-23: 2 problems
2026-10-04T09:52:52.9889279Z   2024-05-22: 2 problems
2026-10-04T09:52:53.1394872Z   2024-05-21: 2 problems
2026-10-04T09:52:53.3087259Z   2024-05-20: 2 problems
2026-10-04T09:52:53.4839634Z   2024-05-18: 2 problems
2026-10-04T09:52:53.6443266Z   2024-05-17: 2 problems
2026-10-04T09:52:53.7906126Z   2024-05-16: 2 problems
2026-10-04T09:52:53.9513257Z   2024-05-15: 2 problems
2026-10-04T09:52:54.1085841Z   2024-05-14: 2 problems
2026-10-04T09:52:54.2932166Z   2024-05-13: 2 problems
2026-10-04T09:52:54.4624448Z   2024-05-11: 2 problems
2026-10-04T09:52:54.6383929Z   2024-05-10: 2 problems
2026-10-04T09:52:54.8006080Z   2024-05-09: 2 problems
2026-10-04T09:52:54.9462295Z   2024-05-08: 2 problems
2026-10-04T09:52:55.0854689Z   2024-05-07: 2 problems
2026-10-04T09:52:55.2303995Z   2024-05-06: 2 problems
2026-10-04T09:52:55.4077881Z   2024-05-04: 2 problems
2026-10-04T09:52:55.5783194Z   2024-05-03: 2 problems
2026-10-04T09:52:55.7227807Z   2024-05-02: 2 problems
2026-10-04T09:52:55.8927459Z   2024-05-01: 2 problems
2026-10-04T09:52:56.0683929Z   2024-04-30: 2 problems
2026-10-04T09:52:56.2521739Z   2024-04-29: 2 problems
2026-10-04T09:52:56.4452105Z   2024-04-27: 2 problems
2026-10-04T09:52:56.5946963Z   2024-04-26: 2 problems
2026-10-04T09:52:56.7956527Z   2024-04-25: 2 problems
2026-10-04T09:52:56.9948057Z   2024-04-24: 2 problems
2026-10-04T09:52:57.1437397Z   2024-04-23: 2 problems
2026-10-04T09:52:57.2939169Z   2024-04-22: 2 problems
2026-10-04T09:52:57.4823596Z   2024-04-20: 2 problems
2026-10-04T09:52:57.6514737Z   2024-04-19: 2 problems
2026-10-04T09:52:57.8303540Z   2024-04-18: 2 problems
2026-10-04T09:52:57.9910686Z   2024-04-17: 2 problems
2026-10-04T09:52:58.1505002Z   2024-04-16: 2 problems
2026-10-04T09:52:58.3062320Z   2024-04-15: 2 problems
2026-10-04T09:52:58.4758829Z   2024-04-13: 2 problems
2026-10-04T09:52:58.6701723Z   2024-04-12: 2 problems
2026-10-04T09:52:58.8723905Z   2024-04-11: 2 problems
2026-10-04T09:52:59.0263453Z   2024-04-10: 2 problems
2026-10-04T09:52:59.1732410Z   2024-04-09: 2 problems
2026-10-04T09:52:59.3435184Z   2024-04-08: 2 problems
2026-10-04T09:52:59.5185795Z   2024-04-06: 2 problems
2026-10-04T09:52:59.6832902Z   2024-04-05: 2 problems
2026-10-04T09:52:59.8520658Z   2024-04-04: 2 problems
2026-10-04T09:52:59.9972193Z   2024-04-03: 2 problems
2026-10-04T09:53:00.1797102Z   2024-04-02: 2 problems
2026-10-04T09:53:00.3596752Z   2024-04-01: 2 problems
2026-10-04T09:53:00.5042231Z   2024-03-30: 2 problems
2026-10-04T09:53:00.6473133Z   2024-03-29: 2 problems
2026-10-04T09:53:00.8094739Z   2024-03-28: 2 problems
2026-10-04T09:53:00.9742000Z   2024-03-27: 2 problems
2026-10-04T09:53:01.1336276Z   2024-03-26: 2 problems
2026-10-04T09:53:01.3119324Z   2024-03-25: 2 problems
2026-10-04T09:53:01.4982328Z   2024-03-23: 2 problems
2026-10-04T09:53:01.6818773Z   2024-03-22: 2 problems
2026-10-04T09:53:01.8452866Z   2024-03-21: 2 problems
2026-10-04T09:53:02.0128380Z   2024-03-20: 2 problems
2026-10-04T09:53:02.1884804Z   2024-03-19: 2 problems
2026-10-04T09:53:02.3720010Z   2024-03-18: 2 problems
2026-10-04T09:53:02.5312304Z   2024-03-16: 2 problems
2026-10-04T09:53:02.7271190Z   2024-03-15: 2 problems
2026-10-04T09:53:02.9033713Z   2024-03-14: 2 problems
2026-10-04T09:53:03.0538324Z   2024-03-13: 2 problems
2026-10-04T09:53:03.2033340Z   2024-03-12: 2 problems
2026-10-04T09:53:03.3699935Z   2024-03-11: 2 problems
2026-10-04T09:53:03.5805586Z   2024-03-09: 2 problems
2026-10-04T09:53:03.7210817Z   2024-03-08: 2 problems
2026-10-04T09:53:03.8838042Z   2024-03-07: 2 problems
2026-10-04T09:53:04.0459251Z   2024-03-06: 2 problems
2026-10-04T09:53:04.2102125Z   2024-03-05: 2 problems
2026-10-04T09:53:04.4317271Z   2024-03-04: 2 problems
2026-10-04T09:53:04.5922552Z   2024-03-02: 2 problems
2026-10-04T09:53:04.7486963Z   2024-03-01: 2 problems
2026-10-04T09:53:04.9259755Z   2024-02-29: 2 problems
2026-10-04T09:53:05.1466037Z   2024-02-28: 2 problems
2026-10-04T09:53:05.3203174Z   2024-02-27: 2 problems
2026-10-04T09:53:05.4986802Z   2024-02-26: 2 problems
2026-10-04T09:53:05.4988396Z Building categories...
2026-10-04T09:53:07.0870137Z Wrote /home/runner/work/ys_problem_web/ys_problem_web/data/daily.json (813 days, 21 categories).
2026-10-04T09:53:07.0871157Z Syncing leaderboard (records.js from gh-pages)...
2026-10-04T09:53:07.1431092Z   ✓ 361 players, data through 2026-10-03
2026-10-04T09:53:07.1616965Z ##[group]Run node scripts/translate-ai.mjs
2026-10-04T09:53:07.1617260Z [36;1mnode scripts/translate-ai.mjs[0m
2026-10-04T09:53:07.1672962Z shell: /usr/bin/bash -e {0}
2026-10-04T09:53:07.1673197Z env:
2026-10-04T09:53:07.1673625Z   AI_BASE_URL: ***
2026-10-04T09:53:07.1673896Z   AI_API_KEY: ***
2026-10-04T09:53:07.1674081Z   AI_MODEL: deepseek-v4-flash
2026-10-04T09:53:07.1674286Z   AI_TRANSLATE_LIMIT: 60
2026-10-04T09:53:07.1674482Z ##[endgroup]
2026-10-04T09:53:07.2108796Z (node:4162) [MODULE_TYPELESS_PACKAGE_JSON] Warning: Module type of file:///home/runner/work/ys_problem_web/ys_problem_web/lib/mt-protect.js is not specified and it doesn't parse as CommonJS.
2026-10-04T09:53:07.2109664Z Reparsing as ES module because module syntax was detected. This incurs a performance overhead.
2026-10-04T09:53:07.2110197Z To eliminate this warning, add "type": "module" to /home/runner/work/ys_problem_web/ys_problem_web/package.json.
2026-10-04T09:53:07.2110769Z (Use `node --trace-warnings ...` to show where the warning was created)
2026-10-04T09:53:07.2966733Z GYM106235A: 3 segment(s) to translate
2026-10-04T09:53:12.8354040Z   ✓ input[1]: 第二行包含 $$$n$$$ 个整数 $$$p_1, p_2, \dots, p_n$$$($$$…
2026-10-04T09:53:17.2743593Z   ✓ input[2]: 第三行包含 $$$n$$$ 个整数 $$$s_1, s_2, \dots, s_n$$$($$$…
2026-10-04T09:53:22.0723029Z   ✓ output[0]: 在一行中输出一个数——恰好包含 $$$k$$$ 名运动员的合适集合的数量。由于答案可能很大，请将…
2026-10-04T09:53:22.3735959Z GYM106235B: 16 segment(s) to translate
2026-10-04T09:53:26.4913957Z   ✓ title[0]: B. 不正确性证明…
2026-10-04T09:53:35.6445771Z   ✓ legend[0]: 这是一道交互题。请记住，你的程序在每次输出后都必须刷新输出缓冲区。要刷新输出缓冲区，在 C++ …
2026-10-04T09:53:40.0779858Z   ✓ legend[1]: Vasya 声称他发明了一种针对 $$$n$$$ 元素数组 $$$a$$$(其中所有元素两两不同…
2026-10-04T09:53:44.9865924Z   ✓ legend[2]: Vasya 将向你提出不超过 $$$\lceil \log_2 (n!)\rceil - 1$$…
2026-10-04T09:53:48.7287305Z   ✓ legend[3]: 交互…
2026-10-04T09:53:55.9301003Z   ✓ legend[4]: 初始时，评测程序会发送一个整数 $$$n$$$($$$3 \le n \le 18$$$)——数…
2026-10-04T09:54:00.1022057Z   ✓ legend[5]: 然后，评测程序将按照以下格式发送不超过 $$$\lceil \log_2 (n!)\rceil …
2026-10-04T09:54:04.3085189Z   ✓ legend[6]: $$$?$$$ $$$i$$$ $$$j$$$ — 比较 $$$a_i$$$ 和 $$$a_j$…
2026-10-04T09:54:08.7037709Z   ✓ legend[7]: 对于每个询问，如果 $$$a_i  \lt  a_j$$$，你的程序必须输出 <，否则输出 >。…
2026-10-04T09:54:13.4914399Z   ✓ legend[8]: 之后，评测程序将按以下格式发送它的答案：…
2026-10-04T09:54:16.5153796Z   ✓ legend[9]: $$$!$$$ $$$\operatorname{ord}_1 \operatorname{or…
2026-10-04T09:54:21.6269516Z   ✓ legend[10]: 作为回应，你的程序必须输出一个与评测机排列不同且与之前所有查询一致的排列，格式相同。如果有多个可…
2026-10-04T09:54:27.1360458Z   ✓ legend[11]: 如果你的答案正确，评测程序将在单独一行发送字符串 CORRECT，表示你可以终止程序。如果你的答…
2026-10-04T09:54:32.5183123Z   ✓ legend[12]: 如果你的程序违反了查询的格式，评测系统将返回字符串 ERROR。在这种情况下，你的程序应立即终止…
2026-10-04T09:54:35.9637046Z   ✓ legend[13]: 每次输出内容时，记得刷新输出缓冲区！…
2026-10-04T09:54:39.8904295Z   ✓ note[0]: 注意，示例中的空格仅为便于阅读而添加。检查解答时，交互器不会输出空行。…
2026-10-04T09:54:40.1917344Z GYM101059B: 18 segment(s) to translate
2026-10-04T09:54:44.6994606Z   ✓ title[0]: B. Shift and Push…
2026-10-04T09:54:48.7744610Z   ✓ legend[0]: 给定两个大小相同的数组 A 和 B，大小均为 N。A 为空，B 中有一些值。…
2026-10-04T09:54:52.6324288Z   ✓ legend[1]: 你需要将元素 X 填入 A，使得 X 属于 B。…
2026-10-04T09:54:55.6861656Z   ✓ legend[2]: 允许的操作只有：…
2026-10-04T09:54:59.6830403Z   ✓ legend[3]: 1. 将 B[i] 复制到 A[i]。…
2026-10-04T09:55:02.6195843Z   ✓ legend[4]: 2. 将 B 向右循环移位 1 位。…
2026-10-04T09:55:06.7851995Z   ✓ legend[5]: 你需要最小化操作次数。…
2026-10-04T09:55:10.9908564Z   ✓ input[0]: 第一行包含一个正整数 N(1 ≤ N ≤ 106)，表示数组的大小。…
2026-10-04T09:55:15.2383111Z   ✓ input[1]: 下一行包含 N 个以空格分隔的正整数，表示数组 B 的元素（1 ≤ B[i] ≤ 105）。…
2026-10-04T09:55:18.4311169Z   ✓ output[0]: 输出一个整数，表示所需的最少操作次数。…
2026-10-04T09:55:21.7249642Z   ✓ note[0]: 在第一个测试用例中：…
2026-10-04T09:55:26.4179895Z   ✓ note[1]: 我们可以有如下 5 个步骤：填充第一个元素、移位、填充第二个元素、移位、填充第三个元素。…
2026-10-04T09:55:30.3433940Z   ✓ note[2]: 初始时，A = [_, _, _]，B = [1, 2, 3]…
2026-10-04T09:55:34.0847176Z   ✓ note[3]: 第 1 步之后，A = [1, _, _]，B = [1, 2, 3]…
2026-10-04T09:55:37.6411690Z   ✓ note[4]: 第 2 步之后，A = [1, _, _]，B = [3, 1, 2]…
2026-10-04T09:55:40.9380866Z   ✓ note[5]: 在第 3 步之后，A = [1, 1, _]，B = [3, 1, 2]…
2026-10-04T09:55:45.8509939Z   ✓ note[6]: 第 4 步之后，A = [1, 1, _]，B = [2, 3, 1]…
2026-10-04T09:55:50.0189930Z   ✓ note[7]: 在第 5 步之后，A = [1, 1, 1]，B = [2, 3, 1]…
2026-10-04T09:55:50.3208661Z GYM101059D: 4 segment(s) to translate
2026-10-04T09:55:54.5731212Z   ✓ title[0]: D. 令人印象深刻的查询…
2026-10-04T09:56:08.3807193Z   ✓ legend[0]: 给定两个大小为 N 的数组 A 和 B。给定 Q 个形如 (i, j, k) 的询问。其中，对于…
2026-10-04T09:56:14.9363141Z   ✓ input[0]: 第一行包含两个整数 N 和 Q（1 ≤ N, Q ≤ 105）。下一行包含 N 个整数，表示数组…
2026-10-04T09:56:19.3447717Z   ✓ output[0]: Q 行，每行包含一个询问的答案。…
2026-10-04T09:56:19.6453071Z GYM101055C: 13 segment(s) to translate
2026-10-04T09:56:24.4445504Z   ✓ title[0]: C. It-miha…
2026-10-04T09:56:29.1284403Z   ✓ legend[0]: 在古埃及，金字塔的建造笼罩在神秘之中。许多研究者认为当时并不具备建造它们所需的技术，并怀疑埃及人…
2026-10-04T09:56:39.1790778Z   ✓ legend[1]: 这些奥秘的一个例子就是“It-miha”数。在埃及的 It-miha 省发现了一块刻有一串数字的…
2026-10-04T09:56:43.2314913Z   ✓ legend[2]: 完全平方数是指具有整数平方根的数，例如 1、4、9、16、25 等。如果一个数不能被任何大于 1…
2026-10-04T09:56:48.0415457Z   ✓ legend[3]: 如今，确定这样的数对我们来说似乎很简单，但我们必须记住，在 3500 多年前的那个时代，连记数系…
2026-10-04T09:56:57.0047393Z   ✓ legend[4]: “It-miha”数在金字塔建造中非常常见。例如，Quéops 金字塔的底面为 210 × 21…
2026-10-04T09:57:01.6267273Z   ✓ legend[5]: 前十个 “It-miha” 数是 1、2、3、5、6、7、10、11、13 和 14。你的任务是…
2026-10-04T09:57:05.2617275Z   ✓ input[0]: 第一行包含一个整数 Q，表示询问的次数。…
2026-10-04T09:57:09.3826727Z   ✓ input[1]: 接下来的 Q 行中每行有一个整数 N。…
2026-10-04T09:57:13.0005372Z   ✓ input[2]: 限制…
2026-10-04T09:57:16.1125224Z   ✓ input[3]: 1 ≤ Q ≤ 25…
2026-10-04T09:57:20.5125896Z   ✓ input[4]: 1 ≤ N ≤ 2·1010…
2026-10-04T09:57:24.9859965Z   ✓ output[0]: 对于每个询问，输出第 N 个 "It-miha" 数。…
2026-10-04T09:57:25.2875576Z GYM101798H: 12 segment(s) to translate
2026-10-04T09:57:29.9077096Z   ✓ title[0]: H. 圆柱图…
2026-10-04T09:57:34.7038277Z   ✓ legend[0]: ![](https://espresso.codeforces.com/d8f92fc157ec…
2026-10-04T09:57:40.2859444Z   ✓ legend[1]: 如果一个无向图能够被拆分成两个长度相等且不相交的简单环，使得第一个环中的第 i 个节点与第二个环…
2026-10-04T09:57:48.5243496Z   ✓ legend[2]: 给定一个无向图，它有偶数个节点 n 和 ![](https://espresso.codefor…
2026-10-04T09:58:01.5386918Z   ✓ input[0]: 输入的第一行包含一个偶数整数 n（6 ≤ n ≤ 10^5），表示图中的节点数。…
2026-10-04T09:58:06.5150283Z   ✓ input[1]: 接下来 ![](https://espresso.codeforces.com/c063f768…
2026-10-04T09:58:06.8153935Z Done: 60 segment(s) translated (hit limit 60).
2026-10-04T09:58:06.8262210Z ##[group]Run CF_STATEMENTS=0 TRANSLATE=0 node scripts/update-data.mjs
2026-10-04T09:58:06.8262609Z [36;1mCF_STATEMENTS=0 TRANSLATE=0 node scripts/update-data.mjs[0m
2026-10-04T09:58:06.8317243Z shell: /usr/bin/bash -e {0}
2026-10-04T09:58:06.8317450Z env:
2026-10-04T09:58:06.8319646Z   GITHUB_TOKEN: ***
2026-10-04T09:58:06.8319838Z ##[endgroup]
2026-10-04T09:58:06.9420299Z Discovering daily problem folders...
2026-10-04T09:58:07.6276090Z Found 813 days, syncing the most recent 813.
2026-10-04T09:58:07.9596066Z   2026-10-03: 2 problems
2026-10-04T09:58:08.0797021Z   2026-10-02: 2 problems
2026-10-04T09:58:08.1924017Z   2026-10-01: 2 problems
2026-10-04T09:58:08.2924023Z   2026-09-30: 2 problems
2026-10-04T09:58:08.3952027Z   2026-09-29: 2 problems
2026-10-04T09:58:08.4972850Z   2026-09-28: 2 problems
2026-10-04T09:58:08.6115700Z   2026-09-26: 2 problems
2026-10-04T09:58:08.7264191Z   2026-09-25: 2 problems
2026-10-04T09:58:08.8270887Z   2026-09-24: 2 problems
2026-10-04T09:58:08.9489533Z   2026-09-23: 2 problems
2026-10-04T09:58:09.0479504Z   2026-09-22: 2 problems
2026-10-04T09:58:09.1623187Z   2026-09-21: 2 problems
2026-10-04T09:58:09.3010195Z   2026-09-19: 2 problems
2026-10-04T09:58:09.3956975Z   2026-09-18: 2 problems
2026-10-04T09:58:09.5179487Z   2026-09-17: 2 problems
2026-10-04T09:58:09.6013219Z   2026-09-16: 2 problems
2026-10-04T09:58:09.7321654Z   2026-09-15: 2 problems
2026-10-04T09:58:09.7969179Z   2026-09-14: 2 problems
2026-10-04T09:58:09.9038239Z   2026-09-12: 2 problems
2026-10-04T09:58:09.9994558Z   2026-09-11: 2 problems
2026-10-04T09:58:10.0991970Z   2026-09-10: 2 problems
2026-10-04T09:58:10.2002909Z   2026-09-09: 2 problems
2026-10-04T09:58:10.3063086Z   2026-09-08: 2 problems
2026-10-04T09:58:10.4073772Z   2026-09-07: 2 problems
2026-10-04T09:58:10.5282506Z   2026-09-05: 2 problems
2026-10-04T09:58:10.6251467Z   2026-09-04: 2 problems
2026-10-04T09:58:10.7240400Z   2026-09-03: 2 problems
2026-10-04T09:58:10.8109211Z   2026-09-02: 2 problems
2026-10-04T09:58:10.9149851Z   2026-09-01: 2 problems
2026-10-04T09:58:11.0089352Z   2026-08-31: 2 problems
2026-10-04T09:58:11.1286083Z   2026-08-29: 2 problems
2026-10-04T09:58:11.2395489Z   2026-08-28: 2 problems
2026-10-04T09:58:11.3505399Z   2026-08-27: 2 problems
2026-10-04T09:58:11.4417523Z   2026-08-26: 2 problems
2026-10-04T09:58:11.5209352Z   2026-08-25: 2 problems
2026-10-04T09:58:11.6147888Z   2026-08-24: 2 problems
2026-10-04T09:58:11.7108138Z   2026-08-22: 2 problems
2026-10-04T09:58:11.8093957Z   2026-08-21: 2 problems
2026-10-04T09:58:11.8948175Z   2026-08-20: 2 problems
2026-10-04T09:58:11.9860470Z   2026-08-19: 2 problems
2026-10-04T09:58:12.0754868Z   2026-08-18: 2 problems
2026-10-04T09:58:12.1840127Z   2026-08-17: 2 problems
2026-10-04T09:58:12.2973601Z   2026-08-15: 2 problems
2026-10-04T09:58:12.3961294Z   2026-08-14: 2 problems
2026-10-04T09:58:12.4850168Z   2026-08-13: 2 problems
2026-10-04T09:58:12.5735844Z   2026-08-12: 2 problems
2026-10-04T09:58:12.6428784Z   2026-08-11: 2 problems
2026-10-04T09:58:12.7636277Z   2026-08-10: 2 problems
2026-10-04T09:58:12.8561257Z   2026-08-08: 2 problems
2026-10-04T09:58:12.9378654Z   2026-08-07: 2 problems
2026-10-04T09:58:13.0580474Z   2026-08-06: 2 problems
2026-10-04T09:58:13.1356802Z   2026-08-05: 2 problems
2026-10-04T09:58:13.2488776Z   2026-08-04: 2 problems
2026-10-04T09:58:13.3490181Z   2026-08-03: 2 problems
2026-10-04T09:58:13.4361724Z   2026-08-01: 2 problems
2026-10-04T09:58:13.4948880Z   2026-07-31: 2 problems
2026-10-04T09:58:13.5998414Z   2026-07-30: 2 problems
2026-10-04T09:58:13.6815406Z   2026-07-29: 2 problems
2026-10-04T09:58:13.7776980Z   2026-07-28: 2 problems
2026-10-04T09:58:13.8871944Z   2026-07-27: 2 problems
2026-10-04T09:58:13.9758778Z   2026-07-25: 2 problems
2026-10-04T09:58:14.0510311Z   2026-07-24: 2 problems
2026-10-04T09:58:14.1469269Z   2026-07-23: 2 problems
2026-10-04T09:58:14.2315176Z   2026-07-22: 2 problems
2026-10-04T09:58:14.3282591Z   2026-07-21: 2 problems
2026-10-04T09:58:14.4433904Z   2026-07-16: 2 problems
2026-10-04T09:58:14.5336515Z   2026-07-15: 2 problems
2026-10-04T09:58:14.6257908Z   2026-07-14: 2 problems
2026-10-04T09:58:14.7194874Z   2026-07-13: 2 problems
2026-10-04T09:58:14.8174612Z   2026-07-11: 2 problems
2026-10-04T09:58:14.9049112Z   2026-07-10: 2 problems
2026-10-04T09:58:14.9786056Z   2026-07-09: 2 problems
2026-10-04T09:58:15.0799714Z   2026-07-08: 2 problems
2026-10-04T09:58:15.1579120Z   2026-07-07: 2 problems
2026-10-04T09:58:15.2657238Z   2026-07-06: 2 problems
2026-10-04T09:58:15.3820949Z   2026-07-04: 2 problems
2026-10-04T09:58:15.4885771Z   2026-07-03: 2 problems
2026-10-04T09:58:15.5853609Z   2026-07-02: 2 problems
2026-10-04T09:58:15.6795301Z   2026-07-01: 2 problems
2026-10-04T09:58:15.7889604Z   2026-06-30: 2 problems
2026-10-04T09:58:15.8773449Z   2026-06-29: 2 problems
2026-10-04T09:58:15.9563139Z   2026-06-27: 2 problems
2026-10-04T09:58:16.0370698Z   2026-06-26: 2 problems
2026-10-04T09:58:16.1492066Z   2026-06-25: 2 problems
2026-10-04T09:58:16.2230562Z   2026-06-24: 2 problems
2026-10-04T09:58:16.3074292Z   2026-06-23: 2 problems
2026-10-04T09:58:16.4087585Z   2026-06-22: 2 problems
2026-10-04T09:58:16.4566179Z   2026-06-20: 1 problems
2026-10-04T09:58:16.5469306Z   2026-06-19: 2 problems
2026-10-04T09:58:16.6320000Z   2026-06-18: 2 problems
2026-10-04T09:58:16.7407516Z   2026-06-17: 2 problems
2026-10-04T09:58:16.8320928Z   2026-06-16: 2 problems
2026-10-04T09:58:16.9156008Z   2026-06-15: 2 problems
2026-10-04T09:58:17.0216678Z   2026-06-13: 2 problems
2026-10-04T09:58:17.1114384Z   2026-06-12: 2 problems
2026-10-04T09:58:17.2341725Z   2026-06-11: 2 problems
2026-10-04T09:58:17.3541604Z   2026-06-10: 2 problems
2026-10-04T09:58:17.4393507Z   2026-06-09: 2 problems
2026-10-04T09:58:17.5158111Z   2026-06-08: 2 problems
2026-10-04T09:58:17.6031973Z   2026-06-06: 2 problems
2026-10-04T09:58:17.7015774Z   2026-06-05: 2 problems
2026-10-04T09:58:17.8026311Z   2026-06-04: 2 problems
2026-10-04T09:58:17.8399445Z   2026-06-03: 2 problems
2026-10-04T09:58:17.9138449Z   2026-06-02: 2 problems
2026-10-04T09:58:18.0059976Z   2026-06-01: 2 problems
2026-10-04T09:58:18.1036091Z   2026-05-30: 2 problems
2026-10-04T09:58:18.2086166Z   2026-05-29: 2 problems
2026-10-04T09:58:18.2839841Z   2026-05-28: 2 problems
2026-10-04T09:58:18.3762534Z   2026-05-27: 2 problems
2026-10-04T09:58:18.4389995Z   2026-05-26: 2 problems
2026-10-04T09:58:18.5177027Z   2026-05-25: 2 problems
2026-10-04T09:58:18.6303898Z   2026-05-23: 2 problems
2026-10-04T09:58:18.7373775Z   2026-05-22: 2 problems
2026-10-04T09:58:18.8710679Z   2026-05-21: 2 problems
2026-10-04T09:58:18.9573510Z   2026-05-20: 2 problems
2026-10-04T09:58:19.0670415Z   2026-05-19: 2 problems
2026-10-04T09:58:19.1585731Z   2026-05-18: 2 problems
2026-10-04T09:58:19.2411076Z   2026-05-16: 2 problems
2026-10-04T09:58:19.3339844Z   2026-05-15: 2 problems
2026-10-04T09:58:19.4411320Z   2026-05-14: 2 problems
2026-10-04T09:58:19.5191907Z   2026-05-13: 2 problems
2026-10-04T09:58:19.6082959Z   2026-05-12: 2 problems
2026-10-04T09:58:19.7039412Z   2026-05-11: 2 problems
2026-10-04T09:58:19.8194404Z   2026-05-09: 2 problems
2026-10-04T09:58:19.9187478Z   2026-05-08: 2 problems
2026-10-04T09:58:20.0109807Z   2026-05-07: 2 problems
2026-10-04T09:58:20.1193726Z   2026-05-06: 2 problems
2026-10-04T09:58:20.2177641Z   2026-05-05: 2 problems
2026-10-04T09:58:20.3148839Z   2026-05-04: 2 problems
2026-10-04T09:58:20.3915793Z   2026-05-02: 2 problems
2026-10-04T09:58:20.4903503Z   2026-05-01: 2 problems
2026-10-04T09:58:20.5809802Z   2026-04-30: 2 problems
2026-10-04T09:58:20.6966147Z   2026-04-29: 2 problems
2026-10-04T09:58:20.7929353Z   2026-04-28: 2 problems
2026-10-04T09:58:20.8784581Z   2026-04-27: 2 problems
2026-10-04T09:58:21.0430707Z   2026-04-25: 2 problems
2026-10-04T09:58:21.1275824Z   2026-04-24: 2 problems
2026-10-04T09:58:21.2362252Z   2026-04-23: 2 problems
2026-10-04T09:58:21.3392926Z   2026-04-22: 2 problems
2026-10-04T09:58:21.4281781Z   2026-04-21: 2 problems
2026-10-04T09:58:21.5415942Z   2026-04-20: 2 problems
2026-10-04T09:58:21.6397227Z   2026-04-18: 2 problems
2026-10-04T09:58:21.7464653Z   2026-04-17: 2 problems
2026-10-04T09:58:21.8352986Z   2026-04-16: 2 problems
2026-10-04T09:58:21.9426897Z   2026-04-15: 2 problems
2026-10-04T09:58:22.0469446Z   2026-04-14: 2 problems
2026-10-04T09:58:22.1324514Z   2026-04-13: 2 problems
2026-10-04T09:58:22.2442371Z   2026-04-11: 2 problems
2026-10-04T09:58:22.3431453Z   2026-04-10: 2 problems
2026-10-04T09:58:22.4383856Z   2026-04-09: 2 problems
2026-10-04T09:58:22.4990828Z   2026-04-08: 2 problems
2026-10-04T09:58:22.6078911Z   2026-04-07: 2 problems
2026-10-04T09:58:22.7098101Z   2026-04-06: 2 problems
2026-10-04T09:58:22.7856374Z   2026-04-04: 2 problems
2026-10-04T09:58:22.8931882Z   2026-04-03: 2 problems
2026-10-04T09:58:22.9829543Z   2026-04-02: 2 problems
2026-10-04T09:58:23.0746588Z   2026-04-01: 2 problems
2026-10-04T09:58:23.1804307Z   2026-03-31: 2 problems
2026-10-04T09:58:23.2811540Z   2026-03-30: 2 problems
2026-10-04T09:58:23.3665185Z   2026-03-28: 2 problems
2026-10-04T09:58:23.4784570Z   2026-03-27: 2 problems
2026-10-04T09:58:23.5614465Z   2026-03-26: 2 problems
2026-10-04T09:58:23.6404715Z   2026-03-25: 2 problems
2026-10-04T09:58:23.7351439Z   2026-03-24: 2 problems
2026-10-04T09:58:23.8107629Z   2026-03-23: 2 problems
2026-10-04T09:58:23.9090375Z   2026-03-21: 2 problems
2026-10-04T09:58:23.9962162Z   2026-03-20: 2 problems
2026-10-04T09:58:24.1105853Z   2026-03-19: 2 problems
2026-10-04T09:58:24.1924218Z   2026-03-18: 2 problems
2026-10-04T09:58:24.2955454Z   2026-03-17: 2 problems
2026-10-04T09:58:24.3944077Z   2026-03-16: 2 problems
2026-10-04T09:58:24.4807955Z   2026-03-14: 2 problems
2026-10-04T09:58:24.5697042Z   2026-03-13: 2 problems
2026-10-04T09:58:24.6759967Z   2026-03-12: 2 problems
2026-10-04T09:58:24.7561433Z   2026-03-11: 2 problems
2026-10-04T09:58:24.8681052Z   2026-03-10: 2 problems
2026-10-04T09:58:24.9653214Z   2026-03-09: 2 problems
2026-10-04T09:58:25.0692184Z   2026-03-07: 2 problems
2026-10-04T09:58:25.1680312Z   2026-03-06: 2 problems
2026-10-04T09:58:25.2765169Z   2026-03-05: 2 problems
2026-10-04T09:58:25.3757364Z   2026-03-04: 2 problems
2026-10-04T09:58:25.4662526Z   2026-03-03: 2 problems
2026-10-04T09:58:25.5689397Z   2026-03-02: 2 problems
2026-10-04T09:58:25.6703403Z   2026-02-28: 2 problems
2026-10-04T09:58:25.7591666Z   2026-02-27: 2 problems
2026-10-04T09:58:25.8580927Z   2026-02-26: 2 problems
2026-10-04T09:58:26.0203270Z   2026-02-25: 2 problems
2026-10-04T09:58:26.1377734Z   2026-02-24: 2 problems
2026-10-04T09:58:26.2491362Z   2026-02-23: 2 problems
2026-10-04T09:58:26.3558273Z   2026-02-21: 2 problems
2026-10-04T09:58:26.5266131Z   2026-02-20: 2 problems
2026-10-04T09:58:26.6421049Z   2026-02-19: 2 problems
2026-10-04T09:58:26.7598353Z   2026-02-18: 2 problems
2026-10-04T09:58:26.8533078Z   2026-02-17: 2 problems
2026-10-04T09:58:26.9674144Z   2026-02-16: 2 problems
2026-10-04T09:58:27.0624576Z   2026-02-14: 2 problems
2026-10-04T09:58:27.1602247Z   2026-02-13: 2 problems
2026-10-04T09:58:27.2811807Z   2026-02-12: 2 problems
2026-10-04T09:58:27.3737322Z   2026-02-11: 2 problems
2026-10-04T09:58:27.4717727Z   2026-02-10: 2 problems
2026-10-04T09:58:27.5841065Z   2026-02-09: 2 problems
2026-10-04T09:58:27.6929884Z   2026-02-07: 2 problems
2026-10-04T09:58:27.7874224Z   2026-02-06: 2 problems
2026-10-04T09:58:27.9026468Z   2026-02-05: 2 problems
2026-10-04T09:58:27.9983907Z   2026-02-04: 2 problems
2026-10-04T09:58:28.0863921Z   2026-02-03: 2 problems
2026-10-04T09:58:28.2110548Z   2026-02-02: 2 problems
2026-10-04T09:58:28.3061168Z   2026-01-31: 2 problems
2026-10-04T09:58:28.4096737Z   2026-01-30: 2 problems
2026-10-04T09:58:28.5448152Z   2026-01-29: 2 problems
2026-10-04T09:58:28.6513889Z   2026-01-28: 2 problems
2026-10-04T09:58:28.7588430Z   2026-01-27: 2 problems
2026-10-04T09:58:28.8692222Z   2026-01-26: 2 problems
2026-10-04T09:58:28.9660952Z   2026-01-24: 2 problems
2026-10-04T09:58:29.0616103Z   2026-01-23: 2 problems
2026-10-04T09:58:29.1113871Z   2026-01-22: 2 problems
2026-10-04T09:58:29.2155802Z   2026-01-21: 2 problems
2026-10-04T09:58:29.3283078Z   2026-01-20: 2 problems
2026-10-04T09:58:29.4378779Z   2026-01-19: 2 problems
2026-10-04T09:58:29.5700499Z   2026-01-17: 2 problems
2026-10-04T09:58:29.6681928Z   2026-01-16: 2 problems
2026-10-04T09:58:29.7750376Z   2026-01-15: 2 problems
2026-10-04T09:58:29.8898705Z   2026-01-14: 2 problems
2026-10-04T09:58:29.9814919Z   2026-01-13: 2 problems
2026-10-04T09:58:30.0943873Z   2026-01-12: 2 problems
2026-10-04T09:58:30.2174258Z   2026-01-10: 2 problems
2026-10-04T09:58:30.3161641Z   2026-01-09: 2 problems
2026-10-04T09:58:30.4428803Z   2026-01-08: 2 problems
2026-10-04T09:58:30.5498835Z   2026-01-07: 2 problems
2026-10-04T09:58:30.6632163Z   2026-01-06: 2 problems
2026-10-04T09:58:30.7728113Z   2026-01-05: 2 problems
2026-10-04T09:58:30.8830845Z   2026-01-03: 2 problems
2026-10-04T09:58:30.9767457Z   2026-01-02: 2 problems
2026-10-04T09:58:31.0764741Z   2026-01-01: 2 problems
2026-10-04T09:58:31.2014436Z   2025-12-31: 2 problems
2026-10-04T09:58:31.2917043Z   2025-12-30: 2 problems
2026-10-04T09:58:31.4032536Z   2025-12-29: 2 problems
2026-10-04T09:58:31.5233000Z   2025-12-27: 2 problems
2026-10-04T09:58:31.6411887Z   2025-12-26: 2 problems
2026-10-04T09:58:31.7393092Z   2025-12-25: 2 problems
2026-10-04T09:58:31.8369898Z   2025-12-24: 2 problems
2026-10-04T09:58:31.9311419Z   2025-12-23: 2 problems
2026-10-04T09:58:32.0238385Z   2025-12-22: 2 problems
2026-10-04T09:58:32.1421290Z   2025-12-20: 2 problems
2026-10-04T09:58:32.2481789Z   2025-12-19: 2 problems
2026-10-04T09:58:32.3747033Z   2025-12-18: 2 problems
2026-10-04T09:58:32.5059593Z   2025-12-17: 2 problems
2026-10-04T09:58:32.6160464Z   2025-12-16: 2 problems
2026-10-04T09:58:32.7179470Z   2025-12-15: 2 problems
2026-10-04T09:58:32.8201670Z   2025-12-13: 2 problems
2026-10-04T09:58:32.9289625Z   2025-12-12: 2 problems
2026-10-04T09:58:33.0455502Z   2025-12-11: 2 problems
2026-10-04T09:58:33.1557234Z   2025-12-10: 2 problems
2026-10-04T09:58:33.2573970Z   2025-12-09: 2 problems
2026-10-04T09:58:33.3361305Z   2025-12-08: 2 problems
2026-10-04T09:58:33.4292913Z   2025-12-06: 2 problems
2026-10-04T09:58:33.5300821Z   2025-12-05: 2 problems
2026-10-04T09:58:33.6256200Z   2025-12-04: 2 problems
2026-10-04T09:58:33.7229377Z   2025-12-03: 2 problems
2026-10-04T09:58:33.8237511Z   2025-12-02: 2 problems
2026-10-04T09:58:33.9386489Z   2025-12-01: 2 problems
2026-10-04T09:58:34.0447894Z   2025-11-29: 2 problems
2026-10-04T09:58:34.1543353Z   2025-11-28: 2 problems
2026-10-04T09:58:34.2634263Z   2025-11-27: 2 problems
2026-10-04T09:58:34.3746146Z   2025-11-26: 2 problems
2026-10-04T09:58:34.4836427Z   2025-11-25: 2 problems
2026-10-04T09:58:34.5702286Z   2025-11-24: 2 problems
2026-10-04T09:58:34.6640378Z   2025-11-22: 2 problems
2026-10-04T09:58:34.7759310Z   2025-11-21: 2 problems
2026-10-04T09:58:34.8817956Z   2025-11-20: 2 problems
2026-10-04T09:58:34.9802398Z   2025-11-19: 2 problems
2026-10-04T09:58:35.0723263Z   2025-11-18: 2 problems
2026-10-04T09:58:35.2028763Z   2025-11-17: 2 problems
2026-10-04T09:58:35.3207189Z   2025-11-15: 2 problems
2026-10-04T09:58:35.4341488Z   2025-11-14: 2 problems
2026-10-04T09:58:35.5436738Z   2025-11-13: 2 problems
2026-10-04T09:58:35.6459974Z   2025-11-12: 2 problems
2026-10-04T09:58:35.7490399Z   2025-11-11: 2 problems
2026-10-04T09:58:35.8601244Z   2025-11-10: 2 problems
2026-10-04T09:58:35.9576283Z   2025-11-08: 2 problems
2026-10-04T09:58:36.0651953Z   2025-11-07: 2 problems
2026-10-04T09:58:36.1909687Z   2025-11-06: 2 problems
2026-10-04T09:58:36.3170031Z   2025-11-05: 2 problems
2026-10-04T09:58:36.4175309Z   2025-11-04: 2 problems
2026-10-04T09:58:36.5149617Z   2025-11-03: 2 problems
2026-10-04T09:58:36.6461990Z   2025-11-01: 2 problems
2026-10-04T09:58:36.7407940Z   2025-10-31: 2 problems
2026-10-04T09:58:36.8559894Z   2025-10-30: 2 problems
2026-10-04T09:58:36.9859000Z   2025-10-29: 2 problems
2026-10-04T09:58:37.1069642Z   2025-10-28: 2 problems
2026-10-04T09:58:37.2208832Z   2025-10-27: 2 problems
2026-10-04T09:58:37.3402281Z   2025-10-25: 2 problems
2026-10-04T09:58:37.4789289Z   2025-10-24: 2 problems
2026-10-04T09:58:37.5834899Z   2025-10-23: 2 problems
2026-10-04T09:58:37.7030170Z   2025-10-22: 2 problems
2026-10-04T09:58:37.8307401Z   2025-10-21: 2 problems
2026-10-04T09:58:37.9369573Z   2025-10-20: 2 problems
2026-10-04T09:58:38.0399146Z   2025-10-18: 2 problems
2026-10-04T09:58:38.1744336Z   2025-10-17: 2 problems
2026-10-04T09:58:38.2965536Z   2025-10-16: 2 problems
2026-10-04T09:58:38.4038521Z   2025-10-15: 2 problems
2026-10-04T09:58:38.5221323Z   2025-10-14: 2 problems
2026-10-04T09:58:38.6376972Z   2025-10-13: 2 problems
2026-10-04T09:58:38.7488185Z   2025-10-11: 2 problems
2026-10-04T09:58:38.9103391Z   2025-10-10: 2 problems
2026-10-04T09:58:39.0296185Z   2025-10-09: 2 problems
2026-10-04T09:58:39.1390812Z   2025-10-08: 2 problems
2026-10-04T09:58:39.2598524Z   2025-10-07: 2 problems
2026-10-04T09:58:39.3802993Z   2025-10-06: 2 problems
2026-10-04T09:58:39.5012958Z   2025-10-04: 2 problems
2026-10-04T09:58:39.6173415Z   2025-10-03: 2 problems
2026-10-04T09:58:39.7224055Z   2025-10-02: 2 problems
2026-10-04T09:58:39.8279286Z   2025-10-01: 2 problems
2026-10-04T09:58:39.9447259Z   2025-09-30: 2 problems
2026-10-04T09:58:40.0856133Z   2025-09-29: 2 problems
2026-10-04T09:58:40.2023799Z   2025-09-27: 2 problems
2026-10-04T09:58:40.3181838Z   2025-09-26: 2 problems
2026-10-04T09:58:40.4285873Z   2025-09-25: 2 problems
2026-10-04T09:58:40.5368356Z   2025-09-24: 2 problems
2026-10-04T09:58:40.6454665Z   2025-09-23: 2 problems
2026-10-04T09:58:40.7687141Z   2025-09-22: 2 problems
2026-10-04T09:58:40.8853928Z   2025-09-20: 2 problems
2026-10-04T09:58:40.9999310Z   2025-09-19: 2 problems
2026-10-04T09:58:41.1366841Z   2025-09-18: 2 problems
2026-10-04T09:58:41.2506707Z   2025-09-17: 2 problems
2026-10-04T09:58:41.3743744Z   2025-09-16: 2 problems
2026-10-04T09:58:41.4835483Z   2025-09-15: 2 problems
2026-10-04T09:58:41.5957504Z   2025-09-13: 2 problems
2026-10-04T09:58:41.7213740Z   2025-09-12: 2 problems
2026-10-04T09:58:41.8165428Z   2025-09-11: 2 problems
2026-10-04T09:58:41.9426273Z   2025-09-10: 2 problems
2026-10-04T09:58:42.0517835Z   2025-09-09: 2 problems
2026-10-04T09:58:42.1698707Z   2025-09-08: 2 problems
2026-10-04T09:58:42.3019460Z   2025-09-06: 2 problems
2026-10-04T09:58:42.4308497Z   2025-09-05: 2 problems
2026-10-04T09:58:42.5537080Z   2025-09-04: 2 problems
2026-10-04T09:58:42.6765453Z   2025-09-03: 2 problems
2026-10-04T09:58:42.7881261Z   2025-09-02: 2 problems
2026-10-04T09:58:42.8979096Z   2025-09-01: 2 problems
2026-10-04T09:58:43.0089403Z   2025-08-30: 2 problems
2026-10-04T09:58:43.1570794Z   2025-08-29: 2 problems
2026-10-04T09:58:43.2782086Z   2025-08-28: 2 problems
2026-10-04T09:58:43.4041933Z   2025-08-27: 2 problems
2026-10-04T09:58:43.5444256Z   2025-08-26: 2 problems
2026-10-04T09:58:43.6440155Z   2025-08-25: 2 problems
2026-10-04T09:58:43.7558267Z   2025-08-23: 2 problems
2026-10-04T09:58:43.8574985Z   2025-08-22: 2 problems
2026-10-04T09:58:43.9810087Z   2025-08-21: 2 problems
2026-10-04T09:58:44.1023042Z   2025-08-20: 2 problems
2026-10-04T09:58:44.2197372Z   2025-08-19: 2 problems
2026-10-04T09:58:44.3393251Z   2025-08-18: 2 problems
2026-10-04T09:58:44.4574688Z   2025-08-16: 2 problems
2026-10-04T09:58:44.5589920Z   2025-08-15: 2 problems
2026-10-04T09:58:44.6558881Z   2025-08-14: 2 problems
2026-10-04T09:58:44.7687700Z   2025-08-13: 2 problems
2026-10-04T09:58:44.8570192Z   2025-08-12: 2 problems
2026-10-04T09:58:44.9670978Z   2025-08-11: 2 problems
2026-10-04T09:58:45.0892281Z   2025-08-09: 2 problems
2026-10-04T09:58:45.2005673Z   2025-08-08: 2 problems
2026-10-04T09:58:45.2934794Z   2025-08-07: 2 problems
2026-10-04T09:58:45.4226906Z   2025-08-06: 2 problems
2026-10-04T09:58:45.5254006Z   2025-08-05: 2 problems
2026-10-04T09:58:45.6368645Z   2025-08-04: 2 problems
2026-10-04T09:58:45.7650378Z   2025-08-02: 2 problems
2026-10-04T09:58:45.8970668Z   2025-08-01: 2 problems
2026-10-04T09:58:46.0030515Z   2025-07-31: 2 problems
2026-10-04T09:58:46.1190605Z   2025-07-30: 2 problems
2026-10-04T09:58:46.2279346Z   2025-07-29: 2 problems
2026-10-04T09:58:46.3421026Z   2025-07-28: 2 problems
2026-10-04T09:58:46.4497093Z   2025-07-26: 2 problems
2026-10-04T09:58:46.5594365Z   2025-07-25: 2 problems
2026-10-04T09:58:46.6693458Z   2025-07-24: 2 problems
2026-10-04T09:58:46.7709120Z   2025-07-23: 2 problems
2026-10-04T09:58:46.8702811Z   2025-07-22: 2 problems
2026-10-04T09:58:46.9827777Z   2025-07-21: 2 problems
2026-10-04T09:58:47.0904173Z   2025-07-19: 2 problems
2026-10-04T09:58:47.2208936Z   2025-07-18: 2 problems
2026-10-04T09:58:47.3394925Z   2025-07-17: 2 problems
2026-10-04T09:58:47.4530408Z   2025-07-16: 2 problems
2026-10-04T09:58:47.5699181Z   2025-07-15: 2 problems
2026-10-04T09:58:47.6736773Z   2025-07-14: 2 problems
2026-10-04T09:58:47.7829127Z   2025-07-12: 2 problems
2026-10-04T09:58:47.8881074Z   2025-07-11: 2 problems
2026-10-04T09:58:47.9980631Z   2025-07-10: 2 problems
2026-10-04T09:58:48.0984332Z   2025-07-09: 2 problems
2026-10-04T09:58:48.2102284Z   2025-07-08: 2 problems
2026-10-04T09:58:48.3134703Z   2025-07-07: 2 problems
2026-10-04T09:58:48.4305104Z   2025-07-05: 2 problems
2026-10-04T09:58:48.5342433Z   2025-07-04: 2 problems
2026-10-04T09:58:48.6517191Z   2025-07-03: 2 problems
2026-10-04T09:58:48.7474053Z   2025-07-02: 2 problems
2026-10-04T09:58:48.8487350Z   2025-07-01: 2 problems
2026-10-04T09:58:48.9596264Z   2025-06-30: 2 problems
2026-10-04T09:58:49.0561981Z   2025-06-28: 2 problems
2026-10-04T09:58:49.1750058Z   2025-06-27: 2 problems
2026-10-04T09:58:49.2858908Z   2025-06-26: 2 problems
2026-10-04T09:58:49.3899632Z   2025-06-25: 2 problems
2026-10-04T09:58:49.5110671Z   2025-06-24: 2 problems
2026-10-04T09:58:49.6295284Z   2025-06-23: 2 problems
2026-10-04T09:58:49.6928902Z   2025-06-21: 2 problems
2026-10-04T09:58:49.7796236Z   2025-06-20: 2 problems
2026-10-04T09:58:49.8814200Z   2025-06-19: 2 problems
2026-10-04T09:58:49.9999071Z   2025-06-18: 2 problems
2026-10-04T09:58:50.1036617Z   2025-06-17: 2 problems
2026-10-04T09:58:50.2053736Z   2025-06-16: 2 problems
2026-10-04T09:58:50.3158327Z   2025-06-14: 2 problems
2026-10-04T09:58:50.4368796Z   2025-06-13: 2 problems
2026-10-04T09:58:50.5446101Z   2025-06-12: 2 problems
2026-10-04T09:58:50.6739552Z   2025-06-11: 2 problems
2026-10-04T09:58:50.8032572Z   2025-06-10: 2 problems
2026-10-04T09:58:50.9118690Z   2025-06-09: 2 problems
2026-10-04T09:58:51.0202345Z   2025-06-07: 2 problems
2026-10-04T09:58:51.1147449Z   2025-06-06: 2 problems
2026-10-04T09:58:51.2403513Z   2025-06-05: 2 problems
2026-10-04T09:58:51.3443010Z   2025-06-04: 2 problems
2026-10-04T09:58:51.4443231Z   2025-06-03: 2 problems
2026-10-04T09:58:51.5579526Z   2025-06-02: 2 problems
2026-10-04T09:58:51.6490364Z   2025-05-31: 2 problems
2026-10-04T09:58:51.7483547Z   2025-05-30: 2 problems
2026-10-04T09:58:51.8665713Z   2025-05-29: 2 problems
2026-10-04T09:58:51.9941904Z   2025-05-28: 2 problems
2026-10-04T09:58:52.0884550Z   2025-05-27: 2 problems
2026-10-04T09:58:52.2042950Z   2025-05-26: 2 problems
2026-10-04T09:58:52.2959739Z   2025-05-24: 2 problems
2026-10-04T09:58:52.4102991Z   2025-05-23: 2 problems
2026-10-04T09:58:52.5258384Z   2025-05-22: 2 problems
2026-10-04T09:58:52.6408086Z   2025-05-21: 2 problems
2026-10-04T09:58:52.7574616Z   2025-05-20: 2 problems
2026-10-04T09:58:52.8633312Z   2025-05-19: 2 problems
2026-10-04T09:58:52.9728531Z   2025-05-17: 2 problems
2026-10-04T09:58:53.1179299Z   2025-05-16: 2 problems
2026-10-04T09:58:53.2288594Z   2025-05-15: 2 problems
2026-10-04T09:58:53.3281143Z   2025-05-14: 2 problems
2026-10-04T09:58:53.4397798Z   2025-05-13: 2 problems
2026-10-04T09:58:53.5535591Z   2025-05-12: 2 problems
2026-10-04T09:58:53.6594916Z   2025-05-10: 2 problems
2026-10-04T09:58:53.7647159Z   2025-05-09: 2 problems
2026-10-04T09:58:53.8668045Z   2025-05-08: 2 problems
2026-10-04T09:58:53.9703088Z   2025-05-07: 2 problems
2026-10-04T09:58:54.0754349Z   2025-05-06: 2 problems
2026-10-04T09:58:54.1778285Z   2025-05-05: 2 problems
2026-10-04T09:58:54.2823816Z   2025-05-03: 2 problems
2026-10-04T09:58:54.3934519Z   2025-05-02: 2 problems
2026-10-04T09:58:54.5116379Z   2025-05-01: 2 problems
2026-10-04T09:58:54.6304488Z   2025-04-30: 2 problems
2026-10-04T09:58:54.7381974Z   2025-04-29: 2 problems
2026-10-04T09:58:54.8373391Z   2025-04-28: 2 problems
2026-10-04T09:58:54.9471063Z   2025-04-26: 2 problems
2026-10-04T09:58:55.0563398Z   2025-04-25: 2 problems
2026-10-04T09:58:55.2055551Z   2025-04-24: 2 problems
2026-10-04T09:58:55.3204812Z   2025-04-23: 2 problems
2026-10-04T09:58:55.4408256Z   2025-04-22: 2 problems
2026-10-04T09:58:55.5416691Z   2025-04-21: 2 problems
2026-10-04T09:58:55.6422048Z   2025-04-19: 2 problems
2026-10-04T09:58:55.7570839Z   2025-04-18: 2 problems
2026-10-04T09:58:55.8847377Z   2025-04-17: 2 problems
2026-10-04T09:58:55.9908876Z   2025-04-16: 2 problems
2026-10-04T09:58:56.1145871Z   2025-04-15: 2 problems
2026-10-04T09:58:56.2519214Z   2025-04-14: 2 problems
2026-10-04T09:58:56.3749609Z   2025-04-12: 2 problems
2026-10-04T09:58:56.5045626Z   2025-04-11: 2 problems
2026-10-04T09:58:56.6283029Z   2025-04-10: 2 problems
2026-10-04T09:58:56.7307796Z   2025-04-09: 2 problems
2026-10-04T09:58:56.8536927Z   2025-04-08: 2 problems
2026-10-04T09:58:56.9473957Z   2025-04-07: 2 problems
2026-10-04T09:58:57.0617133Z   2025-04-05: 2 problems
2026-10-04T09:58:57.1659309Z   2025-04-04: 2 problems
2026-10-04T09:58:57.2798473Z   2025-04-03: 2 problems
2026-10-04T09:58:57.3753505Z   2025-04-02: 2 problems
2026-10-04T09:58:57.5010370Z   2025-04-01: 2 problems
2026-10-04T09:58:57.5790254Z   2025-03-31: 2 problems
2026-10-04T09:58:57.6700655Z   2025-03-29: 2 problems
2026-10-04T09:58:57.7621791Z   2025-03-28: 2 problems
2026-10-04T09:58:57.8877086Z   2025-03-27: 2 problems
2026-10-04T09:58:58.0009251Z   2025-03-26: 2 problems
2026-10-04T09:58:58.1541194Z   2025-03-25: 2 problems
2026-10-04T09:58:58.2511888Z   2025-03-24: 2 problems
2026-10-04T09:58:58.3624224Z   2025-03-22: 2 problems
2026-10-04T09:58:58.4665466Z   2025-03-21: 2 problems
2026-10-04T09:58:58.5791779Z   2025-03-20: 2 problems
2026-10-04T09:58:58.6929767Z   2025-03-19: 2 problems
2026-10-04T09:58:58.7930684Z   2025-03-18: 2 problems
2026-10-04T09:58:58.8789243Z   2025-03-17: 2 problems
2026-10-04T09:58:58.9930181Z   2025-03-15: 2 problems
2026-10-04T09:58:59.0855086Z   2025-03-14: 2 problems
2026-10-04T09:58:59.1657515Z   2025-03-13: 2 problems
2026-10-04T09:58:59.2837159Z   2025-03-12: 2 problems
2026-10-04T09:58:59.3813787Z   2025-03-11: 2 problems
2026-10-04T09:58:59.4841261Z   2025-03-10: 2 problems
2026-10-04T09:58:59.6099763Z   2025-03-08: 2 problems
2026-10-04T09:58:59.7273542Z   2025-03-07: 2 problems
2026-10-04T09:58:59.8347136Z   2025-03-06: 2 problems
2026-10-04T09:58:59.9389202Z   2025-03-05: 2 problems
2026-10-04T09:59:00.0684896Z   2025-03-04: 2 problems
2026-10-04T09:59:00.1782106Z   2025-03-03: 2 problems
2026-10-04T09:59:00.2844192Z   2025-03-01: 2 problems
2026-10-04T09:59:00.3940181Z   2025-02-28: 2 problems
2026-10-04T09:59:00.5208989Z   2025-02-27: 2 problems
2026-10-04T09:59:00.6273938Z   2025-02-26: 2 problems
2026-10-04T09:59:00.7390775Z   2025-02-25: 2 problems
2026-10-04T09:59:00.8569051Z   2025-02-24: 2 problems
2026-10-04T09:59:00.9420225Z   2025-02-22: 2 problems
2026-10-04T09:59:01.0385887Z   2025-02-21: 2 problems
2026-10-04T09:59:01.1459519Z   2025-02-20: 2 problems
2026-10-04T09:59:01.2773793Z   2025-02-19: 2 problems
2026-10-04T09:59:01.4048548Z   2025-02-18: 2 problems
2026-10-04T09:59:01.5274600Z   2025-02-17: 2 problems
2026-10-04T09:59:01.6356922Z   2025-02-15: 2 problems
2026-10-04T09:59:01.7332997Z   2025-02-14: 2 problems
2026-10-04T09:59:01.8535983Z   2025-02-13: 2 problems
2026-10-04T09:59:01.9616524Z   2025-02-12: 2 problems
2026-10-04T09:59:02.0508462Z   2025-02-11: 2 problems
2026-10-04T09:59:02.1571323Z   2025-02-10: 2 problems
2026-10-04T09:59:02.2836138Z   2025-02-08: 2 problems
2026-10-04T09:59:02.3798576Z   2025-02-07: 2 problems
2026-10-04T09:59:02.4922431Z   2025-02-06: 2 problems
2026-10-04T09:59:02.5999070Z   2025-02-05: 2 problems
2026-10-04T09:59:02.6903308Z   2025-02-04: 2 problems
2026-10-04T09:59:02.8086359Z   2025-02-03: 2 problems
2026-10-04T09:59:02.9059343Z   2025-02-01: 2 problems
2026-10-04T09:59:02.9931597Z   2025-01-31: 2 problems
2026-10-04T09:59:03.0969958Z   2025-01-30: 2 problems
2026-10-04T09:59:03.2101017Z   2025-01-29: 2 problems
2026-10-04T09:59:03.3161649Z   2025-01-28: 2 problems
2026-10-04T09:59:03.4154046Z   2025-01-27: 2 problems
2026-10-04T09:59:03.5126507Z   2025-01-25: 2 problems
2026-10-04T09:59:03.6095244Z   2025-01-24: 2 problems
2026-10-04T09:59:03.7105089Z   2025-01-23: 2 problems
2026-10-04T09:59:03.8180195Z   2025-01-22: 2 problems
2026-10-04T09:59:03.9138042Z   2025-01-21: 2 problems
2026-10-04T09:59:04.0306145Z   2025-01-20: 2 problems
2026-10-04T09:59:04.1463355Z   2025-01-18: 2 problems
2026-10-04T09:59:04.2295059Z   2025-01-17: 2 problems
2026-10-04T09:59:04.3141453Z   2025-01-16: 2 problems
2026-10-04T09:59:04.4135416Z   2025-01-15: 2 problems
2026-10-04T09:59:04.4979985Z   2025-01-14: 2 problems
2026-10-04T09:59:04.6133195Z   2025-01-13: 2 problems
2026-10-04T09:59:04.7350963Z   2025-01-11: 2 problems
2026-10-04T09:59:04.8287051Z   2025-01-10: 2 problems
2026-10-04T09:59:04.9353273Z   2025-01-09: 2 problems
2026-10-04T09:59:05.0266920Z   2025-01-08: 2 problems
2026-10-04T09:59:05.1449103Z   2025-01-07: 2 problems
2026-10-04T09:59:05.2424424Z   2025-01-06: 2 problems
2026-10-04T09:59:05.3337903Z   2025-01-04: 2 problems
2026-10-04T09:59:05.4264327Z   2025-01-03: 2 problems
2026-10-04T09:59:05.5298584Z   2025-01-02: 2 problems
2026-10-04T09:59:05.6334736Z   2025-01-01: 2 problems
2026-10-04T09:59:05.7422009Z   2024-12-31: 2 problems
2026-10-04T09:59:05.8310536Z   2024-12-30: 2 problems
2026-10-04T09:59:05.9488182Z   2024-12-28: 2 problems
2026-10-04T09:59:06.0320395Z   2024-12-27: 2 problems
2026-10-04T09:59:06.1307897Z   2024-12-26: 2 problems
2026-10-04T09:59:06.2412057Z   2024-12-25: 2 problems
2026-10-04T09:59:06.3470141Z   2024-12-24: 2 problems
2026-10-04T09:59:06.4650019Z   2024-12-23: 2 problems
2026-10-04T09:59:06.5745624Z   2024-12-21: 2 problems
2026-10-04T09:59:06.6766907Z   2024-12-20: 2 problems
2026-10-04T09:59:06.7905113Z   2024-12-19: 2 problems
2026-10-04T09:59:06.8843147Z   2024-12-18: 2 problems
2026-10-04T09:59:06.9842985Z   2024-12-17: 2 problems
2026-10-04T09:59:07.0718192Z   2024-12-16: 2 problems
2026-10-04T09:59:07.1569726Z   2024-12-14: 2 problems
2026-10-04T09:59:07.2965005Z   2024-12-13: 2 problems
2026-10-04T09:59:07.4102276Z   2024-12-12: 2 problems
2026-10-04T09:59:07.4984992Z   2024-12-11: 2 problems
2026-10-04T09:59:07.5857099Z   2024-12-10: 2 problems
2026-10-04T09:59:07.6928400Z   2024-12-09: 2 problems
2026-10-04T09:59:07.7793003Z   2024-12-07: 2 problems
2026-10-04T09:59:07.8540935Z   2024-12-06: 2 problems
2026-10-04T09:59:07.9419381Z   2024-12-05: 2 problems
2026-10-04T09:59:08.0207416Z   2024-12-04: 2 problems
2026-10-04T09:59:08.1170471Z   2024-12-03: 2 problems
2026-10-04T09:59:08.2090835Z   2024-12-02: 2 problems
2026-10-04T09:59:08.3054161Z   2024-11-30: 2 problems
2026-10-04T09:59:08.3953220Z   2024-11-29: 2 problems
2026-10-04T09:59:08.4754428Z   2024-11-28: 2 problems
2026-10-04T09:59:08.5646948Z   2024-11-27: 2 problems
2026-10-04T09:59:08.6494961Z   2024-11-26: 2 problems
2026-10-04T09:59:08.7383057Z   2024-11-25: 2 problems
2026-10-04T09:59:08.8242229Z   2024-11-23: 2 problems
2026-10-04T09:59:08.9177852Z   2024-11-22: 2 problems
2026-10-04T09:59:08.9776106Z   2024-11-21: 2 problems
2026-10-04T09:59:09.0732458Z   2024-11-20: 2 problems
2026-10-04T09:59:09.1889657Z   2024-11-19: 2 problems
2026-10-04T09:59:09.2749427Z   2024-11-18: 2 problems
2026-10-04T09:59:09.3732946Z   2024-11-16: 2 problems
2026-10-04T09:59:09.4647048Z   2024-11-15: 2 problems
2026-10-04T09:59:09.5605209Z   2024-11-14: 2 problems
2026-10-04T09:59:09.6765230Z   2024-11-13: 2 problems
2026-10-04T09:59:09.7638410Z   2024-11-12: 2 problems
2026-10-04T09:59:09.8516465Z   2024-11-11: 2 problems
2026-10-04T09:59:09.9350930Z   2024-11-09: 2 problems
2026-10-04T09:59:10.0179395Z   2024-11-08: 2 problems
2026-10-04T09:59:10.1263364Z   2024-11-07: 2 problems
2026-10-04T09:59:10.2038926Z   2024-11-06: 2 problems
2026-10-04T09:59:10.3029769Z   2024-11-05: 2 problems
2026-10-04T09:59:10.3951352Z   2024-11-04: 2 problems
2026-10-04T09:59:10.4884952Z   2024-11-02: 2 problems
2026-10-04T09:59:10.5993173Z   2024-11-01: 2 problems
2026-10-04T09:59:10.6813446Z   2024-10-31: 2 problems
2026-10-04T09:59:10.7805157Z   2024-10-30: 2 problems
2026-10-04T09:59:10.8625972Z   2024-10-29: 2 problems
2026-10-04T09:59:10.9682632Z   2024-10-28: 2 problems
2026-10-04T09:59:11.0603138Z   2024-10-26: 2 problems
2026-10-04T09:59:11.1480089Z   2024-10-25: 2 problems
2026-10-04T09:59:11.2537532Z   2024-10-24: 2 problems
2026-10-04T09:59:11.3630966Z   2024-10-23: 2 problems
2026-10-04T09:59:11.4544572Z   2024-10-22: 2 problems
2026-10-04T09:59:11.5566277Z   2024-10-21: 2 problems
2026-10-04T09:59:11.6489121Z   2024-10-19: 2 problems
2026-10-04T09:59:11.7408900Z   2024-10-18: 2 problems
2026-10-04T09:59:11.8275128Z   2024-10-17: 2 problems
2026-10-04T09:59:11.9459224Z   2024-10-16: 2 problems
2026-10-04T09:59:12.0449686Z   2024-10-15: 2 problems
2026-10-04T09:59:12.1308903Z   2024-10-14: 2 problems
2026-10-04T09:59:12.2243892Z   2024-10-12: 2 problems
2026-10-04T09:59:12.3049629Z   2024-10-11: 2 problems
2026-10-04T09:59:12.3836490Z   2024-10-10: 2 problems
2026-10-04T09:59:12.4655456Z   2024-10-09: 2 problems
2026-10-04T09:59:12.5885798Z   2024-10-08: 2 problems
2026-10-04T09:59:12.7145498Z   2024-10-07: 2 problems
2026-10-04T09:59:12.7983591Z   2024-10-05: 2 problems
2026-10-04T09:59:12.8888942Z   2024-10-04: 2 problems
2026-10-04T09:59:12.9674251Z   2024-10-03: 2 problems
2026-10-04T09:59:13.0468343Z   2024-10-02: 2 problems
2026-10-04T09:59:13.1326896Z   2024-10-01: 2 problems
2026-10-04T09:59:13.2309236Z   2024-09-30: 2 problems
2026-10-04T09:59:13.3187191Z   2024-09-28: 2 problems
2026-10-04T09:59:13.4505457Z   2024-09-27: 2 problems
2026-10-04T09:59:13.5461982Z   2024-09-26: 2 problems
2026-10-04T09:59:13.6337300Z   2024-09-25: 2 problems
2026-10-04T09:59:13.6977562Z   2024-09-24: 2 problems
2026-10-04T09:59:13.7775727Z   2024-09-23: 2 problems
2026-10-04T09:59:13.8695119Z   2024-09-21: 2 problems
2026-10-04T09:59:13.9508474Z   2024-09-20: 2 problems
2026-10-04T09:59:14.0436863Z   2024-09-19: 2 problems
2026-10-04T09:59:14.1305039Z   2024-09-18: 2 problems
2026-10-04T09:59:14.2144580Z   2024-09-17: 2 problems
2026-10-04T09:59:14.3119807Z   2024-09-16: 2 problems
2026-10-04T09:59:14.4039423Z   2024-09-14: 2 problems
2026-10-04T09:59:14.4886941Z   2024-09-13: 2 problems
2026-10-04T09:59:14.5808229Z   2024-09-12: 2 problems
2026-10-04T09:59:14.6764042Z   2024-09-11: 2 problems
2026-10-04T09:59:14.7723199Z   2024-09-10: 2 problems
2026-10-04T09:59:14.8672092Z   2024-09-09: 2 problems
2026-10-04T09:59:14.9561811Z   2024-09-07: 2 problems
2026-10-04T09:59:15.0593519Z   2024-09-06: 2 problems
2026-10-04T09:59:15.1572306Z   2024-09-05: 2 problems
2026-10-04T09:59:15.2613674Z   2024-09-04: 2 problems
2026-10-04T09:59:15.3580833Z   2024-09-03: 2 problems
2026-10-04T09:59:15.4543645Z   2024-09-02: 2 problems
2026-10-04T09:59:15.5523365Z   2024-08-31: 2 problems
2026-10-04T09:59:15.6418542Z   2024-08-30: 2 problems
2026-10-04T09:59:15.7396513Z   2024-08-29: 2 problems
2026-10-04T09:59:15.8154328Z   2024-08-28: 2 problems
2026-10-04T09:59:15.8990050Z   2024-08-27: 2 problems
2026-10-04T09:59:15.9905510Z   2024-08-26: 2 problems
2026-10-04T09:59:16.0824259Z   2024-08-24: 2 problems
2026-10-04T09:59:16.1593849Z   2024-08-23: 2 problems
2026-10-04T09:59:16.2399552Z   2024-08-22: 2 problems
2026-10-04T09:59:16.3377181Z   2024-08-21: 2 problems
2026-10-04T09:59:16.4342014Z   2024-08-20: 2 problems
2026-10-04T09:59:16.5170812Z   2024-08-19: 2 problems
2026-10-04T09:59:16.6029706Z   2024-08-17: 2 problems
2026-10-04T09:59:16.7001475Z   2024-08-16: 2 problems
2026-10-04T09:59:16.7829915Z   2024-08-15: 2 problems
2026-10-04T09:59:16.8637800Z   2024-08-14: 2 problems
2026-10-04T09:59:16.9540686Z   2024-08-13: 2 problems
2026-10-04T09:59:17.0308257Z   2024-08-12: 2 problems
2026-10-04T09:59:17.1171032Z   2024-08-10: 2 problems
2026-10-04T09:59:17.2035033Z   2024-08-09: 2 problems
2026-10-04T09:59:17.2986859Z   2024-08-08: 2 problems
2026-10-04T09:59:17.3859894Z   2024-08-07: 2 problems
2026-10-04T09:59:17.4816013Z   2024-08-06: 2 problems
2026-10-04T09:59:17.5752949Z   2024-08-05: 2 problems
2026-10-04T09:59:17.6751246Z   2024-08-03: 2 problems
2026-10-04T09:59:17.7666527Z   2024-08-02: 2 problems
2026-10-04T09:59:17.8447668Z   2024-08-01: 2 problems
2026-10-04T09:59:17.9389920Z   2024-07-31: 2 problems
2026-10-04T09:59:18.0290805Z   2024-07-30: 2 problems
2026-10-04T09:59:18.1174312Z   2024-07-29: 2 problems
2026-10-04T09:59:18.2100528Z   2024-07-27: 2 problems
2026-10-04T09:59:18.3024341Z   2024-07-26: 2 problems
2026-10-04T09:59:18.3924758Z   2024-07-25: 2 problems
2026-10-04T09:59:18.4799977Z   2024-07-24: 2 problems
2026-10-04T09:59:18.5794832Z   2024-07-23: 2 problems
2026-10-04T09:59:18.6711839Z   2024-07-22: 2 problems
2026-10-04T09:59:18.7689457Z   2024-07-20: 2 problems
2026-10-04T09:59:18.8622283Z   2024-07-19: 2 problems
2026-10-04T09:59:18.9417590Z   2024-07-18: 2 problems
2026-10-04T09:59:19.0230586Z   2024-07-17: 2 problems
2026-10-04T09:59:19.1139987Z   2024-07-16: 2 problems
2026-10-04T09:59:19.1896533Z   2024-07-15: 2 problems
2026-10-04T09:59:19.2743010Z   2024-07-13: 2 problems
2026-10-04T09:59:19.3341597Z   2024-07-12: 2 problems
2026-10-04T09:59:19.4158278Z   2024-07-11: 2 problems
2026-10-04T09:59:19.5069712Z   2024-07-10: 2 problems
2026-10-04T09:59:19.5891740Z   2024-07-09: 2 problems
2026-10-04T09:59:19.6783704Z   2024-07-08: 2 problems
2026-10-04T09:59:19.7800577Z   2024-07-06: 2 problems
2026-10-04T09:59:19.8664592Z   2024-07-05: 2 problems
2026-10-04T09:59:19.9527426Z   2024-07-04: 2 problems
2026-10-04T09:59:20.0376128Z   2024-07-03: 2 problems
2026-10-04T09:59:20.1464135Z   2024-07-02: 2 problems
2026-10-04T09:59:20.2342386Z   2024-07-01: 2 problems
2026-10-04T09:59:20.3187067Z   2024-06-29: 2 problems
2026-10-04T09:59:20.4060227Z   2024-06-28: 2 problems
2026-10-04T09:59:20.4999006Z   2024-06-27: 2 problems
2026-10-04T09:59:20.5896831Z   2024-06-26: 2 problems
2026-10-04T09:59:20.6747130Z   2024-06-25: 2 problems
2026-10-04T09:59:20.7696476Z   2024-06-24: 2 problems
2026-10-04T09:59:20.8644919Z   2024-06-22: 2 problems
2026-10-04T09:59:20.9630016Z   2024-06-21: 2 problems
2026-10-04T09:59:21.0587641Z   2024-06-20: 2 problems
2026-10-04T09:59:21.1375634Z   2024-06-19: 2 problems
2026-10-04T09:59:21.2310007Z   2024-06-18: 2 problems
2026-10-04T09:59:21.3260891Z   2024-06-17: 2 problems
2026-10-04T09:59:21.4122212Z   2024-06-15: 2 problems
2026-10-04T09:59:21.4970660Z   2024-06-14: 2 problems
2026-10-04T09:59:21.6003640Z   2024-06-13: 2 problems
2026-10-04T09:59:21.6836464Z   2024-06-12: 2 problems
2026-10-04T09:59:21.8065193Z   2024-06-11: 2 problems
2026-10-04T09:59:21.8879344Z   2024-06-10: 2 problems
2026-10-04T09:59:21.9760126Z   2024-06-08: 2 problems
2026-10-04T09:59:22.0637555Z   2024-06-07: 2 problems
2026-10-04T09:59:22.1517534Z   2024-06-06: 2 problems
2026-10-04T09:59:22.2452226Z   2024-06-05: 2 problems
2026-10-04T09:59:22.3460852Z   2024-06-04: 2 problems
2026-10-04T09:59:22.4462362Z   2024-06-03: 2 problems
2026-10-04T09:59:22.5763867Z   2024-06-01: 2 problems
2026-10-04T09:59:22.6630497Z   2024-05-31: 2 problems
2026-10-04T09:59:22.7601816Z   2024-05-30: 2 problems
2026-10-04T09:59:22.8458760Z   2024-05-29: 2 problems
2026-10-04T09:59:22.9332645Z   2024-05-28: 2 problems
2026-10-04T09:59:23.0240017Z   2024-05-27: 2 problems
2026-10-04T09:59:23.1135645Z   2024-05-25: 2 problems
2026-10-04T09:59:23.1945165Z   2024-05-24: 2 problems
2026-10-04T09:59:23.2813217Z   2024-05-23: 2 problems
2026-10-04T09:59:23.3833801Z   2024-05-22: 2 problems
2026-10-04T09:59:23.4719212Z   2024-05-21: 2 problems
2026-10-04T09:59:23.5603752Z   2024-05-20: 2 problems
2026-10-04T09:59:23.6680696Z   2024-05-18: 2 problems
2026-10-04T09:59:23.7565116Z   2024-05-17: 2 problems
2026-10-04T09:59:23.8539652Z   2024-05-16: 2 problems
2026-10-04T09:59:23.9406345Z   2024-05-15: 2 problems
2026-10-04T09:59:24.0192217Z   2024-05-14: 2 problems
2026-10-04T09:59:24.0983269Z   2024-05-13: 2 problems
2026-10-04T09:59:24.1897719Z   2024-05-11: 2 problems
2026-10-04T09:59:24.2894416Z   2024-05-10: 2 problems
2026-10-04T09:59:24.3769943Z   2024-05-09: 2 problems
2026-10-04T09:59:24.4675390Z   2024-05-08: 2 problems
2026-10-04T09:59:24.5712381Z   2024-05-07: 2 problems
2026-10-04T09:59:24.6763567Z   2024-05-06: 2 problems
2026-10-04T09:59:24.7607940Z   2024-05-04: 2 problems
2026-10-04T09:59:24.8555062Z   2024-05-03: 2 problems
2026-10-04T09:59:24.9512241Z   2024-05-02: 2 problems
2026-10-04T09:59:25.0380980Z   2024-05-01: 2 problems
2026-10-04T09:59:25.1249400Z   2024-04-30: 2 problems
2026-10-04T09:59:25.2260343Z   2024-04-29: 2 problems
2026-10-04T09:59:25.3125736Z   2024-04-27: 2 problems
2026-10-04T09:59:25.4019607Z   2024-04-26: 2 problems
2026-10-04T09:59:25.4930220Z   2024-04-25: 2 problems
2026-10-04T09:59:25.5886703Z   2024-04-24: 2 problems
2026-10-04T09:59:25.6986157Z   2024-04-23: 2 problems
2026-10-04T09:59:25.7867332Z   2024-04-22: 2 problems
2026-10-04T09:59:25.8748072Z   2024-04-20: 2 problems
2026-10-04T09:59:25.9687565Z   2024-04-19: 2 problems
2026-10-04T09:59:26.0661144Z   2024-04-18: 2 problems
2026-10-04T09:59:26.1555675Z   2024-04-17: 2 problems
2026-10-04T09:59:26.2420599Z   2024-04-16: 2 problems
2026-10-04T09:59:26.3273648Z   2024-04-15: 2 problems
2026-10-04T09:59:26.4444871Z   2024-04-13: 2 problems
2026-10-04T09:59:26.5243677Z   2024-04-12: 2 problems
2026-10-04T09:59:26.6125594Z   2024-04-11: 2 problems
2026-10-04T09:59:26.6920199Z   2024-04-10: 2 problems
2026-10-04T09:59:26.7825407Z   2024-04-09: 2 problems
2026-10-04T09:59:26.8714211Z   2024-04-08: 2 problems
2026-10-04T09:59:26.9676723Z   2024-04-06: 2 problems
2026-10-04T09:59:27.0549166Z   2024-04-05: 2 problems
2026-10-04T09:59:27.1522122Z   2024-04-04: 2 problems
2026-10-04T09:59:27.2265754Z   2024-04-03: 2 problems
2026-10-04T09:59:27.3170903Z   2024-04-02: 2 problems
2026-10-04T09:59:27.4315366Z   2024-04-01: 2 problems
2026-10-04T09:59:27.5301526Z   2024-03-30: 2 problems
2026-10-04T09:59:27.6250107Z   2024-03-29: 2 problems
2026-10-04T09:59:27.7037742Z   2024-03-28: 2 problems
2026-10-04T09:59:27.7855605Z   2024-03-27: 2 problems
2026-10-04T09:59:27.8755955Z   2024-03-26: 2 problems
2026-10-04T09:59:27.9589952Z   2024-03-25: 2 problems
2026-10-04T09:59:28.0571082Z   2024-03-23: 2 problems
2026-10-04T09:59:28.1510746Z   2024-03-22: 2 problems
2026-10-04T09:59:28.2403321Z   2024-03-21: 2 problems
2026-10-04T09:59:28.3325431Z   2024-03-20: 2 problems
2026-10-04T09:59:28.4247126Z   2024-03-19: 2 problems
2026-10-04T09:59:28.5036460Z   2024-03-18: 2 problems
2026-10-04T09:59:28.5868978Z   2024-03-16: 2 problems
2026-10-04T09:59:28.6621733Z   2024-03-15: 2 problems
2026-10-04T09:59:28.7504537Z   2024-03-14: 2 problems
2026-10-04T09:59:28.8390266Z   2024-03-13: 2 problems
2026-10-04T09:59:28.9296991Z   2024-03-12: 2 problems
2026-10-04T09:59:29.0381105Z   2024-03-11: 2 problems
2026-10-04T09:59:29.1239062Z   2024-03-09: 2 problems
2026-10-04T09:59:29.2241746Z   2024-03-08: 2 problems
2026-10-04T09:59:29.3277966Z   2024-03-07: 2 problems
2026-10-04T09:59:29.4133348Z   2024-03-06: 2 problems
2026-10-04T09:59:29.5046099Z   2024-03-05: 2 problems
2026-10-04T09:59:29.5873369Z   2024-03-04: 2 problems
2026-10-04T09:59:29.6716419Z   2024-03-02: 2 problems
2026-10-04T09:59:29.7859774Z   2024-03-01: 2 problems
2026-10-04T09:59:29.8766082Z   2024-02-29: 2 problems
2026-10-04T09:59:29.9581712Z   2024-02-28: 2 problems
2026-10-04T09:59:30.0332942Z   2024-02-27: 2 problems
2026-10-04T09:59:30.1157923Z   2024-02-26: 2 problems
2026-10-04T09:59:30.1159754Z Building categories...
2026-10-04T09:59:31.0349302Z Wrote /home/runner/work/ys_problem_web/ys_problem_web/data/daily.json (813 days, 21 categories).
2026-10-04T09:59:31.0349952Z Syncing leaderboard (records.js from gh-pages)...
2026-10-04T09:59:31.0713413Z   ✓ 361 players, data through 2026-10-03
2026-10-04T09:59:31.0931120Z ##[group]Run if [ -n "bcccccaee153886dd206cebff202004cf88c5ba7" ]; then
2026-10-04T09:59:31.0931563Z [36;1mif [ -n "bcccccaee153886dd206cebff202004cf88c5ba7" ]; then[0m
2026-10-04T09:59:31.0931950Z [36;1m  echo "bcccccaee153886dd206cebff202004cf88c5ba7" > data/.upstream-sha[0m
2026-10-04T09:59:31.0932258Z [36;1mfi[0m
2026-10-04T09:59:31.0987785Z shell: /usr/bin/bash -e {0}
2026-10-04T09:59:31.0988006Z ##[endgroup]
2026-10-04T09:59:31.1080166Z ##[group]Run git config user.name "github-actions[bot]"
2026-10-04T09:59:31.1080501Z [36;1mgit config user.name "github-actions[bot]"[0m
2026-10-04T09:59:31.1080855Z [36;1mgit config user.email "41898282+github-actions[bot]@users.noreply.github.com"[0m
2026-10-04T09:59:31.1081204Z [36;1mgit add data/[0m
2026-10-04T09:59:31.1081423Z [36;1mif ! git diff --cached --quiet; then[0m
2026-10-04T09:59:31.1081719Z [36;1m  git commit -m "chore: sync daily problems data"[0m
2026-10-04T09:59:31.1081970Z [36;1mfi[0m
2026-10-04T09:59:31.1082225Z [36;1m# A repair batch runs ~45 min; anything pushed to main in that[0m
2026-10-04T09:59:31.1082589Z [36;1m# window (local work, the log job) rejects the push. Rebase over[0m
2026-10-04T09:59:31.1083111Z [36;1m# it and retry a few times.[0m
2026-10-04T09:59:31.1083326Z [36;1mfor i in 1 2 3; do[0m
2026-10-04T09:59:31.1083564Z [36;1m  if git pull --rebase origin main && git push; then[0m
2026-10-04T09:59:31.1083843Z [36;1m    exit 0[0m
2026-10-04T09:59:31.1084013Z [36;1m  fi[0m
2026-10-04T09:59:31.1084230Z [36;1m  echo "push attempt $i failed, retrying after rebase"[0m
2026-10-04T09:59:31.1084488Z [36;1m  sleep 15[0m
2026-10-04T09:59:31.1084664Z [36;1mdone[0m
2026-10-04T09:59:31.1084824Z [36;1mexit 1[0m
2026-10-04T09:59:31.1132346Z shell: /usr/bin/bash -e {0}
2026-10-04T09:59:31.1132552Z ##[endgroup]
2026-10-04T09:59:31.4715525Z [main 01d483c] chore: sync daily problems data
2026-10-04T09:59:31.4716048Z  209 files changed, 14541 insertions(+), 4921 deletions(-)
2026-10-04T09:59:31.6763335Z From https://github.com/Sam5440/ys_problem_web
2026-10-04T09:59:31.6763815Z  * branch            main       -> FETCH_HEAD
2026-10-04T09:59:31.7123961Z Current branch main is up to date.
2026-10-04T09:59:34.2480800Z To https://github.com/Sam5440/ys_problem_web
2026-10-04T09:59:34.2481246Z    e025fd7..01d483c  main -> main
2026-10-04T09:59:34.2561840Z ##[group]Run gh api "repos/Sam5440/ys_problem_web/actions/workflows/update-data.yml/dispatches" -f ref=main
2026-10-04T09:59:34.2562454Z [36;1mgh api "repos/Sam5440/ys_problem_web/actions/workflows/update-data.yml/dispatches" -f ref=main[0m
2026-10-04T09:59:34.2563194Z [36;1mecho "Queued next repair batch; 604 statement files still polluted."[0m
2026-10-04T09:59:34.2617391Z shell: /usr/bin/bash -e {0}
2026-10-04T09:59:34.2617608Z env:
2026-10-04T09:59:34.2619810Z   GH_TOKEN: ***
2026-10-04T09:59:34.2620000Z ##[endgroup]
2026-10-04T09:59:35.6531623Z Queued next repair batch; 604 statement files still polluted.
2026-10-04T09:59:35.6620628Z Post job cleanup.
2026-10-04T09:59:35.7311313Z [command]/usr/bin/git version
2026-10-04T09:59:35.7335013Z git version 2.55.0
2026-10-04T09:59:35.7365823Z Temporarily overriding HOME='/home/runner/work/_temp/16288140-756f-4065-b3c8-78abbb6b421f' before making global git config changes
2026-10-04T09:59:35.7366917Z Adding repository directory to the temporary git global config as a safe directory
2026-10-04T09:59:35.7370523Z [command]/usr/bin/git config --global --add safe.directory /home/runner/work/ys_problem_web/ys_problem_web
2026-10-04T09:59:35.7404322Z [command]/usr/bin/git config --local --name-only --get-regexp core\.sshCommand
2026-10-04T09:59:35.7434897Z [command]/usr/bin/git submodule foreach --recursive sh -c "git config --local --name-only --get-regexp 'core\.sshCommand' && git config --local --unset-all 'core.sshCommand' || :"
2026-10-04T09:59:35.7645687Z [command]/usr/bin/git config --local --name-only --get-regexp http\.https\:\/\/github\.com\/\.extraheader
2026-10-04T09:59:35.7670592Z http.https://github.com/.extraheader
2026-10-04T09:59:35.7679838Z [command]/usr/bin/git config --local --unset-all http.https://github.com/.extraheader
2026-10-04T09:59:35.7711168Z [command]/usr/bin/git submodule foreach --recursive sh -c "git config --local --name-only --get-regexp 'http\.https\:\/\/github\.com\/\.extraheader' && git config --local --unset-all 'http.https://github.com/.extraheader' || :"
2026-10-04T09:59:35.7928400Z [command]/usr/bin/git config --local --name-only --get-regexp ^includeIf\.gitdir:
2026-10-04T09:59:35.7961990Z [command]/usr/bin/git submodule foreach --recursive git config --local --show-origin --name-only --get-regexp remote.origin.url
2026-10-04T09:59:35.8301972Z Evaluate and set job outputs
2026-10-04T09:59:35.8306924Z Set output 'changed'
2026-10-04T09:59:35.8308378Z Cleaning up orphan processes
2026-10-04T09:59:35.8551096Z ##[warning]Node.js 20 is deprecated. The following actions target Node.js 20 but are being forced to run on Node.js 24: actions/checkout@v4. For more information see: https://github.blog/changelog/2025-09-19-deprecation-of-node-20-on-github-actions-runners/

