<!--YSLOG {"runId":37801656859,"event":"schedule","startedAt":"2026-10-08T15:32:53Z","savedAt":"2026-10-08T15:51:21.002Z","url":"https://github.com/Sam5440/ys_problem_web/actions/runs/37801656859","jobName":"update","conclusion":"failure"}-->
2026-10-08T15:32:53.8287423Z Current runner version: '2.337.0'
2026-10-08T15:32:53.8304503Z ##[group]Runner Image Provisioner
2026-10-08T15:32:53.8305021Z Hosted Compute Agent
2026-10-08T15:32:53.8305464Z Version: 20261002.596
2026-10-08T15:32:53.8305836Z Commit: c3d12f3313a95f25162a1503be624f3b0617f8c0
2026-10-08T15:32:53.8306329Z Build Date: 2026-10-02T22:28:27Z
2026-10-08T15:32:53.8306863Z Worker ID: {0ec5401c-2f80-41d8-b9d8-f2b8fcdd64e4}
2026-10-08T15:32:53.8307381Z Region: centralus
2026-10-08T15:32:53.8307724Z Cloud: Azure
2026-10-08T15:32:53.8308049Z ##[endgroup]
2026-10-08T15:32:53.8309203Z ##[group]Operating System
2026-10-08T15:32:53.8309594Z Ubuntu
2026-10-08T15:32:53.8309940Z 24.04.5
2026-10-08T15:32:53.8310280Z LTS
2026-10-08T15:32:53.8310621Z ##[endgroup]
2026-10-08T15:32:53.8311013Z ##[group]Runner Image
2026-10-08T15:32:53.8311380Z Image: ubuntu-24.04
2026-10-08T15:32:53.8311748Z Version: 20261004.327.1
2026-10-08T15:32:53.8312535Z Included Software: https://github.com/actions/runner-images/blob/ubuntu24/20261004.327/images/ubuntu/Ubuntu2404-Readme.md
2026-10-08T15:32:53.8313410Z Image Release: https://github.com/actions/runner-images/releases/tag/ubuntu24%2F20261004.327
2026-10-08T15:32:53.8313954Z ##[endgroup]
2026-10-08T15:32:53.8314687Z ##[group]GITHUB_TOKEN Permissions
2026-10-08T15:32:53.8316079Z Actions: write
2026-10-08T15:32:53.8316469Z Contents: write
2026-10-08T15:32:53.8316996Z Metadata: read
2026-10-08T15:32:53.8317377Z ##[endgroup]
2026-10-08T15:32:53.8318671Z Secret source: Actions
2026-10-08T15:32:53.8319291Z Cache mode: write
2026-10-08T15:32:53.8319737Z Prepare workflow directory
2026-10-08T15:32:53.8516249Z Prepare all required actions
2026-10-08T15:32:53.8551967Z Getting action download info
2026-10-08T15:32:54.0729532Z Download action repository 'actions/checkout@v4' (SHA:11d5960a326750d5838078e36cf38b85af677262)
2026-10-08T15:32:54.2000093Z Complete job name: update
2026-10-08T15:32:54.2483686Z ##[group]Run actions/checkout@v4
2026-10-08T15:32:54.2484318Z with:
2026-10-08T15:32:54.2484558Z   repository: Sam5440/ys_problem_web
2026-10-08T15:32:54.2486688Z   token: ***
2026-10-08T15:32:54.2487035Z   ssh-strict: true
2026-10-08T15:32:54.2487268Z   ssh-user: git
2026-10-08T15:32:54.2487509Z   persist-credentials: true
2026-10-08T15:32:54.2487766Z   clean: true
2026-10-08T15:32:54.2488004Z   sparse-checkout-cone-mode: true
2026-10-08T15:32:54.2488278Z   fetch-depth: 1
2026-10-08T15:32:54.2488511Z   fetch-tags: false
2026-10-08T15:32:54.2488747Z   show-progress: true
2026-10-08T15:32:54.2488982Z   lfs: false
2026-10-08T15:32:54.2489202Z   submodules: false
2026-10-08T15:32:54.2489444Z   set-safe-directory: true
2026-10-08T15:32:54.2489714Z   allow-unsafe-pr-checkout: false
2026-10-08T15:32:54.2490106Z ##[endgroup]
2026-10-08T15:32:54.3128284Z Syncing repository: Sam5440/ys_problem_web
2026-10-08T15:32:54.3129706Z ##[group]Getting Git version info
2026-10-08T15:32:54.3130399Z Working directory is '/home/runner/work/ys_problem_web/ys_problem_web'
2026-10-08T15:32:54.3131369Z [command]/usr/bin/git version
2026-10-08T15:32:54.3218202Z git version 2.55.0
2026-10-08T15:32:54.3220578Z ##[endgroup]
2026-10-08T15:32:54.3234816Z Temporarily overriding HOME='/home/runner/work/_temp/94d15b61-2ba0-4bbf-813b-2e11044bde3e' before making global git config changes
2026-10-08T15:32:54.3236119Z Adding repository directory to the temporary git global config as a safe directory
2026-10-08T15:32:54.3239897Z [command]/usr/bin/git config --global --add safe.directory /home/runner/work/ys_problem_web/ys_problem_web
2026-10-08T15:32:54.3305857Z Deleting the contents of '/home/runner/work/ys_problem_web/ys_problem_web'
2026-10-08T15:32:54.3309651Z ##[group]Initializing the repository
2026-10-08T15:32:54.3313151Z [command]/usr/bin/git init /home/runner/work/ys_problem_web/ys_problem_web
2026-10-08T15:32:54.3394514Z hint: Using 'master' as the name for the initial branch. This default branch name
2026-10-08T15:32:54.3395162Z hint: will change to "main" in Git 3.0. To configure the initial branch name
2026-10-08T15:32:54.3395933Z hint: to use in all of your new repositories, which will suppress this warning,
2026-10-08T15:32:54.3396869Z hint: call:
2026-10-08T15:32:54.3397211Z hint:
2026-10-08T15:32:54.3397637Z hint: 	git config --global init.defaultBranch <name>
2026-10-08T15:32:54.3398174Z hint:
2026-10-08T15:32:54.3398641Z hint: Names commonly chosen instead of 'master' are 'main', 'trunk' and
2026-10-08T15:32:54.3399292Z hint: 'development'. The just-created branch can be renamed via this command:
2026-10-08T15:32:54.3399895Z hint:
2026-10-08T15:32:54.3400159Z hint: 	git branch -m <name>
2026-10-08T15:32:54.3400485Z hint:
2026-10-08T15:32:54.3401038Z hint: Disable this message with "git config set advice.defaultBranchName false"
2026-10-08T15:32:54.3401993Z Initialized empty Git repository in /home/runner/work/ys_problem_web/ys_problem_web/.git/
2026-10-08T15:32:54.3407278Z [command]/usr/bin/git remote add origin https://github.com/Sam5440/ys_problem_web
2026-10-08T15:32:54.3450957Z ##[endgroup]
2026-10-08T15:32:54.3451472Z ##[group]Disabling automatic garbage collection
2026-10-08T15:32:54.3453908Z [command]/usr/bin/git config --local gc.auto 0
2026-10-08T15:32:54.3482409Z ##[endgroup]
2026-10-08T15:32:54.3483077Z ##[group]Setting up auth
2026-10-08T15:32:54.3488425Z [command]/usr/bin/git config --local --name-only --get-regexp core\.sshCommand
2026-10-08T15:32:54.3517841Z [command]/usr/bin/git submodule foreach --recursive sh -c "git config --local --name-only --get-regexp 'core\.sshCommand' && git config --local --unset-all 'core.sshCommand' || :"
2026-10-08T15:32:54.3820937Z [command]/usr/bin/git config --local --name-only --get-regexp http\.https\:\/\/github\.com\/\.extraheader
2026-10-08T15:32:54.3851342Z [command]/usr/bin/git submodule foreach --recursive sh -c "git config --local --name-only --get-regexp 'http\.https\:\/\/github\.com\/\.extraheader' && git config --local --unset-all 'http.https://github.com/.extraheader' || :"
2026-10-08T15:32:54.4020833Z [command]/usr/bin/git config --local --name-only --get-regexp ^includeIf\.gitdir:
2026-10-08T15:32:54.4049737Z [command]/usr/bin/git submodule foreach --recursive git config --local --show-origin --name-only --get-regexp remote.origin.url
2026-10-08T15:32:54.4215596Z [command]/usr/bin/git config --local http.https://github.com/.extraheader AUTHORIZATION: basic ***
2026-10-08T15:32:54.4248705Z ##[endgroup]
2026-10-08T15:32:54.4249373Z ##[group]Fetching the repository
2026-10-08T15:32:54.4255836Z [command]/usr/bin/git -c protocol.version=2 fetch --no-tags --prune --no-recurse-submodules --depth=1 origin +624b7a1b92a239bb1db1ddebffe11ec179920af1:refs/remotes/origin/main
2026-10-08T15:32:54.9289102Z From https://github.com/Sam5440/ys_problem_web
2026-10-08T15:32:54.9290042Z  * [new ref]         624b7a1b92a239bb1db1ddebffe11ec179920af1 -> origin/main
2026-10-08T15:32:54.9292279Z ##[endgroup]
2026-10-08T15:32:54.9292775Z ##[group]Determining the checkout info
2026-10-08T15:32:54.9294357Z ##[endgroup]
2026-10-08T15:32:54.9298692Z [command]/usr/bin/git sparse-checkout disable
2026-10-08T15:32:54.9395957Z [command]/usr/bin/git config --local --unset-all extensions.worktreeConfig
2026-10-08T15:32:54.9422289Z ##[group]Checking out the ref
2026-10-08T15:32:54.9424844Z [command]/usr/bin/git checkout --progress --force -B main refs/remotes/origin/main
2026-10-08T15:32:54.9541724Z Switched to a new branch 'main'
2026-10-08T15:32:54.9547927Z branch 'main' set up to track 'origin/main'.
2026-10-08T15:32:54.9551187Z ##[endgroup]
2026-10-08T15:32:54.9582701Z [command]/usr/bin/git log -1 --format=%H
2026-10-08T15:32:54.9603584Z 624b7a1b92a239bb1db1ddebffe11ec179920af1
2026-10-08T15:32:54.9771006Z ##[group]Run node scripts/restore-data.mjs --misc
2026-10-08T15:32:54.9771497Z [36;1mnode scripts/restore-data.mjs --misc[0m
2026-10-08T15:32:54.9983410Z shell: /usr/bin/bash -e {0}
2026-10-08T15:32:54.9983746Z ##[endgroup]
2026-10-08T15:32:56.4011889Z misc: restored data/leaderboard.json, data/.upstream-sha, data/.leaderboard-sha, data/.history-backfill-failed.json, public/ci-logs from data/misc-2026-10-07
2026-10-08T15:32:56.4088597Z ##[group]Run CHANGED=false
2026-10-08T15:32:56.4088821Z [36;1mCHANGED=false[0m
2026-10-08T15:32:56.4088973Z [36;1mLB_CHANGED=false[0m
2026-10-08T15:32:56.4089346Z [36;1mif UPSTREAM_SHA=$(git ls-remote https://github.com/Yawn-Sean/Daily_CF_Problems.git HEAD | cut -f1) && [ -n "$UPSTREAM_SHA" ]; then[0m
2026-10-08T15:32:56.4089745Z [36;1m  LAST_SHA=$(cat data/.upstream-sha 2>/dev/null || true)[0m
2026-10-08T15:32:56.4141459Z [36;1m  [ "$UPSTREAM_SHA" != "$LAST_SHA" ] && CHANGED=true[0m
2026-10-08T15:32:56.4141678Z [36;1melse[0m
2026-10-08T15:32:56.4141895Z [36;1m  # check itself failed — fall through to a full run (safe fallback)[0m
2026-10-08T15:32:56.4142133Z [36;1m  CHANGED=true[0m
2026-10-08T15:32:56.4142305Z [36;1mfi[0m
2026-10-08T15:32:56.4142580Z [36;1m# empty output = gh-pages missing → nothing to sync; a failure here[0m
2026-10-08T15:32:56.4142927Z [36;1m# is covered by the main-branch fallback above (same network)[0m
2026-10-08T15:32:56.4143359Z [36;1mLB_SHA=$(git ls-remote https://github.com/Yawn-Sean/Daily_CF_Problems.git gh-pages | cut -f1 || true)[0m
2026-10-08T15:32:56.4143682Z [36;1mif [ -n "$LB_SHA" ]; then[0m
2026-10-08T15:32:56.4143912Z [36;1m  LAST_LB_SHA=$(cat data/.leaderboard-sha 2>/dev/null || true)[0m
2026-10-08T15:32:56.4144160Z [36;1m  [ "$LB_SHA" != "$LAST_LB_SHA" ] && LB_CHANGED=true[0m
2026-10-08T15:32:56.4144350Z [36;1mfi[0m
2026-10-08T15:32:56.4144510Z [36;1mecho "changed=$CHANGED" >> "$GITHUB_OUTPUT"[0m
2026-10-08T15:32:56.4144739Z [36;1mecho "lb_changed=$LB_CHANGED" >> "$GITHUB_OUTPUT"[0m
2026-10-08T15:32:56.4144963Z [36;1mecho "sha=$UPSTREAM_SHA" >> "$GITHUB_OUTPUT"[0m
2026-10-08T15:32:56.4145171Z [36;1mecho "lb_sha=$LB_SHA" >> "$GITHUB_OUTPUT"[0m
2026-10-08T15:32:56.4199873Z shell: /usr/bin/bash -e {0}
2026-10-08T15:32:56.4200058Z ##[endgroup]
2026-10-08T15:32:57.4683310Z ##[group]Run node scripts/restore-data.mjs --statements --daily
2026-10-08T15:32:57.4683585Z [36;1mnode scripts/restore-data.mjs --statements --daily[0m
2026-10-08T15:32:57.4733702Z shell: /usr/bin/bash -e {0}
2026-10-08T15:32:57.4733847Z ##[endgroup]
2026-10-08T15:32:58.9739592Z statements: restored data/statements from data/problems
2026-10-08T15:33:00.4089373Z daily: restored data/daily.json from deploy
2026-10-08T15:33:00.4155272Z ##[group]Run npm ci
2026-10-08T15:33:00.4155436Z [36;1mnpm ci[0m
2026-10-08T15:33:00.4209749Z shell: /usr/bin/bash -e {0}
2026-10-08T15:33:00.4209902Z ##[endgroup]
2026-10-08T15:33:05.2908539Z 
2026-10-08T15:33:05.2913331Z added 66 packages, and audited 67 packages in 5s
2026-10-08T15:33:05.2927271Z 
2026-10-08T15:33:05.2927491Z 14 packages are looking for funding
2026-10-08T15:33:05.2927696Z   run `npm fund` for details
2026-10-08T15:33:05.3140606Z 
2026-10-08T15:33:05.3141127Z 3 vulnerabilities (1 low, 1 moderate, 1 high)
2026-10-08T15:33:05.3141375Z 
2026-10-08T15:33:05.3141505Z To address all issues (including breaking changes), run:
2026-10-08T15:33:05.3141764Z   npm audit fix --force
2026-10-08T15:33:05.3141880Z 
2026-10-08T15:33:05.3142005Z Run `npm audit` for details.
2026-10-08T15:33:05.3684048Z ##[group]Run npx playwright install --with-deps chromium
2026-10-08T15:33:05.3684295Z [36;1mnpx playwright install --with-deps chromium[0m
2026-10-08T15:33:05.3735453Z shell: /usr/bin/bash -e {0}
2026-10-08T15:33:05.3735601Z ##[endgroup]
2026-10-08T15:33:05.8759574Z Installing dependencies...
2026-10-08T15:33:05.8802773Z Switching to root user to install dependencies...
2026-10-08T15:33:05.9448073Z Get:1 file:/etc/apt/apt-mirrors.txt Mirrorlist [144 B]
2026-10-08T15:33:06.0184945Z Hit:2 http://azure.archive.ubuntu.com/ubuntu noble InRelease
2026-10-08T15:33:06.0234081Z Get:3 http://azure.archive.ubuntu.com/ubuntu noble-updates InRelease [126 kB]
2026-10-08T15:33:06.0277503Z Get:6 https://packages.microsoft.com/ubuntu/24.04/prod noble InRelease [3600 B]
2026-10-08T15:33:06.0398527Z Get:4 http://azure.archive.ubuntu.com/ubuntu noble-backports InRelease [126 kB]
2026-10-08T15:33:06.0806661Z Get:5 http://azure.archive.ubuntu.com/ubuntu noble-security InRelease [126 kB]
2026-10-08T15:33:06.1284213Z Get:7 http://azure.archive.ubuntu.com/ubuntu noble-updates/main amd64 Packages [1375 kB]
2026-10-08T15:33:06.1958352Z Get:8 http://azure.archive.ubuntu.com/ubuntu noble-updates/main Translation-en [306 kB]
2026-10-08T15:33:06.1973007Z Get:9 http://azure.archive.ubuntu.com/ubuntu noble-updates/universe amd64 Packages [1702 kB]
2026-10-08T15:33:06.2032759Z Get:10 http://azure.archive.ubuntu.com/ubuntu noble-updates/universe Translation-en [342 kB]
2026-10-08T15:33:06.2050189Z Get:11 http://azure.archive.ubuntu.com/ubuntu noble-updates/restricted amd64 Packages [1761 kB]
2026-10-08T15:33:06.2122616Z Get:12 http://azure.archive.ubuntu.com/ubuntu noble-updates/restricted Translation-en [401 kB]
2026-10-08T15:33:06.2142363Z Get:13 http://azure.archive.ubuntu.com/ubuntu noble-updates/multiverse amd64 Packages [55.0 kB]
2026-10-08T15:33:06.2154712Z Get:14 http://azure.archive.ubuntu.com/ubuntu noble-updates/multiverse Translation-en [14.3 kB]
2026-10-08T15:33:06.2282013Z Get:15 https://packages.microsoft.com/ubuntu/24.04/prod noble/main all Packages [640 B]
2026-10-08T15:33:06.2365461Z Get:16 https://packages.microsoft.com/ubuntu/24.04/prod noble/main arm64 Packages [474 kB]
2026-10-08T15:33:06.2455671Z Get:17 https://packages.microsoft.com/ubuntu/24.04/prod noble/main amd64 Packages [531 kB]
2026-10-08T15:33:06.2523165Z Get:18 https://packages.microsoft.com/ubuntu/24.04/prod noble/main armhf Packages [12.3 kB]
2026-10-08T15:33:06.2809650Z Get:19 http://azure.archive.ubuntu.com/ubuntu noble-security/main amd64 Packages [1106 kB]
2026-10-08T15:33:06.3453781Z Get:20 http://azure.archive.ubuntu.com/ubuntu noble-security/main Translation-en [226 kB]
2026-10-08T15:33:06.3935566Z Get:21 http://azure.archive.ubuntu.com/ubuntu noble-security/universe amd64 Packages [1218 kB]
2026-10-08T15:33:06.3990173Z Get:22 http://azure.archive.ubuntu.com/ubuntu noble-security/universe Translation-en [245 kB]
2026-10-08T15:33:06.4005886Z Get:23 http://azure.archive.ubuntu.com/ubuntu noble-security/restricted amd64 Packages [1613 kB]
2026-10-08T15:33:06.4068738Z Get:24 http://azure.archive.ubuntu.com/ubuntu noble-security/restricted Translation-en [371 kB]
2026-10-08T15:33:06.4086246Z Get:25 http://azure.archive.ubuntu.com/ubuntu noble-security/multiverse Translation-en [11.6 kB]
2026-10-08T15:33:11.0705970Z Fetched 12.1 MB in 1s (12.0 MB/s)
2026-10-08T15:33:11.6082621Z Reading package lists...
2026-10-08T15:33:11.6269583Z Reading package lists...
2026-10-08T15:33:11.8089532Z Building dependency tree...
2026-10-08T15:33:11.8095180Z Reading state information...
2026-10-08T15:33:11.9426184Z libasound2t64 is already the newest version (1.2.11-1ubuntu0.3).
2026-10-08T15:33:11.9426537Z libasound2t64 set to manually installed.
2026-10-08T15:33:11.9426923Z libatk-bridge2.0-0t64 is already the newest version (2.52.0-1build1).
2026-10-08T15:33:11.9427136Z libatk-bridge2.0-0t64 set to manually installed.
2026-10-08T15:33:11.9427327Z libatk1.0-0t64 is already the newest version (2.52.0-1build1).
2026-10-08T15:33:11.9428037Z libatk1.0-0t64 set to manually installed.
2026-10-08T15:33:11.9428223Z libatspi2.0-0t64 is already the newest version (2.52.0-1build1).
2026-10-08T15:33:11.9428414Z libatspi2.0-0t64 set to manually installed.
2026-10-08T15:33:11.9428588Z libcairo2 is already the newest version (1.18.0-3build1).
2026-10-08T15:33:11.9428762Z libcairo2 set to manually installed.
2026-10-08T15:33:11.9428943Z libcups2t64 is already the newest version (2.4.7-1.2ubuntu7.14).
2026-10-08T15:33:11.9429129Z libcups2t64 set to manually installed.
2026-10-08T15:33:11.9429307Z libdbus-1-3 is already the newest version (1.14.10-4ubuntu4.1).
2026-10-08T15:33:11.9429493Z libdbus-1-3 set to manually installed.
2026-10-08T15:33:11.9429670Z libdrm2 is already the newest version (2.4.125-1ubuntu0.1~24.04.2).
2026-10-08T15:33:11.9429855Z libdrm2 set to manually installed.
2026-10-08T15:33:11.9430026Z libgbm1 is already the newest version (25.2.8-0ubuntu0.24.04.4).
2026-10-08T15:33:11.9430209Z libgbm1 set to manually installed.
2026-10-08T15:33:11.9430509Z libglib2.0-0t64 is already the newest version (2.80.0-6ubuntu3.9).
2026-10-08T15:33:11.9430860Z libglib2.0-0t64 set to manually installed.
2026-10-08T15:33:11.9435368Z libnspr4 is already the newest version (2:4.35-1.1build1).
2026-10-08T15:33:11.9435630Z libnspr4 set to manually installed.
2026-10-08T15:33:11.9435870Z libnss3 is already the newest version (2:3.98-1ubuntu0.2).
2026-10-08T15:33:11.9436119Z libnss3 set to manually installed.
2026-10-08T15:33:11.9436340Z libpango-1.0-0 is already the newest version (1.52.1+ds-1build1).
2026-10-08T15:33:11.9436528Z libpango-1.0-0 set to manually installed.
2026-10-08T15:33:11.9436814Z libx11-6 is already the newest version (2:1.8.7-1build1).
2026-10-08T15:33:11.9436988Z libx11-6 set to manually installed.
2026-10-08T15:33:11.9437144Z libxcb1 is already the newest version (1.15-1ubuntu2).
2026-10-08T15:33:11.9437308Z libxcb1 set to manually installed.
2026-10-08T15:33:11.9437481Z libxcomposite1 is already the newest version (1:0.4.5-1build3).
2026-10-08T15:33:11.9437676Z libxcomposite1 set to manually installed.
2026-10-08T15:33:11.9437853Z libxdamage1 is already the newest version (1:1.1.6-1build1).
2026-10-08T15:33:11.9438031Z libxdamage1 set to manually installed.
2026-10-08T15:33:11.9438194Z libxext6 is already the newest version (2:1.3.4-1build2).
2026-10-08T15:33:11.9438364Z libxext6 set to manually installed.
2026-10-08T15:33:11.9438527Z libxfixes3 is already the newest version (1:6.0.0-2build1).
2026-10-08T15:33:11.9438702Z libxfixes3 set to manually installed.
2026-10-08T15:33:11.9438872Z libxkbcommon0 is already the newest version (1.6.0-1build1).
2026-10-08T15:33:11.9439049Z libxkbcommon0 set to manually installed.
2026-10-08T15:33:11.9439220Z libxrandr2 is already the newest version (2:1.5.2-2build1).
2026-10-08T15:33:11.9439393Z libxrandr2 set to manually installed.
2026-10-08T15:33:11.9439557Z xvfb is already the newest version (2:21.1.12-1ubuntu1.8).
2026-10-08T15:33:11.9439784Z fonts-noto-color-emoji is already the newest version (2.047-0ubuntu0.24.04.1).
2026-10-08T15:33:11.9440034Z libfontconfig1 is already the newest version (2.15.0-1.1ubuntu2).
2026-10-08T15:33:11.9440225Z libfontconfig1 set to manually installed.
2026-10-08T15:33:11.9440450Z fonts-liberation is already the newest version (1:2.1.5-3).
2026-10-08T15:33:11.9440632Z fonts-liberation set to manually installed.
2026-10-08T15:33:11.9440806Z The following additional packages will be installed:
2026-10-08T15:33:11.9440980Z   xfonts-encodings xfonts-utils
2026-10-08T15:33:11.9441114Z Recommended packages:
2026-10-08T15:33:11.9441245Z   fonts-ipafont-mincho fonts-tlwg-loma
2026-10-08T15:33:11.9705897Z The following NEW packages will be installed:
2026-10-08T15:33:11.9706299Z   fonts-freefont-ttf fonts-ipafont-gothic fonts-tlwg-loma-otf fonts-unifont
2026-10-08T15:33:11.9712021Z   fonts-wqy-zenhei xfonts-cyrillic xfonts-encodings xfonts-scalable
2026-10-08T15:33:11.9712302Z   xfonts-utils
2026-10-08T15:33:11.9716396Z The following packages will be upgraded:
2026-10-08T15:33:11.9720230Z   libfreetype6
2026-10-08T15:33:11.9853895Z 1 upgraded, 9 newly installed, 0 to remove and 20 not upgraded.
2026-10-08T15:33:11.9854234Z Need to get 21.5 MB of archives.
2026-10-08T15:33:11.9854511Z After this operation, 79.5 MB of additional disk space will be used.
2026-10-08T15:33:12.0356947Z Get:1 file:/etc/apt/apt-mirrors.txt Mirrorlist [144 B]
2026-10-08T15:33:12.0357351Z Get:2 http://azure.archive.ubuntu.com/ubuntu noble/universe amd64 fonts-ipafont-gothic all 00303-21ubuntu1 [3513 kB]
2026-10-08T15:33:12.1275500Z Get:3 http://azure.archive.ubuntu.com/ubuntu noble/main amd64 fonts-freefont-ttf all 20211204+svn4273-2 [5641 kB]
2026-10-08T15:33:12.3048437Z Get:4 http://azure.archive.ubuntu.com/ubuntu noble/universe amd64 fonts-tlwg-loma-otf all 1:0.7.3-1 [107 kB]
2026-10-08T15:33:12.4196648Z Get:5 http://azure.archive.ubuntu.com/ubuntu noble/universe amd64 fonts-unifont all 1:15.1.01-1build1 [2993 kB]
2026-10-08T15:33:12.5412058Z Get:6 http://azure.archive.ubuntu.com/ubuntu noble/universe amd64 fonts-wqy-zenhei all 0.9.45-8 [7472 kB]
2026-10-08T15:33:12.6611439Z Get:7 http://azure.archive.ubuntu.com/ubuntu noble-updates/main amd64 libfreetype6 amd64 2.13.2+dfsg-1ubuntu0.2 [403 kB]
2026-10-08T15:33:12.7519935Z Get:8 http://azure.archive.ubuntu.com/ubuntu noble/main amd64 xfonts-encodings all 1:1.0.5-0ubuntu2 [578 kB]
2026-10-08T15:33:12.8097981Z Get:9 http://azure.archive.ubuntu.com/ubuntu noble/main amd64 xfonts-utils amd64 1:7.7+6build3 [94.4 kB]
2026-10-08T15:33:12.9491946Z Get:10 http://azure.archive.ubuntu.com/ubuntu noble/universe amd64 xfonts-cyrillic all 1:1.0.5+nmu1 [384 kB]
2026-10-08T15:33:12.9889205Z Get:11 http://azure.archive.ubuntu.com/ubuntu noble/main amd64 xfonts-scalable all 1:1.0.3-1.3 [304 kB]
2026-10-08T15:33:13.2048840Z Fetched 21.5 MB in 1s (21.2 MB/s)
2026-10-08T15:33:13.2848074Z Selecting previously unselected package fonts-ipafont-gothic.
2026-10-08T15:33:13.3180464Z (Reading database ... 
2026-10-08T15:33:13.3180937Z (Reading database ... 5%
2026-10-08T15:33:13.3181335Z (Reading database ... 10%
2026-10-08T15:33:13.3181605Z (Reading database ... 15%
2026-10-08T15:33:13.3181786Z (Reading database ... 20%
2026-10-08T15:33:13.3181919Z (Reading database ... 25%
2026-10-08T15:33:13.3182046Z (Reading database ... 30%
2026-10-08T15:33:13.3182230Z (Reading database ... 35%
2026-10-08T15:33:13.3182416Z (Reading database ... 40%
2026-10-08T15:33:13.3182720Z (Reading database ... 45%
2026-10-08T15:33:13.3183015Z (Reading database ... 50%
2026-10-08T15:33:13.3226418Z (Reading database ... 55%
2026-10-08T15:33:13.4137359Z (Reading database ... 60%
2026-10-08T15:33:13.6654686Z (Reading database ... 65%
2026-10-08T15:33:13.8301795Z (Reading database ... 70%
2026-10-08T15:33:14.0076111Z (Reading database ... 75%
2026-10-08T15:33:14.1386991Z (Reading database ... 80%
2026-10-08T15:33:14.2739630Z (Reading database ... 85%
2026-10-08T15:33:14.4170793Z (Reading database ... 90%
2026-10-08T15:33:14.5584277Z (Reading database ... 95%
2026-10-08T15:33:14.5585049Z (Reading database ... 100%
2026-10-08T15:33:14.5585444Z (Reading database ... 203191 files and directories currently installed.)
2026-10-08T15:33:14.5618423Z Preparing to unpack .../0-fonts-ipafont-gothic_00303-21ubuntu1_all.deb ...
2026-10-08T15:33:14.6150992Z Unpacking fonts-ipafont-gothic (00303-21ubuntu1) ...
2026-10-08T15:33:15.0658698Z Selecting previously unselected package fonts-freefont-ttf.
2026-10-08T15:33:15.0760221Z Preparing to unpack .../1-fonts-freefont-ttf_20211204+svn4273-2_all.deb ...
2026-10-08T15:33:15.1152521Z Unpacking fonts-freefont-ttf (20211204+svn4273-2) ...
2026-10-08T15:33:15.5739222Z Selecting previously unselected package fonts-tlwg-loma-otf.
2026-10-08T15:33:15.5838348Z Preparing to unpack .../2-fonts-tlwg-loma-otf_1%3a0.7.3-1_all.deb ...
2026-10-08T15:33:15.8029008Z Unpacking fonts-tlwg-loma-otf (1:0.7.3-1) ...
2026-10-08T15:33:16.4828637Z Selecting previously unselected package fonts-unifont.
2026-10-08T15:33:16.4915439Z Preparing to unpack .../3-fonts-unifont_1%3a15.1.01-1build1_all.deb ...
2026-10-08T15:33:16.6902849Z Unpacking fonts-unifont (1:15.1.01-1build1) ...
2026-10-08T15:33:18.0878047Z Selecting previously unselected package fonts-wqy-zenhei.
2026-10-08T15:33:18.0975267Z Preparing to unpack .../4-fonts-wqy-zenhei_0.9.45-8_all.deb ...
2026-10-08T15:33:18.1063977Z Unpacking fonts-wqy-zenhei (0.9.45-8) ...
2026-10-08T15:33:18.5455148Z Preparing to unpack .../5-libfreetype6_2.13.2+dfsg-1ubuntu0.2_amd64.deb ...
2026-10-08T15:33:18.5559402Z Unpacking libfreetype6:amd64 (2.13.2+dfsg-1ubuntu0.2) over (2.13.2+dfsg-1ubuntu0.1) ...
2026-10-08T15:33:18.5774526Z Selecting previously unselected package xfonts-encodings.
2026-10-08T15:33:18.5871995Z Preparing to unpack .../6-xfonts-encodings_1%3a1.0.5-0ubuntu2_all.deb ...
2026-10-08T15:33:18.5877914Z Unpacking xfonts-encodings (1:1.0.5-0ubuntu2) ...
2026-10-08T15:33:18.6094726Z Selecting previously unselected package xfonts-utils.
2026-10-08T15:33:18.6189919Z Preparing to unpack .../7-xfonts-utils_1%3a7.7+6build3_amd64.deb ...
2026-10-08T15:33:18.6195727Z Unpacking xfonts-utils (1:7.7+6build3) ...
2026-10-08T15:33:18.6483846Z Selecting previously unselected package xfonts-cyrillic.
2026-10-08T15:33:18.6580571Z Preparing to unpack .../8-xfonts-cyrillic_1%3a1.0.5+nmu1_all.deb ...
2026-10-08T15:33:18.6586476Z Unpacking xfonts-cyrillic (1:1.0.5+nmu1) ...
2026-10-08T15:33:18.6841926Z Selecting previously unselected package xfonts-scalable.
2026-10-08T15:33:18.6938672Z Preparing to unpack .../9-xfonts-scalable_1%3a1.0.3-1.3_all.deb ...
2026-10-08T15:33:18.6944021Z Unpacking xfonts-scalable (1:1.0.3-1.3) ...
2026-10-08T15:33:18.7292684Z Setting up fonts-wqy-zenhei (0.9.45-8) ...
2026-10-08T15:33:18.7379316Z Setting up fonts-freefont-ttf (20211204+svn4273-2) ...
2026-10-08T15:33:18.7392527Z Setting up fonts-tlwg-loma-otf (1:0.7.3-1) ...
2026-10-08T15:33:18.7407338Z Setting up libfreetype6:amd64 (2.13.2+dfsg-1ubuntu0.2) ...
2026-10-08T15:33:18.7420957Z Setting up xfonts-encodings (1:1.0.5-0ubuntu2) ...
2026-10-08T15:33:18.7439100Z Setting up fonts-ipafont-gothic (00303-21ubuntu1) ...
2026-10-08T15:33:18.7487003Z update-alternatives: using /usr/share/fonts/opentype/ipafont-gothic/ipag.ttf to provide /usr/share/fonts/truetype/fonts-japanese-gothic.ttf (fonts-japanese-gothic.ttf) in auto mode
2026-10-08T15:33:18.7498821Z Setting up fonts-unifont (1:15.1.01-1build1) ...
2026-10-08T15:33:18.7512003Z Setting up xfonts-utils (1:7.7+6build3) ...
2026-10-08T15:33:18.7543677Z Setting up xfonts-cyrillic (1:1.0.5+nmu1) ...
2026-10-08T15:33:18.7755407Z Setting up xfonts-scalable (1:1.0.3-1.3) ...
2026-10-08T15:33:18.7960695Z Processing triggers for libc-bin (2.39-0ubuntu8.9) ...
2026-10-08T15:33:18.9815003Z Processing triggers for man-db (2.12.0-4build2) ...
2026-10-08T15:33:18.9838550Z Not building database; man-db/auto-update is not 'true'.
2026-10-08T15:33:18.9849681Z Processing triggers for fontconfig (2.15.0-1.1ubuntu2) ...
2026-10-08T15:33:19.4911281Z 
2026-10-08T15:33:19.4912051Z Running kernel seems to be up-to-date.
2026-10-08T15:33:19.4912273Z 
2026-10-08T15:33:19.4912383Z Restarting services...
2026-10-08T15:33:19.4972486Z  systemctl restart php8.3-fpm.service
2026-10-08T15:33:19.5775356Z 
2026-10-08T15:33:19.5776211Z No containers need to be restarted.
2026-10-08T15:33:19.5776427Z 
2026-10-08T15:33:19.5776588Z No user sessions are running outdated binaries.
2026-10-08T15:33:19.5776953Z 
2026-10-08T15:33:19.5777228Z No VM guests are running outdated hypervisor (qemu) binaries on this host.
2026-10-08T15:33:20.3390860Z Downloading Chrome for Testing 153.0.8010.12 (playwright chromium v1243) from https://cdn.playwright.dev/builds/cft/153.0.8010.12/linux64/chrome-linux64.zip
2026-10-08T15:33:20.6511955Z |                                                                                |   0% of 186.8 MiB
2026-10-08T15:33:20.9225944Z |■■■■■■■■                                                                        |  10% of 186.8 MiB
2026-10-08T15:33:20.9831960Z |■■■■■■■■■■■■■■■■                                                                |  20% of 186.8 MiB
2026-10-08T15:33:21.0307937Z |■■■■■■■■■■■■■■■■■■■■■■■■                                                        |  30% of 186.8 MiB
2026-10-08T15:33:21.0787051Z |■■■■■■■■■■■■■■■■■■■■■■■■■■■■■■■■                                                |  40% of 186.8 MiB
2026-10-08T15:33:21.1357728Z |■■■■■■■■■■■■■■■■■■■■■■■■■■■■■■■■■■■■■■■■                                        |  50% of 186.8 MiB
2026-10-08T15:33:21.1838155Z |■■■■■■■■■■■■■■■■■■■■■■■■■■■■■■■■■■■■■■■■■■■■■■■■                                |  60% of 186.8 MiB
2026-10-08T15:33:21.2260991Z |■■■■■■■■■■■■■■■■■■■■■■■■■■■■■■■■■■■■■■■■■■■■■■■■■■■■■■■■                        |  70% of 186.8 MiB
2026-10-08T15:33:21.2678954Z |■■■■■■■■■■■■■■■■■■■■■■■■■■■■■■■■■■■■■■■■■■■■■■■■■■■■■■■■■■■■■■■■                |  80% of 186.8 MiB
2026-10-08T15:33:21.3151376Z |■■■■■■■■■■■■■■■■■■■■■■■■■■■■■■■■■■■■■■■■■■■■■■■■■■■■■■■■■■■■■■■■■■■■■■■■        |  90% of 186.8 MiB
2026-10-08T15:33:21.3514432Z |■■■■■■■■■■■■■■■■■■■■■■■■■■■■■■■■■■■■■■■■■■■■■■■■■■■■■■■■■■■■■■■■■■■■■■■■■■■■■■■■| 100% of 186.8 MiB
2026-10-08T15:33:23.1206206Z Chrome for Testing 153.0.8010.12 (playwright chromium v1243) downloaded to /home/runner/.cache/ms-playwright/chromium-1243
2026-10-08T15:33:23.1209189Z Downloading FFmpeg (playwright ffmpeg v1011) from https://cdn.playwright.dev/dbazure/download/playwright/builds/ffmpeg/1011/ffmpeg-linux.zip
2026-10-08T15:33:23.4078310Z |                                                                                |   0% of 2.3 MiB
2026-10-08T15:33:23.4476543Z |■■■■■■■■                                                                        |  10% of 2.3 MiB
2026-10-08T15:33:23.4629008Z |■■■■■■■■■■■■■■■■                                                                |  20% of 2.3 MiB
2026-10-08T15:33:23.4760164Z |■■■■■■■■■■■■■■■■■■■■■■■■                                                        |  30% of 2.3 MiB
2026-10-08T15:33:23.4890620Z |■■■■■■■■■■■■■■■■■■■■■■■■■■■■■■■■                                                |  40% of 2.3 MiB
2026-10-08T15:33:23.4912116Z |■■■■■■■■■■■■■■■■■■■■■■■■■■■■■■■■■■■■■■■■                                        |  50% of 2.3 MiB
2026-10-08T15:33:23.5028117Z |■■■■■■■■■■■■■■■■■■■■■■■■■■■■■■■■■■■■■■■■■■■■■■■■                                |  60% of 2.3 MiB
2026-10-08T15:33:23.5040509Z |■■■■■■■■■■■■■■■■■■■■■■■■■■■■■■■■■■■■■■■■■■■■■■■■■■■■■■■■                        |  70% of 2.3 MiB
2026-10-08T15:33:23.5060881Z |■■■■■■■■■■■■■■■■■■■■■■■■■■■■■■■■■■■■■■■■■■■■■■■■■■■■■■■■■■■■■■■■                |  80% of 2.3 MiB
2026-10-08T15:33:23.5168722Z |■■■■■■■■■■■■■■■■■■■■■■■■■■■■■■■■■■■■■■■■■■■■■■■■■■■■■■■■■■■■■■■■■■■■■■■■        |  90% of 2.3 MiB
2026-10-08T15:33:23.5178015Z |■■■■■■■■■■■■■■■■■■■■■■■■■■■■■■■■■■■■■■■■■■■■■■■■■■■■■■■■■■■■■■■■■■■■■■■■■■■■■■■■| 100% of 2.3 MiB
2026-10-08T15:33:23.5554218Z FFmpeg (playwright ffmpeg v1011) downloaded to /home/runner/.cache/ms-playwright/ffmpeg-1011
2026-10-08T15:33:23.5556322Z Downloading Chrome Headless Shell 153.0.8010.12 (playwright chromium-headless-shell v1243) from https://cdn.playwright.dev/builds/cft/153.0.8010.12/linux64/chrome-headless-shell-linux64.zip
2026-10-08T15:33:23.8906550Z |                                                                                |   0% of 114.3 MiB
2026-10-08T15:33:24.2164419Z |■■■■■■■■                                                                        |  10% of 114.3 MiB
2026-10-08T15:33:24.2608376Z |■■■■■■■■■■■■■■■■                                                                |  20% of 114.3 MiB
2026-10-08T15:33:24.3111639Z |■■■■■■■■■■■■■■■■■■■■■■■■                                                        |  30% of 114.3 MiB
2026-10-08T15:33:24.3676640Z |■■■■■■■■■■■■■■■■■■■■■■■■■■■■■■■■                                                |  40% of 114.3 MiB
2026-10-08T15:33:24.4081807Z |■■■■■■■■■■■■■■■■■■■■■■■■■■■■■■■■■■■■■■■■                                        |  50% of 114.3 MiB
2026-10-08T15:33:24.4413588Z |■■■■■■■■■■■■■■■■■■■■■■■■■■■■■■■■■■■■■■■■■■■■■■■■                                |  60% of 114.3 MiB
2026-10-08T15:33:24.4750882Z |■■■■■■■■■■■■■■■■■■■■■■■■■■■■■■■■■■■■■■■■■■■■■■■■■■■■■■■■                        |  70% of 114.3 MiB
2026-10-08T15:33:24.5097346Z |■■■■■■■■■■■■■■■■■■■■■■■■■■■■■■■■■■■■■■■■■■■■■■■■■■■■■■■■■■■■■■■■                |  80% of 114.3 MiB
2026-10-08T15:33:24.5484491Z |■■■■■■■■■■■■■■■■■■■■■■■■■■■■■■■■■■■■■■■■■■■■■■■■■■■■■■■■■■■■■■■■■■■■■■■■        |  90% of 114.3 MiB
2026-10-08T15:33:24.5785842Z |■■■■■■■■■■■■■■■■■■■■■■■■■■■■■■■■■■■■■■■■■■■■■■■■■■■■■■■■■■■■■■■■■■■■■■■■■■■■■■■■| 100% of 114.3 MiB
2026-10-08T15:33:25.8169728Z Chrome Headless Shell 153.0.8010.12 (playwright chromium-headless-shell v1243) downloaded to /home/runner/.cache/ms-playwright/chromium_headless_shell-1243
2026-10-08T15:33:25.9408823Z ##[group]Run CF_STATEMENTS=0 TRANSLATE=0 node scripts/update-data.mjs
2026-10-08T15:33:25.9409131Z [36;1mCF_STATEMENTS=0 TRANSLATE=0 node scripts/update-data.mjs[0m
2026-10-08T15:33:25.9464174Z shell: /usr/bin/bash -e {0}
2026-10-08T15:33:25.9464315Z env:
2026-10-08T15:33:25.9466163Z   GITHUB_TOKEN: ***
2026-10-08T15:33:25.9466290Z ##[endgroup]
2026-10-08T15:33:26.0833048Z (node:2861) [MODULE_TYPELESS_PACKAGE_JSON] Warning: Module type of file:///home/runner/work/ys_problem_web/ys_problem_web/lib/records.js is not specified and it doesn't parse as CommonJS.
2026-10-08T15:33:26.0833644Z Reparsing as ES module because module syntax was detected. This incurs a performance overhead.
2026-10-08T15:33:26.0834016Z To eliminate this warning, add "type": "module" to /home/runner/work/ys_problem_web/ys_problem_web/package.json.
2026-10-08T15:33:26.0834413Z (Use `node --trace-warnings ...` to show where the warning was created)
2026-10-08T15:33:26.1395892Z Discovering daily problem folders...
2026-10-08T15:33:27.1514942Z Found 818 days, syncing the most recent 818.
2026-10-08T15:33:27.8258637Z   2026-10-09: 2 problems
2026-10-08T15:33:28.3157845Z   2026-10-08: 2 problems
2026-10-08T15:33:28.6694488Z   2026-10-07: 2 problems
2026-10-08T15:33:29.0522319Z   2026-10-06: 2 problems
2026-10-08T15:33:29.4000875Z   2026-10-05: 2 problems
2026-10-08T15:33:29.7831819Z   2026-10-03: 2 problems
2026-10-08T15:33:30.2949187Z   2026-10-02: 2 problems
2026-10-08T15:33:30.7049424Z   2026-10-01: 2 problems
2026-10-08T15:33:31.1197804Z   2026-09-30: 2 problems
2026-10-08T15:33:31.4871558Z   2026-09-29: 2 problems
2026-10-08T15:33:31.8681121Z   2026-09-28: 2 problems
2026-10-08T15:33:32.2204031Z   2026-09-26: 2 problems
2026-10-08T15:33:32.5788364Z   2026-09-25: 2 problems
2026-10-08T15:33:32.9934437Z   2026-09-24: 2 problems
2026-10-08T15:33:33.3535526Z   2026-09-23: 2 problems
2026-10-08T15:33:33.7267803Z   2026-09-22: 2 problems
2026-10-08T15:33:34.1040557Z   2026-09-21: 2 problems
2026-10-08T15:33:34.4981914Z   2026-09-19: 2 problems
2026-10-08T15:33:34.8981529Z   2026-09-18: 2 problems
2026-10-08T15:33:35.3613892Z   2026-09-17: 2 problems
2026-10-08T15:33:35.7789080Z   2026-09-16: 2 problems
2026-10-08T15:33:36.1493649Z   2026-09-15: 2 problems
2026-10-08T15:33:36.3948860Z   2026-09-14: 2 problems
2026-10-08T15:33:36.8090112Z   2026-09-12: 2 problems
2026-10-08T15:33:37.2047595Z   2026-09-11: 2 problems
2026-10-08T15:33:37.8246850Z   2026-09-10: 2 problems
2026-10-08T15:33:38.2770352Z   2026-09-09: 2 problems
2026-10-08T15:33:38.7229523Z   2026-09-08: 2 problems
2026-10-08T15:33:39.1489456Z   2026-09-07: 2 problems
2026-10-08T15:33:39.4877868Z   2026-09-05: 2 problems
2026-10-08T15:33:39.9914970Z   2026-09-04: 2 problems
2026-10-08T15:33:40.3892596Z   2026-09-03: 2 problems
2026-10-08T15:33:40.8383023Z   2026-09-02: 2 problems
2026-10-08T15:33:41.2847329Z   2026-09-01: 2 problems
2026-10-08T15:33:41.6242784Z   2026-08-31: 2 problems
2026-10-08T15:33:41.9625016Z   2026-08-29: 2 problems
2026-10-08T15:33:42.3014303Z   2026-08-28: 2 problems
2026-10-08T15:33:42.6437210Z   2026-08-27: 2 problems
2026-10-08T15:33:42.9989548Z   2026-08-26: 2 problems
2026-10-08T15:33:43.3510021Z   2026-08-25: 2 problems
2026-10-08T15:33:43.6916169Z   2026-08-24: 2 problems
2026-10-08T15:33:44.3299331Z   2026-08-22: 2 problems
2026-10-08T15:33:44.6703952Z   2026-08-21: 2 problems
2026-10-08T15:33:45.0431136Z   2026-08-20: 2 problems
2026-10-08T15:33:45.5716301Z   2026-08-19: 2 problems
2026-10-08T15:33:45.9232068Z   2026-08-18: 2 problems
2026-10-08T15:33:46.2777902Z   2026-08-17: 2 problems
2026-10-08T15:33:46.6095195Z   2026-08-15: 2 problems
2026-10-08T15:33:47.0860509Z   2026-08-14: 2 problems
2026-10-08T15:33:47.4235923Z   2026-08-13: 2 problems
2026-10-08T15:33:48.1531929Z   2026-08-12: 2 problems
2026-10-08T15:33:48.5027138Z   2026-08-11: 2 problems
2026-10-08T15:33:48.8394510Z   2026-08-10: 2 problems
2026-10-08T15:33:49.1510624Z   2026-08-08: 2 problems
2026-10-08T15:33:49.5184581Z   2026-08-07: 2 problems
2026-10-08T15:33:49.8551667Z   2026-08-06: 2 problems
2026-10-08T15:33:50.4658450Z   2026-08-05: 2 problems
2026-10-08T15:33:51.0030357Z   2026-08-04: 2 problems
2026-10-08T15:33:51.3485366Z   2026-08-03: 2 problems
2026-10-08T15:33:51.6615724Z   2026-08-01: 2 problems
2026-10-08T15:33:51.8766681Z   2026-07-31: 2 problems
2026-10-08T15:33:52.2073864Z   2026-07-30: 2 problems
2026-10-08T15:33:52.6223103Z   2026-07-29: 2 problems
2026-10-08T15:33:52.9630879Z   2026-07-28: 2 problems
2026-10-08T15:33:53.2791899Z   2026-07-27: 2 problems
2026-10-08T15:33:53.6045848Z   2026-07-25: 2 problems
2026-10-08T15:33:53.9587765Z   2026-07-24: 2 problems
2026-10-08T15:33:54.2564550Z   2026-07-23: 2 problems
2026-10-08T15:33:54.5637610Z   2026-07-22: 2 problems
2026-10-08T15:33:54.9300131Z   2026-07-21: 2 problems
2026-10-08T15:33:55.5579469Z   2026-07-16: 2 problems
2026-10-08T15:33:55.8936590Z   2026-07-15: 2 problems
2026-10-08T15:33:56.2293977Z   2026-07-14: 2 problems
2026-10-08T15:33:56.6017533Z   2026-07-13: 2 problems
2026-10-08T15:33:57.1545544Z   2026-07-11: 2 problems
2026-10-08T15:33:57.5530970Z   2026-07-10: 2 problems
2026-10-08T15:33:57.9312102Z   2026-07-09: 2 problems
2026-10-08T15:33:58.3642469Z   2026-07-08: 2 problems
2026-10-08T15:33:58.6900937Z   2026-07-07: 2 problems
2026-10-08T15:33:59.0063487Z   2026-07-06: 2 problems
2026-10-08T15:33:59.4586383Z   2026-07-04: 2 problems
2026-10-08T15:34:00.0210823Z   2026-07-03: 2 problems
2026-10-08T15:34:00.4913136Z   2026-07-02: 2 problems
2026-10-08T15:34:00.9459937Z   2026-07-01: 2 problems
2026-10-08T15:34:01.3014518Z   2026-06-30: 2 problems
2026-10-08T15:34:01.8017628Z   2026-06-29: 2 problems
2026-10-08T15:34:02.0941930Z   2026-06-27: 2 problems
2026-10-08T15:34:02.4259101Z   2026-06-26: 2 problems
2026-10-08T15:34:02.7531319Z   2026-06-25: 2 problems
2026-10-08T15:34:03.0815503Z   2026-06-24: 2 problems
2026-10-08T15:34:03.3956374Z   2026-06-23: 2 problems
2026-10-08T15:34:03.7446517Z   2026-06-22: 2 problems
2026-10-08T15:34:03.9794388Z   2026-06-20: 1 problems
2026-10-08T15:34:04.3423489Z   2026-06-19: 2 problems
2026-10-08T15:34:04.7574323Z   2026-06-18: 2 problems
2026-10-08T15:34:05.0872202Z   2026-06-17: 2 problems
2026-10-08T15:34:05.4547810Z   2026-06-16: 2 problems
2026-10-08T15:34:05.8425670Z   2026-06-15: 2 problems
2026-10-08T15:34:06.1733152Z   2026-06-13: 2 problems
2026-10-08T15:34:06.6383979Z   2026-06-12: 2 problems
2026-10-08T15:34:07.0661377Z   2026-06-11: 2 problems
2026-10-08T15:34:07.4488790Z   2026-06-10: 2 problems
2026-10-08T15:34:07.7992981Z   2026-06-09: 2 problems
2026-10-08T15:34:08.1692636Z   2026-06-08: 2 problems
2026-10-08T15:34:08.6683769Z   2026-06-06: 2 problems
2026-10-08T15:34:09.0368594Z   2026-06-05: 2 problems
2026-10-08T15:34:09.3681554Z   2026-06-04: 2 problems
2026-10-08T15:34:09.4687652Z   2026-06-03: 2 problems
2026-10-08T15:34:09.9092632Z   2026-06-02: 2 problems
2026-10-08T15:34:10.3121928Z   2026-06-01: 2 problems
2026-10-08T15:34:10.7517660Z   2026-05-30: 2 problems
2026-10-08T15:34:11.2240120Z   2026-05-29: 2 problems
2026-10-08T15:34:11.5419608Z   2026-05-28: 2 problems
2026-10-08T15:34:11.8795843Z   2026-05-27: 2 problems
2026-10-08T15:34:12.1288802Z   2026-05-26: 2 problems
2026-10-08T15:34:12.5055331Z   2026-05-25: 2 problems
2026-10-08T15:34:12.8367334Z   2026-05-23: 2 problems
2026-10-08T15:34:13.1978990Z   2026-05-22: 2 problems
2026-10-08T15:34:13.5194619Z   2026-05-21: 2 problems
2026-10-08T15:34:13.8491388Z   2026-05-20: 2 problems
2026-10-08T15:34:14.1949316Z   2026-05-19: 2 problems
2026-10-08T15:34:14.5642050Z   2026-05-18: 2 problems
2026-10-08T15:34:14.8801827Z   2026-05-16: 2 problems
2026-10-08T15:34:15.2248079Z   2026-05-15: 2 problems
2026-10-08T15:34:15.5772721Z   2026-05-14: 2 problems
2026-10-08T15:34:15.9393935Z   2026-05-13: 2 problems
2026-10-08T15:34:16.2698003Z   2026-05-12: 2 problems
2026-10-08T15:34:16.6226500Z   2026-05-11: 2 problems
2026-10-08T15:34:17.0423795Z   2026-05-09: 2 problems
2026-10-08T15:34:17.3915268Z   2026-05-08: 2 problems
2026-10-08T15:34:17.7807880Z   2026-05-07: 2 problems
2026-10-08T15:34:18.1158723Z   2026-05-06: 2 problems
2026-10-08T15:34:18.4510457Z   2026-05-05: 2 problems
2026-10-08T15:34:18.7841886Z   2026-05-04: 2 problems
2026-10-08T15:34:19.1306030Z   2026-05-02: 2 problems
2026-10-08T15:34:19.4385710Z   2026-05-01: 2 problems
2026-10-08T15:34:19.7783948Z   2026-04-30: 2 problems
2026-10-08T15:34:20.0975617Z   2026-04-29: 2 problems
2026-10-08T15:34:20.4223990Z   2026-04-28: 2 problems
2026-10-08T15:34:20.7439906Z   2026-04-27: 2 problems
2026-10-08T15:34:21.0845639Z   2026-04-25: 2 problems
2026-10-08T15:34:21.4478228Z   2026-04-24: 2 problems
2026-10-08T15:34:21.7799178Z   2026-04-23: 2 problems
2026-10-08T15:34:22.1005788Z   2026-04-22: 2 problems
2026-10-08T15:34:22.4168951Z   2026-04-21: 2 problems
2026-10-08T15:34:22.7933916Z   2026-04-20: 2 problems
2026-10-08T15:34:23.1232540Z   2026-04-18: 2 problems
2026-10-08T15:34:23.4262474Z   2026-04-17: 2 problems
2026-10-08T15:34:23.7570720Z   2026-04-16: 2 problems
2026-10-08T15:34:24.0720810Z   2026-04-15: 2 problems
2026-10-08T15:34:24.4124298Z   2026-04-14: 2 problems
2026-10-08T15:34:24.7339922Z   2026-04-13: 2 problems
2026-10-08T15:34:25.0503380Z   2026-04-11: 2 problems
2026-10-08T15:34:25.3761269Z   2026-04-10: 2 problems
2026-10-08T15:34:25.7037075Z   2026-04-09: 2 problems
2026-10-08T15:34:25.9028075Z   2026-04-08: 2 problems
2026-10-08T15:34:26.2350295Z   2026-04-07: 2 problems
2026-10-08T15:34:26.5694217Z   2026-04-06: 2 problems
2026-10-08T15:34:27.0575068Z   2026-04-04: 2 problems
2026-10-08T15:34:27.4290064Z   2026-04-03: 2 problems
2026-10-08T15:34:27.8744290Z   2026-04-02: 2 problems
2026-10-08T15:34:28.2041435Z   2026-04-01: 2 problems
2026-10-08T15:34:28.5092470Z   2026-03-31: 2 problems
2026-10-08T15:34:28.8295384Z   2026-03-30: 2 problems
2026-10-08T15:34:29.1779810Z   2026-03-28: 2 problems
2026-10-08T15:34:29.4775376Z   2026-03-27: 2 problems
2026-10-08T15:34:29.8950069Z   2026-03-26: 2 problems
2026-10-08T15:34:30.1853864Z   2026-03-25: 2 problems
2026-10-08T15:34:30.6667475Z   2026-03-24: 2 problems
2026-10-08T15:34:30.9847221Z   2026-03-23: 2 problems
2026-10-08T15:34:31.3250113Z   2026-03-21: 2 problems
2026-10-08T15:34:31.7087169Z   2026-03-20: 2 problems
2026-10-08T15:34:32.0173499Z   2026-03-19: 2 problems
2026-10-08T15:34:32.3543793Z   2026-03-18: 2 problems
2026-10-08T15:34:32.6825428Z   2026-03-17: 2 problems
2026-10-08T15:34:33.1350702Z   2026-03-16: 2 problems
2026-10-08T15:34:33.4739116Z   2026-03-14: 2 problems
2026-10-08T15:34:33.8011984Z   2026-03-13: 2 problems
2026-10-08T15:34:34.1379206Z   2026-03-12: 2 problems
2026-10-08T15:34:34.4720238Z   2026-03-11: 2 problems
2026-10-08T15:34:34.8290406Z   2026-03-10: 2 problems
2026-10-08T15:34:35.1517027Z   2026-03-09: 2 problems
2026-10-08T15:34:35.4684198Z   2026-03-07: 2 problems
2026-10-08T15:34:35.8060268Z   2026-03-06: 2 problems
2026-10-08T15:34:36.1252824Z   2026-03-05: 2 problems
2026-10-08T15:34:36.4577096Z   2026-03-04: 2 problems
2026-10-08T15:34:36.7993642Z   2026-03-03: 2 problems
2026-10-08T15:34:37.1219825Z   2026-03-02: 2 problems
2026-10-08T15:34:37.4419306Z   2026-02-28: 2 problems
2026-10-08T15:34:37.7763979Z   2026-02-27: 2 problems
2026-10-08T15:34:38.5298702Z   2026-02-26: 2 problems
2026-10-08T15:34:38.9997757Z   2026-02-25: 2 problems
2026-10-08T15:34:39.4847806Z   2026-02-24: 2 problems
2026-10-08T15:34:39.9531578Z   2026-02-23: 2 problems
2026-10-08T15:34:40.2952972Z   2026-02-21: 2 problems
2026-10-08T15:34:40.7567519Z   2026-02-20: 2 problems
2026-10-08T15:34:41.1073127Z   2026-02-19: 2 problems
2026-10-08T15:34:41.4885827Z   2026-02-18: 2 problems
2026-10-08T15:34:41.9657904Z   2026-02-17: 2 problems
2026-10-08T15:34:42.3285832Z   2026-02-16: 2 problems
2026-10-08T15:34:42.6529511Z   2026-02-14: 2 problems
2026-10-08T15:34:42.9844809Z   2026-02-13: 2 problems
2026-10-08T15:34:43.3529797Z   2026-02-12: 2 problems
2026-10-08T15:34:43.7236046Z   2026-02-11: 2 problems
2026-10-08T15:34:44.0722167Z   2026-02-10: 2 problems
2026-10-08T15:34:44.4209178Z   2026-02-09: 2 problems
2026-10-08T15:34:44.7563035Z   2026-02-07: 2 problems
2026-10-08T15:34:45.1267687Z   2026-02-06: 2 problems
2026-10-08T15:34:45.5087119Z   2026-02-05: 2 problems
2026-10-08T15:34:45.9447869Z   2026-02-04: 2 problems
2026-10-08T15:34:46.3301196Z   2026-02-03: 2 problems
2026-10-08T15:34:46.8832980Z   2026-02-02: 2 problems
2026-10-08T15:34:47.2277867Z   2026-01-31: 2 problems
2026-10-08T15:34:47.5695018Z   2026-01-30: 2 problems
2026-10-08T15:34:47.9163198Z   2026-01-29: 2 problems
2026-10-08T15:34:48.3252644Z   2026-01-28: 2 problems
2026-10-08T15:34:48.6705203Z   2026-01-27: 2 problems
2026-10-08T15:34:49.0523396Z   2026-01-26: 2 problems
2026-10-08T15:34:49.4161305Z   2026-01-24: 2 problems
2026-10-08T15:34:49.7839892Z   2026-01-23: 2 problems
2026-10-08T15:34:50.0284325Z   2026-01-22: 2 problems
2026-10-08T15:34:50.3825141Z   2026-01-21: 2 problems
2026-10-08T15:34:50.7323698Z   2026-01-20: 2 problems
2026-10-08T15:34:51.0868969Z   2026-01-19: 2 problems
2026-10-08T15:34:51.4655033Z   2026-01-17: 2 problems
2026-10-08T15:34:51.8710287Z   2026-01-16: 2 problems
2026-10-08T15:34:52.2451813Z   2026-01-15: 2 problems
2026-10-08T15:34:52.6737808Z   2026-01-14: 2 problems
2026-10-08T15:34:53.1919224Z   2026-01-13: 2 problems
2026-10-08T15:34:53.5645182Z   2026-01-12: 2 problems
2026-10-08T15:34:53.9125917Z   2026-01-10: 2 problems
2026-10-08T15:34:54.2568515Z   2026-01-09: 2 problems
2026-10-08T15:34:54.6280521Z   2026-01-08: 2 problems
2026-10-08T15:34:54.9833894Z   2026-01-07: 2 problems
2026-10-08T15:34:55.3667200Z   2026-01-06: 2 problems
2026-10-08T15:34:55.6652718Z   2026-01-05: 2 problems
2026-10-08T15:34:56.0422197Z   2026-01-03: 2 problems
2026-10-08T15:34:56.4138466Z   2026-01-02: 2 problems
2026-10-08T15:34:56.8720092Z   2026-01-01: 2 problems
2026-10-08T15:34:57.2288465Z   2025-12-31: 2 problems
2026-10-08T15:34:57.6151837Z   2025-12-30: 2 problems
2026-10-08T15:34:57.9527338Z   2025-12-29: 2 problems
2026-10-08T15:34:58.2945539Z   2025-12-27: 2 problems
2026-10-08T15:34:58.6591804Z   2025-12-26: 2 problems
2026-10-08T15:34:59.0012875Z   2025-12-25: 2 problems
2026-10-08T15:34:59.4571829Z   2025-12-24: 2 problems
2026-10-08T15:34:59.9097540Z   2025-12-23: 2 problems
2026-10-08T15:35:00.2645005Z   2025-12-22: 2 problems
2026-10-08T15:35:00.7509599Z   2025-12-20: 2 problems
2026-10-08T15:35:01.0945144Z   2025-12-19: 2 problems
2026-10-08T15:35:01.5447344Z   2025-12-18: 2 problems
2026-10-08T15:35:01.9042670Z   2025-12-17: 2 problems
2026-10-08T15:35:02.4127015Z   2025-12-16: 2 problems
2026-10-08T15:35:02.8521546Z   2025-12-15: 2 problems
2026-10-08T15:35:03.2243728Z   2025-12-13: 2 problems
2026-10-08T15:35:03.5725915Z   2025-12-12: 2 problems
2026-10-08T15:35:03.9277420Z   2025-12-11: 2 problems
2026-10-08T15:35:04.3075986Z   2025-12-10: 2 problems
2026-10-08T15:35:04.6371090Z   2025-12-09: 2 problems
2026-10-08T15:35:04.8516672Z   2025-12-08: 2 problems
2026-10-08T15:35:05.1975142Z   2025-12-06: 2 problems
2026-10-08T15:35:05.5579993Z   2025-12-05: 2 problems
2026-10-08T15:35:05.9238838Z   2025-12-04: 2 problems
2026-10-08T15:35:06.2626600Z   2025-12-03: 2 problems
2026-10-08T15:35:06.7263682Z   2025-12-02: 2 problems
2026-10-08T15:35:07.0416542Z   2025-12-01: 2 problems
2026-10-08T15:35:07.4153601Z   2025-11-29: 2 problems
2026-10-08T15:35:07.8946363Z   2025-11-28: 2 problems
2026-10-08T15:35:08.4876265Z   2025-11-27: 2 problems
2026-10-08T15:35:08.7959310Z   2025-11-26: 2 problems
2026-10-08T15:35:09.1328232Z   2025-11-25: 2 problems
2026-10-08T15:35:09.4556877Z   2025-11-24: 2 problems
2026-10-08T15:35:09.7744231Z   2025-11-22: 2 problems
2026-10-08T15:35:10.1343035Z   2025-11-21: 2 problems
2026-10-08T15:35:10.5655927Z   2025-11-20: 2 problems
2026-10-08T15:35:10.8732895Z   2025-11-19: 2 problems
2026-10-08T15:35:11.3342942Z   2025-11-18: 2 problems
2026-10-08T15:35:11.6771338Z   2025-11-17: 2 problems
2026-10-08T15:35:12.1166005Z   2025-11-15: 2 problems
2026-10-08T15:35:12.5926058Z   2025-11-14: 2 problems
2026-10-08T15:35:12.9319962Z   2025-11-13: 2 problems
2026-10-08T15:35:13.2705071Z   2025-11-12: 2 problems
2026-10-08T15:35:13.6154489Z   2025-11-11: 2 problems
2026-10-08T15:35:13.9448763Z   2025-11-10: 2 problems
2026-10-08T15:35:14.2816056Z   2025-11-08: 2 problems
2026-10-08T15:35:14.6657152Z   2025-11-07: 2 problems
2026-10-08T15:35:14.9992639Z   2025-11-06: 2 problems
2026-10-08T15:35:15.4690069Z   2025-11-05: 2 problems
2026-10-08T15:35:15.8031853Z   2025-11-04: 2 problems
2026-10-08T15:35:16.2659285Z   2025-11-03: 2 problems
2026-10-08T15:35:16.5892312Z   2025-11-01: 2 problems
2026-10-08T15:35:16.8237395Z   2025-10-31: 2 problems
2026-10-08T15:35:17.1369988Z   2025-10-30: 2 problems
2026-10-08T15:35:17.4704388Z   2025-10-29: 2 problems
2026-10-08T15:35:17.8044894Z   2025-10-28: 2 problems
2026-10-08T15:35:18.1435680Z   2025-10-27: 2 problems
2026-10-08T15:35:18.5071531Z   2025-10-25: 2 problems
2026-10-08T15:35:18.8570454Z   2025-10-24: 2 problems
2026-10-08T15:35:19.2188502Z   2025-10-23: 2 problems
2026-10-08T15:35:19.5317029Z   2025-10-22: 2 problems
2026-10-08T15:35:19.9005369Z   2025-10-21: 2 problems
2026-10-08T15:35:20.2438288Z   2025-10-20: 2 problems
2026-10-08T15:35:20.5896999Z   2025-10-18: 2 problems
2026-10-08T15:35:20.9327130Z   2025-10-17: 2 problems
2026-10-08T15:35:21.2531182Z   2025-10-16: 2 problems
2026-10-08T15:35:21.5727658Z   2025-10-15: 2 problems
2026-10-08T15:35:21.9075952Z   2025-10-14: 2 problems
2026-10-08T15:35:22.3443884Z   2025-10-13: 2 problems
2026-10-08T15:35:22.6724374Z   2025-10-11: 2 problems
2026-10-08T15:35:22.9881143Z   2025-10-10: 2 problems
2026-10-08T15:35:23.3312955Z   2025-10-09: 2 problems
2026-10-08T15:35:23.6568946Z   2025-10-08: 2 problems
2026-10-08T15:35:24.0089557Z   2025-10-07: 2 problems
2026-10-08T15:35:24.3525677Z   2025-10-06: 2 problems
2026-10-08T15:35:24.6677951Z   2025-10-04: 2 problems
2026-10-08T15:35:25.0038624Z   2025-10-03: 2 problems
2026-10-08T15:35:25.3494151Z   2025-10-02: 2 problems
2026-10-08T15:35:25.6632767Z   2025-10-01: 2 problems
2026-10-08T15:35:26.0232757Z   2025-09-30: 2 problems
2026-10-08T15:35:26.4596036Z   2025-09-29: 2 problems
2026-10-08T15:35:26.9259175Z   2025-09-27: 2 problems
2026-10-08T15:35:27.3938123Z   2025-09-26: 2 problems
2026-10-08T15:35:27.8361317Z   2025-09-25: 2 problems
2026-10-08T15:35:28.1595349Z   2025-09-24: 2 problems
2026-10-08T15:35:28.5239955Z   2025-09-23: 2 problems
2026-10-08T15:35:28.8827496Z   2025-09-22: 2 problems
2026-10-08T15:35:29.3781732Z   2025-09-20: 2 problems
2026-10-08T15:35:29.7217212Z   2025-09-19: 2 problems
2026-10-08T15:35:30.0681028Z   2025-09-18: 2 problems
2026-10-08T15:35:30.5525449Z   2025-09-17: 2 problems
2026-10-08T15:35:30.9020731Z   2025-09-16: 2 problems
2026-10-08T15:35:31.2947853Z   2025-09-15: 2 problems
2026-10-08T15:35:31.6335879Z   2025-09-13: 2 problems
2026-10-08T15:35:31.9910868Z   2025-09-12: 2 problems
2026-10-08T15:35:32.3809113Z   2025-09-11: 2 problems
2026-10-08T15:35:32.7873620Z   2025-09-10: 2 problems
2026-10-08T15:35:33.1841310Z   2025-09-09: 2 problems
2026-10-08T15:35:33.5798969Z   2025-09-08: 2 problems
2026-10-08T15:35:34.0794303Z   2025-09-06: 2 problems
2026-10-08T15:35:34.4371603Z   2025-09-05: 2 problems
2026-10-08T15:35:34.8260680Z   2025-09-04: 2 problems
2026-10-08T15:35:35.2229926Z   2025-09-03: 2 problems
2026-10-08T15:35:35.5926544Z   2025-09-02: 2 problems
2026-10-08T15:35:36.0738698Z   2025-09-01: 2 problems
2026-10-08T15:35:36.4999755Z   2025-08-30: 2 problems
2026-10-08T15:35:36.8972359Z   2025-08-29: 2 problems
2026-10-08T15:35:37.2667096Z   2025-08-28: 2 problems
2026-10-08T15:35:37.7854155Z   2025-08-27: 2 problems
2026-10-08T15:35:38.2680062Z   2025-08-26: 2 problems
2026-10-08T15:35:38.6326643Z   2025-08-25: 2 problems
2026-10-08T15:35:38.9894436Z   2025-08-23: 2 problems
2026-10-08T15:35:39.5011168Z   2025-08-22: 2 problems
2026-10-08T15:35:39.8707356Z   2025-08-21: 2 problems
2026-10-08T15:35:40.2343153Z   2025-08-20: 2 problems
2026-10-08T15:35:40.7380486Z   2025-08-19: 2 problems
2026-10-08T15:35:41.2037990Z   2025-08-18: 2 problems
2026-10-08T15:35:41.5629706Z   2025-08-16: 2 problems
2026-10-08T15:35:41.9456073Z   2025-08-15: 2 problems
2026-10-08T15:35:42.3065380Z   2025-08-14: 2 problems
2026-10-08T15:35:42.6826593Z   2025-08-13: 2 problems
2026-10-08T15:35:43.0643228Z   2025-08-12: 2 problems
2026-10-08T15:35:43.4255488Z   2025-08-11: 2 problems
2026-10-08T15:35:43.8387346Z   2025-08-09: 2 problems
2026-10-08T15:35:44.2126363Z   2025-08-08: 2 problems
2026-10-08T15:35:44.5789580Z   2025-08-07: 2 problems
2026-10-08T15:35:45.0691973Z   2025-08-06: 2 problems
2026-10-08T15:35:45.4339193Z   2025-08-05: 2 problems
2026-10-08T15:35:45.7864306Z   2025-08-04: 2 problems
2026-10-08T15:35:46.2755999Z   2025-08-02: 2 problems
2026-10-08T15:35:46.6105687Z   2025-08-01: 2 problems
2026-10-08T15:35:46.9744853Z   2025-07-31: 2 problems
2026-10-08T15:35:47.3243567Z   2025-07-30: 2 problems
2026-10-08T15:35:47.6739330Z   2025-07-29: 2 problems
2026-10-08T15:35:48.0395495Z   2025-07-28: 2 problems
2026-10-08T15:35:48.3974793Z   2025-07-26: 2 problems
2026-10-08T15:35:48.7615930Z   2025-07-25: 2 problems
2026-10-08T15:35:49.1209283Z   2025-07-24: 2 problems
2026-10-08T15:35:49.5217059Z   2025-07-23: 2 problems
2026-10-08T15:35:50.0395901Z   2025-07-22: 2 problems
2026-10-08T15:35:50.4076105Z   2025-07-21: 2 problems
2026-10-08T15:35:50.9258306Z   2025-07-19: 2 problems
2026-10-08T15:35:51.2818300Z   2025-07-18: 2 problems
2026-10-08T15:35:51.7841824Z   2025-07-17: 2 problems
2026-10-08T15:35:52.1628244Z   2025-07-16: 2 problems
2026-10-08T15:35:52.6405477Z   2025-07-15: 2 problems
2026-10-08T15:35:53.0185054Z   2025-07-14: 2 problems
2026-10-08T15:35:53.3875858Z   2025-07-12: 2 problems
2026-10-08T15:35:53.7488040Z   2025-07-11: 2 problems
2026-10-08T15:35:54.1078991Z   2025-07-10: 2 problems
2026-10-08T15:35:54.4600626Z   2025-07-09: 2 problems
2026-10-08T15:35:54.8198235Z   2025-07-08: 2 problems
2026-10-08T15:35:55.1939678Z   2025-07-07: 2 problems
2026-10-08T15:35:55.5715515Z   2025-07-05: 2 problems
2026-10-08T15:35:55.9498003Z   2025-07-04: 2 problems
2026-10-08T15:35:56.3303542Z   2025-07-03: 2 problems
2026-10-08T15:35:56.7155093Z   2025-07-02: 2 problems
2026-10-08T15:35:57.0752294Z   2025-07-01: 2 problems
2026-10-08T15:35:57.5758918Z   2025-06-30: 2 problems
2026-10-08T15:35:58.2018549Z   2025-06-28: 2 problems
2026-10-08T15:35:58.7953461Z   2025-06-27: 2 problems
2026-10-08T15:35:59.1882736Z   2025-06-26: 2 problems
2026-10-08T15:35:59.7266564Z   2025-06-25: 2 problems
2026-10-08T15:36:00.4036091Z   2025-06-24: 2 problems
2026-10-08T15:36:00.7758291Z   2025-06-23: 2 problems
2026-10-08T15:36:01.0147751Z   2025-06-21: 2 problems
2026-10-08T15:36:01.5054842Z   2025-06-20: 2 problems
2026-10-08T15:36:01.9890101Z   2025-06-19: 2 problems
2026-10-08T15:36:02.4169831Z   2025-06-18: 2 problems
2026-10-08T15:36:02.8177316Z   2025-06-17: 2 problems
2026-10-08T15:36:03.3153053Z   2025-06-16: 2 problems
2026-10-08T15:36:03.7839881Z   2025-06-14: 2 problems
2026-10-08T15:36:04.3150288Z   2025-06-13: 2 problems
2026-10-08T15:36:04.7257743Z   2025-06-12: 2 problems
2026-10-08T15:36:05.1088240Z   2025-06-11: 2 problems
2026-10-08T15:36:05.4817253Z   2025-06-10: 2 problems
2026-10-08T15:36:05.8788974Z   2025-06-09: 2 problems
2026-10-08T15:36:06.3641231Z   2025-06-07: 2 problems
2026-10-08T15:36:06.7865021Z   2025-06-06: 2 problems
2026-10-08T15:36:07.1864987Z   2025-06-05: 2 problems
2026-10-08T15:36:07.5579124Z   2025-06-04: 2 problems
2026-10-08T15:36:08.0268726Z   2025-06-03: 2 problems
2026-10-08T15:36:08.5767876Z   2025-06-02: 2 problems
2026-10-08T15:36:08.9741445Z   2025-05-31: 2 problems
2026-10-08T15:36:09.3428357Z   2025-05-30: 2 problems
2026-10-08T15:36:09.7591574Z   2025-05-29: 2 problems
2026-10-08T15:36:10.1706425Z   2025-05-28: 2 problems
2026-10-08T15:36:10.7149212Z   2025-05-27: 2 problems
2026-10-08T15:36:11.1811789Z   2025-05-26: 2 problems
2026-10-08T15:36:11.5933962Z   2025-05-24: 2 problems
2026-10-08T15:36:12.0441547Z   2025-05-23: 2 problems
2026-10-08T15:36:12.4619426Z   2025-05-22: 2 problems
2026-10-08T15:36:12.9827277Z   2025-05-21: 2 problems
2026-10-08T15:36:13.3704023Z   2025-05-20: 2 problems
2026-10-08T15:36:13.8232321Z   2025-05-19: 2 problems
2026-10-08T15:36:14.2903086Z   2025-05-17: 2 problems
2026-10-08T15:36:14.6514681Z   2025-05-16: 2 problems
2026-10-08T15:36:15.1246941Z   2025-05-15: 2 problems
2026-10-08T15:36:15.4628121Z   2025-05-14: 2 problems
2026-10-08T15:36:15.9853724Z   2025-05-13: 2 problems
2026-10-08T15:36:16.3621376Z   2025-05-12: 2 problems
2026-10-08T15:36:16.7116973Z   2025-05-10: 2 problems
2026-10-08T15:36:17.0829222Z   2025-05-09: 2 problems
2026-10-08T15:36:17.5047665Z   2025-05-08: 2 problems
2026-10-08T15:36:17.8818465Z   2025-05-07: 2 problems
2026-10-08T15:36:18.2780052Z   2025-05-06: 2 problems
2026-10-08T15:36:18.6460586Z   2025-05-05: 2 problems
2026-10-08T15:36:19.0319028Z   2025-05-03: 2 problems
2026-10-08T15:36:19.3720372Z   2025-05-02: 2 problems
2026-10-08T15:36:19.7790790Z   2025-05-01: 2 problems
2026-10-08T15:36:20.1752964Z   2025-04-30: 2 problems
2026-10-08T15:36:20.5809463Z   2025-04-29: 2 problems
2026-10-08T15:36:20.9294881Z   2025-04-28: 2 problems
2026-10-08T15:36:21.3077817Z   2025-04-26: 2 problems
2026-10-08T15:36:21.6524152Z   2025-04-25: 2 problems
2026-10-08T15:36:22.0433990Z   2025-04-24: 2 problems
2026-10-08T15:36:22.4271066Z   2025-04-23: 2 problems
2026-10-08T15:36:22.7633942Z   2025-04-22: 2 problems
2026-10-08T15:36:23.1521650Z   2025-04-21: 2 problems
2026-10-08T15:36:23.5407985Z   2025-04-19: 2 problems
2026-10-08T15:36:23.9129989Z   2025-04-18: 2 problems
2026-10-08T15:36:24.2486396Z   2025-04-17: 2 problems
2026-10-08T15:36:24.5686925Z   2025-04-16: 2 problems
2026-10-08T15:36:24.9140627Z   2025-04-15: 2 problems
2026-10-08T15:36:25.2525914Z   2025-04-14: 2 problems
2026-10-08T15:36:25.6179472Z   2025-04-12: 2 problems
2026-10-08T15:36:25.9615416Z   2025-04-11: 2 problems
2026-10-08T15:36:26.3069944Z   2025-04-10: 2 problems
2026-10-08T15:36:26.7662609Z   2025-04-09: 2 problems
2026-10-08T15:36:27.1108630Z   2025-04-08: 2 problems
2026-10-08T15:36:27.4714883Z   2025-04-07: 2 problems
2026-10-08T15:36:27.8265877Z   2025-04-05: 2 problems
2026-10-08T15:36:28.2438166Z   2025-04-04: 2 problems
2026-10-08T15:36:28.5848360Z   2025-04-03: 2 problems
2026-10-08T15:36:28.9285831Z   2025-04-02: 2 problems
2026-10-08T15:36:29.3064401Z   2025-04-01: 2 problems
2026-10-08T15:36:29.8467329Z   2025-03-31: 2 problems
2026-10-08T15:36:30.2007864Z   2025-03-29: 2 problems
2026-10-08T15:36:30.6619527Z   2025-03-28: 2 problems
2026-10-08T15:36:31.0010836Z   2025-03-27: 2 problems
2026-10-08T15:36:31.4260177Z   2025-03-26: 2 problems
2026-10-08T15:36:31.7569240Z   2025-03-25: 2 problems
2026-10-08T15:36:32.1175717Z   2025-03-24: 2 problems
2026-10-08T15:36:32.4787038Z   2025-03-22: 2 problems
2026-10-08T15:36:32.8430381Z   2025-03-21: 2 problems
2026-10-08T15:36:33.1660638Z   2025-03-20: 2 problems
2026-10-08T15:36:33.7304557Z   2025-03-19: 2 problems
2026-10-08T15:36:34.0432471Z   2025-03-18: 2 problems
2026-10-08T15:36:34.3713994Z   2025-03-17: 2 problems
2026-10-08T15:36:34.7177249Z   2025-03-15: 2 problems
2026-10-08T15:36:35.0785560Z   2025-03-14: 2 problems
2026-10-08T15:36:35.4221211Z   2025-03-13: 2 problems
2026-10-08T15:36:35.8774182Z   2025-03-12: 2 problems
2026-10-08T15:36:36.2114334Z   2025-03-11: 2 problems
2026-10-08T15:36:36.5723913Z   2025-03-10: 2 problems
2026-10-08T15:36:36.9187084Z   2025-03-08: 2 problems
2026-10-08T15:36:37.2702120Z   2025-03-07: 2 problems
2026-10-08T15:36:37.6097973Z   2025-03-06: 2 problems
2026-10-08T15:36:38.1081269Z   2025-03-05: 2 problems
2026-10-08T15:36:38.4454045Z   2025-03-04: 2 problems
2026-10-08T15:36:38.8870891Z   2025-03-03: 2 problems
2026-10-08T15:36:39.4574320Z   2025-03-01: 2 problems
2026-10-08T15:36:39.8163470Z   2025-02-28: 2 problems
2026-10-08T15:36:40.1691970Z   2025-02-27: 2 problems
2026-10-08T15:36:40.6182309Z   2025-02-26: 2 problems
2026-10-08T15:36:40.9448419Z   2025-02-25: 2 problems
2026-10-08T15:36:41.2710202Z   2025-02-24: 2 problems
2026-10-08T15:36:41.5859029Z   2025-02-22: 2 problems
2026-10-08T15:36:41.9527620Z   2025-02-21: 2 problems
2026-10-08T15:36:42.4109915Z   2025-02-20: 2 problems
2026-10-08T15:36:42.7632346Z   2025-02-19: 2 problems
2026-10-08T15:36:43.1763238Z   2025-02-18: 2 problems
2026-10-08T15:36:43.5031676Z   2025-02-17: 2 problems
2026-10-08T15:36:43.8618432Z   2025-02-15: 2 problems
2026-10-08T15:36:44.1961471Z   2025-02-14: 2 problems
2026-10-08T15:36:44.6375186Z   2025-02-13: 2 problems
2026-10-08T15:36:44.9901551Z   2025-02-12: 2 problems
2026-10-08T15:36:45.3309042Z   2025-02-11: 2 problems
2026-10-08T15:36:45.6713839Z   2025-02-10: 2 problems
2026-10-08T15:36:45.9879271Z   2025-02-08: 2 problems
2026-10-08T15:36:46.3179199Z   2025-02-07: 2 problems
2026-10-08T15:36:46.6209005Z   2025-02-06: 2 problems
2026-10-08T15:36:46.9514454Z   2025-02-05: 2 problems
2026-10-08T15:36:47.4426219Z   2025-02-04: 2 problems
2026-10-08T15:36:47.9364125Z   2025-02-03: 2 problems
2026-10-08T15:36:48.2790048Z   2025-02-01: 2 problems
2026-10-08T15:36:48.5739137Z   2025-01-31: 2 problems
2026-10-08T15:36:48.9005874Z   2025-01-30: 2 problems
2026-10-08T15:36:49.2012183Z   2025-01-29: 2 problems
2026-10-08T15:36:49.4942983Z   2025-01-28: 2 problems
2026-10-08T15:36:49.8214092Z   2025-01-27: 2 problems
2026-10-08T15:36:50.1525372Z   2025-01-25: 2 problems
2026-10-08T15:36:50.4665644Z   2025-01-24: 2 problems
2026-10-08T15:36:50.7773833Z   2025-01-23: 2 problems
2026-10-08T15:36:51.0983633Z   2025-01-22: 2 problems
2026-10-08T15:36:51.4679429Z   2025-01-21: 2 problems
2026-10-08T15:36:51.7846622Z   2025-01-20: 2 problems
2026-10-08T15:36:52.1140697Z   2025-01-18: 2 problems
2026-10-08T15:36:52.4516290Z   2025-01-17: 2 problems
2026-10-08T15:36:52.7770656Z   2025-01-16: 2 problems
2026-10-08T15:36:53.1297880Z   2025-01-15: 2 problems
2026-10-08T15:36:53.4584720Z   2025-01-14: 2 problems
2026-10-08T15:36:53.7723620Z   2025-01-13: 2 problems
2026-10-08T15:36:54.1179093Z   2025-01-11: 2 problems
2026-10-08T15:36:54.4289983Z   2025-01-10: 2 problems
2026-10-08T15:36:54.7477906Z   2025-01-09: 2 problems
2026-10-08T15:36:55.0657119Z   2025-01-08: 2 problems
2026-10-08T15:36:55.3889096Z   2025-01-07: 2 problems
2026-10-08T15:36:55.7032788Z   2025-01-06: 2 problems
2026-10-08T15:36:56.0414532Z   2025-01-04: 2 problems
2026-10-08T15:36:56.3882919Z   2025-01-03: 2 problems
2026-10-08T15:36:56.7690322Z   2025-01-02: 2 problems
2026-10-08T15:36:57.0869157Z   2025-01-01: 2 problems
2026-10-08T15:36:57.4697766Z   2024-12-31: 2 problems
2026-10-08T15:36:57.7869123Z   2024-12-30: 2 problems
2026-10-08T15:36:58.1033187Z   2024-12-28: 2 problems
2026-10-08T15:36:58.4199432Z   2024-12-27: 2 problems
2026-10-08T15:36:58.7391871Z   2024-12-26: 2 problems
2026-10-08T15:36:59.0557367Z   2024-12-25: 2 problems
2026-10-08T15:36:59.4884453Z   2024-12-24: 2 problems
2026-10-08T15:37:00.0474179Z   2024-12-23: 2 problems
2026-10-08T15:37:00.5779320Z   2024-12-21: 2 problems
2026-10-08T15:37:01.0447374Z   2024-12-20: 2 problems
2026-10-08T15:37:01.4883516Z   2024-12-19: 2 problems
2026-10-08T15:37:02.0185904Z   2024-12-18: 2 problems
2026-10-08T15:37:02.3496235Z   2024-12-17: 2 problems
2026-10-08T15:37:02.6729552Z   2024-12-16: 2 problems
2026-10-08T15:37:02.9929295Z   2024-12-14: 2 problems
2026-10-08T15:37:03.3394427Z   2024-12-13: 2 problems
2026-10-08T15:37:03.7026094Z   2024-12-12: 2 problems
2026-10-08T15:37:04.0542662Z   2024-12-11: 2 problems
2026-10-08T15:37:04.3657611Z   2024-12-10: 2 problems
2026-10-08T15:37:04.7072042Z   2024-12-09: 2 problems
2026-10-08T15:37:05.0668828Z   2024-12-07: 2 problems
2026-10-08T15:37:05.3881446Z   2024-12-06: 2 problems
2026-10-08T15:37:05.7652483Z   2024-12-05: 2 problems
2026-10-08T15:37:06.4178898Z   2024-12-04: 2 problems
2026-10-08T15:37:06.7492847Z   2024-12-03: 2 problems
2026-10-08T15:37:07.2938342Z   2024-12-02: 2 problems
2026-10-08T15:37:07.7798969Z   2024-11-30: 2 problems
2026-10-08T15:37:08.0992741Z   2024-11-29: 2 problems
2026-10-08T15:37:08.6965319Z   2024-11-28: 2 problems
2026-10-08T15:37:09.0469628Z   2024-11-27: 2 problems
2026-10-08T15:37:09.4310109Z   2024-11-26: 2 problems
2026-10-08T15:37:09.7660947Z   2024-11-25: 2 problems
2026-10-08T15:37:10.3916108Z   2024-11-23: 2 problems
2026-10-08T15:37:10.7791927Z   2024-11-22: 2 problems
2026-10-08T15:37:11.0626979Z   2024-11-21: 2 problems
2026-10-08T15:37:11.4818633Z   2024-11-20: 2 problems
2026-10-08T15:37:11.8699042Z   2024-11-19: 2 problems
2026-10-08T15:37:12.3420486Z   2024-11-18: 2 problems
2026-10-08T15:37:12.7231891Z   2024-11-16: 2 problems
2026-10-08T15:37:13.2205239Z   2024-11-15: 2 problems
2026-10-08T15:37:13.7507751Z   2024-11-14: 2 problems
2026-10-08T15:37:14.2068886Z   2024-11-13: 2 problems
2026-10-08T15:37:14.6511624Z   2024-11-12: 2 problems
2026-10-08T15:37:15.0422573Z   2024-11-11: 2 problems
2026-10-08T15:37:15.4145816Z   2024-11-09: 2 problems
2026-10-08T15:37:15.9245681Z   2024-11-08: 2 problems
2026-10-08T15:37:16.2857677Z   2024-11-07: 2 problems
2026-10-08T15:37:16.6991575Z   2024-11-06: 2 problems
2026-10-08T15:37:17.0531783Z   2024-11-05: 2 problems
2026-10-08T15:37:17.4934469Z   2024-11-04: 2 problems
2026-10-08T15:37:17.8874245Z   2024-11-02: 2 problems
2026-10-08T15:37:18.2819007Z   2024-11-01: 2 problems
2026-10-08T15:37:18.7155955Z   2024-10-31: 2 problems
2026-10-08T15:37:19.1162998Z   2024-10-30: 2 problems
2026-10-08T15:37:19.4711651Z   2024-10-29: 2 problems
2026-10-08T15:37:19.8514834Z   2024-10-28: 2 problems
2026-10-08T15:37:20.2643580Z   2024-10-26: 2 problems
2026-10-08T15:37:20.6287391Z   2024-10-25: 2 problems
2026-10-08T15:37:21.0360064Z   2024-10-24: 2 problems
2026-10-08T15:37:21.4818863Z   2024-10-23: 2 problems
2026-10-08T15:37:21.8635495Z   2024-10-22: 2 problems
2026-10-08T15:37:22.2767786Z   2024-10-21: 2 problems
2026-10-08T15:37:22.7686911Z   2024-10-19: 2 problems
2026-10-08T15:37:23.2302644Z   2024-10-18: 2 problems
2026-10-08T15:37:23.7047617Z   2024-10-17: 2 problems
2026-10-08T15:37:24.0647158Z   2024-10-16: 2 problems
2026-10-08T15:37:24.5648492Z   2024-10-15: 2 problems
2026-10-08T15:37:24.9832641Z   2024-10-14: 2 problems
2026-10-08T15:37:25.4968265Z   2024-10-12: 2 problems
2026-10-08T15:37:26.2593175Z   2024-10-11: 2 problems
2026-10-08T15:37:26.6288125Z   2024-10-10: 2 problems
2026-10-08T15:37:27.1239274Z   2024-10-09: 2 problems
2026-10-08T15:37:27.5693076Z   2024-10-08: 2 problems
2026-10-08T15:37:28.1718391Z   2024-10-07: 2 problems
2026-10-08T15:37:28.6037290Z   2024-10-05: 2 problems
2026-10-08T15:37:29.2084916Z   2024-10-04: 2 problems
2026-10-08T15:37:29.6141501Z   2024-10-03: 2 problems
2026-10-08T15:37:29.9847967Z   2024-10-02: 2 problems
2026-10-08T15:37:30.3789969Z   2024-10-01: 2 problems
2026-10-08T15:37:31.1294270Z   2024-09-30: 2 problems
2026-10-08T15:37:31.4955866Z   2024-09-28: 2 problems
2026-10-08T15:37:31.9907789Z   2024-09-27: 2 problems
2026-10-08T15:37:32.3646147Z   2024-09-26: 2 problems
2026-10-08T15:37:33.0059682Z   2024-09-25: 2 problems
2026-10-08T15:37:33.5346034Z   2024-09-24: 2 problems
2026-10-08T15:37:34.0900843Z   2024-09-23: 2 problems
2026-10-08T15:37:34.4370475Z   2024-09-21: 2 problems
2026-10-08T15:37:34.9281272Z   2024-09-20: 2 problems
2026-10-08T15:37:35.3604356Z   2024-09-19: 2 problems
2026-10-08T15:37:35.8019678Z   2024-09-18: 2 problems
2026-10-08T15:37:36.1869832Z   2024-09-17: 2 problems
2026-10-08T15:37:36.5742921Z   2024-09-16: 2 problems
2026-10-08T15:37:36.9563143Z   2024-09-14: 2 problems
2026-10-08T15:37:37.4101287Z   2024-09-13: 2 problems
2026-10-08T15:37:38.0138633Z   2024-09-12: 2 problems
2026-10-08T15:37:38.6982018Z   2024-09-11: 2 problems
2026-10-08T15:37:39.1679215Z   2024-09-10: 2 problems
2026-10-08T15:37:39.6229158Z   2024-09-09: 2 problems
2026-10-08T15:37:40.0981852Z   2024-09-07: 2 problems
2026-10-08T15:37:40.4872163Z   2024-09-06: 2 problems
2026-10-08T15:37:40.8252327Z   2024-09-05: 2 problems
2026-10-08T15:37:41.1670591Z   2024-09-04: 2 problems
2026-10-08T15:37:41.5384860Z   2024-09-03: 2 problems
2026-10-08T15:37:41.9186280Z   2024-09-02: 2 problems
2026-10-08T15:37:42.2588705Z   2024-08-31: 2 problems
2026-10-08T15:37:42.7382065Z   2024-08-30: 2 problems
2026-10-08T15:37:43.0860749Z   2024-08-29: 2 problems
2026-10-08T15:37:43.6340975Z   2024-08-28: 2 problems
2026-10-08T15:37:44.0886675Z   2024-08-27: 2 problems
2026-10-08T15:37:44.6520747Z   2024-08-26: 2 problems
2026-10-08T15:37:45.2714024Z   2024-08-24: 2 problems
2026-10-08T15:37:45.6039637Z   2024-08-23: 2 problems
2026-10-08T15:37:46.0554138Z   2024-08-22: 2 problems
2026-10-08T15:37:46.4177567Z   2024-08-21: 2 problems
2026-10-08T15:37:46.8185867Z   2024-08-20: 2 problems
2026-10-08T15:37:47.1447140Z   2024-08-19: 2 problems
2026-10-08T15:37:47.5876227Z   2024-08-17: 2 problems
2026-10-08T15:37:48.0247937Z   2024-08-16: 2 problems
2026-10-08T15:37:48.5057867Z   2024-08-15: 2 problems
2026-10-08T15:37:48.8689599Z   2024-08-14: 2 problems
2026-10-08T15:37:49.3998130Z   2024-08-13: 2 problems
2026-10-08T15:37:49.9055589Z   2024-08-12: 2 problems
2026-10-08T15:37:50.3173982Z   2024-08-10: 2 problems
2026-10-08T15:37:50.7039438Z   2024-08-09: 2 problems
2026-10-08T15:37:51.1086660Z   2024-08-08: 2 problems
2026-10-08T15:37:51.4644624Z   2024-08-07: 2 problems
2026-10-08T15:37:51.8503327Z   2024-08-06: 2 problems
2026-10-08T15:37:52.2241447Z   2024-08-05: 2 problems
2026-10-08T15:37:52.6153784Z   2024-08-03: 2 problems
2026-10-08T15:37:52.9520792Z   2024-08-02: 2 problems
2026-10-08T15:37:53.2817726Z   2024-08-01: 2 problems
2026-10-08T15:37:53.6263296Z   2024-07-31: 2 problems
2026-10-08T15:37:53.9847011Z   2024-07-30: 2 problems
2026-10-08T15:37:54.3350680Z   2024-07-29: 2 problems
2026-10-08T15:37:54.6739122Z   2024-07-27: 2 problems
2026-10-08T15:37:55.0512686Z   2024-07-26: 2 problems
2026-10-08T15:37:55.3994028Z   2024-07-25: 2 problems
2026-10-08T15:37:55.7927755Z   2024-07-24: 2 problems
2026-10-08T15:37:56.1695954Z   2024-07-23: 2 problems
2026-10-08T15:37:56.5090031Z   2024-07-22: 2 problems
2026-10-08T15:37:56.8509161Z   2024-07-20: 2 problems
2026-10-08T15:37:57.1818058Z   2024-07-19: 2 problems
2026-10-08T15:37:57.5289074Z   2024-07-18: 2 problems
2026-10-08T15:37:57.8842755Z   2024-07-17: 2 problems
2026-10-08T15:37:58.2424671Z   2024-07-16: 2 problems
2026-10-08T15:37:58.5757578Z   2024-07-15: 2 problems
2026-10-08T15:37:58.9267077Z   2024-07-13: 2 problems
2026-10-08T15:37:59.1655296Z   2024-07-12: 2 problems
2026-10-08T15:37:59.4810440Z   2024-07-11: 2 problems
2026-10-08T15:38:00.0065602Z   2024-07-10: 2 problems
2026-10-08T15:38:00.3523344Z   2024-07-09: 2 problems
2026-10-08T15:38:00.6843371Z   2024-07-08: 2 problems
2026-10-08T15:38:01.1255752Z   2024-07-06: 2 problems
2026-10-08T15:38:01.4638317Z   2024-07-05: 2 problems
2026-10-08T15:38:01.7946401Z   2024-07-04: 2 problems
2026-10-08T15:38:02.1227611Z   2024-07-03: 2 problems
2026-10-08T15:38:02.5841267Z   2024-07-02: 2 problems
2026-10-08T15:38:02.9346908Z   2024-07-01: 2 problems
2026-10-08T15:38:03.2992588Z   2024-06-29: 2 problems
2026-10-08T15:38:03.7412541Z   2024-06-28: 2 problems
2026-10-08T15:38:04.1214871Z   2024-06-27: 2 problems
2026-10-08T15:38:04.4675210Z   2024-06-26: 2 problems
2026-10-08T15:38:04.8119832Z   2024-06-25: 2 problems
2026-10-08T15:38:05.1387195Z   2024-06-24: 2 problems
2026-10-08T15:38:05.5148234Z   2024-06-22: 2 problems
2026-10-08T15:38:05.8308310Z   2024-06-21: 2 problems
2026-10-08T15:38:06.1570585Z   2024-06-20: 2 problems
2026-10-08T15:38:06.5084369Z   2024-06-19: 2 problems
2026-10-08T15:38:06.8500141Z   2024-06-18: 2 problems
2026-10-08T15:38:07.1732038Z   2024-06-17: 2 problems
2026-10-08T15:38:07.5029311Z   2024-06-15: 2 problems
2026-10-08T15:38:08.0471692Z   2024-06-14: 2 problems
2026-10-08T15:38:08.7310835Z   2024-06-13: 2 problems
2026-10-08T15:38:09.1929297Z   2024-06-12: 2 problems
2026-10-08T15:38:09.5594795Z   2024-06-11: 2 problems
2026-10-08T15:38:09.8994647Z   2024-06-10: 2 problems
2026-10-08T15:38:10.2250634Z   2024-06-08: 2 problems
2026-10-08T15:38:10.6732093Z   2024-06-07: 2 problems
2026-10-08T15:38:11.1604920Z   2024-06-06: 2 problems
2026-10-08T15:38:11.4729986Z   2024-06-05: 2 problems
2026-10-08T15:38:11.7912728Z   2024-06-04: 2 problems
2026-10-08T15:38:12.1218006Z   2024-06-03: 2 problems
2026-10-08T15:38:12.5813299Z   2024-06-01: 2 problems
2026-10-08T15:38:12.8990655Z   2024-05-31: 2 problems
2026-10-08T15:38:13.2525580Z   2024-05-30: 2 problems
2026-10-08T15:38:13.6131752Z   2024-05-29: 2 problems
2026-10-08T15:38:13.9093561Z   2024-05-28: 2 problems
2026-10-08T15:38:14.4291505Z   2024-05-27: 2 problems
2026-10-08T15:38:14.7403055Z   2024-05-25: 2 problems
2026-10-08T15:38:15.0855406Z   2024-05-24: 2 problems
2026-10-08T15:38:15.4355996Z   2024-05-23: 2 problems
2026-10-08T15:38:15.7557875Z   2024-05-22: 2 problems
2026-10-08T15:38:16.1190453Z   2024-05-21: 2 problems
2026-10-08T15:38:16.4691013Z   2024-05-20: 2 problems
2026-10-08T15:38:16.7834166Z   2024-05-18: 2 problems
2026-10-08T15:38:17.0958842Z   2024-05-17: 2 problems
2026-10-08T15:38:17.4485303Z   2024-05-16: 2 problems
2026-10-08T15:38:17.8937132Z   2024-05-15: 2 problems
2026-10-08T15:38:18.2649293Z   2024-05-14: 2 problems
2026-10-08T15:38:18.6243513Z   2024-05-13: 2 problems
2026-10-08T15:38:19.0612523Z   2024-05-11: 2 problems
2026-10-08T15:38:19.4077203Z   2024-05-10: 2 problems
2026-10-08T15:38:19.7714632Z   2024-05-09: 2 problems
2026-10-08T15:38:20.1156412Z   2024-05-08: 2 problems
2026-10-08T15:38:20.4822175Z   2024-05-07: 2 problems
2026-10-08T15:38:20.8333179Z   2024-05-06: 2 problems
2026-10-08T15:38:21.1697801Z   2024-05-04: 2 problems
2026-10-08T15:38:21.4820046Z   2024-05-03: 2 problems
2026-10-08T15:38:21.8297932Z   2024-05-02: 2 problems
2026-10-08T15:38:22.1578712Z   2024-05-01: 2 problems
2026-10-08T15:38:22.4948149Z   2024-04-30: 2 problems
2026-10-08T15:38:22.9493017Z   2024-04-29: 2 problems
2026-10-08T15:38:23.2753973Z   2024-04-27: 2 problems
2026-10-08T15:38:23.5970818Z   2024-04-26: 2 problems
2026-10-08T15:38:23.9398120Z   2024-04-25: 2 problems
2026-10-08T15:38:24.2577997Z   2024-04-24: 2 problems
2026-10-08T15:38:24.6260399Z   2024-04-23: 2 problems
2026-10-08T15:38:25.0272158Z   2024-04-22: 2 problems
2026-10-08T15:38:25.3851245Z   2024-04-20: 2 problems
2026-10-08T15:38:25.7507008Z   2024-04-19: 2 problems
2026-10-08T15:38:26.0744753Z   2024-04-18: 2 problems
2026-10-08T15:38:26.4142321Z   2024-04-17: 2 problems
2026-10-08T15:38:26.8463847Z   2024-04-16: 2 problems
2026-10-08T15:38:27.2611545Z   2024-04-15: 2 problems
2026-10-08T15:38:27.5728881Z   2024-04-13: 2 problems
2026-10-08T15:38:27.9089912Z   2024-04-12: 2 problems
2026-10-08T15:38:28.2346425Z   2024-04-11: 2 problems
2026-10-08T15:38:28.5417152Z   2024-04-10: 2 problems
2026-10-08T15:38:28.8595749Z   2024-04-09: 2 problems
2026-10-08T15:38:29.2044992Z   2024-04-08: 2 problems
2026-10-08T15:38:29.5510891Z   2024-04-06: 2 problems
2026-10-08T15:38:29.8942831Z   2024-04-05: 2 problems
2026-10-08T15:38:30.3347315Z   2024-04-04: 2 problems
2026-10-08T15:38:30.7762597Z   2024-04-03: 2 problems
2026-10-08T15:38:31.1240792Z   2024-04-02: 2 problems
2026-10-08T15:38:31.5682338Z   2024-04-01: 2 problems
2026-10-08T15:38:31.8649607Z   2024-03-30: 2 problems
2026-10-08T15:38:32.2915014Z   2024-03-29: 2 problems
2026-10-08T15:38:32.6143366Z   2024-03-28: 2 problems
2026-10-08T15:38:33.0381766Z   2024-03-27: 2 problems
2026-10-08T15:38:33.3729013Z   2024-03-26: 2 problems
2026-10-08T15:38:33.7035040Z   2024-03-25: 2 problems
2026-10-08T15:38:34.0970286Z   2024-03-23: 2 problems
2026-10-08T15:38:34.4135079Z   2024-03-22: 2 problems
2026-10-08T15:38:34.7258907Z   2024-03-21: 2 problems
2026-10-08T15:38:35.0260268Z   2024-03-20: 2 problems
2026-10-08T15:38:35.3185793Z   2024-03-19: 2 problems
2026-10-08T15:38:35.6452190Z   2024-03-18: 2 problems
2026-10-08T15:38:35.9802087Z   2024-03-16: 2 problems
2026-10-08T15:38:36.4374352Z   2024-03-15: 2 problems
2026-10-08T15:38:36.7462517Z   2024-03-14: 2 problems
2026-10-08T15:38:37.1244075Z   2024-03-13: 2 problems
2026-10-08T15:38:37.4574129Z   2024-03-12: 2 problems
2026-10-08T15:38:37.7878524Z   2024-03-11: 2 problems
2026-10-08T15:38:38.2485434Z   2024-03-09: 2 problems
2026-10-08T15:38:38.7258474Z   2024-03-08: 2 problems
2026-10-08T15:38:39.1032490Z   2024-03-07: 2 problems
2026-10-08T15:38:39.4215817Z   2024-03-06: 2 problems
2026-10-08T15:38:39.8763344Z   2024-03-05: 2 problems
2026-10-08T15:38:40.2996445Z   2024-03-04: 2 problems
2026-10-08T15:38:40.6727496Z   2024-03-02: 2 problems
2026-10-08T15:38:41.1602449Z   2024-03-01: 2 problems
2026-10-08T15:38:41.6627240Z   2024-02-29: 2 problems
2026-10-08T15:38:41.9886597Z   2024-02-28: 2 problems
2026-10-08T15:38:42.3244539Z   2024-02-27: 2 problems
2026-10-08T15:38:42.7064964Z   2024-02-26: 2 problems
2026-10-08T15:38:42.7066635Z Building categories...
2026-10-08T15:38:45.8655094Z Wrote /home/runner/work/ys_problem_web/ys_problem_web/data/daily.json (818 days, 21 categories).
2026-10-08T15:38:45.8655591Z Syncing leaderboard (records.js from gh-pages)...
2026-10-08T15:38:46.0019099Z   ✓ 362 players, data through 2026-10-07
2026-10-08T15:38:46.0019521Z LEADERBOARD-SYNC {"changed":true,"players":362,"currentDate":"2026-10-07"}
2026-10-08T15:38:46.0147912Z ##[group]Run xvfb-run -a node scripts/fetch-statements.mjs --limit 4 --delay 6000
2026-10-08T15:38:46.0148350Z [36;1mxvfb-run -a node scripts/fetch-statements.mjs --limit 4 --delay 6000[0m
2026-10-08T15:38:46.0199024Z shell: /usr/bin/bash -e {0}
2026-10-08T15:38:46.0199159Z env:
2026-10-08T15:38:46.0199274Z   CF_START_MODE: chrome-headful
2026-10-08T15:38:46.0199406Z ##[endgroup]
2026-10-08T15:38:46.1763540Z Statements on disk: 1605; missing in archive: 28; needs limits: 0; fetching: 4
2026-10-08T15:38:48.4753193Z   [1/4] ✓ GYM102307C — C. Common Subsequence (2 samples)
2026-10-08T15:38:57.1388835Z   [2/4] ✓ GYM102319A — A. Andrew and Efficient Change (2 samples)
2026-10-08T15:39:12.0445288Z   [3/4] ✗ GYM106259I — fetch/parse failed
2026-10-08T15:39:19.9587075Z   2 consecutive failures — cooling down 240s…
2026-10-08T15:43:21.1435802Z   [4/4] ✗ GYM105746C — fetch/parse failed
2026-10-08T15:43:21.2173863Z 
2026-10-08T15:43:21.2174499Z Done: 2 saved, 2 failed.
2026-10-08T15:43:21.2176525Z Failed codes (rerun this script to retry):
2026-10-08T15:43:21.2177229Z   GYM106259I, GYM105746C
2026-10-08T15:43:21.3327177Z ##[group]Run OUT=$(xvfb-run -a node scripts/repair-zsmj.mjs --limit 200 --delay 6000)
2026-10-08T15:43:21.3327498Z [36;1mOUT=$(xvfb-run -a node scripts/repair-zsmj.mjs --limit 200 --delay 6000)[0m
2026-10-08T15:43:21.3327701Z [36;1mecho "$OUT"[0m
2026-10-08T15:43:21.3327898Z [36;1mREPAIRED=$(echo "$OUT" | grep -oE 'Done: [0-9]+ repaired' | grep -oE '[0-9]+' || echo 0)[0m
2026-10-08T15:43:21.3328194Z [36;1mREMAINING=$(grep -l '%%ZSMJ' data/statements/*.json 2>/dev/null | wc -l | tr -d ' ')[0m
2026-10-08T15:43:21.3328439Z [36;1mecho "repaired=$REPAIRED" >> "$GITHUB_OUTPUT"[0m
2026-10-08T15:43:21.3328626Z [36;1mecho "remaining=$REMAINING" >> "$GITHUB_OUTPUT"[0m
2026-10-08T15:43:21.3378591Z shell: /usr/bin/bash -e {0}
2026-10-08T15:43:21.3378723Z env:
2026-10-08T15:43:21.3378834Z   CF_START_MODE: chrome-headful
2026-10-08T15:43:21.3378968Z ##[endgroup]
2026-10-08T15:43:21.5367790Z Statements to repair: 0
2026-10-08T15:43:21.5507581Z ##[group]Run CF_STATEMENTS=0 TRANSLATE=0 node scripts/update-data.mjs
2026-10-08T15:43:21.5507846Z [36;1mCF_STATEMENTS=0 TRANSLATE=0 node scripts/update-data.mjs[0m
2026-10-08T15:43:21.5558372Z shell: /usr/bin/bash -e {0}
2026-10-08T15:43:21.5558518Z ##[endgroup]
2026-10-08T15:43:21.5861446Z (node:3487) [MODULE_TYPELESS_PACKAGE_JSON] Warning: Module type of file:///home/runner/work/ys_problem_web/ys_problem_web/lib/records.js is not specified and it doesn't parse as CommonJS.
2026-10-08T15:43:21.5862039Z Reparsing as ES module because module syntax was detected. This incurs a performance overhead.
2026-10-08T15:43:21.5862387Z To eliminate this warning, add "type": "module" to /home/runner/work/ys_problem_web/ys_problem_web/package.json.
2026-10-08T15:43:21.5862713Z (Use `node --trace-warnings ...` to show where the warning was created)
2026-10-08T15:43:21.6438690Z Discovering daily problem folders...
2026-10-08T15:43:22.7533705Z Found 818 days, syncing the most recent 818.
2026-10-08T15:43:23.2024482Z   2026-10-09: 2 problems
2026-10-08T15:43:23.4570417Z   2026-10-08: 2 problems
2026-10-08T15:43:23.7739482Z   2026-10-07: 2 problems
2026-10-08T15:43:23.9978567Z   2026-10-06: 2 problems
2026-10-08T15:43:24.2296305Z   2026-10-05: 2 problems
2026-10-08T15:43:24.6684306Z   2026-10-03: 2 problems
2026-10-08T15:43:24.9088362Z   2026-10-02: 2 problems
2026-10-08T15:43:25.1421528Z   2026-10-01: 2 problems
2026-10-08T15:43:25.3863329Z   2026-09-30: 2 problems
2026-10-08T15:43:25.6335796Z   2026-09-29: 2 problems
2026-10-08T15:43:25.8742159Z   2026-09-28: 2 problems
2026-10-08T15:43:26.1246215Z   2026-09-26: 2 problems
2026-10-08T15:43:26.3551201Z   2026-09-25: 2 problems
2026-10-08T15:43:26.5971997Z   2026-09-24: 2 problems
2026-10-08T15:43:26.8278034Z   2026-09-23: 2 problems
2026-10-08T15:43:27.0881614Z   2026-09-22: 2 problems
2026-10-08T15:43:27.3912645Z   2026-09-21: 2 problems
2026-10-08T15:43:27.6432371Z   2026-09-19: 2 problems
2026-10-08T15:43:27.8913290Z   2026-09-18: 2 problems
2026-10-08T15:43:28.1456145Z   2026-09-17: 2 problems
2026-10-08T15:43:28.3671464Z   2026-09-16: 2 problems
2026-10-08T15:43:28.5906345Z   2026-09-15: 2 problems
2026-10-08T15:43:28.7479552Z   2026-09-14: 2 problems
2026-10-08T15:43:28.9755614Z   2026-09-12: 2 problems
2026-10-08T15:43:29.2067450Z   2026-09-11: 2 problems
2026-10-08T15:43:29.4524637Z   2026-09-10: 2 problems
2026-10-08T15:43:29.6905288Z   2026-09-09: 2 problems
2026-10-08T15:43:29.9251174Z   2026-09-08: 2 problems
2026-10-08T15:43:30.1520530Z   2026-09-07: 2 problems
2026-10-08T15:43:30.4107210Z   2026-09-05: 2 problems
2026-10-08T15:43:30.6223922Z   2026-09-04: 2 problems
2026-10-08T15:43:30.8359851Z   2026-09-03: 2 problems
2026-10-08T15:43:31.0454646Z   2026-09-02: 2 problems
2026-10-08T15:43:31.2735661Z   2026-09-01: 2 problems
2026-10-08T15:43:31.5002357Z   2026-08-31: 2 problems
2026-10-08T15:43:31.7410098Z   2026-08-29: 2 problems
2026-10-08T15:43:31.9484918Z   2026-08-28: 2 problems
2026-10-08T15:43:32.1740475Z   2026-08-27: 2 problems
2026-10-08T15:43:32.3883524Z   2026-08-26: 2 problems
2026-10-08T15:43:32.5965597Z   2026-08-25: 2 problems
2026-10-08T15:43:32.8027029Z   2026-08-24: 2 problems
2026-10-08T15:43:33.0257882Z   2026-08-22: 2 problems
2026-10-08T15:43:33.2790079Z   2026-08-21: 2 problems
2026-10-08T15:43:33.5781731Z   2026-08-20: 2 problems
2026-10-08T15:43:33.7830639Z   2026-08-19: 2 problems
2026-10-08T15:43:34.0090290Z   2026-08-18: 2 problems
2026-10-08T15:43:34.2377702Z   2026-08-17: 2 problems
2026-10-08T15:43:34.4550269Z   2026-08-15: 2 problems
2026-10-08T15:43:34.6829862Z   2026-08-14: 2 problems
2026-10-08T15:43:34.9267129Z   2026-08-13: 2 problems
2026-10-08T15:43:35.1527087Z   2026-08-12: 2 problems
2026-10-08T15:43:35.4284968Z   2026-08-11: 2 problems
2026-10-08T15:43:35.6958070Z   2026-08-10: 2 problems
2026-10-08T15:43:35.8985201Z   2026-08-08: 2 problems
2026-10-08T15:43:36.1210914Z   2026-08-07: 2 problems
2026-10-08T15:43:36.5284590Z   2026-08-06: 2 problems
2026-10-08T15:43:36.7724260Z   2026-08-05: 2 problems
2026-10-08T15:43:37.0170569Z   2026-08-04: 2 problems
2026-10-08T15:43:37.2361431Z   2026-08-03: 2 problems
2026-10-08T15:43:37.4567043Z   2026-08-01: 2 problems
2026-10-08T15:43:37.5938350Z   2026-07-31: 2 problems
2026-10-08T15:43:37.8203241Z   2026-07-30: 2 problems
2026-10-08T15:43:38.0567095Z   2026-07-29: 2 problems
2026-10-08T15:43:38.2904970Z   2026-07-28: 2 problems
2026-10-08T15:43:38.5003144Z   2026-07-27: 2 problems
2026-10-08T15:43:38.7456623Z   2026-07-25: 2 problems
2026-10-08T15:43:38.9671672Z   2026-07-24: 2 problems
2026-10-08T15:43:39.1771864Z   2026-07-23: 2 problems
2026-10-08T15:43:39.4001183Z   2026-07-22: 2 problems
2026-10-08T15:43:39.7767227Z   2026-07-21: 2 problems
2026-10-08T15:43:39.9919962Z   2026-07-16: 2 problems
2026-10-08T15:43:40.2917495Z   2026-07-15: 2 problems
2026-10-08T15:43:40.5831588Z   2026-07-14: 2 problems
2026-10-08T15:43:40.8959170Z   2026-07-13: 2 problems
2026-10-08T15:43:41.1322731Z   2026-07-11: 2 problems
2026-10-08T15:43:41.4689433Z   2026-07-10: 2 problems
2026-10-08T15:43:41.7072116Z   2026-07-09: 2 problems
2026-10-08T15:43:41.9577549Z   2026-07-08: 2 problems
2026-10-08T15:43:42.2392200Z   2026-07-07: 2 problems
2026-10-08T15:43:42.4615577Z   2026-07-06: 2 problems
2026-10-08T15:43:42.6837130Z   2026-07-04: 2 problems
2026-10-08T15:43:42.9877648Z   2026-07-03: 2 problems
2026-10-08T15:43:43.2276040Z   2026-07-02: 2 problems
2026-10-08T15:43:43.5302522Z   2026-07-01: 2 problems
2026-10-08T15:43:43.7510886Z   2026-06-30: 2 problems
2026-10-08T15:43:44.0331324Z   2026-06-29: 2 problems
2026-10-08T15:43:44.3360755Z   2026-06-27: 2 problems
2026-10-08T15:43:44.6379809Z   2026-06-26: 2 problems
2026-10-08T15:43:44.8832071Z   2026-06-25: 2 problems
2026-10-08T15:43:45.1064087Z   2026-06-24: 2 problems
2026-10-08T15:43:45.7160275Z   2026-06-23: 2 problems
2026-10-08T15:43:46.0239168Z   2026-06-22: 2 problems
2026-10-08T15:43:46.1823451Z   2026-06-20: 1 problems
2026-10-08T15:43:46.4038723Z   2026-06-19: 2 problems
2026-10-08T15:43:46.7038916Z   2026-06-18: 2 problems
2026-10-08T15:43:46.9046970Z   2026-06-17: 2 problems
2026-10-08T15:43:47.1240021Z   2026-06-16: 2 problems
2026-10-08T15:43:47.3557282Z   2026-06-15: 2 problems
2026-10-08T15:43:47.6491911Z   2026-06-13: 2 problems
2026-10-08T15:43:47.8656460Z   2026-06-12: 2 problems
2026-10-08T15:43:48.0840850Z   2026-06-11: 2 problems
2026-10-08T15:43:48.2866381Z   2026-06-10: 2 problems
2026-10-08T15:43:48.4825980Z   2026-06-09: 2 problems
2026-10-08T15:43:48.7072533Z   2026-06-08: 2 problems
2026-10-08T15:43:48.9223651Z   2026-06-06: 2 problems
2026-10-08T15:43:49.1596585Z   2026-06-05: 2 problems
2026-10-08T15:43:49.3603097Z   2026-06-04: 2 problems
2026-10-08T15:43:49.4510297Z   2026-06-03: 2 problems
2026-10-08T15:43:49.6595636Z   2026-06-02: 2 problems
2026-10-08T15:43:49.8945667Z   2026-06-01: 2 problems
2026-10-08T15:43:50.1160329Z   2026-05-30: 2 problems
2026-10-08T15:43:50.3297373Z   2026-05-29: 2 problems
2026-10-08T15:43:50.5720061Z   2026-05-28: 2 problems
2026-10-08T15:43:50.7906518Z   2026-05-27: 2 problems
2026-10-08T15:43:50.9193467Z   2026-05-26: 2 problems
2026-10-08T15:43:51.1769305Z   2026-05-25: 2 problems
2026-10-08T15:43:51.4162260Z   2026-05-23: 2 problems
2026-10-08T15:43:51.6255285Z   2026-05-22: 2 problems
2026-10-08T15:43:51.8362711Z   2026-05-21: 2 problems
2026-10-08T15:43:52.0527037Z   2026-05-20: 2 problems
2026-10-08T15:43:52.2795230Z   2026-05-19: 2 problems
2026-10-08T15:43:52.5857951Z   2026-05-18: 2 problems
2026-10-08T15:43:52.8864640Z   2026-05-16: 2 problems
2026-10-08T15:43:53.0918829Z   2026-05-15: 2 problems
2026-10-08T15:43:53.5185998Z   2026-05-14: 2 problems
2026-10-08T15:43:53.7146070Z   2026-05-13: 2 problems
2026-10-08T15:43:54.0231893Z   2026-05-12: 2 problems
2026-10-08T15:43:54.2245590Z   2026-05-11: 2 problems
2026-10-08T15:43:54.4533514Z   2026-05-09: 2 problems
2026-10-08T15:43:54.6591219Z   2026-05-08: 2 problems
2026-10-08T15:43:54.8849734Z   2026-05-07: 2 problems
2026-10-08T15:43:55.2022625Z   2026-05-06: 2 problems
2026-10-08T15:43:55.4123720Z   2026-05-05: 2 problems
2026-10-08T15:43:55.6272002Z   2026-05-04: 2 problems
2026-10-08T15:43:55.8302322Z   2026-05-02: 2 problems
2026-10-08T15:43:56.0607099Z   2026-05-01: 2 problems
2026-10-08T15:43:56.2607213Z   2026-04-30: 2 problems
2026-10-08T15:43:56.4810364Z   2026-04-29: 2 problems
2026-10-08T15:43:56.8142142Z   2026-04-28: 2 problems
2026-10-08T15:43:57.0073809Z   2026-04-27: 2 problems
2026-10-08T15:43:57.2142475Z   2026-04-25: 2 problems
2026-10-08T15:43:57.3961171Z   2026-04-24: 2 problems
2026-10-08T15:43:57.6273686Z   2026-04-23: 2 problems
2026-10-08T15:43:57.8343338Z   2026-04-22: 2 problems
2026-10-08T15:43:58.1070772Z   2026-04-21: 2 problems
2026-10-08T15:43:58.2997252Z   2026-04-20: 2 problems
2026-10-08T15:43:58.5262435Z   2026-04-18: 2 problems
2026-10-08T15:43:58.7419856Z   2026-04-17: 2 problems
2026-10-08T15:43:58.9309294Z   2026-04-16: 2 problems
2026-10-08T15:43:59.1259924Z   2026-04-15: 2 problems
2026-10-08T15:43:59.4041266Z   2026-04-14: 2 problems
2026-10-08T15:43:59.6027974Z   2026-04-13: 2 problems
2026-10-08T15:43:59.8166833Z   2026-04-11: 2 problems
2026-10-08T15:44:00.0101275Z   2026-04-10: 2 problems
2026-10-08T15:44:00.2307036Z   2026-04-09: 2 problems
2026-10-08T15:44:00.3607581Z   2026-04-08: 2 problems
2026-10-08T15:44:00.5585570Z   2026-04-07: 2 problems
2026-10-08T15:44:00.7862840Z   2026-04-06: 2 problems
2026-10-08T15:44:01.0148746Z   2026-04-04: 2 problems
2026-10-08T15:44:01.2212143Z   2026-04-03: 2 problems
2026-10-08T15:44:01.4254971Z   2026-04-02: 2 problems
2026-10-08T15:44:01.6558155Z   2026-04-01: 2 problems
2026-10-08T15:44:01.8867041Z   2026-03-31: 2 problems
2026-10-08T15:44:02.0941834Z   2026-03-30: 2 problems
2026-10-08T15:44:02.5221657Z   2026-03-28: 2 problems
2026-10-08T15:44:02.7245186Z   2026-03-27: 2 problems
2026-10-08T15:44:02.9559866Z   2026-03-26: 2 problems
2026-10-08T15:44:03.1511219Z   2026-03-25: 2 problems
2026-10-08T15:44:03.3525835Z   2026-03-24: 2 problems
2026-10-08T15:44:03.6252742Z   2026-03-23: 2 problems
2026-10-08T15:44:03.8455991Z   2026-03-21: 2 problems
2026-10-08T15:44:04.0561191Z   2026-03-20: 2 problems
2026-10-08T15:44:04.2675459Z   2026-03-19: 2 problems
2026-10-08T15:44:04.4915553Z   2026-03-18: 2 problems
2026-10-08T15:44:04.7084640Z   2026-03-17: 2 problems
2026-10-08T15:44:04.9342068Z   2026-03-16: 2 problems
2026-10-08T15:44:05.1409697Z   2026-03-14: 2 problems
2026-10-08T15:44:05.3523441Z   2026-03-13: 2 problems
2026-10-08T15:44:05.5582745Z   2026-03-12: 2 problems
2026-10-08T15:44:05.7595855Z   2026-03-11: 2 problems
2026-10-08T15:44:05.9881262Z   2026-03-10: 2 problems
2026-10-08T15:44:06.2062017Z   2026-03-09: 2 problems
2026-10-08T15:44:06.4250586Z   2026-03-07: 2 problems
2026-10-08T15:44:06.6459307Z   2026-03-06: 2 problems
2026-10-08T15:44:06.8695428Z   2026-03-05: 2 problems
2026-10-08T15:44:07.0894784Z   2026-03-04: 2 problems
2026-10-08T15:44:07.3720349Z   2026-03-03: 2 problems
2026-10-08T15:44:07.6467376Z   2026-03-02: 2 problems
2026-10-08T15:44:07.8825925Z   2026-02-28: 2 problems
2026-10-08T15:44:08.0780239Z   2026-02-27: 2 problems
2026-10-08T15:44:08.2869677Z   2026-02-26: 2 problems
2026-10-08T15:44:08.4858826Z   2026-02-25: 2 problems
2026-10-08T15:44:08.7547660Z   2026-02-24: 2 problems
2026-10-08T15:44:09.0432271Z   2026-02-23: 2 problems
2026-10-08T15:44:09.2588727Z   2026-02-21: 2 problems
2026-10-08T15:44:09.5640470Z   2026-02-20: 2 problems
2026-10-08T15:44:09.8647585Z   2026-02-19: 2 problems
2026-10-08T15:44:10.2649267Z   2026-02-18: 2 problems
2026-10-08T15:44:10.4926503Z   2026-02-17: 2 problems
2026-10-08T15:44:10.7159906Z   2026-02-16: 2 problems
2026-10-08T15:44:10.9615864Z   2026-02-14: 2 problems
2026-10-08T15:44:11.1850263Z   2026-02-13: 2 problems
2026-10-08T15:44:11.4663352Z   2026-02-12: 2 problems
2026-10-08T15:44:11.6990645Z   2026-02-11: 2 problems
2026-10-08T15:44:11.9404096Z   2026-02-10: 2 problems
2026-10-08T15:44:12.1513607Z   2026-02-09: 2 problems
2026-10-08T15:44:12.3788948Z   2026-02-07: 2 problems
2026-10-08T15:44:12.5897595Z   2026-02-06: 2 problems
2026-10-08T15:44:12.8067554Z   2026-02-05: 2 problems
2026-10-08T15:44:13.0514062Z   2026-02-04: 2 problems
2026-10-08T15:44:13.2516224Z   2026-02-03: 2 problems
2026-10-08T15:44:13.4792990Z   2026-02-02: 2 problems
2026-10-08T15:44:13.7022434Z   2026-01-31: 2 problems
2026-10-08T15:44:13.9621669Z   2026-01-30: 2 problems
2026-10-08T15:44:14.1767061Z   2026-01-29: 2 problems
2026-10-08T15:44:14.3929119Z   2026-01-28: 2 problems
2026-10-08T15:44:14.6292990Z   2026-01-27: 2 problems
2026-10-08T15:44:14.8610171Z   2026-01-26: 2 problems
2026-10-08T15:44:15.0974951Z   2026-01-24: 2 problems
2026-10-08T15:44:15.3032317Z   2026-01-23: 2 problems
2026-10-08T15:44:15.4510505Z   2026-01-22: 2 problems
2026-10-08T15:44:15.6725331Z   2026-01-21: 2 problems
2026-10-08T15:44:15.8760690Z   2026-01-20: 2 problems
2026-10-08T15:44:16.0951817Z   2026-01-19: 2 problems
2026-10-08T15:44:16.3124717Z   2026-01-17: 2 problems
2026-10-08T15:44:16.5460901Z   2026-01-16: 2 problems
2026-10-08T15:44:16.7947332Z   2026-01-15: 2 problems
2026-10-08T15:44:17.0283850Z   2026-01-14: 2 problems
2026-10-08T15:44:17.3249744Z   2026-01-13: 2 problems
2026-10-08T15:44:17.5492235Z   2026-01-12: 2 problems
2026-10-08T15:44:17.8100404Z   2026-01-10: 2 problems
2026-10-08T15:44:18.1224267Z   2026-01-09: 2 problems
2026-10-08T15:44:18.4501270Z   2026-01-08: 2 problems
2026-10-08T15:44:18.7723251Z   2026-01-07: 2 problems
2026-10-08T15:44:19.2174259Z   2026-01-06: 2 problems
2026-10-08T15:44:19.5231810Z   2026-01-05: 2 problems
2026-10-08T15:44:19.8319526Z   2026-01-03: 2 problems
2026-10-08T15:44:20.0626997Z   2026-01-02: 2 problems
2026-10-08T15:44:20.3114578Z   2026-01-01: 2 problems
2026-10-08T15:44:20.5512518Z   2025-12-31: 2 problems
2026-10-08T15:44:20.7969569Z   2025-12-30: 2 problems
2026-10-08T15:44:21.0272495Z   2025-12-29: 2 problems
2026-10-08T15:44:21.2673152Z   2025-12-27: 2 problems
2026-10-08T15:44:21.5151098Z   2025-12-26: 2 problems
2026-10-08T15:44:21.7568087Z   2025-12-25: 2 problems
2026-10-08T15:44:21.9992193Z   2025-12-24: 2 problems
2026-10-08T15:44:22.2436040Z   2025-12-23: 2 problems
2026-10-08T15:44:22.4911310Z   2025-12-22: 2 problems
2026-10-08T15:44:22.8049820Z   2025-12-20: 2 problems
2026-10-08T15:44:23.0682480Z   2025-12-19: 2 problems
2026-10-08T15:44:23.3812832Z   2025-12-18: 2 problems
2026-10-08T15:44:23.6160366Z   2025-12-17: 2 problems
2026-10-08T15:44:23.8429268Z   2025-12-16: 2 problems
2026-10-08T15:44:24.0922265Z   2025-12-15: 2 problems
2026-10-08T15:44:24.3425468Z   2025-12-13: 2 problems
2026-10-08T15:44:24.5762880Z   2025-12-12: 2 problems
2026-10-08T15:44:24.8120278Z   2025-12-11: 2 problems
2026-10-08T15:44:25.5079120Z   2025-12-10: 2 problems
2026-10-08T15:44:25.7388425Z   2025-12-09: 2 problems
2026-10-08T15:44:25.9817009Z   2025-12-08: 2 problems
2026-10-08T15:44:26.2640605Z   2025-12-06: 2 problems
2026-10-08T15:44:26.5045404Z   2025-12-05: 2 problems
2026-10-08T15:44:26.7550183Z   2025-12-04: 2 problems
2026-10-08T15:44:26.9779816Z   2025-12-03: 2 problems
2026-10-08T15:44:27.2319456Z   2025-12-02: 2 problems
2026-10-08T15:44:27.4717570Z   2025-12-01: 2 problems
2026-10-08T15:44:27.7106027Z   2025-11-29: 2 problems
2026-10-08T15:44:27.9439766Z   2025-11-28: 2 problems
2026-10-08T15:44:28.1699403Z   2025-11-27: 2 problems
2026-10-08T15:44:28.4105445Z   2025-11-26: 2 problems
2026-10-08T15:44:28.6497855Z   2025-11-25: 2 problems
2026-10-08T15:44:28.9249772Z   2025-11-24: 2 problems
2026-10-08T15:44:29.1485540Z   2025-11-22: 2 problems
2026-10-08T15:44:29.4631163Z   2025-11-21: 2 problems
2026-10-08T15:44:29.6927812Z   2025-11-20: 2 problems
2026-10-08T15:44:29.9396914Z   2025-11-19: 2 problems
2026-10-08T15:44:30.1831576Z   2025-11-18: 2 problems
2026-10-08T15:44:30.4278518Z   2025-11-17: 2 problems
2026-10-08T15:44:30.6805153Z   2025-11-15: 2 problems
2026-10-08T15:44:30.9749806Z   2025-11-14: 2 problems
2026-10-08T15:44:31.2052902Z   2025-11-13: 2 problems
2026-10-08T15:44:31.4241422Z   2025-11-12: 2 problems
2026-10-08T15:44:31.6641026Z   2025-11-11: 2 problems
2026-10-08T15:44:31.9042810Z   2025-11-10: 2 problems
2026-10-08T15:44:32.1581930Z   2025-11-08: 2 problems
2026-10-08T15:44:32.3856537Z   2025-11-07: 2 problems
2026-10-08T15:44:32.7185717Z   2025-11-06: 2 problems
2026-10-08T15:44:32.9413118Z   2025-11-05: 2 problems
2026-10-08T15:44:33.2807768Z   2025-11-04: 2 problems
2026-10-08T15:44:33.5359261Z   2025-11-03: 2 problems
2026-10-08T15:44:33.7919076Z   2025-11-01: 2 problems
2026-10-08T15:44:33.9497407Z   2025-10-31: 2 problems
2026-10-08T15:44:34.1730542Z   2025-10-30: 2 problems
2026-10-08T15:44:34.4145308Z   2025-10-29: 2 problems
2026-10-08T15:44:34.6458703Z   2025-10-28: 2 problems
2026-10-08T15:44:34.8863658Z   2025-10-27: 2 problems
2026-10-08T15:44:35.1290104Z   2025-10-25: 2 problems
2026-10-08T15:44:35.3642121Z   2025-10-24: 2 problems
2026-10-08T15:44:35.6181601Z   2025-10-23: 2 problems
2026-10-08T15:44:35.8502980Z   2025-10-22: 2 problems
2026-10-08T15:44:36.1382279Z   2025-10-21: 2 problems
2026-10-08T15:44:36.3639633Z   2025-10-20: 2 problems
2026-10-08T15:44:36.6184725Z   2025-10-18: 2 problems
2026-10-08T15:44:37.0024994Z   2025-10-17: 2 problems
2026-10-08T15:44:37.7262631Z   2025-10-16: 2 problems
2026-10-08T15:44:38.0361810Z   2025-10-15: 2 problems
2026-10-08T15:44:38.2772178Z   2025-10-14: 2 problems
2026-10-08T15:44:38.4931666Z   2025-10-13: 2 problems
2026-10-08T15:44:38.7432100Z   2025-10-11: 2 problems
2026-10-08T15:44:38.9723222Z   2025-10-10: 2 problems
2026-10-08T15:44:39.1919749Z   2025-10-09: 2 problems
2026-10-08T15:44:39.4637542Z   2025-10-08: 2 problems
2026-10-08T15:44:39.6905639Z   2025-10-07: 2 problems
2026-10-08T15:44:39.9148796Z   2025-10-06: 2 problems
2026-10-08T15:44:40.1449856Z   2025-10-04: 2 problems
2026-10-08T15:44:40.3798523Z   2025-10-03: 2 problems
2026-10-08T15:44:40.6137101Z   2025-10-02: 2 problems
2026-10-08T15:44:40.9667590Z   2025-10-01: 2 problems
2026-10-08T15:44:41.2128817Z   2025-09-30: 2 problems
2026-10-08T15:44:41.4672878Z   2025-09-29: 2 problems
2026-10-08T15:44:41.6913089Z   2025-09-27: 2 problems
2026-10-08T15:44:41.9376256Z   2025-09-26: 2 problems
2026-10-08T15:44:42.1721182Z   2025-09-25: 2 problems
2026-10-08T15:44:42.3964211Z   2025-09-24: 2 problems
2026-10-08T15:44:42.6227694Z   2025-09-23: 2 problems
2026-10-08T15:44:42.9369976Z   2025-09-22: 2 problems
2026-10-08T15:44:43.1609884Z   2025-09-20: 2 problems
2026-10-08T15:44:43.3913932Z   2025-09-19: 2 problems
2026-10-08T15:44:43.6156314Z   2025-09-18: 2 problems
2026-10-08T15:44:43.8401151Z   2025-09-17: 2 problems
2026-10-08T15:44:44.0627483Z   2025-09-16: 2 problems
2026-10-08T15:44:44.3550583Z   2025-09-15: 2 problems
2026-10-08T15:44:44.5955814Z   2025-09-13: 2 problems
2026-10-08T15:44:44.8199149Z   2025-09-12: 2 problems
2026-10-08T15:44:45.0536948Z   2025-09-11: 2 problems
2026-10-08T15:44:45.2693196Z   2025-09-10: 2 problems
2026-10-08T15:44:45.5262092Z   2025-09-09: 2 problems
2026-10-08T15:44:45.7558443Z   2025-09-08: 2 problems
2026-10-08T15:44:45.9971825Z   2025-09-06: 2 problems
2026-10-08T15:44:46.2560024Z   2025-09-05: 2 problems
2026-10-08T15:44:46.4882616Z   2025-09-04: 2 problems
2026-10-08T15:44:46.7192571Z   2025-09-03: 2 problems
2026-10-08T15:44:46.9444232Z   2025-09-02: 2 problems
2026-10-08T15:44:47.3267642Z   2025-09-01: 2 problems
2026-10-08T15:44:47.5673535Z   2025-08-30: 2 problems
2026-10-08T15:44:47.8084448Z   2025-08-29: 2 problems
2026-10-08T15:44:48.0734235Z   2025-08-28: 2 problems
2026-10-08T15:44:48.3198162Z   2025-08-27: 2 problems
2026-10-08T15:44:48.5599117Z   2025-08-26: 2 problems
2026-10-08T15:44:48.8084069Z   2025-08-25: 2 problems
2026-10-08T15:44:49.0404231Z   2025-08-23: 2 problems
2026-10-08T15:44:49.3051199Z   2025-08-22: 2 problems
2026-10-08T15:44:49.5365907Z   2025-08-21: 2 problems
2026-10-08T15:44:49.7781523Z   2025-08-20: 2 problems
2026-10-08T15:44:50.0014991Z   2025-08-19: 2 problems
2026-10-08T15:44:50.4888348Z   2025-08-18: 2 problems
2026-10-08T15:44:50.7087210Z   2025-08-16: 2 problems
2026-10-08T15:44:50.9301673Z   2025-08-15: 2 problems
2026-10-08T15:44:51.1635460Z   2025-08-14: 2 problems
2026-10-08T15:44:51.3789793Z   2025-08-13: 2 problems
2026-10-08T15:44:51.5937115Z   2025-08-12: 2 problems
2026-10-08T15:44:51.9278818Z   2025-08-11: 2 problems
2026-10-08T15:44:52.1614099Z   2025-08-09: 2 problems
2026-10-08T15:44:52.3917607Z   2025-08-08: 2 problems
2026-10-08T15:44:52.6240673Z   2025-08-07: 2 problems
2026-10-08T15:44:52.8638621Z   2025-08-06: 2 problems
2026-10-08T15:44:53.1103668Z   2025-08-05: 2 problems
2026-10-08T15:44:53.3359313Z   2025-08-04: 2 problems
2026-10-08T15:44:53.5557724Z   2025-08-02: 2 problems
2026-10-08T15:44:53.8053384Z   2025-08-01: 2 problems
2026-10-08T15:44:54.0379359Z   2025-07-31: 2 problems
2026-10-08T15:44:54.2679737Z   2025-07-30: 2 problems
2026-10-08T15:44:54.4937274Z   2025-07-29: 2 problems
2026-10-08T15:44:54.8522438Z   2025-07-28: 2 problems
2026-10-08T15:44:55.1084984Z   2025-07-26: 2 problems
2026-10-08T15:44:55.3500827Z   2025-07-25: 2 problems
2026-10-08T15:44:55.6176947Z   2025-07-24: 2 problems
2026-10-08T15:44:55.8918859Z   2025-07-23: 2 problems
2026-10-08T15:44:56.1136005Z   2025-07-22: 2 problems
2026-10-08T15:44:56.3511029Z   2025-07-21: 2 problems
2026-10-08T15:44:56.5792176Z   2025-07-19: 2 problems
2026-10-08T15:44:56.8140460Z   2025-07-18: 2 problems
2026-10-08T15:44:57.0314758Z   2025-07-17: 2 problems
2026-10-08T15:44:57.2687998Z   2025-07-16: 2 problems
2026-10-08T15:44:57.4848563Z   2025-07-15: 2 problems
2026-10-08T15:44:57.7061972Z   2025-07-14: 2 problems
2026-10-08T15:44:57.9846650Z   2025-07-12: 2 problems
2026-10-08T15:44:58.2035949Z   2025-07-11: 2 problems
2026-10-08T15:44:58.4294705Z   2025-07-10: 2 problems
2026-10-08T15:44:58.6563042Z   2025-07-09: 2 problems
2026-10-08T15:44:59.0049521Z   2025-07-08: 2 problems
2026-10-08T15:44:59.2341035Z   2025-07-07: 2 problems
2026-10-08T15:44:59.4862161Z   2025-07-05: 2 problems
2026-10-08T15:44:59.7558203Z   2025-07-04: 2 problems
2026-10-08T15:44:59.9865348Z   2025-07-03: 2 problems
2026-10-08T15:45:00.3880712Z   2025-07-02: 2 problems
2026-10-08T15:45:00.6190314Z   2025-07-01: 2 problems
2026-10-08T15:45:00.8570749Z   2025-06-30: 2 problems
2026-10-08T15:45:01.0863722Z   2025-06-28: 2 problems
2026-10-08T15:45:01.3239160Z   2025-06-27: 2 problems
2026-10-08T15:45:01.5507907Z   2025-06-26: 2 problems
2026-10-08T15:45:01.7981573Z   2025-06-25: 2 problems
2026-10-08T15:45:02.0390929Z   2025-06-24: 2 problems
2026-10-08T15:45:02.2743201Z   2025-06-23: 2 problems
2026-10-08T15:45:02.4265103Z   2025-06-21: 2 problems
2026-10-08T15:45:02.6539241Z   2025-06-20: 2 problems
2026-10-08T15:45:02.9083860Z   2025-06-19: 2 problems
2026-10-08T15:45:03.1431558Z   2025-06-18: 2 problems
2026-10-08T15:45:03.3785740Z   2025-06-17: 2 problems
2026-10-08T15:45:03.8083680Z   2025-06-16: 2 problems
2026-10-08T15:45:04.0684317Z   2025-06-14: 2 problems
2026-10-08T15:45:04.2821892Z   2025-06-13: 2 problems
2026-10-08T15:45:04.4973928Z   2025-06-12: 2 problems
2026-10-08T15:45:04.7341439Z   2025-06-11: 2 problems
2026-10-08T15:45:04.9874310Z   2025-06-10: 2 problems
2026-10-08T15:45:05.2518755Z   2025-06-09: 2 problems
2026-10-08T15:45:05.4816070Z   2025-06-07: 2 problems
2026-10-08T15:45:05.7252074Z   2025-06-06: 2 problems
2026-10-08T15:45:05.9810212Z   2025-06-05: 2 problems
2026-10-08T15:45:06.2084064Z   2025-06-04: 2 problems
2026-10-08T15:45:06.4711447Z   2025-06-03: 2 problems
2026-10-08T15:45:06.7052130Z   2025-06-02: 2 problems
2026-10-08T15:45:06.9491900Z   2025-05-31: 2 problems
2026-10-08T15:45:07.1896539Z   2025-05-30: 2 problems
2026-10-08T15:45:07.4167191Z   2025-05-29: 2 problems
2026-10-08T15:45:07.6560746Z   2025-05-28: 2 problems
2026-10-08T15:45:07.8842286Z   2025-05-27: 2 problems
2026-10-08T15:45:08.1184227Z   2025-05-26: 2 problems
2026-10-08T15:45:08.3585350Z   2025-05-24: 2 problems
2026-10-08T15:45:08.6105945Z   2025-05-23: 2 problems
2026-10-08T15:45:08.8376849Z   2025-05-22: 2 problems
2026-10-08T15:45:09.0580719Z   2025-05-21: 2 problems
2026-10-08T15:45:09.3716912Z   2025-05-20: 2 problems
2026-10-08T15:45:09.5878288Z   2025-05-19: 2 problems
2026-10-08T15:45:09.9789698Z   2025-05-17: 2 problems
2026-10-08T15:45:10.3135540Z   2025-05-16: 2 problems
2026-10-08T15:45:10.5308717Z   2025-05-15: 2 problems
2026-10-08T15:45:10.7472811Z   2025-05-14: 2 problems
2026-10-08T15:45:10.9708344Z   2025-05-13: 2 problems
2026-10-08T15:45:11.1974862Z   2025-05-12: 2 problems
2026-10-08T15:45:11.4230877Z   2025-05-10: 2 problems
2026-10-08T15:45:11.7333076Z   2025-05-09: 2 problems
2026-10-08T15:45:11.9510669Z   2025-05-08: 2 problems
2026-10-08T15:45:12.2631508Z   2025-05-07: 2 problems
2026-10-08T15:45:12.5602573Z   2025-05-06: 2 problems
2026-10-08T15:45:12.9591219Z   2025-05-05: 2 problems
2026-10-08T15:45:13.1747042Z   2025-05-03: 2 problems
2026-10-08T15:45:13.3975963Z   2025-05-02: 2 problems
2026-10-08T15:45:13.6455706Z   2025-05-01: 2 problems
2026-10-08T15:45:13.8871554Z   2025-04-30: 2 problems
2026-10-08T15:45:14.1026422Z   2025-04-29: 2 problems
2026-10-08T15:45:14.3389938Z   2025-04-28: 2 problems
2026-10-08T15:45:14.6031203Z   2025-04-26: 2 problems
2026-10-08T15:45:14.8275957Z   2025-04-25: 2 problems
2026-10-08T15:45:15.4070892Z   2025-04-24: 2 problems
2026-10-08T15:45:15.6354578Z   2025-04-23: 2 problems
2026-10-08T15:45:15.8803064Z   2025-04-22: 2 problems
2026-10-08T15:45:16.1960232Z   2025-04-21: 2 problems
2026-10-08T15:45:16.4161658Z   2025-04-19: 2 problems
2026-10-08T15:45:16.6364158Z   2025-04-18: 2 problems
2026-10-08T15:45:16.8705522Z   2025-04-17: 2 problems
2026-10-08T15:45:17.0956338Z   2025-04-16: 2 problems
2026-10-08T15:45:17.3517062Z   2025-04-15: 2 problems
2026-10-08T15:45:17.6292622Z   2025-04-14: 2 problems
2026-10-08T15:45:17.8393268Z   2025-04-12: 2 problems
2026-10-08T15:45:18.0825465Z   2025-04-11: 2 problems
2026-10-08T15:45:18.3515093Z   2025-04-10: 2 problems
2026-10-08T15:45:18.5989405Z   2025-04-09: 2 problems
2026-10-08T15:45:18.8392871Z   2025-04-08: 2 problems
2026-10-08T15:45:19.8544938Z   2025-04-07: 2 problems
2026-10-08T15:45:20.1321364Z   2025-04-05: 2 problems
2026-10-08T15:45:20.4299075Z   2025-04-04: 2 problems
2026-10-08T15:45:20.6674705Z   2025-04-03: 2 problems
2026-10-08T15:45:20.9219485Z   2025-04-02: 2 problems
2026-10-08T15:45:21.1457911Z   2025-04-01: 2 problems
2026-10-08T15:45:21.3989000Z   2025-03-31: 2 problems
2026-10-08T15:45:21.6229699Z   2025-03-29: 2 problems
2026-10-08T15:45:21.8628062Z   2025-03-28: 2 problems
2026-10-08T15:45:22.0803046Z   2025-03-27: 2 problems
2026-10-08T15:45:22.4490360Z   2025-03-26: 2 problems
2026-10-08T15:45:22.6656171Z   2025-03-25: 2 problems
2026-10-08T15:45:22.8779376Z   2025-03-24: 2 problems
2026-10-08T15:45:23.1738947Z   2025-03-22: 2 problems
2026-10-08T15:45:23.3945906Z   2025-03-21: 2 problems
2026-10-08T15:45:23.6087367Z   2025-03-20: 2 problems
2026-10-08T15:45:23.8046586Z   2025-03-19: 2 problems
2026-10-08T15:45:24.0497763Z   2025-03-18: 2 problems
2026-10-08T15:45:24.2784598Z   2025-03-17: 2 problems
2026-10-08T15:45:24.5121811Z   2025-03-15: 2 problems
2026-10-08T15:45:24.7302498Z   2025-03-14: 2 problems
2026-10-08T15:45:24.9539267Z   2025-03-13: 2 problems
2026-10-08T15:45:25.1823453Z   2025-03-12: 2 problems
2026-10-08T15:45:25.3872301Z   2025-03-11: 2 problems
2026-10-08T15:45:25.6102573Z   2025-03-10: 2 problems
2026-10-08T15:45:25.8353469Z   2025-03-08: 2 problems
2026-10-08T15:45:26.0547674Z   2025-03-07: 2 problems
2026-10-08T15:45:26.3066573Z   2025-03-06: 2 problems
2026-10-08T15:45:26.5237410Z   2025-03-05: 2 problems
2026-10-08T15:45:26.7508132Z   2025-03-04: 2 problems
2026-10-08T15:45:26.9694433Z   2025-03-03: 2 problems
2026-10-08T15:45:27.2340960Z   2025-03-01: 2 problems
2026-10-08T15:45:27.4668716Z   2025-02-28: 2 problems
2026-10-08T15:45:27.6805991Z   2025-02-27: 2 problems
2026-10-08T15:45:27.9221863Z   2025-02-26: 2 problems
2026-10-08T15:45:28.1547854Z   2025-02-25: 2 problems
2026-10-08T15:45:28.3699802Z   2025-02-24: 2 problems
2026-10-08T15:45:28.5921621Z   2025-02-22: 2 problems
2026-10-08T15:45:28.8354139Z   2025-02-21: 2 problems
2026-10-08T15:45:29.1103214Z   2025-02-20: 2 problems
2026-10-08T15:45:29.3674915Z   2025-02-19: 2 problems
2026-10-08T15:45:29.6010490Z   2025-02-18: 2 problems
2026-10-08T15:45:29.8586046Z   2025-02-17: 2 problems
2026-10-08T15:45:30.0959851Z   2025-02-15: 2 problems
2026-10-08T15:45:30.3253391Z   2025-02-14: 2 problems
2026-10-08T15:45:30.5763063Z   2025-02-13: 2 problems
2026-10-08T15:45:30.8110168Z   2025-02-12: 2 problems
2026-10-08T15:45:31.0142077Z   2025-02-11: 2 problems
2026-10-08T15:45:31.2436845Z   2025-02-10: 2 problems
2026-10-08T15:45:31.4589224Z   2025-02-08: 2 problems
2026-10-08T15:45:31.7013927Z   2025-02-07: 2 problems
2026-10-08T15:45:31.9450884Z   2025-02-06: 2 problems
2026-10-08T15:45:32.2656538Z   2025-02-05: 2 problems
2026-10-08T15:45:32.5100785Z   2025-02-04: 2 problems
2026-10-08T15:45:32.7263362Z   2025-02-03: 2 problems
2026-10-08T15:45:32.9502107Z   2025-02-01: 2 problems
2026-10-08T15:45:33.1781661Z   2025-01-31: 2 problems
2026-10-08T15:45:33.4117435Z   2025-01-30: 2 problems
2026-10-08T15:45:33.6276211Z   2025-01-29: 2 problems
2026-10-08T15:45:33.8601989Z   2025-01-28: 2 problems
2026-10-08T15:45:34.1123032Z   2025-01-27: 2 problems
2026-10-08T15:45:34.3421204Z   2025-01-25: 2 problems
2026-10-08T15:45:34.5670722Z   2025-01-24: 2 problems
2026-10-08T15:45:34.8200836Z   2025-01-23: 2 problems
2026-10-08T15:45:35.0387991Z   2025-01-22: 2 problems
2026-10-08T15:45:35.2707033Z   2025-01-21: 2 problems
2026-10-08T15:45:35.5351361Z   2025-01-20: 2 problems
2026-10-08T15:45:35.8015629Z   2025-01-18: 2 problems
2026-10-08T15:45:36.0244721Z   2025-01-17: 2 problems
2026-10-08T15:45:36.2390963Z   2025-01-16: 2 problems
2026-10-08T15:45:36.4730799Z   2025-01-15: 2 problems
2026-10-08T15:45:36.6962953Z   2025-01-14: 2 problems
2026-10-08T15:45:36.9211155Z   2025-01-13: 2 problems
2026-10-08T15:45:37.1559671Z   2025-01-11: 2 problems
2026-10-08T15:45:37.3924170Z   2025-01-10: 2 problems
2026-10-08T15:45:37.6214305Z   2025-01-09: 2 problems
2026-10-08T15:45:37.8737966Z   2025-01-08: 2 problems
2026-10-08T15:45:38.1567323Z   2025-01-07: 2 problems
2026-10-08T15:45:38.3798097Z   2025-01-06: 2 problems
2026-10-08T15:45:38.6282978Z   2025-01-04: 2 problems
2026-10-08T15:45:38.9336966Z   2025-01-03: 2 problems
2026-10-08T15:45:39.1832925Z   2025-01-02: 2 problems
2026-10-08T15:45:39.4338139Z   2025-01-01: 2 problems
2026-10-08T15:45:39.6911411Z   2024-12-31: 2 problems
2026-10-08T15:45:39.9090710Z   2024-12-30: 2 problems
2026-10-08T15:45:40.1373888Z   2024-12-28: 2 problems
2026-10-08T15:45:40.4055671Z   2024-12-27: 2 problems
2026-10-08T15:45:40.6560522Z   2024-12-26: 2 problems
2026-10-08T15:45:40.8498643Z   2024-12-25: 2 problems
2026-10-08T15:45:41.0862283Z   2024-12-24: 2 problems
2026-10-08T15:45:41.4183597Z   2024-12-23: 2 problems
2026-10-08T15:45:41.7348613Z   2024-12-21: 2 problems
2026-10-08T15:45:41.9829922Z   2024-12-20: 2 problems
2026-10-08T15:45:42.2367255Z   2024-12-19: 2 problems
2026-10-08T15:45:42.5452195Z   2024-12-18: 2 problems
2026-10-08T15:45:42.7945458Z   2024-12-17: 2 problems
2026-10-08T15:45:43.0921015Z   2024-12-16: 2 problems
2026-10-08T15:45:43.3248066Z   2024-12-14: 2 problems
2026-10-08T15:45:43.5742146Z   2024-12-13: 2 problems
2026-10-08T15:45:43.8162808Z   2024-12-12: 2 problems
2026-10-08T15:45:44.0793095Z   2024-12-11: 2 problems
2026-10-08T15:45:44.2999995Z   2024-12-10: 2 problems
2026-10-08T15:45:44.4954918Z   2024-12-09: 2 problems
2026-10-08T15:45:44.7779474Z   2024-12-07: 2 problems
2026-10-08T15:45:45.0770857Z   2024-12-06: 2 problems
2026-10-08T15:45:45.3114647Z   2024-12-05: 2 problems
2026-10-08T15:45:45.5552754Z   2024-12-04: 2 problems
2026-10-08T15:45:45.8203838Z   2024-12-03: 2 problems
2026-10-08T15:45:46.1086453Z   2024-12-02: 2 problems
2026-10-08T15:45:46.3549550Z   2024-11-30: 2 problems
2026-10-08T15:45:46.7191080Z   2024-11-29: 2 problems
2026-10-08T15:45:47.0048310Z   2024-11-28: 2 problems
2026-10-08T15:45:47.2919290Z   2024-11-27: 2 problems
2026-10-08T15:45:47.6758906Z   2024-11-26: 2 problems
2026-10-08T15:45:47.9992534Z   2024-11-25: 2 problems
2026-10-08T15:45:48.2841669Z   2024-11-23: 2 problems
2026-10-08T15:45:48.5305869Z   2024-11-22: 2 problems
2026-10-08T15:45:48.7329815Z   2024-11-21: 2 problems
2026-10-08T15:45:49.3589866Z   2024-11-20: 2 problems
2026-10-08T15:45:49.6944009Z   2024-11-19: 2 problems
2026-10-08T15:45:49.9861533Z   2024-11-18: 2 problems
2026-10-08T15:45:50.2882624Z   2024-11-16: 2 problems
2026-10-08T15:45:50.5213342Z   2024-11-15: 2 problems
2026-10-08T15:45:50.7754866Z   2024-11-14: 2 problems
2026-10-08T15:45:51.0973881Z   2024-11-13: 2 problems
2026-10-08T15:45:51.4046387Z   2024-11-12: 2 problems
2026-10-08T15:45:51.8432531Z   2024-11-11: 2 problems
2026-10-08T15:45:52.2130291Z   2024-11-09: 2 problems
2026-10-08T15:45:52.6695954Z   2024-11-08: 2 problems
2026-10-08T15:45:53.0284885Z   2024-11-07: 2 problems
2026-10-08T15:45:53.2449757Z   2024-11-06: 2 problems
2026-10-08T15:45:53.5195015Z   2024-11-05: 2 problems
2026-10-08T15:45:53.7848296Z   2024-11-04: 2 problems
2026-10-08T15:45:53.9911252Z   2024-11-02: 2 problems
2026-10-08T15:45:54.3513459Z   2024-11-01: 2 problems
2026-10-08T15:45:54.6209009Z   2024-10-31: 2 problems
2026-10-08T15:45:54.9232591Z   2024-10-30: 2 problems
2026-10-08T15:45:55.3033596Z   2024-10-29: 2 problems
2026-10-08T15:45:55.6124998Z   2024-10-28: 2 problems
2026-10-08T15:45:55.8919950Z   2024-10-26: 2 problems
2026-10-08T15:45:56.2437265Z   2024-10-25: 2 problems
2026-10-08T15:45:56.5813331Z   2024-10-24: 2 problems
2026-10-08T15:45:56.8684823Z   2024-10-23: 2 problems
2026-10-08T15:45:57.1534847Z   2024-10-22: 2 problems
2026-10-08T15:45:57.3758838Z   2024-10-21: 2 problems
2026-10-08T15:45:57.6895729Z   2024-10-19: 2 problems
2026-10-08T15:45:57.9945663Z   2024-10-18: 2 problems
2026-10-08T15:45:58.2458898Z   2024-10-17: 2 problems
2026-10-08T15:45:58.4481348Z   2024-10-16: 2 problems
2026-10-08T15:45:58.6564398Z   2024-10-15: 2 problems
2026-10-08T15:45:58.8727174Z   2024-10-14: 2 problems
2026-10-08T15:45:59.1087042Z   2024-10-12: 2 problems
2026-10-08T15:45:59.3074653Z   2024-10-11: 2 problems
2026-10-08T15:45:59.5237235Z   2024-10-10: 2 problems
2026-10-08T15:45:59.8168860Z   2024-10-09: 2 problems
2026-10-08T15:46:00.0257777Z   2024-10-08: 2 problems
2026-10-08T15:46:00.2325973Z   2024-10-07: 2 problems
2026-10-08T15:46:00.4354408Z   2024-10-05: 2 problems
2026-10-08T15:46:00.6349294Z   2024-10-04: 2 problems
2026-10-08T15:46:00.8639685Z   2024-10-03: 2 problems
2026-10-08T15:46:01.0714996Z   2024-10-02: 2 problems
2026-10-08T15:46:01.3155864Z   2024-10-01: 2 problems
2026-10-08T15:46:01.5469630Z   2024-09-30: 2 problems
2026-10-08T15:46:01.7562804Z   2024-09-28: 2 problems
2026-10-08T15:46:01.9826637Z   2024-09-27: 2 problems
2026-10-08T15:46:02.1904139Z   2024-09-26: 2 problems
2026-10-08T15:46:02.4084210Z   2024-09-25: 2 problems
2026-10-08T15:46:02.5678988Z   2024-09-24: 2 problems
2026-10-08T15:46:02.7990443Z   2024-09-23: 2 problems
2026-10-08T15:46:03.0166142Z   2024-09-21: 2 problems
2026-10-08T15:46:03.2652281Z   2024-09-20: 2 problems
2026-10-08T15:46:03.4769987Z   2024-09-19: 2 problems
2026-10-08T15:46:03.7748641Z   2024-09-18: 2 problems
2026-10-08T15:46:04.0141885Z   2024-09-17: 2 problems
2026-10-08T15:46:04.2387117Z   2024-09-16: 2 problems
2026-10-08T15:46:04.4550667Z   2024-09-14: 2 problems
2026-10-08T15:46:04.6957250Z   2024-09-13: 2 problems
2026-10-08T15:46:04.9067272Z   2024-09-12: 2 problems
2026-10-08T15:46:05.1033511Z   2024-09-11: 2 problems
2026-10-08T15:46:05.3255914Z   2024-09-10: 2 problems
2026-10-08T15:46:05.5348241Z   2024-09-09: 2 problems
2026-10-08T15:46:05.7792926Z   2024-09-07: 2 problems
2026-10-08T15:46:05.9921890Z   2024-09-06: 2 problems
2026-10-08T15:46:06.2148238Z   2024-09-05: 2 problems
2026-10-08T15:46:06.4365190Z   2024-09-04: 2 problems
2026-10-08T15:46:06.6631114Z   2024-09-03: 2 problems
2026-10-08T15:46:06.8637101Z   2024-09-02: 2 problems
2026-10-08T15:46:07.0617736Z   2024-08-31: 2 problems
2026-10-08T15:46:07.2771587Z   2024-08-30: 2 problems
2026-10-08T15:46:07.4979324Z   2024-08-29: 2 problems
2026-10-08T15:46:07.7112418Z   2024-08-28: 2 problems
2026-10-08T15:46:07.9614734Z   2024-08-27: 2 problems
2026-10-08T15:46:08.1880808Z   2024-08-26: 2 problems
2026-10-08T15:46:08.4199437Z   2024-08-24: 2 problems
2026-10-08T15:46:08.6583431Z   2024-08-23: 2 problems
2026-10-08T15:46:08.9428449Z   2024-08-22: 2 problems
2026-10-08T15:46:09.1569274Z   2024-08-21: 2 problems
2026-10-08T15:46:09.4230138Z   2024-08-20: 2 problems
2026-10-08T15:46:09.6310137Z   2024-08-19: 2 problems
2026-10-08T15:46:09.8345217Z   2024-08-17: 2 problems
2026-10-08T15:46:10.0442913Z   2024-08-16: 2 problems
2026-10-08T15:46:10.2675879Z   2024-08-15: 2 problems
2026-10-08T15:46:10.5197811Z   2024-08-14: 2 problems
2026-10-08T15:46:10.8088551Z   2024-08-13: 2 problems
2026-10-08T15:46:11.0404182Z   2024-08-12: 2 problems
2026-10-08T15:46:11.3425073Z   2024-08-10: 2 problems
2026-10-08T15:46:11.6393674Z   2024-08-09: 2 problems
2026-10-08T15:46:11.8590560Z   2024-08-08: 2 problems
2026-10-08T15:46:12.1785750Z   2024-08-07: 2 problems
2026-10-08T15:46:12.4140122Z   2024-08-06: 2 problems
2026-10-08T15:46:12.6210376Z   2024-08-05: 2 problems
2026-10-08T15:46:13.1631005Z   2024-08-03: 2 problems
2026-10-08T15:46:13.3981315Z   2024-08-02: 2 problems
2026-10-08T15:46:13.6217123Z   2024-08-01: 2 problems
2026-10-08T15:46:13.8709366Z   2024-07-31: 2 problems
2026-10-08T15:46:14.0690920Z   2024-07-30: 2 problems
2026-10-08T15:46:14.2640646Z   2024-07-29: 2 problems
2026-10-08T15:46:14.6176354Z   2024-07-27: 2 problems
2026-10-08T15:46:14.8219807Z   2024-07-26: 2 problems
2026-10-08T15:46:15.0314167Z   2024-07-25: 2 problems
2026-10-08T15:46:15.2506942Z   2024-07-24: 2 problems
2026-10-08T15:46:15.4568143Z   2024-07-23: 2 problems
2026-10-08T15:46:15.6670923Z   2024-07-22: 2 problems
2026-10-08T15:46:15.9514565Z   2024-07-20: 2 problems
2026-10-08T15:46:16.1611297Z   2024-07-19: 2 problems
2026-10-08T15:46:16.3716489Z   2024-07-18: 2 problems
2026-10-08T15:46:16.5969441Z   2024-07-17: 2 problems
2026-10-08T15:46:16.8195725Z   2024-07-16: 2 problems
2026-10-08T15:46:17.0333138Z   2024-07-15: 2 problems
2026-10-08T15:46:17.2641511Z   2024-07-13: 2 problems
2026-10-08T15:46:17.4000079Z   2024-07-12: 2 problems
2026-10-08T15:46:17.6075449Z   2024-07-11: 2 problems
2026-10-08T15:46:18.0550600Z   2024-07-10: 2 problems
2026-10-08T15:46:18.2767630Z   2024-07-09: 2 problems
2026-10-08T15:46:18.5010075Z   2024-07-08: 2 problems
2026-10-08T15:46:18.7317145Z   2024-07-06: 2 problems
2026-10-08T15:46:18.9630194Z   2024-07-05: 2 problems
2026-10-08T15:46:19.1726418Z   2024-07-04: 2 problems
2026-10-08T15:46:19.3696675Z   2024-07-03: 2 problems
2026-10-08T15:46:19.5940021Z   2024-07-02: 2 problems
2026-10-08T15:46:19.8154608Z   2024-07-01: 2 problems
2026-10-08T15:46:20.0147996Z   2024-06-29: 2 problems
2026-10-08T15:46:20.2222124Z   2024-06-28: 2 problems
2026-10-08T15:46:20.4482773Z   2024-06-27: 2 problems
2026-10-08T15:46:20.8668959Z   2024-06-26: 2 problems
2026-10-08T15:46:21.0930169Z   2024-06-25: 2 problems
2026-10-08T15:46:21.3180497Z   2024-06-24: 2 problems
2026-10-08T15:46:21.5583927Z   2024-06-22: 2 problems
2026-10-08T15:46:21.7723116Z   2024-06-21: 2 problems
2026-10-08T15:46:21.9795684Z   2024-06-20: 2 problems
2026-10-08T15:46:22.1770319Z   2024-06-19: 2 problems
2026-10-08T15:46:22.4727897Z   2024-06-18: 2 problems
2026-10-08T15:46:22.7052043Z   2024-06-17: 2 problems
2026-10-08T15:46:22.9209353Z   2024-06-15: 2 problems
2026-10-08T15:46:23.1423171Z   2024-06-14: 2 problems
2026-10-08T15:46:23.3638673Z   2024-06-13: 2 problems
2026-10-08T15:46:23.6447241Z   2024-06-12: 2 problems
2026-10-08T15:46:23.8556304Z   2024-06-11: 2 problems
2026-10-08T15:46:24.0822260Z   2024-06-10: 2 problems
2026-10-08T15:46:24.3619446Z   2024-06-08: 2 problems
2026-10-08T15:46:24.5741341Z   2024-06-07: 2 problems
2026-10-08T15:46:24.8037680Z   2024-06-06: 2 problems
2026-10-08T15:46:25.0364942Z   2024-06-05: 2 problems
2026-10-08T15:46:25.2703621Z   2024-06-04: 2 problems
2026-10-08T15:46:25.4711673Z   2024-06-03: 2 problems
2026-10-08T15:46:25.7118001Z   2024-06-01: 2 problems
2026-10-08T15:46:25.9119597Z   2024-05-31: 2 problems
2026-10-08T15:46:26.1749866Z   2024-05-30: 2 problems
2026-10-08T15:46:26.3932753Z   2024-05-29: 2 problems
2026-10-08T15:46:26.6113260Z   2024-05-28: 2 problems
2026-10-08T15:46:26.8332653Z   2024-05-27: 2 problems
2026-10-08T15:46:27.0291993Z   2024-05-25: 2 problems
2026-10-08T15:46:27.2285198Z   2024-05-24: 2 problems
2026-10-08T15:46:27.4301649Z   2024-05-23: 2 problems
2026-10-08T15:46:27.6711278Z   2024-05-22: 2 problems
2026-10-08T15:46:27.9674525Z   2024-05-21: 2 problems
2026-10-08T15:46:28.1982955Z   2024-05-20: 2 problems
2026-10-08T15:46:28.4066276Z   2024-05-18: 2 problems
2026-10-08T15:46:28.6391477Z   2024-05-17: 2 problems
2026-10-08T15:46:28.8404102Z   2024-05-16: 2 problems
2026-10-08T15:46:29.0565934Z   2024-05-15: 2 problems
2026-10-08T15:46:29.2806995Z   2024-05-14: 2 problems
2026-10-08T15:46:29.5058185Z   2024-05-13: 2 problems
2026-10-08T15:46:29.7028965Z   2024-05-11: 2 problems
2026-10-08T15:46:29.9489232Z   2024-05-10: 2 problems
2026-10-08T15:46:30.1456364Z   2024-05-09: 2 problems
2026-10-08T15:46:30.3612881Z   2024-05-08: 2 problems
2026-10-08T15:46:30.5648845Z   2024-05-07: 2 problems
2026-10-08T15:46:30.7833561Z   2024-05-06: 2 problems
2026-10-08T15:46:30.9876021Z   2024-05-04: 2 problems
2026-10-08T15:46:31.1984177Z   2024-05-03: 2 problems
2026-10-08T15:46:31.4124588Z   2024-05-02: 2 problems
2026-10-08T15:46:31.6380408Z   2024-05-01: 2 problems
2026-10-08T15:46:31.8829655Z   2024-04-30: 2 problems
2026-10-08T15:46:32.0993654Z   2024-04-29: 2 problems
2026-10-08T15:46:32.3048236Z   2024-04-27: 2 problems
2026-10-08T15:46:32.5134725Z   2024-04-26: 2 problems
2026-10-08T15:46:32.7188391Z   2024-04-25: 2 problems
2026-10-08T15:46:32.9346368Z   2024-04-24: 2 problems
2026-10-08T15:46:33.2262381Z   2024-04-23: 2 problems
2026-10-08T15:46:33.4412487Z   2024-04-22: 2 problems
2026-10-08T15:46:33.6542565Z   2024-04-20: 2 problems
2026-10-08T15:46:33.8869718Z   2024-04-19: 2 problems
2026-10-08T15:46:34.1112020Z   2024-04-18: 2 problems
2026-10-08T15:46:34.3270856Z   2024-04-17: 2 problems
2026-10-08T15:46:34.5502233Z   2024-04-16: 2 problems
2026-10-08T15:46:34.8275687Z   2024-04-15: 2 problems
2026-10-08T15:46:35.0397599Z   2024-04-13: 2 problems
2026-10-08T15:46:35.3949059Z   2024-04-12: 2 problems
2026-10-08T15:46:35.5996246Z   2024-04-11: 2 problems
2026-10-08T15:46:35.8119535Z   2024-04-10: 2 problems
2026-10-08T15:46:36.0505726Z   2024-04-09: 2 problems
2026-10-08T15:46:36.2635412Z   2024-04-08: 2 problems
2026-10-08T15:46:36.5022596Z   2024-04-06: 2 problems
2026-10-08T15:46:36.7114354Z   2024-04-05: 2 problems
2026-10-08T15:46:36.9956208Z   2024-04-04: 2 problems
2026-10-08T15:46:37.2115877Z   2024-04-03: 2 problems
2026-10-08T15:46:37.4396504Z   2024-04-02: 2 problems
2026-10-08T15:46:37.6459222Z   2024-04-01: 2 problems
2026-10-08T15:46:37.8904036Z   2024-03-30: 2 problems
2026-10-08T15:46:38.1176397Z   2024-03-29: 2 problems
2026-10-08T15:46:38.3546030Z   2024-03-28: 2 problems
2026-10-08T15:46:38.5621640Z   2024-03-27: 2 problems
2026-10-08T15:46:38.7612219Z   2024-03-26: 2 problems
2026-10-08T15:46:38.9760728Z   2024-03-25: 2 problems
2026-10-08T15:46:39.1859768Z   2024-03-23: 2 problems
2026-10-08T15:46:39.3987887Z   2024-03-22: 2 problems
2026-10-08T15:46:39.6023510Z   2024-03-21: 2 problems
2026-10-08T15:46:39.8130428Z   2024-03-20: 2 problems
2026-10-08T15:46:40.0194789Z   2024-03-19: 2 problems
2026-10-08T15:46:40.2872339Z   2024-03-18: 2 problems
2026-10-08T15:46:40.5203624Z   2024-03-16: 2 problems
2026-10-08T15:46:40.8092443Z   2024-03-15: 2 problems
2026-10-08T15:46:41.0087632Z   2024-03-14: 2 problems
2026-10-08T15:46:41.3007538Z   2024-03-13: 2 problems
2026-10-08T15:46:41.7011985Z   2024-03-12: 2 problems
2026-10-08T15:46:42.1177862Z   2024-03-11: 2 problems
2026-10-08T15:46:42.3503851Z   2024-03-09: 2 problems
2026-10-08T15:46:42.5519916Z   2024-03-08: 2 problems
2026-10-08T15:46:42.7710796Z   2024-03-07: 2 problems
2026-10-08T15:46:42.9738311Z   2024-03-06: 2 problems
2026-10-08T15:46:43.1827452Z   2024-03-05: 2 problems
2026-10-08T15:46:43.4740597Z   2024-03-04: 2 problems
2026-10-08T15:46:43.6798807Z   2024-03-02: 2 problems
2026-10-08T15:46:43.9120712Z   2024-03-01: 2 problems
2026-10-08T15:46:44.2280908Z   2024-02-29: 2 problems
2026-10-08T15:46:44.4480733Z   2024-02-28: 2 problems
2026-10-08T15:46:44.6617783Z   2024-02-27: 2 problems
2026-10-08T15:46:44.8796479Z   2024-02-26: 2 problems
2026-10-08T15:46:44.8799562Z Building categories...
2026-10-08T15:46:46.9342815Z Wrote /home/runner/work/ys_problem_web/ys_problem_web/data/daily.json (818 days, 21 categories).
2026-10-08T15:46:46.9344724Z Syncing leaderboard (records.js from gh-pages)...
2026-10-08T15:46:47.0136635Z   ✓ 362 players, data through 2026-10-07 (unchanged)
2026-10-08T15:46:47.0137100Z LEADERBOARD-SYNC {"changed":false,"players":362,"currentDate":"2026-10-07"}
2026-10-08T15:46:47.0265950Z ##[group]Run node scripts/translate-ai.mjs
2026-10-08T15:46:47.0266151Z [36;1mnode scripts/translate-ai.mjs[0m
2026-10-08T15:46:47.0316850Z shell: /usr/bin/bash -e {0}
2026-10-08T15:46:47.0316994Z env:
2026-10-08T15:46:47.0317359Z   AI_BASE_URL: ***
2026-10-08T15:46:47.0317540Z   AI_API_KEY: ***
2026-10-08T15:46:47.0317659Z   AI_MODEL: deepseek-v4-flash
2026-10-08T15:46:47.0317790Z   AI_MODEL_LABEL: GLM 5.3 Flash
2026-10-08T15:46:47.0317918Z   AI_TRANSLATE_LIMIT: 60
2026-10-08T15:46:47.0318041Z ##[endgroup]
2026-10-08T15:46:47.0580109Z (node:3524) [MODULE_TYPELESS_PACKAGE_JSON] Warning: Module type of file:///home/runner/work/ys_problem_web/ys_problem_web/lib/mt-protect.js is not specified and it doesn't parse as CommonJS.
2026-10-08T15:46:47.0580610Z Reparsing as ES module because module syntax was detected. This incurs a performance overhead.
2026-10-08T15:46:47.0581005Z To eliminate this warning, add "type": "module" to /home/runner/work/ys_problem_web/ys_problem_web/package.json.
2026-10-08T15:46:47.0581313Z (Use `node --trace-warnings ...` to show where the warning was created)
2026-10-08T15:46:47.1138810Z GYM102307C: 7 segment(s) to translate
2026-10-08T15:46:51.6799695Z   cache warm-up failed (HTTP 400: {"error":{"message":"You have insufficient credits to make this request. Please purchase more credits to continue using ) — 继续翻译，缓存改靠公共前缀检测落盘。
2026-10-08T15:46:55.2053218Z   ✗ title[0] — HTTP 400: {"error":{"message":"You have insufficient credits to make this request. Please purchase more credits to continue using 
2026-10-08T15:46:59.4495329Z   ✗ legend[0] — HTTP 400: {"error":{"message":"You have insufficient credits to make this request. Please purchase more credits to continue using 
2026-10-08T15:47:02.9628580Z   ✗ legend[1] — HTTP 400: {"error":{"message":"You have insufficient credits to make this request. Please purchase more credits to continue using 
2026-10-08T15:47:10.3322620Z   ✗ input[0] — HTTP 400: {"error":{"message":"You have insufficient credits to make this request. Please purchase more credits to continue using 
2026-10-08T15:47:14.3365777Z   ✗ output[0] — HTTP 400: {"error":{"message":"You have insufficient credits to make this request. Please purchase more credits to continue using 
2026-10-08T15:47:14.3367450Z   5 consecutive failures — endpoint looks down, aborting.
2026-10-08T15:47:14.3375443Z Done: 0 segment(s) translated.
2026-10-08T15:47:14.3375766Z ── AI Token 用量（本次运行）──
2026-10-08T15:47:14.3376173Z   模型 deepseek-v4-flash · 请求成功 0 / 失败 5
2026-10-08T15:47:14.3460363Z   输入 0 + 输出 0 = 合计 0 tokens
2026-10-08T15:47:14.3462794Z   其中缓存命中 0 tokens（命中率 0%，命中部分按缓存价计费）
2026-10-08T15:47:14.3463245Z   缓存预热：未生效（跳过或失败），命中率依赖服务端公共前缀检测
2026-10-08T15:47:14.3463921Z TOKEN-USAGE {"model":"deepseek-v4-flash","modelLabel":"GLM 5.3 Flash","ok":0,"fail":5,"in":0,"out":0,"cached":0,"segments":[],"totalTokens":0,"warmup":{"ok":false,"mode":null,"in":0,"out":0,"cached":0}}
2026-10-08T15:47:14.3586038Z ##[error]Process completed with exit code 1.
2026-10-08T15:47:14.3626958Z ##[group]Run CF_STATEMENTS=0 TRANSLATE=0 node scripts/update-data.mjs
2026-10-08T15:47:14.3627250Z [36;1mCF_STATEMENTS=0 TRANSLATE=0 node scripts/update-data.mjs[0m
2026-10-08T15:47:14.3680770Z shell: /usr/bin/bash -e {0}
2026-10-08T15:47:14.3680912Z env:
2026-10-08T15:47:14.3682645Z   GITHUB_TOKEN: ***
2026-10-08T15:47:14.3682772Z ##[endgroup]
2026-10-08T15:47:14.3973996Z (node:3542) [MODULE_TYPELESS_PACKAGE_JSON] Warning: Module type of file:///home/runner/work/ys_problem_web/ys_problem_web/lib/records.js is not specified and it doesn't parse as CommonJS.
2026-10-08T15:47:14.3974579Z Reparsing as ES module because module syntax was detected. This incurs a performance overhead.
2026-10-08T15:47:14.3974958Z To eliminate this warning, add "type": "module" to /home/runner/work/ys_problem_web/ys_problem_web/package.json.
2026-10-08T15:47:14.3975292Z (Use `node --trace-warnings ...` to show where the warning was created)
2026-10-08T15:47:14.4571571Z Discovering daily problem folders...
2026-10-08T15:47:15.4478696Z Found 818 days, syncing the most recent 818.
2026-10-08T15:47:15.9277363Z   2026-10-09: 2 problems
2026-10-08T15:47:16.2002707Z   2026-10-08: 2 problems
2026-10-08T15:47:16.4881304Z   2026-10-07: 2 problems
2026-10-08T15:47:16.7609543Z   2026-10-06: 2 problems
2026-10-08T15:47:17.0273535Z   2026-10-05: 2 problems
2026-10-08T15:47:17.3061602Z   2026-10-03: 2 problems
2026-10-08T15:47:17.5598293Z   2026-10-02: 2 problems
2026-10-08T15:47:17.8703829Z   2026-10-01: 2 problems
2026-10-08T15:47:18.1377475Z   2026-09-30: 2 problems
2026-10-08T15:47:18.4331763Z   2026-09-29: 2 problems
2026-10-08T15:47:18.8223902Z   2026-09-28: 2 problems
2026-10-08T15:47:19.0959230Z   2026-09-26: 2 problems
2026-10-08T15:47:19.3598522Z   2026-09-25: 2 problems
2026-10-08T15:47:19.6340930Z   2026-09-24: 2 problems
2026-10-08T15:47:19.9051444Z   2026-09-23: 2 problems
2026-10-08T15:47:20.1492700Z   2026-09-22: 2 problems
2026-10-08T15:47:20.4357401Z   2026-09-21: 2 problems
2026-10-08T15:47:20.7101955Z   2026-09-19: 2 problems
2026-10-08T15:47:20.9855230Z   2026-09-18: 2 problems
2026-10-08T15:47:21.2578211Z   2026-09-17: 2 problems
2026-10-08T15:47:21.5308990Z   2026-09-16: 2 problems
2026-10-08T15:47:21.8235030Z   2026-09-15: 2 problems
2026-10-08T15:47:21.9856228Z   2026-09-14: 2 problems
2026-10-08T15:47:22.2413609Z   2026-09-12: 2 problems
2026-10-08T15:47:22.5775225Z   2026-09-11: 2 problems
2026-10-08T15:47:22.8300845Z   2026-09-10: 2 problems
2026-10-08T15:47:23.0961470Z   2026-09-09: 2 problems
2026-10-08T15:47:23.3666525Z   2026-09-08: 2 problems
2026-10-08T15:47:23.6401143Z   2026-09-07: 2 problems
2026-10-08T15:47:23.8842797Z   2026-09-05: 2 problems
2026-10-08T15:47:24.1420717Z   2026-09-04: 2 problems
2026-10-08T15:47:24.4097178Z   2026-09-03: 2 problems
2026-10-08T15:47:24.7664074Z   2026-09-02: 2 problems
2026-10-08T15:47:25.0335448Z   2026-09-01: 2 problems
2026-10-08T15:47:25.3810637Z   2026-08-31: 2 problems
2026-10-08T15:47:25.6591714Z   2026-08-29: 2 problems
2026-10-08T15:47:25.9439584Z   2026-08-28: 2 problems
2026-10-08T15:47:26.2910939Z   2026-08-27: 2 problems
2026-10-08T15:47:26.5313282Z   2026-08-26: 2 problems
2026-10-08T15:47:26.7974025Z   2026-08-25: 2 problems
2026-10-08T15:47:27.0573505Z   2026-08-24: 2 problems
2026-10-08T15:47:27.3256998Z   2026-08-22: 2 problems
2026-10-08T15:47:27.5977228Z   2026-08-21: 2 problems
2026-10-08T15:47:27.9498797Z   2026-08-20: 2 problems
2026-10-08T15:47:28.2062772Z   2026-08-19: 2 problems
2026-10-08T15:47:28.4809466Z   2026-08-18: 2 problems
2026-10-08T15:47:28.7355535Z   2026-08-17: 2 problems
2026-10-08T15:47:28.9904960Z   2026-08-15: 2 problems
2026-10-08T15:47:29.2488077Z   2026-08-14: 2 problems
2026-10-08T15:47:29.5203549Z   2026-08-13: 2 problems
2026-10-08T15:47:29.7629862Z   2026-08-12: 2 problems
2026-10-08T15:47:30.0272652Z   2026-08-11: 2 problems
2026-10-08T15:47:30.2743793Z   2026-08-10: 2 problems
2026-10-08T15:47:30.5601451Z   2026-08-08: 2 problems
2026-10-08T15:47:30.8307787Z   2026-08-07: 2 problems
2026-10-08T15:47:31.0925123Z   2026-08-06: 2 problems
2026-10-08T15:47:31.3626550Z   2026-08-05: 2 problems
2026-10-08T15:47:31.6205004Z   2026-08-04: 2 problems
2026-10-08T15:47:31.8659449Z   2026-08-03: 2 problems
2026-10-08T15:47:32.1259683Z   2026-08-01: 2 problems
2026-10-08T15:47:32.3099627Z   2026-07-31: 2 problems
2026-10-08T15:47:32.5647737Z   2026-07-30: 2 problems
2026-10-08T15:47:32.8391594Z   2026-07-29: 2 problems
2026-10-08T15:47:33.0906511Z   2026-07-28: 2 problems
2026-10-08T15:47:33.3450942Z   2026-07-27: 2 problems
2026-10-08T15:47:33.6113925Z   2026-07-25: 2 problems
2026-10-08T15:47:33.8505039Z   2026-07-24: 2 problems
2026-10-08T15:47:34.1062838Z   2026-07-23: 2 problems
2026-10-08T15:47:34.3697812Z   2026-07-22: 2 problems
2026-10-08T15:47:34.6297778Z   2026-07-21: 2 problems
2026-10-08T15:47:35.0071409Z   2026-07-16: 2 problems
2026-10-08T15:47:35.3744164Z   2026-07-15: 2 problems
2026-10-08T15:47:35.7277108Z   2026-07-14: 2 problems
2026-10-08T15:47:36.1149282Z   2026-07-13: 2 problems
2026-10-08T15:47:36.4849069Z   2026-07-11: 2 problems
2026-10-08T15:47:36.8628582Z   2026-07-10: 2 problems
2026-10-08T15:47:37.2278697Z   2026-07-09: 2 problems
2026-10-08T15:47:37.5013423Z   2026-07-08: 2 problems
2026-10-08T15:47:37.7476970Z   2026-07-07: 2 problems
2026-10-08T15:47:38.0155028Z   2026-07-06: 2 problems
2026-10-08T15:47:38.3801525Z   2026-07-04: 2 problems
2026-10-08T15:47:38.6198713Z   2026-07-03: 2 problems
2026-10-08T15:47:38.9992254Z   2026-07-02: 2 problems
2026-10-08T15:47:39.4662376Z   2026-07-01: 2 problems
2026-10-08T15:47:39.7071019Z   2026-06-30: 2 problems
2026-10-08T15:47:39.9309344Z   2026-06-29: 2 problems
2026-10-08T15:47:40.2099579Z   2026-06-27: 2 problems
2026-10-08T15:47:40.4610650Z   2026-06-26: 2 problems
2026-10-08T15:47:40.7328838Z   2026-06-25: 2 problems
2026-10-08T15:47:40.9773227Z   2026-06-24: 2 problems
2026-10-08T15:47:41.3655987Z   2026-06-23: 2 problems
2026-10-08T15:47:41.5972853Z   2026-06-22: 2 problems
2026-10-08T15:47:41.7824994Z   2026-06-20: 1 problems
2026-10-08T15:47:42.0250316Z   2026-06-19: 2 problems
2026-10-08T15:47:42.2641346Z   2026-06-18: 2 problems
2026-10-08T15:47:42.5010305Z   2026-06-17: 2 problems
2026-10-08T15:47:42.7492594Z   2026-06-16: 2 problems
2026-10-08T15:47:42.9939524Z   2026-06-15: 2 problems
2026-10-08T15:47:43.2906651Z   2026-06-13: 2 problems
2026-10-08T15:47:43.5693191Z   2026-06-12: 2 problems
2026-10-08T15:47:43.8357670Z   2026-06-11: 2 problems
2026-10-08T15:47:44.1993534Z   2026-06-10: 2 problems
2026-10-08T15:47:44.5604358Z   2026-06-09: 2 problems
2026-10-08T15:47:44.7899199Z   2026-06-08: 2 problems
2026-10-08T15:47:45.0246461Z   2026-06-06: 2 problems
2026-10-08T15:47:45.2634891Z   2026-06-05: 2 problems
2026-10-08T15:47:45.4881595Z   2026-06-04: 2 problems
2026-10-08T15:47:45.5722483Z   2026-06-03: 2 problems
2026-10-08T15:47:45.8163796Z   2026-06-02: 2 problems
2026-10-08T15:47:46.0579446Z   2026-06-01: 2 problems
2026-10-08T15:47:46.2967680Z   2026-05-30: 2 problems
2026-10-08T15:47:46.5192154Z   2026-05-29: 2 problems
2026-10-08T15:47:46.7635323Z   2026-05-28: 2 problems
2026-10-08T15:47:47.0005503Z   2026-05-27: 2 problems
2026-10-08T15:47:47.1507874Z   2026-05-26: 2 problems
2026-10-08T15:47:47.3911201Z   2026-05-25: 2 problems
2026-10-08T15:47:47.6293988Z   2026-05-23: 2 problems
2026-10-08T15:47:47.8578708Z   2026-05-22: 2 problems
2026-10-08T15:47:48.0959098Z   2026-05-21: 2 problems
2026-10-08T15:47:48.4957974Z   2026-05-20: 2 problems
2026-10-08T15:47:48.7227955Z   2026-05-19: 2 problems
2026-10-08T15:47:48.9811050Z   2026-05-18: 2 problems
2026-10-08T15:47:49.2425676Z   2026-05-16: 2 problems
2026-10-08T15:47:49.4694326Z   2026-05-15: 2 problems
2026-10-08T15:47:49.7049570Z   2026-05-14: 2 problems
2026-10-08T15:47:49.9335039Z   2026-05-13: 2 problems
2026-10-08T15:47:50.1690407Z   2026-05-12: 2 problems
2026-10-08T15:47:50.4025691Z   2026-05-11: 2 problems
2026-10-08T15:47:50.6269739Z   2026-05-09: 2 problems
2026-10-08T15:47:50.8612654Z   2026-05-08: 2 problems
2026-10-08T15:47:51.1123953Z   2026-05-07: 2 problems
2026-10-08T15:47:51.3860252Z   2026-05-06: 2 problems
2026-10-08T15:47:51.6249044Z   2026-05-05: 2 problems
2026-10-08T15:47:51.8557346Z   2026-05-04: 2 problems
2026-10-08T15:47:52.0806887Z   2026-05-02: 2 problems
2026-10-08T15:47:52.3170362Z   2026-05-01: 2 problems
2026-10-08T15:47:52.5527600Z   2026-04-30: 2 problems
2026-10-08T15:47:52.7889540Z   2026-04-29: 2 problems
2026-10-08T15:47:53.0356974Z   2026-04-28: 2 problems
2026-10-08T15:47:53.2737007Z   2026-04-27: 2 problems
2026-10-08T15:47:53.5223623Z   2026-04-25: 2 problems
2026-10-08T15:47:53.7422248Z   2026-04-24: 2 problems
2026-10-08T15:47:53.9784733Z   2026-04-23: 2 problems
2026-10-08T15:47:54.2325287Z   2026-04-22: 2 problems
2026-10-08T15:47:54.5942214Z   2026-04-21: 2 problems
2026-10-08T15:47:54.8221251Z   2026-04-20: 2 problems
2026-10-08T15:47:55.0640740Z   2026-04-18: 2 problems
2026-10-08T15:47:55.2995887Z   2026-04-17: 2 problems
2026-10-08T15:47:55.5435735Z   2026-04-16: 2 problems
2026-10-08T15:47:55.7946985Z   2026-04-15: 2 problems
2026-10-08T15:47:56.0299147Z   2026-04-14: 2 problems
2026-10-08T15:47:56.4029469Z   2026-04-13: 2 problems
2026-10-08T15:47:56.6276199Z   2026-04-11: 2 problems
2026-10-08T15:47:56.8605139Z   2026-04-10: 2 problems
2026-10-08T15:47:57.1184859Z   2026-04-09: 2 problems
2026-10-08T15:47:57.2756263Z   2026-04-08: 2 problems
2026-10-08T15:47:57.5193841Z   2026-04-07: 2 problems
2026-10-08T15:47:57.7663045Z   2026-04-06: 2 problems
2026-10-08T15:47:58.0228479Z   2026-04-04: 2 problems
2026-10-08T15:47:58.2522526Z   2026-04-03: 2 problems
2026-10-08T15:47:58.5017816Z   2026-04-02: 2 problems
2026-10-08T15:47:58.7244733Z   2026-04-01: 2 problems
2026-10-08T15:47:58.9596439Z   2026-03-31: 2 problems
2026-10-08T15:47:59.2574422Z   2026-03-30: 2 problems
2026-10-08T15:47:59.4903602Z   2026-03-28: 2 problems
2026-10-08T15:47:59.7310543Z   2026-03-27: 2 problems
2026-10-08T15:47:59.9512960Z   2026-03-26: 2 problems
2026-10-08T15:48:00.1867565Z   2026-03-25: 2 problems
2026-10-08T15:48:00.4203782Z   2026-03-24: 2 problems
2026-10-08T15:48:00.7024491Z   2026-03-23: 2 problems
2026-10-08T15:48:00.9374072Z   2026-03-21: 2 problems
2026-10-08T15:48:01.1717810Z   2026-03-20: 2 problems
2026-10-08T15:48:01.4372930Z   2026-03-19: 2 problems
2026-10-08T15:48:01.6542153Z   2026-03-18: 2 problems
2026-10-08T15:48:01.9087868Z   2026-03-17: 2 problems
2026-10-08T15:48:02.2397959Z   2026-03-16: 2 problems
2026-10-08T15:48:02.4778595Z   2026-03-14: 2 problems
2026-10-08T15:48:02.9460338Z   2026-03-13: 2 problems
2026-10-08T15:48:03.1799053Z   2026-03-12: 2 problems
2026-10-08T15:48:03.5376190Z   2026-03-11: 2 problems
2026-10-08T15:48:03.7685678Z   2026-03-10: 2 problems
2026-10-08T15:48:04.0277792Z   2026-03-09: 2 problems
2026-10-08T15:48:04.2586587Z   2026-03-07: 2 problems
2026-10-08T15:48:04.5040992Z   2026-03-06: 2 problems
2026-10-08T15:48:04.8546491Z   2026-03-05: 2 problems
2026-10-08T15:48:05.3206990Z   2026-03-04: 2 problems
2026-10-08T15:48:05.7608460Z   2026-03-03: 2 problems
2026-10-08T15:48:06.0019939Z   2026-03-02: 2 problems
2026-10-08T15:48:06.2412048Z   2026-02-28: 2 problems
2026-10-08T15:48:06.4725013Z   2026-02-27: 2 problems
2026-10-08T15:48:06.7195159Z   2026-02-26: 2 problems
2026-10-08T15:48:06.9444069Z   2026-02-25: 2 problems
2026-10-08T15:48:07.1773686Z   2026-02-24: 2 problems
2026-10-08T15:48:07.5360965Z   2026-02-23: 2 problems
2026-10-08T15:48:07.7718070Z   2026-02-21: 2 problems
2026-10-08T15:48:08.0248039Z   2026-02-20: 2 problems
2026-10-08T15:48:08.2647767Z   2026-02-19: 2 problems
2026-10-08T15:48:08.4985668Z   2026-02-18: 2 problems
2026-10-08T15:48:08.7341787Z   2026-02-17: 2 problems
2026-10-08T15:48:09.0809925Z   2026-02-16: 2 problems
2026-10-08T15:48:09.3186125Z   2026-02-14: 2 problems
2026-10-08T15:48:09.6645262Z   2026-02-13: 2 problems
2026-10-08T15:48:09.9061052Z   2026-02-12: 2 problems
2026-10-08T15:48:10.1540965Z   2026-02-11: 2 problems
2026-10-08T15:48:10.5011294Z   2026-02-10: 2 problems
2026-10-08T15:48:10.7416435Z   2026-02-09: 2 problems
2026-10-08T15:48:10.9748421Z   2026-02-07: 2 problems
2026-10-08T15:48:11.3132647Z   2026-02-06: 2 problems
2026-10-08T15:48:11.5456005Z   2026-02-05: 2 problems
2026-10-08T15:48:11.7932613Z   2026-02-04: 2 problems
2026-10-08T15:48:12.0249411Z   2026-02-03: 2 problems
2026-10-08T15:48:12.2755700Z   2026-02-02: 2 problems
2026-10-08T15:48:12.6188924Z   2026-01-31: 2 problems
2026-10-08T15:48:12.8756911Z   2026-01-30: 2 problems
2026-10-08T15:48:13.1160956Z   2026-01-29: 2 problems
2026-10-08T15:48:13.3492133Z   2026-01-28: 2 problems
2026-10-08T15:48:13.5834720Z   2026-01-27: 2 problems
2026-10-08T15:48:13.8139309Z   2026-01-26: 2 problems
2026-10-08T15:48:14.0397820Z   2026-01-24: 2 problems
2026-10-08T15:48:14.2584394Z   2026-01-23: 2 problems
2026-10-08T15:48:14.4063970Z   2026-01-22: 2 problems
2026-10-08T15:48:14.6291570Z   2026-01-21: 2 problems
2026-10-08T15:48:14.8682865Z   2026-01-20: 2 problems
2026-10-08T15:48:15.0881380Z   2026-01-19: 2 problems
2026-10-08T15:48:15.3150355Z   2026-01-17: 2 problems
2026-10-08T15:48:15.5700867Z   2026-01-16: 2 problems
2026-10-08T15:48:15.8016388Z   2026-01-15: 2 problems
2026-10-08T15:48:16.0236254Z   2026-01-14: 2 problems
2026-10-08T15:48:16.2613370Z   2026-01-13: 2 problems
2026-10-08T15:48:16.4990079Z   2026-01-12: 2 problems
2026-10-08T15:48:16.7361916Z   2026-01-10: 2 problems
2026-10-08T15:48:16.9642291Z   2026-01-09: 2 problems
2026-10-08T15:48:17.2168298Z   2026-01-08: 2 problems
2026-10-08T15:48:17.4299616Z   2026-01-07: 2 problems
2026-10-08T15:48:17.6987019Z   2026-01-06: 2 problems
2026-10-08T15:48:17.9158184Z   2026-01-05: 2 problems
2026-10-08T15:48:18.1613925Z   2026-01-03: 2 problems
2026-10-08T15:48:18.3951672Z   2026-01-02: 2 problems
2026-10-08T15:48:18.6201502Z   2026-01-01: 2 problems
2026-10-08T15:48:18.8612946Z   2025-12-31: 2 problems
2026-10-08T15:48:19.1163050Z   2025-12-30: 2 problems
2026-10-08T15:48:19.3635360Z   2025-12-29: 2 problems
2026-10-08T15:48:19.6460331Z   2025-12-27: 2 problems
2026-10-08T15:48:19.8978945Z   2025-12-26: 2 problems
2026-10-08T15:48:20.1332975Z   2025-12-25: 2 problems
2026-10-08T15:48:20.3637389Z   2025-12-24: 2 problems
2026-10-08T15:48:20.5955927Z   2025-12-23: 2 problems
2026-10-08T15:48:20.8360546Z   2025-12-22: 2 problems
2026-10-08T15:48:21.0751945Z   2025-12-20: 2 problems
2026-10-08T15:48:21.3245130Z   2025-12-19: 2 problems
2026-10-08T15:48:21.5625821Z   2025-12-18: 2 problems
2026-10-08T15:48:21.7936181Z   2025-12-17: 2 problems
2026-10-08T15:48:22.0280750Z   2025-12-16: 2 problems
2026-10-08T15:48:22.2539079Z   2025-12-15: 2 problems
2026-10-08T15:48:22.5031482Z   2025-12-13: 2 problems
2026-10-08T15:48:22.8567780Z   2025-12-12: 2 problems
2026-10-08T15:48:23.0858949Z   2025-12-11: 2 problems
2026-10-08T15:48:23.3168321Z   2025-12-10: 2 problems
2026-10-08T15:48:23.6566867Z   2025-12-09: 2 problems
2026-10-08T15:48:23.8040900Z   2025-12-08: 2 problems
2026-10-08T15:48:24.0320810Z   2025-12-06: 2 problems
2026-10-08T15:48:24.2750358Z   2025-12-05: 2 problems
2026-10-08T15:48:24.5001923Z   2025-12-04: 2 problems
2026-10-08T15:48:24.7360727Z   2025-12-03: 2 problems
2026-10-08T15:48:24.9810010Z   2025-12-02: 2 problems
2026-10-08T15:48:25.2142816Z   2025-12-01: 2 problems
2026-10-08T15:48:25.4872259Z   2025-11-29: 2 problems
2026-10-08T15:48:25.7340289Z   2025-11-28: 2 problems
2026-10-08T15:48:25.9493746Z   2025-11-27: 2 problems
2026-10-08T15:48:26.1804126Z   2025-11-26: 2 problems
2026-10-08T15:48:26.4182888Z   2025-11-25: 2 problems
2026-10-08T15:48:26.6648690Z   2025-11-24: 2 problems
2026-10-08T15:48:26.8928303Z   2025-11-22: 2 problems
2026-10-08T15:48:27.1158301Z   2025-11-21: 2 problems
2026-10-08T15:48:27.3699709Z   2025-11-20: 2 problems
2026-10-08T15:48:27.5978102Z   2025-11-19: 2 problems
2026-10-08T15:48:27.8405508Z   2025-11-18: 2 problems
2026-10-08T15:48:28.0955745Z   2025-11-17: 2 problems
2026-10-08T15:48:28.3305764Z   2025-11-15: 2 problems
2026-10-08T15:48:28.5775225Z   2025-11-14: 2 problems
2026-10-08T15:48:28.9354064Z   2025-11-13: 2 problems
2026-10-08T15:48:29.2112082Z   2025-11-12: 2 problems
2026-10-08T15:48:29.4611719Z   2025-11-11: 2 problems
2026-10-08T15:48:29.6907901Z   2025-11-10: 2 problems
2026-10-08T15:48:29.9178331Z   2025-11-08: 2 problems
2026-10-08T15:48:30.1470527Z   2025-11-07: 2 problems
2026-10-08T15:48:30.3797171Z   2025-11-06: 2 problems
2026-10-08T15:48:30.6307849Z   2025-11-05: 2 problems
2026-10-08T15:48:30.8706571Z   2025-11-04: 2 problems
2026-10-08T15:48:31.0965627Z   2025-11-03: 2 problems
2026-10-08T15:48:31.4430742Z   2025-11-01: 2 problems
2026-10-08T15:48:31.6210342Z   2025-10-31: 2 problems
2026-10-08T15:48:31.8540820Z   2025-10-30: 2 problems
2026-10-08T15:48:32.4194799Z   2025-10-29: 2 problems
2026-10-08T15:48:32.7260904Z   2025-10-28: 2 problems
2026-10-08T15:48:32.9683408Z   2025-10-27: 2 problems
2026-10-08T15:48:33.2131156Z   2025-10-25: 2 problems
2026-10-08T15:48:33.4699049Z   2025-10-24: 2 problems
2026-10-08T15:48:33.6991010Z   2025-10-23: 2 problems
2026-10-08T15:48:33.9246654Z   2025-10-22: 2 problems
2026-10-08T15:48:34.1555583Z   2025-10-21: 2 problems
2026-10-08T15:48:34.5235948Z   2025-10-20: 2 problems
2026-10-08T15:48:35.0002857Z   2025-10-18: 2 problems
2026-10-08T15:48:35.2288370Z   2025-10-17: 2 problems
2026-10-08T15:48:35.5940420Z   2025-10-16: 2 problems
2026-10-08T15:48:35.8384643Z   2025-10-15: 2 problems
2026-10-08T15:48:36.1973999Z   2025-10-14: 2 problems
2026-10-08T15:48:36.5432646Z   2025-10-13: 2 problems
2026-10-08T15:48:36.7983806Z   2025-10-11: 2 problems
2026-10-08T15:48:37.1402351Z   2025-10-10: 2 problems
2026-10-08T15:48:37.3800242Z   2025-10-09: 2 problems
2026-10-08T15:48:37.6094320Z   2025-10-08: 2 problems
2026-10-08T15:48:37.9524786Z   2025-10-07: 2 problems
2026-10-08T15:48:38.4277479Z   2025-10-06: 2 problems
2026-10-08T15:48:38.7525916Z   2025-10-04: 2 problems
2026-10-08T15:48:39.0841133Z   2025-10-03: 2 problems
2026-10-08T15:48:39.4712524Z   2025-10-02: 2 problems
2026-10-08T15:48:39.9140579Z   2025-10-01: 2 problems
2026-10-08T15:48:40.2578572Z   2025-09-30: 2 problems
2026-10-08T15:48:40.6214000Z   2025-09-29: 2 problems
2026-10-08T15:48:40.8576192Z   2025-09-27: 2 problems
2026-10-08T15:48:41.0895916Z   2025-09-26: 2 problems
2026-10-08T15:48:41.4770660Z   2025-09-25: 2 problems
2026-10-08T15:48:41.7021766Z   2025-09-24: 2 problems
2026-10-08T15:48:41.9494436Z   2025-09-23: 2 problems
2026-10-08T15:48:42.2013355Z   2025-09-22: 2 problems
2026-10-08T15:48:42.4467282Z   2025-09-20: 2 problems
2026-10-08T15:48:42.6727436Z   2025-09-19: 2 problems
2026-10-08T15:48:42.9101590Z   2025-09-18: 2 problems
2026-10-08T15:48:43.1400365Z   2025-09-17: 2 problems
2026-10-08T15:48:43.3705509Z   2025-09-16: 2 problems
2026-10-08T15:48:43.6026409Z   2025-09-15: 2 problems
2026-10-08T15:48:43.8215212Z   2025-09-13: 2 problems
2026-10-08T15:48:44.0615221Z   2025-09-12: 2 problems
2026-10-08T15:48:44.2945565Z   2025-09-11: 2 problems
2026-10-08T15:48:44.5156657Z   2025-09-10: 2 problems
2026-10-08T15:48:44.7504317Z   2025-09-09: 2 problems
2026-10-08T15:48:44.9834168Z   2025-09-08: 2 problems
2026-10-08T15:48:45.2116415Z   2025-09-06: 2 problems
2026-10-08T15:48:45.4457512Z   2025-09-05: 2 problems
2026-10-08T15:48:45.6700741Z   2025-09-04: 2 problems
2026-10-08T15:48:45.8811803Z   2025-09-03: 2 problems
2026-10-08T15:48:46.1197386Z   2025-09-02: 2 problems
2026-10-08T15:48:46.3488240Z   2025-09-01: 2 problems
2026-10-08T15:48:46.5645699Z   2025-08-30: 2 problems
2026-10-08T15:48:46.7962791Z   2025-08-29: 2 problems
2026-10-08T15:48:47.0154334Z   2025-08-28: 2 problems
2026-10-08T15:48:47.2483116Z   2025-08-27: 2 problems
2026-10-08T15:48:47.4723679Z   2025-08-26: 2 problems
2026-10-08T15:48:47.7001583Z   2025-08-25: 2 problems
2026-10-08T15:48:47.9358357Z   2025-08-23: 2 problems
2026-10-08T15:48:48.1759780Z   2025-08-22: 2 problems
2026-10-08T15:48:48.4134512Z   2025-08-21: 2 problems
2026-10-08T15:48:48.7578287Z   2025-08-20: 2 problems
2026-10-08T15:48:49.0304704Z   2025-08-19: 2 problems
2026-10-08T15:48:49.3567571Z   2025-08-18: 2 problems
2026-10-08T15:48:49.5775082Z   2025-08-16: 2 problems
2026-10-08T15:48:49.8102208Z   2025-08-15: 2 problems
2026-10-08T15:48:50.0207014Z   2025-08-14: 2 problems
2026-10-08T15:48:50.2615069Z   2025-08-13: 2 problems
2026-10-08T15:48:50.4893350Z   2025-08-12: 2 problems
2026-10-08T15:48:50.7365342Z   2025-08-11: 2 problems
2026-10-08T15:48:50.9904535Z   2025-08-09: 2 problems
2026-10-08T15:48:51.2291717Z   2025-08-08: 2 problems
2026-10-08T15:48:51.4539473Z   2025-08-07: 2 problems
2026-10-08T15:48:51.6726369Z   2025-08-06: 2 problems
2026-10-08T15:48:51.8957008Z   2025-08-05: 2 problems
2026-10-08T15:48:52.2774079Z   2025-08-04: 2 problems
2026-10-08T15:48:52.5032264Z   2025-08-02: 2 problems
2026-10-08T15:48:52.7470218Z   2025-08-01: 2 problems
2026-10-08T15:48:52.9745814Z   2025-07-31: 2 problems
2026-10-08T15:48:53.2053123Z   2025-07-30: 2 problems
2026-10-08T15:48:53.4455649Z   2025-07-29: 2 problems
2026-10-08T15:48:53.7030277Z   2025-07-28: 2 problems
2026-10-08T15:48:53.9373677Z   2025-07-26: 2 problems
2026-10-08T15:48:54.1753731Z   2025-07-25: 2 problems
2026-10-08T15:48:54.4173783Z   2025-07-24: 2 problems
2026-10-08T15:48:54.6701063Z   2025-07-23: 2 problems
2026-10-08T15:48:54.9070984Z   2025-07-22: 2 problems
2026-10-08T15:48:55.1531953Z   2025-07-21: 2 problems
2026-10-08T15:48:55.3766382Z   2025-07-19: 2 problems
2026-10-08T15:48:55.6035518Z   2025-07-18: 2 problems
2026-10-08T15:48:55.8480763Z   2025-07-17: 2 problems
2026-10-08T15:48:56.0782464Z   2025-07-16: 2 problems
2026-10-08T15:48:56.3130084Z   2025-07-15: 2 problems
2026-10-08T15:48:56.5375987Z   2025-07-14: 2 problems
2026-10-08T15:48:56.7725595Z   2025-07-12: 2 problems
2026-10-08T15:48:57.0163094Z   2025-07-11: 2 problems
2026-10-08T15:48:57.2462921Z   2025-07-10: 2 problems
2026-10-08T15:48:57.4791142Z   2025-07-09: 2 problems
2026-10-08T15:48:57.6969811Z   2025-07-08: 2 problems
2026-10-08T15:48:57.9137272Z   2025-07-07: 2 problems
2026-10-08T15:48:58.2718139Z   2025-07-05: 2 problems
2026-10-08T15:48:58.4926520Z   2025-07-04: 2 problems
2026-10-08T15:48:58.7067482Z   2025-07-03: 2 problems
2026-10-08T15:48:58.9415317Z   2025-07-02: 2 problems
2026-10-08T15:48:59.1736884Z   2025-07-01: 2 problems
2026-10-08T15:48:59.3940802Z   2025-06-30: 2 problems
2026-10-08T15:48:59.6377949Z   2025-06-28: 2 problems
2026-10-08T15:48:59.8801592Z   2025-06-27: 2 problems
2026-10-08T15:49:00.1080526Z   2025-06-26: 2 problems
2026-10-08T15:49:00.3522743Z   2025-06-25: 2 problems
2026-10-08T15:49:00.7002466Z   2025-06-24: 2 problems
2026-10-08T15:49:00.9242517Z   2025-06-23: 2 problems
2026-10-08T15:49:01.0778474Z   2025-06-21: 2 problems
2026-10-08T15:49:01.2914802Z   2025-06-20: 2 problems
2026-10-08T15:49:01.5316846Z   2025-06-19: 2 problems
2026-10-08T15:49:01.7643200Z   2025-06-18: 2 problems
2026-10-08T15:49:02.1110959Z   2025-06-17: 2 problems
2026-10-08T15:49:02.3315323Z   2025-06-16: 2 problems
2026-10-08T15:49:02.6569122Z   2025-06-14: 2 problems
2026-10-08T15:49:02.9949849Z   2025-06-13: 2 problems
2026-10-08T15:49:03.3267368Z   2025-06-12: 2 problems
2026-10-08T15:49:03.5664761Z   2025-06-11: 2 problems
2026-10-08T15:49:03.7874735Z   2025-06-10: 2 problems
2026-10-08T15:49:04.0366497Z   2025-06-09: 2 problems
2026-10-08T15:49:04.2823626Z   2025-06-07: 2 problems
2026-10-08T15:49:04.4991363Z   2025-06-06: 2 problems
2026-10-08T15:49:04.8319412Z   2025-06-05: 2 problems
2026-10-08T15:49:05.3310198Z   2025-06-04: 2 problems
2026-10-08T15:49:05.8090434Z   2025-06-03: 2 problems
2026-10-08T15:49:06.1586829Z   2025-06-02: 2 problems
2026-10-08T15:49:06.5111988Z   2025-05-31: 2 problems
2026-10-08T15:49:06.9952976Z   2025-05-30: 2 problems
2026-10-08T15:49:07.2372663Z   2025-05-29: 2 problems
2026-10-08T15:49:07.5035545Z   2025-05-28: 2 problems
2026-10-08T15:49:07.7335785Z   2025-05-27: 2 problems
2026-10-08T15:49:08.1024286Z   2025-05-26: 2 problems
2026-10-08T15:49:08.5923444Z   2025-05-24: 2 problems
2026-10-08T15:49:08.9713425Z   2025-05-23: 2 problems
2026-10-08T15:49:09.3613779Z   2025-05-22: 2 problems
2026-10-08T15:49:09.8709870Z   2025-05-21: 2 problems
2026-10-08T15:49:10.1172577Z   2025-05-20: 2 problems
2026-10-08T15:49:10.3545237Z   2025-05-19: 2 problems
2026-10-08T15:49:10.6119274Z   2025-05-17: 2 problems
2026-10-08T15:49:10.8970682Z   2025-05-16: 2 problems
2026-10-08T15:49:11.1429449Z   2025-05-15: 2 problems
2026-10-08T15:49:11.4185158Z   2025-05-14: 2 problems
2026-10-08T15:49:11.6745999Z   2025-05-13: 2 problems
2026-10-08T15:49:11.9236317Z   2025-05-12: 2 problems
2026-10-08T15:49:12.1617550Z   2025-05-10: 2 problems
2026-10-08T15:49:12.4204942Z   2025-05-09: 2 problems
2026-10-08T15:49:12.6818590Z   2025-05-08: 2 problems
2026-10-08T15:49:12.9445144Z   2025-05-07: 2 problems
2026-10-08T15:49:13.3160969Z   2025-05-06: 2 problems
2026-10-08T15:49:13.6973788Z   2025-05-05: 2 problems
2026-10-08T15:49:13.9512632Z   2025-05-03: 2 problems
2026-10-08T15:49:14.2002869Z   2025-05-02: 2 problems
2026-10-08T15:49:14.4694790Z   2025-05-01: 2 problems
2026-10-08T15:49:14.7125427Z   2025-04-30: 2 problems
2026-10-08T15:49:15.0739463Z   2025-04-29: 2 problems
2026-10-08T15:49:15.3370384Z   2025-04-28: 2 problems
2026-10-08T15:49:15.5984185Z   2025-04-26: 2 problems
2026-10-08T15:49:15.8807891Z   2025-04-25: 2 problems
2026-10-08T15:49:16.1360876Z   2025-04-24: 2 problems
2026-10-08T15:49:16.3860648Z   2025-04-23: 2 problems
2026-10-08T15:49:16.6396472Z   2025-04-22: 2 problems
2026-10-08T15:49:16.8924466Z   2025-04-21: 2 problems
2026-10-08T15:49:17.1558252Z   2025-04-19: 2 problems
2026-10-08T15:49:17.4248684Z   2025-04-18: 2 problems
2026-10-08T15:49:17.6697477Z   2025-04-17: 2 problems
2026-10-08T15:49:18.0282786Z   2025-04-16: 2 problems
2026-10-08T15:49:18.2761695Z   2025-04-15: 2 problems
2026-10-08T15:49:18.5179100Z   2025-04-14: 2 problems
2026-10-08T15:49:18.7757361Z   2025-04-12: 2 problems
2026-10-08T15:49:19.1225244Z   2025-04-11: 2 problems
2026-10-08T15:49:19.4820919Z   2025-04-10: 2 problems
2026-10-08T15:49:19.7475850Z   2025-04-09: 2 problems
2026-10-08T15:49:20.0071261Z   2025-04-08: 2 problems
2026-10-08T15:49:20.2581141Z   2025-04-07: 2 problems
2026-10-08T15:49:20.5159435Z   2025-04-05: 2 problems
2026-10-08T15:49:20.7688121Z   2025-04-04: 2 problems
2026-10-08T15:49:20.9973296Z   2025-04-03: 2 problems
2026-10-08T15:49:21.2687411Z   2025-04-02: 2 problems
2026-10-08T15:49:21.4962698Z   2025-04-01: 2 problems
2026-10-08T15:49:21.7608608Z   2025-03-31: 2 problems
2026-10-08T15:49:22.0272046Z   2025-03-29: 2 problems
2026-10-08T15:49:22.2737279Z   2025-03-28: 2 problems
2026-10-08T15:49:22.5241485Z   2025-03-27: 2 problems
2026-10-08T15:49:22.8843210Z   2025-03-26: 2 problems
2026-10-08T15:49:23.1229260Z   2025-03-25: 2 problems
2026-10-08T15:49:23.3715539Z   2025-03-24: 2 problems
2026-10-08T15:49:23.6011043Z   2025-03-22: 2 problems
2026-10-08T15:49:23.8564002Z   2025-03-21: 2 problems
2026-10-08T15:49:24.0958799Z   2025-03-20: 2 problems
2026-10-08T15:49:24.3330545Z   2025-03-19: 2 problems
2026-10-08T15:49:24.5918820Z   2025-03-18: 2 problems
2026-10-08T15:49:24.8456982Z   2025-03-17: 2 problems
2026-10-08T15:49:25.1081869Z   2025-03-15: 2 problems
2026-10-08T15:49:25.3538461Z   2025-03-14: 2 problems
2026-10-08T15:49:25.5941322Z   2025-03-13: 2 problems
2026-10-08T15:49:25.8333956Z   2025-03-12: 2 problems
2026-10-08T15:49:26.0685394Z   2025-03-11: 2 problems
2026-10-08T15:49:26.3313207Z   2025-03-10: 2 problems
2026-10-08T15:49:26.5962922Z   2025-03-08: 2 problems
2026-10-08T15:49:26.9473899Z   2025-03-07: 2 problems
2026-10-08T15:49:27.1826837Z   2025-03-06: 2 problems
2026-10-08T15:49:27.4253615Z   2025-03-05: 2 problems
2026-10-08T15:49:27.7069983Z   2025-03-04: 2 problems
2026-10-08T15:49:27.9518084Z   2025-03-03: 2 problems
2026-10-08T15:49:28.2031071Z   2025-03-01: 2 problems
2026-10-08T15:49:28.4599156Z   2025-02-28: 2 problems
2026-10-08T15:49:28.7304011Z   2025-02-27: 2 problems
2026-10-08T15:49:28.9746919Z   2025-02-26: 2 problems
2026-10-08T15:49:29.1987746Z   2025-02-25: 2 problems
2026-10-08T15:49:29.4382230Z   2025-02-24: 2 problems
2026-10-08T15:49:29.6874533Z   2025-02-22: 2 problems
2026-10-08T15:49:29.9358124Z   2025-02-21: 2 problems
2026-10-08T15:49:30.1985915Z   2025-02-20: 2 problems
2026-10-08T15:49:30.4508985Z   2025-02-19: 2 problems
2026-10-08T15:49:30.6810961Z   2025-02-18: 2 problems
2026-10-08T15:49:30.9433241Z   2025-02-17: 2 problems
2026-10-08T15:49:31.1726986Z   2025-02-15: 2 problems
2026-10-08T15:49:31.4221590Z   2025-02-14: 2 problems
2026-10-08T15:49:31.6708631Z   2025-02-13: 2 problems
2026-10-08T15:49:31.9049339Z   2025-02-12: 2 problems
2026-10-08T15:49:32.1639244Z   2025-02-11: 2 problems
2026-10-08T15:49:32.4350606Z   2025-02-10: 2 problems
2026-10-08T15:49:32.8855133Z   2025-02-08: 2 problems
2026-10-08T15:49:33.1254785Z   2025-02-07: 2 problems
2026-10-08T15:49:33.3736182Z   2025-02-06: 2 problems
2026-10-08T15:49:33.6308711Z   2025-02-05: 2 problems
2026-10-08T15:49:33.8933695Z   2025-02-04: 2 problems
2026-10-08T15:49:34.1484179Z   2025-02-03: 2 problems
2026-10-08T15:49:34.4076236Z   2025-02-01: 2 problems
2026-10-08T15:49:34.6747458Z   2025-01-31: 2 problems
2026-10-08T15:49:35.0326470Z   2025-01-30: 2 problems
2026-10-08T15:49:35.5137137Z   2025-01-29: 2 problems
2026-10-08T15:49:35.8510401Z   2025-01-28: 2 problems
2026-10-08T15:49:36.0833694Z   2025-01-27: 2 problems
2026-10-08T15:49:36.5582915Z   2025-01-25: 2 problems
2026-10-08T15:49:36.9122075Z   2025-01-24: 2 problems
2026-10-08T15:49:37.1674220Z   2025-01-23: 2 problems
2026-10-08T15:49:37.5329925Z   2025-01-22: 2 problems
2026-10-08T15:49:37.8980711Z   2025-01-21: 2 problems
2026-10-08T15:49:38.1357613Z   2025-01-20: 2 problems
2026-10-08T15:49:38.5225961Z   2025-01-18: 2 problems
2026-10-08T15:49:38.9208539Z   2025-01-17: 2 problems
2026-10-08T15:49:39.3188931Z   2025-01-16: 2 problems
2026-10-08T15:49:39.6980317Z   2025-01-15: 2 problems
2026-10-08T15:49:40.2942417Z   2025-01-14: 2 problems
2026-10-08T15:49:40.5481782Z   2025-01-13: 2 problems
2026-10-08T15:49:40.8094665Z   2025-01-11: 2 problems
2026-10-08T15:49:41.1818258Z   2025-01-10: 2 problems
2026-10-08T15:49:41.4577086Z   2025-01-09: 2 problems
2026-10-08T15:49:41.7275203Z   2025-01-08: 2 problems
2026-10-08T15:49:41.9774593Z   2025-01-07: 2 problems
2026-10-08T15:49:42.2209674Z   2025-01-06: 2 problems
2026-10-08T15:49:42.5775403Z   2025-01-04: 2 problems
2026-10-08T15:49:42.8324727Z   2025-01-03: 2 problems
2026-10-08T15:49:43.0882097Z   2025-01-02: 2 problems
2026-10-08T15:49:43.3444690Z   2025-01-01: 2 problems
2026-10-08T15:49:43.6273790Z   2024-12-31: 2 problems
2026-10-08T15:49:43.8853697Z   2024-12-30: 2 problems
2026-10-08T15:49:44.1393481Z   2024-12-28: 2 problems
2026-10-08T15:49:44.3919363Z   2024-12-27: 2 problems
2026-10-08T15:49:44.6480535Z   2024-12-26: 2 problems
2026-10-08T15:49:44.9192832Z   2024-12-25: 2 problems
2026-10-08T15:49:45.1831531Z   2024-12-24: 2 problems
2026-10-08T15:49:45.4622212Z   2024-12-23: 2 problems
2026-10-08T15:49:45.7294306Z   2024-12-21: 2 problems
2026-10-08T15:49:45.9909874Z   2024-12-20: 2 problems
2026-10-08T15:49:46.2426558Z   2024-12-19: 2 problems
2026-10-08T15:49:46.5129826Z   2024-12-18: 2 problems
2026-10-08T15:49:46.7715890Z   2024-12-17: 2 problems
2026-10-08T15:49:47.0361467Z   2024-12-16: 2 problems
2026-10-08T15:49:47.2927266Z   2024-12-14: 2 problems
2026-10-08T15:49:47.5508292Z   2024-12-13: 2 problems
2026-10-08T15:49:47.8033917Z   2024-12-12: 2 problems
2026-10-08T15:49:48.0597159Z   2024-12-11: 2 problems
2026-10-08T15:49:48.3074999Z   2024-12-10: 2 problems
2026-10-08T15:49:48.5725472Z   2024-12-09: 2 problems
2026-10-08T15:49:48.9485940Z   2024-12-07: 2 problems
2026-10-08T15:49:49.1985123Z   2024-12-06: 2 problems
2026-10-08T15:49:49.4378118Z   2024-12-05: 2 problems
2026-10-08T15:49:49.7146595Z   2024-12-04: 2 problems
2026-10-08T15:49:49.9531355Z   2024-12-03: 2 problems
2026-10-08T15:49:50.2096662Z   2024-12-02: 2 problems
2026-10-08T15:49:50.4397634Z   2024-11-30: 2 problems
2026-10-08T15:49:50.6869414Z   2024-11-29: 2 problems
2026-10-08T15:49:50.9408253Z   2024-11-28: 2 problems
2026-10-08T15:49:51.2050332Z   2024-11-27: 2 problems
2026-10-08T15:49:51.4704854Z   2024-11-26: 2 problems
2026-10-08T15:49:51.7295999Z   2024-11-25: 2 problems
2026-10-08T15:49:51.9903001Z   2024-11-23: 2 problems
2026-10-08T15:49:52.2464419Z   2024-11-22: 2 problems
2026-10-08T15:49:52.4272672Z   2024-11-21: 2 problems
2026-10-08T15:49:52.6829359Z   2024-11-20: 2 problems
2026-10-08T15:49:52.9477852Z   2024-11-19: 2 problems
2026-10-08T15:49:53.2186916Z   2024-11-18: 2 problems
2026-10-08T15:49:53.4908653Z   2024-11-16: 2 problems
2026-10-08T15:49:53.7629298Z   2024-11-15: 2 problems
2026-10-08T15:49:54.0225621Z   2024-11-14: 2 problems
2026-10-08T15:49:54.3020420Z   2024-11-13: 2 problems
2026-10-08T15:49:54.5395751Z   2024-11-12: 2 problems
2026-10-08T15:49:54.8109893Z   2024-11-11: 2 problems
2026-10-08T15:49:55.0657963Z   2024-11-09: 2 problems
2026-10-08T15:49:55.3492639Z   2024-11-08: 2 problems
2026-10-08T15:49:55.5932183Z   2024-11-07: 2 problems
2026-10-08T15:49:55.8335876Z   2024-11-06: 2 problems
2026-10-08T15:49:56.0705975Z   2024-11-05: 2 problems
2026-10-08T15:49:56.3285497Z   2024-11-04: 2 problems
2026-10-08T15:49:56.5946460Z   2024-11-02: 2 problems
2026-10-08T15:49:56.8354143Z   2024-11-01: 2 problems
2026-10-08T15:49:57.0812764Z   2024-10-31: 2 problems
2026-10-08T15:49:57.3441032Z   2024-10-30: 2 problems
2026-10-08T15:49:57.6050637Z   2024-10-29: 2 problems
2026-10-08T15:49:57.8485297Z   2024-10-28: 2 problems
2026-10-08T15:49:58.0939427Z   2024-10-26: 2 problems
2026-10-08T15:49:58.3447655Z   2024-10-25: 2 problems
2026-10-08T15:49:58.5814416Z   2024-10-24: 2 problems
2026-10-08T15:49:58.8511206Z   2024-10-23: 2 problems
2026-10-08T15:49:59.1046552Z   2024-10-22: 2 problems
2026-10-08T15:49:59.3566501Z   2024-10-21: 2 problems
2026-10-08T15:49:59.6172198Z   2024-10-19: 2 problems
2026-10-08T15:49:59.8802288Z   2024-10-18: 2 problems
2026-10-08T15:50:00.2509375Z   2024-10-17: 2 problems
2026-10-08T15:50:00.4910712Z   2024-10-16: 2 problems
2026-10-08T15:50:00.7491000Z   2024-10-15: 2 problems
2026-10-08T15:50:01.0059870Z   2024-10-14: 2 problems
2026-10-08T15:50:01.2650635Z   2024-10-12: 2 problems
2026-10-08T15:50:01.5187130Z   2024-10-11: 2 problems
2026-10-08T15:50:01.7857362Z   2024-10-10: 2 problems
2026-10-08T15:50:02.0413012Z   2024-10-09: 2 problems
2026-10-08T15:50:02.4256645Z   2024-10-08: 2 problems
2026-10-08T15:50:02.7797301Z   2024-10-07: 2 problems
2026-10-08T15:50:03.0491731Z   2024-10-05: 2 problems
2026-10-08T15:50:03.3125357Z   2024-10-04: 2 problems
2026-10-08T15:50:03.5716540Z   2024-10-03: 2 problems
2026-10-08T15:50:03.9126344Z   2024-10-02: 2 problems
2026-10-08T15:50:04.1848920Z   2024-10-01: 2 problems
2026-10-08T15:50:04.4445074Z   2024-09-30: 2 problems
2026-10-08T15:50:04.7139836Z   2024-09-28: 2 problems
2026-10-08T15:50:05.1927775Z   2024-09-27: 2 problems
2026-10-08T15:50:05.4418626Z   2024-09-26: 2 problems
2026-10-08T15:50:05.7843384Z   2024-09-25: 2 problems
2026-10-08T15:50:05.9342757Z   2024-09-24: 2 problems
2026-10-08T15:50:06.2812353Z   2024-09-23: 2 problems
2026-10-08T15:50:06.5336894Z   2024-09-21: 2 problems
2026-10-08T15:50:06.7773715Z   2024-09-20: 2 problems
2026-10-08T15:50:07.0381366Z   2024-09-19: 2 problems
2026-10-08T15:50:07.2943869Z   2024-09-18: 2 problems
2026-10-08T15:50:07.5619580Z   2024-09-17: 2 problems
2026-10-08T15:50:07.8234490Z   2024-09-16: 2 problems
2026-10-08T15:50:08.3261337Z   2024-09-14: 2 problems
2026-10-08T15:50:08.6902207Z   2024-09-13: 2 problems
2026-10-08T15:50:08.9275203Z   2024-09-12: 2 problems
2026-10-08T15:50:09.3749197Z   2024-09-11: 2 problems
2026-10-08T15:50:09.6205760Z   2024-09-10: 2 problems
2026-10-08T15:50:09.9647473Z   2024-09-09: 2 problems
2026-10-08T15:50:10.3331327Z   2024-09-07: 2 problems
2026-10-08T15:50:10.5845095Z   2024-09-06: 2 problems
2026-10-08T15:50:10.8391033Z   2024-09-05: 2 problems
2026-10-08T15:50:11.0792914Z   2024-09-04: 2 problems
2026-10-08T15:50:11.3127477Z   2024-09-03: 2 problems
2026-10-08T15:50:11.5447370Z   2024-09-02: 2 problems
2026-10-08T15:50:11.8122429Z   2024-08-31: 2 problems
2026-10-08T15:50:12.0455549Z   2024-08-30: 2 problems
2026-10-08T15:50:12.2898712Z   2024-08-29: 2 problems
2026-10-08T15:50:12.5352326Z   2024-08-28: 2 problems
2026-10-08T15:50:12.7805373Z   2024-08-27: 2 problems
2026-10-08T15:50:13.0187488Z   2024-08-26: 2 problems
2026-10-08T15:50:13.2427518Z   2024-08-24: 2 problems
2026-10-08T15:50:13.4564835Z   2024-08-23: 2 problems
2026-10-08T15:50:13.8219019Z   2024-08-22: 2 problems
2026-10-08T15:50:14.0545629Z   2024-08-21: 2 problems
2026-10-08T15:50:14.4809231Z   2024-08-20: 2 problems
2026-10-08T15:50:14.6966176Z   2024-08-19: 2 problems
2026-10-08T15:50:14.9578978Z   2024-08-17: 2 problems
2026-10-08T15:50:15.1945158Z   2024-08-16: 2 problems
2026-10-08T15:50:15.4347374Z   2024-08-15: 2 problems
2026-10-08T15:50:15.6655449Z   2024-08-14: 2 problems
2026-10-08T15:50:15.9161420Z   2024-08-13: 2 problems
2026-10-08T15:50:16.1532907Z   2024-08-12: 2 problems
2026-10-08T15:50:16.4053937Z   2024-08-10: 2 problems
2026-10-08T15:50:16.6499067Z   2024-08-09: 2 problems
2026-10-08T15:50:16.8968561Z   2024-08-08: 2 problems
2026-10-08T15:50:17.1637122Z   2024-08-07: 2 problems
2026-10-08T15:50:17.3961987Z   2024-08-06: 2 problems
2026-10-08T15:50:17.6352031Z   2024-08-05: 2 problems
2026-10-08T15:50:17.8855696Z   2024-08-03: 2 problems
2026-10-08T15:50:18.1310946Z   2024-08-02: 2 problems
2026-10-08T15:50:18.4930828Z   2024-08-01: 2 problems
2026-10-08T15:50:18.7411599Z   2024-07-31: 2 problems
2026-10-08T15:50:18.9871411Z   2024-07-30: 2 problems
2026-10-08T15:50:19.2369238Z   2024-07-29: 2 problems
2026-10-08T15:50:19.5035909Z   2024-07-27: 2 problems
2026-10-08T15:50:19.7445157Z   2024-07-26: 2 problems
2026-10-08T15:50:19.9805544Z   2024-07-25: 2 problems
2026-10-08T15:50:20.2331633Z   2024-07-24: 2 problems
2026-10-08T15:50:20.4658213Z   2024-07-23: 2 problems
2026-10-08T15:50:20.6996311Z   2024-07-22: 2 problems
2026-10-08T15:50:20.9298247Z   2024-07-20: 2 problems
2026-10-08T15:50:21.1700480Z   2024-07-19: 2 problems
2026-10-08T15:50:21.3991718Z   2024-07-18: 2 problems
2026-10-08T15:50:21.6455919Z   2024-07-17: 2 problems
2026-10-08T15:50:22.0191431Z   2024-07-16: 2 problems
2026-10-08T15:50:22.2745101Z   2024-07-15: 2 problems
2026-10-08T15:50:22.5287454Z   2024-07-13: 2 problems
2026-10-08T15:50:22.6879338Z   2024-07-12: 2 problems
2026-10-08T15:50:22.9302145Z   2024-07-11: 2 problems
2026-10-08T15:50:23.1547760Z   2024-07-10: 2 problems
2026-10-08T15:50:23.3975210Z   2024-07-09: 2 problems
2026-10-08T15:50:23.6350178Z   2024-07-08: 2 problems
2026-10-08T15:50:23.8864039Z   2024-07-06: 2 problems
2026-10-08T15:50:24.1384842Z   2024-07-05: 2 problems
2026-10-08T15:50:24.3882324Z   2024-07-04: 2 problems
2026-10-08T15:50:24.6177223Z   2024-07-03: 2 problems
2026-10-08T15:50:24.8603801Z   2024-07-02: 2 problems
2026-10-08T15:50:25.0915688Z   2024-07-01: 2 problems
2026-10-08T15:50:25.3633150Z   2024-06-29: 2 problems
2026-10-08T15:50:25.7103032Z   2024-06-28: 2 problems
2026-10-08T15:50:25.9673949Z   2024-06-27: 2 problems
2026-10-08T15:50:26.2009639Z   2024-06-26: 2 problems
2026-10-08T15:50:26.4909836Z   2024-06-25: 2 problems
2026-10-08T15:50:26.7109303Z   2024-06-24: 2 problems
2026-10-08T15:50:26.9923236Z   2024-06-22: 2 problems
2026-10-08T15:50:27.2319559Z   2024-06-21: 2 problems
2026-10-08T15:50:27.4671043Z   2024-06-20: 2 problems
2026-10-08T15:50:27.7266140Z   2024-06-19: 2 problems
2026-10-08T15:50:27.9710395Z   2024-06-18: 2 problems
2026-10-08T15:50:28.1976502Z   2024-06-17: 2 problems
2026-10-08T15:50:28.5406222Z   2024-06-15: 2 problems
2026-10-08T15:50:28.7752371Z   2024-06-14: 2 problems
2026-10-08T15:50:29.0096176Z   2024-06-13: 2 problems
2026-10-08T15:50:29.2573270Z   2024-06-12: 2 problems
2026-10-08T15:50:29.5170491Z   2024-06-11: 2 problems
2026-10-08T15:50:29.7616912Z   2024-06-10: 2 problems
2026-10-08T15:50:30.0191572Z   2024-06-08: 2 problems
2026-10-08T15:50:30.2611058Z   2024-06-07: 2 problems
2026-10-08T15:50:30.4988793Z   2024-06-06: 2 problems
2026-10-08T15:50:30.7475991Z   2024-06-05: 2 problems
2026-10-08T15:50:31.0887821Z   2024-06-04: 2 problems
2026-10-08T15:50:31.3214662Z   2024-06-03: 2 problems
2026-10-08T15:50:31.5962653Z   2024-06-01: 2 problems
2026-10-08T15:50:31.8256195Z   2024-05-31: 2 problems
2026-10-08T15:50:32.1905706Z   2024-05-30: 2 problems
2026-10-08T15:50:32.4518860Z   2024-05-29: 2 problems
2026-10-08T15:50:32.7086097Z   2024-05-28: 2 problems
2026-10-08T15:50:33.0535716Z   2024-05-27: 2 problems
2026-10-08T15:50:33.2800518Z   2024-05-25: 2 problems
2026-10-08T15:50:33.5053038Z   2024-05-24: 2 problems
2026-10-08T15:50:33.8516207Z   2024-05-23: 2 problems
2026-10-08T15:50:34.2259970Z   2024-05-22: 2 problems
2026-10-08T15:50:34.4649316Z   2024-05-21: 2 problems
2026-10-08T15:50:34.6972353Z   2024-05-20: 2 problems
2026-10-08T15:50:34.9326253Z   2024-05-18: 2 problems
2026-10-08T15:50:35.4047078Z   2024-05-17: 2 problems
2026-10-08T15:50:35.7590713Z   2024-05-16: 2 problems
2026-10-08T15:50:36.0062669Z   2024-05-15: 2 problems
2026-10-08T15:50:36.3687378Z   2024-05-14: 2 problems
2026-10-08T15:50:36.7281186Z   2024-05-13: 2 problems
2026-10-08T15:50:36.9812500Z   2024-05-11: 2 problems
2026-10-08T15:50:37.2210292Z   2024-05-10: 2 problems
2026-10-08T15:50:37.4666677Z   2024-05-09: 2 problems
2026-10-08T15:50:37.7176878Z   2024-05-08: 2 problems
2026-10-08T15:50:38.0782747Z   2024-05-07: 2 problems
2026-10-08T15:50:38.5408665Z   2024-05-06: 2 problems
2026-10-08T15:50:38.7951392Z   2024-05-04: 2 problems
2026-10-08T15:50:39.2735539Z   2024-05-03: 2 problems
2026-10-08T15:50:39.6372482Z   2024-05-02: 2 problems
2026-10-08T15:50:40.0093017Z   2024-05-01: 2 problems
2026-10-08T15:50:40.2444275Z   2024-04-30: 2 problems
2026-10-08T15:50:40.6108814Z   2024-04-29: 2 problems
2026-10-08T15:50:40.8751605Z   2024-04-27: 2 problems
2026-10-08T15:50:41.2734397Z   2024-04-26: 2 problems
2026-10-08T15:50:41.5250556Z   2024-04-25: 2 problems
2026-10-08T15:50:41.7585158Z   2024-04-24: 2 problems
2026-10-08T15:50:42.0081498Z   2024-04-23: 2 problems
2026-10-08T15:50:42.2488260Z   2024-04-22: 2 problems
2026-10-08T15:50:42.4940604Z   2024-04-20: 2 problems
2026-10-08T15:50:42.8760249Z   2024-04-19: 2 problems
2026-10-08T15:50:43.1207513Z   2024-04-18: 2 problems
2026-10-08T15:50:43.4020323Z   2024-04-17: 2 problems
2026-10-08T15:50:43.6285192Z   2024-04-16: 2 problems
2026-10-08T15:50:43.8820321Z   2024-04-15: 2 problems
2026-10-08T15:50:44.1300848Z   2024-04-13: 2 problems
2026-10-08T15:50:44.3649783Z   2024-04-12: 2 problems
2026-10-08T15:50:44.6525244Z   2024-04-11: 2 problems
2026-10-08T15:50:44.8964811Z   2024-04-10: 2 problems
2026-10-08T15:50:45.1276253Z   2024-04-09: 2 problems
2026-10-08T15:50:45.3812720Z   2024-04-08: 2 problems
2026-10-08T15:50:45.6002277Z   2024-04-06: 2 problems
2026-10-08T15:50:45.8433843Z   2024-04-05: 2 problems
2026-10-08T15:50:46.0923721Z   2024-04-04: 2 problems
2026-10-08T15:50:46.3093716Z   2024-04-03: 2 problems
2026-10-08T15:50:46.5572652Z   2024-04-02: 2 problems
2026-10-08T15:50:46.8062469Z   2024-04-01: 2 problems
2026-10-08T15:50:47.1762124Z   2024-03-30: 2 problems
2026-10-08T15:50:47.4112695Z   2024-03-29: 2 problems
2026-10-08T15:50:47.6649297Z   2024-03-28: 2 problems
2026-10-08T15:50:47.9449204Z   2024-03-27: 2 problems
2026-10-08T15:50:48.1954743Z   2024-03-26: 2 problems
2026-10-08T15:50:48.4297224Z   2024-03-25: 2 problems
2026-10-08T15:50:48.6659788Z   2024-03-23: 2 problems
2026-10-08T15:50:48.9031897Z   2024-03-22: 2 problems
2026-10-08T15:50:49.1326449Z   2024-03-21: 2 problems
2026-10-08T15:50:49.3751216Z   2024-03-20: 2 problems
2026-10-08T15:50:49.6055109Z   2024-03-19: 2 problems
2026-10-08T15:50:49.8494601Z   2024-03-18: 2 problems
2026-10-08T15:50:50.0893366Z   2024-03-16: 2 problems
2026-10-08T15:50:50.3322923Z   2024-03-15: 2 problems
2026-10-08T15:50:50.5687550Z   2024-03-14: 2 problems
2026-10-08T15:50:50.7967426Z   2024-03-13: 2 problems
2026-10-08T15:50:51.0216280Z   2024-03-12: 2 problems
2026-10-08T15:50:51.2442287Z   2024-03-11: 2 problems
2026-10-08T15:50:51.5074790Z   2024-03-09: 2 problems
2026-10-08T15:50:51.7452524Z   2024-03-08: 2 problems
2026-10-08T15:50:51.9776925Z   2024-03-07: 2 problems
2026-10-08T15:50:52.2127915Z   2024-03-06: 2 problems
2026-10-08T15:50:52.4350198Z   2024-03-05: 2 problems
2026-10-08T15:50:52.6687128Z   2024-03-04: 2 problems
2026-10-08T15:50:52.9127031Z   2024-03-02: 2 problems
2026-10-08T15:50:53.1636389Z   2024-03-01: 2 problems
2026-10-08T15:50:53.4143595Z   2024-02-29: 2 problems
2026-10-08T15:50:53.6436643Z   2024-02-28: 2 problems
2026-10-08T15:50:54.0084100Z   2024-02-27: 2 problems
2026-10-08T15:50:54.2705092Z   2024-02-26: 2 problems
2026-10-08T15:50:54.2706915Z Building categories...
2026-10-08T15:50:56.3086509Z Wrote /home/runner/work/ys_problem_web/ys_problem_web/data/daily.json (818 days, 21 categories).
2026-10-08T15:50:56.3087039Z Syncing leaderboard (records.js from gh-pages)...
2026-10-08T15:50:56.3917769Z   ✓ 362 players, data through 2026-10-07 (unchanged)
2026-10-08T15:50:56.3918103Z LEADERBOARD-SYNC {"changed":false,"players":362,"currentDate":"2026-10-07"}
2026-10-08T15:50:56.4089395Z ##[group]Run if [ -n "4649e20f03c01d710c25997efae8a08f3a581b9b" ]; then
2026-10-08T15:50:56.4089676Z [36;1mif [ -n "4649e20f03c01d710c25997efae8a08f3a581b9b" ]; then[0m
2026-10-08T15:50:56.4089918Z [36;1m  echo "4649e20f03c01d710c25997efae8a08f3a581b9b" > data/.upstream-sha[0m
2026-10-08T15:50:56.4090112Z [36;1mfi[0m
2026-10-08T15:50:56.4090257Z [36;1mif [ -n "d6ce2818a05a92414fcaba2bd7f4ecf1f56e140f" ]; then[0m
2026-10-08T15:50:56.4090500Z [36;1m  echo "d6ce2818a05a92414fcaba2bd7f4ecf1f56e140f" > data/.leaderboard-sha[0m
2026-10-08T15:50:56.4090714Z [36;1mfi[0m
2026-10-08T15:50:56.4139841Z shell: /usr/bin/bash -e {0}
2026-10-08T15:50:56.4139979Z ##[endgroup]
2026-10-08T15:50:56.4229430Z ##[group]Run node scripts/push-data-branches.mjs --problems --misc --prune
2026-10-08T15:50:56.4229735Z [36;1mnode scripts/push-data-branches.mjs --problems --misc --prune[0m
2026-10-08T15:50:56.4229944Z [36;1mnode scripts/publish-deploy.mjs[0m
2026-10-08T15:50:56.4276667Z shell: /usr/bin/bash -e {0}
2026-10-08T15:50:56.4276920Z ##[endgroup]
2026-10-08T15:50:57.4551297Z data/problems: overlaid data/statements from remote tip
2026-10-08T15:50:58.7181752Z data/problems: pushed 3c5b5766e36d
2026-10-08T15:51:02.8879082Z data/misc-2026-10-08: pushed b36dc963249b (new branch)
2026-10-08T15:51:03.1959887Z prune: no data/misc-* branch older than 60 days
2026-10-08T15:51:06.4785607Z deploy: force-pushed orphan 8e68dd49657a (tree 7c545968e0c5), replaced bcb1dbebfc36
2026-10-08T15:51:06.4901953Z Post job cleanup.
2026-10-08T15:51:06.5429281Z [command]/usr/bin/git version
2026-10-08T15:51:06.5457811Z git version 2.55.0
2026-10-08T15:51:06.5481365Z Temporarily overriding HOME='/home/runner/work/_temp/95904628-8c89-4168-889c-2574348016d2' before making global git config changes
2026-10-08T15:51:06.5482009Z Adding repository directory to the temporary git global config as a safe directory
2026-10-08T15:51:06.5485080Z [command]/usr/bin/git config --global --add safe.directory /home/runner/work/ys_problem_web/ys_problem_web
2026-10-08T15:51:06.5514476Z [command]/usr/bin/git config --local --name-only --get-regexp core\.sshCommand
2026-10-08T15:51:06.5539643Z [command]/usr/bin/git submodule foreach --recursive sh -c "git config --local --name-only --get-regexp 'core\.sshCommand' && git config --local --unset-all 'core.sshCommand' || :"
2026-10-08T15:51:06.5725001Z [command]/usr/bin/git config --local --name-only --get-regexp http\.https\:\/\/github\.com\/\.extraheader
2026-10-08T15:51:06.5746988Z http.https://github.com/.extraheader
2026-10-08T15:51:06.5778347Z [command]/usr/bin/git config --local --unset-all http.https://github.com/.extraheader
2026-10-08T15:51:06.5786425Z [command]/usr/bin/git submodule foreach --recursive sh -c "git config --local --name-only --get-regexp 'http\.https\:\/\/github\.com\/\.extraheader' && git config --local --unset-all 'http.https://github.com/.extraheader' || :"
2026-10-08T15:51:06.6005965Z [command]/usr/bin/git config --local --name-only --get-regexp ^includeIf\.gitdir:
2026-10-08T15:51:06.6034944Z [command]/usr/bin/git submodule foreach --recursive git config --local --show-origin --name-only --get-regexp remote.origin.url
2026-10-08T15:51:06.6322578Z Evaluate and set job outputs
2026-10-08T15:51:06.6327079Z Set output 'changed'
2026-10-08T15:51:06.6328047Z Set output 'lb_changed'
2026-10-08T15:51:06.6328628Z Cleaning up orphan processes
2026-10-08T15:51:06.6545491Z ##[warning]Node.js 20 is deprecated. The following actions target Node.js 20 but are being forced to run on Node.js 24: actions/checkout@v4. For more information see: https://github.blog/changelog/2025-09-19-deprecation-of-node-20-on-github-actions-runners/

