<!--YSLOG {"runId":37196675877,"event":"workflow_dispatch","startedAt":"2026-10-04T10:50:45Z","savedAt":"2026-10-04T11:37:38.745Z","url":"https://github.com/Sam5440/ys_problem_web/actions/runs/37196675877","jobName":"update"}-->
2026-10-04T10:50:45.7750037Z Current runner version: '2.337.0'
2026-10-04T10:50:45.7785798Z ##[group]Runner Image Provisioner
2026-10-04T10:50:45.7787206Z Hosted Compute Agent
2026-10-04T10:50:45.7788252Z Version: 20260901.588
2026-10-04T10:50:45.7789361Z Commit: f88ec8081b781fac6c440065ac7ff9e710ce3d0b
2026-10-04T10:50:45.7790742Z Build Date: 2026-09-01T19:56:44Z
2026-10-04T10:50:45.7791975Z Worker ID: {ffa99599-fff9-4bcc-a50e-538d0acc0aa2}
2026-10-04T10:50:45.7793217Z Azure Region: eastus2
2026-10-04T10:50:45.7794596Z ##[endgroup]
2026-10-04T10:50:45.7797504Z ##[group]Operating System
2026-10-04T10:50:45.7799124Z Ubuntu
2026-10-04T10:50:45.7800141Z 24.04.5
2026-10-04T10:50:45.7801000Z LTS
2026-10-04T10:50:45.7801953Z ##[endgroup]
2026-10-04T10:50:45.7803007Z ##[group]Runner Image
2026-10-04T10:50:45.7804453Z Image: ubuntu-24.04
2026-10-04T10:50:45.7805421Z Version: 20260927.320.1
2026-10-04T10:50:45.7807644Z Included Software: https://github.com/actions/runner-images/blob/ubuntu24/20260927.320/images/ubuntu/Ubuntu2404-Readme.md
2026-10-04T10:50:45.7810316Z Image Release: https://github.com/actions/runner-images/releases/tag/ubuntu24%2F20260927.320
2026-10-04T10:50:45.7812298Z ##[endgroup]
2026-10-04T10:50:45.7814540Z ##[group]GITHUB_TOKEN Permissions
2026-10-04T10:50:45.7817573Z Actions: write
2026-10-04T10:50:45.7818517Z Contents: write
2026-10-04T10:50:45.7819698Z Metadata: read
2026-10-04T10:50:45.7820644Z ##[endgroup]
2026-10-04T10:50:45.7824033Z Secret source: Actions
2026-10-04T10:50:45.7825820Z Cache mode: write
2026-10-04T10:50:45.7827505Z Prepare workflow directory
2026-10-04T10:50:45.8282010Z Prepare all required actions
2026-10-04T10:50:45.8330153Z Getting action download info
2026-10-04T10:50:46.0182476Z Download action repository 'actions/checkout@v4' (SHA:11d5960a326750d5838078e36cf38b85af677262)
2026-10-04T10:50:46.2263282Z Complete job name: update
2026-10-04T10:50:46.3086334Z ##[group]Run actions/checkout@v4
2026-10-04T10:50:46.3087268Z with:
2026-10-04T10:50:46.3087751Z   repository: Sam5440/ys_problem_web
2026-10-04T10:50:46.3091571Z   token: ***
2026-10-04T10:50:46.3092044Z   ssh-strict: true
2026-10-04T10:50:46.3092515Z   ssh-user: git
2026-10-04T10:50:46.3092997Z   persist-credentials: true
2026-10-04T10:50:46.3093516Z   clean: true
2026-10-04T10:50:46.3094216Z   sparse-checkout-cone-mode: true
2026-10-04T10:50:46.3094785Z   fetch-depth: 1
2026-10-04T10:50:46.3095254Z   fetch-tags: false
2026-10-04T10:50:46.3095722Z   show-progress: true
2026-10-04T10:50:46.3096196Z   lfs: false
2026-10-04T10:50:46.3096629Z   submodules: false
2026-10-04T10:50:46.3097103Z   set-safe-directory: true
2026-10-04T10:50:46.3097659Z   allow-unsafe-pr-checkout: false
2026-10-04T10:50:46.3098487Z ##[endgroup]
2026-10-04T10:50:46.4098078Z Syncing repository: Sam5440/ys_problem_web
2026-10-04T10:50:46.4100740Z ##[group]Getting Git version info
2026-10-04T10:50:46.4102080Z Working directory is '/home/runner/work/ys_problem_web/ys_problem_web'
2026-10-04T10:50:46.4104155Z [command]/usr/bin/git version
2026-10-04T10:50:46.4182930Z git version 2.55.0
2026-10-04T10:50:46.4205974Z ##[endgroup]
2026-10-04T10:50:46.4224424Z Temporarily overriding HOME='/home/runner/work/_temp/084e81a0-8de1-491d-9ef7-4d236f90daac' before making global git config changes
2026-10-04T10:50:46.4227078Z Adding repository directory to the temporary git global config as a safe directory
2026-10-04T10:50:46.4229668Z [command]/usr/bin/git config --global --add safe.directory /home/runner/work/ys_problem_web/ys_problem_web
2026-10-04T10:50:46.4287721Z Deleting the contents of '/home/runner/work/ys_problem_web/ys_problem_web'
2026-10-04T10:50:46.4292733Z ##[group]Initializing the repository
2026-10-04T10:50:46.4297069Z [command]/usr/bin/git init /home/runner/work/ys_problem_web/ys_problem_web
2026-10-04T10:50:46.4430560Z hint: Using 'master' as the name for the initial branch. This default branch name
2026-10-04T10:50:46.4432643Z hint: will change to "main" in Git 3.0. To configure the initial branch name
2026-10-04T10:50:46.4434935Z hint: to use in all of your new repositories, which will suppress this warning,
2026-10-04T10:50:46.4436846Z hint: call:
2026-10-04T10:50:46.4437726Z hint:
2026-10-04T10:50:46.4438718Z hint: 	git config --global init.defaultBranch <name>
2026-10-04T10:50:46.4439817Z hint:
2026-10-04T10:50:46.4441122Z hint: Names commonly chosen instead of 'master' are 'main', 'trunk' and
2026-10-04T10:50:46.4442387Z hint: 'development'. The just-created branch can be renamed via this command:
2026-10-04T10:50:46.4443275Z hint:
2026-10-04T10:50:46.4444035Z hint: 	git branch -m <name>
2026-10-04T10:50:46.4444742Z hint:
2026-10-04T10:50:46.4445407Z hint: Disable this message with "git config set advice.defaultBranchName false"
2026-10-04T10:50:46.4446602Z Initialized empty Git repository in /home/runner/work/ys_problem_web/ys_problem_web/.git/
2026-10-04T10:50:46.4449371Z [command]/usr/bin/git remote add origin https://github.com/Sam5440/ys_problem_web
2026-10-04T10:50:46.4509817Z ##[endgroup]
2026-10-04T10:50:46.4510653Z ##[group]Disabling automatic garbage collection
2026-10-04T10:50:46.4517048Z [command]/usr/bin/git config --local gc.auto 0
2026-10-04T10:50:46.4549062Z ##[endgroup]
2026-10-04T10:50:46.4549895Z ##[group]Setting up auth
2026-10-04T10:50:46.4557476Z [command]/usr/bin/git config --local --name-only --get-regexp core\.sshCommand
2026-10-04T10:50:46.4592497Z [command]/usr/bin/git submodule foreach --recursive sh -c "git config --local --name-only --get-regexp 'core\.sshCommand' && git config --local --unset-all 'core.sshCommand' || :"
2026-10-04T10:50:46.5041313Z [command]/usr/bin/git config --local --name-only --get-regexp http\.https\:\/\/github\.com\/\.extraheader
2026-10-04T10:50:46.5082955Z [command]/usr/bin/git submodule foreach --recursive sh -c "git config --local --name-only --get-regexp 'http\.https\:\/\/github\.com\/\.extraheader' && git config --local --unset-all 'http.https://github.com/.extraheader' || :"
2026-10-04T10:50:46.5311144Z [command]/usr/bin/git config --local --name-only --get-regexp ^includeIf\.gitdir:
2026-10-04T10:50:46.5348321Z [command]/usr/bin/git submodule foreach --recursive git config --local --show-origin --name-only --get-regexp remote.origin.url
2026-10-04T10:50:46.5573551Z [command]/usr/bin/git config --local http.https://github.com/.extraheader AUTHORIZATION: basic ***
2026-10-04T10:50:46.5614515Z ##[endgroup]
2026-10-04T10:50:46.5615990Z ##[group]Fetching the repository
2026-10-04T10:50:46.5625968Z [command]/usr/bin/git -c protocol.version=2 fetch --no-tags --prune --no-recurse-submodules --depth=1 origin +25f941408b888ef528378c550fbb4f4a77c91c36:refs/remotes/origin/main
2026-10-04T10:50:47.7831996Z From https://github.com/Sam5440/ys_problem_web
2026-10-04T10:50:47.7837319Z  * [new ref]         25f941408b888ef528378c550fbb4f4a77c91c36 -> origin/main
2026-10-04T10:50:47.7842286Z ##[endgroup]
2026-10-04T10:50:47.7844308Z ##[group]Determining the checkout info
2026-10-04T10:50:47.7845963Z ##[endgroup]
2026-10-04T10:50:47.7847628Z [command]/usr/bin/git sparse-checkout disable
2026-10-04T10:50:47.7903563Z [command]/usr/bin/git config --local --unset-all extensions.worktreeConfig
2026-10-04T10:50:47.7939516Z ##[group]Checking out the ref
2026-10-04T10:50:47.7942627Z [command]/usr/bin/git checkout --progress --force -B main refs/remotes/origin/main
2026-10-04T10:50:47.9520288Z Switched to a new branch 'main'
2026-10-04T10:50:47.9526041Z branch 'main' set up to track 'origin/main'.
2026-10-04T10:50:47.9537779Z ##[endgroup]
2026-10-04T10:50:47.9582249Z [command]/usr/bin/git log -1 --format=%H
2026-10-04T10:50:47.9610652Z 25f941408b888ef528378c550fbb4f4a77c91c36
2026-10-04T10:50:47.9881045Z ##[group]Run UPSTREAM_SHA=$(git ls-remote https://github.com/Yawn-Sean/Daily_CF_Problems.git HEAD | cut -f1)
2026-10-04T10:50:47.9884839Z [36;1mUPSTREAM_SHA=$(git ls-remote https://github.com/Yawn-Sean/Daily_CF_Problems.git HEAD | cut -f1)[0m
2026-10-04T10:50:47.9887581Z [36;1mLAST_SHA=$(cat data/.upstream-sha 2>/dev/null || true)[0m
2026-10-04T10:50:47.9889735Z [36;1mif [ -n "$UPSTREAM_SHA" ] && [ "$UPSTREAM_SHA" = "$LAST_SHA" ]; then[0m
2026-10-04T10:50:47.9892308Z [36;1m  echo "Upstream unchanged since last sync — skipping heavy steps."[0m
2026-10-04T10:50:47.9894614Z [36;1m  echo "changed=false" >> "$GITHUB_OUTPUT"[0m
2026-10-04T10:50:47.9896112Z [36;1melse[0m
2026-10-04T10:50:47.9897295Z [36;1m  echo "changed=true" >> "$GITHUB_OUTPUT"[0m
2026-10-04T10:50:47.9898793Z [36;1mfi[0m
2026-10-04T10:50:47.9899978Z [36;1mecho "sha=$UPSTREAM_SHA" >> "$GITHUB_OUTPUT"[0m
2026-10-04T10:50:48.0202279Z shell: /usr/bin/bash -e {0}
2026-10-04T10:50:48.0203871Z ##[endgroup]
2026-10-04T10:50:48.2234873Z Upstream unchanged since last sync — skipping heavy steps.
2026-10-04T10:50:48.2321393Z ##[group]Run npm ci
2026-10-04T10:50:48.2321743Z [36;1mnpm ci[0m
2026-10-04T10:50:48.2386019Z shell: /usr/bin/bash -e {0}
2026-10-04T10:50:48.2386379Z ##[endgroup]
2026-10-04T10:50:58.7535269Z 
2026-10-04T10:50:58.7535939Z added 66 packages, and audited 67 packages in 10s
2026-10-04T10:50:58.7536838Z 
2026-10-04T10:50:58.7537296Z 14 packages are looking for funding
2026-10-04T10:50:58.7537861Z   run `npm fund` for details
2026-10-04T10:50:58.7847586Z 
2026-10-04T10:50:58.7848148Z 2 vulnerabilities (1 moderate, 1 high)
2026-10-04T10:50:58.7848605Z 
2026-10-04T10:50:58.7848908Z To address all issues (including breaking changes), run:
2026-10-04T10:50:58.7849566Z   npm audit fix --force
2026-10-04T10:50:58.8428600Z 
2026-10-04T10:50:58.8428892Z Run `npm audit` for details.
2026-10-04T10:50:58.8499041Z ##[group]Run npx playwright install --with-deps chromium
2026-10-04T10:50:58.8499839Z [36;1mnpx playwright install --with-deps chromium[0m
2026-10-04T10:50:58.8567201Z shell: /usr/bin/bash -e {0}
2026-10-04T10:50:58.8567502Z ##[endgroup]
2026-10-04T10:50:59.6341015Z Installing dependencies...
2026-10-04T10:50:59.6406912Z Switching to root user to install dependencies...
2026-10-04T10:50:59.7494913Z Get:1 file:/etc/apt/apt-mirrors.txt Mirrorlist [144 B]
2026-10-04T10:50:59.7770323Z Get:6 https://packages.microsoft.com/ubuntu/24.04/prod noble InRelease [3600 B]
2026-10-04T10:50:59.7945393Z Hit:2 http://azure.archive.ubuntu.com/ubuntu noble InRelease
2026-10-04T10:50:59.7994411Z Get:3 http://azure.archive.ubuntu.com/ubuntu noble-updates InRelease [126 kB]
2026-10-04T10:50:59.8025113Z Get:4 http://azure.archive.ubuntu.com/ubuntu noble-backports InRelease [126 kB]
2026-10-04T10:50:59.8054144Z Get:5 http://azure.archive.ubuntu.com/ubuntu noble-security InRelease [126 kB]
2026-10-04T10:50:59.8598233Z Get:7 https://packages.microsoft.com/ubuntu/24.04/prod noble/main amd64 Packages [511 kB]
2026-10-04T10:50:59.8768118Z Get:8 https://packages.microsoft.com/ubuntu/24.04/prod noble/main arm64 Packages [458 kB]
2026-10-04T10:50:59.8870007Z Get:9 https://packages.microsoft.com/ubuntu/24.04/prod noble/main armhf Packages [12.6 kB]
2026-10-04T10:50:59.9656565Z Get:10 http://azure.archive.ubuntu.com/ubuntu noble-updates/main amd64 Packages [1364 kB]
2026-10-04T10:50:59.9723963Z Get:11 http://azure.archive.ubuntu.com/ubuntu noble-updates/main Translation-en [304 kB]
2026-10-04T10:50:59.9750964Z Get:12 http://azure.archive.ubuntu.com/ubuntu noble-updates/main amd64 Components [181 kB]
2026-10-04T10:50:59.9784751Z Get:13 http://azure.archive.ubuntu.com/ubuntu noble-updates/universe amd64 Packages [1699 kB]
2026-10-04T10:50:59.9838314Z Get:14 http://azure.archive.ubuntu.com/ubuntu noble-updates/universe Translation-en [341 kB]
2026-10-04T10:50:59.9865184Z Get:15 http://azure.archive.ubuntu.com/ubuntu noble-updates/universe amd64 Components [388 kB]
2026-10-04T10:50:59.9888775Z Get:16 http://azure.archive.ubuntu.com/ubuntu noble-updates/restricted amd64 Packages [1720 kB]
2026-10-04T10:50:59.9971216Z Get:17 http://azure.archive.ubuntu.com/ubuntu noble-updates/restricted Translation-en [394 kB]
2026-10-04T10:50:59.9996591Z Get:18 http://azure.archive.ubuntu.com/ubuntu noble-updates/multiverse amd64 Components [940 B]
2026-10-04T10:51:00.0297783Z Get:19 http://azure.archive.ubuntu.com/ubuntu noble-backports/main amd64 Components [5736 B]
2026-10-04T10:51:00.0735415Z Get:20 http://azure.archive.ubuntu.com/ubuntu noble-backports/universe amd64 Components [12.6 kB]
2026-10-04T10:51:00.0800294Z Get:21 http://azure.archive.ubuntu.com/ubuntu noble-security/main amd64 Packages [1069 kB]
2026-10-04T10:51:00.0865111Z Get:22 http://azure.archive.ubuntu.com/ubuntu noble-security/main Translation-en [221 kB]
2026-10-04T10:51:00.0872638Z Get:23 http://azure.archive.ubuntu.com/ubuntu noble-security/main amd64 Components [46.5 kB]
2026-10-04T10:51:00.0881426Z Get:24 http://azure.archive.ubuntu.com/ubuntu noble-security/universe amd64 Packages [1216 kB]
2026-10-04T10:51:00.0939087Z Get:25 http://azure.archive.ubuntu.com/ubuntu noble-security/universe Translation-en [244 kB]
2026-10-04T10:51:00.0954549Z Get:26 http://azure.archive.ubuntu.com/ubuntu noble-security/universe amd64 Components [76.3 kB]
2026-10-04T10:51:00.0962622Z Get:27 http://azure.archive.ubuntu.com/ubuntu noble-security/restricted amd64 Packages [1566 kB]
2026-10-04T10:51:00.1038072Z Get:28 http://azure.archive.ubuntu.com/ubuntu noble-security/restricted Translation-en [361 kB]
2026-10-04T10:51:04.3053865Z Fetched 12.6 MB in 1s (9141 kB/s)
2026-10-04T10:51:05.1279918Z Reading package lists...
2026-10-04T10:51:05.1518534Z Reading package lists...
2026-10-04T10:51:05.3350003Z Building dependency tree...
2026-10-04T10:51:05.3356853Z Reading state information...
2026-10-04T10:51:05.4706628Z libasound2t64 is already the newest version (1.2.11-1ubuntu0.3).
2026-10-04T10:51:05.4708106Z libasound2t64 set to manually installed.
2026-10-04T10:51:05.4708841Z libatk-bridge2.0-0t64 is already the newest version (2.52.0-1build1).
2026-10-04T10:51:05.4709827Z libatk-bridge2.0-0t64 set to manually installed.
2026-10-04T10:51:05.4710530Z libatk1.0-0t64 is already the newest version (2.52.0-1build1).
2026-10-04T10:51:05.4711204Z libatk1.0-0t64 set to manually installed.
2026-10-04T10:51:05.4711854Z libatspi2.0-0t64 is already the newest version (2.52.0-1build1).
2026-10-04T10:51:05.4712489Z libatspi2.0-0t64 set to manually installed.
2026-10-04T10:51:05.4713095Z libcairo2 is already the newest version (1.18.0-3build1).
2026-10-04T10:51:05.4713957Z libcairo2 set to manually installed.
2026-10-04T10:51:05.4714621Z libcups2t64 is already the newest version (2.4.7-1.2ubuntu7.14).
2026-10-04T10:51:05.4715296Z libcups2t64 set to manually installed.
2026-10-04T10:51:05.4715952Z libdbus-1-3 is already the newest version (1.14.10-4ubuntu4.1).
2026-10-04T10:51:05.4716561Z libdbus-1-3 set to manually installed.
2026-10-04T10:51:05.4717147Z libdrm2 is already the newest version (2.4.125-1ubuntu0.1~24.04.2).
2026-10-04T10:51:05.4717818Z libdrm2 set to manually installed.
2026-10-04T10:51:05.4718354Z libglib2.0-0t64 is already the newest version (2.80.0-6ubuntu3.9).
2026-10-04T10:51:05.4718926Z libglib2.0-0t64 set to manually installed.
2026-10-04T10:51:05.4719287Z libnspr4 is already the newest version (2:4.35-1.1build1).
2026-10-04T10:51:05.4719649Z libnspr4 set to manually installed.
2026-10-04T10:51:05.4719967Z libnss3 is already the newest version (2:3.98-1ubuntu0.2).
2026-10-04T10:51:05.4720295Z libnss3 set to manually installed.
2026-10-04T10:51:05.4720634Z libpango-1.0-0 is already the newest version (1.52.1+ds-1build1).
2026-10-04T10:51:05.4721004Z libpango-1.0-0 set to manually installed.
2026-10-04T10:51:05.4721346Z libx11-6 is already the newest version (2:1.8.7-1build1).
2026-10-04T10:51:05.4721678Z libx11-6 set to manually installed.
2026-10-04T10:51:05.4721984Z libxcb1 is already the newest version (1.15-1ubuntu2).
2026-10-04T10:51:05.4722411Z libxcb1 set to manually installed.
2026-10-04T10:51:05.4722868Z libxcomposite1 is already the newest version (1:0.4.5-1build3).
2026-10-04T10:51:05.4723234Z libxcomposite1 set to manually installed.
2026-10-04T10:51:05.4723577Z libxdamage1 is already the newest version (1:1.1.6-1build1).
2026-10-04T10:51:05.4724416Z libxdamage1 set to manually installed.
2026-10-04T10:51:05.4724979Z libxext6 is already the newest version (2:1.3.4-1build2).
2026-10-04T10:51:05.4725473Z libxext6 set to manually installed.
2026-10-04T10:51:05.4725794Z libxfixes3 is already the newest version (1:6.0.0-2build1).
2026-10-04T10:51:05.4726368Z libxfixes3 set to manually installed.
2026-10-04T10:51:05.4726705Z libxkbcommon0 is already the newest version (1.6.0-1build1).
2026-10-04T10:51:05.4727058Z libxkbcommon0 set to manually installed.
2026-10-04T10:51:05.4727589Z libxrandr2 is already the newest version (2:1.5.2-2build1).
2026-10-04T10:51:05.4727950Z libxrandr2 set to manually installed.
2026-10-04T10:51:05.4728268Z xvfb is already the newest version (2:21.1.12-1ubuntu1.8).
2026-10-04T10:51:05.4728726Z fonts-noto-color-emoji is already the newest version (2.047-0ubuntu0.24.04.1).
2026-10-04T10:51:05.4729218Z libfontconfig1 is already the newest version (2.15.0-1.1ubuntu2).
2026-10-04T10:51:05.4729585Z libfontconfig1 set to manually installed.
2026-10-04T10:51:05.4729952Z libfreetype6 is already the newest version (2.13.2+dfsg-1ubuntu0.1).
2026-10-04T10:51:05.4730595Z libfreetype6 set to manually installed.
2026-10-04T10:51:05.4731168Z fonts-liberation is already the newest version (1:2.1.5-3).
2026-10-04T10:51:05.4731837Z fonts-liberation set to manually installed.
2026-10-04T10:51:05.4732405Z The following additional packages will be installed:
2026-10-04T10:51:05.4733147Z   libgl1-mesa-dri libglx-mesa0 mesa-libgallium xfonts-encodings xfonts-utils
2026-10-04T10:51:05.4733559Z Recommended packages:
2026-10-04T10:51:05.4734094Z   fonts-ipafont-mincho fonts-tlwg-loma
2026-10-04T10:51:05.4916346Z The following NEW packages will be installed:
2026-10-04T10:51:05.4917201Z   fonts-freefont-ttf fonts-ipafont-gothic fonts-tlwg-loma-otf fonts-unifont
2026-10-04T10:51:05.4922459Z   fonts-wqy-zenhei xfonts-cyrillic xfonts-encodings xfonts-scalable
2026-10-04T10:51:05.4923128Z   xfonts-utils
2026-10-04T10:51:05.4927207Z The following packages will be upgraded:
2026-10-04T10:51:05.4931553Z   libgbm1 libgl1-mesa-dri libglx-mesa0 mesa-libgallium
2026-10-04T10:51:05.5093565Z 4 upgraded, 9 newly installed, 0 to remove and 21 not upgraded.
2026-10-04T10:51:05.5094445Z Need to get 32.1 MB of archives.
2026-10-04T10:51:05.5095101Z After this operation, 79.5 MB of additional disk space will be used.
2026-10-04T10:51:05.5095865Z Get:1 file:/etc/apt/apt-mirrors.txt Mirrorlist [144 B]
2026-10-04T10:51:05.5416412Z Get:2 http://azure.archive.ubuntu.com/ubuntu noble/universe amd64 fonts-ipafont-gothic all 00303-21ubuntu1 [3513 kB]
2026-10-04T10:51:05.5797460Z Get:3 http://azure.archive.ubuntu.com/ubuntu noble/main amd64 fonts-freefont-ttf all 20211204+svn4273-2 [5641 kB]
2026-10-04T10:51:05.6361130Z Get:4 http://azure.archive.ubuntu.com/ubuntu noble/universe amd64 fonts-tlwg-loma-otf all 1:0.7.3-1 [107 kB]
2026-10-04T10:51:05.6548697Z Get:5 http://azure.archive.ubuntu.com/ubuntu noble/universe amd64 fonts-unifont all 1:15.1.01-1build1 [2993 kB]
2026-10-04T10:51:05.6917793Z Get:6 http://azure.archive.ubuntu.com/ubuntu noble/universe amd64 fonts-wqy-zenhei all 0.9.45-8 [7472 kB]
2026-10-04T10:51:05.7640715Z Get:7 http://azure.archive.ubuntu.com/ubuntu noble-updates/main amd64 libgl1-mesa-dri amd64 25.2.8-0ubuntu0.24.04.4 [38.0 kB]
2026-10-04T10:51:05.7824232Z Get:8 http://azure.archive.ubuntu.com/ubuntu noble-updates/main amd64 libglx-mesa0 amd64 25.2.8-0ubuntu0.24.04.4 [110 kB]
2026-10-04T10:51:05.8012315Z Get:9 http://azure.archive.ubuntu.com/ubuntu noble-updates/main amd64 libgbm1 amd64 25.2.8-0ubuntu0.24.04.4 [34.2 kB]
2026-10-04T10:51:05.8195023Z Get:10 http://azure.archive.ubuntu.com/ubuntu noble-updates/main amd64 mesa-libgallium amd64 25.2.8-0ubuntu0.24.04.4 [10.8 MB]
2026-10-04T10:51:05.9061343Z Get:11 http://azure.archive.ubuntu.com/ubuntu noble/main amd64 xfonts-encodings all 1:1.0.5-0ubuntu2 [578 kB]
2026-10-04T10:51:05.9274054Z Get:12 http://azure.archive.ubuntu.com/ubuntu noble/main amd64 xfonts-utils amd64 1:7.7+6build3 [94.4 kB]
2026-10-04T10:51:05.9458186Z Get:13 http://azure.archive.ubuntu.com/ubuntu noble/universe amd64 xfonts-cyrillic all 1:1.0.5+nmu1 [384 kB]
2026-10-04T10:51:05.9658599Z Get:14 http://azure.archive.ubuntu.com/ubuntu noble/main amd64 xfonts-scalable all 1:1.0.3-1.3 [304 kB]
2026-10-04T10:51:06.2200340Z Fetched 32.1 MB in 0s (68.4 MB/s)
2026-10-04T10:51:06.2435050Z Selecting previously unselected package fonts-ipafont-gothic.
2026-10-04T10:51:06.2772676Z (Reading database ... 
2026-10-04T10:51:06.2773212Z (Reading database ... 5%
2026-10-04T10:51:06.2773980Z (Reading database ... 10%
2026-10-04T10:51:06.2774493Z (Reading database ... 15%
2026-10-04T10:51:06.2775007Z (Reading database ... 20%
2026-10-04T10:51:06.2775488Z (Reading database ... 25%
2026-10-04T10:51:06.2775961Z (Reading database ... 30%
2026-10-04T10:51:06.2776438Z (Reading database ... 35%
2026-10-04T10:51:06.2777343Z (Reading database ... 40%
2026-10-04T10:51:06.2777841Z (Reading database ... 45%
2026-10-04T10:51:06.2778502Z (Reading database ... 50%
2026-10-04T10:51:06.2855313Z (Reading database ... 55%
2026-10-04T10:51:06.4288994Z (Reading database ... 60%
2026-10-04T10:51:06.6219670Z (Reading database ... 65%
2026-10-04T10:51:06.8236837Z (Reading database ... 70%
2026-10-04T10:51:06.9747706Z (Reading database ... 75%
2026-10-04T10:51:07.1312089Z (Reading database ... 80%
2026-10-04T10:51:07.3370976Z (Reading database ... 85%
2026-10-04T10:51:07.5259813Z (Reading database ... 90%
2026-10-04T10:51:07.7303522Z (Reading database ... 95%
2026-10-04T10:51:07.7304245Z (Reading database ... 100%
2026-10-04T10:51:07.7304865Z (Reading database ... 202296 files and directories currently installed.)
2026-10-04T10:51:07.7346502Z Preparing to unpack .../00-fonts-ipafont-gothic_00303-21ubuntu1_all.deb ...
2026-10-04T10:51:07.7439266Z Unpacking fonts-ipafont-gothic (00303-21ubuntu1) ...
2026-10-04T10:51:07.9745337Z Selecting previously unselected package fonts-freefont-ttf.
2026-10-04T10:51:07.9868681Z Preparing to unpack .../01-fonts-freefont-ttf_20211204+svn4273-2_all.deb ...
2026-10-04T10:51:07.9876070Z Unpacking fonts-freefont-ttf (20211204+svn4273-2) ...
2026-10-04T10:51:08.0706819Z Selecting previously unselected package fonts-tlwg-loma-otf.
2026-10-04T10:51:08.0830985Z Preparing to unpack .../02-fonts-tlwg-loma-otf_1%3a0.7.3-1_all.deb ...
2026-10-04T10:51:08.0839269Z Unpacking fonts-tlwg-loma-otf (1:0.7.3-1) ...
2026-10-04T10:51:08.1042334Z Selecting previously unselected package fonts-unifont.
2026-10-04T10:51:08.1166053Z Preparing to unpack .../03-fonts-unifont_1%3a15.1.01-1build1_all.deb ...
2026-10-04T10:51:08.1174831Z Unpacking fonts-unifont (1:15.1.01-1build1) ...
2026-10-04T10:51:08.2197792Z Selecting previously unselected package fonts-wqy-zenhei.
2026-10-04T10:51:08.2323127Z Preparing to unpack .../04-fonts-wqy-zenhei_0.9.45-8_all.deb ...
2026-10-04T10:51:08.2422575Z Unpacking fonts-wqy-zenhei (0.9.45-8) ...
2026-10-04T10:51:08.7227593Z Preparing to unpack .../05-libgl1-mesa-dri_25.2.8-0ubuntu0.24.04.4_amd64.deb ...
2026-10-04T10:51:08.7371560Z Unpacking libgl1-mesa-dri:amd64 (25.2.8-0ubuntu0.24.04.4) over (25.2.8-0ubuntu0.24.04.2) ...
2026-10-04T10:51:08.7848967Z Preparing to unpack .../06-libglx-mesa0_25.2.8-0ubuntu0.24.04.4_amd64.deb ...
2026-10-04T10:51:08.7878942Z Unpacking libglx-mesa0:amd64 (25.2.8-0ubuntu0.24.04.4) over (25.2.8-0ubuntu0.24.04.2) ...
2026-10-04T10:51:08.8224086Z Preparing to unpack .../07-libgbm1_25.2.8-0ubuntu0.24.04.4_amd64.deb ...
2026-10-04T10:51:08.8247064Z Unpacking libgbm1:amd64 (25.2.8-0ubuntu0.24.04.4) over (25.2.8-0ubuntu0.24.04.2) ...
2026-10-04T10:51:08.8609996Z Preparing to unpack .../08-mesa-libgallium_25.2.8-0ubuntu0.24.04.4_amd64.deb ...
2026-10-04T10:51:08.8630705Z Unpacking mesa-libgallium:amd64 (25.2.8-0ubuntu0.24.04.4) over (25.2.8-0ubuntu0.24.04.2) ...
2026-10-04T10:51:09.0306782Z Selecting previously unselected package xfonts-encodings.
2026-10-04T10:51:09.0434175Z Preparing to unpack .../09-xfonts-encodings_1%3a1.0.5-0ubuntu2_all.deb ...
2026-10-04T10:51:09.0440905Z Unpacking xfonts-encodings (1:1.0.5-0ubuntu2) ...
2026-10-04T10:51:09.0716140Z Selecting previously unselected package xfonts-utils.
2026-10-04T10:51:09.0839707Z Preparing to unpack .../10-xfonts-utils_1%3a7.7+6build3_amd64.deb ...
2026-10-04T10:51:09.0846211Z Unpacking xfonts-utils (1:7.7+6build3) ...
2026-10-04T10:51:09.1205584Z Selecting previously unselected package xfonts-cyrillic.
2026-10-04T10:51:09.1329182Z Preparing to unpack .../11-xfonts-cyrillic_1%3a1.0.5+nmu1_all.deb ...
2026-10-04T10:51:09.1336082Z Unpacking xfonts-cyrillic (1:1.0.5+nmu1) ...
2026-10-04T10:51:09.1671330Z Selecting previously unselected package xfonts-scalable.
2026-10-04T10:51:09.1795991Z Preparing to unpack .../12-xfonts-scalable_1%3a1.0.3-1.3_all.deb ...
2026-10-04T10:51:09.1802419Z Unpacking xfonts-scalable (1:1.0.3-1.3) ...
2026-10-04T10:51:09.2229611Z Setting up mesa-libgallium:amd64 (25.2.8-0ubuntu0.24.04.4) ...
2026-10-04T10:51:09.2253546Z Setting up libgbm1:amd64 (25.2.8-0ubuntu0.24.04.4) ...
2026-10-04T10:51:09.2271069Z Setting up libgl1-mesa-dri:amd64 (25.2.8-0ubuntu0.24.04.4) ...
2026-10-04T10:51:09.2341716Z Setting up fonts-wqy-zenhei (0.9.45-8) ...
2026-10-04T10:51:09.2452071Z Setting up fonts-freefont-ttf (20211204+svn4273-2) ...
2026-10-04T10:51:09.2470323Z Setting up fonts-tlwg-loma-otf (1:0.7.3-1) ...
2026-10-04T10:51:09.2489135Z Setting up xfonts-encodings (1:1.0.5-0ubuntu2) ...
2026-10-04T10:51:09.2508019Z Setting up fonts-ipafont-gothic (00303-21ubuntu1) ...
2026-10-04T10:51:09.2572064Z update-alternatives: using /usr/share/fonts/opentype/ipafont-gothic/ipag.ttf to provide /usr/share/fonts/truetype/fonts-japanese-gothic.ttf (fonts-japanese-gothic.ttf) in auto mode
2026-10-04T10:51:09.2588339Z Setting up fonts-unifont (1:15.1.01-1build1) ...
2026-10-04T10:51:09.2608203Z Setting up libglx-mesa0:amd64 (25.2.8-0ubuntu0.24.04.4) ...
2026-10-04T10:51:09.2627114Z Setting up xfonts-utils (1:7.7+6build3) ...
2026-10-04T10:51:09.2665735Z Setting up xfonts-cyrillic (1:1.0.5+nmu1) ...
2026-10-04T10:51:09.2979214Z Setting up xfonts-scalable (1:1.0.3-1.3) ...
2026-10-04T10:51:09.3250144Z Processing triggers for libc-bin (2.39-0ubuntu8.9) ...
2026-10-04T10:51:09.3596055Z Processing triggers for man-db (2.12.0-4build2) ...
2026-10-04T10:51:09.3616793Z Not building database; man-db/auto-update is not 'true'.
2026-10-04T10:51:09.3629155Z Processing triggers for fontconfig (2.15.0-1.1ubuntu2) ...
2026-10-04T10:51:10.1068316Z 
2026-10-04T10:51:10.1068986Z Running kernel seems to be up-to-date.
2026-10-04T10:51:10.1069385Z 
2026-10-04T10:51:10.1069554Z No services need to be restarted.
2026-10-04T10:51:10.1069862Z 
2026-10-04T10:51:10.1070032Z No containers need to be restarted.
2026-10-04T10:51:10.1070347Z 
2026-10-04T10:51:10.1070599Z No user sessions are running outdated binaries.
2026-10-04T10:51:10.1070964Z 
2026-10-04T10:51:10.1071300Z No VM guests are running outdated hypervisor (qemu) binaries on this host.
2026-10-04T10:51:10.9290933Z Downloading Chrome for Testing 153.0.8010.12 (playwright chromium v1243) from https://cdn.playwright.dev/builds/cft/153.0.8010.12/linux64/chrome-linux64.zip
2026-10-04T10:51:11.3465444Z |                                                                                |   0% of 186.8 MiB
2026-10-04T10:51:11.5218515Z |■■■■■■■■                                                                        |  10% of 186.8 MiB
2026-10-04T10:51:11.6288378Z |■■■■■■■■■■■■■■■■                                                                |  20% of 186.8 MiB
2026-10-04T10:51:11.7320722Z |■■■■■■■■■■■■■■■■■■■■■■■■                                                        |  30% of 186.8 MiB
2026-10-04T10:51:11.8261847Z |■■■■■■■■■■■■■■■■■■■■■■■■■■■■■■■■                                                |  40% of 186.8 MiB
2026-10-04T10:51:11.9141867Z |■■■■■■■■■■■■■■■■■■■■■■■■■■■■■■■■■■■■■■■■                                        |  50% of 186.8 MiB
2026-10-04T10:51:12.0130333Z |■■■■■■■■■■■■■■■■■■■■■■■■■■■■■■■■■■■■■■■■■■■■■■■■                                |  60% of 186.8 MiB
2026-10-04T10:51:12.0839735Z |■■■■■■■■■■■■■■■■■■■■■■■■■■■■■■■■■■■■■■■■■■■■■■■■■■■■■■■■                        |  70% of 186.8 MiB
2026-10-04T10:51:12.1610109Z |■■■■■■■■■■■■■■■■■■■■■■■■■■■■■■■■■■■■■■■■■■■■■■■■■■■■■■■■■■■■■■■■                |  80% of 186.8 MiB
2026-10-04T10:51:12.2500815Z |■■■■■■■■■■■■■■■■■■■■■■■■■■■■■■■■■■■■■■■■■■■■■■■■■■■■■■■■■■■■■■■■■■■■■■■■        |  90% of 186.8 MiB
2026-10-04T10:51:12.3245270Z |■■■■■■■■■■■■■■■■■■■■■■■■■■■■■■■■■■■■■■■■■■■■■■■■■■■■■■■■■■■■■■■■■■■■■■■■■■■■■■■■| 100% of 186.8 MiB
2026-10-04T10:51:15.1054489Z Chrome for Testing 153.0.8010.12 (playwright chromium v1243) downloaded to /home/runner/.cache/ms-playwright/chromium-1243
2026-10-04T10:51:15.1058277Z Downloading FFmpeg (playwright ffmpeg v1011) from https://cdn.playwright.dev/dbazure/download/playwright/builds/ffmpeg/1011/ffmpeg-linux.zip
2026-10-04T10:51:15.4794931Z |                                                                                |   0% of 2.3 MiB
2026-10-04T10:51:15.4904019Z |■■■■■■■■                                                                        |  10% of 2.3 MiB
2026-10-04T10:51:15.4979500Z |■■■■■■■■■■■■■■■■                                                                |  20% of 2.3 MiB
2026-10-04T10:51:15.5035590Z |■■■■■■■■■■■■■■■■■■■■■■■■                                                        |  30% of 2.3 MiB
2026-10-04T10:51:15.5076390Z |■■■■■■■■■■■■■■■■■■■■■■■■■■■■■■■■                                                |  40% of 2.3 MiB
2026-10-04T10:51:15.5136585Z |■■■■■■■■■■■■■■■■■■■■■■■■■■■■■■■■■■■■■■■■                                        |  50% of 2.3 MiB
2026-10-04T10:51:15.5140122Z |■■■■■■■■■■■■■■■■■■■■■■■■■■■■■■■■■■■■■■■■■■■■■■■■                                |  60% of 2.3 MiB
2026-10-04T10:51:15.5162792Z |■■■■■■■■■■■■■■■■■■■■■■■■■■■■■■■■■■■■■■■■■■■■■■■■■■■■■■■■                        |  70% of 2.3 MiB
2026-10-04T10:51:15.5181301Z |■■■■■■■■■■■■■■■■■■■■■■■■■■■■■■■■■■■■■■■■■■■■■■■■■■■■■■■■■■■■■■■■                |  80% of 2.3 MiB
2026-10-04T10:51:15.5203967Z |■■■■■■■■■■■■■■■■■■■■■■■■■■■■■■■■■■■■■■■■■■■■■■■■■■■■■■■■■■■■■■■■■■■■■■■■        |  90% of 2.3 MiB
2026-10-04T10:51:15.5222816Z |■■■■■■■■■■■■■■■■■■■■■■■■■■■■■■■■■■■■■■■■■■■■■■■■■■■■■■■■■■■■■■■■■■■■■■■■■■■■■■■■| 100% of 2.3 MiB
2026-10-04T10:51:15.5871940Z FFmpeg (playwright ffmpeg v1011) downloaded to /home/runner/.cache/ms-playwright/ffmpeg-1011
2026-10-04T10:51:15.5876117Z Downloading Chrome Headless Shell 153.0.8010.12 (playwright chromium-headless-shell v1243) from https://cdn.playwright.dev/builds/cft/153.0.8010.12/linux64/chrome-headless-shell-linux64.zip
2026-10-04T10:51:15.9957090Z |                                                                                |   0% of 114.3 MiB
2026-10-04T10:51:16.1180406Z |■■■■■■■■                                                                        |  10% of 114.3 MiB
2026-10-04T10:51:16.1750571Z |■■■■■■■■■■■■■■■■                                                                |  20% of 114.3 MiB
2026-10-04T10:51:16.2235962Z |■■■■■■■■■■■■■■■■■■■■■■■■                                                        |  30% of 114.3 MiB
2026-10-04T10:51:16.2731516Z |■■■■■■■■■■■■■■■■■■■■■■■■■■■■■■■■                                                |  40% of 114.3 MiB
2026-10-04T10:51:16.3182187Z |■■■■■■■■■■■■■■■■■■■■■■■■■■■■■■■■■■■■■■■■                                        |  50% of 114.3 MiB
2026-10-04T10:51:16.3609111Z |■■■■■■■■■■■■■■■■■■■■■■■■■■■■■■■■■■■■■■■■■■■■■■■■                                |  60% of 114.3 MiB
2026-10-04T10:51:16.4027615Z |■■■■■■■■■■■■■■■■■■■■■■■■■■■■■■■■■■■■■■■■■■■■■■■■■■■■■■■■                        |  70% of 114.3 MiB
2026-10-04T10:51:16.4543590Z |■■■■■■■■■■■■■■■■■■■■■■■■■■■■■■■■■■■■■■■■■■■■■■■■■■■■■■■■■■■■■■■■                |  80% of 114.3 MiB
2026-10-04T10:51:16.5236282Z |■■■■■■■■■■■■■■■■■■■■■■■■■■■■■■■■■■■■■■■■■■■■■■■■■■■■■■■■■■■■■■■■■■■■■■■■        |  90% of 114.3 MiB
2026-10-04T10:51:16.5636727Z |■■■■■■■■■■■■■■■■■■■■■■■■■■■■■■■■■■■■■■■■■■■■■■■■■■■■■■■■■■■■■■■■■■■■■■■■■■■■■■■■| 100% of 114.3 MiB
2026-10-04T10:51:18.5147402Z Chrome Headless Shell 153.0.8010.12 (playwright chromium-headless-shell v1243) downloaded to /home/runner/.cache/ms-playwright/chromium_headless_shell-1243
2026-10-04T10:51:18.5408363Z ##[group]Run CF_STATEMENTS=0 TRANSLATE=0 node scripts/update-data.mjs
2026-10-04T10:51:18.5408912Z [36;1mCF_STATEMENTS=0 TRANSLATE=0 node scripts/update-data.mjs[0m
2026-10-04T10:51:18.5472366Z shell: /usr/bin/bash -e {0}
2026-10-04T10:51:18.5472653Z env:
2026-10-04T10:51:18.5475678Z   GITHUB_TOKEN: ***
2026-10-04T10:51:18.5475920Z ##[endgroup]
2026-10-04T10:51:18.6693869Z Discovering daily problem folders...
2026-10-04T10:51:19.4160550Z Found 813 days, syncing the most recent 813.
2026-10-04T10:51:19.8329158Z   2026-10-03: 2 problems
2026-10-04T10:51:19.8839509Z   2026-10-02: 2 problems
2026-10-04T10:51:19.9076321Z   2026-10-01: 2 problems
2026-10-04T10:51:19.9297359Z   2026-09-30: 2 problems
2026-10-04T10:51:19.9532733Z   2026-09-29: 2 problems
2026-10-04T10:51:19.9754591Z   2026-09-28: 2 problems
2026-10-04T10:51:19.9960960Z   2026-09-26: 2 problems
2026-10-04T10:51:20.0172980Z   2026-09-25: 2 problems
2026-10-04T10:51:20.0402250Z   2026-09-24: 2 problems
2026-10-04T10:51:20.0606009Z   2026-09-23: 2 problems
2026-10-04T10:51:20.1587719Z   2026-09-22: 2 problems
2026-10-04T10:51:20.1820246Z   2026-09-21: 2 problems
2026-10-04T10:51:20.2031615Z   2026-09-19: 2 problems
2026-10-04T10:51:20.2246983Z   2026-09-18: 2 problems
2026-10-04T10:51:20.2453712Z   2026-09-17: 2 problems
2026-10-04T10:51:20.3165382Z   2026-09-16: 2 problems
2026-10-04T10:51:20.3860626Z   2026-09-15: 2 problems
2026-10-04T10:51:20.4027068Z   2026-09-14: 2 problems
2026-10-04T10:51:20.4234764Z   2026-09-12: 2 problems
2026-10-04T10:51:20.4468537Z   2026-09-11: 2 problems
2026-10-04T10:51:20.4671789Z   2026-09-10: 2 problems
2026-10-04T10:51:20.4876190Z   2026-09-09: 2 problems
2026-10-04T10:51:20.5080346Z   2026-09-08: 2 problems
2026-10-04T10:51:20.5290009Z   2026-09-07: 2 problems
2026-10-04T10:51:20.5508977Z   2026-09-05: 2 problems
2026-10-04T10:51:20.6118544Z   2026-09-04: 2 problems
2026-10-04T10:51:20.6330660Z   2026-09-03: 2 problems
2026-10-04T10:51:20.6823944Z   2026-09-02: 2 problems
2026-10-04T10:51:20.7043116Z   2026-09-01: 2 problems
2026-10-04T10:51:20.8170264Z   2026-08-31: 2 problems
2026-10-04T10:51:20.8387263Z   2026-08-29: 2 problems
2026-10-04T10:51:20.8608190Z   2026-08-28: 2 problems
2026-10-04T10:51:20.9278966Z   2026-08-27: 2 problems
2026-10-04T10:51:20.9783437Z   2026-08-26: 2 problems
2026-10-04T10:51:20.9991825Z   2026-08-25: 2 problems
2026-10-04T10:51:21.0215176Z   2026-08-24: 2 problems
2026-10-04T10:51:21.0789593Z   2026-08-22: 2 problems
2026-10-04T10:51:21.1943147Z   2026-08-21: 2 problems
2026-10-04T10:51:21.2168516Z   2026-08-20: 2 problems
2026-10-04T10:51:21.2380713Z   2026-08-19: 2 problems
2026-10-04T10:51:21.2599923Z   2026-08-18: 2 problems
2026-10-04T10:51:21.2822808Z   2026-08-17: 2 problems
2026-10-04T10:51:21.3613778Z   2026-08-15: 2 problems
2026-10-04T10:51:21.3821040Z   2026-08-14: 2 problems
2026-10-04T10:51:21.4028562Z   2026-08-13: 2 problems
2026-10-04T10:51:21.4299537Z   2026-08-12: 2 problems
2026-10-04T10:51:21.4507680Z   2026-08-11: 2 problems
2026-10-04T10:51:21.4719634Z   2026-08-10: 2 problems
2026-10-04T10:51:21.4928594Z   2026-08-08: 2 problems
2026-10-04T10:51:21.5126835Z   2026-08-07: 2 problems
2026-10-04T10:51:21.5328598Z   2026-08-06: 2 problems
2026-10-04T10:51:21.5903079Z   2026-08-05: 2 problems
2026-10-04T10:51:21.6109332Z   2026-08-04: 2 problems
2026-10-04T10:51:21.6321444Z   2026-08-03: 2 problems
2026-10-04T10:51:21.6606080Z   2026-08-01: 2 problems
2026-10-04T10:51:21.6745111Z   2026-07-31: 2 problems
2026-10-04T10:51:21.6948483Z   2026-07-30: 2 problems
2026-10-04T10:51:21.7189973Z   2026-07-29: 2 problems
2026-10-04T10:51:21.7866472Z   2026-07-28: 2 problems
2026-10-04T10:51:21.8064705Z   2026-07-27: 2 problems
2026-10-04T10:51:21.8271485Z   2026-07-25: 2 problems
2026-10-04T10:51:21.8827030Z   2026-07-24: 2 problems
2026-10-04T10:51:21.9033371Z   2026-07-23: 2 problems
2026-10-04T10:51:22.0000504Z   2026-07-22: 2 problems
2026-10-04T10:51:22.0216142Z   2026-07-21: 2 problems
2026-10-04T10:51:22.0439349Z   2026-07-16: 2 problems
2026-10-04T10:51:22.0799392Z   2026-07-15: 2 problems
2026-10-04T10:51:22.1011858Z   2026-07-14: 2 problems
2026-10-04T10:51:22.1221379Z   2026-07-13: 2 problems
2026-10-04T10:51:22.1432116Z   2026-07-11: 2 problems
2026-10-04T10:51:22.1658835Z   2026-07-10: 2 problems
2026-10-04T10:51:22.1869453Z   2026-07-09: 2 problems
2026-10-04T10:51:22.2077966Z   2026-07-08: 2 problems
2026-10-04T10:51:22.2287449Z   2026-07-07: 2 problems
2026-10-04T10:51:22.2490217Z   2026-07-06: 2 problems
2026-10-04T10:51:22.2683429Z   2026-07-04: 2 problems
2026-10-04T10:51:22.2879027Z   2026-07-03: 2 problems
2026-10-04T10:51:22.3116471Z   2026-07-02: 2 problems
2026-10-04T10:51:22.3329340Z   2026-07-01: 2 problems
2026-10-04T10:51:22.3527238Z   2026-06-30: 2 problems
2026-10-04T10:51:22.3741529Z   2026-06-29: 2 problems
2026-10-04T10:51:22.3952069Z   2026-06-27: 2 problems
2026-10-04T10:51:22.4161279Z   2026-06-26: 2 problems
2026-10-04T10:51:22.4369550Z   2026-06-25: 2 problems
2026-10-04T10:51:22.5030181Z   2026-06-24: 2 problems
2026-10-04T10:51:22.5246685Z   2026-06-23: 2 problems
2026-10-04T10:51:22.5480610Z   2026-06-22: 2 problems
2026-10-04T10:51:22.5619869Z   2026-06-20: 1 problems
2026-10-04T10:51:22.5824532Z   2026-06-19: 2 problems
2026-10-04T10:51:22.6035581Z   2026-06-18: 2 problems
2026-10-04T10:51:22.6261261Z   2026-06-17: 2 problems
2026-10-04T10:51:22.6466528Z   2026-06-16: 2 problems
2026-10-04T10:51:22.6677358Z   2026-06-15: 2 problems
2026-10-04T10:51:22.6882594Z   2026-06-13: 2 problems
2026-10-04T10:51:22.7403382Z   2026-06-12: 2 problems
2026-10-04T10:51:22.7984804Z   2026-06-11: 2 problems
2026-10-04T10:51:22.8181493Z   2026-06-10: 2 problems
2026-10-04T10:51:22.8382787Z   2026-06-09: 2 problems
2026-10-04T10:51:22.8596634Z   2026-06-08: 2 problems
2026-10-04T10:51:22.8810038Z   2026-06-06: 2 problems
2026-10-04T10:51:22.9377520Z   2026-06-05: 2 problems
2026-10-04T10:51:22.9598015Z   2026-06-04: 2 problems
2026-10-04T10:51:22.9664522Z   2026-06-03: 2 problems
2026-10-04T10:51:22.9867996Z   2026-06-02: 2 problems
2026-10-04T10:51:23.0071587Z   2026-06-01: 2 problems
2026-10-04T10:51:23.0270742Z   2026-05-30: 2 problems
2026-10-04T10:51:23.0486419Z   2026-05-29: 2 problems
2026-10-04T10:51:23.0781216Z   2026-05-28: 2 problems
2026-10-04T10:51:23.0982183Z   2026-05-27: 2 problems
2026-10-04T10:51:23.1114465Z   2026-05-26: 2 problems
2026-10-04T10:51:23.1316988Z   2026-05-25: 2 problems
2026-10-04T10:51:23.1518570Z   2026-05-23: 2 problems
2026-10-04T10:51:23.1726117Z   2026-05-22: 2 problems
2026-10-04T10:51:23.2907639Z   2026-05-21: 2 problems
2026-10-04T10:51:23.3101676Z   2026-05-20: 2 problems
2026-10-04T10:51:23.3301943Z   2026-05-19: 2 problems
2026-10-04T10:51:23.3498922Z   2026-05-18: 2 problems
2026-10-04T10:51:23.3730153Z   2026-05-16: 2 problems
2026-10-04T10:51:23.3949068Z   2026-05-15: 2 problems
2026-10-04T10:51:23.4997357Z   2026-05-14: 2 problems
2026-10-04T10:51:23.5236843Z   2026-05-13: 2 problems
2026-10-04T10:51:23.5449615Z   2026-05-12: 2 problems
2026-10-04T10:51:23.5981512Z   2026-05-11: 2 problems
2026-10-04T10:51:23.6621879Z   2026-05-09: 2 problems
2026-10-04T10:51:23.6822319Z   2026-05-08: 2 problems
2026-10-04T10:51:23.7032479Z   2026-05-07: 2 problems
2026-10-04T10:51:23.7806448Z   2026-05-06: 2 problems
2026-10-04T10:51:23.8003162Z   2026-05-05: 2 problems
2026-10-04T10:51:23.8203001Z   2026-05-04: 2 problems
2026-10-04T10:51:23.8414454Z   2026-05-02: 2 problems
2026-10-04T10:51:23.8619771Z   2026-05-01: 2 problems
2026-10-04T10:51:23.8822345Z   2026-04-30: 2 problems
2026-10-04T10:51:23.9031710Z   2026-04-29: 2 problems
2026-10-04T10:51:23.9223870Z   2026-04-28: 2 problems
2026-10-04T10:51:23.9421463Z   2026-04-27: 2 problems
2026-10-04T10:51:23.9700537Z   2026-04-25: 2 problems
2026-10-04T10:51:23.9904197Z   2026-04-24: 2 problems
2026-10-04T10:51:24.0696041Z   2026-04-23: 2 problems
2026-10-04T10:51:24.0908329Z   2026-04-22: 2 problems
2026-10-04T10:51:24.1109800Z   2026-04-21: 2 problems
2026-10-04T10:51:24.1709248Z   2026-04-20: 2 problems
2026-10-04T10:51:24.1920426Z   2026-04-18: 2 problems
2026-10-04T10:51:24.2130466Z   2026-04-17: 2 problems
2026-10-04T10:51:24.2329911Z   2026-04-16: 2 problems
2026-10-04T10:51:24.3160773Z   2026-04-15: 2 problems
2026-10-04T10:51:24.3370119Z   2026-04-14: 2 problems
2026-10-04T10:51:24.3574274Z   2026-04-13: 2 problems
2026-10-04T10:51:24.3780019Z   2026-04-11: 2 problems
2026-10-04T10:51:24.4318061Z   2026-04-10: 2 problems
2026-10-04T10:51:24.4531443Z   2026-04-09: 2 problems
2026-10-04T10:51:24.4670379Z   2026-04-08: 2 problems
2026-10-04T10:51:24.4875865Z   2026-04-07: 2 problems
2026-10-04T10:51:24.5092987Z   2026-04-06: 2 problems
2026-10-04T10:51:24.5295782Z   2026-04-04: 2 problems
2026-10-04T10:51:24.5894627Z   2026-04-03: 2 problems
2026-10-04T10:51:24.6101252Z   2026-04-02: 2 problems
2026-10-04T10:51:24.6305036Z   2026-04-01: 2 problems
2026-10-04T10:51:24.6515266Z   2026-03-31: 2 problems
2026-10-04T10:51:24.6723855Z   2026-03-30: 2 problems
2026-10-04T10:51:24.6931997Z   2026-03-28: 2 problems
2026-10-04T10:51:24.7161110Z   2026-03-27: 2 problems
2026-10-04T10:51:24.7366195Z   2026-03-26: 2 problems
2026-10-04T10:51:24.7620831Z   2026-03-25: 2 problems
2026-10-04T10:51:24.7829609Z   2026-03-24: 2 problems
2026-10-04T10:51:24.8061769Z   2026-03-23: 2 problems
2026-10-04T10:51:24.8267359Z   2026-03-21: 2 problems
2026-10-04T10:51:24.8490189Z   2026-03-20: 2 problems
2026-10-04T10:51:24.8698860Z   2026-03-19: 2 problems
2026-10-04T10:51:24.8901590Z   2026-03-18: 2 problems
2026-10-04T10:51:24.9521355Z   2026-03-17: 2 problems
2026-10-04T10:51:24.9734010Z   2026-03-16: 2 problems
2026-10-04T10:51:24.9938843Z   2026-03-14: 2 problems
2026-10-04T10:51:25.0135859Z   2026-03-13: 2 problems
2026-10-04T10:51:25.0747563Z   2026-03-12: 2 problems
2026-10-04T10:51:25.0959056Z   2026-03-11: 2 problems
2026-10-04T10:51:25.1254507Z   2026-03-10: 2 problems
2026-10-04T10:51:25.1457475Z   2026-03-09: 2 problems
2026-10-04T10:51:25.1654233Z   2026-03-07: 2 problems
2026-10-04T10:51:25.1854236Z   2026-03-06: 2 problems
2026-10-04T10:51:25.2239964Z   2026-03-05: 2 problems
2026-10-04T10:51:25.2469398Z   2026-03-04: 2 problems
2026-10-04T10:51:25.2674035Z   2026-03-03: 2 problems
2026-10-04T10:51:25.2965505Z   2026-03-02: 2 problems
2026-10-04T10:51:25.3284577Z   2026-02-28: 2 problems
2026-10-04T10:51:25.3510399Z   2026-02-27: 2 problems
2026-10-04T10:51:25.3710339Z   2026-02-26: 2 problems
2026-10-04T10:51:25.4190527Z   2026-02-25: 2 problems
2026-10-04T10:51:25.4417106Z   2026-02-24: 2 problems
2026-10-04T10:51:25.4625026Z   2026-02-23: 2 problems
2026-10-04T10:51:25.4827009Z   2026-02-21: 2 problems
2026-10-04T10:51:25.5030409Z   2026-02-20: 2 problems
2026-10-04T10:51:25.5224028Z   2026-02-19: 2 problems
2026-10-04T10:51:25.5833575Z   2026-02-18: 2 problems
2026-10-04T10:51:25.6044071Z   2026-02-17: 2 problems
2026-10-04T10:51:25.6258330Z   2026-02-16: 2 problems
2026-10-04T10:51:25.6474225Z   2026-02-14: 2 problems
2026-10-04T10:51:25.6685140Z   2026-02-13: 2 problems
2026-10-04T10:51:25.6887751Z   2026-02-12: 2 problems
2026-10-04T10:51:25.7088924Z   2026-02-11: 2 problems
2026-10-04T10:51:25.7289079Z   2026-02-10: 2 problems
2026-10-04T10:51:25.7599588Z   2026-02-09: 2 problems
2026-10-04T10:51:25.7846101Z   2026-02-07: 2 problems
2026-10-04T10:51:25.8493254Z   2026-02-06: 2 problems
2026-10-04T10:51:25.8869464Z   2026-02-05: 2 problems
2026-10-04T10:51:25.9096062Z   2026-02-04: 2 problems
2026-10-04T10:51:25.9307401Z   2026-02-03: 2 problems
2026-10-04T10:51:25.9505883Z   2026-02-02: 2 problems
2026-10-04T10:51:25.9715937Z   2026-01-31: 2 problems
2026-10-04T10:51:25.9929349Z   2026-01-30: 2 problems
2026-10-04T10:51:26.0146045Z   2026-01-29: 2 problems
2026-10-04T10:51:26.0455216Z   2026-01-28: 2 problems
2026-10-04T10:51:26.0743198Z   2026-01-27: 2 problems
2026-10-04T10:51:26.0949579Z   2026-01-26: 2 problems
2026-10-04T10:51:26.1173844Z   2026-01-24: 2 problems
2026-10-04T10:51:26.1384481Z   2026-01-23: 2 problems
2026-10-04T10:51:26.1547696Z   2026-01-22: 2 problems
2026-10-04T10:51:26.2286299Z   2026-01-21: 2 problems
2026-10-04T10:51:26.2488087Z   2026-01-20: 2 problems
2026-10-04T10:51:26.2687093Z   2026-01-19: 2 problems
2026-10-04T10:51:26.2911155Z   2026-01-17: 2 problems
2026-10-04T10:51:26.3231949Z   2026-01-16: 2 problems
2026-10-04T10:51:26.3842009Z   2026-01-15: 2 problems
2026-10-04T10:51:26.4150961Z   2026-01-14: 2 problems
2026-10-04T10:51:26.4356614Z   2026-01-13: 2 problems
2026-10-04T10:51:26.4553631Z   2026-01-12: 2 problems
2026-10-04T10:51:26.4799004Z   2026-01-10: 2 problems
2026-10-04T10:51:26.5012768Z   2026-01-09: 2 problems
2026-10-04T10:51:26.5502994Z   2026-01-08: 2 problems
2026-10-04T10:51:26.5713963Z   2026-01-07: 2 problems
2026-10-04T10:51:26.5916494Z   2026-01-06: 2 problems
2026-10-04T10:51:26.6115823Z   2026-01-05: 2 problems
2026-10-04T10:51:26.6315011Z   2026-01-03: 2 problems
2026-10-04T10:51:26.6519357Z   2026-01-02: 2 problems
2026-10-04T10:51:26.6832337Z   2026-01-01: 2 problems
2026-10-04T10:51:26.7206897Z   2025-12-31: 2 problems
2026-10-04T10:51:26.7414968Z   2025-12-30: 2 problems
2026-10-04T10:51:26.7619139Z   2025-12-29: 2 problems
2026-10-04T10:51:26.7864652Z   2025-12-27: 2 problems
2026-10-04T10:51:26.8066589Z   2025-12-26: 2 problems
2026-10-04T10:51:26.8267599Z   2025-12-25: 2 problems
2026-10-04T10:51:26.8465887Z   2025-12-24: 2 problems
2026-10-04T10:51:26.9048291Z   2025-12-23: 2 problems
2026-10-04T10:51:26.9249542Z   2025-12-22: 2 problems
2026-10-04T10:51:26.9447072Z   2025-12-20: 2 problems
2026-10-04T10:51:26.9643761Z   2025-12-19: 2 problems
2026-10-04T10:51:26.9846146Z   2025-12-18: 2 problems
2026-10-04T10:51:27.0041643Z   2025-12-17: 2 problems
2026-10-04T10:51:27.0637180Z   2025-12-16: 2 problems
2026-10-04T10:51:27.0843588Z   2025-12-15: 2 problems
2026-10-04T10:51:27.1038955Z   2025-12-13: 2 problems
2026-10-04T10:51:27.1239488Z   2025-12-12: 2 problems
2026-10-04T10:51:27.1438264Z   2025-12-11: 2 problems
2026-10-04T10:51:27.2002762Z   2025-12-10: 2 problems
2026-10-04T10:51:27.2216768Z   2025-12-09: 2 problems
2026-10-04T10:51:27.2415785Z   2025-12-08: 2 problems
2026-10-04T10:51:27.2619968Z   2025-12-06: 2 problems
2026-10-04T10:51:27.2852593Z   2025-12-05: 2 problems
2026-10-04T10:51:27.3056698Z   2025-12-04: 2 problems
2026-10-04T10:51:27.3259538Z   2025-12-03: 2 problems
2026-10-04T10:51:27.3468194Z   2025-12-02: 2 problems
2026-10-04T10:51:27.3668888Z   2025-12-01: 2 problems
2026-10-04T10:51:27.3875227Z   2025-11-29: 2 problems
2026-10-04T10:51:27.4093193Z   2025-11-28: 2 problems
2026-10-04T10:51:27.4592513Z   2025-11-27: 2 problems
2026-10-04T10:51:27.4928981Z   2025-11-26: 2 problems
2026-10-04T10:51:27.5128557Z   2025-11-25: 2 problems
2026-10-04T10:51:27.5332177Z   2025-11-24: 2 problems
2026-10-04T10:51:27.5554097Z   2025-11-22: 2 problems
2026-10-04T10:51:27.5772803Z   2025-11-21: 2 problems
2026-10-04T10:51:27.6082858Z   2025-11-20: 2 problems
2026-10-04T10:51:27.6283379Z   2025-11-19: 2 problems
2026-10-04T10:51:27.7088583Z   2025-11-18: 2 problems
2026-10-04T10:51:27.7402968Z   2025-11-17: 2 problems
2026-10-04T10:51:27.7986924Z   2025-11-15: 2 problems
2026-10-04T10:51:27.8184591Z   2025-11-14: 2 problems
2026-10-04T10:51:27.8489466Z   2025-11-13: 2 problems
2026-10-04T10:51:27.8701596Z   2025-11-12: 2 problems
2026-10-04T10:51:27.8908094Z   2025-11-11: 2 problems
2026-10-04T10:51:27.9120354Z   2025-11-10: 2 problems
2026-10-04T10:51:27.9670293Z   2025-11-08: 2 problems
2026-10-04T10:51:27.9874553Z   2025-11-07: 2 problems
2026-10-04T10:51:28.0458767Z   2025-11-06: 2 problems
2026-10-04T10:51:28.0893553Z   2025-11-05: 2 problems
2026-10-04T10:51:28.1114170Z   2025-11-04: 2 problems
2026-10-04T10:51:28.1325818Z   2025-11-03: 2 problems
2026-10-04T10:51:28.1535238Z   2025-11-01: 2 problems
2026-10-04T10:51:28.1664494Z   2025-10-31: 2 problems
2026-10-04T10:51:28.1897031Z   2025-10-30: 2 problems
2026-10-04T10:51:28.2145465Z   2025-10-29: 2 problems
2026-10-04T10:51:28.2455493Z   2025-10-28: 2 problems
2026-10-04T10:51:28.2685122Z   2025-10-27: 2 problems
2026-10-04T10:51:28.2911848Z   2025-10-25: 2 problems
2026-10-04T10:51:28.3399425Z   2025-10-24: 2 problems
2026-10-04T10:51:28.3624875Z   2025-10-23: 2 problems
2026-10-04T10:51:28.4207234Z   2025-10-22: 2 problems
2026-10-04T10:51:28.4401271Z   2025-10-21: 2 problems
2026-10-04T10:51:28.4604025Z   2025-10-20: 2 problems
2026-10-04T10:51:28.4940480Z   2025-10-18: 2 problems
2026-10-04T10:51:28.5153055Z   2025-10-17: 2 problems
2026-10-04T10:51:28.5353985Z   2025-10-16: 2 problems
2026-10-04T10:51:28.5558055Z   2025-10-15: 2 problems
2026-10-04T10:51:28.5758213Z   2025-10-14: 2 problems
2026-10-04T10:51:28.5970273Z   2025-10-13: 2 problems
2026-10-04T10:51:28.6170731Z   2025-10-11: 2 problems
2026-10-04T10:51:28.6776736Z   2025-10-10: 2 problems
2026-10-04T10:51:28.7028805Z   2025-10-09: 2 problems
2026-10-04T10:51:28.7490643Z   2025-10-08: 2 problems
2026-10-04T10:51:28.7780286Z   2025-10-07: 2 problems
2026-10-04T10:51:28.8257533Z   2025-10-06: 2 problems
2026-10-04T10:51:28.8566534Z   2025-10-04: 2 problems
2026-10-04T10:51:28.8770388Z   2025-10-03: 2 problems
2026-10-04T10:51:28.8969880Z   2025-10-02: 2 problems
2026-10-04T10:51:28.9176704Z   2025-10-01: 2 problems
2026-10-04T10:51:28.9371091Z   2025-09-30: 2 problems
2026-10-04T10:51:28.9577584Z   2025-09-29: 2 problems
2026-10-04T10:51:29.0220899Z   2025-09-27: 2 problems
2026-10-04T10:51:29.0750893Z   2025-09-26: 2 problems
2026-10-04T10:51:29.0949172Z   2025-09-25: 2 problems
2026-10-04T10:51:29.1152085Z   2025-09-24: 2 problems
2026-10-04T10:51:29.1344373Z   2025-09-23: 2 problems
2026-10-04T10:51:29.1538125Z   2025-09-22: 2 problems
2026-10-04T10:51:29.1764631Z   2025-09-20: 2 problems
2026-10-04T10:51:29.1968554Z   2025-09-19: 2 problems
2026-10-04T10:51:29.2171588Z   2025-09-18: 2 problems
2026-10-04T10:51:29.2479604Z   2025-09-17: 2 problems
2026-10-04T10:51:29.2725148Z   2025-09-16: 2 problems
2026-10-04T10:51:29.2942082Z   2025-09-15: 2 problems
2026-10-04T10:51:29.3140369Z   2025-09-13: 2 problems
2026-10-04T10:51:29.3343476Z   2025-09-12: 2 problems
2026-10-04T10:51:29.3550523Z   2025-09-11: 2 problems
2026-10-04T10:51:29.4233648Z   2025-09-10: 2 problems
2026-10-04T10:51:29.4433607Z   2025-09-09: 2 problems
2026-10-04T10:51:29.4631085Z   2025-09-08: 2 problems
2026-10-04T10:51:29.4913451Z   2025-09-06: 2 problems
2026-10-04T10:51:29.5129870Z   2025-09-05: 2 problems
2026-10-04T10:51:29.5347807Z   2025-09-04: 2 problems
2026-10-04T10:51:29.5577732Z   2025-09-03: 2 problems
2026-10-04T10:51:29.5792534Z   2025-09-02: 2 problems
2026-10-04T10:51:29.5989417Z   2025-09-01: 2 problems
2026-10-04T10:51:29.6192011Z   2025-08-30: 2 problems
2026-10-04T10:51:29.6396135Z   2025-08-29: 2 problems
2026-10-04T10:51:29.6617304Z   2025-08-28: 2 problems
2026-10-04T10:51:29.6826557Z   2025-08-27: 2 problems
2026-10-04T10:51:29.7388588Z   2025-08-26: 2 problems
2026-10-04T10:51:29.7693399Z   2025-08-25: 2 problems
2026-10-04T10:51:29.7888655Z   2025-08-23: 2 problems
2026-10-04T10:51:29.8085811Z   2025-08-22: 2 problems
2026-10-04T10:51:29.8275448Z   2025-08-21: 2 problems
2026-10-04T10:51:29.8464210Z   2025-08-20: 2 problems
2026-10-04T10:51:29.8685324Z   2025-08-19: 2 problems
2026-10-04T10:51:29.9212476Z   2025-08-18: 2 problems
2026-10-04T10:51:29.9408597Z   2025-08-16: 2 problems
2026-10-04T10:51:29.9706525Z   2025-08-15: 2 problems
2026-10-04T10:51:29.9922063Z   2025-08-14: 2 problems
2026-10-04T10:51:30.0131002Z   2025-08-13: 2 problems
2026-10-04T10:51:30.0334527Z   2025-08-12: 2 problems
2026-10-04T10:51:30.0607710Z   2025-08-11: 2 problems
2026-10-04T10:51:30.0813580Z   2025-08-09: 2 problems
2026-10-04T10:51:30.1048817Z   2025-08-08: 2 problems
2026-10-04T10:51:30.1286960Z   2025-08-07: 2 problems
2026-10-04T10:51:30.1499108Z   2025-08-06: 2 problems
2026-10-04T10:51:30.1804413Z   2025-08-05: 2 problems
2026-10-04T10:51:30.2112903Z   2025-08-04: 2 problems
2026-10-04T10:51:30.2618326Z   2025-08-02: 2 problems
2026-10-04T10:51:30.2919022Z   2025-08-01: 2 problems
2026-10-04T10:51:30.3122613Z   2025-07-31: 2 problems
2026-10-04T10:51:30.3330489Z   2025-07-30: 2 problems
2026-10-04T10:51:30.3531526Z   2025-07-29: 2 problems
2026-10-04T10:51:30.3725143Z   2025-07-28: 2 problems
2026-10-04T10:51:30.3927656Z   2025-07-26: 2 problems
2026-10-04T10:51:30.4126110Z   2025-07-25: 2 problems
2026-10-04T10:51:30.4320175Z   2025-07-24: 2 problems
2026-10-04T10:51:30.4554319Z   2025-07-23: 2 problems
2026-10-04T10:51:30.5045918Z   2025-07-22: 2 problems
2026-10-04T10:51:30.5240414Z   2025-07-21: 2 problems
2026-10-04T10:51:30.5433987Z   2025-07-19: 2 problems
2026-10-04T10:51:30.5749637Z   2025-07-18: 2 problems
2026-10-04T10:51:30.6253775Z   2025-07-17: 2 problems
2026-10-04T10:51:30.6449035Z   2025-07-16: 2 problems
2026-10-04T10:51:30.6646108Z   2025-07-15: 2 problems
2026-10-04T10:51:30.6846642Z   2025-07-14: 2 problems
2026-10-04T10:51:30.7046965Z   2025-07-12: 2 problems
2026-10-04T10:51:30.7251750Z   2025-07-11: 2 problems
2026-10-04T10:51:30.7454183Z   2025-07-10: 2 problems
2026-10-04T10:51:30.7653680Z   2025-07-09: 2 problems
2026-10-04T10:51:30.7853705Z   2025-07-08: 2 problems
2026-10-04T10:51:30.8129397Z   2025-07-07: 2 problems
2026-10-04T10:51:30.8329402Z   2025-07-05: 2 problems
2026-10-04T10:51:30.8534445Z   2025-07-04: 2 problems
2026-10-04T10:51:30.8729632Z   2025-07-03: 2 problems
2026-10-04T10:51:32.6777777Z   2025-07-02: 2 problems
2026-10-04T10:51:32.6989078Z   2025-07-01: 2 problems
2026-10-04T10:51:32.7197849Z   2025-06-30: 2 problems
2026-10-04T10:51:32.7399405Z   2025-06-28: 2 problems
2026-10-04T10:51:32.7604981Z   2025-06-27: 2 problems
2026-10-04T10:51:32.7798555Z   2025-06-26: 2 problems
2026-10-04T10:51:32.8014416Z   2025-06-25: 2 problems
2026-10-04T10:51:32.8212009Z   2025-06-24: 2 problems
2026-10-04T10:51:32.8409362Z   2025-06-23: 2 problems
2026-10-04T10:51:32.8921874Z   2025-06-21: 2 problems
2026-10-04T10:51:32.9159897Z   2025-06-20: 2 problems
2026-10-04T10:51:32.9409461Z   2025-06-19: 2 problems
2026-10-04T10:51:32.9613486Z   2025-06-18: 2 problems
2026-10-04T10:51:33.0180851Z   2025-06-17: 2 problems
2026-10-04T10:51:33.0502808Z   2025-06-16: 2 problems
2026-10-04T10:51:33.0702131Z   2025-06-14: 2 problems
2026-10-04T10:51:33.0927740Z   2025-06-13: 2 problems
2026-10-04T10:51:33.1146342Z   2025-06-12: 2 problems
2026-10-04T10:51:33.1344503Z   2025-06-11: 2 problems
2026-10-04T10:51:33.1548978Z   2025-06-10: 2 problems
2026-10-04T10:51:33.1840002Z   2025-06-09: 2 problems
2026-10-04T10:51:33.2048911Z   2025-06-07: 2 problems
2026-10-04T10:51:33.2912007Z   2025-06-06: 2 problems
2026-10-04T10:51:33.3113514Z   2025-06-05: 2 problems
2026-10-04T10:51:33.3315772Z   2025-06-04: 2 problems
2026-10-04T10:51:33.3587664Z   2025-06-03: 2 problems
2026-10-04T10:51:33.4771937Z   2025-06-02: 2 problems
2026-10-04T10:51:33.5980494Z   2025-05-31: 2 problems
2026-10-04T10:51:33.6772183Z   2025-05-30: 2 problems
2026-10-04T10:51:33.7815388Z   2025-05-29: 2 problems
2026-10-04T10:51:33.8627627Z   2025-05-28: 2 problems
2026-10-04T10:51:33.9833815Z   2025-05-27: 2 problems
2026-10-04T10:51:34.0925977Z   2025-05-26: 2 problems
2026-10-04T10:51:34.2007511Z   2025-05-24: 2 problems
2026-10-04T10:51:34.3021110Z   2025-05-23: 2 problems
2026-10-04T10:51:34.4000658Z   2025-05-22: 2 problems
2026-10-04T10:51:34.5070125Z   2025-05-21: 2 problems
2026-10-04T10:51:34.6067393Z   2025-05-20: 2 problems
2026-10-04T10:51:34.7276768Z   2025-05-19: 2 problems
2026-10-04T10:51:34.8538653Z   2025-05-17: 2 problems
2026-10-04T10:51:34.9692996Z   2025-05-16: 2 problems
2026-10-04T10:51:35.0682683Z   2025-05-15: 2 problems
2026-10-04T10:51:35.2074483Z   2025-05-14: 2 problems
2026-10-04T10:51:35.3144816Z   2025-05-13: 2 problems
2026-10-04T10:51:35.4259151Z   2025-05-12: 2 problems
2026-10-04T10:51:35.5456730Z   2025-05-10: 2 problems
2026-10-04T10:51:35.6348109Z   2025-05-09: 2 problems
2026-10-04T10:51:35.7331997Z   2025-05-08: 2 problems
2026-10-04T10:51:35.8415124Z   2025-05-07: 2 problems
2026-10-04T10:51:36.7114809Z   2025-05-06: 2 problems
2026-10-04T10:51:36.8353213Z   2025-05-05: 2 problems
2026-10-04T10:51:36.9330843Z   2025-05-03: 2 problems
2026-10-04T10:51:41.0267836Z   2025-05-02: 2 problems
2026-10-04T10:51:41.0472035Z   2025-05-01: 2 problems
2026-10-04T10:51:41.0688575Z   2025-04-30: 2 problems
2026-10-04T10:51:41.0908328Z   2025-04-29: 2 problems
2026-10-04T10:51:41.1542274Z   2025-04-28: 2 problems
2026-10-04T10:51:41.1755731Z   2025-04-26: 2 problems
2026-10-04T10:51:41.1950775Z   2025-04-25: 2 problems
2026-10-04T10:51:41.2160299Z   2025-04-24: 2 problems
2026-10-04T10:51:41.2429748Z   2025-04-23: 2 problems
2026-10-04T10:51:41.2643337Z   2025-04-22: 2 problems
2026-10-04T10:51:41.2923078Z   2025-04-21: 2 problems
2026-10-04T10:51:41.3130573Z   2025-04-19: 2 problems
2026-10-04T10:51:41.3485774Z   2025-04-18: 2 problems
2026-10-04T10:51:41.4109439Z   2025-04-17: 2 problems
2026-10-04T10:51:41.4714958Z   2025-04-16: 2 problems
2026-10-04T10:51:41.4944653Z   2025-04-15: 2 problems
2026-10-04T10:51:41.5259265Z   2025-04-14: 2 problems
2026-10-04T10:51:41.5463926Z   2025-04-12: 2 problems
2026-10-04T10:51:41.5671690Z   2025-04-11: 2 problems
2026-10-04T10:51:41.5890800Z   2025-04-10: 2 problems
2026-10-04T10:51:41.6100887Z   2025-04-09: 2 problems
2026-10-04T10:51:41.6319845Z   2025-04-08: 2 problems
2026-10-04T10:51:41.6548810Z   2025-04-07: 2 problems
2026-10-04T10:51:41.6752285Z   2025-04-05: 2 problems
2026-10-04T10:51:41.6957144Z   2025-04-04: 2 problems
2026-10-04T10:51:41.7164441Z   2025-04-03: 2 problems
2026-10-04T10:51:41.7388010Z   2025-04-02: 2 problems
2026-10-04T10:51:41.7590007Z   2025-04-01: 2 problems
2026-10-04T10:51:41.7793494Z   2025-03-31: 2 problems
2026-10-04T10:51:41.8429793Z   2025-03-29: 2 problems
2026-10-04T10:51:41.8637351Z   2025-03-28: 2 problems
2026-10-04T10:51:41.8866568Z   2025-03-27: 2 problems
2026-10-04T10:51:41.9068534Z   2025-03-26: 2 problems
2026-10-04T10:51:41.9272106Z   2025-03-25: 2 problems
2026-10-04T10:51:41.9488494Z   2025-03-24: 2 problems
2026-10-04T10:51:41.9700545Z   2025-03-22: 2 problems
2026-10-04T10:51:41.9900248Z   2025-03-21: 2 problems
2026-10-04T10:51:42.0196904Z   2025-03-20: 2 problems
2026-10-04T10:51:42.0459969Z   2025-03-19: 2 problems
2026-10-04T10:51:42.0654522Z   2025-03-18: 2 problems
2026-10-04T10:51:42.0885007Z   2025-03-17: 2 problems
2026-10-04T10:51:42.1084299Z   2025-03-15: 2 problems
2026-10-04T10:51:42.1729303Z   2025-03-14: 2 problems
2026-10-04T10:51:42.1950795Z   2025-03-13: 2 problems
2026-10-04T10:51:42.2157614Z   2025-03-12: 2 problems
2026-10-04T10:51:42.2413309Z   2025-03-11: 2 problems
2026-10-04T10:51:42.2613955Z   2025-03-10: 2 problems
2026-10-04T10:51:42.2824549Z   2025-03-08: 2 problems
2026-10-04T10:51:42.3530277Z   2025-03-07: 2 problems
2026-10-04T10:51:42.4619017Z   2025-03-06: 2 problems
2026-10-04T10:51:42.5763951Z   2025-03-05: 2 problems
2026-10-04T10:51:42.6852126Z   2025-03-04: 2 problems
2026-10-04T10:51:42.8097556Z   2025-03-03: 2 problems
2026-10-04T10:51:42.9131135Z   2025-03-01: 2 problems
2026-10-04T10:51:43.0177571Z   2025-02-28: 2 problems
2026-10-04T10:51:43.1481688Z   2025-02-27: 2 problems
2026-10-04T10:51:43.2744487Z   2025-02-26: 2 problems
2026-10-04T10:51:43.4209791Z   2025-02-25: 2 problems
2026-10-04T10:51:43.5007658Z   2025-02-24: 2 problems
2026-10-04T10:51:43.5815240Z   2025-02-22: 2 problems
2026-10-04T10:51:43.7045094Z   2025-02-21: 2 problems
2026-10-04T10:51:43.8096582Z   2025-02-20: 2 problems
2026-10-04T10:51:43.9143288Z   2025-02-19: 2 problems
2026-10-04T10:51:44.0253037Z   2025-02-18: 2 problems
2026-10-04T10:51:44.1248975Z   2025-02-17: 2 problems
2026-10-04T10:51:44.2181272Z   2025-02-15: 2 problems
2026-10-04T10:51:44.3257709Z   2025-02-14: 2 problems
2026-10-04T10:51:44.4124094Z   2025-02-13: 2 problems
2026-10-04T10:51:44.5150326Z   2025-02-12: 2 problems
2026-10-04T10:51:44.6397446Z   2025-02-11: 2 problems
2026-10-04T10:51:54.7152664Z   2025-02-10: 2 problems
2026-10-04T10:51:54.7344769Z   2025-02-08: 2 problems
2026-10-04T10:51:54.7553280Z   2025-02-07: 2 problems
2026-10-04T10:51:54.7747514Z   2025-02-06: 2 problems
2026-10-04T10:51:54.7943319Z   2025-02-05: 2 problems
2026-10-04T10:51:54.8287898Z   2025-02-04: 2 problems
2026-10-04T10:51:54.8486484Z   2025-02-03: 2 problems
2026-10-04T10:51:54.8693026Z   2025-02-01: 2 problems
2026-10-04T10:51:54.8983105Z   2025-01-31: 2 problems
2026-10-04T10:51:54.9223567Z   2025-01-30: 2 problems
2026-10-04T10:51:54.9421678Z   2025-01-29: 2 problems
2026-10-04T10:51:54.9618103Z   2025-01-28: 2 problems
2026-10-04T10:51:54.9912806Z   2025-01-27: 2 problems
2026-10-04T10:51:55.0406660Z   2025-01-25: 2 problems
2026-10-04T10:51:55.0673853Z   2025-01-24: 2 problems
2026-10-04T10:51:55.0878076Z   2025-01-23: 2 problems
2026-10-04T10:51:55.1087429Z   2025-01-22: 2 problems
2026-10-04T10:51:55.1292785Z   2025-01-21: 2 problems
2026-10-04T10:51:55.1489770Z   2025-01-20: 2 problems
2026-10-04T10:51:55.1789262Z   2025-01-18: 2 problems
2026-10-04T10:51:55.2016394Z   2025-01-17: 2 problems
2026-10-04T10:51:55.2226522Z   2025-01-16: 2 problems
2026-10-04T10:51:55.2430355Z   2025-01-15: 2 problems
2026-10-04T10:51:55.2643499Z   2025-01-14: 2 problems
2026-10-04T10:51:55.3201954Z   2025-01-13: 2 problems
2026-10-04T10:51:55.3911445Z   2025-01-11: 2 problems
2026-10-04T10:51:55.4135430Z   2025-01-10: 2 problems
2026-10-04T10:51:55.4335833Z   2025-01-09: 2 problems
2026-10-04T10:51:55.4561214Z   2025-01-08: 2 problems
2026-10-04T10:51:55.4897621Z   2025-01-07: 2 problems
2026-10-04T10:51:55.5100686Z   2025-01-06: 2 problems
2026-10-04T10:51:55.5301188Z   2025-01-04: 2 problems
2026-10-04T10:51:55.5497260Z   2025-01-03: 2 problems
2026-10-04T10:51:55.5701562Z   2025-01-02: 2 problems
2026-10-04T10:51:55.5936364Z   2025-01-01: 2 problems
2026-10-04T10:51:55.6142532Z   2024-12-31: 2 problems
2026-10-04T10:51:55.6486198Z   2024-12-30: 2 problems
2026-10-04T10:51:55.6689054Z   2024-12-28: 2 problems
2026-10-04T10:51:55.7213395Z   2024-12-27: 2 problems
2026-10-04T10:51:55.7418847Z   2024-12-26: 2 problems
2026-10-04T10:51:55.7620550Z   2024-12-25: 2 problems
2026-10-04T10:51:55.8129253Z   2024-12-24: 2 problems
2026-10-04T10:51:55.8340200Z   2024-12-23: 2 problems
2026-10-04T10:51:55.8535547Z   2024-12-21: 2 problems
2026-10-04T10:51:55.8764772Z   2024-12-20: 2 problems
2026-10-04T10:51:55.8939671Z   2024-12-19: 2 problems
2026-10-04T10:51:55.9162166Z   2024-12-18: 2 problems
2026-10-04T10:51:55.9369312Z   2024-12-17: 2 problems
2026-10-04T10:51:55.9573056Z   2024-12-16: 2 problems
2026-10-04T10:51:55.9766600Z   2024-12-14: 2 problems
2026-10-04T10:51:56.0041945Z   2024-12-13: 2 problems
2026-10-04T10:51:56.0238804Z   2024-12-12: 2 problems
2026-10-04T10:51:56.0436052Z   2024-12-11: 2 problems
2026-10-04T10:51:56.0665961Z   2024-12-10: 2 problems
2026-10-04T10:51:56.0874272Z   2024-12-09: 2 problems
2026-10-04T10:51:56.1070616Z   2024-12-07: 2 problems
2026-10-04T10:51:56.1633616Z   2024-12-06: 2 problems
2026-10-04T10:51:56.1833321Z   2024-12-05: 2 problems
2026-10-04T10:51:56.2040198Z   2024-12-04: 2 problems
2026-10-04T10:51:56.2250422Z   2024-12-03: 2 problems
2026-10-04T10:51:56.2470769Z   2024-12-02: 2 problems
2026-10-04T10:51:56.2781195Z   2024-11-30: 2 problems
2026-10-04T10:51:56.2976137Z   2024-11-29: 2 problems
2026-10-04T10:51:56.3185589Z   2024-11-28: 2 problems
2026-10-04T10:51:56.3388811Z   2024-11-27: 2 problems
2026-10-04T10:51:56.3987344Z   2024-11-26: 2 problems
2026-10-04T10:51:56.4192450Z   2024-11-25: 2 problems
2026-10-04T10:51:56.4392102Z   2024-11-23: 2 problems
2026-10-04T10:51:56.4596658Z   2024-11-22: 2 problems
2026-10-04T10:51:56.4735982Z   2024-11-21: 2 problems
2026-10-04T10:51:56.4994081Z   2024-11-20: 2 problems
2026-10-04T10:51:56.5210154Z   2024-11-19: 2 problems
2026-10-04T10:51:56.6233653Z   2024-11-18: 2 problems
2026-10-04T10:51:56.6833463Z   2024-11-16: 2 problems
2026-10-04T10:51:56.7038493Z   2024-11-15: 2 problems
2026-10-04T10:51:56.7233740Z   2024-11-14: 2 problems
2026-10-04T10:51:56.7939033Z   2024-11-13: 2 problems
2026-10-04T10:51:56.8144416Z   2024-11-12: 2 problems
2026-10-04T10:51:56.8340572Z   2024-11-11: 2 problems
2026-10-04T10:51:56.8535960Z   2024-11-09: 2 problems
2026-10-04T10:51:56.8740333Z   2024-11-08: 2 problems
2026-10-04T10:51:56.8950100Z   2024-11-07: 2 problems
2026-10-04T10:51:56.9146527Z   2024-11-06: 2 problems
2026-10-04T10:51:56.9346205Z   2024-11-05: 2 problems
2026-10-04T10:51:56.9545820Z   2024-11-04: 2 problems
2026-10-04T10:51:56.9745479Z   2024-11-02: 2 problems
2026-10-04T10:51:57.0409703Z   2024-11-01: 2 problems
2026-10-04T10:51:57.0603026Z   2024-10-31: 2 problems
2026-10-04T10:51:57.0813710Z   2024-10-30: 2 problems
2026-10-04T10:51:57.1700863Z   2024-10-29: 2 problems
2026-10-04T10:51:57.1893876Z   2024-10-28: 2 problems
2026-10-04T10:51:57.2674957Z   2024-10-26: 2 problems
2026-10-04T10:51:57.3008344Z   2024-10-25: 2 problems
2026-10-04T10:51:57.3216579Z   2024-10-24: 2 problems
2026-10-04T10:51:57.3742246Z   2024-10-23: 2 problems
2026-10-04T10:51:57.8291021Z   2024-10-22: 2 problems
2026-10-04T10:51:57.8866557Z   2024-10-21: 2 problems
2026-10-04T10:51:57.9858212Z   2024-10-19: 2 problems
2026-10-04T10:51:58.0076163Z   2024-10-18: 2 problems
2026-10-04T10:51:58.0279223Z   2024-10-17: 2 problems
2026-10-04T10:51:58.0481732Z   2024-10-16: 2 problems
2026-10-04T10:51:58.0688457Z   2024-10-15: 2 problems
2026-10-04T10:51:58.0889342Z   2024-10-14: 2 problems
2026-10-04T10:51:58.1114574Z   2024-10-12: 2 problems
2026-10-04T10:51:58.1317530Z   2024-10-11: 2 problems
2026-10-04T10:51:58.1868508Z   2024-10-10: 2 problems
2026-10-04T10:51:58.2075166Z   2024-10-09: 2 problems
2026-10-04T10:51:58.2274655Z   2024-10-08: 2 problems
2026-10-04T10:51:58.2495072Z   2024-10-07: 2 problems
2026-10-04T10:51:58.2697937Z   2024-10-05: 2 problems
2026-10-04T10:51:58.2904494Z   2024-10-04: 2 problems
2026-10-04T10:51:58.3102979Z   2024-10-03: 2 problems
2026-10-04T10:51:58.3313059Z   2024-10-02: 2 problems
2026-10-04T10:51:58.3534861Z   2024-10-01: 2 problems
2026-10-04T10:51:58.4501937Z   2024-09-30: 2 problems
2026-10-04T10:51:58.4708189Z   2024-09-28: 2 problems
2026-10-04T10:51:58.4921316Z   2024-09-27: 2 problems
2026-10-04T10:51:58.5120142Z   2024-09-26: 2 problems
2026-10-04T10:51:58.5326851Z   2024-09-25: 2 problems
2026-10-04T10:51:58.5457297Z   2024-09-24: 2 problems
2026-10-04T10:51:58.6009776Z   2024-09-23: 2 problems
2026-10-04T10:51:58.6252205Z   2024-09-21: 2 problems
2026-10-04T10:51:58.6448735Z   2024-09-20: 2 problems
2026-10-04T10:51:58.6639894Z   2024-09-19: 2 problems
2026-10-04T10:51:58.7159541Z   2024-09-18: 2 problems
2026-10-04T10:51:58.7850648Z   2024-09-17: 2 problems
2026-10-04T10:51:58.8055138Z   2024-09-16: 2 problems
2026-10-04T10:51:58.8652639Z   2024-09-14: 2 problems
2026-10-04T10:51:58.8856625Z   2024-09-13: 2 problems
2026-10-04T10:51:58.9194263Z   2024-09-12: 2 problems
2026-10-04T10:51:58.9402167Z   2024-09-11: 2 problems
2026-10-04T10:51:58.9613162Z   2024-09-10: 2 problems
2026-10-04T10:51:58.9907539Z   2024-09-09: 2 problems
2026-10-04T10:51:59.0127245Z   2024-09-07: 2 problems
2026-10-04T10:51:59.0322192Z   2024-09-06: 2 problems
2026-10-04T10:51:59.0526768Z   2024-09-05: 2 problems
2026-10-04T10:51:59.0729700Z   2024-09-04: 2 problems
2026-10-04T10:51:59.1068151Z   2024-09-03: 2 problems
2026-10-04T10:51:59.1273609Z   2024-09-02: 2 problems
2026-10-04T10:51:59.1501593Z   2024-08-31: 2 problems
2026-10-04T10:51:59.2212792Z   2024-08-30: 2 problems
2026-10-04T10:51:59.3618961Z   2024-08-29: 2 problems
2026-10-04T10:51:59.4740482Z   2024-08-28: 2 problems
2026-10-04T10:51:59.5920981Z   2024-08-27: 2 problems
2026-10-04T10:51:59.6887441Z   2024-08-26: 2 problems
2026-10-04T10:51:59.7774083Z   2024-08-24: 2 problems
2026-10-04T10:51:59.8769009Z   2024-08-23: 2 problems
2026-10-04T10:51:59.9889941Z   2024-08-22: 2 problems
2026-10-04T10:52:00.0780850Z   2024-08-21: 2 problems
2026-10-04T10:52:00.1780871Z   2024-08-20: 2 problems
2026-10-04T10:52:00.2896730Z   2024-08-19: 2 problems
2026-10-04T10:52:00.4227482Z   2024-08-17: 2 problems
2026-10-04T10:52:00.5607348Z   2024-08-16: 2 problems
2026-10-04T10:52:00.6398967Z   2024-08-15: 2 problems
2026-10-04T10:52:00.7467312Z   2024-08-14: 2 problems
2026-10-04T10:52:00.8381835Z   2024-08-13: 2 problems
2026-10-04T10:52:00.9226651Z   2024-08-12: 2 problems
2026-10-04T10:52:01.0020703Z   2024-08-10: 2 problems
2026-10-04T10:52:01.1376626Z   2024-08-09: 2 problems
2026-10-04T10:52:01.2452874Z   2024-08-08: 2 problems
2026-10-04T10:52:05.5339620Z   2024-08-07: 2 problems
2026-10-04T10:52:05.5579558Z   2024-08-06: 2 problems
2026-10-04T10:52:05.6253347Z   2024-08-05: 2 problems
2026-10-04T10:52:05.6818724Z   2024-08-03: 2 problems
2026-10-04T10:52:05.7037866Z   2024-08-02: 2 problems
2026-10-04T10:52:05.7588538Z   2024-08-01: 2 problems
2026-10-04T10:52:05.7794428Z   2024-07-31: 2 problems
2026-10-04T10:52:05.7997154Z   2024-07-30: 2 problems
2026-10-04T10:52:05.8294593Z   2024-07-29: 2 problems
2026-10-04T10:52:05.8816675Z   2024-07-27: 2 problems
2026-10-04T10:52:05.9147186Z   2024-07-26: 2 problems
2026-10-04T10:52:05.9455167Z   2024-07-25: 2 problems
2026-10-04T10:52:05.9764010Z   2024-07-24: 2 problems
2026-10-04T10:52:05.9965917Z   2024-07-23: 2 problems
2026-10-04T10:52:06.0172213Z   2024-07-22: 2 problems
2026-10-04T10:52:06.0502220Z   2024-07-20: 2 problems
2026-10-04T10:52:06.1023495Z   2024-07-19: 2 problems
2026-10-04T10:52:06.1242752Z   2024-07-18: 2 problems
2026-10-04T10:52:06.1443655Z   2024-07-17: 2 problems
2026-10-04T10:52:06.1653079Z   2024-07-16: 2 problems
2026-10-04T10:52:06.1868094Z   2024-07-15: 2 problems
2026-10-04T10:52:06.2194063Z   2024-07-13: 2 problems
2026-10-04T10:52:06.2356253Z   2024-07-12: 2 problems
2026-10-04T10:52:06.2632713Z   2024-07-11: 2 problems
2026-10-04T10:52:06.2833387Z   2024-07-10: 2 problems
2026-10-04T10:52:06.3041281Z   2024-07-09: 2 problems
2026-10-04T10:52:06.3244229Z   2024-07-08: 2 problems
2026-10-04T10:52:06.3615697Z   2024-07-06: 2 problems
2026-10-04T10:52:06.3821677Z   2024-07-05: 2 problems
2026-10-04T10:52:06.4027162Z   2024-07-04: 2 problems
2026-10-04T10:52:06.4649403Z   2024-07-03: 2 problems
2026-10-04T10:52:06.4857765Z   2024-07-02: 2 problems
2026-10-04T10:52:06.5066361Z   2024-07-01: 2 problems
2026-10-04T10:52:06.5721795Z   2024-06-29: 2 problems
2026-10-04T10:52:06.5934749Z   2024-06-28: 2 problems
2026-10-04T10:52:06.6139085Z   2024-06-27: 2 problems
2026-10-04T10:52:06.6568375Z   2024-06-26: 2 problems
2026-10-04T10:52:06.6861308Z   2024-06-25: 2 problems
2026-10-04T10:52:06.7079572Z   2024-06-24: 2 problems
2026-10-04T10:52:06.7283108Z   2024-06-22: 2 problems
2026-10-04T10:52:06.7489748Z   2024-06-21: 2 problems
2026-10-04T10:52:06.7700091Z   2024-06-20: 2 problems
2026-10-04T10:52:06.7922267Z   2024-06-19: 2 problems
2026-10-04T10:52:06.8625482Z   2024-06-18: 2 problems
2026-10-04T10:52:06.8848672Z   2024-06-17: 2 problems
2026-10-04T10:52:06.9058175Z   2024-06-15: 2 problems
2026-10-04T10:52:06.9746127Z   2024-06-14: 2 problems
2026-10-04T10:52:07.0103535Z   2024-06-13: 2 problems
2026-10-04T10:52:07.0319091Z   2024-06-12: 2 problems
2026-10-04T10:52:07.0967618Z   2024-06-11: 2 problems
2026-10-04T10:52:07.2318038Z   2024-06-10: 2 problems
2026-10-04T10:52:07.3407032Z   2024-06-08: 2 problems
2026-10-04T10:52:07.4770977Z   2024-06-07: 2 problems
2026-10-04T10:52:07.5914176Z   2024-06-06: 2 problems
2026-10-04T10:52:07.6920206Z   2024-06-05: 2 problems
2026-10-04T10:52:07.8221508Z   2024-06-04: 2 problems
2026-10-04T10:52:07.9465102Z   2024-06-03: 2 problems
2026-10-04T10:52:08.0880330Z   2024-06-01: 2 problems
2026-10-04T10:52:08.1965882Z   2024-05-31: 2 problems
2026-10-04T10:52:08.3120682Z   2024-05-30: 2 problems
2026-10-04T10:52:08.4440999Z   2024-05-29: 2 problems
2026-10-04T10:52:08.6152541Z   2024-05-28: 2 problems
2026-10-04T10:52:08.7503033Z   2024-05-27: 2 problems
2026-10-04T10:52:08.8598981Z   2024-05-25: 2 problems
2026-10-04T10:52:08.9730727Z   2024-05-24: 2 problems
2026-10-04T10:52:09.1048306Z   2024-05-23: 2 problems
2026-10-04T10:52:09.2080011Z   2024-05-22: 2 problems
2026-10-04T10:52:09.3183509Z   2024-05-21: 2 problems
2026-10-04T10:52:09.4250039Z   2024-05-20: 2 problems
2026-10-04T10:52:09.5480675Z   2024-05-18: 2 problems
2026-10-04T10:52:09.6539996Z   2024-05-17: 2 problems
2026-10-04T10:52:09.7650658Z   2024-05-16: 2 problems
2026-10-04T10:52:09.8958912Z   2024-05-15: 2 problems
2026-10-04T10:52:10.0330629Z   2024-05-14: 2 problems
2026-10-04T10:52:17.4629715Z   2024-05-13: 2 problems
2026-10-04T10:52:17.4959521Z   2024-05-11: 2 problems
2026-10-04T10:52:17.5165218Z   2024-05-10: 2 problems
2026-10-04T10:52:17.5374443Z   2024-05-09: 2 problems
2026-10-04T10:52:17.5894854Z   2024-05-08: 2 problems
2026-10-04T10:52:17.6094299Z   2024-05-07: 2 problems
2026-10-04T10:52:17.6314466Z   2024-05-06: 2 problems
2026-10-04T10:52:17.6515815Z   2024-05-04: 2 problems
2026-10-04T10:52:17.6722626Z   2024-05-03: 2 problems
2026-10-04T10:52:17.7080849Z   2024-05-02: 2 problems
2026-10-04T10:52:17.7389227Z   2024-05-01: 2 problems
2026-10-04T10:52:17.7584065Z   2024-04-30: 2 problems
2026-10-04T10:52:17.7783931Z   2024-04-29: 2 problems
2026-10-04T10:52:17.7978539Z   2024-04-27: 2 problems
2026-10-04T10:52:17.8549091Z   2024-04-26: 2 problems
2026-10-04T10:52:17.8757001Z   2024-04-25: 2 problems
2026-10-04T10:52:17.8957725Z   2024-04-24: 2 problems
2026-10-04T10:52:17.9161195Z   2024-04-23: 2 problems
2026-10-04T10:52:17.9469218Z   2024-04-22: 2 problems
2026-10-04T10:52:17.9670837Z   2024-04-20: 2 problems
2026-10-04T10:52:17.9873395Z   2024-04-19: 2 problems
2026-10-04T10:52:18.0073095Z   2024-04-18: 2 problems
2026-10-04T10:52:18.0274077Z   2024-04-17: 2 problems
2026-10-04T10:52:18.0481334Z   2024-04-16: 2 problems
2026-10-04T10:52:18.0675813Z   2024-04-15: 2 problems
2026-10-04T10:52:18.0875904Z   2024-04-13: 2 problems
2026-10-04T10:52:18.1094348Z   2024-04-12: 2 problems
2026-10-04T10:52:18.1325950Z   2024-04-11: 2 problems
2026-10-04T10:52:18.1538108Z   2024-04-10: 2 problems
2026-10-04T10:52:18.2114206Z   2024-04-09: 2 problems
2026-10-04T10:52:18.2314688Z   2024-04-08: 2 problems
2026-10-04T10:52:18.2520931Z   2024-04-06: 2 problems
2026-10-04T10:52:18.2728264Z   2024-04-05: 2 problems
2026-10-04T10:52:18.3023620Z   2024-04-04: 2 problems
2026-10-04T10:52:18.3227586Z   2024-04-03: 2 problems
2026-10-04T10:52:18.4061779Z   2024-04-02: 2 problems
2026-10-04T10:52:18.4281171Z   2024-04-01: 2 problems
2026-10-04T10:52:18.4774617Z   2024-03-30: 2 problems
2026-10-04T10:52:18.5267433Z   2024-03-29: 2 problems
2026-10-04T10:52:18.5524491Z   2024-03-28: 2 problems
2026-10-04T10:52:18.5731988Z   2024-03-27: 2 problems
2026-10-04T10:52:18.6037816Z   2024-03-26: 2 problems
2026-10-04T10:52:18.6241150Z   2024-03-25: 2 problems
2026-10-04T10:52:18.6450619Z   2024-03-23: 2 problems
2026-10-04T10:52:18.6738662Z   2024-03-22: 2 problems
2026-10-04T10:52:18.6958898Z   2024-03-21: 2 problems
2026-10-04T10:52:18.7189183Z   2024-03-20: 2 problems
2026-10-04T10:52:18.7435855Z   2024-03-19: 2 problems
2026-10-04T10:52:18.7629929Z   2024-03-18: 2 problems
2026-10-04T10:52:18.7846064Z   2024-03-16: 2 problems
2026-10-04T10:52:18.8044108Z   2024-03-15: 2 problems
2026-10-04T10:52:18.8238850Z   2024-03-14: 2 problems
2026-10-04T10:52:18.8443104Z   2024-03-13: 2 problems
2026-10-04T10:52:18.9064254Z   2024-03-12: 2 problems
2026-10-04T10:52:18.9332859Z   2024-03-11: 2 problems
2026-10-04T10:52:18.9534330Z   2024-03-09: 2 problems
2026-10-04T10:52:19.0169492Z   2024-03-08: 2 problems
2026-10-04T10:52:19.0363888Z   2024-03-07: 2 problems
2026-10-04T10:52:19.0574132Z   2024-03-06: 2 problems
2026-10-04T10:52:19.0773431Z   2024-03-05: 2 problems
2026-10-04T10:52:19.0985527Z   2024-03-04: 2 problems
2026-10-04T10:52:19.1203504Z   2024-03-02: 2 problems
2026-10-04T10:52:19.1406492Z   2024-03-01: 2 problems
2026-10-04T10:52:19.1601368Z   2024-02-29: 2 problems
2026-10-04T10:52:19.1809981Z   2024-02-28: 2 problems
2026-10-04T10:52:19.2013525Z   2024-02-27: 2 problems
2026-10-04T10:52:19.2213477Z   2024-02-26: 2 problems
2026-10-04T10:52:19.2216480Z Building categories...
2026-10-04T10:52:19.6841868Z Wrote /home/runner/work/ys_problem_web/ys_problem_web/data/daily.json (813 days, 21 categories).
2026-10-04T10:52:19.6842812Z Syncing leaderboard (records.js from gh-pages)...
2026-10-04T10:52:19.6978314Z   ✓ 361 players, data through 2026-10-03
2026-10-04T10:52:19.7176165Z ##[group]Run xvfb-run -a node scripts/fetch-statements.mjs --limit 4 --delay 6000
2026-10-04T10:52:19.7176780Z [36;1mxvfb-run -a node scripts/fetch-statements.mjs --limit 4 --delay 6000[0m
2026-10-04T10:52:19.7238345Z shell: /usr/bin/bash -e {0}
2026-10-04T10:52:19.7238601Z env:
2026-10-04T10:52:19.7238816Z   CF_START_MODE: chrome-headful
2026-10-04T10:52:19.7239069Z ##[endgroup]
2026-10-04T10:52:19.9283185Z Statements on disk: 1597; missing in archive: 26; needs limits: 0; fetching: 4
2026-10-04T10:52:30.3581867Z   [1/4] ✗ GYM106259I — fetch/parse failed
2026-10-04T10:52:37.8080842Z   2 consecutive failures — cooling down 240s…
2026-10-04T10:56:39.1703609Z   [2/4] ✗ GYM105746C — fetch/parse failed
2026-10-04T10:56:54.4947949Z   [3/4] ✗ GYM106225C — fetch/parse failed
2026-10-04T10:57:10.5529521Z   2 consecutive failures — cooling down 240s…
2026-10-04T11:01:19.6850103Z   [4/4] ✗ GYM103575B — fetch/parse failed
2026-10-04T11:01:19.7720031Z 
2026-10-04T11:01:19.7721875Z Done: 0 saved, 4 failed.
2026-10-04T11:01:19.7722460Z Failed codes (rerun this script to retry):
2026-10-04T11:01:19.7723015Z   GYM106259I, GYM105746C, GYM106225C, GYM103575B
2026-10-04T11:01:19.8917155Z ##[group]Run OUT=$(xvfb-run -a node scripts/repair-zsmj.mjs --limit 200 --delay 6000)
2026-10-04T11:01:19.8917788Z [36;1mOUT=$(xvfb-run -a node scripts/repair-zsmj.mjs --limit 200 --delay 6000)[0m
2026-10-04T11:01:19.8918201Z [36;1mecho "$OUT"[0m
2026-10-04T11:01:19.8918585Z [36;1mREPAIRED=$(echo "$OUT" | grep -oE 'Done: [0-9]+ repaired' | grep -oE '[0-9]+' || echo 0)[0m
2026-10-04T11:01:19.8919212Z [36;1mREMAINING=$(grep -l '%%ZSMJ' data/statements/*.json 2>/dev/null | wc -l | tr -d ' ')[0m
2026-10-04T11:01:19.8919688Z [36;1mecho "repaired=$REPAIRED" >> "$GITHUB_OUTPUT"[0m
2026-10-04T11:01:19.8920044Z [36;1mecho "remaining=$REMAINING" >> "$GITHUB_OUTPUT"[0m
2026-10-04T11:01:19.8981668Z shell: /usr/bin/bash -e {0}
2026-10-04T11:01:19.8981923Z env:
2026-10-04T11:01:19.8982129Z   CF_START_MODE: chrome-headful
2026-10-04T11:01:19.8982378Z ##[endgroup]
2026-10-04T11:28:40.0650265Z Statements to repair: 200
2026-10-04T11:28:40.0651675Z   [1/200] ✓ GYM104182C — 10 段重译(0 段保留译文)
2026-10-04T11:28:40.0652649Z   [2/200] ✓ GYM104287F — 9 段重译(0 段保留译文)
2026-10-04T11:28:40.0653466Z   [3/200] ✓ GYM104287H — 23 段重译(0 段保留译文)
2026-10-04T11:28:40.0654762Z   [4/200] ✓ GYM104287K — 13 段重译(0 段保留译文)
2026-10-04T11:28:40.0655577Z   [5/200] ✓ GYM104287N — 10 段重译(0 段保留译文)
2026-10-04T11:28:40.0656392Z   [6/200] ✓ GYM104287O — 21 段重译(0 段保留译文)
2026-10-04T11:28:40.0657158Z   [7/200] ✓ GYM104294A — 6 段重译(0 段保留译文)
2026-10-04T11:28:40.0658343Z   [8/200] ✓ GYM104328D — 4 段重译(0 段保留译文)
2026-10-04T11:28:40.0659099Z   [9/200] ✓ GYM104345B — 11 段重译(0 段保留译文)
2026-10-04T11:28:40.0659869Z   [10/200] ✓ GYM104375D — 11 段重译(0 段保留译文)
2026-10-04T11:28:40.0660651Z   [11/200] ✓ GYM104380F — 6 段重译(0 段保留译文)
2026-10-04T11:28:40.0661565Z   [12/200] ✓ GYM104380R — 8 段重译(0 段保留译文)
2026-10-04T11:28:40.0662188Z   [13/200] ✓ GYM104395F — 5 段重译(0 段保留译文)
2026-10-04T11:28:40.0662721Z   [14/200] ✓ GYM104408B — 14 段重译(0 段保留译文)
2026-10-04T11:28:40.0663243Z   [15/200] ✓ GYM104408C — 9 段重译(0 段保留译文)
2026-10-04T11:28:40.0664676Z   [16/200] ✓ GYM104468A — 8 段重译(0 段保留译文)
2026-10-04T11:28:40.0665247Z   [17/200] ✓ GYM104468M — 10 段重译(0 段保留译文)
2026-10-04T11:28:40.0665777Z   [18/200] ✓ GYM104479D — 5 段重译(0 段保留译文)
2026-10-04T11:28:40.0666367Z   [19/200] ✓ GYM104479J — 9 段重译(0 段保留译文)
2026-10-04T11:28:40.0666870Z   [20/200] ✓ GYM104493M — 6 段重译(0 段保留译文)
2026-10-04T11:28:40.0667404Z   [21/200] ✓ GYM104511F — 16 段重译(0 段保留译文)
2026-10-04T11:28:40.0667922Z   [22/200] ✓ GYM104523A — 8 段重译(0 段保留译文)
2026-10-04T11:28:40.0668491Z   [23/200] ✓ GYM104523D — 11 段重译(0 段保留译文)
2026-10-04T11:28:40.0669028Z   [24/200] ✓ GYM104535E — 3 段重译(0 段保留译文)
2026-10-04T11:28:40.0669546Z   [25/200] ✓ GYM104536E — 9 段重译(0 段保留译文)
2026-10-04T11:28:40.0670057Z   [26/200] ✓ GYM104574E — 3 段重译(0 段保留译文)
2026-10-04T11:28:40.0670607Z   [27/200] ✓ GYM104599I — 4 段重译(0 段保留译文)
2026-10-04T11:28:40.0671159Z   [28/200] ✓ GYM104668L — 2 段重译(0 段保留译文)
2026-10-04T11:28:40.0671702Z   [29/200] ✓ GYM104669L — 7 段重译(0 段保留译文)
2026-10-04T11:28:40.0672218Z   [30/200] ✓ GYM104670D — 2 段重译(0 段保留译文)
2026-10-04T11:28:40.0672783Z   [31/200] ✓ GYM104670G — 3 段重译(0 段保留译文)
2026-10-04T11:28:40.0673322Z   [32/200] ✓ GYM104671F — 10 段重译(0 段保留译文)
2026-10-04T11:28:40.0674074Z   [33/200] ✓ GYM104673A — 3 段重译(0 段保留译文)
2026-10-04T11:28:40.0674409Z   [34/200] ✓ GYM104679E — 5 段重译(0 段保留译文)
2026-10-04T11:28:40.0674709Z   [35/200] ✓ GYM104679F — 10 段重译(0 段保留译文)
2026-10-04T11:28:40.0675001Z   [36/200] ✓ GYM104720K — 7 段重译(0 段保留译文)
2026-10-04T11:28:40.0675306Z   [37/200] ✓ GYM104736I — 5 段重译(0 段保留译文)
2026-10-04T11:28:40.0675594Z   [38/200] ✓ GYM104755F — 6 段重译(0 段保留译文)
2026-10-04T11:28:40.0675885Z   [39/200] ✓ GYM104758D — 4 段重译(0 段保留译文)
2026-10-04T11:28:40.0676169Z   [40/200] ✓ GYM104770D — 8 段重译(0 段保留译文)
2026-10-04T11:28:40.0676448Z   [41/200] ✓ GYM104777N — 8 段重译(0 段保留译文)
2026-10-04T11:28:40.0676742Z   [42/200] ✓ GYM104782D — 11 段重译(0 段保留译文)
2026-10-04T11:28:40.0677029Z   [43/200] ✓ GYM104782I — 8 段重译(0 段保留译文)
2026-10-04T11:28:40.0677314Z   [44/200] ✓ GYM104785K — 7 段重译(0 段保留译文)
2026-10-04T11:28:40.0677863Z   [45/200] ✓ GYM104786C — 6 段重译(0 段保留译文)
2026-10-04T11:28:40.0678180Z   [46/200] ✓ GYM104790K — 5 段重译(0 段保留译文)
2026-10-04T11:28:40.0678473Z   [47/200] ✓ GYM104805K — 15 段重译(0 段保留译文)
2026-10-04T11:28:40.0678761Z   [48/200] ✓ GYM104822I — 4 段重译(0 段保留译文)
2026-10-04T11:28:40.0679041Z   [49/200] ✓ GYM104842K — 5 段重译(0 段保留译文)
2026-10-04T11:28:40.0679328Z   [50/200] ✓ GYM104847E — 8 段重译(0 段保留译文)
2026-10-04T11:28:40.0679609Z   [51/200] ✓ GYM104848E — 6 段重译(0 段保留译文)
2026-10-04T11:28:40.0680063Z   [52/200] ✓ GYM104848M — 7 段重译(0 段保留译文)
2026-10-04T11:28:40.0680343Z   [53/200] ✓ GYM104852D — 5 段重译(0 段保留译文)
2026-10-04T11:28:40.0680636Z   [54/200] ✓ GYM104854C — 10 段重译(0 段保留译文)
2026-10-04T11:28:40.0680935Z   [55/200] ✓ GYM104855D — 7 段重译(0 段保留译文)
2026-10-04T11:28:40.0681219Z   [56/200] ✓ GYM104873I — 9 段重译(0 段保留译文)
2026-10-04T11:28:40.0681506Z   [57/200] ✓ GYM104879C — 10 段重译(0 段保留译文)
2026-10-04T11:28:40.0681796Z   [58/200] ✓ GYM104891E — 11 段重译(0 段保留译文)
2026-10-04T11:28:40.0682090Z   [59/200] ✓ GYM104901K — 10 段重译(0 段保留译文)
2026-10-04T11:28:40.0682392Z   [60/200] ✓ GYM104936E — 13 段重译(0 段保留译文)
2026-10-04T11:28:40.0682679Z   [61/200] ✓ GYM104974M — 11 段重译(0 段保留译文)
2026-10-04T11:28:40.0682963Z   [62/200] ✓ GYM104974N — 7 段重译(0 段保留译文)
2026-10-04T11:28:40.0683252Z   [63/200] ✓ GYM104985A — 6 段重译(0 段保留译文)
2026-10-04T11:28:40.0683536Z   [64/200] ✓ GYM105010D — 8 段重译(0 段保留译文)
2026-10-04T11:28:40.0684153Z   [65/200] ✓ GYM105012J — 12 段重译(0 段保留译文)
2026-10-04T11:28:40.0684558Z   [66/200] ✓ GYM105022G — 9 段重译(0 段保留译文)
2026-10-04T11:28:40.0684860Z   [67/200] ✓ GYM105047E — 13 段重译(0 段保留译文)
2026-10-04T11:28:40.0685151Z   [68/200] ✓ GYM105053D — 4 段重译(0 段保留译文)
2026-10-04T11:28:40.0685539Z   [69/200] ✓ GYM105056E — 15 段重译(0 段保留译文)
2026-10-04T11:28:40.0685906Z   [70/200] ✓ GYM105056F — 11 段重译(0 段保留译文)
2026-10-04T11:28:40.0686195Z   [71/200] ✓ GYM105059C — 4 段重译(0 段保留译文)
2026-10-04T11:28:40.0686644Z   [72/200] ✓ GYM105059F — 6 段重译(0 段保留译文)
2026-10-04T11:28:40.0687138Z   [73/200] ✓ GYM105067F — 9 段重译(0 段保留译文)
2026-10-04T11:28:40.0687719Z   [74/200] ✓ GYM105079G — 3 段重译(0 段保留译文)
2026-10-04T11:28:40.0688248Z   [75/200] ✓ GYM105109C — 8 段重译(0 段保留译文)
2026-10-04T11:28:40.0688774Z   [76/200] ✓ GYM105125B — 14 段重译(0 段保留译文)
2026-10-04T11:28:40.0689233Z   [77/200] ✓ GYM105125C — 13 段重译(0 段保留译文)
2026-10-04T11:28:40.0689531Z   [78/200] ✓ GYM105129L — 5 段重译(0 段保留译文)
2026-10-04T11:28:40.0689837Z   [79/200] ✓ GYM105139I — 8 段重译(0 段保留译文)
2026-10-04T11:28:40.0690141Z   [80/200] ✓ GYM105164D — 4 段重译(0 段保留译文)
2026-10-04T11:28:40.0690488Z   [81/200] ✓ GYM105167J — 8 段重译(0 段保留译文)
2026-10-04T11:28:40.0690853Z   [82/200] ✓ GYM105187B — 13 段重译(0 段保留译文)
2026-10-04T11:28:40.0691212Z   [83/200] ✓ GYM105198A — 6 段重译(0 段保留译文)
2026-10-04T11:28:40.0691495Z   [84/200] ✓ GYM105198F — 7 段重译(0 段保留译文)
2026-10-04T11:28:40.0691782Z   [85/200] ✓ GYM105198G — 9 段重译(0 段保留译文)
2026-10-04T11:28:40.0692070Z   [86/200] ✓ GYM105198K — 8 段重译(0 段保留译文)
2026-10-04T11:28:40.0692362Z   [87/200] ✓ GYM105198M — 6 段重译(0 段保留译文)
2026-10-04T11:28:40.0692649Z   [88/200] ✓ GYM105214K — 9 段重译(0 段保留译文)
2026-10-04T11:28:40.0693134Z   [89/200] ✓ GYM105244F — 10 段重译(0 段保留译文)
2026-10-04T11:28:40.0693451Z   [90/200] ✓ GYM105262G — 13 段重译(0 段保留译文)
2026-10-04T11:28:40.0694308Z   [91/200] ✓ GYM105264C — 9 段重译(0 段保留译文)
2026-10-04T11:28:40.0694665Z   [92/200] ✓ GYM105264D — 11 段重译(0 段保留译文)
2026-10-04T11:28:40.0694969Z   [93/200] ✓ GYM105271B — 9 段重译(0 段保留译文)
2026-10-04T11:28:40.0695281Z   [94/200] ✓ GYM105284C — 10 段重译(0 段保留译文)
2026-10-04T11:28:40.0696004Z   [95/200] ✓ GYM105284J — 9 段重译(0 段保留译文)
2026-10-04T11:28:40.0696540Z   [96/200] ✓ GYM105292A — 3 段重译(0 段保留译文)
2026-10-04T11:28:40.0697080Z   [97/200] ✓ GYM105315H — 6 段重译(0 段保留译文)
2026-10-04T11:28:40.0697634Z   [98/200] ✓ GYM105316A — 6 段重译(0 段保留译文)
2026-10-04T11:28:40.0698156Z   [99/200] ✓ GYM105316H — 10 段重译(0 段保留译文)
2026-10-04T11:28:40.0698693Z   [100/200] ✓ GYM105316L — 21 段重译(0 段保留译文)
2026-10-04T11:28:40.0699247Z   [101/200] ✓ GYM105317D — 12 段重译(0 段保留译文)
2026-10-04T11:28:40.0699827Z   [102/200] ✓ GYM105317E — 12 段重译(0 段保留译文)
2026-10-04T11:28:40.0700417Z   [103/200] ✓ GYM105319D — 5 段重译(0 段保留译文)
2026-10-04T11:28:40.0701072Z   [104/200] ✓ GYM105321E — 9 段重译(0 段保留译文)
2026-10-04T11:28:40.0701645Z   [105/200] ✓ GYM105325B — 11 段重译(0 段保留译文)
2026-10-04T11:28:40.0702215Z   [106/200] ✓ GYM105325D — 8 段重译(0 段保留译文)
2026-10-04T11:28:40.0702764Z   [107/200] ✓ GYM105327B — 8 段重译(0 段保留译文)
2026-10-04T11:28:40.0703319Z   [108/200] ✓ GYM105327K — 5 段重译(0 段保留译文)
2026-10-04T11:28:40.0704132Z   [109/200] ✓ GYM105335I — 7 段重译(0 段保留译文)
2026-10-04T11:28:40.0704759Z   [110/200] ✓ GYM105364F — 17 段重译(0 段保留译文)
2026-10-04T11:28:40.0705325Z   [111/200] ✓ GYM105383C — 9 段重译(0 段保留译文)
2026-10-04T11:28:40.0705879Z   [112/200] ✓ GYM105383L — 15 段重译(0 段保留译文)
2026-10-04T11:28:40.0706430Z   [113/200] ✓ GYM105387G — 4 段重译(0 段保留译文)
2026-10-04T11:28:40.0706989Z   [114/200] ✓ GYM105390C2 — 8 段重译(0 段保留译文)
2026-10-04T11:28:40.0707361Z   [115/200] ✓ GYM105394D — 6 段重译(0 段保留译文)
2026-10-04T11:28:40.0707664Z   [116/200] ✓ GYM105400E — 6 段重译(0 段保留译文)
2026-10-04T11:28:40.0707952Z   [117/200] ✓ GYM105400K — 7 段重译(0 段保留译文)
2026-10-04T11:28:40.0708275Z   [118/200] ✓ GYM105401D — 7 段重译(0 段保留译文)
2026-10-04T11:28:40.0708588Z   [119/200] ✓ GYM105401J — 25 段重译(0 段保留译文)
2026-10-04T11:28:40.0708886Z   [120/200] ✓ GYM105408G — 2 段重译(0 段保留译文)
2026-10-04T11:28:40.0709183Z   [121/200] ✓ GYM105418A — 9 段重译(0 段保留译文)
2026-10-04T11:28:40.0709474Z   [122/200] ✓ GYM105427A — 9 段重译(0 段保留译文)
2026-10-04T11:28:40.0709762Z   [123/200] ✓ GYM105431D — 3 段重译(0 段保留译文)
2026-10-04T11:28:40.0710063Z   [124/200] ✓ GYM105437H — 8 段重译(0 段保留译文)
2026-10-04T11:28:40.0710348Z   [125/200] ✓ GYM105437I — 6 段重译(0 段保留译文)
2026-10-04T11:28:40.0710635Z   [126/200] ✓ GYM105442D — 1 段重译(0 段保留译文)
2026-10-04T11:28:40.0710928Z   [127/200] ✓ GYM105442K — 1 段重译(0 段保留译文)
2026-10-04T11:28:40.0711216Z   [128/200] ✓ GYM105444K — 4 段重译(0 段保留译文)
2026-10-04T11:28:40.0711505Z   [129/200] ✓ GYM105446B — 10 段重译(0 段保留译文)
2026-10-04T11:28:40.0711798Z   [130/200] ✓ GYM105446D — 6 段重译(0 段保留译文)
2026-10-04T11:28:40.0712090Z   [131/200] ✓ GYM105453E — 5 段重译(0 段保留译文)
2026-10-04T11:28:40.0712560Z   [132/200] ✓ GYM105453G — 11 段重译(0 段保留译文)
2026-10-04T11:28:40.0712873Z   [133/200] ✓ GYM105478B — 4 段重译(0 段保留译文)
2026-10-04T11:28:40.0713166Z   [134/200] ✓ GYM105486I — 15 段重译(0 段保留译文)
2026-10-04T11:28:40.0713460Z   [135/200] ✓ GYM105500I — 5 段重译(0 段保留译文)
2026-10-04T11:28:40.0714113Z   [136/200] ✓ GYM105500J — 7 段重译(0 段保留译文)
2026-10-04T11:28:40.0714430Z   [137/200] ✓ GYM105501G — 4 段重译(0 段保留译文)
2026-10-04T11:28:40.0714721Z   [138/200] ✓ GYM105505L — 5 段重译(0 段保留译文)
2026-10-04T11:28:40.0715194Z   [139/200] ✓ GYM105532D — 8 段重译(0 段保留译文)
2026-10-04T11:28:40.0715485Z   [140/200] ✓ GYM105552D — 5 段重译(0 段保留译文)
2026-10-04T11:28:40.0715771Z   [141/200] ✓ GYM105562M — 3 段重译(0 段保留译文)
2026-10-04T11:28:40.0716056Z   [142/200] ✓ GYM105580J — 5 段重译(0 段保留译文)
2026-10-04T11:28:40.0716344Z   [143/200] ✓ GYM105582C — 3 段重译(0 段保留译文)
2026-10-04T11:28:40.0716639Z   [144/200] ✓ GYM105582G — 4 段重译(0 段保留译文)
2026-10-04T11:28:40.0716927Z   [145/200] ✓ GYM105582K — 3 段重译(0 段保留译文)
2026-10-04T11:28:40.0717213Z   [146/200] ✓ GYM105584G — 3 段重译(0 段保留译文)
2026-10-04T11:28:40.0717513Z   [147/200] ✓ GYM105613E — 6 段重译(0 段保留译文)
2026-10-04T11:28:40.0717808Z   [148/200] ✓ GYM105617E — 6 段重译(0 段保留译文)
2026-10-04T11:28:40.0718099Z   [149/200] ✓ GYM105628C — 10 段重译(0 段保留译文)
2026-10-04T11:28:40.0718392Z   [150/200] ✓ GYM105633K — 2 段重译(0 段保留译文)
2026-10-04T11:28:40.0718680Z   [151/200] ✓ GYM105666A — 9 段重译(0 段保留译文)
2026-10-04T11:28:40.0718973Z   [152/200] ✓ GYM105666B — 13 段重译(0 段保留译文)
2026-10-04T11:28:40.0719280Z   [153/200] ✓ GYM105667B — 10 段重译(0 段保留译文)
2026-10-04T11:28:40.0719572Z   [154/200] ✓ GYM105668G — 10 段重译(0 段保留译文)
2026-10-04T11:28:40.0719864Z   [155/200] ✓ GYM105698G — 12 段重译(0 段保留译文)
2026-10-04T11:28:40.0720159Z   [156/200] ✓ GYM105698I — 6 段重译(0 段保留译文)
2026-10-04T11:28:40.0720451Z   [157/200] ✓ GYM105706A — 27 段重译(0 段保留译文)
2026-10-04T11:28:40.0720742Z   [158/200] ✓ GYM105706B — 28 段重译(0 段保留译文)
2026-10-04T11:28:40.0721035Z   [159/200] ✓ GYM105709D — 6 段重译(0 段保留译文)
2026-10-04T11:28:40.0721331Z   [160/200] ✓ GYM105709E — 9 段重译(0 段保留译文)
2026-10-04T11:28:40.0721636Z   [161/200] ✓ GYM105709F — 6 段重译(0 段保留译文)
2026-10-04T11:28:40.0721929Z   [162/200] ✓ GYM105712B — 7 段重译(0 段保留译文)
2026-10-04T11:28:40.0722219Z   [163/200] ✓ GYM105712I — 12 段重译(0 段保留译文)
2026-10-04T11:28:40.0722516Z   [164/200] ✓ GYM105755C — 9 段重译(0 段保留译文)
2026-10-04T11:28:40.0722805Z   [165/200] ✓ GYM105757B — 6 段重译(0 段保留译文)
2026-10-04T11:28:40.0723098Z   [166/200] ✓ GYM105757N — 18 段重译(0 段保留译文)
2026-10-04T11:28:40.0723409Z   [167/200] ✓ GYM105761F — 1 段重译(0 段保留译文)
2026-10-04T11:28:40.0724267Z   [168/200] ✓ GYM105775D — 6 段重译(0 段保留译文)
2026-10-04T11:28:40.0724603Z   [169/200] ✓ GYM105780D — 4 段重译(0 段保留译文)
2026-10-04T11:28:40.0724905Z   [170/200] ✓ GYM105786I — 16 段重译(0 段保留译文)
2026-10-04T11:28:40.0725197Z   [171/200] ✓ GYM105786J — 9 段重译(0 段保留译文)
2026-10-04T11:28:40.0725484Z   [172/200] ✓ GYM105789D — 9 段重译(0 段保留译文)
2026-10-04T11:28:40.0725782Z   [173/200] ✓ GYM105789I — 14 段重译(0 段保留译文)
2026-10-04T11:28:40.0726082Z   [174/200] ✓ GYM105789K — 9 段重译(0 段保留译文)
2026-10-04T11:28:40.0726523Z   [175/200] ✓ GYM105791E — 13 段重译(0 段保留译文)
2026-10-04T11:28:40.0726831Z   [176/200] ✓ GYM105791M — 3 段重译(0 段保留译文)
2026-10-04T11:28:40.0727131Z   [177/200] ✓ GYM105803C — 14 段重译(0 段保留译文)
2026-10-04T11:28:40.0727424Z   [178/200] ✓ GYM105805D — 14 段重译(0 段保留译文)
2026-10-04T11:28:40.0727715Z   [179/200] ✓ GYM105809C — 8 段重译(0 段保留译文)
2026-10-04T11:28:40.0728005Z   [180/200] ✓ GYM105811J — 5 段重译(0 段保留译文)
2026-10-04T11:28:40.0728303Z   [181/200] ✓ GYM105813D — 10 段重译(0 段保留译文)
2026-10-04T11:28:40.0728721Z   [182/200] ✓ GYM105813I — 6 段重译(0 段保留译文)
2026-10-04T11:28:40.0729016Z   [183/200] ✓ GYM105813J — 17 段重译(0 段保留译文)
2026-10-04T11:28:40.0729309Z   [184/200] ✓ GYM105813M — 10 段重译(0 段保留译文)
2026-10-04T11:28:40.0729605Z   [185/200] ✓ GYM105819D — 13 段重译(0 段保留译文)
2026-10-04T11:28:40.0729902Z   [186/200] ✓ GYM105822C — 17 段重译(0 段保留译文)
2026-10-04T11:28:40.0730212Z   [187/200] ✓ GYM105822D — 13 段重译(0 段保留译文)
2026-10-04T11:28:40.0730514Z   [188/200] ✓ GYM105833C — 12 段重译(0 段保留译文)
2026-10-04T11:28:40.0730812Z   [189/200] ✓ GYM105833K — 13 段重译(0 段保留译文)
2026-10-04T11:28:40.0731115Z   [190/200] ✓ GYM105845A — 9 段重译(0 段保留译文)
2026-10-04T11:28:40.0731407Z   [191/200] ✓ GYM105845F — 7 段重译(0 段保留译文)
2026-10-04T11:28:40.0731697Z   [192/200] ✓ GYM105858C — 6 段重译(0 段保留译文)
2026-10-04T11:28:40.0732027Z   [193/200] ✓ GYM105862H — 12 段重译(0 段保留译文)
2026-10-04T11:28:40.0732323Z   [194/200] ✓ GYM105863F — 13 段重译(0 段保留译文)
2026-10-04T11:28:40.0732622Z   [195/200] ✓ GYM105863G — 16 段重译(0 段保留译文)
2026-10-04T11:28:40.0732930Z   [196/200] ✓ GYM105870A — 15 段重译(0 段保留译文)
2026-10-04T11:28:40.0733223Z   [197/200] ✓ GYM105873G — 5 段重译(0 段保留译文)
2026-10-04T11:28:40.0733512Z   [198/200] ✓ GYM105874E — 6 段重译(0 段保留译文)
2026-10-04T11:28:40.0734061Z   [199/200] ✓ GYM105874G — 6 段重译(0 段保留译文)
2026-10-04T11:28:40.0734377Z   [200/200] ✓ GYM105876B — 12 段重译(0 段保留译文)
2026-10-04T11:28:40.0734546Z 
2026-10-04T11:28:40.0734727Z Done: 200 repaired, 0 failed; translations: 1727 cleared, 0 kept.
2026-10-04T11:28:40.0871371Z ##[group]Run CF_STATEMENTS=0 TRANSLATE=0 node scripts/update-data.mjs
2026-10-04T11:28:40.0871906Z [36;1mCF_STATEMENTS=0 TRANSLATE=0 node scripts/update-data.mjs[0m
2026-10-04T11:28:40.0932347Z shell: /usr/bin/bash -e {0}
2026-10-04T11:28:40.0932627Z ##[endgroup]
2026-10-04T11:28:40.2139991Z Discovering daily problem folders...
2026-10-04T11:28:41.0185598Z Found 814 days, syncing the most recent 814.
2026-10-04T11:28:41.4957288Z   2026-10-05: 2 problems
2026-10-04T11:28:41.6225354Z   2026-10-03: 2 problems
2026-10-04T11:28:41.7652857Z   2026-10-02: 2 problems
2026-10-04T11:28:41.8931357Z   2026-10-01: 2 problems
2026-10-04T11:28:42.0353043Z   2026-09-30: 2 problems
2026-10-04T11:28:42.1512112Z   2026-09-29: 2 problems
2026-10-04T11:28:42.2597254Z   2026-09-28: 2 problems
2026-10-04T11:28:42.3768995Z   2026-09-26: 2 problems
2026-10-04T11:28:42.5252051Z   2026-09-25: 2 problems
2026-10-04T11:28:42.6656707Z   2026-09-24: 2 problems
2026-10-04T11:28:42.8053191Z   2026-09-23: 2 problems
2026-10-04T11:28:42.9165715Z   2026-09-22: 2 problems
2026-10-04T11:28:43.0491035Z   2026-09-21: 2 problems
2026-10-04T11:28:43.1662236Z   2026-09-19: 2 problems
2026-10-04T11:28:43.3211063Z   2026-09-18: 2 problems
2026-10-04T11:28:43.4344190Z   2026-09-17: 2 problems
2026-10-04T11:28:43.5659934Z   2026-09-16: 2 problems
2026-10-04T11:28:43.6836267Z   2026-09-15: 2 problems
2026-10-04T11:28:43.7889630Z   2026-09-14: 2 problems
2026-10-04T11:28:43.9198693Z   2026-09-12: 2 problems
2026-10-04T11:28:44.0642898Z   2026-09-11: 2 problems
2026-10-04T11:28:44.1773595Z   2026-09-10: 2 problems
2026-10-04T11:28:44.3104629Z   2026-09-09: 2 problems
2026-10-04T11:28:44.4437674Z   2026-09-08: 2 problems
2026-10-04T11:28:44.5697644Z   2026-09-07: 2 problems
2026-10-04T11:28:44.6670554Z   2026-09-05: 2 problems
2026-10-04T11:28:44.7783693Z   2026-09-04: 2 problems
2026-10-04T11:28:44.8883883Z   2026-09-03: 2 problems
2026-10-04T11:28:45.0240928Z   2026-09-02: 2 problems
2026-10-04T11:28:45.1315114Z   2026-09-01: 2 problems
2026-10-04T11:28:45.2513246Z   2026-08-31: 2 problems
2026-10-04T11:28:45.3611878Z   2026-08-29: 2 problems
2026-10-04T11:28:45.4869400Z   2026-08-28: 2 problems
2026-10-04T11:28:45.5867566Z   2026-08-27: 2 problems
2026-10-04T11:28:45.7057068Z   2026-08-26: 2 problems
2026-10-04T11:28:45.8204669Z   2026-08-25: 2 problems
2026-10-04T11:28:45.9326997Z   2026-08-24: 2 problems
2026-10-04T11:28:46.0518405Z   2026-08-22: 2 problems
2026-10-04T11:28:46.1894764Z   2026-08-21: 2 problems
2026-10-04T11:28:46.2999954Z   2026-08-20: 2 problems
2026-10-04T11:28:46.3904482Z   2026-08-19: 2 problems
2026-10-04T11:28:46.5332334Z   2026-08-18: 2 problems
2026-10-04T11:28:46.6342148Z   2026-08-17: 2 problems
2026-10-04T11:28:46.7510679Z   2026-08-15: 2 problems
2026-10-04T11:28:46.8655957Z   2026-08-14: 2 problems
2026-10-04T11:28:46.9570788Z   2026-08-13: 2 problems
2026-10-04T11:28:47.0718442Z   2026-08-12: 2 problems
2026-10-04T11:28:47.1884948Z   2026-08-11: 2 problems
2026-10-04T11:28:47.2880213Z   2026-08-10: 2 problems
2026-10-04T11:28:47.4049920Z   2026-08-08: 2 problems
2026-10-04T11:28:47.5006957Z   2026-08-07: 2 problems
2026-10-04T11:28:47.6150846Z   2026-08-06: 2 problems
2026-10-04T11:28:47.7123529Z   2026-08-05: 2 problems
2026-10-04T11:28:47.8233924Z   2026-08-04: 2 problems
2026-10-04T11:28:47.9494640Z   2026-08-03: 2 problems
2026-10-04T11:28:48.0885932Z   2026-08-01: 2 problems
2026-10-04T11:28:48.1663691Z   2026-07-31: 2 problems
2026-10-04T11:28:48.2743231Z   2026-07-30: 2 problems
2026-10-04T11:28:48.3790232Z   2026-07-29: 2 problems
2026-10-04T11:28:48.4788095Z   2026-07-28: 2 problems
2026-10-04T11:28:48.5965947Z   2026-07-27: 2 problems
2026-10-04T11:28:48.7058783Z   2026-07-25: 2 problems
2026-10-04T11:28:48.8219295Z   2026-07-24: 2 problems
2026-10-04T11:28:48.9240571Z   2026-07-23: 2 problems
2026-10-04T11:28:49.0695577Z   2026-07-22: 2 problems
2026-10-04T11:28:49.2044316Z   2026-07-21: 2 problems
2026-10-04T11:28:49.3177379Z   2026-07-16: 2 problems
2026-10-04T11:28:49.4280809Z   2026-07-15: 2 problems
2026-10-04T11:28:49.5489244Z   2026-07-14: 2 problems
2026-10-04T11:28:49.6567142Z   2026-07-13: 2 problems
2026-10-04T11:28:49.7516434Z   2026-07-11: 2 problems
2026-10-04T11:28:49.8593962Z   2026-07-10: 2 problems
2026-10-04T11:28:49.9835153Z   2026-07-09: 2 problems
2026-10-04T11:28:50.1022255Z   2026-07-08: 2 problems
2026-10-04T11:28:50.2264050Z   2026-07-07: 2 problems
2026-10-04T11:28:50.3237295Z   2026-07-06: 2 problems
2026-10-04T11:28:50.4251861Z   2026-07-04: 2 problems
2026-10-04T11:28:50.5476640Z   2026-07-03: 2 problems
2026-10-04T11:28:50.6539097Z   2026-07-02: 2 problems
2026-10-04T11:28:50.7616015Z   2026-07-01: 2 problems
2026-10-04T11:28:50.8602342Z   2026-06-30: 2 problems
2026-10-04T11:28:50.9569988Z   2026-06-29: 2 problems
2026-10-04T11:28:51.0641501Z   2026-06-27: 2 problems
2026-10-04T11:28:51.1800754Z   2026-06-26: 2 problems
2026-10-04T11:28:51.2791161Z   2026-06-25: 2 problems
2026-10-04T11:28:51.3927289Z   2026-06-24: 2 problems
2026-10-04T11:28:51.5077139Z   2026-06-23: 2 problems
2026-10-04T11:28:51.6087326Z   2026-06-22: 2 problems
2026-10-04T11:28:51.7027981Z   2026-06-20: 1 problems
2026-10-04T11:28:51.8073843Z   2026-06-19: 2 problems
2026-10-04T11:28:51.9040781Z   2026-06-18: 2 problems
2026-10-04T11:28:52.0027573Z   2026-06-17: 2 problems
2026-10-04T11:28:52.1307744Z   2026-06-16: 2 problems
2026-10-04T11:28:52.2278633Z   2026-06-15: 2 problems
2026-10-04T11:28:52.3323910Z   2026-06-13: 2 problems
2026-10-04T11:28:52.4392516Z   2026-06-12: 2 problems
2026-10-04T11:28:52.5512617Z   2026-06-11: 2 problems
2026-10-04T11:28:52.6418951Z   2026-06-10: 2 problems
2026-10-04T11:28:52.7338583Z   2026-06-09: 2 problems
2026-10-04T11:28:52.8322396Z   2026-06-08: 2 problems
2026-10-04T11:28:52.9595094Z   2026-06-06: 2 problems
2026-10-04T11:28:53.0648257Z   2026-06-05: 2 problems
2026-10-04T11:28:53.1896700Z   2026-06-04: 2 problems
2026-10-04T11:28:53.2400097Z   2026-06-03: 2 problems
2026-10-04T11:28:53.3475228Z   2026-06-02: 2 problems
2026-10-04T11:28:53.4581895Z   2026-06-01: 2 problems
2026-10-04T11:28:53.5531459Z   2026-05-30: 2 problems
2026-10-04T11:28:53.6911301Z   2026-05-29: 2 problems
2026-10-04T11:28:53.8090765Z   2026-05-28: 2 problems
2026-10-04T11:28:53.9467206Z   2026-05-27: 2 problems
2026-10-04T11:28:54.0140395Z   2026-05-26: 2 problems
2026-10-04T11:28:54.1108999Z   2026-05-25: 2 problems
2026-10-04T11:28:54.2191027Z   2026-05-23: 2 problems
2026-10-04T11:28:54.3129527Z   2026-05-22: 2 problems
2026-10-04T11:28:54.4006959Z   2026-05-21: 2 problems
2026-10-04T11:28:54.5040449Z   2026-05-20: 2 problems
2026-10-04T11:28:54.6203872Z   2026-05-19: 2 problems
2026-10-04T11:28:54.7237478Z   2026-05-18: 2 problems
2026-10-04T11:28:54.8199304Z   2026-05-16: 2 problems
2026-10-04T11:28:54.9606620Z   2026-05-15: 2 problems
2026-10-04T11:28:55.0516974Z   2026-05-14: 2 problems
2026-10-04T11:28:55.1574936Z   2026-05-13: 2 problems
2026-10-04T11:28:55.2596340Z   2026-05-12: 2 problems
2026-10-04T11:28:55.3566874Z   2026-05-11: 2 problems
2026-10-04T11:28:55.4639574Z   2026-05-09: 2 problems
2026-10-04T11:28:55.5609772Z   2026-05-08: 2 problems
2026-10-04T11:28:55.6542079Z   2026-05-07: 2 problems
2026-10-04T11:28:55.7518531Z   2026-05-06: 2 problems
2026-10-04T11:28:55.8982298Z   2026-05-05: 2 problems
2026-10-04T11:28:56.0110911Z   2026-05-04: 2 problems
2026-10-04T11:28:56.1115179Z   2026-05-02: 2 problems
2026-10-04T11:28:56.2029751Z   2026-05-01: 2 problems
2026-10-04T11:28:56.3083430Z   2026-04-30: 2 problems
2026-10-04T11:28:56.4250307Z   2026-04-29: 2 problems
2026-10-04T11:28:56.5270312Z   2026-04-28: 2 problems
2026-10-04T11:28:56.6436911Z   2026-04-27: 2 problems
2026-10-04T11:28:56.7412910Z   2026-04-25: 2 problems
2026-10-04T11:28:56.8487629Z   2026-04-24: 2 problems
2026-10-04T11:28:56.9626127Z   2026-04-23: 2 problems
2026-10-04T11:28:57.0714690Z   2026-04-22: 2 problems
2026-10-04T11:28:57.1787252Z   2026-04-21: 2 problems
2026-10-04T11:28:57.2776185Z   2026-04-20: 2 problems
2026-10-04T11:28:57.4143007Z   2026-04-18: 2 problems
2026-10-04T11:28:57.5210824Z   2026-04-17: 2 problems
2026-10-04T11:28:57.6188869Z   2026-04-16: 2 problems
2026-10-04T11:28:57.7224892Z   2026-04-15: 2 problems
2026-10-04T11:28:57.8445742Z   2026-04-14: 2 problems
2026-10-04T11:28:57.9622224Z   2026-04-13: 2 problems
2026-10-04T11:28:58.0756123Z   2026-04-11: 2 problems
2026-10-04T11:28:58.2018058Z   2026-04-10: 2 problems
2026-10-04T11:28:58.3168881Z   2026-04-09: 2 problems
2026-10-04T11:28:58.4002182Z   2026-04-08: 2 problems
2026-10-04T11:28:58.5287598Z   2026-04-07: 2 problems
2026-10-04T11:28:58.6549197Z   2026-04-06: 2 problems
2026-10-04T11:28:58.7733781Z   2026-04-04: 2 problems
2026-10-04T11:28:58.8725030Z   2026-04-03: 2 problems
2026-10-04T11:28:58.9881161Z   2026-04-02: 2 problems
2026-10-04T11:28:59.0844077Z   2026-04-01: 2 problems
2026-10-04T11:28:59.2011203Z   2026-03-31: 2 problems
2026-10-04T11:28:59.3078264Z   2026-03-30: 2 problems
2026-10-04T11:28:59.4281697Z   2026-03-28: 2 problems
2026-10-04T11:28:59.5154625Z   2026-03-27: 2 problems
2026-10-04T11:28:59.6191300Z   2026-03-26: 2 problems
2026-10-04T11:28:59.7152997Z   2026-03-25: 2 problems
2026-10-04T11:28:59.8107107Z   2026-03-24: 2 problems
2026-10-04T11:28:59.9202308Z   2026-03-23: 2 problems
2026-10-04T11:29:00.0161817Z   2026-03-21: 2 problems
2026-10-04T11:29:00.1239706Z   2026-03-20: 2 problems
2026-10-04T11:29:00.2221258Z   2026-03-19: 2 problems
2026-10-04T11:29:00.3224493Z   2026-03-18: 2 problems
2026-10-04T11:29:00.4295945Z   2026-03-17: 2 problems
2026-10-04T11:29:00.5249340Z   2026-03-16: 2 problems
2026-10-04T11:29:00.6446929Z   2026-03-14: 2 problems
2026-10-04T11:29:00.7516853Z   2026-03-13: 2 problems
2026-10-04T11:29:00.8554391Z   2026-03-12: 2 problems
2026-10-04T11:29:00.9766942Z   2026-03-11: 2 problems
2026-10-04T11:29:01.0924480Z   2026-03-10: 2 problems
2026-10-04T11:29:01.1978655Z   2026-03-09: 2 problems
2026-10-04T11:29:01.2936114Z   2026-03-07: 2 problems
2026-10-04T11:29:01.3977329Z   2026-03-06: 2 problems
2026-10-04T11:29:01.4890875Z   2026-03-05: 2 problems
2026-10-04T11:29:01.5966747Z   2026-03-04: 2 problems
2026-10-04T11:29:01.7164430Z   2026-03-03: 2 problems
2026-10-04T11:29:01.8135338Z   2026-03-02: 2 problems
2026-10-04T11:29:01.9253733Z   2026-02-28: 2 problems
2026-10-04T11:29:02.0279538Z   2026-02-27: 2 problems
2026-10-04T11:29:02.1367618Z   2026-02-26: 2 problems
2026-10-04T11:29:02.2459329Z   2026-02-25: 2 problems
2026-10-04T11:29:02.3456828Z   2026-02-24: 2 problems
2026-10-04T11:29:02.4776782Z   2026-02-23: 2 problems
2026-10-04T11:29:02.5776092Z   2026-02-21: 2 problems
2026-10-04T11:29:02.7004438Z   2026-02-20: 2 problems
2026-10-04T11:29:02.8066125Z   2026-02-19: 2 problems
2026-10-04T11:29:02.9247156Z   2026-02-18: 2 problems
2026-10-04T11:29:03.0328547Z   2026-02-17: 2 problems
2026-10-04T11:29:03.1278932Z   2026-02-16: 2 problems
2026-10-04T11:29:03.2482720Z   2026-02-14: 2 problems
2026-10-04T11:29:03.3595143Z   2026-02-13: 2 problems
2026-10-04T11:29:03.4712932Z   2026-02-12: 2 problems
2026-10-04T11:29:03.5763581Z   2026-02-11: 2 problems
2026-10-04T11:29:03.6675061Z   2026-02-10: 2 problems
2026-10-04T11:29:03.7751085Z   2026-02-09: 2 problems
2026-10-04T11:29:03.8751155Z   2026-02-07: 2 problems
2026-10-04T11:29:03.9802041Z   2026-02-06: 2 problems
2026-10-04T11:29:04.0927824Z   2026-02-05: 2 problems
2026-10-04T11:29:04.2046220Z   2026-02-04: 2 problems
2026-10-04T11:29:04.3118864Z   2026-02-03: 2 problems
2026-10-04T11:29:04.4179372Z   2026-02-02: 2 problems
2026-10-04T11:29:04.5077606Z   2026-01-31: 2 problems
2026-10-04T11:29:04.6048638Z   2026-01-30: 2 problems
2026-10-04T11:29:04.7109024Z   2026-01-29: 2 problems
2026-10-04T11:29:04.8065028Z   2026-01-28: 2 problems
2026-10-04T11:29:04.9235101Z   2026-01-27: 2 problems
2026-10-04T11:29:05.0153932Z   2026-01-26: 2 problems
2026-10-04T11:29:05.1143888Z   2026-01-24: 2 problems
2026-10-04T11:29:05.2094616Z   2026-01-23: 2 problems
2026-10-04T11:29:05.2769024Z   2026-01-22: 2 problems
2026-10-04T11:29:05.3930701Z   2026-01-21: 2 problems
2026-10-04T11:29:05.4890979Z   2026-01-20: 2 problems
2026-10-04T11:29:05.6182347Z   2026-01-19: 2 problems
2026-10-04T11:29:05.7307916Z   2026-01-17: 2 problems
2026-10-04T11:29:05.8254883Z   2026-01-16: 2 problems
2026-10-04T11:29:05.9672234Z   2026-01-15: 2 problems
2026-10-04T11:29:06.0642143Z   2026-01-14: 2 problems
2026-10-04T11:29:06.1673349Z   2026-01-13: 2 problems
2026-10-04T11:29:06.2680297Z   2026-01-12: 2 problems
2026-10-04T11:29:06.3710687Z   2026-01-10: 2 problems
2026-10-04T11:29:06.4878140Z   2026-01-09: 2 problems
2026-10-04T11:29:06.5741516Z   2026-01-08: 2 problems
2026-10-04T11:29:06.6643216Z   2026-01-07: 2 problems
2026-10-04T11:29:06.7707694Z   2026-01-06: 2 problems
2026-10-04T11:29:06.8940951Z   2026-01-05: 2 problems
2026-10-04T11:29:06.9919614Z   2026-01-03: 2 problems
2026-10-04T11:29:07.1394529Z   2026-01-02: 2 problems
2026-10-04T11:29:07.2574703Z   2026-01-01: 2 problems
2026-10-04T11:29:07.3722272Z   2025-12-31: 2 problems
2026-10-04T11:29:07.4656238Z   2025-12-30: 2 problems
2026-10-04T11:29:07.5635026Z   2025-12-29: 2 problems
2026-10-04T11:29:07.6749515Z   2025-12-27: 2 problems
2026-10-04T11:29:07.7704220Z   2025-12-26: 2 problems
2026-10-04T11:29:07.8725394Z   2025-12-25: 2 problems
2026-10-04T11:29:07.9742748Z   2025-12-24: 2 problems
2026-10-04T11:29:08.0733581Z   2025-12-23: 2 problems
2026-10-04T11:29:08.2144443Z   2025-12-22: 2 problems
2026-10-04T11:29:08.3178114Z   2025-12-20: 2 problems
2026-10-04T11:29:08.4138570Z   2025-12-19: 2 problems
2026-10-04T11:29:08.5439338Z   2025-12-18: 2 problems
2026-10-04T11:29:08.6613017Z   2025-12-17: 2 problems
2026-10-04T11:29:08.7613878Z   2025-12-16: 2 problems
2026-10-04T11:29:08.8888790Z   2025-12-15: 2 problems
2026-10-04T11:29:08.9997710Z   2025-12-13: 2 problems
2026-10-04T11:29:09.1407858Z   2025-12-12: 2 problems
2026-10-04T11:29:09.2643927Z   2025-12-11: 2 problems
2026-10-04T11:29:09.3967153Z   2025-12-10: 2 problems
2026-10-04T11:29:09.5096405Z   2025-12-09: 2 problems
2026-10-04T11:29:09.5749683Z   2025-12-08: 2 problems
2026-10-04T11:29:09.7019244Z   2025-12-06: 2 problems
2026-10-04T11:29:09.8068196Z   2025-12-05: 2 problems
2026-10-04T11:29:09.9174722Z   2025-12-04: 2 problems
2026-10-04T11:29:10.0397603Z   2025-12-03: 2 problems
2026-10-04T11:29:10.1422264Z   2025-12-02: 2 problems
2026-10-04T11:29:10.2492568Z   2025-12-01: 2 problems
2026-10-04T11:29:10.3608601Z   2025-11-29: 2 problems
2026-10-04T11:29:10.5006230Z   2025-11-28: 2 problems
2026-10-04T11:29:10.6238149Z   2025-11-27: 2 problems
2026-10-04T11:29:10.7353289Z   2025-11-26: 2 problems
2026-10-04T11:29:10.8641427Z   2025-11-25: 2 problems
2026-10-04T11:29:10.9684499Z   2025-11-24: 2 problems
2026-10-04T11:29:11.1061084Z   2025-11-22: 2 problems
2026-10-04T11:29:11.2018884Z   2025-11-21: 2 problems
2026-10-04T11:29:11.3059524Z   2025-11-20: 2 problems
2026-10-04T11:29:11.4466569Z   2025-11-19: 2 problems
2026-10-04T11:29:11.5492834Z   2025-11-18: 2 problems
2026-10-04T11:29:11.6601844Z   2025-11-17: 2 problems
2026-10-04T11:29:11.7750721Z   2025-11-15: 2 problems
2026-10-04T11:29:11.9102885Z   2025-11-14: 2 problems
2026-10-04T11:29:12.0152874Z   2025-11-13: 2 problems
2026-10-04T11:29:12.1221846Z   2025-11-12: 2 problems
2026-10-04T11:29:12.2254294Z   2025-11-11: 2 problems
2026-10-04T11:29:12.3559744Z   2025-11-10: 2 problems
2026-10-04T11:29:12.4591639Z   2025-11-08: 2 problems
2026-10-04T11:29:12.5876836Z   2025-11-07: 2 problems
2026-10-04T11:29:12.6918732Z   2025-11-06: 2 problems
2026-10-04T11:29:12.8178545Z   2025-11-05: 2 problems
2026-10-04T11:29:12.9231677Z   2025-11-04: 2 problems
2026-10-04T11:29:13.0561116Z   2025-11-03: 2 problems
2026-10-04T11:29:13.1741626Z   2025-11-01: 2 problems
2026-10-04T11:29:13.2682670Z   2025-10-31: 2 problems
2026-10-04T11:29:13.3809722Z   2025-10-30: 2 problems
2026-10-04T11:29:13.4886983Z   2025-10-29: 2 problems
2026-10-04T11:29:13.6077080Z   2025-10-28: 2 problems
2026-10-04T11:29:13.7333053Z   2025-10-27: 2 problems
2026-10-04T11:29:13.8539865Z   2025-10-25: 2 problems
2026-10-04T11:29:13.9549200Z   2025-10-24: 2 problems
2026-10-04T11:29:14.0619819Z   2025-10-23: 2 problems
2026-10-04T11:29:14.1800490Z   2025-10-22: 2 problems
2026-10-04T11:29:14.2910324Z   2025-10-21: 2 problems
2026-10-04T11:29:14.3917459Z   2025-10-20: 2 problems
2026-10-04T11:29:14.5230437Z   2025-10-18: 2 problems
2026-10-04T11:29:14.6579143Z   2025-10-17: 2 problems
2026-10-04T11:29:14.7873191Z   2025-10-16: 2 problems
2026-10-04T11:29:14.9151375Z   2025-10-15: 2 problems
2026-10-04T11:29:15.0480483Z   2025-10-14: 2 problems
2026-10-04T11:29:15.1706993Z   2025-10-13: 2 problems
2026-10-04T11:29:15.2940052Z   2025-10-11: 2 problems
2026-10-04T11:29:15.3991994Z   2025-10-10: 2 problems
2026-10-04T11:29:15.5052538Z   2025-10-09: 2 problems
2026-10-04T11:29:15.6295578Z   2025-10-08: 2 problems
2026-10-04T11:29:15.7403909Z   2025-10-07: 2 problems
2026-10-04T11:29:15.8351534Z   2025-10-06: 2 problems
2026-10-04T11:29:15.9774606Z   2025-10-04: 2 problems
2026-10-04T11:29:16.1101553Z   2025-10-03: 2 problems
2026-10-04T11:29:16.2464108Z   2025-10-02: 2 problems
2026-10-04T11:29:16.3485513Z   2025-10-01: 2 problems
2026-10-04T11:29:16.4733897Z   2025-09-30: 2 problems
2026-10-04T11:29:16.6073377Z   2025-09-29: 2 problems
2026-10-04T11:29:16.7068228Z   2025-09-27: 2 problems
2026-10-04T11:29:16.8297541Z   2025-09-26: 2 problems
2026-10-04T11:29:16.9507672Z   2025-09-25: 2 problems
2026-10-04T11:29:17.0824419Z   2025-09-24: 2 problems
2026-10-04T11:29:17.2276710Z   2025-09-23: 2 problems
2026-10-04T11:29:17.3337578Z   2025-09-22: 2 problems
2026-10-04T11:29:17.4534919Z   2025-09-20: 2 problems
2026-10-04T11:29:17.5947054Z   2025-09-19: 2 problems
2026-10-04T11:29:17.7045236Z   2025-09-18: 2 problems
2026-10-04T11:29:17.7940669Z   2025-09-17: 2 problems
2026-10-04T11:29:17.9210813Z   2025-09-16: 2 problems
2026-10-04T11:29:18.0407088Z   2025-09-15: 2 problems
2026-10-04T11:29:18.1494962Z   2025-09-13: 2 problems
2026-10-04T11:29:18.2717897Z   2025-09-12: 2 problems
2026-10-04T11:29:18.4185813Z   2025-09-11: 2 problems
2026-10-04T11:29:18.5422042Z   2025-09-10: 2 problems
2026-10-04T11:29:18.6689206Z   2025-09-09: 2 problems
2026-10-04T11:29:18.7955884Z   2025-09-08: 2 problems
2026-10-04T11:29:18.9260213Z   2025-09-06: 2 problems
2026-10-04T11:29:19.0234826Z   2025-09-05: 2 problems
2026-10-04T11:29:19.1246876Z   2025-09-04: 2 problems
2026-10-04T11:29:19.2387881Z   2025-09-03: 2 problems
2026-10-04T11:29:19.3797758Z   2025-09-02: 2 problems
2026-10-04T11:29:19.4789885Z   2025-09-01: 2 problems
2026-10-04T11:29:19.6141281Z   2025-08-30: 2 problems
2026-10-04T11:29:19.7613686Z   2025-08-29: 2 problems
2026-10-04T11:29:19.8707787Z   2025-08-28: 2 problems
2026-10-04T11:29:19.9771490Z   2025-08-27: 2 problems
2026-10-04T11:29:20.1107863Z   2025-08-26: 2 problems
2026-10-04T11:29:20.2386540Z   2025-08-25: 2 problems
2026-10-04T11:29:20.3761338Z   2025-08-23: 2 problems
2026-10-04T11:29:20.4949272Z   2025-08-22: 2 problems
2026-10-04T11:29:20.6013009Z   2025-08-21: 2 problems
2026-10-04T11:29:20.7570019Z   2025-08-20: 2 problems
2026-10-04T11:29:20.8784729Z   2025-08-19: 2 problems
2026-10-04T11:29:20.9991265Z   2025-08-18: 2 problems
2026-10-04T11:29:21.1204160Z   2025-08-16: 2 problems
2026-10-04T11:29:21.2411961Z   2025-08-15: 2 problems
2026-10-04T11:29:21.3529643Z   2025-08-14: 2 problems
2026-10-04T11:29:21.4643953Z   2025-08-13: 2 problems
2026-10-04T11:29:21.5912174Z   2025-08-12: 2 problems
2026-10-04T11:29:21.7140764Z   2025-08-11: 2 problems
2026-10-04T11:29:21.8453599Z   2025-08-09: 2 problems
2026-10-04T11:29:21.9726638Z   2025-08-08: 2 problems
2026-10-04T11:29:22.0807087Z   2025-08-07: 2 problems
2026-10-04T11:29:22.1913560Z   2025-08-06: 2 problems
2026-10-04T11:29:22.3108226Z   2025-08-05: 2 problems
2026-10-04T11:29:22.4431612Z   2025-08-04: 2 problems
2026-10-04T11:29:22.5792944Z   2025-08-02: 2 problems
2026-10-04T11:29:22.6808642Z   2025-08-01: 2 problems
2026-10-04T11:29:22.7771378Z   2025-07-31: 2 problems
2026-10-04T11:29:22.8951842Z   2025-07-30: 2 problems
2026-10-04T11:29:23.0314709Z   2025-07-29: 2 problems
2026-10-04T11:29:23.1516436Z   2025-07-28: 2 problems
2026-10-04T11:29:23.2756639Z   2025-07-26: 2 problems
2026-10-04T11:29:23.3880139Z   2025-07-25: 2 problems
2026-10-04T11:29:23.5071715Z   2025-07-24: 2 problems
2026-10-04T11:29:23.6497157Z   2025-07-23: 2 problems
2026-10-04T11:29:23.7761895Z   2025-07-22: 2 problems
2026-10-04T11:29:23.8865976Z   2025-07-21: 2 problems
2026-10-04T11:29:24.0217126Z   2025-07-19: 2 problems
2026-10-04T11:29:24.1400363Z   2025-07-18: 2 problems
2026-10-04T11:29:24.2668606Z   2025-07-17: 2 problems
2026-10-04T11:29:24.3771040Z   2025-07-16: 2 problems
2026-10-04T11:29:24.4985437Z   2025-07-15: 2 problems
2026-10-04T11:29:24.5934143Z   2025-07-14: 2 problems
2026-10-04T11:29:24.6903215Z   2025-07-12: 2 problems
2026-10-04T11:29:24.8292209Z   2025-07-11: 2 problems
2026-10-04T11:29:24.9226318Z   2025-07-10: 2 problems
2026-10-04T11:29:25.0682363Z   2025-07-09: 2 problems
2026-10-04T11:29:25.1914632Z   2025-07-08: 2 problems
2026-10-04T11:29:25.3049341Z   2025-07-07: 2 problems
2026-10-04T11:29:25.4226472Z   2025-07-05: 2 problems
2026-10-04T11:29:25.5296168Z   2025-07-04: 2 problems
2026-10-04T11:29:25.6762300Z   2025-07-03: 2 problems
2026-10-04T11:29:25.7988246Z   2025-07-02: 2 problems
2026-10-04T11:29:25.9248924Z   2025-07-01: 2 problems
2026-10-04T11:29:26.0429754Z   2025-06-30: 2 problems
2026-10-04T11:29:26.1508365Z   2025-06-28: 2 problems
2026-10-04T11:29:26.2448513Z   2025-06-27: 2 problems
2026-10-04T11:29:26.3701359Z   2025-06-26: 2 problems
2026-10-04T11:29:26.4793018Z   2025-06-25: 2 problems
2026-10-04T11:29:26.5917280Z   2025-06-24: 2 problems
2026-10-04T11:29:26.7040439Z   2025-06-23: 2 problems
2026-10-04T11:29:26.7831097Z   2025-06-21: 2 problems
2026-10-04T11:29:26.8920904Z   2025-06-20: 2 problems
2026-10-04T11:29:27.0272718Z   2025-06-19: 2 problems
2026-10-04T11:29:27.1387394Z   2025-06-18: 2 problems
2026-10-04T11:29:27.2420612Z   2025-06-17: 2 problems
2026-10-04T11:29:27.3678605Z   2025-06-16: 2 problems
2026-10-04T11:29:27.4646694Z   2025-06-14: 2 problems
2026-10-04T11:29:27.5760357Z   2025-06-13: 2 problems
2026-10-04T11:29:27.6867897Z   2025-06-12: 2 problems
2026-10-04T11:29:27.8066837Z   2025-06-11: 2 problems
2026-10-04T11:29:27.9245515Z   2025-06-10: 2 problems
2026-10-04T11:29:28.0475642Z   2025-06-09: 2 problems
2026-10-04T11:29:28.2103344Z   2025-06-07: 2 problems
2026-10-04T11:29:28.3149547Z   2025-06-06: 2 problems
2026-10-04T11:29:28.4139106Z   2025-06-05: 2 problems
2026-10-04T11:29:28.5316514Z   2025-06-04: 2 problems
2026-10-04T11:29:28.6321741Z   2025-06-03: 2 problems
2026-10-04T11:29:28.7392367Z   2025-06-02: 2 problems
2026-10-04T11:29:28.8412047Z   2025-05-31: 2 problems
2026-10-04T11:29:28.9515745Z   2025-05-30: 2 problems
2026-10-04T11:29:29.0597536Z   2025-05-29: 2 problems
2026-10-04T11:29:29.1473236Z   2025-05-28: 2 problems
2026-10-04T11:29:29.2547700Z   2025-05-27: 2 problems
2026-10-04T11:29:29.3928982Z   2025-05-26: 2 problems
2026-10-04T11:29:29.5002471Z   2025-05-24: 2 problems
2026-10-04T11:29:29.6179491Z   2025-05-23: 2 problems
2026-10-04T11:29:29.7257694Z   2025-05-22: 2 problems
2026-10-04T11:29:29.8517000Z   2025-05-21: 2 problems
2026-10-04T11:29:29.9579518Z   2025-05-20: 2 problems
2026-10-04T11:29:30.0696789Z   2025-05-19: 2 problems
2026-10-04T11:29:30.1813302Z   2025-05-17: 2 problems
2026-10-04T11:29:30.3114175Z   2025-05-16: 2 problems
2026-10-04T11:29:30.4242831Z   2025-05-15: 2 problems
2026-10-04T11:29:30.5418946Z   2025-05-14: 2 problems
2026-10-04T11:29:30.6772304Z   2025-05-13: 2 problems
2026-10-04T11:29:30.7791627Z   2025-05-12: 2 problems
2026-10-04T11:29:30.9012102Z   2025-05-10: 2 problems
2026-10-04T11:29:31.0184890Z   2025-05-09: 2 problems
2026-10-04T11:29:31.1310010Z   2025-05-08: 2 problems
2026-10-04T11:29:31.2473360Z   2025-05-07: 2 problems
2026-10-04T11:29:31.4212265Z   2025-05-06: 2 problems
2026-10-04T11:29:31.5551539Z   2025-05-05: 2 problems
2026-10-04T11:29:31.6547821Z   2025-05-03: 2 problems
2026-10-04T11:29:31.7942085Z   2025-05-02: 2 problems
2026-10-04T11:29:31.9093747Z   2025-05-01: 2 problems
2026-10-04T11:29:32.0762712Z   2025-04-30: 2 problems
2026-10-04T11:29:32.1988055Z   2025-04-29: 2 problems
2026-10-04T11:29:32.2908714Z   2025-04-28: 2 problems
2026-10-04T11:29:32.4065648Z   2025-04-26: 2 problems
2026-10-04T11:29:32.5298897Z   2025-04-25: 2 problems
2026-10-04T11:29:32.6529841Z   2025-04-24: 2 problems
2026-10-04T11:29:32.7652132Z   2025-04-23: 2 problems
2026-10-04T11:29:32.8700087Z   2025-04-22: 2 problems
2026-10-04T11:29:33.0076897Z   2025-04-21: 2 problems
2026-10-04T11:29:33.1467724Z   2025-04-19: 2 problems
2026-10-04T11:29:33.2941843Z   2025-04-18: 2 problems
2026-10-04T11:29:33.4351969Z   2025-04-17: 2 problems
2026-10-04T11:29:33.5577449Z   2025-04-16: 2 problems
2026-10-04T11:29:33.6708890Z   2025-04-15: 2 problems
2026-10-04T11:29:33.8017629Z   2025-04-14: 2 problems
2026-10-04T11:29:33.9226044Z   2025-04-12: 2 problems
2026-10-04T11:29:34.0580073Z   2025-04-11: 2 problems
2026-10-04T11:29:34.1688205Z   2025-04-10: 2 problems
2026-10-04T11:29:34.2750971Z   2025-04-09: 2 problems
2026-10-04T11:29:34.3868227Z   2025-04-08: 2 problems
2026-10-04T11:29:34.5070871Z   2025-04-07: 2 problems
2026-10-04T11:29:34.6186289Z   2025-04-05: 2 problems
2026-10-04T11:29:34.7407649Z   2025-04-04: 2 problems
2026-10-04T11:29:34.8422934Z   2025-04-03: 2 problems
2026-10-04T11:29:34.9501508Z   2025-04-02: 2 problems
2026-10-04T11:29:35.0854439Z   2025-04-01: 2 problems
2026-10-04T11:29:35.1849084Z   2025-03-31: 2 problems
2026-10-04T11:29:35.3360083Z   2025-03-29: 2 problems
2026-10-04T11:29:35.4505839Z   2025-03-28: 2 problems
2026-10-04T11:29:35.5976861Z   2025-03-27: 2 problems
2026-10-04T11:29:35.7366783Z   2025-03-26: 2 problems
2026-10-04T11:29:35.8400365Z   2025-03-25: 2 problems
2026-10-04T11:29:35.9480877Z   2025-03-24: 2 problems
2026-10-04T11:29:36.0582446Z   2025-03-22: 2 problems
2026-10-04T11:29:36.1950312Z   2025-03-21: 2 problems
2026-10-04T11:29:36.2889517Z   2025-03-20: 2 problems
2026-10-04T11:29:36.4247994Z   2025-03-19: 2 problems
2026-10-04T11:29:36.5562131Z   2025-03-18: 2 problems
2026-10-04T11:29:36.6834674Z   2025-03-17: 2 problems
2026-10-04T11:29:36.8114325Z   2025-03-15: 2 problems
2026-10-04T11:29:36.9184047Z   2025-03-14: 2 problems
2026-10-04T11:29:37.0650227Z   2025-03-13: 2 problems
2026-10-04T11:29:37.1631603Z   2025-03-12: 2 problems
2026-10-04T11:29:37.2660362Z   2025-03-11: 2 problems
2026-10-04T11:29:37.3694985Z   2025-03-10: 2 problems
2026-10-04T11:29:37.5126124Z   2025-03-08: 2 problems
2026-10-04T11:29:37.6257927Z   2025-03-07: 2 problems
2026-10-04T11:29:37.7587532Z   2025-03-06: 2 problems
2026-10-04T11:29:37.8804664Z   2025-03-05: 2 problems
2026-10-04T11:29:38.0114903Z   2025-03-04: 2 problems
2026-10-04T11:29:38.1465580Z   2025-03-03: 2 problems
2026-10-04T11:29:38.2616398Z   2025-03-01: 2 problems
2026-10-04T11:29:38.4414794Z   2025-02-28: 2 problems
2026-10-04T11:29:38.5477523Z   2025-02-27: 2 problems
2026-10-04T11:29:38.6776169Z   2025-02-26: 2 problems
2026-10-04T11:29:38.8107581Z   2025-02-25: 2 problems
2026-10-04T11:29:38.9473720Z   2025-02-24: 2 problems
2026-10-04T11:29:39.1015495Z   2025-02-22: 2 problems
2026-10-04T11:29:39.2224571Z   2025-02-21: 2 problems
2026-10-04T11:29:39.3376751Z   2025-02-20: 2 problems
2026-10-04T11:29:39.4641780Z   2025-02-19: 2 problems
2026-10-04T11:29:39.5667435Z   2025-02-18: 2 problems
2026-10-04T11:29:39.7010670Z   2025-02-17: 2 problems
2026-10-04T11:29:39.8163054Z   2025-02-15: 2 problems
2026-10-04T11:29:39.9577634Z   2025-02-14: 2 problems
2026-10-04T11:29:40.0644703Z   2025-02-13: 2 problems
2026-10-04T11:29:40.2190467Z   2025-02-12: 2 problems
2026-10-04T11:29:40.3560066Z   2025-02-11: 2 problems
2026-10-04T11:29:40.4724484Z   2025-02-10: 2 problems
2026-10-04T11:29:40.5836076Z   2025-02-08: 2 problems
2026-10-04T11:29:40.7238121Z   2025-02-07: 2 problems
2026-10-04T11:29:40.8450480Z   2025-02-06: 2 problems
2026-10-04T11:29:40.9548141Z   2025-02-05: 2 problems
2026-10-04T11:29:41.0813394Z   2025-02-04: 2 problems
2026-10-04T11:29:41.2019552Z   2025-02-03: 2 problems
2026-10-04T11:29:41.3268127Z   2025-02-01: 2 problems
2026-10-04T11:29:41.4512802Z   2025-01-31: 2 problems
2026-10-04T11:29:41.5725614Z   2025-01-30: 2 problems
2026-10-04T11:29:41.7197821Z   2025-01-29: 2 problems
2026-10-04T11:29:41.8712182Z   2025-01-28: 2 problems
2026-10-04T11:29:42.0163328Z   2025-01-27: 2 problems
2026-10-04T11:29:42.1390886Z   2025-01-25: 2 problems
2026-10-04T11:29:42.2394387Z   2025-01-24: 2 problems
2026-10-04T11:29:42.3456986Z   2025-01-23: 2 problems
2026-10-04T11:29:42.4699992Z   2025-01-22: 2 problems
2026-10-04T11:29:42.5857740Z   2025-01-21: 2 problems
2026-10-04T11:29:42.7010285Z   2025-01-20: 2 problems
2026-10-04T11:29:42.8519185Z   2025-01-18: 2 problems
2026-10-04T11:29:42.9838571Z   2025-01-17: 2 problems
2026-10-04T11:29:43.0849514Z   2025-01-16: 2 problems
2026-10-04T11:29:43.1912802Z   2025-01-15: 2 problems
2026-10-04T11:29:43.2931373Z   2025-01-14: 2 problems
2026-10-04T11:29:43.4082622Z   2025-01-13: 2 problems
2026-10-04T11:29:43.5159110Z   2025-01-11: 2 problems
2026-10-04T11:29:43.6106159Z   2025-01-10: 2 problems
2026-10-04T11:29:43.7193129Z   2025-01-09: 2 problems
2026-10-04T11:29:43.8348830Z   2025-01-08: 2 problems
2026-10-04T11:29:43.9629717Z   2025-01-07: 2 problems
2026-10-04T11:29:44.0958442Z   2025-01-06: 2 problems
2026-10-04T11:29:44.2409365Z   2025-01-04: 2 problems
2026-10-04T11:29:44.3663143Z   2025-01-03: 2 problems
2026-10-04T11:29:44.4869437Z   2025-01-02: 2 problems
2026-10-04T11:29:44.6074425Z   2025-01-01: 2 problems
2026-10-04T11:29:44.7283963Z   2024-12-31: 2 problems
2026-10-04T11:29:44.8557374Z   2024-12-30: 2 problems
2026-10-04T11:29:44.9741522Z   2024-12-28: 2 problems
2026-10-04T11:29:45.0790926Z   2024-12-27: 2 problems
2026-10-04T11:29:45.2083228Z   2024-12-26: 2 problems
2026-10-04T11:29:45.3249732Z   2024-12-25: 2 problems
2026-10-04T11:29:45.4668903Z   2024-12-24: 2 problems
2026-10-04T11:29:45.5690147Z   2024-12-23: 2 problems
2026-10-04T11:29:45.6875989Z   2024-12-21: 2 problems
2026-10-04T11:29:45.8113943Z   2024-12-20: 2 problems
2026-10-04T11:29:45.9282157Z   2024-12-19: 2 problems
2026-10-04T11:29:46.0619185Z   2024-12-18: 2 problems
2026-10-04T11:29:46.1709816Z   2024-12-17: 2 problems
2026-10-04T11:29:46.2859844Z   2024-12-16: 2 problems
2026-10-04T11:29:46.4148273Z   2024-12-14: 2 problems
2026-10-04T11:29:46.5432298Z   2024-12-13: 2 problems
2026-10-04T11:29:46.6621329Z   2024-12-12: 2 problems
2026-10-04T11:29:46.7948646Z   2024-12-11: 2 problems
2026-10-04T11:29:46.9154740Z   2024-12-10: 2 problems
2026-10-04T11:29:47.0600057Z   2024-12-09: 2 problems
2026-10-04T11:29:47.1645102Z   2024-12-07: 2 problems
2026-10-04T11:29:47.2827714Z   2024-12-06: 2 problems
2026-10-04T11:29:47.4019805Z   2024-12-05: 2 problems
2026-10-04T11:29:47.5101047Z   2024-12-04: 2 problems
2026-10-04T11:29:47.6528848Z   2024-12-03: 2 problems
2026-10-04T11:29:47.7721340Z   2024-12-02: 2 problems
2026-10-04T11:29:47.9320543Z   2024-11-30: 2 problems
2026-10-04T11:29:48.0799042Z   2024-11-29: 2 problems
2026-10-04T11:29:48.1996629Z   2024-11-28: 2 problems
2026-10-04T11:29:48.3419454Z   2024-11-27: 2 problems
2026-10-04T11:29:48.4850354Z   2024-11-26: 2 problems
2026-10-04T11:29:48.5915629Z   2024-11-25: 2 problems
2026-10-04T11:29:48.7274768Z   2024-11-23: 2 problems
2026-10-04T11:29:48.8292161Z   2024-11-22: 2 problems
2026-10-04T11:29:48.9130899Z   2024-11-21: 2 problems
2026-10-04T11:29:49.0604440Z   2024-11-20: 2 problems
2026-10-04T11:29:49.1741041Z   2024-11-19: 2 problems
2026-10-04T11:29:49.3067761Z   2024-11-18: 2 problems
2026-10-04T11:29:49.4313008Z   2024-11-16: 2 problems
2026-10-04T11:29:49.5754256Z   2024-11-15: 2 problems
2026-10-04T11:29:49.7037631Z   2024-11-14: 2 problems
2026-10-04T11:29:49.8297371Z   2024-11-13: 2 problems
2026-10-04T11:29:49.9606584Z   2024-11-12: 2 problems
2026-10-04T11:29:50.0941492Z   2024-11-11: 2 problems
2026-10-04T11:29:50.2247059Z   2024-11-09: 2 problems
2026-10-04T11:29:50.3617250Z   2024-11-08: 2 problems
2026-10-04T11:29:50.4808173Z   2024-11-07: 2 problems
2026-10-04T11:29:50.6185827Z   2024-11-06: 2 problems
2026-10-04T11:29:50.7907886Z   2024-11-05: 2 problems
2026-10-04T11:29:50.9241816Z   2024-11-04: 2 problems
2026-10-04T11:29:51.0471375Z   2024-11-02: 2 problems
2026-10-04T11:29:51.1726958Z   2024-11-01: 2 problems
2026-10-04T11:29:51.2776191Z   2024-10-31: 2 problems
2026-10-04T11:29:51.4084039Z   2024-10-30: 2 problems
2026-10-04T11:29:51.5445876Z   2024-10-29: 2 problems
2026-10-04T11:29:51.6867041Z   2024-10-28: 2 problems
2026-10-04T11:29:51.7912258Z   2024-10-26: 2 problems
2026-10-04T11:29:51.9280637Z   2024-10-25: 2 problems
2026-10-04T11:29:52.0697583Z   2024-10-24: 2 problems
2026-10-04T11:29:52.2215174Z   2024-10-23: 2 problems
2026-10-04T11:29:52.3384296Z   2024-10-22: 2 problems
2026-10-04T11:29:52.4684447Z   2024-10-21: 2 problems
2026-10-04T11:29:52.5950566Z   2024-10-19: 2 problems
2026-10-04T11:29:52.7416939Z   2024-10-18: 2 problems
2026-10-04T11:29:52.8811352Z   2024-10-17: 2 problems
2026-10-04T11:29:53.0223259Z   2024-10-16: 2 problems
2026-10-04T11:29:53.1548545Z   2024-10-15: 2 problems
2026-10-04T11:29:53.3005538Z   2024-10-14: 2 problems
2026-10-04T11:29:53.4226609Z   2024-10-12: 2 problems
2026-10-04T11:29:53.5556229Z   2024-10-11: 2 problems
2026-10-04T11:29:53.6867617Z   2024-10-10: 2 problems
2026-10-04T11:29:53.8291497Z   2024-10-09: 2 problems
2026-10-04T11:29:53.9426526Z   2024-10-08: 2 problems
2026-10-04T11:29:54.0753772Z   2024-10-07: 2 problems
2026-10-04T11:29:54.1857769Z   2024-10-05: 2 problems
2026-10-04T11:29:54.3199827Z   2024-10-04: 2 problems
2026-10-04T11:29:54.4471805Z   2024-10-03: 2 problems
2026-10-04T11:29:54.5741892Z   2024-10-02: 2 problems
2026-10-04T11:29:54.7063391Z   2024-10-01: 2 problems
2026-10-04T11:29:54.8245369Z   2024-09-30: 2 problems
2026-10-04T11:29:54.9674204Z   2024-09-28: 2 problems
2026-10-04T11:29:55.1082880Z   2024-09-27: 2 problems
2026-10-04T11:29:55.2434183Z   2024-09-26: 2 problems
2026-10-04T11:29:55.3705589Z   2024-09-25: 2 problems
2026-10-04T11:29:55.4613325Z   2024-09-24: 2 problems
2026-10-04T11:29:55.5841506Z   2024-09-23: 2 problems
2026-10-04T11:29:55.7023563Z   2024-09-21: 2 problems
2026-10-04T11:29:55.8394176Z   2024-09-20: 2 problems
2026-10-04T11:29:55.9746209Z   2024-09-19: 2 problems
2026-10-04T11:29:56.0984975Z   2024-09-18: 2 problems
2026-10-04T11:29:56.2119609Z   2024-09-17: 2 problems
2026-10-04T11:29:56.3592921Z   2024-09-16: 2 problems
2026-10-04T11:29:56.4882408Z   2024-09-14: 2 problems
2026-10-04T11:29:56.6101866Z   2024-09-13: 2 problems
2026-10-04T11:29:56.7292999Z   2024-09-12: 2 problems
2026-10-04T11:29:56.8507831Z   2024-09-11: 2 problems
2026-10-04T11:29:56.9908702Z   2024-09-10: 2 problems
2026-10-04T11:29:57.1278622Z   2024-09-09: 2 problems
2026-10-04T11:29:57.2719483Z   2024-09-07: 2 problems
2026-10-04T11:29:57.4040523Z   2024-09-06: 2 problems
2026-10-04T11:29:57.5301248Z   2024-09-05: 2 problems
2026-10-04T11:29:57.6594778Z   2024-09-04: 2 problems
2026-10-04T11:29:57.7867496Z   2024-09-03: 2 problems
2026-10-04T11:29:57.9123698Z   2024-09-02: 2 problems
2026-10-04T11:29:58.0683079Z   2024-08-31: 2 problems
2026-10-04T11:29:58.2084569Z   2024-08-30: 2 problems
2026-10-04T11:29:58.3388430Z   2024-08-29: 2 problems
2026-10-04T11:29:58.4918418Z   2024-08-28: 2 problems
2026-10-04T11:29:58.6244348Z   2024-08-27: 2 problems
2026-10-04T11:29:58.7369719Z   2024-08-26: 2 problems
2026-10-04T11:29:58.8890537Z   2024-08-24: 2 problems
2026-10-04T11:29:58.9996370Z   2024-08-23: 2 problems
2026-10-04T11:29:59.1330883Z   2024-08-22: 2 problems
2026-10-04T11:29:59.2726782Z   2024-08-21: 2 problems
2026-10-04T11:29:59.4053465Z   2024-08-20: 2 problems
2026-10-04T11:29:59.5116781Z   2024-08-19: 2 problems
2026-10-04T11:29:59.6480083Z   2024-08-17: 2 problems
2026-10-04T11:29:59.7747633Z   2024-08-16: 2 problems
2026-10-04T11:29:59.9095731Z   2024-08-15: 2 problems
2026-10-04T11:30:00.0345322Z   2024-08-14: 2 problems
2026-10-04T11:30:00.1565604Z   2024-08-13: 2 problems
2026-10-04T11:30:00.2872183Z   2024-08-12: 2 problems
2026-10-04T11:30:00.4237663Z   2024-08-10: 2 problems
2026-10-04T11:30:00.5706300Z   2024-08-09: 2 problems
2026-10-04T11:30:00.7114338Z   2024-08-08: 2 problems
2026-10-04T11:30:00.8613005Z   2024-08-07: 2 problems
2026-10-04T11:30:01.0131478Z   2024-08-06: 2 problems
2026-10-04T11:30:01.1400680Z   2024-08-05: 2 problems
2026-10-04T11:30:01.2871950Z   2024-08-03: 2 problems
2026-10-04T11:30:01.4096033Z   2024-08-02: 2 problems
2026-10-04T11:30:01.5399026Z   2024-08-01: 2 problems
2026-10-04T11:30:01.6490514Z   2024-07-31: 2 problems
2026-10-04T11:30:01.7868574Z   2024-07-30: 2 problems
2026-10-04T11:30:01.9144634Z   2024-07-29: 2 problems
2026-10-04T11:30:02.0461963Z   2024-07-27: 2 problems
2026-10-04T11:30:02.2111856Z   2024-07-26: 2 problems
2026-10-04T11:30:02.3308938Z   2024-07-25: 2 problems
2026-10-04T11:30:02.4745880Z   2024-07-24: 2 problems
2026-10-04T11:30:02.6109786Z   2024-07-23: 2 problems
2026-10-04T11:30:02.7608602Z   2024-07-22: 2 problems
2026-10-04T11:30:02.9057454Z   2024-07-20: 2 problems
2026-10-04T11:30:03.0402047Z   2024-07-19: 2 problems
2026-10-04T11:30:03.1663809Z   2024-07-18: 2 problems
2026-10-04T11:30:03.3053017Z   2024-07-17: 2 problems
2026-10-04T11:30:03.4485318Z   2024-07-16: 2 problems
2026-10-04T11:30:03.5808038Z   2024-07-15: 2 problems
2026-10-04T11:30:03.7094365Z   2024-07-13: 2 problems
2026-10-04T11:30:03.7926057Z   2024-07-12: 2 problems
2026-10-04T11:30:03.9394111Z   2024-07-11: 2 problems
2026-10-04T11:30:04.0352126Z   2024-07-10: 2 problems
2026-10-04T11:30:04.1576486Z   2024-07-09: 2 problems
2026-10-04T11:30:04.2820553Z   2024-07-08: 2 problems
2026-10-04T11:30:04.4028204Z   2024-07-06: 2 problems
2026-10-04T11:30:04.5582823Z   2024-07-05: 2 problems
2026-10-04T11:30:04.7181812Z   2024-07-04: 2 problems
2026-10-04T11:30:04.8627598Z   2024-07-03: 2 problems
2026-10-04T11:30:04.9892547Z   2024-07-02: 2 problems
2026-10-04T11:30:05.1273185Z   2024-07-01: 2 problems
2026-10-04T11:30:05.2454917Z   2024-06-29: 2 problems
2026-10-04T11:30:05.3633543Z   2024-06-28: 2 problems
2026-10-04T11:30:05.4513038Z   2024-06-27: 2 problems
2026-10-04T11:30:05.6063408Z   2024-06-26: 2 problems
2026-10-04T11:30:05.7497841Z   2024-06-25: 2 problems
2026-10-04T11:30:05.8832910Z   2024-06-24: 2 problems
2026-10-04T11:30:06.0135933Z   2024-06-22: 2 problems
2026-10-04T11:30:06.1560104Z   2024-06-21: 2 problems
2026-10-04T11:30:06.2841536Z   2024-06-20: 2 problems
2026-10-04T11:30:06.4040582Z   2024-06-19: 2 problems
2026-10-04T11:30:06.5277257Z   2024-06-18: 2 problems
2026-10-04T11:30:06.6523033Z   2024-06-17: 2 problems
2026-10-04T11:30:06.7741181Z   2024-06-15: 2 problems
2026-10-04T11:30:06.9038682Z   2024-06-14: 2 problems
2026-10-04T11:30:07.0418445Z   2024-06-13: 2 problems
2026-10-04T11:30:07.1766657Z   2024-06-12: 2 problems
2026-10-04T11:30:07.3196858Z   2024-06-11: 2 problems
2026-10-04T11:30:07.4408809Z   2024-06-10: 2 problems
2026-10-04T11:30:07.5612770Z   2024-06-08: 2 problems
2026-10-04T11:30:07.6855521Z   2024-06-07: 2 problems
2026-10-04T11:30:07.8089829Z   2024-06-06: 2 problems
2026-10-04T11:30:07.9424460Z   2024-06-05: 2 problems
2026-10-04T11:30:08.1061263Z   2024-06-04: 2 problems
2026-10-04T11:30:08.2614332Z   2024-06-03: 2 problems
2026-10-04T11:30:08.4164854Z   2024-06-01: 2 problems
2026-10-04T11:30:08.5501212Z   2024-05-31: 2 problems
2026-10-04T11:30:08.6729806Z   2024-05-30: 2 problems
2026-10-04T11:30:08.7811689Z   2024-05-29: 2 problems
2026-10-04T11:30:08.9225574Z   2024-05-28: 2 problems
2026-10-04T11:30:09.0271635Z   2024-05-27: 2 problems
2026-10-04T11:30:09.1557290Z   2024-05-25: 2 problems
2026-10-04T11:30:09.2968954Z   2024-05-24: 2 problems
2026-10-04T11:30:09.4383646Z   2024-05-23: 2 problems
2026-10-04T11:30:09.5900997Z   2024-05-22: 2 problems
2026-10-04T11:30:09.7592820Z   2024-05-21: 2 problems
2026-10-04T11:30:09.9334128Z   2024-05-20: 2 problems
2026-10-04T11:30:10.0589253Z   2024-05-18: 2 problems
2026-10-04T11:30:10.2270587Z   2024-05-17: 2 problems
2026-10-04T11:30:10.3737535Z   2024-05-16: 2 problems
2026-10-04T11:30:10.5103742Z   2024-05-15: 2 problems
2026-10-04T11:30:10.6702684Z   2024-05-14: 2 problems
2026-10-04T11:30:10.8158114Z   2024-05-13: 2 problems
2026-10-04T11:30:10.9717805Z   2024-05-11: 2 problems
2026-10-04T11:30:11.1235990Z   2024-05-10: 2 problems
2026-10-04T11:30:11.2478491Z   2024-05-09: 2 problems
2026-10-04T11:30:11.3698087Z   2024-05-08: 2 problems
2026-10-04T11:30:11.4963562Z   2024-05-07: 2 problems
2026-10-04T11:30:11.6113738Z   2024-05-06: 2 problems
2026-10-04T11:30:11.7681693Z   2024-05-04: 2 problems
2026-10-04T11:30:11.9307096Z   2024-05-03: 2 problems
2026-10-04T11:30:12.0692395Z   2024-05-02: 2 problems
2026-10-04T11:30:12.2034626Z   2024-05-01: 2 problems
2026-10-04T11:30:12.3291588Z   2024-04-30: 2 problems
2026-10-04T11:30:12.4581365Z   2024-04-29: 2 problems
2026-10-04T11:30:12.6072985Z   2024-04-27: 2 problems
2026-10-04T11:30:12.7352978Z   2024-04-26: 2 problems
2026-10-04T11:30:12.8835962Z   2024-04-25: 2 problems
2026-10-04T11:30:13.0309832Z   2024-04-24: 2 problems
2026-10-04T11:30:13.1472418Z   2024-04-23: 2 problems
2026-10-04T11:30:13.2954782Z   2024-04-22: 2 problems
2026-10-04T11:30:13.4469863Z   2024-04-20: 2 problems
2026-10-04T11:30:13.6170586Z   2024-04-19: 2 problems
2026-10-04T11:30:13.7623670Z   2024-04-18: 2 problems
2026-10-04T11:30:13.8855211Z   2024-04-17: 2 problems
2026-10-04T11:30:14.0442285Z   2024-04-16: 2 problems
2026-10-04T11:30:14.1832201Z   2024-04-15: 2 problems
2026-10-04T11:30:14.3347646Z   2024-04-13: 2 problems
2026-10-04T11:30:14.5027941Z   2024-04-12: 2 problems
2026-10-04T11:30:14.6401074Z   2024-04-11: 2 problems
2026-10-04T11:30:14.7687463Z   2024-04-10: 2 problems
2026-10-04T11:30:14.9160610Z   2024-04-09: 2 problems
2026-10-04T11:30:15.0574943Z   2024-04-08: 2 problems
2026-10-04T11:30:15.2094522Z   2024-04-06: 2 problems
2026-10-04T11:30:15.3721554Z   2024-04-05: 2 problems
2026-10-04T11:30:15.4980786Z   2024-04-04: 2 problems
2026-10-04T11:30:15.6162071Z   2024-04-03: 2 problems
2026-10-04T11:30:15.7470109Z   2024-04-02: 2 problems
2026-10-04T11:30:15.8922776Z   2024-04-01: 2 problems
2026-10-04T11:30:16.0297763Z   2024-03-30: 2 problems
2026-10-04T11:30:16.1619078Z   2024-03-29: 2 problems
2026-10-04T11:30:16.2914850Z   2024-03-28: 2 problems
2026-10-04T11:30:16.4510772Z   2024-03-27: 2 problems
2026-10-04T11:30:16.5860473Z   2024-03-26: 2 problems
2026-10-04T11:30:16.7513212Z   2024-03-25: 2 problems
2026-10-04T11:30:16.9212810Z   2024-03-23: 2 problems
2026-10-04T11:30:17.0706834Z   2024-03-22: 2 problems
2026-10-04T11:30:17.2124366Z   2024-03-21: 2 problems
2026-10-04T11:30:17.3864940Z   2024-03-20: 2 problems
2026-10-04T11:30:17.5173880Z   2024-03-19: 2 problems
2026-10-04T11:30:17.6662195Z   2024-03-18: 2 problems
2026-10-04T11:30:17.8059022Z   2024-03-16: 2 problems
2026-10-04T11:30:17.9536546Z   2024-03-15: 2 problems
2026-10-04T11:30:18.1071193Z   2024-03-14: 2 problems
2026-10-04T11:30:18.2370894Z   2024-03-13: 2 problems
2026-10-04T11:30:18.3663556Z   2024-03-12: 2 problems
2026-10-04T11:30:18.5062113Z   2024-03-11: 2 problems
2026-10-04T11:30:18.6462431Z   2024-03-09: 2 problems
2026-10-04T11:30:18.7739580Z   2024-03-08: 2 problems
2026-10-04T11:30:18.9146496Z   2024-03-07: 2 problems
2026-10-04T11:30:19.0813848Z   2024-03-06: 2 problems
2026-10-04T11:30:19.2636473Z   2024-03-05: 2 problems
2026-10-04T11:30:19.4015255Z   2024-03-04: 2 problems
2026-10-04T11:30:19.5614848Z   2024-03-02: 2 problems
2026-10-04T11:30:19.7014240Z   2024-03-01: 2 problems
2026-10-04T11:30:19.8455394Z   2024-02-29: 2 problems
2026-10-04T11:30:19.9703441Z   2024-02-28: 2 problems
2026-10-04T11:30:20.1027233Z   2024-02-27: 2 problems
2026-10-04T11:30:20.2252753Z   2024-02-26: 2 problems
2026-10-04T11:30:20.2254943Z Building categories...
2026-10-04T11:30:21.3753366Z Wrote /home/runner/work/ys_problem_web/ys_problem_web/data/daily.json (814 days, 21 categories).
2026-10-04T11:30:21.3754651Z Syncing leaderboard (records.js from gh-pages)...
2026-10-04T11:30:21.4387209Z   ✓ 361 players, data through 2026-10-03
2026-10-04T11:30:21.4580713Z ##[group]Run node scripts/translate-ai.mjs
2026-10-04T11:30:21.4581088Z [36;1mnode scripts/translate-ai.mjs[0m
2026-10-04T11:30:21.4643233Z shell: /usr/bin/bash -e {0}
2026-10-04T11:30:21.4643490Z env:
2026-10-04T11:30:21.4644138Z   AI_BASE_URL: ***
2026-10-04T11:30:21.4644476Z   AI_API_KEY: ***
2026-10-04T11:30:21.4644698Z   AI_MODEL: deepseek-v4-flash
2026-10-04T11:30:21.4644944Z   AI_TRANSLATE_LIMIT: 60
2026-10-04T11:30:21.4645174Z ##[endgroup]
2026-10-04T11:30:21.4992120Z (node:4267) [MODULE_TYPELESS_PACKAGE_JSON] Warning: Module type of file:///home/runner/work/ys_problem_web/ys_problem_web/lib/mt-protect.js is not specified and it doesn't parse as CommonJS.
2026-10-04T11:30:21.4993321Z Reparsing as ES module because module syntax was detected. This incurs a performance overhead.
2026-10-04T11:30:21.4994365Z To eliminate this warning, add "type": "module" to /home/runner/work/ys_problem_web/ys_problem_web/package.json.
2026-10-04T11:30:21.4995171Z (Use `node --trace-warnings ...` to show where the warning was created)
2026-10-04T11:30:21.5924648Z GYM105109D: 1 segment(s) to translate
2026-10-04T11:30:26.5722409Z   ✗ legend[0] — placeholder mangled
2026-10-04T11:30:28.8772592Z GYM106706M: 9 segment(s) to translate
2026-10-04T11:30:32.6913979Z   ✓ legend[3]: $$$\text{Sum}(l, r) = \sum_{k=l}^{r} P_k$$$…
2026-10-04T11:30:36.3804393Z   ✓ legend[4]: $$$\text{MEX}(l, r)$$$ 是不出现在子数组 $$$P[l \dots r]$…
2026-10-04T11:30:42.7019543Z   ✓ legend[5]: 如果一个区间的值尽可能大，我们就称它为 3afwey。El 3afweya 正在呼唤……，而你必…
2026-10-04T11:30:46.9952427Z   ✓ input[0]: 第一行包含一个整数 $$$T$$$ ($$$1 \le T \le 10^4$$$) —— 测试…
2026-10-04T11:30:51.2440974Z   ✓ input[1]: 每个测试用例的结构如下：…
2026-10-04T11:30:59.2706013Z   ✓ input[2]: 第一行包含一个整数 $$$N$$$($$$2 \le N \le 5 \cdot 10^5$$$…
2026-10-04T11:31:04.7859831Z   ✓ input[3]: 第二行包含 $$$$$$N$$$$$$ 个以空格分隔的整数 $$$$$$P_1, P_2, \d…
2026-10-04T11:31:09.8140370Z   ✗ input[4] — placeholder mangled
2026-10-04T11:31:15.9976225Z   ✓ output[0]: 输出 T 个整数，第 $$$i$$$ 个应包含一个整数，表示第 $$$i$$$ 个测试用例的子数…
2026-10-04T11:31:16.2987301Z CF485E: 20 segment(s) to translate
2026-10-04T11:31:19.7029387Z   ✓ title[0]: E. 奇怪的排序…
2026-10-04T11:31:31.6785183Z   ✓ legend[0]: 你知道多少种特定顺序？升序、降序、按长度升序、按极角升序……我们来看看另一种特定顺序：d-排序。…
2026-10-04T11:31:37.3511261Z   ✓ legend[1]: 它的 1-排序是字符串 'qwerty'（所有字符都位于位置 0），…
2026-10-04T11:31:42.6993436Z   ✓ legend[2]: 它的 2-排序是字符串 'qetwry'（字符 'q'、'e' 和 't' 位于 0 位置，字符…
2026-10-04T11:31:51.8102859Z   ✓ legend[3]: 它的 3-排序是字符串 'qrwtey'（字符 'q' 和 'r' 位于 0 位置，字符 'w'…
2026-10-04T11:31:56.4261037Z   ✓ legend[4]: 它的4-排序是字符串'qtwyer'，…
2026-10-04T11:32:00.2198946Z   ✓ legend[5]: 它的 5-排序是字符串 'qywert'。…
2026-10-04T11:32:09.4191336Z   ✓ legend[6]: 给定一个长度为 n 的字符串 S，以及对该字符串的 m 次洗牌操作。每次洗牌操作接受两个整数参数…
2026-10-04T11:32:13.5158623Z   ✓ legend[7]: 在每次洗牌操作后，你需要输出字符串 S。…
2026-10-04T11:32:17.5491919Z   ✓ input[0]: 输入的第一行包含一个长度为 n 的非空字符串 S，由小写和大写英文字母以及数字 0 到 9 组成…
2026-10-04T11:32:23.0045901Z   ✓ input[1]: 输入的第二行包含整数 m —— 洗牌操作的次数（1 ≤ m·n ≤ 106）。…
2026-10-04T11:32:28.1381190Z   ✓ input[2]: 接下来的 m 行包含操作的描述，每个操作由两个整数 k 和 d 组成（1 ≤ d ≤ k ≤ n…
2026-10-04T11:32:31.8921916Z   ✓ output[0]: 每次操作后，输出字符串 S 的当前状态。…
2026-10-04T11:32:37.2030648Z   ✓ note[0]: 以下是样例的详细解释。第一次修改使用参数 k = 4, d = 2 执行。这意味着你需要从左到右…
2026-10-04T11:32:41.4717267Z   ✓ note[1]: qwerty  →  qewrty  →  qerwty  →  qertwy…
2026-10-04T11:32:47.1095165Z   ✓ note[2]: 因此，在第一次查询结束时，字符串S等于‘qertwy’。…
2026-10-04T11:32:52.7190473Z   ✓ note[3]: 第二次修改以参数 k = 6, d = 3 执行。该操作的结果是，整个字符串 S 被替换为其 3…
2026-10-04T11:32:57.8269058Z   ✓ note[4]: qertwy → qtewry…
2026-10-04T11:33:02.4808974Z   ✓ note[5]: 第三次修改以参数 k = 5, d = 2 执行。…
2026-10-04T11:33:08.3770336Z   ✓ note[6]: qtewry  →  qertwy  →  qetyrw…
2026-10-04T11:33:08.6795492Z GYM106706N: 13 segment(s) to translate
2026-10-04T11:33:12.7141202Z   ✓ title[0]: N. 稳定的工厂分配…
2026-10-04T11:33:19.1195538Z   ✓ legend[0]: Khaled 是一家快速发展的工业帝国的 CEO。他的公司最近收购了 $$$N$$$ 家新工厂，…
2026-10-04T11:33:24.9649137Z   ✗ legend[1] — placeholder mangled
2026-10-04T11:33:40.8852784Z   ✓ legend[2]: 哈立德需要一个“稳定”的分配。如果交换两个工人的工厂会严格增加他们出行距离的平方和，则该分配无效…
2026-10-04T11:33:44.9966214Z   ✓ legend[3]: $$$$$$(x_i - y_a)^2 + (x_j - y_b)^2  \lt  (x_i -…
2026-10-04T11:33:49.4402231Z   ✓ legend[4]: 给定这些位置，帮助 Khaled 找到任意满足其严格稳定性条件的合法分配。…
2026-10-04T11:33:53.9121000Z   ✓ input[0]: 第一行包含一个整数 $$$t$$$($$$1 \le t \le 10^4$$$)——测试用例的…
2026-10-04T11:34:01.8515426Z   ✓ input[1]: 每个测试用例的第一行包含一个整数 $$$N$$$($$$1 \le N \le 3000$$$)…
2026-10-04T11:34:06.7115574Z   ✓ input[2]: 每个测试用例的第二行包含 $$$N$$$ 个互不相同的整数 $$$x_1, x_2, \dots…
2026-10-04T11:34:11.3086904Z   ✓ input[3]: 每个测试用例的第三行包含 $$$N$$$ 个互不相同的整数 $$$y_1, y_2, \dots…
2026-10-04T11:34:15.1622885Z   ✓ input[4]: 保证所有测试用例中 $$$N$$$ 的总和不超过 $$$3000$$$。…
2026-10-04T11:34:18.9012595Z   ✓ output[0]: 对于每个测试用例，输出一行，包含 $$$N$$$ 个以空格分隔的整数 $$$p_1, p_2, …
2026-10-04T11:34:23.6335926Z   ✓ output[1]: 如果存在多个满足 Khaled 条件的合法分配，你可以输出其中任意一个。…
2026-10-04T11:34:23.9345969Z GYM106706D: 51 segment(s) to translate
2026-10-04T11:34:29.3582902Z   ✓ title[0]: D. 14 年前你在哪里？…
2026-10-04T11:34:33.5656663Z   ✓ legend[0]: 这是一道交互题。…
2026-10-04T11:34:39.8897438Z   ✓ legend[1]: T-Land 的战争结束后，人们被分成了三组：…
2026-10-04T11:34:45.5015305Z   ✓ legend[2]: 解放了国家的战士们被称为 Thowwar，用字母 T 表示。…
2026-10-04T11:34:50.7314078Z   ✓ legend[3]: 尽管前政权犯下了种种罪行，其支持者仍被称为 Floul，用字母 F 表示。…
2026-10-04T11:34:54.9818305Z   ✓ legend[4]: 没有意见或明确身份的人，称为 Mkaw3，用字母 M 表示。…
2026-10-04T11:34:59.0681212Z   ✓ legend[5]: 等候室里有 $$$n$$$ 个人。你的任务是判断每个人的类型。…
2026-10-04T11:35:03.9515035Z   ✓ legend[6]: 幸运的是，你可以向阿布·杜贾纳求助。他只需看人一眼，就能辨认出他们的表面身份。…
2026-10-04T11:35:07.2499519Z   ✓ legend[7]: 你可以任意次执行以下操作：…
2026-10-04T11:35:12.4105291Z   ✓ legend[8]: 恰好选择 $$$k$$$ ($$$2 \le k \le n$$$) 个人，并将他们送入 Abu…
2026-10-04T11:35:17.3794095Z   ✓ legend[9]: 它们的行为如下：  每个 Thowwar 仍然是 Thowwar。…
2026-10-04T11:35:22.1013018Z   ✓ legend[10]: 每个 Floul 始终是 Floul。…
2026-10-04T11:35:26.7667100Z   ✓ legend[11]: 如果一个 Mkaw3 在房间内没有发现任何 Thowwar，它们会感到安全，并回归其作为 Flo…
2026-10-04T11:35:30.7544554Z   ✓ legend[12]: 否则，如果房间里至少有一个 Thowwar，那么每个 Mkaw3 都会立即开始唱 "Labat …
2026-10-04T11:35:36.0378156Z   ✓ legend[13]: 形式上，设所选小组包含 $$$T$$$ Thowwar、$$$F$$$ Floul 和 $$$M…
2026-10-04T11:35:40.3892179Z   ✓ legend[14]: 如果 $$$T = 0$$$，Abu Dujana 返回 $$$0$$$。…
2026-10-04T11:35:44.0870671Z   ✓ legend[15]: 否则，Abu Dujana 返回 $$$T + M$$$。…
2026-10-04T11:35:44.3875319Z Done: 57 segment(s) translated (hit limit 60).
2026-10-04T11:35:44.3988536Z ##[group]Run CF_STATEMENTS=0 TRANSLATE=0 node scripts/update-data.mjs
2026-10-04T11:35:44.3989056Z [36;1mCF_STATEMENTS=0 TRANSLATE=0 node scripts/update-data.mjs[0m
2026-10-04T11:35:44.4049974Z shell: /usr/bin/bash -e {0}
2026-10-04T11:35:44.4050223Z env:
2026-10-04T11:35:44.4052676Z   GITHUB_TOKEN: ***
2026-10-04T11:35:44.4052904Z ##[endgroup]
2026-10-04T11:35:44.5273487Z Discovering daily problem folders...
2026-10-04T11:35:45.2992608Z Found 814 days, syncing the most recent 814.
2026-10-04T11:35:45.8091967Z   2026-10-05: 2 problems
2026-10-04T11:35:45.9406165Z   2026-10-03: 2 problems
2026-10-04T11:35:46.0696022Z   2026-10-02: 2 problems
2026-10-04T11:35:46.2056471Z   2026-10-01: 2 problems
2026-10-04T11:35:46.3412261Z   2026-09-30: 2 problems
2026-10-04T11:35:46.4696900Z   2026-09-29: 2 problems
2026-10-04T11:35:46.6071559Z   2026-09-28: 2 problems
2026-10-04T11:35:46.7516122Z   2026-09-26: 2 problems
2026-10-04T11:35:46.8781786Z   2026-09-25: 2 problems
2026-10-04T11:35:46.9882915Z   2026-09-24: 2 problems
2026-10-04T11:35:47.1228933Z   2026-09-23: 2 problems
2026-10-04T11:35:47.2724076Z   2026-09-22: 2 problems
2026-10-04T11:35:47.4044908Z   2026-09-21: 2 problems
2026-10-04T11:35:47.5521177Z   2026-09-19: 2 problems
2026-10-04T11:35:47.6610150Z   2026-09-18: 2 problems
2026-10-04T11:35:47.8085266Z   2026-09-17: 2 problems
2026-10-04T11:35:47.9361569Z   2026-09-16: 2 problems
2026-10-04T11:35:48.0646784Z   2026-09-15: 2 problems
2026-10-04T11:35:48.1461834Z   2026-09-14: 2 problems
2026-10-04T11:35:48.2753055Z   2026-09-12: 2 problems
2026-10-04T11:35:48.3991033Z   2026-09-11: 2 problems
2026-10-04T11:35:48.5310574Z   2026-09-10: 2 problems
2026-10-04T11:35:48.6537463Z   2026-09-09: 2 problems
2026-10-04T11:35:48.7703814Z   2026-09-08: 2 problems
2026-10-04T11:35:48.8858340Z   2026-09-07: 2 problems
2026-10-04T11:35:49.0058924Z   2026-09-05: 2 problems
2026-10-04T11:35:49.1028343Z   2026-09-04: 2 problems
2026-10-04T11:35:49.2220903Z   2026-09-03: 2 problems
2026-10-04T11:35:49.3397477Z   2026-09-02: 2 problems
2026-10-04T11:35:49.4437322Z   2026-09-01: 2 problems
2026-10-04T11:35:49.5467901Z   2026-08-31: 2 problems
2026-10-04T11:35:49.6731076Z   2026-08-29: 2 problems
2026-10-04T11:35:49.8170547Z   2026-08-28: 2 problems
2026-10-04T11:35:49.9352283Z   2026-08-27: 2 problems
2026-10-04T11:35:50.0471630Z   2026-08-26: 2 problems
2026-10-04T11:35:50.1469084Z   2026-08-25: 2 problems
2026-10-04T11:35:50.2537401Z   2026-08-24: 2 problems
2026-10-04T11:35:50.3582384Z   2026-08-22: 2 problems
2026-10-04T11:35:50.4693948Z   2026-08-21: 2 problems
2026-10-04T11:35:50.5989669Z   2026-08-20: 2 problems
2026-10-04T11:35:50.7331471Z   2026-08-19: 2 problems
2026-10-04T11:35:50.8352225Z   2026-08-18: 2 problems
2026-10-04T11:35:50.9661363Z   2026-08-17: 2 problems
2026-10-04T11:35:51.0676600Z   2026-08-15: 2 problems
2026-10-04T11:35:51.1917145Z   2026-08-14: 2 problems
2026-10-04T11:35:51.2981120Z   2026-08-13: 2 problems
2026-10-04T11:35:51.4275080Z   2026-08-12: 2 problems
2026-10-04T11:35:51.5404207Z   2026-08-11: 2 problems
2026-10-04T11:35:51.6722441Z   2026-08-10: 2 problems
2026-10-04T11:35:51.7784725Z   2026-08-08: 2 problems
2026-10-04T11:35:51.8942218Z   2026-08-07: 2 problems
2026-10-04T11:35:52.0099719Z   2026-08-06: 2 problems
2026-10-04T11:35:52.1239521Z   2026-08-05: 2 problems
2026-10-04T11:35:52.2234471Z   2026-08-04: 2 problems
2026-10-04T11:35:52.3160784Z   2026-08-03: 2 problems
2026-10-04T11:35:52.4408334Z   2026-08-01: 2 problems
2026-10-04T11:35:52.5051664Z   2026-07-31: 2 problems
2026-10-04T11:35:52.6214636Z   2026-07-30: 2 problems
2026-10-04T11:35:52.7312922Z   2026-07-29: 2 problems
2026-10-04T11:35:52.8400202Z   2026-07-28: 2 problems
2026-10-04T11:35:52.9545167Z   2026-07-27: 2 problems
2026-10-04T11:35:53.0802114Z   2026-07-25: 2 problems
2026-10-04T11:35:53.2121015Z   2026-07-24: 2 problems
2026-10-04T11:35:53.3171289Z   2026-07-23: 2 problems
2026-10-04T11:35:53.4303683Z   2026-07-22: 2 problems
2026-10-04T11:35:53.5451485Z   2026-07-21: 2 problems
2026-10-04T11:35:53.6658666Z   2026-07-16: 2 problems
2026-10-04T11:35:53.7711078Z   2026-07-15: 2 problems
2026-10-04T11:35:53.8769300Z   2026-07-14: 2 problems
2026-10-04T11:35:53.9746785Z   2026-07-13: 2 problems
2026-10-04T11:35:54.0698871Z   2026-07-11: 2 problems
2026-10-04T11:35:54.1805242Z   2026-07-10: 2 problems
2026-10-04T11:35:54.2750095Z   2026-07-09: 2 problems
2026-10-04T11:35:54.3964694Z   2026-07-08: 2 problems
2026-10-04T11:35:54.4988983Z   2026-07-07: 2 problems
2026-10-04T11:35:54.6166027Z   2026-07-06: 2 problems
2026-10-04T11:35:54.7377093Z   2026-07-04: 2 problems
2026-10-04T11:35:54.8642852Z   2026-07-03: 2 problems
2026-10-04T11:35:54.9727468Z   2026-07-02: 2 problems
2026-10-04T11:35:55.0813243Z   2026-07-01: 2 problems
2026-10-04T11:35:55.2156822Z   2026-06-30: 2 problems
2026-10-04T11:35:55.3293479Z   2026-06-29: 2 problems
2026-10-04T11:35:55.4337424Z   2026-06-27: 2 problems
2026-10-04T11:35:55.5264124Z   2026-06-26: 2 problems
2026-10-04T11:35:55.6549630Z   2026-06-25: 2 problems
2026-10-04T11:35:55.7501021Z   2026-06-24: 2 problems
2026-10-04T11:35:55.8471918Z   2026-06-23: 2 problems
2026-10-04T11:35:55.9640702Z   2026-06-22: 2 problems
2026-10-04T11:35:56.0318234Z   2026-06-20: 1 problems
2026-10-04T11:35:56.1331786Z   2026-06-19: 2 problems
2026-10-04T11:35:56.2367368Z   2026-06-18: 2 problems
2026-10-04T11:35:56.3708170Z   2026-06-17: 2 problems
2026-10-04T11:35:56.4821594Z   2026-06-16: 2 problems
2026-10-04T11:35:56.5857081Z   2026-06-15: 2 problems
2026-10-04T11:35:56.7152861Z   2026-06-13: 2 problems
2026-10-04T11:35:56.8188649Z   2026-06-12: 2 problems
2026-10-04T11:35:56.9300143Z   2026-06-11: 2 problems
2026-10-04T11:35:57.0462455Z   2026-06-10: 2 problems
2026-10-04T11:35:57.1366307Z   2026-06-09: 2 problems
2026-10-04T11:35:57.2339036Z   2026-06-08: 2 problems
2026-10-04T11:35:57.3330151Z   2026-06-06: 2 problems
2026-10-04T11:35:57.4367743Z   2026-06-05: 2 problems
2026-10-04T11:35:57.5650210Z   2026-06-04: 2 problems
2026-10-04T11:35:57.5969820Z   2026-06-03: 2 problems
2026-10-04T11:35:57.7361978Z   2026-06-02: 2 problems
2026-10-04T11:35:57.8389844Z   2026-06-01: 2 problems
2026-10-04T11:35:57.9386059Z   2026-05-30: 2 problems
2026-10-04T11:35:58.0441639Z   2026-05-29: 2 problems
2026-10-04T11:35:58.1486889Z   2026-05-28: 2 problems
2026-10-04T11:35:58.2681489Z   2026-05-27: 2 problems
2026-10-04T11:35:58.3292715Z   2026-05-26: 2 problems
2026-10-04T11:35:58.4293908Z   2026-05-25: 2 problems
2026-10-04T11:35:58.5425021Z   2026-05-23: 2 problems
2026-10-04T11:35:58.6744545Z   2026-05-22: 2 problems
2026-10-04T11:35:58.7902489Z   2026-05-21: 2 problems
2026-10-04T11:35:58.8916746Z   2026-05-20: 2 problems
2026-10-04T11:35:59.0170759Z   2026-05-19: 2 problems
2026-10-04T11:35:59.1074377Z   2026-05-18: 2 problems
2026-10-04T11:35:59.2060932Z   2026-05-16: 2 problems
2026-10-04T11:35:59.3072242Z   2026-05-15: 2 problems
2026-10-04T11:35:59.4081771Z   2026-05-14: 2 problems
2026-10-04T11:35:59.5201424Z   2026-05-13: 2 problems
2026-10-04T11:35:59.6355236Z   2026-05-12: 2 problems
2026-10-04T11:35:59.7355592Z   2026-05-11: 2 problems
2026-10-04T11:35:59.8469963Z   2026-05-09: 2 problems
2026-10-04T11:35:59.9669617Z   2026-05-08: 2 problems
2026-10-04T11:36:00.0583207Z   2026-05-07: 2 problems
2026-10-04T11:36:00.1738938Z   2026-05-06: 2 problems
2026-10-04T11:36:00.2923413Z   2026-05-05: 2 problems
2026-10-04T11:36:00.3945752Z   2026-05-04: 2 problems
2026-10-04T11:36:00.4940639Z   2026-05-02: 2 problems
2026-10-04T11:36:00.5908405Z   2026-05-01: 2 problems
2026-10-04T11:36:00.7055376Z   2026-04-30: 2 problems
2026-10-04T11:36:00.8190842Z   2026-04-29: 2 problems
2026-10-04T11:36:00.9368701Z   2026-04-28: 2 problems
2026-10-04T11:36:01.0573908Z   2026-04-27: 2 problems
2026-10-04T11:36:01.1944013Z   2026-04-25: 2 problems
2026-10-04T11:36:01.2883221Z   2026-04-24: 2 problems
2026-10-04T11:36:01.4069065Z   2026-04-23: 2 problems
2026-10-04T11:36:01.5253416Z   2026-04-22: 2 problems
2026-10-04T11:36:01.6380709Z   2026-04-21: 2 problems
2026-10-04T11:36:01.7466866Z   2026-04-20: 2 problems
2026-10-04T11:36:01.8477269Z   2026-04-18: 2 problems
2026-10-04T11:36:01.9805348Z   2026-04-17: 2 problems
2026-10-04T11:36:02.0837678Z   2026-04-16: 2 problems
2026-10-04T11:36:02.1975265Z   2026-04-15: 2 problems
2026-10-04T11:36:02.3042261Z   2026-04-14: 2 problems
2026-10-04T11:36:02.4220615Z   2026-04-13: 2 problems
2026-10-04T11:36:02.5403329Z   2026-04-11: 2 problems
2026-10-04T11:36:02.6527087Z   2026-04-10: 2 problems
2026-10-04T11:36:02.7499098Z   2026-04-09: 2 problems
2026-10-04T11:36:02.8441653Z   2026-04-08: 2 problems
2026-10-04T11:36:02.9751522Z   2026-04-07: 2 problems
2026-10-04T11:36:03.0938287Z   2026-04-06: 2 problems
2026-10-04T11:36:03.1857680Z   2026-04-04: 2 problems
2026-10-04T11:36:03.3044163Z   2026-04-03: 2 problems
2026-10-04T11:36:03.4035797Z   2026-04-02: 2 problems
2026-10-04T11:36:03.5017123Z   2026-04-01: 2 problems
2026-10-04T11:36:03.6227564Z   2026-03-31: 2 problems
2026-10-04T11:36:03.7597757Z   2026-03-30: 2 problems
2026-10-04T11:36:03.8655531Z   2026-03-28: 2 problems
2026-10-04T11:36:03.9768960Z   2026-03-27: 2 problems
2026-10-04T11:36:04.0791956Z   2026-03-26: 2 problems
2026-10-04T11:36:04.2004668Z   2026-03-25: 2 problems
2026-10-04T11:36:04.3241809Z   2026-03-24: 2 problems
2026-10-04T11:36:04.4234560Z   2026-03-23: 2 problems
2026-10-04T11:36:04.5312421Z   2026-03-21: 2 problems
2026-10-04T11:36:04.6320670Z   2026-03-20: 2 problems
2026-10-04T11:36:04.7432663Z   2026-03-19: 2 problems
2026-10-04T11:36:04.8408698Z   2026-03-18: 2 problems
2026-10-04T11:36:04.9519851Z   2026-03-17: 2 problems
2026-10-04T11:36:05.0443635Z   2026-03-16: 2 problems
2026-10-04T11:36:05.1433492Z   2026-03-14: 2 problems
2026-10-04T11:36:05.2448866Z   2026-03-13: 2 problems
2026-10-04T11:36:05.3887575Z   2026-03-12: 2 problems
2026-10-04T11:36:05.4931433Z   2026-03-11: 2 problems
2026-10-04T11:36:05.6055938Z   2026-03-10: 2 problems
2026-10-04T11:36:05.7195538Z   2026-03-09: 2 problems
2026-10-04T11:36:05.8288725Z   2026-03-07: 2 problems
2026-10-04T11:36:05.9492768Z   2026-03-06: 2 problems
2026-10-04T11:36:06.0525925Z   2026-03-05: 2 problems
2026-10-04T11:36:06.1799498Z   2026-03-04: 2 problems
2026-10-04T11:36:06.2876652Z   2026-03-03: 2 problems
2026-10-04T11:36:06.4065264Z   2026-03-02: 2 problems
2026-10-04T11:36:06.5391618Z   2026-02-28: 2 problems
2026-10-04T11:36:06.6591110Z   2026-02-27: 2 problems
2026-10-04T11:36:06.7679386Z   2026-02-26: 2 problems
2026-10-04T11:36:06.8964145Z   2026-02-25: 2 problems
2026-10-04T11:36:07.0086167Z   2026-02-24: 2 problems
2026-10-04T11:36:07.1303584Z   2026-02-23: 2 problems
2026-10-04T11:36:07.2455851Z   2026-02-21: 2 problems
2026-10-04T11:36:07.3622178Z   2026-02-20: 2 problems
2026-10-04T11:36:07.4762343Z   2026-02-19: 2 problems
2026-10-04T11:36:07.5882559Z   2026-02-18: 2 problems
2026-10-04T11:36:07.6849413Z   2026-02-17: 2 problems
2026-10-04T11:36:07.8080673Z   2026-02-16: 2 problems
2026-10-04T11:36:07.9247279Z   2026-02-14: 2 problems
2026-10-04T11:36:08.0309787Z   2026-02-13: 2 problems
2026-10-04T11:36:08.1195620Z   2026-02-12: 2 problems
2026-10-04T11:36:08.2304038Z   2026-02-11: 2 problems
2026-10-04T11:36:08.3784445Z   2026-02-10: 2 problems
2026-10-04T11:36:08.5022009Z   2026-02-09: 2 problems
2026-10-04T11:36:08.6311183Z   2026-02-07: 2 problems
2026-10-04T11:36:08.7502662Z   2026-02-06: 2 problems
2026-10-04T11:36:08.8827595Z   2026-02-05: 2 problems
2026-10-04T11:36:09.0078535Z   2026-02-04: 2 problems
2026-10-04T11:36:09.1215036Z   2026-02-03: 2 problems
2026-10-04T11:36:09.2451858Z   2026-02-02: 2 problems
2026-10-04T11:36:09.3574213Z   2026-01-31: 2 problems
2026-10-04T11:36:09.4769214Z   2026-01-30: 2 problems
2026-10-04T11:36:09.5929774Z   2026-01-29: 2 problems
2026-10-04T11:36:09.7411695Z   2026-01-28: 2 problems
2026-10-04T11:36:09.8487896Z   2026-01-27: 2 problems
2026-10-04T11:36:10.0021796Z   2026-01-26: 2 problems
2026-10-04T11:36:10.1153398Z   2026-01-24: 2 problems
2026-10-04T11:36:10.2272902Z   2026-01-23: 2 problems
2026-10-04T11:36:10.3010462Z   2026-01-22: 2 problems
2026-10-04T11:36:10.4018807Z   2026-01-21: 2 problems
2026-10-04T11:36:10.5424734Z   2026-01-20: 2 problems
2026-10-04T11:36:10.6508055Z   2026-01-19: 2 problems
2026-10-04T11:36:10.7776468Z   2026-01-17: 2 problems
2026-10-04T11:36:10.8991384Z   2026-01-16: 2 problems
2026-10-04T11:36:11.0135806Z   2026-01-15: 2 problems
2026-10-04T11:36:11.1402517Z   2026-01-14: 2 problems
2026-10-04T11:36:11.2527935Z   2026-01-13: 2 problems
2026-10-04T11:36:11.3872862Z   2026-01-12: 2 problems
2026-10-04T11:36:11.5105701Z   2026-01-10: 2 problems
2026-10-04T11:36:11.6527684Z   2026-01-09: 2 problems
2026-10-04T11:36:11.7912596Z   2026-01-08: 2 problems
2026-10-04T11:36:11.9133504Z   2026-01-07: 2 problems
2026-10-04T11:36:12.0581375Z   2026-01-06: 2 problems
2026-10-04T11:36:12.1751344Z   2026-01-05: 2 problems
2026-10-04T11:36:12.3078699Z   2026-01-03: 2 problems
2026-10-04T11:36:12.4127589Z   2026-01-02: 2 problems
2026-10-04T11:36:12.5254893Z   2026-01-01: 2 problems
2026-10-04T11:36:12.6576015Z   2025-12-31: 2 problems
2026-10-04T11:36:12.7495644Z   2025-12-30: 2 problems
2026-10-04T11:36:12.8896124Z   2025-12-29: 2 problems
2026-10-04T11:36:13.0102697Z   2025-12-27: 2 problems
2026-10-04T11:36:13.1348346Z   2025-12-26: 2 problems
2026-10-04T11:36:13.2536702Z   2025-12-25: 2 problems
2026-10-04T11:36:13.3778016Z   2025-12-24: 2 problems
2026-10-04T11:36:13.4978783Z   2025-12-23: 2 problems
2026-10-04T11:36:13.6249616Z   2025-12-22: 2 problems
2026-10-04T11:36:13.7608558Z   2025-12-20: 2 problems
2026-10-04T11:36:13.8751066Z   2025-12-19: 2 problems
2026-10-04T11:36:13.9996366Z   2025-12-18: 2 problems
2026-10-04T11:36:14.1364176Z   2025-12-17: 2 problems
2026-10-04T11:36:14.2667499Z   2025-12-16: 2 problems
2026-10-04T11:36:14.4028428Z   2025-12-15: 2 problems
2026-10-04T11:36:14.5050470Z   2025-12-13: 2 problems
2026-10-04T11:36:14.6438133Z   2025-12-12: 2 problems
2026-10-04T11:36:14.7754178Z   2025-12-11: 2 problems
2026-10-04T11:36:14.9252632Z   2025-12-10: 2 problems
2026-10-04T11:36:15.0340725Z   2025-12-09: 2 problems
2026-10-04T11:36:15.1273609Z   2025-12-08: 2 problems
2026-10-04T11:36:15.2346388Z   2025-12-06: 2 problems
2026-10-04T11:36:15.3558581Z   2025-12-05: 2 problems
2026-10-04T11:36:15.4690898Z   2025-12-04: 2 problems
2026-10-04T11:36:15.6011844Z   2025-12-03: 2 problems
2026-10-04T11:36:15.7027557Z   2025-12-02: 2 problems
2026-10-04T11:36:15.8103352Z   2025-12-01: 2 problems
2026-10-04T11:36:15.9327191Z   2025-11-29: 2 problems
2026-10-04T11:36:16.0329981Z   2025-11-28: 2 problems
2026-10-04T11:36:16.1338153Z   2025-11-27: 2 problems
2026-10-04T11:36:16.2479561Z   2025-11-26: 2 problems
2026-10-04T11:36:16.3738021Z   2025-11-25: 2 problems
2026-10-04T11:36:16.4801072Z   2025-11-24: 2 problems
2026-10-04T11:36:16.5866692Z   2025-11-22: 2 problems
2026-10-04T11:36:16.7041294Z   2025-11-21: 2 problems
2026-10-04T11:36:16.8231332Z   2025-11-20: 2 problems
2026-10-04T11:36:16.9361862Z   2025-11-19: 2 problems
2026-10-04T11:36:17.0720931Z   2025-11-18: 2 problems
2026-10-04T11:36:17.1677420Z   2025-11-17: 2 problems
2026-10-04T11:36:17.2834199Z   2025-11-15: 2 problems
2026-10-04T11:36:17.3956077Z   2025-11-14: 2 problems
2026-10-04T11:36:17.5261016Z   2025-11-13: 2 problems
2026-10-04T11:36:17.6244161Z   2025-11-12: 2 problems
2026-10-04T11:36:17.7536907Z   2025-11-11: 2 problems
2026-10-04T11:36:17.8592254Z   2025-11-10: 2 problems
2026-10-04T11:36:17.9680157Z   2025-11-08: 2 problems
2026-10-04T11:36:18.0820989Z   2025-11-07: 2 problems
2026-10-04T11:36:18.2321689Z   2025-11-06: 2 problems
2026-10-04T11:36:18.3349650Z   2025-11-05: 2 problems
2026-10-04T11:36:18.4570903Z   2025-11-04: 2 problems
2026-10-04T11:36:18.5684189Z   2025-11-03: 2 problems
2026-10-04T11:36:18.6722877Z   2025-11-01: 2 problems
2026-10-04T11:36:18.7463565Z   2025-10-31: 2 problems
2026-10-04T11:36:18.8582708Z   2025-10-30: 2 problems
2026-10-04T11:36:18.9731548Z   2025-10-29: 2 problems
2026-10-04T11:36:19.0878151Z   2025-10-28: 2 problems
2026-10-04T11:36:19.1879183Z   2025-10-27: 2 problems
2026-10-04T11:36:19.2923040Z   2025-10-25: 2 problems
2026-10-04T11:36:19.3831586Z   2025-10-24: 2 problems
2026-10-04T11:36:19.5005626Z   2025-10-23: 2 problems
2026-10-04T11:36:19.6190451Z   2025-10-22: 2 problems
2026-10-04T11:36:19.7363471Z   2025-10-21: 2 problems
2026-10-04T11:36:19.8471763Z   2025-10-20: 2 problems
2026-10-04T11:36:19.9882603Z   2025-10-18: 2 problems
2026-10-04T11:36:20.1003154Z   2025-10-17: 2 problems
2026-10-04T11:36:20.2347138Z   2025-10-16: 2 problems
2026-10-04T11:36:20.3467040Z   2025-10-15: 2 problems
2026-10-04T11:36:20.4498278Z   2025-10-14: 2 problems
2026-10-04T11:36:20.5523737Z   2025-10-13: 2 problems
2026-10-04T11:36:20.6944841Z   2025-10-11: 2 problems
2026-10-04T11:36:20.8159626Z   2025-10-10: 2 problems
2026-10-04T11:36:20.9271173Z   2025-10-09: 2 problems
2026-10-04T11:36:21.0536670Z   2025-10-08: 2 problems
2026-10-04T11:36:21.1791213Z   2025-10-07: 2 problems
2026-10-04T11:36:21.3111888Z   2025-10-06: 2 problems
2026-10-04T11:36:21.4247314Z   2025-10-04: 2 problems
2026-10-04T11:36:21.5150736Z   2025-10-03: 2 problems
2026-10-04T11:36:21.6196985Z   2025-10-02: 2 problems
2026-10-04T11:36:21.7438174Z   2025-10-01: 2 problems
2026-10-04T11:36:21.8527626Z   2025-09-30: 2 problems
2026-10-04T11:36:21.9942717Z   2025-09-29: 2 problems
2026-10-04T11:36:22.1190364Z   2025-09-27: 2 problems
2026-10-04T11:36:22.2594147Z   2025-09-26: 2 problems
2026-10-04T11:36:22.3746153Z   2025-09-25: 2 problems
2026-10-04T11:36:22.4840366Z   2025-09-24: 2 problems
2026-10-04T11:36:22.6107539Z   2025-09-23: 2 problems
2026-10-04T11:36:22.7271920Z   2025-09-22: 2 problems
2026-10-04T11:36:22.8434850Z   2025-09-20: 2 problems
2026-10-04T11:36:22.9584892Z   2025-09-19: 2 problems
2026-10-04T11:36:23.0722120Z   2025-09-18: 2 problems
2026-10-04T11:36:23.1864715Z   2025-09-17: 2 problems
2026-10-04T11:36:23.3266840Z   2025-09-16: 2 problems
2026-10-04T11:36:23.4603454Z   2025-09-15: 2 problems
2026-10-04T11:36:23.5732855Z   2025-09-13: 2 problems
2026-10-04T11:36:23.7170075Z   2025-09-12: 2 problems
2026-10-04T11:36:23.8247704Z   2025-09-11: 2 problems
2026-10-04T11:36:23.9536954Z   2025-09-10: 2 problems
2026-10-04T11:36:24.0584196Z   2025-09-09: 2 problems
2026-10-04T11:36:24.1577110Z   2025-09-08: 2 problems
2026-10-04T11:36:24.2743753Z   2025-09-06: 2 problems
2026-10-04T11:36:24.3872481Z   2025-09-05: 2 problems
2026-10-04T11:36:24.4996597Z   2025-09-04: 2 problems
2026-10-04T11:36:24.6090617Z   2025-09-03: 2 problems
2026-10-04T11:36:24.7189028Z   2025-09-02: 2 problems
2026-10-04T11:36:24.8399308Z   2025-09-01: 2 problems
2026-10-04T11:36:24.9587533Z   2025-08-30: 2 problems
2026-10-04T11:36:25.0629011Z   2025-08-29: 2 problems
2026-10-04T11:36:25.1865577Z   2025-08-28: 2 problems
2026-10-04T11:36:25.3117882Z   2025-08-27: 2 problems
2026-10-04T11:36:25.4302112Z   2025-08-26: 2 problems
2026-10-04T11:36:25.5435686Z   2025-08-25: 2 problems
2026-10-04T11:36:25.6545177Z   2025-08-23: 2 problems
2026-10-04T11:36:25.7759738Z   2025-08-22: 2 problems
2026-10-04T11:36:25.8932420Z   2025-08-21: 2 problems
2026-10-04T11:36:25.9913118Z   2025-08-20: 2 problems
2026-10-04T11:36:26.1112132Z   2025-08-19: 2 problems
2026-10-04T11:36:26.2335456Z   2025-08-18: 2 problems
2026-10-04T11:36:26.3706167Z   2025-08-16: 2 problems
2026-10-04T11:36:26.4831053Z   2025-08-15: 2 problems
2026-10-04T11:36:26.6039202Z   2025-08-14: 2 problems
2026-10-04T11:36:26.7154275Z   2025-08-13: 2 problems
2026-10-04T11:36:26.8289430Z   2025-08-12: 2 problems
2026-10-04T11:36:26.9470962Z   2025-08-11: 2 problems
2026-10-04T11:36:27.0727072Z   2025-08-09: 2 problems
2026-10-04T11:36:27.2098973Z   2025-08-08: 2 problems
2026-10-04T11:36:27.3283717Z   2025-08-07: 2 problems
2026-10-04T11:36:27.4588260Z   2025-08-06: 2 problems
2026-10-04T11:36:27.5907810Z   2025-08-05: 2 problems
2026-10-04T11:36:27.7146205Z   2025-08-04: 2 problems
2026-10-04T11:36:27.8520410Z   2025-08-02: 2 problems
2026-10-04T11:36:27.9799093Z   2025-08-01: 2 problems
2026-10-04T11:36:28.1125440Z   2025-07-31: 2 problems
2026-10-04T11:36:28.2228769Z   2025-07-30: 2 problems
2026-10-04T11:36:28.3256560Z   2025-07-29: 2 problems
2026-10-04T11:36:28.4385558Z   2025-07-28: 2 problems
2026-10-04T11:36:28.5412638Z   2025-07-26: 2 problems
2026-10-04T11:36:28.6506915Z   2025-07-25: 2 problems
2026-10-04T11:36:28.7888622Z   2025-07-24: 2 problems
2026-10-04T11:36:28.8811180Z   2025-07-23: 2 problems
2026-10-04T11:36:29.0081653Z   2025-07-22: 2 problems
2026-10-04T11:36:29.1364998Z   2025-07-21: 2 problems
2026-10-04T11:36:29.2575154Z   2025-07-19: 2 problems
2026-10-04T11:36:29.3832948Z   2025-07-18: 2 problems
2026-10-04T11:36:29.4815344Z   2025-07-17: 2 problems
2026-10-04T11:36:29.6185584Z   2025-07-16: 2 problems
2026-10-04T11:36:29.7276024Z   2025-07-15: 2 problems
2026-10-04T11:36:29.8582637Z   2025-07-14: 2 problems
2026-10-04T11:36:29.9715289Z   2025-07-12: 2 problems
2026-10-04T11:36:30.0895804Z   2025-07-11: 2 problems
2026-10-04T11:36:30.2078869Z   2025-07-10: 2 problems
2026-10-04T11:36:30.3140087Z   2025-07-09: 2 problems
2026-10-04T11:36:30.4389807Z   2025-07-08: 2 problems
2026-10-04T11:36:30.5503986Z   2025-07-07: 2 problems
2026-10-04T11:36:30.6719513Z   2025-07-05: 2 problems
2026-10-04T11:36:30.7750070Z   2025-07-04: 2 problems
2026-10-04T11:36:30.8904597Z   2025-07-03: 2 problems
2026-10-04T11:36:31.0146985Z   2025-07-02: 2 problems
2026-10-04T11:36:31.1152739Z   2025-07-01: 2 problems
2026-10-04T11:36:31.2192951Z   2025-06-30: 2 problems
2026-10-04T11:36:31.3476664Z   2025-06-28: 2 problems
2026-10-04T11:36:31.4639353Z   2025-06-27: 2 problems
2026-10-04T11:36:31.5851253Z   2025-06-26: 2 problems
2026-10-04T11:36:31.7130950Z   2025-06-25: 2 problems
2026-10-04T11:36:31.8237039Z   2025-06-24: 2 problems
2026-10-04T11:36:31.9270007Z   2025-06-23: 2 problems
2026-10-04T11:36:32.0127308Z   2025-06-21: 2 problems
2026-10-04T11:36:32.1121268Z   2025-06-20: 2 problems
2026-10-04T11:36:32.2376161Z   2025-06-19: 2 problems
2026-10-04T11:36:32.3503871Z   2025-06-18: 2 problems
2026-10-04T11:36:32.4669053Z   2025-06-17: 2 problems
2026-10-04T11:36:32.5909448Z   2025-06-16: 2 problems
2026-10-04T11:36:32.7120686Z   2025-06-14: 2 problems
2026-10-04T11:36:32.8160545Z   2025-06-13: 2 problems
2026-10-04T11:36:32.9220478Z   2025-06-12: 2 problems
2026-10-04T11:36:33.0386659Z   2025-06-11: 2 problems
2026-10-04T11:36:33.1490883Z   2025-06-10: 2 problems
2026-10-04T11:36:33.2615952Z   2025-06-09: 2 problems
2026-10-04T11:36:33.3754355Z   2025-06-07: 2 problems
2026-10-04T11:36:33.5071011Z   2025-06-06: 2 problems
2026-10-04T11:36:33.6312862Z   2025-06-05: 2 problems
2026-10-04T11:36:33.7349813Z   2025-06-04: 2 problems
2026-10-04T11:36:33.8733385Z   2025-06-03: 2 problems
2026-10-04T11:36:33.9728802Z   2025-06-02: 2 problems
2026-10-04T11:36:34.0797201Z   2025-05-31: 2 problems
2026-10-04T11:36:34.1961381Z   2025-05-30: 2 problems
2026-10-04T11:36:34.3025289Z   2025-05-29: 2 problems
2026-10-04T11:36:34.4070444Z   2025-05-28: 2 problems
2026-10-04T11:36:34.5222516Z   2025-05-27: 2 problems
2026-10-04T11:36:34.6437182Z   2025-05-26: 2 problems
2026-10-04T11:36:34.7672314Z   2025-05-24: 2 problems
2026-10-04T11:36:34.8857181Z   2025-05-23: 2 problems
2026-10-04T11:36:35.0112255Z   2025-05-22: 2 problems
2026-10-04T11:36:35.1122410Z   2025-05-21: 2 problems
2026-10-04T11:36:35.2108687Z   2025-05-20: 2 problems
2026-10-04T11:36:35.3091125Z   2025-05-19: 2 problems
2026-10-04T11:36:35.4257531Z   2025-05-17: 2 problems
2026-10-04T11:36:35.5318321Z   2025-05-16: 2 problems
2026-10-04T11:36:35.6515068Z   2025-05-15: 2 problems
2026-10-04T11:36:35.7598101Z   2025-05-14: 2 problems
2026-10-04T11:36:35.8831047Z   2025-05-13: 2 problems
2026-10-04T11:36:36.0198695Z   2025-05-12: 2 problems
2026-10-04T11:36:36.1291995Z   2025-05-10: 2 problems
2026-10-04T11:36:36.2437606Z   2025-05-09: 2 problems
2026-10-04T11:36:36.3902187Z   2025-05-08: 2 problems
2026-10-04T11:36:36.5083605Z   2025-05-07: 2 problems
2026-10-04T11:36:36.6301796Z   2025-05-06: 2 problems
2026-10-04T11:36:36.7338203Z   2025-05-05: 2 problems
2026-10-04T11:36:36.8554779Z   2025-05-03: 2 problems
2026-10-04T11:36:36.9594809Z   2025-05-02: 2 problems
2026-10-04T11:36:37.0869132Z   2025-05-01: 2 problems
2026-10-04T11:36:37.1974267Z   2025-04-30: 2 problems
2026-10-04T11:36:37.3147884Z   2025-04-29: 2 problems
2026-10-04T11:36:37.4377726Z   2025-04-28: 2 problems
2026-10-04T11:36:37.5665477Z   2025-04-26: 2 problems
2026-10-04T11:36:37.6779722Z   2025-04-25: 2 problems
2026-10-04T11:36:37.7771363Z   2025-04-24: 2 problems
2026-10-04T11:36:37.9037603Z   2025-04-23: 2 problems
2026-10-04T11:36:38.0169651Z   2025-04-22: 2 problems
2026-10-04T11:36:38.1274424Z   2025-04-21: 2 problems
2026-10-04T11:36:38.2493586Z   2025-04-19: 2 problems
2026-10-04T11:36:38.3697148Z   2025-04-18: 2 problems
2026-10-04T11:36:38.4747619Z   2025-04-17: 2 problems
2026-10-04T11:36:38.5726221Z   2025-04-16: 2 problems
2026-10-04T11:36:38.6849270Z   2025-04-15: 2 problems
2026-10-04T11:36:38.7882252Z   2025-04-14: 2 problems
2026-10-04T11:36:38.8817187Z   2025-04-12: 2 problems
2026-10-04T11:36:38.9918109Z   2025-04-11: 2 problems
2026-10-04T11:36:39.0950828Z   2025-04-10: 2 problems
2026-10-04T11:36:39.1842399Z   2025-04-09: 2 problems
2026-10-04T11:36:39.2979338Z   2025-04-08: 2 problems
2026-10-04T11:36:39.3873709Z   2025-04-07: 2 problems
2026-10-04T11:36:39.4959329Z   2025-04-05: 2 problems
2026-10-04T11:36:39.5914186Z   2025-04-04: 2 problems
2026-10-04T11:36:39.6889856Z   2025-04-03: 2 problems
2026-10-04T11:36:39.7828477Z   2025-04-02: 2 problems
2026-10-04T11:36:39.9028982Z   2025-04-01: 2 problems
2026-10-04T11:36:40.0061572Z   2025-03-31: 2 problems
2026-10-04T11:36:40.1051604Z   2025-03-29: 2 problems
2026-10-04T11:36:40.2147684Z   2025-03-28: 2 problems
2026-10-04T11:36:40.3208031Z   2025-03-27: 2 problems
2026-10-04T11:36:40.4499075Z   2025-03-26: 2 problems
2026-10-04T11:36:40.5509641Z   2025-03-25: 2 problems
2026-10-04T11:36:40.6651071Z   2025-03-24: 2 problems
2026-10-04T11:36:40.7543948Z   2025-03-22: 2 problems
2026-10-04T11:36:40.8678327Z   2025-03-21: 2 problems
2026-10-04T11:36:40.9634959Z   2025-03-20: 2 problems
2026-10-04T11:36:41.0629963Z   2025-03-19: 2 problems
2026-10-04T11:36:41.1668157Z   2025-03-18: 2 problems
2026-10-04T11:36:41.2598373Z   2025-03-17: 2 problems
2026-10-04T11:36:41.3724379Z   2025-03-15: 2 problems
2026-10-04T11:36:41.4648349Z   2025-03-14: 2 problems
2026-10-04T11:36:41.5705109Z   2025-03-13: 2 problems
2026-10-04T11:36:41.6682091Z   2025-03-12: 2 problems
2026-10-04T11:36:41.8001450Z   2025-03-11: 2 problems
2026-10-04T11:36:41.8993277Z   2025-03-10: 2 problems
2026-10-04T11:36:42.0333062Z   2025-03-08: 2 problems
2026-10-04T11:36:42.1294166Z   2025-03-07: 2 problems
2026-10-04T11:36:42.2264624Z   2025-03-06: 2 problems
2026-10-04T11:36:42.3241949Z   2025-03-05: 2 problems
2026-10-04T11:36:42.4169981Z   2025-03-04: 2 problems
2026-10-04T11:36:42.5218031Z   2025-03-03: 2 problems
2026-10-04T11:36:42.6117517Z   2025-03-01: 2 problems
2026-10-04T11:36:42.7278830Z   2025-02-28: 2 problems
2026-10-04T11:36:42.8254454Z   2025-02-27: 2 problems
2026-10-04T11:36:42.9287703Z   2025-02-26: 2 problems
2026-10-04T11:36:43.0149959Z   2025-02-25: 2 problems
2026-10-04T11:36:43.1349039Z   2025-02-24: 2 problems
2026-10-04T11:36:43.2302134Z   2025-02-22: 2 problems
2026-10-04T11:36:43.3430172Z   2025-02-21: 2 problems
2026-10-04T11:36:43.4634461Z   2025-02-20: 2 problems
2026-10-04T11:36:43.5757550Z   2025-02-19: 2 problems
2026-10-04T11:36:43.7144083Z   2025-02-18: 2 problems
2026-10-04T11:36:43.8101253Z   2025-02-17: 2 problems
2026-10-04T11:36:43.9091774Z   2025-02-15: 2 problems
2026-10-04T11:36:44.0151005Z   2025-02-14: 2 problems
2026-10-04T11:36:44.1197178Z   2025-02-13: 2 problems
2026-10-04T11:36:44.2321179Z   2025-02-12: 2 problems
2026-10-04T11:36:44.3417422Z   2025-02-11: 2 problems
2026-10-04T11:36:44.4676091Z   2025-02-10: 2 problems
2026-10-04T11:36:44.5648053Z   2025-02-08: 2 problems
2026-10-04T11:36:44.6900419Z   2025-02-07: 2 problems
2026-10-04T11:36:44.7863524Z   2025-02-06: 2 problems
2026-10-04T11:36:44.9008661Z   2025-02-05: 2 problems
2026-10-04T11:36:44.9874140Z   2025-02-04: 2 problems
2026-10-04T11:36:45.1069441Z   2025-02-03: 2 problems
2026-10-04T11:36:45.2046502Z   2025-02-01: 2 problems
2026-10-04T11:36:45.3100219Z   2025-01-31: 2 problems
2026-10-04T11:36:45.4139835Z   2025-01-30: 2 problems
2026-10-04T11:36:45.5380678Z   2025-01-29: 2 problems
2026-10-04T11:36:45.6394597Z   2025-01-28: 2 problems
2026-10-04T11:36:45.7354793Z   2025-01-27: 2 problems
2026-10-04T11:36:45.8425240Z   2025-01-25: 2 problems
2026-10-04T11:36:45.9490396Z   2025-01-24: 2 problems
2026-10-04T11:36:46.0457310Z   2025-01-23: 2 problems
2026-10-04T11:36:46.1362661Z   2025-01-22: 2 problems
2026-10-04T11:36:46.2439488Z   2025-01-21: 2 problems
2026-10-04T11:36:46.3605487Z   2025-01-20: 2 problems
2026-10-04T11:36:46.4793766Z   2025-01-18: 2 problems
2026-10-04T11:36:46.5898457Z   2025-01-17: 2 problems
2026-10-04T11:36:46.6809001Z   2025-01-16: 2 problems
2026-10-04T11:36:46.8113542Z   2025-01-15: 2 problems
2026-10-04T11:36:46.9094505Z   2025-01-14: 2 problems
2026-10-04T11:36:47.0102782Z   2025-01-13: 2 problems
2026-10-04T11:36:47.1194587Z   2025-01-11: 2 problems
2026-10-04T11:36:47.2088978Z   2025-01-10: 2 problems
2026-10-04T11:36:47.3189844Z   2025-01-09: 2 problems
2026-10-04T11:36:47.4250141Z   2025-01-08: 2 problems
2026-10-04T11:36:47.5299212Z   2025-01-07: 2 problems
2026-10-04T11:36:47.6309677Z   2025-01-06: 2 problems
2026-10-04T11:36:47.7253281Z   2025-01-04: 2 problems
2026-10-04T11:36:47.8299503Z   2025-01-03: 2 problems
2026-10-04T11:36:47.9335075Z   2025-01-02: 2 problems
2026-10-04T11:36:48.0570708Z   2025-01-01: 2 problems
2026-10-04T11:36:48.1560651Z   2024-12-31: 2 problems
2026-10-04T11:36:48.2576832Z   2024-12-30: 2 problems
2026-10-04T11:36:48.3745819Z   2024-12-28: 2 problems
2026-10-04T11:36:48.4726970Z   2024-12-27: 2 problems
2026-10-04T11:36:48.5899621Z   2024-12-26: 2 problems
2026-10-04T11:36:48.7142816Z   2024-12-25: 2 problems
2026-10-04T11:36:48.8074812Z   2024-12-24: 2 problems
2026-10-04T11:36:48.9382168Z   2024-12-23: 2 problems
2026-10-04T11:36:49.0379337Z   2024-12-21: 2 problems
2026-10-04T11:36:49.1559621Z   2024-12-20: 2 problems
2026-10-04T11:36:49.2549070Z   2024-12-19: 2 problems
2026-10-04T11:36:49.3603343Z   2024-12-18: 2 problems
2026-10-04T11:36:49.4981572Z   2024-12-17: 2 problems
2026-10-04T11:36:49.6289618Z   2024-12-16: 2 problems
2026-10-04T11:36:49.7504606Z   2024-12-14: 2 problems
2026-10-04T11:36:49.8786838Z   2024-12-13: 2 problems
2026-10-04T11:36:49.9935592Z   2024-12-12: 2 problems
2026-10-04T11:36:50.0954562Z   2024-12-11: 2 problems
2026-10-04T11:36:50.2149357Z   2024-12-10: 2 problems
2026-10-04T11:36:50.3324147Z   2024-12-09: 2 problems
2026-10-04T11:36:50.4389727Z   2024-12-07: 2 problems
2026-10-04T11:36:50.5459438Z   2024-12-06: 2 problems
2026-10-04T11:36:50.6580999Z   2024-12-05: 2 problems
2026-10-04T11:36:50.7673367Z   2024-12-04: 2 problems
2026-10-04T11:36:50.8663612Z   2024-12-03: 2 problems
2026-10-04T11:36:50.9830928Z   2024-12-02: 2 problems
2026-10-04T11:36:51.0793822Z   2024-11-30: 2 problems
2026-10-04T11:36:51.1816647Z   2024-11-29: 2 problems
2026-10-04T11:36:51.2952561Z   2024-11-28: 2 problems
2026-10-04T11:36:51.4036349Z   2024-11-27: 2 problems
2026-10-04T11:36:51.5084814Z   2024-11-26: 2 problems
2026-10-04T11:36:51.6424321Z   2024-11-25: 2 problems
2026-10-04T11:36:51.7441631Z   2024-11-23: 2 problems
2026-10-04T11:36:51.8684989Z   2024-11-22: 2 problems
2026-10-04T11:36:51.9290663Z   2024-11-21: 2 problems
2026-10-04T11:36:52.0341466Z   2024-11-20: 2 problems
2026-10-04T11:36:52.1338450Z   2024-11-19: 2 problems
2026-10-04T11:36:52.2484665Z   2024-11-18: 2 problems
2026-10-04T11:36:52.3742115Z   2024-11-16: 2 problems
2026-10-04T11:36:52.4838973Z   2024-11-15: 2 problems
2026-10-04T11:36:52.5842070Z   2024-11-14: 2 problems
2026-10-04T11:36:52.7091898Z   2024-11-13: 2 problems
2026-10-04T11:36:52.8421969Z   2024-11-12: 2 problems
2026-10-04T11:36:52.9425164Z   2024-11-11: 2 problems
2026-10-04T11:36:53.0459188Z   2024-11-09: 2 problems
2026-10-04T11:36:53.1661118Z   2024-11-08: 2 problems
2026-10-04T11:36:53.2776883Z   2024-11-07: 2 problems
2026-10-04T11:36:53.3997935Z   2024-11-06: 2 problems
2026-10-04T11:36:53.4937303Z   2024-11-05: 2 problems
2026-10-04T11:36:53.6012894Z   2024-11-04: 2 problems
2026-10-04T11:36:53.7312893Z   2024-11-02: 2 problems
2026-10-04T11:36:53.8377624Z   2024-11-01: 2 problems
2026-10-04T11:36:53.9547409Z   2024-10-31: 2 problems
2026-10-04T11:36:54.0688425Z   2024-10-30: 2 problems
2026-10-04T11:36:54.1700251Z   2024-10-29: 2 problems
2026-10-04T11:36:54.2874328Z   2024-10-28: 2 problems
2026-10-04T11:36:54.3959564Z   2024-10-26: 2 problems
2026-10-04T11:36:54.4909606Z   2024-10-25: 2 problems
2026-10-04T11:36:54.5947896Z   2024-10-24: 2 problems
2026-10-04T11:36:54.7072429Z   2024-10-23: 2 problems
2026-10-04T11:36:54.8226997Z   2024-10-22: 2 problems
2026-10-04T11:36:54.9297825Z   2024-10-21: 2 problems
2026-10-04T11:36:55.0287555Z   2024-10-19: 2 problems
2026-10-04T11:36:55.1231231Z   2024-10-18: 2 problems
2026-10-04T11:36:55.2310800Z   2024-10-17: 2 problems
2026-10-04T11:36:55.3440107Z   2024-10-16: 2 problems
2026-10-04T11:36:55.4721705Z   2024-10-15: 2 problems
2026-10-04T11:36:55.5824649Z   2024-10-14: 2 problems
2026-10-04T11:36:55.6758470Z   2024-10-12: 2 problems
2026-10-04T11:36:55.7919967Z   2024-10-11: 2 problems
2026-10-04T11:36:55.9014525Z   2024-10-10: 2 problems
2026-10-04T11:36:56.0016974Z   2024-10-09: 2 problems
2026-10-04T11:36:56.1141348Z   2024-10-08: 2 problems
2026-10-04T11:36:56.2126235Z   2024-10-07: 2 problems
2026-10-04T11:36:56.3344950Z   2024-10-05: 2 problems
2026-10-04T11:36:56.4449493Z   2024-10-04: 2 problems
2026-10-04T11:36:56.5759907Z   2024-10-03: 2 problems
2026-10-04T11:36:56.6712531Z   2024-10-02: 2 problems
2026-10-04T11:36:56.7940098Z   2024-10-01: 2 problems
2026-10-04T11:36:56.9004651Z   2024-09-30: 2 problems
2026-10-04T11:36:57.0056879Z   2024-09-28: 2 problems
2026-10-04T11:36:57.1095337Z   2024-09-27: 2 problems
2026-10-04T11:36:57.2165305Z   2024-09-26: 2 problems
2026-10-04T11:36:57.3351489Z   2024-09-25: 2 problems
2026-10-04T11:36:57.3934547Z   2024-09-24: 2 problems
2026-10-04T11:36:57.5059197Z   2024-09-23: 2 problems
2026-10-04T11:36:57.6016992Z   2024-09-21: 2 problems
2026-10-04T11:36:57.6982756Z   2024-09-20: 2 problems
2026-10-04T11:36:57.8130566Z   2024-09-19: 2 problems
2026-10-04T11:36:57.9125184Z   2024-09-18: 2 problems
2026-10-04T11:36:58.0077814Z   2024-09-17: 2 problems
2026-10-04T11:36:58.1088746Z   2024-09-16: 2 problems
2026-10-04T11:36:58.2159690Z   2024-09-14: 2 problems
2026-10-04T11:36:58.3153120Z   2024-09-13: 2 problems
2026-10-04T11:36:58.4157434Z   2024-09-12: 2 problems
2026-10-04T11:36:58.5422546Z   2024-09-11: 2 problems
2026-10-04T11:36:58.6648897Z   2024-09-10: 2 problems
2026-10-04T11:36:58.7610280Z   2024-09-09: 2 problems
2026-10-04T11:36:58.8630368Z   2024-09-07: 2 problems
2026-10-04T11:36:58.9847656Z   2024-09-06: 2 problems
2026-10-04T11:36:59.0825678Z   2024-09-05: 2 problems
2026-10-04T11:36:59.1817857Z   2024-09-04: 2 problems
2026-10-04T11:36:59.2819080Z   2024-09-03: 2 problems
2026-10-04T11:36:59.3949199Z   2024-09-02: 2 problems
2026-10-04T11:36:59.5205289Z   2024-08-31: 2 problems
2026-10-04T11:36:59.6373446Z   2024-08-30: 2 problems
2026-10-04T11:36:59.7409171Z   2024-08-29: 2 problems
2026-10-04T11:36:59.8652421Z   2024-08-28: 2 problems
2026-10-04T11:36:59.9740539Z   2024-08-27: 2 problems
2026-10-04T11:37:00.0864638Z   2024-08-26: 2 problems
2026-10-04T11:37:00.1863697Z   2024-08-24: 2 problems
2026-10-04T11:37:00.3273426Z   2024-08-23: 2 problems
2026-10-04T11:37:00.4639761Z   2024-08-22: 2 problems
2026-10-04T11:37:00.5772547Z   2024-08-21: 2 problems
2026-10-04T11:37:00.7178955Z   2024-08-20: 2 problems
2026-10-04T11:37:00.8305411Z   2024-08-19: 2 problems
2026-10-04T11:37:00.9439561Z   2024-08-17: 2 problems
2026-10-04T11:37:01.0556246Z   2024-08-16: 2 problems
2026-10-04T11:37:01.1757166Z   2024-08-15: 2 problems
2026-10-04T11:37:01.2825933Z   2024-08-14: 2 problems
2026-10-04T11:37:01.3846933Z   2024-08-13: 2 problems
2026-10-04T11:37:01.4843869Z   2024-08-12: 2 problems
2026-10-04T11:37:01.5764526Z   2024-08-10: 2 problems
2026-10-04T11:37:01.6739344Z   2024-08-09: 2 problems
2026-10-04T11:37:01.7595827Z   2024-08-08: 2 problems
2026-10-04T11:37:01.8484162Z   2024-08-07: 2 problems
2026-10-04T11:37:01.9459639Z   2024-08-06: 2 problems
2026-10-04T11:37:02.0678298Z   2024-08-05: 2 problems
2026-10-04T11:37:02.1903526Z   2024-08-03: 2 problems
2026-10-04T11:37:02.3133030Z   2024-08-02: 2 problems
2026-10-04T11:37:02.4103984Z   2024-08-01: 2 problems
2026-10-04T11:37:02.5098565Z   2024-07-31: 2 problems
2026-10-04T11:37:02.6184861Z   2024-07-30: 2 problems
2026-10-04T11:37:02.7380857Z   2024-07-29: 2 problems
2026-10-04T11:37:02.8777592Z   2024-07-27: 2 problems
2026-10-04T11:37:02.9717328Z   2024-07-26: 2 problems
2026-10-04T11:37:03.1027589Z   2024-07-25: 2 problems
2026-10-04T11:37:03.2220156Z   2024-07-24: 2 problems
2026-10-04T11:37:03.3237997Z   2024-07-23: 2 problems
2026-10-04T11:37:03.4379386Z   2024-07-22: 2 problems
2026-10-04T11:37:03.5307003Z   2024-07-20: 2 problems
2026-10-04T11:37:03.6757309Z   2024-07-19: 2 problems
2026-10-04T11:37:03.7699890Z   2024-07-18: 2 problems
2026-10-04T11:37:03.8654804Z   2024-07-17: 2 problems
2026-10-04T11:37:03.9857311Z   2024-07-16: 2 problems
2026-10-04T11:37:04.0874506Z   2024-07-15: 2 problems
2026-10-04T11:37:04.2041132Z   2024-07-13: 2 problems
2026-10-04T11:37:04.2654932Z   2024-07-12: 2 problems
2026-10-04T11:37:04.3691284Z   2024-07-11: 2 problems
2026-10-04T11:37:04.5067546Z   2024-07-10: 2 problems
2026-10-04T11:37:04.6199860Z   2024-07-09: 2 problems
2026-10-04T11:37:04.7253811Z   2024-07-08: 2 problems
2026-10-04T11:37:04.8399083Z   2024-07-06: 2 problems
2026-10-04T11:37:04.9349714Z   2024-07-05: 2 problems
2026-10-04T11:37:05.0452037Z   2024-07-04: 2 problems
2026-10-04T11:37:05.1455823Z   2024-07-03: 2 problems
2026-10-04T11:37:05.2327223Z   2024-07-02: 2 problems
2026-10-04T11:37:05.3433990Z   2024-07-01: 2 problems
2026-10-04T11:37:05.4591814Z   2024-06-29: 2 problems
2026-10-04T11:37:05.5534578Z   2024-06-28: 2 problems
2026-10-04T11:37:05.6814997Z   2024-06-27: 2 problems
2026-10-04T11:37:05.8115621Z   2024-06-26: 2 problems
2026-10-04T11:37:05.9073333Z   2024-06-25: 2 problems
2026-10-04T11:37:06.0070444Z   2024-06-24: 2 problems
2026-10-04T11:37:06.1294056Z   2024-06-22: 2 problems
2026-10-04T11:37:06.2454636Z   2024-06-21: 2 problems
2026-10-04T11:37:06.3331237Z   2024-06-20: 2 problems
2026-10-04T11:37:06.4380541Z   2024-06-19: 2 problems
2026-10-04T11:37:06.5395091Z   2024-06-18: 2 problems
2026-10-04T11:37:06.6571238Z   2024-06-17: 2 problems
2026-10-04T11:37:06.7617063Z   2024-06-15: 2 problems
2026-10-04T11:37:06.8574824Z   2024-06-14: 2 problems
2026-10-04T11:37:06.9639864Z   2024-06-13: 2 problems
2026-10-04T11:37:07.0689187Z   2024-06-12: 2 problems
2026-10-04T11:37:07.1640033Z   2024-06-11: 2 problems
2026-10-04T11:37:07.2713100Z   2024-06-10: 2 problems
2026-10-04T11:37:07.3850031Z   2024-06-08: 2 problems
2026-10-04T11:37:07.5009752Z   2024-06-07: 2 problems
2026-10-04T11:37:07.6171928Z   2024-06-06: 2 problems
2026-10-04T11:37:07.7093547Z   2024-06-05: 2 problems
2026-10-04T11:37:07.8060520Z   2024-06-04: 2 problems
2026-10-04T11:37:07.8900707Z   2024-06-03: 2 problems
2026-10-04T11:37:07.9742418Z   2024-06-01: 2 problems
2026-10-04T11:37:08.0688927Z   2024-05-31: 2 problems
2026-10-04T11:37:08.1744417Z   2024-05-30: 2 problems
2026-10-04T11:37:08.3251202Z   2024-05-29: 2 problems
2026-10-04T11:37:08.4566271Z   2024-05-28: 2 problems
2026-10-04T11:37:08.6030360Z   2024-05-27: 2 problems
2026-10-04T11:37:08.7161812Z   2024-05-25: 2 problems
2026-10-04T11:37:08.8312968Z   2024-05-24: 2 problems
2026-10-04T11:37:08.9855352Z   2024-05-23: 2 problems
2026-10-04T11:37:09.0966935Z   2024-05-22: 2 problems
2026-10-04T11:37:09.2110302Z   2024-05-21: 2 problems
2026-10-04T11:37:09.3200910Z   2024-05-20: 2 problems
2026-10-04T11:37:09.4497596Z   2024-05-18: 2 problems
2026-10-04T11:37:09.5600579Z   2024-05-17: 2 problems
2026-10-04T11:37:09.6753610Z   2024-05-16: 2 problems
2026-10-04T11:37:09.8305737Z   2024-05-15: 2 problems
2026-10-04T11:37:09.9709813Z   2024-05-14: 2 problems
2026-10-04T11:37:10.0867323Z   2024-05-13: 2 problems
2026-10-04T11:37:10.1942570Z   2024-05-11: 2 problems
2026-10-04T11:37:10.3025591Z   2024-05-10: 2 problems
2026-10-04T11:37:10.4073487Z   2024-05-09: 2 problems
2026-10-04T11:37:10.5178806Z   2024-05-08: 2 problems
2026-10-04T11:37:10.6450370Z   2024-05-07: 2 problems
2026-10-04T11:37:10.7745630Z   2024-05-06: 2 problems
2026-10-04T11:37:10.8909972Z   2024-05-04: 2 problems
2026-10-04T11:37:11.0130031Z   2024-05-03: 2 problems
2026-10-04T11:37:11.1161195Z   2024-05-02: 2 problems
2026-10-04T11:37:11.2331234Z   2024-05-01: 2 problems
2026-10-04T11:37:11.3531143Z   2024-04-30: 2 problems
2026-10-04T11:37:11.5118025Z   2024-04-29: 2 problems
2026-10-04T11:37:11.6395497Z   2024-04-27: 2 problems
2026-10-04T11:37:11.7559819Z   2024-04-26: 2 problems
2026-10-04T11:37:11.8758255Z   2024-04-25: 2 problems
2026-10-04T11:37:12.0093613Z   2024-04-24: 2 problems
2026-10-04T11:37:12.1351570Z   2024-04-23: 2 problems
2026-10-04T11:37:12.2438228Z   2024-04-22: 2 problems
2026-10-04T11:37:12.3766517Z   2024-04-20: 2 problems
2026-10-04T11:37:12.4881708Z   2024-04-19: 2 problems
2026-10-04T11:37:12.6388717Z   2024-04-18: 2 problems
2026-10-04T11:37:12.7645808Z   2024-04-17: 2 problems
2026-10-04T11:37:12.8664371Z   2024-04-16: 2 problems
2026-10-04T11:37:12.9999743Z   2024-04-15: 2 problems
2026-10-04T11:37:13.1213298Z   2024-04-13: 2 problems
2026-10-04T11:37:13.2222093Z   2024-04-12: 2 problems
2026-10-04T11:37:13.3416300Z   2024-04-11: 2 problems
2026-10-04T11:37:13.4904766Z   2024-04-10: 2 problems
2026-10-04T11:37:13.6197675Z   2024-04-09: 2 problems
2026-10-04T11:37:13.7420080Z   2024-04-08: 2 problems
2026-10-04T11:37:13.8505653Z   2024-04-06: 2 problems
2026-10-04T11:37:13.9853857Z   2024-04-05: 2 problems
2026-10-04T11:37:14.1024624Z   2024-04-04: 2 problems
2026-10-04T11:37:14.2210647Z   2024-04-03: 2 problems
2026-10-04T11:37:14.3614310Z   2024-04-02: 2 problems
2026-10-04T11:37:14.4868361Z   2024-04-01: 2 problems
2026-10-04T11:37:14.5892244Z   2024-03-30: 2 problems
2026-10-04T11:37:14.6990450Z   2024-03-29: 2 problems
2026-10-04T11:37:14.8223360Z   2024-03-28: 2 problems
2026-10-04T11:37:14.9131670Z   2024-03-27: 2 problems
2026-10-04T11:37:15.0235350Z   2024-03-26: 2 problems
2026-10-04T11:37:15.1625817Z   2024-03-25: 2 problems
2026-10-04T11:37:15.2952423Z   2024-03-23: 2 problems
2026-10-04T11:37:15.4109260Z   2024-03-22: 2 problems
2026-10-04T11:37:15.5376776Z   2024-03-21: 2 problems
2026-10-04T11:37:15.6385711Z   2024-03-20: 2 problems
2026-10-04T11:37:15.7501155Z   2024-03-19: 2 problems
2026-10-04T11:37:15.9089036Z   2024-03-18: 2 problems
2026-10-04T11:37:16.0380313Z   2024-03-16: 2 problems
2026-10-04T11:37:16.1656199Z   2024-03-15: 2 problems
2026-10-04T11:37:16.2813695Z   2024-03-14: 2 problems
2026-10-04T11:37:16.3989857Z   2024-03-13: 2 problems
2026-10-04T11:37:16.5230352Z   2024-03-12: 2 problems
2026-10-04T11:37:16.6262964Z   2024-03-11: 2 problems
2026-10-04T11:37:16.7356836Z   2024-03-09: 2 problems
2026-10-04T11:37:16.8501583Z   2024-03-08: 2 problems
2026-10-04T11:37:16.9623691Z   2024-03-07: 2 problems
2026-10-04T11:37:17.0935144Z   2024-03-06: 2 problems
2026-10-04T11:37:17.2129503Z   2024-03-05: 2 problems
2026-10-04T11:37:17.3323943Z   2024-03-04: 2 problems
2026-10-04T11:37:17.4323997Z   2024-03-02: 2 problems
2026-10-04T11:37:17.5556809Z   2024-03-01: 2 problems
2026-10-04T11:37:17.6801818Z   2024-02-29: 2 problems
2026-10-04T11:37:17.7845013Z   2024-02-28: 2 problems
2026-10-04T11:37:17.8994685Z   2024-02-27: 2 problems
2026-10-04T11:37:18.0158565Z   2024-02-26: 2 problems
2026-10-04T11:37:18.0161450Z Building categories...
2026-10-04T11:37:19.0496813Z Wrote /home/runner/work/ys_problem_web/ys_problem_web/data/daily.json (814 days, 21 categories).
2026-10-04T11:37:19.0497782Z Syncing leaderboard (records.js from gh-pages)...
2026-10-04T11:37:19.0907211Z   ✓ 361 players, data through 2026-10-03
2026-10-04T11:37:19.1128631Z ##[group]Run if [ -n "9559659b0ec01b9f4625e6209aa9e00d1cce9b26" ]; then
2026-10-04T11:37:19.1129162Z [36;1mif [ -n "9559659b0ec01b9f4625e6209aa9e00d1cce9b26" ]; then[0m
2026-10-04T11:37:19.1129640Z [36;1m  echo "9559659b0ec01b9f4625e6209aa9e00d1cce9b26" > data/.upstream-sha[0m
2026-10-04T11:37:19.1130027Z [36;1mfi[0m
2026-10-04T11:37:19.1190946Z shell: /usr/bin/bash -e {0}
2026-10-04T11:37:19.1191210Z ##[endgroup]
2026-10-04T11:37:19.1294049Z ##[group]Run git config user.name "github-actions[bot]"
2026-10-04T11:37:19.1294490Z [36;1mgit config user.name "github-actions[bot]"[0m
2026-10-04T11:37:19.1294948Z [36;1mgit config user.email "41898282+github-actions[bot]@users.noreply.github.com"[0m
2026-10-04T11:37:19.1295382Z [36;1mgit add data/[0m
2026-10-04T11:37:19.1295646Z [36;1mif ! git diff --cached --quiet; then[0m
2026-10-04T11:37:19.1296000Z [36;1m  git commit -m "chore: sync daily problems data"[0m
2026-10-04T11:37:19.1296328Z [36;1mfi[0m
2026-10-04T11:37:19.1296627Z [36;1m# A repair batch runs ~45 min; anything pushed to main in that[0m
2026-10-04T11:37:19.1297088Z [36;1m# window (local work, the log job) rejects the push. Rebase over[0m
2026-10-04T11:37:19.1297459Z [36;1m# it and retry a few times.[0m
2026-10-04T11:37:19.1297725Z [36;1mfor i in 1 2 3; do[0m
2026-10-04T11:37:19.1298020Z [36;1m  if git pull --rebase origin main && git push; then[0m
2026-10-04T11:37:19.1298363Z [36;1m    exit 0[0m
2026-10-04T11:37:19.1298565Z [36;1m  fi[0m
2026-10-04T11:37:19.1298831Z [36;1m  echo "push attempt $i failed, retrying after rebase"[0m
2026-10-04T11:37:19.1299155Z [36;1m  sleep 15[0m
2026-10-04T11:37:19.1299364Z [36;1mdone[0m
2026-10-04T11:37:19.1299548Z [36;1mexit 1[0m
2026-10-04T11:37:19.1353604Z shell: /usr/bin/bash -e {0}
2026-10-04T11:37:19.1354111Z ##[endgroup]
2026-10-04T11:37:19.6828588Z [main 49ca743] chore: sync daily problems data
2026-10-04T11:37:19.6829555Z  206 files changed, 12426 insertions(+), 3993 deletions(-)
2026-10-04T11:37:20.0071651Z From https://github.com/Sam5440/ys_problem_web
2026-10-04T11:37:20.0072295Z  * branch            main       -> FETCH_HEAD
2026-10-04T11:37:20.0072815Z    25f9414..2e97028  main       -> origin/main
2026-10-04T11:37:20.2523215Z Rebasing (1/1)
2026-10-04T11:37:20.2523963Z Successfully rebased and updated refs/heads/main.
2026-10-04T11:37:22.6400852Z To https://github.com/Sam5440/ys_problem_web
2026-10-04T11:37:22.6401373Z    2e97028..b0a493d  main -> main
2026-10-04T11:37:22.6490532Z ##[group]Run gh api "repos/Sam5440/ys_problem_web/actions/workflows/update-data.yml/dispatches" -f ref=main
2026-10-04T11:37:22.6491355Z [36;1mgh api "repos/Sam5440/ys_problem_web/actions/workflows/update-data.yml/dispatches" -f ref=main[0m
2026-10-04T11:37:22.6491961Z [36;1mecho "Queued next repair batch; 204 statement files still polluted."[0m
2026-10-04T11:37:22.6553174Z shell: /usr/bin/bash -e {0}
2026-10-04T11:37:22.6553427Z env:
2026-10-04T11:37:22.6556253Z   GH_TOKEN: ***
2026-10-04T11:37:22.6556468Z ##[endgroup]
2026-10-04T11:37:24.4007068Z Queued next repair batch; 204 statement files still polluted.
2026-10-04T11:37:24.4118134Z Post job cleanup.
2026-10-04T11:37:24.5045122Z [command]/usr/bin/git version
2026-10-04T11:37:24.5068642Z git version 2.55.0
2026-10-04T11:37:24.5122800Z Temporarily overriding HOME='/home/runner/work/_temp/80b7860e-474f-4cb6-988d-4eec349bed7b' before making global git config changes
2026-10-04T11:37:24.5124598Z Adding repository directory to the temporary git global config as a safe directory
2026-10-04T11:37:24.5130281Z [command]/usr/bin/git config --global --add safe.directory /home/runner/work/ys_problem_web/ys_problem_web
2026-10-04T11:37:24.5177915Z [command]/usr/bin/git config --local --name-only --get-regexp core\.sshCommand
2026-10-04T11:37:24.5216860Z [command]/usr/bin/git submodule foreach --recursive sh -c "git config --local --name-only --get-regexp 'core\.sshCommand' && git config --local --unset-all 'core.sshCommand' || :"
2026-10-04T11:37:24.5479036Z [command]/usr/bin/git config --local --name-only --get-regexp http\.https\:\/\/github\.com\/\.extraheader
2026-10-04T11:37:24.5510485Z http.https://github.com/.extraheader
2026-10-04T11:37:24.5522595Z [command]/usr/bin/git config --local --unset-all http.https://github.com/.extraheader
2026-10-04T11:37:24.5562496Z [command]/usr/bin/git submodule foreach --recursive sh -c "git config --local --name-only --get-regexp 'http\.https\:\/\/github\.com\/\.extraheader' && git config --local --unset-all 'http.https://github.com/.extraheader' || :"
2026-10-04T11:37:24.5837676Z [command]/usr/bin/git config --local --name-only --get-regexp ^includeIf\.gitdir:
2026-10-04T11:37:24.5880473Z [command]/usr/bin/git submodule foreach --recursive git config --local --show-origin --name-only --get-regexp remote.origin.url
2026-10-04T11:37:24.6278206Z Evaluate and set job outputs
2026-10-04T11:37:24.6283250Z Set output 'changed'
2026-10-04T11:37:24.6285559Z Cleaning up orphan processes
2026-10-04T11:37:24.6636135Z ##[warning]Node.js 20 is deprecated. The following actions target Node.js 20 but are being forced to run on Node.js 24: actions/checkout@v4. For more information see: https://github.blog/changelog/2025-09-19-deprecation-of-node-20-on-github-actions-runners/

