<!--YSLOG {"runId":37193910129,"event":"workflow_dispatch","startedAt":"2026-10-04T09:59:51Z","savedAt":"2026-10-04T10:50:39.295Z","url":"https://github.com/Sam5440/ys_problem_web/actions/runs/37193910129","jobName":"update"}-->
2026-10-04T09:59:52.5277782Z Current runner version: '2.337.0'
2026-10-04T09:59:52.5304737Z ##[group]Runner Image Provisioner
2026-10-04T09:59:52.5305785Z Hosted Compute Agent
2026-10-04T09:59:52.5306423Z Version: 20260901.588
2026-10-04T09:59:52.5307221Z Commit: f88ec8081b781fac6c440065ac7ff9e710ce3d0b
2026-10-04T09:59:52.5308013Z Build Date: 2026-09-01T19:56:44Z
2026-10-04T09:59:52.5308759Z Worker ID: {33c32ac8-ee73-45a5-8b89-f06890617139}
2026-10-04T09:59:52.5309600Z Azure Region: northcentralus
2026-10-04T09:59:52.5310298Z ##[endgroup]
2026-10-04T09:59:52.5312355Z ##[group]Operating System
2026-10-04T09:59:52.5313084Z Ubuntu
2026-10-04T09:59:52.5314020Z 24.04.5
2026-10-04T09:59:52.5314699Z LTS
2026-10-04T09:59:52.5315295Z ##[endgroup]
2026-10-04T09:59:52.5315929Z ##[group]Runner Image
2026-10-04T09:59:52.5316567Z Image: ubuntu-24.04
2026-10-04T09:59:52.5317266Z Version: 20260927.320.1
2026-10-04T09:59:52.5318682Z Included Software: https://github.com/actions/runner-images/blob/ubuntu24/20260927.320/images/ubuntu/Ubuntu2404-Readme.md
2026-10-04T09:59:52.5320365Z Image Release: https://github.com/actions/runner-images/releases/tag/ubuntu24%2F20260927.320
2026-10-04T09:59:52.5321408Z ##[endgroup]
2026-10-04T09:59:52.5322978Z ##[group]GITHUB_TOKEN Permissions
2026-10-04T09:59:52.5325182Z Actions: write
2026-10-04T09:59:52.5325935Z Contents: write
2026-10-04T09:59:52.5326572Z Metadata: read
2026-10-04T09:59:52.5327123Z ##[endgroup]
2026-10-04T09:59:52.5329290Z Secret source: Actions
2026-10-04T09:59:52.5330275Z Cache mode: write
2026-10-04T09:59:52.5331317Z Prepare workflow directory
2026-10-04T09:59:52.5673684Z Prepare all required actions
2026-10-04T09:59:52.5722853Z Getting action download info
2026-10-04T09:59:52.8320613Z Download action repository 'actions/checkout@v4' (SHA:11d5960a326750d5838078e36cf38b85af677262)
2026-10-04T09:59:53.0270737Z Complete job name: update
2026-10-04T09:59:53.1213236Z ##[group]Run actions/checkout@v4
2026-10-04T09:59:53.1214276Z with:
2026-10-04T09:59:53.1214862Z   repository: Sam5440/ys_problem_web
2026-10-04T09:59:53.1219095Z   token: ***
2026-10-04T09:59:53.1219670Z   ssh-strict: true
2026-10-04T09:59:53.1220249Z   ssh-user: git
2026-10-04T09:59:53.1220828Z   persist-credentials: true
2026-10-04T09:59:53.1221465Z   clean: true
2026-10-04T09:59:53.1222260Z   sparse-checkout-cone-mode: true
2026-10-04T09:59:53.1222928Z   fetch-depth: 1
2026-10-04T09:59:53.1223494Z   fetch-tags: false
2026-10-04T09:59:53.1224079Z   show-progress: true
2026-10-04T09:59:53.1224681Z   lfs: false
2026-10-04T09:59:53.1225227Z   submodules: false
2026-10-04T09:59:53.1225818Z   set-safe-directory: true
2026-10-04T09:59:53.1226467Z   allow-unsafe-pr-checkout: false
2026-10-04T09:59:53.1227412Z ##[endgroup]
2026-10-04T09:59:53.2238307Z Syncing repository: Sam5440/ys_problem_web
2026-10-04T09:59:53.2240109Z ##[group]Getting Git version info
2026-10-04T09:59:53.2240996Z Working directory is '/home/runner/work/ys_problem_web/ys_problem_web'
2026-10-04T09:59:53.2242351Z [command]/usr/bin/git version
2026-10-04T09:59:53.2334646Z git version 2.55.0
2026-10-04T09:59:53.2363935Z ##[endgroup]
2026-10-04T09:59:53.2376587Z Temporarily overriding HOME='/home/runner/work/_temp/2b688656-fcb0-4034-b2f4-51c00415ca49' before making global git config changes
2026-10-04T09:59:53.2379088Z Adding repository directory to the temporary git global config as a safe directory
2026-10-04T09:59:53.2383429Z [command]/usr/bin/git config --global --add safe.directory /home/runner/work/ys_problem_web/ys_problem_web
2026-10-04T09:59:53.2437718Z Deleting the contents of '/home/runner/work/ys_problem_web/ys_problem_web'
2026-10-04T09:59:53.2442515Z ##[group]Initializing the repository
2026-10-04T09:59:53.2446491Z [command]/usr/bin/git init /home/runner/work/ys_problem_web/ys_problem_web
2026-10-04T09:59:53.2584893Z hint: Using 'master' as the name for the initial branch. This default branch name
2026-10-04T09:59:53.2587017Z hint: will change to "main" in Git 3.0. To configure the initial branch name
2026-10-04T09:59:53.2588541Z hint: to use in all of your new repositories, which will suppress this warning,
2026-10-04T09:59:53.2590842Z hint: call:
2026-10-04T09:59:53.2592346Z hint:
2026-10-04T09:59:53.2593538Z hint: 	git config --global init.defaultBranch <name>
2026-10-04T09:59:53.2595003Z hint:
2026-10-04T09:59:53.2596344Z hint: Names commonly chosen instead of 'master' are 'main', 'trunk' and
2026-10-04T09:59:53.2598402Z hint: 'development'. The just-created branch can be renamed via this command:
2026-10-04T09:59:53.2600247Z hint:
2026-10-04T09:59:53.2601288Z hint: 	git branch -m <name>
2026-10-04T09:59:53.2602552Z hint:
2026-10-04T09:59:53.2603756Z hint: Disable this message with "git config set advice.defaultBranchName false"
2026-10-04T09:59:53.2606125Z Initialized empty Git repository in /home/runner/work/ys_problem_web/ys_problem_web/.git/
2026-10-04T09:59:53.2609214Z [command]/usr/bin/git remote add origin https://github.com/Sam5440/ys_problem_web
2026-10-04T09:59:53.2659967Z ##[endgroup]
2026-10-04T09:59:53.2661406Z ##[group]Disabling automatic garbage collection
2026-10-04T09:59:53.2665528Z [command]/usr/bin/git config --local gc.auto 0
2026-10-04T09:59:53.2706902Z ##[endgroup]
2026-10-04T09:59:53.2708278Z ##[group]Setting up auth
2026-10-04T09:59:53.2715808Z [command]/usr/bin/git config --local --name-only --get-regexp core\.sshCommand
2026-10-04T09:59:53.2754900Z [command]/usr/bin/git submodule foreach --recursive sh -c "git config --local --name-only --get-regexp 'core\.sshCommand' && git config --local --unset-all 'core.sshCommand' || :"
2026-10-04T09:59:53.3163526Z [command]/usr/bin/git config --local --name-only --get-regexp http\.https\:\/\/github\.com\/\.extraheader
2026-10-04T09:59:53.3203910Z [command]/usr/bin/git submodule foreach --recursive sh -c "git config --local --name-only --get-regexp 'http\.https\:\/\/github\.com\/\.extraheader' && git config --local --unset-all 'http.https://github.com/.extraheader' || :"
2026-10-04T09:59:53.3430580Z [command]/usr/bin/git config --local --name-only --get-regexp ^includeIf\.gitdir:
2026-10-04T09:59:53.3466945Z [command]/usr/bin/git submodule foreach --recursive git config --local --show-origin --name-only --get-regexp remote.origin.url
2026-10-04T09:59:53.3696389Z [command]/usr/bin/git config --local http.https://github.com/.extraheader AUTHORIZATION: basic ***
2026-10-04T09:59:53.3737259Z ##[endgroup]
2026-10-04T09:59:53.3747008Z ##[group]Fetching the repository
2026-10-04T09:59:53.3748948Z [command]/usr/bin/git -c protocol.version=2 fetch --no-tags --prune --no-recurse-submodules --depth=1 origin +01d483c63691bbac79662f36b4741aae9d83451c:refs/remotes/origin/main
2026-10-04T09:59:54.6293497Z From https://github.com/Sam5440/ys_problem_web
2026-10-04T09:59:54.6296728Z  * [new ref]         01d483c63691bbac79662f36b4741aae9d83451c -> origin/main
2026-10-04T09:59:54.6305384Z ##[endgroup]
2026-10-04T09:59:54.6308512Z ##[group]Determining the checkout info
2026-10-04T09:59:54.6312015Z ##[endgroup]
2026-10-04T09:59:54.6313448Z [command]/usr/bin/git sparse-checkout disable
2026-10-04T09:59:54.6365103Z [command]/usr/bin/git config --local --unset-all extensions.worktreeConfig
2026-10-04T09:59:54.6398638Z ##[group]Checking out the ref
2026-10-04T09:59:54.6403128Z [command]/usr/bin/git checkout --progress --force -B main refs/remotes/origin/main
2026-10-04T09:59:54.7927156Z Switched to a new branch 'main'
2026-10-04T09:59:54.7932693Z branch 'main' set up to track 'origin/main'.
2026-10-04T09:59:54.7945925Z ##[endgroup]
2026-10-04T09:59:54.7995379Z [command]/usr/bin/git log -1 --format=%H
2026-10-04T09:59:54.8022213Z 01d483c63691bbac79662f36b4741aae9d83451c
2026-10-04T09:59:54.8293422Z ##[group]Run UPSTREAM_SHA=$(git ls-remote https://github.com/Yawn-Sean/Daily_CF_Problems.git HEAD | cut -f1)
2026-10-04T09:59:54.8297182Z [36;1mUPSTREAM_SHA=$(git ls-remote https://github.com/Yawn-Sean/Daily_CF_Problems.git HEAD | cut -f1)[0m
2026-10-04T09:59:54.8299848Z [36;1mLAST_SHA=$(cat data/.upstream-sha 2>/dev/null || true)[0m
2026-10-04T09:59:54.8302072Z [36;1mif [ -n "$UPSTREAM_SHA" ] && [ "$UPSTREAM_SHA" = "$LAST_SHA" ]; then[0m
2026-10-04T09:59:54.8304621Z [36;1m  echo "Upstream unchanged since last sync — skipping heavy steps."[0m
2026-10-04T09:59:54.8306678Z [36;1m  echo "changed=false" >> "$GITHUB_OUTPUT"[0m
2026-10-04T09:59:54.8308167Z [36;1melse[0m
2026-10-04T09:59:54.8309342Z [36;1m  echo "changed=true" >> "$GITHUB_OUTPUT"[0m
2026-10-04T09:59:54.8310803Z [36;1mfi[0m
2026-10-04T09:59:54.8312130Z [36;1mecho "sha=$UPSTREAM_SHA" >> "$GITHUB_OUTPUT"[0m
2026-10-04T09:59:54.8580891Z shell: /usr/bin/bash -e {0}
2026-10-04T09:59:54.8582906Z ##[endgroup]
2026-10-04T09:59:55.2469207Z ##[group]Run npm ci
2026-10-04T09:59:55.2470119Z [36;1mnpm ci[0m
2026-10-04T09:59:55.2536489Z shell: /usr/bin/bash -e {0}
2026-10-04T09:59:55.2537274Z ##[endgroup]
2026-10-04T10:00:04.8780517Z 
2026-10-04T10:00:04.8781235Z added 66 packages, and audited 67 packages in 9s
2026-10-04T10:00:04.8782115Z 
2026-10-04T10:00:04.8782385Z 14 packages are looking for funding
2026-10-04T10:00:04.8783009Z   run `npm fund` for details
2026-10-04T10:00:04.9090632Z 
2026-10-04T10:00:04.9091137Z 2 vulnerabilities (1 moderate, 1 high)
2026-10-04T10:00:04.9091546Z 
2026-10-04T10:00:04.9092132Z To address all issues (including breaking changes), run:
2026-10-04T10:00:04.9092750Z   npm audit fix --force
2026-10-04T10:00:04.9093058Z 
2026-10-04T10:00:04.9093244Z Run `npm audit` for details.
2026-10-04T10:00:04.9723639Z ##[group]Run npx playwright install --with-deps chromium
2026-10-04T10:00:04.9724106Z [36;1mnpx playwright install --with-deps chromium[0m
2026-10-04T10:00:04.9790191Z shell: /usr/bin/bash -e {0}
2026-10-04T10:00:04.9790490Z ##[endgroup]
2026-10-04T10:00:05.7744680Z Installing dependencies...
2026-10-04T10:00:05.7815498Z Switching to root user to install dependencies...
2026-10-04T10:00:05.8735499Z Get:1 file:/etc/apt/apt-mirrors.txt Mirrorlist [144 B]
2026-10-04T10:00:05.9203515Z Hit:2 http://azure.archive.ubuntu.com/ubuntu noble InRelease
2026-10-04T10:00:05.9205592Z Get:6 https://packages.microsoft.com/ubuntu/24.04/prod noble InRelease [3600 B]
2026-10-04T10:00:05.9262756Z Get:3 http://azure.archive.ubuntu.com/ubuntu noble-updates InRelease [126 kB]
2026-10-04T10:00:05.9294000Z Get:4 http://azure.archive.ubuntu.com/ubuntu noble-backports InRelease [126 kB]
2026-10-04T10:00:05.9352863Z Get:5 http://azure.archive.ubuntu.com/ubuntu noble-security InRelease [126 kB]
2026-10-04T10:00:06.0493181Z Get:7 https://packages.microsoft.com/ubuntu/24.04/prod noble/main arm64 Packages [458 kB]
2026-10-04T10:00:06.0643360Z Get:8 https://packages.microsoft.com/ubuntu/24.04/prod noble/main armhf Packages [12.6 kB]
2026-10-04T10:00:06.0673405Z Get:9 https://packages.microsoft.com/ubuntu/24.04/prod noble/main amd64 Packages [511 kB]
2026-10-04T10:00:06.0993754Z Get:10 http://azure.archive.ubuntu.com/ubuntu noble-updates/main amd64 Packages [1364 kB]
2026-10-04T10:00:06.1074645Z Get:11 http://azure.archive.ubuntu.com/ubuntu noble-updates/main Translation-en [304 kB]
2026-10-04T10:00:06.1116916Z Get:12 http://azure.archive.ubuntu.com/ubuntu noble-updates/main amd64 Components [181 kB]
2026-10-04T10:00:06.1123308Z Get:13 http://azure.archive.ubuntu.com/ubuntu noble-updates/universe amd64 Packages [1699 kB]
2026-10-04T10:00:06.1221393Z Get:14 http://azure.archive.ubuntu.com/ubuntu noble-updates/universe Translation-en [341 kB]
2026-10-04T10:00:06.1247891Z Get:15 http://azure.archive.ubuntu.com/ubuntu noble-updates/universe amd64 Components [388 kB]
2026-10-04T10:00:06.1276031Z Get:16 http://azure.archive.ubuntu.com/ubuntu noble-updates/restricted amd64 Packages [1720 kB]
2026-10-04T10:00:06.1373803Z Get:17 http://azure.archive.ubuntu.com/ubuntu noble-updates/restricted Translation-en [394 kB]
2026-10-04T10:00:06.1398606Z Get:18 http://azure.archive.ubuntu.com/ubuntu noble-updates/multiverse amd64 Components [940 B]
2026-10-04T10:00:06.1539978Z Get:19 http://azure.archive.ubuntu.com/ubuntu noble-backports/main amd64 Components [5736 B]
2026-10-04T10:00:06.2036010Z Get:20 http://azure.archive.ubuntu.com/ubuntu noble-backports/universe amd64 Components [12.6 kB]
2026-10-04T10:00:06.2049349Z Get:21 http://azure.archive.ubuntu.com/ubuntu noble-security/main amd64 Packages [1069 kB]
2026-10-04T10:00:06.2105065Z Get:22 http://azure.archive.ubuntu.com/ubuntu noble-security/main Translation-en [221 kB]
2026-10-04T10:00:06.2124486Z Get:23 http://azure.archive.ubuntu.com/ubuntu noble-security/main amd64 Components [46.5 kB]
2026-10-04T10:00:06.2137189Z Get:24 http://azure.archive.ubuntu.com/ubuntu noble-security/universe amd64 Packages [1216 kB]
2026-10-04T10:00:06.2194455Z Get:25 http://azure.archive.ubuntu.com/ubuntu noble-security/universe Translation-en [244 kB]
2026-10-04T10:00:06.2214677Z Get:26 http://azure.archive.ubuntu.com/ubuntu noble-security/universe amd64 Components [76.3 kB]
2026-10-04T10:00:06.2228374Z Get:27 http://azure.archive.ubuntu.com/ubuntu noble-security/restricted amd64 Packages [1566 kB]
2026-10-04T10:00:06.2318481Z Get:28 http://azure.archive.ubuntu.com/ubuntu noble-security/restricted Translation-en [361 kB]
2026-10-04T10:00:10.3934378Z Fetched 12.6 MB in 1s (9175 kB/s)
2026-10-04T10:00:11.1864757Z Reading package lists...
2026-10-04T10:00:11.2113439Z Reading package lists...
2026-10-04T10:00:11.3785104Z Building dependency tree...
2026-10-04T10:00:11.3792557Z Reading state information...
2026-10-04T10:00:11.5104638Z libasound2t64 is already the newest version (1.2.11-1ubuntu0.3).
2026-10-04T10:00:11.5105788Z libasound2t64 set to manually installed.
2026-10-04T10:00:11.5106261Z libatk-bridge2.0-0t64 is already the newest version (2.52.0-1build1).
2026-10-04T10:00:11.5106752Z libatk-bridge2.0-0t64 set to manually installed.
2026-10-04T10:00:11.5107194Z libatk1.0-0t64 is already the newest version (2.52.0-1build1).
2026-10-04T10:00:11.5107768Z libatk1.0-0t64 set to manually installed.
2026-10-04T10:00:11.5108262Z libatspi2.0-0t64 is already the newest version (2.52.0-1build1).
2026-10-04T10:00:11.5108717Z libatspi2.0-0t64 set to manually installed.
2026-10-04T10:00:11.5109133Z libcairo2 is already the newest version (1.18.0-3build1).
2026-10-04T10:00:11.5109542Z libcairo2 set to manually installed.
2026-10-04T10:00:11.5110096Z libcups2t64 is already the newest version (2.4.7-1.2ubuntu7.14).
2026-10-04T10:00:11.5110714Z libcups2t64 set to manually installed.
2026-10-04T10:00:11.5111215Z libdbus-1-3 is already the newest version (1.14.10-4ubuntu4.1).
2026-10-04T10:00:11.5111654Z libdbus-1-3 set to manually installed.
2026-10-04T10:00:11.5112419Z libdrm2 is already the newest version (2.4.125-1ubuntu0.1~24.04.2).
2026-10-04T10:00:11.5112986Z libdrm2 set to manually installed.
2026-10-04T10:00:11.5113610Z libglib2.0-0t64 is already the newest version (2.80.0-6ubuntu3.9).
2026-10-04T10:00:11.5114264Z libglib2.0-0t64 set to manually installed.
2026-10-04T10:00:11.5114920Z libnspr4 is already the newest version (2:4.35-1.1build1).
2026-10-04T10:00:11.5115610Z libnspr4 set to manually installed.
2026-10-04T10:00:11.5116300Z libnss3 is already the newest version (2:3.98-1ubuntu0.2).
2026-10-04T10:00:11.5116906Z libnss3 set to manually installed.
2026-10-04T10:00:11.5117526Z libpango-1.0-0 is already the newest version (1.52.1+ds-1build1).
2026-10-04T10:00:11.5118242Z libpango-1.0-0 set to manually installed.
2026-10-04T10:00:11.5118937Z libx11-6 is already the newest version (2:1.8.7-1build1).
2026-10-04T10:00:11.5119605Z libx11-6 set to manually installed.
2026-10-04T10:00:11.5120267Z libxcb1 is already the newest version (1.15-1ubuntu2).
2026-10-04T10:00:11.5120914Z libxcb1 set to manually installed.
2026-10-04T10:00:11.5121552Z libxcomposite1 is already the newest version (1:0.4.5-1build3).
2026-10-04T10:00:11.5122571Z libxcomposite1 set to manually installed.
2026-10-04T10:00:11.5123453Z libxdamage1 is already the newest version (1:1.1.6-1build1).
2026-10-04T10:00:11.5124120Z libxdamage1 set to manually installed.
2026-10-04T10:00:11.5124779Z libxext6 is already the newest version (2:1.3.4-1build2).
2026-10-04T10:00:11.5125441Z libxext6 set to manually installed.
2026-10-04T10:00:11.5126085Z libxfixes3 is already the newest version (1:6.0.0-2build1).
2026-10-04T10:00:11.5126683Z libxfixes3 set to manually installed.
2026-10-04T10:00:11.5127560Z libxkbcommon0 is already the newest version (1.6.0-1build1).
2026-10-04T10:00:11.5128172Z libxkbcommon0 set to manually installed.
2026-10-04T10:00:11.5128745Z libxrandr2 is already the newest version (2:1.5.2-2build1).
2026-10-04T10:00:11.5129372Z libxrandr2 set to manually installed.
2026-10-04T10:00:11.5129929Z xvfb is already the newest version (2:21.1.12-1ubuntu1.8).
2026-10-04T10:00:11.5130673Z fonts-noto-color-emoji is already the newest version (2.047-0ubuntu0.24.04.1).
2026-10-04T10:00:11.5131520Z libfontconfig1 is already the newest version (2.15.0-1.1ubuntu2).
2026-10-04T10:00:11.5132402Z libfontconfig1 set to manually installed.
2026-10-04T10:00:11.5133027Z libfreetype6 is already the newest version (2.13.2+dfsg-1ubuntu0.1).
2026-10-04T10:00:11.5133469Z libfreetype6 set to manually installed.
2026-10-04T10:00:11.5133814Z fonts-liberation is already the newest version (1:2.1.5-3).
2026-10-04T10:00:11.5134176Z fonts-liberation set to manually installed.
2026-10-04T10:00:11.5134525Z The following additional packages will be installed:
2026-10-04T10:00:11.5134971Z   libgl1-mesa-dri libglx-mesa0 mesa-libgallium xfonts-encodings xfonts-utils
2026-10-04T10:00:11.5135376Z Recommended packages:
2026-10-04T10:00:11.5135629Z   fonts-ipafont-mincho fonts-tlwg-loma
2026-10-04T10:00:11.5299719Z The following NEW packages will be installed:
2026-10-04T10:00:11.5300478Z   fonts-freefont-ttf fonts-ipafont-gothic fonts-tlwg-loma-otf fonts-unifont
2026-10-04T10:00:11.5305085Z   fonts-wqy-zenhei xfonts-cyrillic xfonts-encodings xfonts-scalable
2026-10-04T10:00:11.5305726Z   xfonts-utils
2026-10-04T10:00:11.5308938Z The following packages will be upgraded:
2026-10-04T10:00:11.5313707Z   libgbm1 libgl1-mesa-dri libglx-mesa0 mesa-libgallium
2026-10-04T10:00:11.5472243Z 4 upgraded, 9 newly installed, 0 to remove and 21 not upgraded.
2026-10-04T10:00:11.5473075Z Need to get 32.1 MB of archives.
2026-10-04T10:00:11.5473658Z After this operation, 79.5 MB of additional disk space will be used.
2026-10-04T10:00:11.5474140Z Get:1 file:/etc/apt/apt-mirrors.txt Mirrorlist [144 B]
2026-10-04T10:00:11.5848844Z Get:2 http://azure.archive.ubuntu.com/ubuntu noble/universe amd64 fonts-ipafont-gothic all 00303-21ubuntu1 [3513 kB]
2026-10-04T10:00:11.6322590Z Get:3 http://azure.archive.ubuntu.com/ubuntu noble/main amd64 fonts-freefont-ttf all 20211204+svn4273-2 [5641 kB]
2026-10-04T10:00:11.6938849Z Get:4 http://azure.archive.ubuntu.com/ubuntu noble/universe amd64 fonts-tlwg-loma-otf all 1:0.7.3-1 [107 kB]
2026-10-04T10:00:11.7165933Z Get:5 http://azure.archive.ubuntu.com/ubuntu noble/universe amd64 fonts-unifont all 1:15.1.01-1build1 [2993 kB]
2026-10-04T10:00:11.7593617Z Get:6 http://azure.archive.ubuntu.com/ubuntu noble/universe amd64 fonts-wqy-zenhei all 0.9.45-8 [7472 kB]
2026-10-04T10:00:11.8406198Z Get:7 http://azure.archive.ubuntu.com/ubuntu noble-updates/main amd64 libgl1-mesa-dri amd64 25.2.8-0ubuntu0.24.04.4 [38.0 kB]
2026-10-04T10:00:11.8636577Z Get:8 http://azure.archive.ubuntu.com/ubuntu noble-updates/main amd64 libglx-mesa0 amd64 25.2.8-0ubuntu0.24.04.4 [110 kB]
2026-10-04T10:00:11.8869781Z Get:9 http://azure.archive.ubuntu.com/ubuntu noble-updates/main amd64 libgbm1 amd64 25.2.8-0ubuntu0.24.04.4 [34.2 kB]
2026-10-04T10:00:11.9092387Z Get:10 http://azure.archive.ubuntu.com/ubuntu noble-updates/main amd64 mesa-libgallium amd64 25.2.8-0ubuntu0.24.04.4 [10.8 MB]
2026-10-04T10:00:12.0671024Z Get:11 http://azure.archive.ubuntu.com/ubuntu noble/main amd64 xfonts-encodings all 1:1.0.5-0ubuntu2 [578 kB]
2026-10-04T10:00:12.1022998Z Get:12 http://azure.archive.ubuntu.com/ubuntu noble/main amd64 xfonts-utils amd64 1:7.7+6build3 [94.4 kB]
2026-10-04T10:00:12.1256000Z Get:13 http://azure.archive.ubuntu.com/ubuntu noble/universe amd64 xfonts-cyrillic all 1:1.0.5+nmu1 [384 kB]
2026-10-04T10:00:12.1557340Z Get:14 http://azure.archive.ubuntu.com/ubuntu noble/main amd64 xfonts-scalable all 1:1.0.3-1.3 [304 kB]
2026-10-04T10:00:12.4069239Z Fetched 32.1 MB in 1s (51.3 MB/s)
2026-10-04T10:00:12.4312895Z Selecting previously unselected package fonts-ipafont-gothic.
2026-10-04T10:00:12.4618869Z (Reading database ... 
2026-10-04T10:00:12.4619691Z (Reading database ... 5%
2026-10-04T10:00:12.4620480Z (Reading database ... 10%
2026-10-04T10:00:12.4621236Z (Reading database ... 15%
2026-10-04T10:00:12.4622491Z (Reading database ... 20%
2026-10-04T10:00:12.4623047Z (Reading database ... 25%
2026-10-04T10:00:12.4623492Z (Reading database ... 30%
2026-10-04T10:00:12.4623880Z (Reading database ... 35%
2026-10-04T10:00:12.4624168Z (Reading database ... 40%
2026-10-04T10:00:12.4624439Z (Reading database ... 45%
2026-10-04T10:00:12.4624719Z (Reading database ... 50%
2026-10-04T10:00:12.4674024Z (Reading database ... 55%
2026-10-04T10:00:12.5624401Z (Reading database ... 60%
2026-10-04T10:00:12.8094773Z (Reading database ... 65%
2026-10-04T10:00:12.9985622Z (Reading database ... 70%
2026-10-04T10:00:13.1639966Z (Reading database ... 75%
2026-10-04T10:00:13.2962749Z (Reading database ... 80%
2026-10-04T10:00:13.4562644Z (Reading database ... 85%
2026-10-04T10:00:13.5677703Z (Reading database ... 90%
2026-10-04T10:00:13.7180276Z (Reading database ... 95%
2026-10-04T10:00:13.7180830Z (Reading database ... 100%
2026-10-04T10:00:13.7181554Z (Reading database ... 202296 files and directories currently installed.)
2026-10-04T10:00:13.7220899Z Preparing to unpack .../00-fonts-ipafont-gothic_00303-21ubuntu1_all.deb ...
2026-10-04T10:00:13.7314283Z Unpacking fonts-ipafont-gothic (00303-21ubuntu1) ...
2026-10-04T10:00:13.9639327Z Selecting previously unselected package fonts-freefont-ttf.
2026-10-04T10:00:13.9816279Z Preparing to unpack .../01-fonts-freefont-ttf_20211204+svn4273-2_all.deb ...
2026-10-04T10:00:13.9824534Z Unpacking fonts-freefont-ttf (20211204+svn4273-2) ...
2026-10-04T10:00:14.0703413Z Selecting previously unselected package fonts-tlwg-loma-otf.
2026-10-04T10:00:14.0834452Z Preparing to unpack .../02-fonts-tlwg-loma-otf_1%3a0.7.3-1_all.deb ...
2026-10-04T10:00:14.0845329Z Unpacking fonts-tlwg-loma-otf (1:0.7.3-1) ...
2026-10-04T10:00:14.1059062Z Selecting previously unselected package fonts-unifont.
2026-10-04T10:00:14.1184666Z Preparing to unpack .../03-fonts-unifont_1%3a15.1.01-1build1_all.deb ...
2026-10-04T10:00:14.1193966Z Unpacking fonts-unifont (1:15.1.01-1build1) ...
2026-10-04T10:00:14.2273627Z Selecting previously unselected package fonts-wqy-zenhei.
2026-10-04T10:00:14.2401175Z Preparing to unpack .../04-fonts-wqy-zenhei_0.9.45-8_all.deb ...
2026-10-04T10:00:14.2502599Z Unpacking fonts-wqy-zenhei (0.9.45-8) ...
2026-10-04T10:00:14.7325417Z Preparing to unpack .../05-libgl1-mesa-dri_25.2.8-0ubuntu0.24.04.4_amd64.deb ...
2026-10-04T10:00:14.7477252Z Unpacking libgl1-mesa-dri:amd64 (25.2.8-0ubuntu0.24.04.4) over (25.2.8-0ubuntu0.24.04.2) ...
2026-10-04T10:00:14.7973789Z Preparing to unpack .../06-libglx-mesa0_25.2.8-0ubuntu0.24.04.4_amd64.deb ...
2026-10-04T10:00:14.8003603Z Unpacking libglx-mesa0:amd64 (25.2.8-0ubuntu0.24.04.4) over (25.2.8-0ubuntu0.24.04.2) ...
2026-10-04T10:00:14.8368211Z Preparing to unpack .../07-libgbm1_25.2.8-0ubuntu0.24.04.4_amd64.deb ...
2026-10-04T10:00:14.8391070Z Unpacking libgbm1:amd64 (25.2.8-0ubuntu0.24.04.4) over (25.2.8-0ubuntu0.24.04.2) ...
2026-10-04T10:00:14.8759777Z Preparing to unpack .../08-mesa-libgallium_25.2.8-0ubuntu0.24.04.4_amd64.deb ...
2026-10-04T10:00:14.8784046Z Unpacking mesa-libgallium:amd64 (25.2.8-0ubuntu0.24.04.4) over (25.2.8-0ubuntu0.24.04.2) ...
2026-10-04T10:00:15.0539525Z Selecting previously unselected package xfonts-encodings.
2026-10-04T10:00:15.0669722Z Preparing to unpack .../09-xfonts-encodings_1%3a1.0.5-0ubuntu2_all.deb ...
2026-10-04T10:00:15.0676621Z Unpacking xfonts-encodings (1:1.0.5-0ubuntu2) ...
2026-10-04T10:00:15.0954608Z Selecting previously unselected package xfonts-utils.
2026-10-04T10:00:15.1078540Z Preparing to unpack .../10-xfonts-utils_1%3a7.7+6build3_amd64.deb ...
2026-10-04T10:00:15.1086758Z Unpacking xfonts-utils (1:7.7+6build3) ...
2026-10-04T10:00:15.1455419Z Selecting previously unselected package xfonts-cyrillic.
2026-10-04T10:00:15.1578789Z Preparing to unpack .../11-xfonts-cyrillic_1%3a1.0.5+nmu1_all.deb ...
2026-10-04T10:00:15.1586171Z Unpacking xfonts-cyrillic (1:1.0.5+nmu1) ...
2026-10-04T10:00:15.1920603Z Selecting previously unselected package xfonts-scalable.
2026-10-04T10:00:15.2042502Z Preparing to unpack .../12-xfonts-scalable_1%3a1.0.3-1.3_all.deb ...
2026-10-04T10:00:15.2050234Z Unpacking xfonts-scalable (1:1.0.3-1.3) ...
2026-10-04T10:00:15.2489204Z Setting up mesa-libgallium:amd64 (25.2.8-0ubuntu0.24.04.4) ...
2026-10-04T10:00:15.2515266Z Setting up libgbm1:amd64 (25.2.8-0ubuntu0.24.04.4) ...
2026-10-04T10:00:15.2537177Z Setting up libgl1-mesa-dri:amd64 (25.2.8-0ubuntu0.24.04.4) ...
2026-10-04T10:00:15.2612165Z Setting up fonts-wqy-zenhei (0.9.45-8) ...
2026-10-04T10:00:15.2728186Z Setting up fonts-freefont-ttf (20211204+svn4273-2) ...
2026-10-04T10:00:15.2749417Z Setting up fonts-tlwg-loma-otf (1:0.7.3-1) ...
2026-10-04T10:00:15.2770939Z Setting up xfonts-encodings (1:1.0.5-0ubuntu2) ...
2026-10-04T10:00:15.2792492Z Setting up fonts-ipafont-gothic (00303-21ubuntu1) ...
2026-10-04T10:00:15.2860267Z update-alternatives: using /usr/share/fonts/opentype/ipafont-gothic/ipag.ttf to provide /usr/share/fonts/truetype/fonts-japanese-gothic.ttf (fonts-japanese-gothic.ttf) in auto mode
2026-10-04T10:00:15.2877098Z Setting up fonts-unifont (1:15.1.01-1build1) ...
2026-10-04T10:00:15.2895524Z Setting up libglx-mesa0:amd64 (25.2.8-0ubuntu0.24.04.4) ...
2026-10-04T10:00:15.2915714Z Setting up xfonts-utils (1:7.7+6build3) ...
2026-10-04T10:00:15.2958728Z Setting up xfonts-cyrillic (1:1.0.5+nmu1) ...
2026-10-04T10:00:15.3268609Z Setting up xfonts-scalable (1:1.0.3-1.3) ...
2026-10-04T10:00:15.3550870Z Processing triggers for libc-bin (2.39-0ubuntu8.9) ...
2026-10-04T10:00:15.3897366Z Processing triggers for man-db (2.12.0-4build2) ...
2026-10-04T10:00:15.3920148Z Not building database; man-db/auto-update is not 'true'.
2026-10-04T10:00:15.3933827Z Processing triggers for fontconfig (2.15.0-1.1ubuntu2) ...
2026-10-04T10:00:16.1176214Z 
2026-10-04T10:00:16.1176950Z Running kernel seems to be up-to-date.
2026-10-04T10:00:16.1177547Z 
2026-10-04T10:00:16.1177836Z No services need to be restarted.
2026-10-04T10:00:16.1178176Z 
2026-10-04T10:00:16.1178353Z No containers need to be restarted.
2026-10-04T10:00:16.1178681Z 
2026-10-04T10:00:16.1178918Z No user sessions are running outdated binaries.
2026-10-04T10:00:16.1179314Z 
2026-10-04T10:00:16.1179687Z No VM guests are running outdated hypervisor (qemu) binaries on this host.
2026-10-04T10:00:16.9406089Z Downloading Chrome for Testing 153.0.8010.12 (playwright chromium v1243) from https://cdn.playwright.dev/builds/cft/153.0.8010.12/linux64/chrome-linux64.zip
2026-10-04T10:00:17.3586573Z |                                                                                |   0% of 186.8 MiB
2026-10-04T10:00:17.5548813Z |■■■■■■■■                                                                        |  10% of 186.8 MiB
2026-10-04T10:00:17.6568453Z |■■■■■■■■■■■■■■■■                                                                |  20% of 186.8 MiB
2026-10-04T10:00:17.7361964Z |■■■■■■■■■■■■■■■■■■■■■■■■                                                        |  30% of 186.8 MiB
2026-10-04T10:00:17.8185543Z |■■■■■■■■■■■■■■■■■■■■■■■■■■■■■■■■                                                |  40% of 186.8 MiB
2026-10-04T10:00:17.8963380Z |■■■■■■■■■■■■■■■■■■■■■■■■■■■■■■■■■■■■■■■■                                        |  50% of 186.8 MiB
2026-10-04T10:00:17.9749731Z |■■■■■■■■■■■■■■■■■■■■■■■■■■■■■■■■■■■■■■■■■■■■■■■■                                |  60% of 186.8 MiB
2026-10-04T10:00:18.0598290Z |■■■■■■■■■■■■■■■■■■■■■■■■■■■■■■■■■■■■■■■■■■■■■■■■■■■■■■■■                        |  70% of 186.8 MiB
2026-10-04T10:00:18.1397906Z |■■■■■■■■■■■■■■■■■■■■■■■■■■■■■■■■■■■■■■■■■■■■■■■■■■■■■■■■■■■■■■■■                |  80% of 186.8 MiB
2026-10-04T10:00:18.2238305Z |■■■■■■■■■■■■■■■■■■■■■■■■■■■■■■■■■■■■■■■■■■■■■■■■■■■■■■■■■■■■■■■■■■■■■■■■        |  90% of 186.8 MiB
2026-10-04T10:00:18.3019444Z |■■■■■■■■■■■■■■■■■■■■■■■■■■■■■■■■■■■■■■■■■■■■■■■■■■■■■■■■■■■■■■■■■■■■■■■■■■■■■■■■| 100% of 186.8 MiB
2026-10-04T10:00:21.1458978Z Chrome for Testing 153.0.8010.12 (playwright chromium v1243) downloaded to /home/runner/.cache/ms-playwright/chromium-1243
2026-10-04T10:00:21.1462996Z Downloading FFmpeg (playwright ffmpeg v1011) from https://cdn.playwright.dev/dbazure/download/playwright/builds/ffmpeg/1011/ffmpeg-linux.zip
2026-10-04T10:00:21.5003262Z |                                                                                |   0% of 2.3 MiB
2026-10-04T10:00:21.5074864Z |■■■■■■■■                                                                        |  10% of 2.3 MiB
2026-10-04T10:00:21.5102955Z |■■■■■■■■■■■■■■■■                                                                |  20% of 2.3 MiB
2026-10-04T10:00:21.5128069Z |■■■■■■■■■■■■■■■■■■■■■■■■                                                        |  30% of 2.3 MiB
2026-10-04T10:00:21.5150989Z |■■■■■■■■■■■■■■■■■■■■■■■■■■■■■■■■                                                |  40% of 2.3 MiB
2026-10-04T10:00:21.5168528Z |■■■■■■■■■■■■■■■■■■■■■■■■■■■■■■■■■■■■■■■■                                        |  50% of 2.3 MiB
2026-10-04T10:00:21.5183544Z |■■■■■■■■■■■■■■■■■■■■■■■■■■■■■■■■■■■■■■■■■■■■■■■■                                |  60% of 2.3 MiB
2026-10-04T10:00:21.5206455Z |■■■■■■■■■■■■■■■■■■■■■■■■■■■■■■■■■■■■■■■■■■■■■■■■■■■■■■■■                        |  70% of 2.3 MiB
2026-10-04T10:00:21.5227768Z |■■■■■■■■■■■■■■■■■■■■■■■■■■■■■■■■■■■■■■■■■■■■■■■■■■■■■■■■■■■■■■■■                |  80% of 2.3 MiB
2026-10-04T10:00:21.5246786Z |■■■■■■■■■■■■■■■■■■■■■■■■■■■■■■■■■■■■■■■■■■■■■■■■■■■■■■■■■■■■■■■■■■■■■■■■        |  90% of 2.3 MiB
2026-10-04T10:00:21.5275613Z |■■■■■■■■■■■■■■■■■■■■■■■■■■■■■■■■■■■■■■■■■■■■■■■■■■■■■■■■■■■■■■■■■■■■■■■■■■■■■■■■| 100% of 2.3 MiB
2026-10-04T10:00:21.5923518Z FFmpeg (playwright ffmpeg v1011) downloaded to /home/runner/.cache/ms-playwright/ffmpeg-1011
2026-10-04T10:00:21.5928126Z Downloading Chrome Headless Shell 153.0.8010.12 (playwright chromium-headless-shell v1243) from https://cdn.playwright.dev/builds/cft/153.0.8010.12/linux64/chrome-headless-shell-linux64.zip
2026-10-04T10:00:22.0114039Z |                                                                                |   0% of 114.3 MiB
2026-10-04T10:00:22.1367718Z |■■■■■■■■                                                                        |  10% of 114.3 MiB
2026-10-04T10:00:22.2085062Z |■■■■■■■■■■■■■■■■                                                                |  20% of 114.3 MiB
2026-10-04T10:00:22.2643066Z |■■■■■■■■■■■■■■■■■■■■■■■■                                                        |  30% of 114.3 MiB
2026-10-04T10:00:22.3190230Z |■■■■■■■■■■■■■■■■■■■■■■■■■■■■■■■■                                                |  40% of 114.3 MiB
2026-10-04T10:00:22.3722730Z |■■■■■■■■■■■■■■■■■■■■■■■■■■■■■■■■■■■■■■■■                                        |  50% of 114.3 MiB
2026-10-04T10:00:22.4255472Z |■■■■■■■■■■■■■■■■■■■■■■■■■■■■■■■■■■■■■■■■■■■■■■■■                                |  60% of 114.3 MiB
2026-10-04T10:00:22.4806806Z |■■■■■■■■■■■■■■■■■■■■■■■■■■■■■■■■■■■■■■■■■■■■■■■■■■■■■■■■                        |  70% of 114.3 MiB
2026-10-04T10:00:22.5379110Z |■■■■■■■■■■■■■■■■■■■■■■■■■■■■■■■■■■■■■■■■■■■■■■■■■■■■■■■■■■■■■■■■                |  80% of 114.3 MiB
2026-10-04T10:00:22.5965770Z |■■■■■■■■■■■■■■■■■■■■■■■■■■■■■■■■■■■■■■■■■■■■■■■■■■■■■■■■■■■■■■■■■■■■■■■■        |  90% of 114.3 MiB
2026-10-04T10:00:22.6708634Z |■■■■■■■■■■■■■■■■■■■■■■■■■■■■■■■■■■■■■■■■■■■■■■■■■■■■■■■■■■■■■■■■■■■■■■■■■■■■■■■■| 100% of 114.3 MiB
2026-10-04T10:00:24.6962999Z Chrome Headless Shell 153.0.8010.12 (playwright chromium-headless-shell v1243) downloaded to /home/runner/.cache/ms-playwright/chromium_headless_shell-1243
2026-10-04T10:00:24.7216518Z ##[group]Run CF_STATEMENTS=0 TRANSLATE=0 node scripts/update-data.mjs
2026-10-04T10:00:24.7217078Z [36;1mCF_STATEMENTS=0 TRANSLATE=0 node scripts/update-data.mjs[0m
2026-10-04T10:00:24.7281586Z shell: /usr/bin/bash -e {0}
2026-10-04T10:00:24.7282128Z env:
2026-10-04T10:00:24.7285239Z   GITHUB_TOKEN: ***
2026-10-04T10:00:24.7285529Z ##[endgroup]
2026-10-04T10:00:24.8514384Z Discovering daily problem folders...
2026-10-04T10:00:25.6352344Z Found 813 days, syncing the most recent 813.
2026-10-04T10:00:26.1714996Z   2026-10-03: 2 problems
2026-10-04T10:00:26.3580043Z   2026-10-02: 2 problems
2026-10-04T10:00:26.5609837Z   2026-10-01: 2 problems
2026-10-04T10:00:26.8390724Z   2026-09-30: 2 problems
2026-10-04T10:00:27.0112572Z   2026-09-29: 2 problems
2026-10-04T10:00:27.1824868Z   2026-09-28: 2 problems
2026-10-04T10:00:27.3659347Z   2026-09-26: 2 problems
2026-10-04T10:00:27.5359253Z   2026-09-25: 2 problems
2026-10-04T10:00:27.7236262Z   2026-09-24: 2 problems
2026-10-04T10:00:27.8803160Z   2026-09-23: 2 problems
2026-10-04T10:00:28.0518807Z   2026-09-22: 2 problems
2026-10-04T10:00:28.2405690Z   2026-09-21: 2 problems
2026-10-04T10:00:28.4204380Z   2026-09-19: 2 problems
2026-10-04T10:00:28.5857819Z   2026-09-18: 2 problems
2026-10-04T10:00:28.7647956Z   2026-09-17: 2 problems
2026-10-04T10:00:28.9369923Z   2026-09-16: 2 problems
2026-10-04T10:00:29.1032186Z   2026-09-15: 2 problems
2026-10-04T10:00:29.2143871Z   2026-09-14: 2 problems
2026-10-04T10:00:29.3882830Z   2026-09-12: 2 problems
2026-10-04T10:00:29.5503442Z   2026-09-11: 2 problems
2026-10-04T10:00:29.7431556Z   2026-09-10: 2 problems
2026-10-04T10:00:29.9331198Z   2026-09-09: 2 problems
2026-10-04T10:00:30.1030951Z   2026-09-08: 2 problems
2026-10-04T10:00:30.2707839Z   2026-09-07: 2 problems
2026-10-04T10:00:30.4519389Z   2026-09-05: 2 problems
2026-10-04T10:00:30.6319953Z   2026-09-04: 2 problems
2026-10-04T10:00:30.7980412Z   2026-09-03: 2 problems
2026-10-04T10:00:30.9517643Z   2026-09-02: 2 problems
2026-10-04T10:00:31.1112171Z   2026-09-01: 2 problems
2026-10-04T10:00:31.2821924Z   2026-08-31: 2 problems
2026-10-04T10:00:31.4658859Z   2026-08-29: 2 problems
2026-10-04T10:00:31.6286907Z   2026-08-28: 2 problems
2026-10-04T10:00:31.7871209Z   2026-08-27: 2 problems
2026-10-04T10:00:31.9351760Z   2026-08-26: 2 problems
2026-10-04T10:00:32.2013269Z   2026-08-25: 2 problems
2026-10-04T10:00:32.4934937Z   2026-08-24: 2 problems
2026-10-04T10:00:32.6758537Z   2026-08-22: 2 problems
2026-10-04T10:00:32.8571922Z   2026-08-21: 2 problems
2026-10-04T10:00:33.2292761Z   2026-08-20: 2 problems
2026-10-04T10:00:33.4338498Z   2026-08-19: 2 problems
2026-10-04T10:00:33.6134826Z   2026-08-18: 2 problems
2026-10-04T10:00:33.7727277Z   2026-08-17: 2 problems
2026-10-04T10:00:34.0207562Z   2026-08-15: 2 problems
2026-10-04T10:00:34.2376057Z   2026-08-14: 2 problems
2026-10-04T10:00:34.4270254Z   2026-08-13: 2 problems
2026-10-04T10:00:34.7145873Z   2026-08-12: 2 problems
2026-10-04T10:00:34.8987209Z   2026-08-11: 2 problems
2026-10-04T10:00:35.1567045Z   2026-08-10: 2 problems
2026-10-04T10:00:35.3536372Z   2026-08-08: 2 problems
2026-10-04T10:00:35.5601117Z   2026-08-07: 2 problems
2026-10-04T10:00:35.7489226Z   2026-08-06: 2 problems
2026-10-04T10:00:35.9004507Z   2026-08-05: 2 problems
2026-10-04T10:00:36.0842446Z   2026-08-04: 2 problems
2026-10-04T10:00:36.2805811Z   2026-08-03: 2 problems
2026-10-04T10:00:36.4796220Z   2026-08-01: 2 problems
2026-10-04T10:00:36.6320382Z   2026-07-31: 2 problems
2026-10-04T10:00:36.8068632Z   2026-07-30: 2 problems
2026-10-04T10:00:36.9865244Z   2026-07-29: 2 problems
2026-10-04T10:00:37.1639202Z   2026-07-28: 2 problems
2026-10-04T10:00:37.4332432Z   2026-07-27: 2 problems
2026-10-04T10:00:37.6660352Z   2026-07-25: 2 problems
2026-10-04T10:00:37.8601856Z   2026-07-24: 2 problems
2026-10-04T10:00:38.0467242Z   2026-07-23: 2 problems
2026-10-04T10:00:38.2255094Z   2026-07-22: 2 problems
2026-10-04T10:00:38.4179383Z   2026-07-21: 2 problems
2026-10-04T10:00:38.5824629Z   2026-07-16: 2 problems
2026-10-04T10:00:38.7894163Z   2026-07-15: 2 problems
2026-10-04T10:00:39.0518627Z   2026-07-14: 2 problems
2026-10-04T10:00:39.2291146Z   2026-07-13: 2 problems
2026-10-04T10:00:39.4058947Z   2026-07-11: 2 problems
2026-10-04T10:00:39.5881973Z   2026-07-10: 2 problems
2026-10-04T10:00:39.7762248Z   2026-07-09: 2 problems
2026-10-04T10:00:39.9719396Z   2026-07-08: 2 problems
2026-10-04T10:00:40.1609580Z   2026-07-07: 2 problems
2026-10-04T10:00:40.3289994Z   2026-07-06: 2 problems
2026-10-04T10:00:40.5135771Z   2026-07-04: 2 problems
2026-10-04T10:00:40.6791882Z   2026-07-03: 2 problems
2026-10-04T10:00:40.8308115Z   2026-07-02: 2 problems
2026-10-04T10:00:41.0130623Z   2026-07-01: 2 problems
2026-10-04T10:00:41.2884653Z   2026-06-30: 2 problems
2026-10-04T10:00:41.4431078Z   2026-06-29: 2 problems
2026-10-04T10:00:41.6508149Z   2026-06-27: 2 problems
2026-10-04T10:00:41.9324945Z   2026-06-26: 2 problems
2026-10-04T10:00:42.1208239Z   2026-06-25: 2 problems
2026-10-04T10:00:42.3276781Z   2026-06-24: 2 problems
2026-10-04T10:00:42.4970782Z   2026-06-23: 2 problems
2026-10-04T10:00:42.6668680Z   2026-06-22: 2 problems
2026-10-04T10:00:42.7805823Z   2026-06-20: 1 problems
2026-10-04T10:00:42.9328743Z   2026-06-19: 2 problems
2026-10-04T10:00:43.1217776Z   2026-06-18: 2 problems
2026-10-04T10:00:43.3229432Z   2026-06-17: 2 problems
2026-10-04T10:00:43.5641210Z   2026-06-16: 2 problems
2026-10-04T10:00:43.7720123Z   2026-06-15: 2 problems
2026-10-04T10:00:43.9617507Z   2026-06-13: 2 problems
2026-10-04T10:00:44.1537084Z   2026-06-12: 2 problems
2026-10-04T10:00:44.3470855Z   2026-06-11: 2 problems
2026-10-04T10:00:44.6494393Z   2026-06-10: 2 problems
2026-10-04T10:00:44.8180708Z   2026-06-09: 2 problems
2026-10-04T10:00:45.0328135Z   2026-06-08: 2 problems
2026-10-04T10:00:45.2108133Z   2026-06-06: 2 problems
2026-10-04T10:00:45.3774342Z   2026-06-05: 2 problems
2026-10-04T10:00:45.7373380Z   2026-06-04: 2 problems
2026-10-04T10:00:45.8030659Z   2026-06-03: 2 problems
2026-10-04T10:00:45.9659403Z   2026-06-02: 2 problems
2026-10-04T10:00:46.1499460Z   2026-06-01: 2 problems
2026-10-04T10:00:46.3337931Z   2026-05-30: 2 problems
2026-10-04T10:00:46.5138737Z   2026-05-29: 2 problems
2026-10-04T10:00:46.6754028Z   2026-05-28: 2 problems
2026-10-04T10:00:46.8282201Z   2026-05-27: 2 problems
2026-10-04T10:00:46.9597057Z   2026-05-26: 2 problems
2026-10-04T10:00:47.1329854Z   2026-05-25: 2 problems
2026-10-04T10:00:47.3000484Z   2026-05-23: 2 problems
2026-10-04T10:00:47.4940155Z   2026-05-22: 2 problems
2026-10-04T10:00:47.6995173Z   2026-05-21: 2 problems
2026-10-04T10:00:47.8918954Z   2026-05-20: 2 problems
2026-10-04T10:00:48.0615466Z   2026-05-19: 2 problems
2026-10-04T10:00:48.2303606Z   2026-05-18: 2 problems
2026-10-04T10:00:48.4140406Z   2026-05-16: 2 problems
2026-10-04T10:00:48.5978879Z   2026-05-15: 2 problems
2026-10-04T10:00:48.7657499Z   2026-05-14: 2 problems
2026-10-04T10:00:48.9571167Z   2026-05-13: 2 problems
2026-10-04T10:00:49.1285146Z   2026-05-12: 2 problems
2026-10-04T10:00:49.3197696Z   2026-05-11: 2 problems
2026-10-04T10:00:49.5027359Z   2026-05-09: 2 problems
2026-10-04T10:00:49.6740634Z   2026-05-08: 2 problems
2026-10-04T10:00:49.8326649Z   2026-05-07: 2 problems
2026-10-04T10:00:50.0010600Z   2026-05-06: 2 problems
2026-10-04T10:00:50.2205534Z   2026-05-05: 2 problems
2026-10-04T10:00:50.3986641Z   2026-05-04: 2 problems
2026-10-04T10:00:50.5930354Z   2026-05-02: 2 problems
2026-10-04T10:00:50.7768285Z   2026-05-01: 2 problems
2026-10-04T10:00:50.9646830Z   2026-04-30: 2 problems
2026-10-04T10:00:51.1221603Z   2026-04-29: 2 problems
2026-10-04T10:00:51.3183674Z   2026-04-28: 2 problems
2026-10-04T10:00:51.4936480Z   2026-04-27: 2 problems
2026-10-04T10:00:51.6959737Z   2026-04-25: 2 problems
2026-10-04T10:00:51.8694471Z   2026-04-24: 2 problems
2026-10-04T10:00:52.0259854Z   2026-04-23: 2 problems
2026-10-04T10:00:52.2149551Z   2026-04-22: 2 problems
2026-10-04T10:00:52.3931875Z   2026-04-21: 2 problems
2026-10-04T10:00:52.5666781Z   2026-04-20: 2 problems
2026-10-04T10:00:52.7629649Z   2026-04-18: 2 problems
2026-10-04T10:00:52.9374236Z   2026-04-17: 2 problems
2026-10-04T10:00:53.1542516Z   2026-04-16: 2 problems
2026-10-04T10:00:53.3489744Z   2026-04-15: 2 problems
2026-10-04T10:00:53.5332555Z   2026-04-14: 2 problems
2026-10-04T10:00:53.7037416Z   2026-04-13: 2 problems
2026-10-04T10:00:53.8901975Z   2026-04-11: 2 problems
2026-10-04T10:00:54.0805029Z   2026-04-10: 2 problems
2026-10-04T10:00:54.2737379Z   2026-04-09: 2 problems
2026-10-04T10:00:54.3894777Z   2026-04-08: 2 problems
2026-10-04T10:00:54.5804471Z   2026-04-07: 2 problems
2026-10-04T10:00:54.7392038Z   2026-04-06: 2 problems
2026-10-04T10:00:54.9321340Z   2026-04-04: 2 problems
2026-10-04T10:00:55.0822637Z   2026-04-03: 2 problems
2026-10-04T10:00:55.2432394Z   2026-04-02: 2 problems
2026-10-04T10:00:55.4046929Z   2026-04-01: 2 problems
2026-10-04T10:00:55.5745057Z   2026-03-31: 2 problems
2026-10-04T10:00:55.7180186Z   2026-03-30: 2 problems
2026-10-04T10:00:55.9143596Z   2026-03-28: 2 problems
2026-10-04T10:00:56.0951344Z   2026-03-27: 2 problems
2026-10-04T10:00:56.2788898Z   2026-03-26: 2 problems
2026-10-04T10:00:56.4795672Z   2026-03-25: 2 problems
2026-10-04T10:00:56.6739768Z   2026-03-24: 2 problems
2026-10-04T10:00:56.8434132Z   2026-03-23: 2 problems
2026-10-04T10:00:57.0077060Z   2026-03-21: 2 problems
2026-10-04T10:00:57.1901066Z   2026-03-20: 2 problems
2026-10-04T10:00:57.3423565Z   2026-03-19: 2 problems
2026-10-04T10:00:57.5391619Z   2026-03-18: 2 problems
2026-10-04T10:00:57.7027252Z   2026-03-17: 2 problems
2026-10-04T10:00:57.8801223Z   2026-03-16: 2 problems
2026-10-04T10:00:58.0564749Z   2026-03-14: 2 problems
2026-10-04T10:00:58.2742191Z   2026-03-13: 2 problems
2026-10-04T10:00:58.4185298Z   2026-03-12: 2 problems
2026-10-04T10:00:58.6203784Z   2026-03-11: 2 problems
2026-10-04T10:00:58.7762998Z   2026-03-10: 2 problems
2026-10-04T10:00:58.9831558Z   2026-03-09: 2 problems
2026-10-04T10:00:59.1643308Z   2026-03-07: 2 problems
2026-10-04T10:00:59.3475666Z   2026-03-06: 2 problems
2026-10-04T10:00:59.5485383Z   2026-03-05: 2 problems
2026-10-04T10:00:59.7605462Z   2026-03-04: 2 problems
2026-10-04T10:00:59.9147426Z   2026-03-03: 2 problems
2026-10-04T10:01:00.0832237Z   2026-03-02: 2 problems
2026-10-04T10:01:00.2370387Z   2026-02-28: 2 problems
2026-10-04T10:01:00.4139529Z   2026-02-27: 2 problems
2026-10-04T10:01:00.5848275Z   2026-02-26: 2 problems
2026-10-04T10:01:00.7414562Z   2026-02-25: 2 problems
2026-10-04T10:01:00.9346915Z   2026-02-24: 2 problems
2026-10-04T10:01:01.1168008Z   2026-02-23: 2 problems
2026-10-04T10:01:01.3649642Z   2026-02-21: 2 problems
2026-10-04T10:01:01.5407188Z   2026-02-20: 2 problems
2026-10-04T10:01:01.7192883Z   2026-02-19: 2 problems
2026-10-04T10:01:01.9429775Z   2026-02-18: 2 problems
2026-10-04T10:01:02.0979029Z   2026-02-17: 2 problems
2026-10-04T10:01:02.3251160Z   2026-02-16: 2 problems
2026-10-04T10:01:02.6263793Z   2026-02-14: 2 problems
2026-10-04T10:01:02.7907944Z   2026-02-13: 2 problems
2026-10-04T10:01:03.1282662Z   2026-02-12: 2 problems
2026-10-04T10:01:03.2748105Z   2026-02-11: 2 problems
2026-10-04T10:01:03.4476744Z   2026-02-10: 2 problems
2026-10-04T10:01:03.6952736Z   2026-02-09: 2 problems
2026-10-04T10:01:03.8481184Z   2026-02-07: 2 problems
2026-10-04T10:01:04.0025863Z   2026-02-06: 2 problems
2026-10-04T10:01:04.2090279Z   2026-02-05: 2 problems
2026-10-04T10:01:04.3803965Z   2026-02-04: 2 problems
2026-10-04T10:01:04.5668086Z   2026-02-03: 2 problems
2026-10-04T10:01:04.7367576Z   2026-02-02: 2 problems
2026-10-04T10:01:04.8888622Z   2026-01-31: 2 problems
2026-10-04T10:01:05.2090483Z   2026-01-30: 2 problems
2026-10-04T10:01:05.3551925Z   2026-01-29: 2 problems
2026-10-04T10:01:05.5023241Z   2026-01-28: 2 problems
2026-10-04T10:01:05.6607736Z   2026-01-27: 2 problems
2026-10-04T10:01:05.8190761Z   2026-01-26: 2 problems
2026-10-04T10:01:05.9843740Z   2026-01-24: 2 problems
2026-10-04T10:01:06.1555376Z   2026-01-23: 2 problems
2026-10-04T10:01:06.2631943Z   2026-01-22: 2 problems
2026-10-04T10:01:06.5157540Z   2026-01-21: 2 problems
2026-10-04T10:01:06.6753116Z   2026-01-20: 2 problems
2026-10-04T10:01:06.8202838Z   2026-01-19: 2 problems
2026-10-04T10:01:06.9825352Z   2026-01-17: 2 problems
2026-10-04T10:01:07.1452190Z   2026-01-16: 2 problems
2026-10-04T10:01:07.3083129Z   2026-01-15: 2 problems
2026-10-04T10:01:07.4549096Z   2026-01-14: 2 problems
2026-10-04T10:01:07.6258206Z   2026-01-13: 2 problems
2026-10-04T10:01:07.7744859Z   2026-01-12: 2 problems
2026-10-04T10:01:07.9575468Z   2026-01-10: 2 problems
2026-10-04T10:01:08.1192862Z   2026-01-09: 2 problems
2026-10-04T10:01:08.2656706Z   2026-01-08: 2 problems
2026-10-04T10:01:08.4251238Z   2026-01-07: 2 problems
2026-10-04T10:01:08.5917549Z   2026-01-06: 2 problems
2026-10-04T10:01:08.7654835Z   2026-01-05: 2 problems
2026-10-04T10:01:08.9171040Z   2026-01-03: 2 problems
2026-10-04T10:01:09.0663336Z   2026-01-02: 2 problems
2026-10-04T10:01:09.2494779Z   2026-01-01: 2 problems
2026-10-04T10:01:09.4044783Z   2025-12-31: 2 problems
2026-10-04T10:01:09.5597129Z   2025-12-30: 2 problems
2026-10-04T10:01:09.7082023Z   2025-12-29: 2 problems
2026-10-04T10:01:09.8681430Z   2025-12-27: 2 problems
2026-10-04T10:01:10.0294451Z   2025-12-26: 2 problems
2026-10-04T10:01:10.1745721Z   2025-12-25: 2 problems
2026-10-04T10:01:10.3429652Z   2025-12-24: 2 problems
2026-10-04T10:01:10.5327578Z   2025-12-23: 2 problems
2026-10-04T10:01:10.6929151Z   2025-12-22: 2 problems
2026-10-04T10:01:10.8457726Z   2025-12-20: 2 problems
2026-10-04T10:01:11.0195011Z   2025-12-19: 2 problems
2026-10-04T10:01:11.1614469Z   2025-12-18: 2 problems
2026-10-04T10:01:11.4272671Z   2025-12-17: 2 problems
2026-10-04T10:01:11.6795760Z   2025-12-16: 2 problems
2026-10-04T10:01:11.9067542Z   2025-12-15: 2 problems
2026-10-04T10:01:12.0971701Z   2025-12-13: 2 problems
2026-10-04T10:01:12.2619056Z   2025-12-12: 2 problems
2026-10-04T10:01:12.4343156Z   2025-12-11: 2 problems
2026-10-04T10:01:12.5810337Z   2025-12-10: 2 problems
2026-10-04T10:01:12.7582552Z   2025-12-09: 2 problems
2026-10-04T10:01:12.8739116Z   2025-12-08: 2 problems
2026-10-04T10:01:13.0358206Z   2025-12-06: 2 problems
2026-10-04T10:01:13.1894561Z   2025-12-05: 2 problems
2026-10-04T10:01:13.3478912Z   2025-12-04: 2 problems
2026-10-04T10:01:13.5046584Z   2025-12-03: 2 problems
2026-10-04T10:01:13.6960316Z   2025-12-02: 2 problems
2026-10-04T10:01:13.8719175Z   2025-12-01: 2 problems
2026-10-04T10:01:14.0633403Z   2025-11-29: 2 problems
2026-10-04T10:01:14.2370095Z   2025-11-28: 2 problems
2026-10-04T10:01:14.4090235Z   2025-11-27: 2 problems
2026-10-04T10:01:14.5923438Z   2025-11-26: 2 problems
2026-10-04T10:01:14.7689195Z   2025-11-25: 2 problems
2026-10-04T10:01:14.9430312Z   2025-11-24: 2 problems
2026-10-04T10:01:15.1961974Z   2025-11-22: 2 problems
2026-10-04T10:01:15.3532847Z   2025-11-21: 2 problems
2026-10-04T10:01:15.5067356Z   2025-11-20: 2 problems
2026-10-04T10:01:15.6602698Z   2025-11-19: 2 problems
2026-10-04T10:01:15.8350132Z   2025-11-18: 2 problems
2026-10-04T10:01:16.0097379Z   2025-11-17: 2 problems
2026-10-04T10:01:16.1630523Z   2025-11-15: 2 problems
2026-10-04T10:01:16.3150202Z   2025-11-14: 2 problems
2026-10-04T10:01:16.4752533Z   2025-11-13: 2 problems
2026-10-04T10:01:16.6466559Z   2025-11-12: 2 problems
2026-10-04T10:01:16.8095400Z   2025-11-11: 2 problems
2026-10-04T10:01:16.9776014Z   2025-11-10: 2 problems
2026-10-04T10:01:17.1360095Z   2025-11-08: 2 problems
2026-10-04T10:01:17.3199761Z   2025-11-07: 2 problems
2026-10-04T10:01:17.5030884Z   2025-11-06: 2 problems
2026-10-04T10:01:17.6451696Z   2025-11-05: 2 problems
2026-10-04T10:01:17.8485376Z   2025-11-04: 2 problems
2026-10-04T10:01:18.0075960Z   2025-11-03: 2 problems
2026-10-04T10:01:18.1502706Z   2025-11-01: 2 problems
2026-10-04T10:01:18.2631483Z   2025-10-31: 2 problems
2026-10-04T10:01:18.4182239Z   2025-10-30: 2 problems
2026-10-04T10:01:18.5802919Z   2025-10-29: 2 problems
2026-10-04T10:01:18.7790589Z   2025-10-28: 2 problems
2026-10-04T10:01:18.9463157Z   2025-10-27: 2 problems
2026-10-04T10:01:19.1071215Z   2025-10-25: 2 problems
2026-10-04T10:01:19.2594469Z   2025-10-24: 2 problems
2026-10-04T10:01:19.6090835Z   2025-10-23: 2 problems
2026-10-04T10:01:19.7770664Z   2025-10-22: 2 problems
2026-10-04T10:01:19.9306262Z   2025-10-21: 2 problems
2026-10-04T10:01:20.0746161Z   2025-10-20: 2 problems
2026-10-04T10:01:20.2316290Z   2025-10-18: 2 problems
2026-10-04T10:01:20.4350665Z   2025-10-17: 2 problems
2026-10-04T10:01:20.5907553Z   2025-10-16: 2 problems
2026-10-04T10:01:20.7410891Z   2025-10-15: 2 problems
2026-10-04T10:01:20.9175737Z   2025-10-14: 2 problems
2026-10-04T10:01:21.0795084Z   2025-10-13: 2 problems
2026-10-04T10:01:21.2478778Z   2025-10-11: 2 problems
2026-10-04T10:01:21.3937534Z   2025-10-10: 2 problems
2026-10-04T10:01:21.5486658Z   2025-10-09: 2 problems
2026-10-04T10:01:21.7260987Z   2025-10-08: 2 problems
2026-10-04T10:01:21.9739484Z   2025-10-07: 2 problems
2026-10-04T10:01:22.1341272Z   2025-10-06: 2 problems
2026-10-04T10:01:22.3112869Z   2025-10-04: 2 problems
2026-10-04T10:01:22.5536333Z   2025-10-03: 2 problems
2026-10-04T10:01:22.7112645Z   2025-10-02: 2 problems
2026-10-04T10:01:22.8676275Z   2025-10-01: 2 problems
2026-10-04T10:01:23.0104176Z   2025-09-30: 2 problems
2026-10-04T10:01:23.1674290Z   2025-09-29: 2 problems
2026-10-04T10:01:23.3228020Z   2025-09-27: 2 problems
2026-10-04T10:01:23.4713266Z   2025-09-26: 2 problems
2026-10-04T10:01:23.6445825Z   2025-09-25: 2 problems
2026-10-04T10:01:23.8012916Z   2025-09-24: 2 problems
2026-10-04T10:01:23.9629876Z   2025-09-23: 2 problems
2026-10-04T10:01:24.1303028Z   2025-09-22: 2 problems
2026-10-04T10:01:24.3087748Z   2025-09-20: 2 problems
2026-10-04T10:01:24.4596331Z   2025-09-19: 2 problems
2026-10-04T10:01:24.6122955Z   2025-09-18: 2 problems
2026-10-04T10:01:24.7530403Z   2025-09-17: 2 problems
2026-10-04T10:01:24.9238025Z   2025-09-16: 2 problems
2026-10-04T10:01:25.1033039Z   2025-09-15: 2 problems
2026-10-04T10:01:25.2723157Z   2025-09-13: 2 problems
2026-10-04T10:01:25.5247313Z   2025-09-12: 2 problems
2026-10-04T10:01:25.7087972Z   2025-09-11: 2 problems
2026-10-04T10:01:25.8810048Z   2025-09-10: 2 problems
2026-10-04T10:01:26.0537455Z   2025-09-09: 2 problems
2026-10-04T10:01:26.2867644Z   2025-09-08: 2 problems
2026-10-04T10:01:26.4369511Z   2025-09-06: 2 problems
2026-10-04T10:01:26.6150928Z   2025-09-05: 2 problems
2026-10-04T10:01:26.7917454Z   2025-09-04: 2 problems
2026-10-04T10:01:26.9980662Z   2025-09-03: 2 problems
2026-10-04T10:01:27.1778972Z   2025-09-02: 2 problems
2026-10-04T10:01:27.3313765Z   2025-09-01: 2 problems
2026-10-04T10:01:27.4947960Z   2025-08-30: 2 problems
2026-10-04T10:01:27.6719620Z   2025-08-29: 2 problems
2026-10-04T10:01:27.8200023Z   2025-08-28: 2 problems
2026-10-04T10:01:27.9943092Z   2025-08-27: 2 problems
2026-10-04T10:01:28.1538310Z   2025-08-26: 2 problems
2026-10-04T10:01:28.3081228Z   2025-08-25: 2 problems
2026-10-04T10:01:28.4780135Z   2025-08-23: 2 problems
2026-10-04T10:01:28.6631226Z   2025-08-22: 2 problems
2026-10-04T10:01:28.8326884Z   2025-08-21: 2 problems
2026-10-04T10:01:29.0055241Z   2025-08-20: 2 problems
2026-10-04T10:01:29.1810180Z   2025-08-19: 2 problems
2026-10-04T10:01:29.3779799Z   2025-08-18: 2 problems
2026-10-04T10:01:29.5491380Z   2025-08-16: 2 problems
2026-10-04T10:01:29.7291343Z   2025-08-15: 2 problems
2026-10-04T10:01:29.8816276Z   2025-08-14: 2 problems
2026-10-04T10:01:30.0702052Z   2025-08-13: 2 problems
2026-10-04T10:01:30.2399811Z   2025-08-12: 2 problems
2026-10-04T10:01:30.4053061Z   2025-08-11: 2 problems
2026-10-04T10:01:30.5659183Z   2025-08-09: 2 problems
2026-10-04T10:01:30.7500725Z   2025-08-08: 2 problems
2026-10-04T10:01:30.9124483Z   2025-08-07: 2 problems
2026-10-04T10:01:31.0805783Z   2025-08-06: 2 problems
2026-10-04T10:01:31.2517681Z   2025-08-05: 2 problems
2026-10-04T10:01:31.4371175Z   2025-08-04: 2 problems
2026-10-04T10:01:31.5797981Z   2025-08-02: 2 problems
2026-10-04T10:01:31.7440768Z   2025-08-01: 2 problems
2026-10-04T10:01:31.9229262Z   2025-07-31: 2 problems
2026-10-04T10:01:32.2618388Z   2025-07-30: 2 problems
2026-10-04T10:01:32.4860168Z   2025-07-29: 2 problems
2026-10-04T10:01:32.7125987Z   2025-07-28: 2 problems
2026-10-04T10:01:32.8582861Z   2025-07-26: 2 problems
2026-10-04T10:01:33.0244777Z   2025-07-25: 2 problems
2026-10-04T10:01:33.2489518Z   2025-07-24: 2 problems
2026-10-04T10:01:33.4144722Z   2025-07-23: 2 problems
2026-10-04T10:01:33.5861941Z   2025-07-22: 2 problems
2026-10-04T10:01:33.8499261Z   2025-07-21: 2 problems
2026-10-04T10:01:34.0764124Z   2025-07-19: 2 problems
2026-10-04T10:01:34.2569452Z   2025-07-18: 2 problems
2026-10-04T10:01:34.4349911Z   2025-07-17: 2 problems
2026-10-04T10:01:34.5950732Z   2025-07-16: 2 problems
2026-10-04T10:01:34.7641517Z   2025-07-15: 2 problems
2026-10-04T10:01:34.9435080Z   2025-07-14: 2 problems
2026-10-04T10:01:35.1180315Z   2025-07-12: 2 problems
2026-10-04T10:01:35.3653445Z   2025-07-11: 2 problems
2026-10-04T10:01:35.5788346Z   2025-07-10: 2 problems
2026-10-04T10:01:35.7492021Z   2025-07-09: 2 problems
2026-10-04T10:01:35.9437201Z   2025-07-08: 2 problems
2026-10-04T10:01:36.1044703Z   2025-07-07: 2 problems
2026-10-04T10:01:36.2867135Z   2025-07-05: 2 problems
2026-10-04T10:01:36.4496923Z   2025-07-04: 2 problems
2026-10-04T10:01:36.5961310Z   2025-07-03: 2 problems
2026-10-04T10:01:36.7945907Z   2025-07-02: 2 problems
2026-10-04T10:01:36.9703408Z   2025-07-01: 2 problems
2026-10-04T10:01:37.1630444Z   2025-06-30: 2 problems
2026-10-04T10:01:37.4105876Z   2025-06-28: 2 problems
2026-10-04T10:01:37.5861694Z   2025-06-27: 2 problems
2026-10-04T10:01:37.7418432Z   2025-06-26: 2 problems
2026-10-04T10:01:37.9302052Z   2025-06-25: 2 problems
2026-10-04T10:01:38.1789300Z   2025-06-24: 2 problems
2026-10-04T10:01:38.3438834Z   2025-06-23: 2 problems
2026-10-04T10:01:38.4455325Z   2025-06-21: 2 problems
2026-10-04T10:01:38.6321684Z   2025-06-20: 2 problems
2026-10-04T10:01:38.8275978Z   2025-06-19: 2 problems
2026-10-04T10:01:38.9754290Z   2025-06-18: 2 problems
2026-10-04T10:01:39.1581225Z   2025-06-17: 2 problems
2026-10-04T10:01:39.3449319Z   2025-06-16: 2 problems
2026-10-04T10:01:39.5187497Z   2025-06-14: 2 problems
2026-10-04T10:01:39.7124674Z   2025-06-13: 2 problems
2026-10-04T10:01:39.8922595Z   2025-06-12: 2 problems
2026-10-04T10:01:40.0687911Z   2025-06-11: 2 problems
2026-10-04T10:01:40.2449382Z   2025-06-10: 2 problems
2026-10-04T10:01:40.4091410Z   2025-06-09: 2 problems
2026-10-04T10:01:40.5912936Z   2025-06-07: 2 problems
2026-10-04T10:01:40.7464306Z   2025-06-06: 2 problems
2026-10-04T10:01:40.9500086Z   2025-06-05: 2 problems
2026-10-04T10:01:41.2373699Z   2025-06-04: 2 problems
2026-10-04T10:01:41.4960755Z   2025-06-03: 2 problems
2026-10-04T10:01:41.7671014Z   2025-06-02: 2 problems
2026-10-04T10:01:42.0361248Z   2025-05-31: 2 problems
2026-10-04T10:01:42.2308468Z   2025-05-30: 2 problems
2026-10-04T10:01:42.4046326Z   2025-05-29: 2 problems
2026-10-04T10:01:42.5658849Z   2025-05-28: 2 problems
2026-10-04T10:01:42.7394753Z   2025-05-27: 2 problems
2026-10-04T10:01:42.8906081Z   2025-05-26: 2 problems
2026-10-04T10:01:43.0827703Z   2025-05-24: 2 problems
2026-10-04T10:01:43.2510038Z   2025-05-23: 2 problems
2026-10-04T10:01:43.4072033Z   2025-05-22: 2 problems
2026-10-04T10:01:43.5958878Z   2025-05-21: 2 problems
2026-10-04T10:01:43.7605536Z   2025-05-20: 2 problems
2026-10-04T10:01:43.9453930Z   2025-05-19: 2 problems
2026-10-04T10:01:44.1138966Z   2025-05-17: 2 problems
2026-10-04T10:01:44.3580582Z   2025-05-16: 2 problems
2026-10-04T10:01:44.5490308Z   2025-05-15: 2 problems
2026-10-04T10:01:44.7165369Z   2025-05-14: 2 problems
2026-10-04T10:01:44.8927301Z   2025-05-13: 2 problems
2026-10-04T10:01:45.0968917Z   2025-05-12: 2 problems
2026-10-04T10:01:45.2799986Z   2025-05-10: 2 problems
2026-10-04T10:01:45.4577369Z   2025-05-09: 2 problems
2026-10-04T10:01:45.6389417Z   2025-05-08: 2 problems
2026-10-04T10:01:45.8414716Z   2025-05-07: 2 problems
2026-10-04T10:01:46.0190267Z   2025-05-06: 2 problems
2026-10-04T10:01:46.1929596Z   2025-05-05: 2 problems
2026-10-04T10:01:46.3611003Z   2025-05-03: 2 problems
2026-10-04T10:01:46.5384766Z   2025-05-02: 2 problems
2026-10-04T10:01:46.7055849Z   2025-05-01: 2 problems
2026-10-04T10:01:46.8839479Z   2025-04-30: 2 problems
2026-10-04T10:01:47.0577104Z   2025-04-29: 2 problems
2026-10-04T10:01:47.2840703Z   2025-04-28: 2 problems
2026-10-04T10:01:47.4565148Z   2025-04-26: 2 problems
2026-10-04T10:01:47.6286694Z   2025-04-25: 2 problems
2026-10-04T10:01:47.8076058Z   2025-04-24: 2 problems
2026-10-04T10:01:47.9777631Z   2025-04-23: 2 problems
2026-10-04T10:01:48.2348874Z   2025-04-22: 2 problems
2026-10-04T10:01:48.4251389Z   2025-04-21: 2 problems
2026-10-04T10:01:48.6275451Z   2025-04-19: 2 problems
2026-10-04T10:01:48.8252311Z   2025-04-18: 2 problems
2026-10-04T10:01:49.0579193Z   2025-04-17: 2 problems
2026-10-04T10:01:49.2665853Z   2025-04-16: 2 problems
2026-10-04T10:01:49.4372645Z   2025-04-15: 2 problems
2026-10-04T10:01:49.5895407Z   2025-04-14: 2 problems
2026-10-04T10:01:49.7674482Z   2025-04-12: 2 problems
2026-10-04T10:01:49.9643512Z   2025-04-11: 2 problems
2026-10-04T10:01:50.1509084Z   2025-04-10: 2 problems
2026-10-04T10:01:50.3448408Z   2025-04-09: 2 problems
2026-10-04T10:01:50.5475256Z   2025-04-08: 2 problems
2026-10-04T10:01:50.7350388Z   2025-04-07: 2 problems
2026-10-04T10:01:50.8924005Z   2025-04-05: 2 problems
2026-10-04T10:01:51.0988144Z   2025-04-04: 2 problems
2026-10-04T10:01:51.2755271Z   2025-04-03: 2 problems
2026-10-04T10:01:51.4812560Z   2025-04-02: 2 problems
2026-10-04T10:01:51.6579161Z   2025-04-01: 2 problems
2026-10-04T10:01:51.8195545Z   2025-03-31: 2 problems
2026-10-04T10:01:52.0154929Z   2025-03-29: 2 problems
2026-10-04T10:01:52.2081417Z   2025-03-28: 2 problems
2026-10-04T10:01:52.3703290Z   2025-03-27: 2 problems
2026-10-04T10:01:52.5462189Z   2025-03-26: 2 problems
2026-10-04T10:01:52.7205500Z   2025-03-25: 2 problems
2026-10-04T10:01:52.8731879Z   2025-03-24: 2 problems
2026-10-04T10:01:53.0792874Z   2025-03-22: 2 problems
2026-10-04T10:01:53.2638410Z   2025-03-21: 2 problems
2026-10-04T10:01:53.4498778Z   2025-03-20: 2 problems
2026-10-04T10:01:53.6205570Z   2025-03-19: 2 problems
2026-10-04T10:01:53.8042883Z   2025-03-18: 2 problems
2026-10-04T10:01:53.9859684Z   2025-03-17: 2 problems
2026-10-04T10:01:54.4691094Z   2025-03-15: 2 problems
2026-10-04T10:01:54.6869594Z   2025-03-14: 2 problems
2026-10-04T10:01:54.8863550Z   2025-03-13: 2 problems
2026-10-04T10:01:55.0715851Z   2025-03-12: 2 problems
2026-10-04T10:01:55.2505880Z   2025-03-11: 2 problems
2026-10-04T10:01:55.4393481Z   2025-03-10: 2 problems
2026-10-04T10:01:55.6465525Z   2025-03-08: 2 problems
2026-10-04T10:01:55.8660914Z   2025-03-07: 2 problems
2026-10-04T10:01:56.0606430Z   2025-03-06: 2 problems
2026-10-04T10:01:56.2426873Z   2025-03-05: 2 problems
2026-10-04T10:01:56.4245280Z   2025-03-04: 2 problems
2026-10-04T10:01:56.5970808Z   2025-03-03: 2 problems
2026-10-04T10:01:56.8230135Z   2025-03-01: 2 problems
2026-10-04T10:01:56.9981505Z   2025-02-28: 2 problems
2026-10-04T10:01:57.1764902Z   2025-02-27: 2 problems
2026-10-04T10:01:57.3695881Z   2025-02-26: 2 problems
2026-10-04T10:01:57.5910866Z   2025-02-25: 2 problems
2026-10-04T10:01:57.7744259Z   2025-02-24: 2 problems
2026-10-04T10:01:57.9248747Z   2025-02-22: 2 problems
2026-10-04T10:01:58.0890393Z   2025-02-21: 2 problems
2026-10-04T10:01:58.2902685Z   2025-02-20: 2 problems
2026-10-04T10:01:58.4972867Z   2025-02-19: 2 problems
2026-10-04T10:01:58.6859224Z   2025-02-18: 2 problems
2026-10-04T10:01:58.8497144Z   2025-02-17: 2 problems
2026-10-04T10:01:59.0110659Z   2025-02-15: 2 problems
2026-10-04T10:01:59.1949232Z   2025-02-14: 2 problems
2026-10-04T10:01:59.3911402Z   2025-02-13: 2 problems
2026-10-04T10:01:59.5620252Z   2025-02-12: 2 problems
2026-10-04T10:01:59.7383494Z   2025-02-11: 2 problems
2026-10-04T10:01:59.9291005Z   2025-02-10: 2 problems
2026-10-04T10:02:00.1123451Z   2025-02-08: 2 problems
2026-10-04T10:02:00.2789560Z   2025-02-07: 2 problems
2026-10-04T10:02:00.4432861Z   2025-02-06: 2 problems
2026-10-04T10:02:00.6260052Z   2025-02-05: 2 problems
2026-10-04T10:02:00.7980205Z   2025-02-04: 2 problems
2026-10-04T10:02:01.0058338Z   2025-02-03: 2 problems
2026-10-04T10:02:01.1778753Z   2025-02-01: 2 problems
2026-10-04T10:02:01.3612385Z   2025-01-31: 2 problems
2026-10-04T10:02:01.5332105Z   2025-01-30: 2 problems
2026-10-04T10:02:01.7034243Z   2025-01-29: 2 problems
2026-10-04T10:02:01.8677365Z   2025-01-28: 2 problems
2026-10-04T10:02:02.0575379Z   2025-01-27: 2 problems
2026-10-04T10:02:02.3304375Z   2025-01-25: 2 problems
2026-10-04T10:02:02.6022888Z   2025-01-24: 2 problems
2026-10-04T10:02:02.7791164Z   2025-01-23: 2 problems
2026-10-04T10:02:03.1128519Z   2025-01-22: 2 problems
2026-10-04T10:02:03.3644110Z   2025-01-21: 2 problems
2026-10-04T10:02:03.6016864Z   2025-01-20: 2 problems
2026-10-04T10:02:03.7924167Z   2025-01-18: 2 problems
2026-10-04T10:02:03.9745496Z   2025-01-17: 2 problems
2026-10-04T10:02:04.1641507Z   2025-01-16: 2 problems
2026-10-04T10:02:04.3641267Z   2025-01-15: 2 problems
2026-10-04T10:02:04.5479813Z   2025-01-14: 2 problems
2026-10-04T10:02:04.7835445Z   2025-01-13: 2 problems
2026-10-04T10:02:04.9680554Z   2025-01-11: 2 problems
2026-10-04T10:02:05.1449297Z   2025-01-10: 2 problems
2026-10-04T10:02:05.3183455Z   2025-01-09: 2 problems
2026-10-04T10:02:05.5115380Z   2025-01-08: 2 problems
2026-10-04T10:02:05.6989515Z   2025-01-07: 2 problems
2026-10-04T10:02:05.8726026Z   2025-01-06: 2 problems
2026-10-04T10:02:06.0540453Z   2025-01-04: 2 problems
2026-10-04T10:02:06.3089457Z   2025-01-03: 2 problems
2026-10-04T10:02:06.4965280Z   2025-01-02: 2 problems
2026-10-04T10:02:06.6793055Z   2025-01-01: 2 problems
2026-10-04T10:02:06.8567457Z   2024-12-31: 2 problems
2026-10-04T10:02:07.0330867Z   2024-12-30: 2 problems
2026-10-04T10:02:07.2012034Z   2024-12-28: 2 problems
2026-10-04T10:02:07.3789672Z   2024-12-27: 2 problems
2026-10-04T10:02:07.5614429Z   2024-12-26: 2 problems
2026-10-04T10:02:07.7947785Z   2024-12-25: 2 problems
2026-10-04T10:02:07.9922823Z   2024-12-24: 2 problems
2026-10-04T10:02:08.1760911Z   2024-12-23: 2 problems
2026-10-04T10:02:08.3442196Z   2024-12-21: 2 problems
2026-10-04T10:02:08.5222936Z   2024-12-20: 2 problems
2026-10-04T10:02:08.6878332Z   2024-12-19: 2 problems
2026-10-04T10:02:08.8710444Z   2024-12-18: 2 problems
2026-10-04T10:02:09.0438977Z   2024-12-17: 2 problems
2026-10-04T10:02:09.2223089Z   2024-12-16: 2 problems
2026-10-04T10:02:09.4088014Z   2024-12-14: 2 problems
2026-10-04T10:02:09.5741064Z   2024-12-13: 2 problems
2026-10-04T10:02:09.7551449Z   2024-12-12: 2 problems
2026-10-04T10:02:09.9181339Z   2024-12-11: 2 problems
2026-10-04T10:02:10.1040853Z   2024-12-10: 2 problems
2026-10-04T10:02:10.2651770Z   2024-12-09: 2 problems
2026-10-04T10:02:10.4395632Z   2024-12-07: 2 problems
2026-10-04T10:02:10.6244837Z   2024-12-06: 2 problems
2026-10-04T10:02:10.8074226Z   2024-12-05: 2 problems
2026-10-04T10:02:10.9693878Z   2024-12-04: 2 problems
2026-10-04T10:02:11.1921963Z   2024-12-03: 2 problems
2026-10-04T10:02:11.4469740Z   2024-12-02: 2 problems
2026-10-04T10:02:11.6025928Z   2024-11-30: 2 problems
2026-10-04T10:02:11.7915018Z   2024-11-29: 2 problems
2026-10-04T10:02:12.0333088Z   2024-11-28: 2 problems
2026-10-04T10:02:12.2318438Z   2024-11-27: 2 problems
2026-10-04T10:02:12.4108050Z   2024-11-26: 2 problems
2026-10-04T10:02:12.5674110Z   2024-11-25: 2 problems
2026-10-04T10:02:12.7452115Z   2024-11-23: 2 problems
2026-10-04T10:02:12.9633069Z   2024-11-22: 2 problems
2026-10-04T10:02:13.0681089Z   2024-11-21: 2 problems
2026-10-04T10:02:13.2386102Z   2024-11-20: 2 problems
2026-10-04T10:02:13.4820396Z   2024-11-19: 2 problems
2026-10-04T10:02:13.6497945Z   2024-11-18: 2 problems
2026-10-04T10:02:13.8412536Z   2024-11-16: 2 problems
2026-10-04T10:02:14.0047663Z   2024-11-15: 2 problems
2026-10-04T10:02:14.1729258Z   2024-11-14: 2 problems
2026-10-04T10:02:14.3441723Z   2024-11-13: 2 problems
2026-10-04T10:02:14.5090504Z   2024-11-12: 2 problems
2026-10-04T10:02:14.6741208Z   2024-11-11: 2 problems
2026-10-04T10:02:14.8634287Z   2024-11-09: 2 problems
2026-10-04T10:02:15.0306162Z   2024-11-08: 2 problems
2026-10-04T10:02:15.2256114Z   2024-11-07: 2 problems
2026-10-04T10:02:15.3922680Z   2024-11-06: 2 problems
2026-10-04T10:02:15.5470485Z   2024-11-05: 2 problems
2026-10-04T10:02:15.7097050Z   2024-11-04: 2 problems
2026-10-04T10:02:15.9054874Z   2024-11-02: 2 problems
2026-10-04T10:02:16.0531963Z   2024-11-01: 2 problems
2026-10-04T10:02:16.2245623Z   2024-10-31: 2 problems
2026-10-04T10:02:16.3886790Z   2024-10-30: 2 problems
2026-10-04T10:02:16.5281536Z   2024-10-29: 2 problems
2026-10-04T10:02:16.7110560Z   2024-10-28: 2 problems
2026-10-04T10:02:16.9057173Z   2024-10-26: 2 problems
2026-10-04T10:02:17.0570522Z   2024-10-25: 2 problems
2026-10-04T10:02:17.2322280Z   2024-10-24: 2 problems
2026-10-04T10:02:17.4123077Z   2024-10-23: 2 problems
2026-10-04T10:02:17.5824940Z   2024-10-22: 2 problems
2026-10-04T10:02:17.7460862Z   2024-10-21: 2 problems
2026-10-04T10:02:17.9252820Z   2024-10-19: 2 problems
2026-10-04T10:02:18.0871130Z   2024-10-18: 2 problems
2026-10-04T10:02:18.2601504Z   2024-10-17: 2 problems
2026-10-04T10:02:18.4232366Z   2024-10-16: 2 problems
2026-10-04T10:02:18.5915024Z   2024-10-15: 2 problems
2026-10-04T10:02:18.7925698Z   2024-10-14: 2 problems
2026-10-04T10:02:18.9534996Z   2024-10-12: 2 problems
2026-10-04T10:02:19.1197591Z   2024-10-11: 2 problems
2026-10-04T10:02:19.2852046Z   2024-10-10: 2 problems
2026-10-04T10:02:19.4390538Z   2024-10-09: 2 problems
2026-10-04T10:02:19.6084083Z   2024-10-08: 2 problems
2026-10-04T10:02:19.7884355Z   2024-10-07: 2 problems
2026-10-04T10:02:19.9436766Z   2024-10-05: 2 problems
2026-10-04T10:02:20.1362842Z   2024-10-04: 2 problems
2026-10-04T10:02:20.3112835Z   2024-10-03: 2 problems
2026-10-04T10:02:20.5037342Z   2024-10-02: 2 problems
2026-10-04T10:02:20.6664890Z   2024-10-01: 2 problems
2026-10-04T10:02:20.8173132Z   2024-09-30: 2 problems
2026-10-04T10:02:20.9897258Z   2024-09-28: 2 problems
2026-10-04T10:02:21.1649850Z   2024-09-27: 2 problems
2026-10-04T10:02:21.3374761Z   2024-09-26: 2 problems
2026-10-04T10:02:21.4968214Z   2024-09-25: 2 problems
2026-10-04T10:02:21.6049938Z   2024-09-24: 2 problems
2026-10-04T10:02:21.7821911Z   2024-09-23: 2 problems
2026-10-04T10:02:21.9459125Z   2024-09-21: 2 problems
2026-10-04T10:02:22.1051357Z   2024-09-20: 2 problems
2026-10-04T10:02:22.3439616Z   2024-09-19: 2 problems
2026-10-04T10:02:22.5310999Z   2024-09-18: 2 problems
2026-10-04T10:02:22.6985235Z   2024-09-17: 2 problems
2026-10-04T10:02:22.8612436Z   2024-09-16: 2 problems
2026-10-04T10:02:23.0302152Z   2024-09-14: 2 problems
2026-10-04T10:02:23.1945598Z   2024-09-13: 2 problems
2026-10-04T10:02:23.3991093Z   2024-09-12: 2 problems
2026-10-04T10:02:23.5665100Z   2024-09-11: 2 problems
2026-10-04T10:02:23.7392925Z   2024-09-10: 2 problems
2026-10-04T10:02:23.9012946Z   2024-09-09: 2 problems
2026-10-04T10:02:24.0685557Z   2024-09-07: 2 problems
2026-10-04T10:02:24.2414623Z   2024-09-06: 2 problems
2026-10-04T10:02:24.4214705Z   2024-09-05: 2 problems
2026-10-04T10:02:24.5736937Z   2024-09-04: 2 problems
2026-10-04T10:02:24.7433664Z   2024-09-03: 2 problems
2026-10-04T10:02:24.9417100Z   2024-09-02: 2 problems
2026-10-04T10:02:25.1061442Z   2024-08-31: 2 problems
2026-10-04T10:02:25.2581082Z   2024-08-30: 2 problems
2026-10-04T10:02:25.4157247Z   2024-08-29: 2 problems
2026-10-04T10:02:25.5935129Z   2024-08-28: 2 problems
2026-10-04T10:02:25.8426125Z   2024-08-27: 2 problems
2026-10-04T10:02:26.0111088Z   2024-08-26: 2 problems
2026-10-04T10:02:26.1715926Z   2024-08-24: 2 problems
2026-10-04T10:02:26.3326992Z   2024-08-23: 2 problems
2026-10-04T10:02:26.4799403Z   2024-08-22: 2 problems
2026-10-04T10:02:26.6323688Z   2024-08-21: 2 problems
2026-10-04T10:02:26.8304853Z   2024-08-20: 2 problems
2026-10-04T10:02:27.0043839Z   2024-08-19: 2 problems
2026-10-04T10:02:27.1633590Z   2024-08-17: 2 problems
2026-10-04T10:02:27.3395480Z   2024-08-16: 2 problems
2026-10-04T10:02:27.4843028Z   2024-08-15: 2 problems
2026-10-04T10:02:27.6392406Z   2024-08-14: 2 problems
2026-10-04T10:02:27.7963052Z   2024-08-13: 2 problems
2026-10-04T10:02:27.9617483Z   2024-08-12: 2 problems
2026-10-04T10:02:28.1588354Z   2024-08-10: 2 problems
2026-10-04T10:02:28.3185082Z   2024-08-09: 2 problems
2026-10-04T10:02:28.4854857Z   2024-08-08: 2 problems
2026-10-04T10:02:28.6376615Z   2024-08-07: 2 problems
2026-10-04T10:02:28.8292970Z   2024-08-06: 2 problems
2026-10-04T10:02:28.9837803Z   2024-08-05: 2 problems
2026-10-04T10:02:29.1485953Z   2024-08-03: 2 problems
2026-10-04T10:02:29.3239640Z   2024-08-02: 2 problems
2026-10-04T10:02:29.4986987Z   2024-08-01: 2 problems
2026-10-04T10:02:29.6737238Z   2024-07-31: 2 problems
2026-10-04T10:02:29.8370106Z   2024-07-30: 2 problems
2026-10-04T10:02:30.0179992Z   2024-07-29: 2 problems
2026-10-04T10:02:30.1986001Z   2024-07-27: 2 problems
2026-10-04T10:02:30.3541510Z   2024-07-26: 2 problems
2026-10-04T10:02:30.5349242Z   2024-07-25: 2 problems
2026-10-04T10:02:30.7123654Z   2024-07-24: 2 problems
2026-10-04T10:02:30.8649842Z   2024-07-23: 2 problems
2026-10-04T10:02:31.0295934Z   2024-07-22: 2 problems
2026-10-04T10:02:31.1948013Z   2024-07-20: 2 problems
2026-10-04T10:02:31.3780856Z   2024-07-19: 2 problems
2026-10-04T10:02:31.5695835Z   2024-07-18: 2 problems
2026-10-04T10:02:31.7340933Z   2024-07-17: 2 problems
2026-10-04T10:02:31.9002429Z   2024-07-16: 2 problems
2026-10-04T10:02:32.1531778Z   2024-07-15: 2 problems
2026-10-04T10:02:32.3902718Z   2024-07-13: 2 problems
2026-10-04T10:02:32.5050912Z   2024-07-12: 2 problems
2026-10-04T10:02:32.6908387Z   2024-07-11: 2 problems
2026-10-04T10:02:32.9288139Z   2024-07-10: 2 problems
2026-10-04T10:02:33.1338810Z   2024-07-09: 2 problems
2026-10-04T10:02:33.3080783Z   2024-07-08: 2 problems
2026-10-04T10:02:33.5378082Z   2024-07-06: 2 problems
2026-10-04T10:02:33.6942291Z   2024-07-05: 2 problems
2026-10-04T10:02:33.8482855Z   2024-07-04: 2 problems
2026-10-04T10:02:34.1744471Z   2024-07-03: 2 problems
2026-10-04T10:02:34.3317964Z   2024-07-02: 2 problems
2026-10-04T10:02:34.5541321Z   2024-07-01: 2 problems
2026-10-04T10:02:34.7725633Z   2024-06-29: 2 problems
2026-10-04T10:02:35.0043882Z   2024-06-28: 2 problems
2026-10-04T10:02:35.1630427Z   2024-06-27: 2 problems
2026-10-04T10:02:35.3069629Z   2024-06-26: 2 problems
2026-10-04T10:02:35.4674003Z   2024-06-25: 2 problems
2026-10-04T10:02:35.6370862Z   2024-06-24: 2 problems
2026-10-04T10:02:35.7902948Z   2024-06-22: 2 problems
2026-10-04T10:02:35.9536638Z   2024-06-21: 2 problems
2026-10-04T10:02:36.1189765Z   2024-06-20: 2 problems
2026-10-04T10:02:36.3024151Z   2024-06-19: 2 problems
2026-10-04T10:02:36.4676226Z   2024-06-18: 2 problems
2026-10-04T10:02:36.6158535Z   2024-06-17: 2 problems
2026-10-04T10:02:36.7621943Z   2024-06-15: 2 problems
2026-10-04T10:02:36.9022229Z   2024-06-14: 2 problems
2026-10-04T10:02:37.0577823Z   2024-06-13: 2 problems
2026-10-04T10:02:37.2914536Z   2024-06-12: 2 problems
2026-10-04T10:02:37.4341114Z   2024-06-11: 2 problems
2026-10-04T10:02:37.5737689Z   2024-06-10: 2 problems
2026-10-04T10:02:37.7287740Z   2024-06-08: 2 problems
2026-10-04T10:02:37.8749884Z   2024-06-07: 2 problems
2026-10-04T10:02:38.0268413Z   2024-06-06: 2 problems
2026-10-04T10:02:38.2564391Z   2024-06-05: 2 problems
2026-10-04T10:02:38.4067930Z   2024-06-04: 2 problems
2026-10-04T10:02:38.5589421Z   2024-06-03: 2 problems
2026-10-04T10:02:38.7030858Z   2024-06-01: 2 problems
2026-10-04T10:02:38.8568766Z   2024-05-31: 2 problems
2026-10-04T10:02:39.0073226Z   2024-05-30: 2 problems
2026-10-04T10:02:39.1651216Z   2024-05-29: 2 problems
2026-10-04T10:02:39.3244114Z   2024-05-28: 2 problems
2026-10-04T10:02:39.4840952Z   2024-05-27: 2 problems
2026-10-04T10:02:39.7040952Z   2024-05-25: 2 problems
2026-10-04T10:02:39.8614024Z   2024-05-24: 2 problems
2026-10-04T10:02:40.0952239Z   2024-05-23: 2 problems
2026-10-04T10:02:40.2468765Z   2024-05-22: 2 problems
2026-10-04T10:02:40.3980287Z   2024-05-21: 2 problems
2026-10-04T10:02:40.5568552Z   2024-05-20: 2 problems
2026-10-04T10:02:40.7319425Z   2024-05-18: 2 problems
2026-10-04T10:02:40.8896899Z   2024-05-17: 2 problems
2026-10-04T10:02:41.0420207Z   2024-05-16: 2 problems
2026-10-04T10:02:41.3645392Z   2024-05-15: 2 problems
2026-10-04T10:02:41.5953016Z   2024-05-14: 2 problems
2026-10-04T10:02:41.7431785Z   2024-05-13: 2 problems
2026-10-04T10:02:41.8960707Z   2024-05-11: 2 problems
2026-10-04T10:02:42.2206389Z   2024-05-10: 2 problems
2026-10-04T10:02:42.4014846Z   2024-05-09: 2 problems
2026-10-04T10:02:42.6682210Z   2024-05-08: 2 problems
2026-10-04T10:02:42.8455493Z   2024-05-07: 2 problems
2026-10-04T10:02:43.0075206Z   2024-05-06: 2 problems
2026-10-04T10:02:44.4888641Z   2024-05-04: 2 problems
2026-10-04T10:02:44.6432225Z   2024-05-03: 2 problems
2026-10-04T10:02:44.8035316Z   2024-05-02: 2 problems
2026-10-04T10:02:44.9725155Z   2024-05-01: 2 problems
2026-10-04T10:02:45.1577112Z   2024-04-30: 2 problems
2026-10-04T10:02:45.4085399Z   2024-04-29: 2 problems
2026-10-04T10:02:45.5655153Z   2024-04-27: 2 problems
2026-10-04T10:02:45.7409388Z   2024-04-26: 2 problems
2026-10-04T10:02:45.8889099Z   2024-04-25: 2 problems
2026-10-04T10:02:46.0574653Z   2024-04-24: 2 problems
2026-10-04T10:02:46.2136483Z   2024-04-23: 2 problems
2026-10-04T10:02:46.3749729Z   2024-04-22: 2 problems
2026-10-04T10:02:46.5456741Z   2024-04-20: 2 problems
2026-10-04T10:02:46.7238956Z   2024-04-19: 2 problems
2026-10-04T10:02:46.9023419Z   2024-04-18: 2 problems
2026-10-04T10:02:47.0770467Z   2024-04-17: 2 problems
2026-10-04T10:02:47.2322327Z   2024-04-16: 2 problems
2026-10-04T10:02:47.3890075Z   2024-04-15: 2 problems
2026-10-04T10:02:47.5466918Z   2024-04-13: 2 problems
2026-10-04T10:02:47.7058974Z   2024-04-12: 2 problems
2026-10-04T10:02:47.8519254Z   2024-04-11: 2 problems
2026-10-04T10:02:48.0174526Z   2024-04-10: 2 problems
2026-10-04T10:02:48.1830865Z   2024-04-09: 2 problems
2026-10-04T10:02:48.3306507Z   2024-04-08: 2 problems
2026-10-04T10:02:48.4832705Z   2024-04-06: 2 problems
2026-10-04T10:02:48.6694424Z   2024-04-05: 2 problems
2026-10-04T10:02:48.8450572Z   2024-04-04: 2 problems
2026-10-04T10:02:49.0087636Z   2024-04-03: 2 problems
2026-10-04T10:02:49.1832371Z   2024-04-02: 2 problems
2026-10-04T10:02:49.3828017Z   2024-04-01: 2 problems
2026-10-04T10:02:49.5464155Z   2024-03-30: 2 problems
2026-10-04T10:02:49.6917864Z   2024-03-29: 2 problems
2026-10-04T10:02:49.8429562Z   2024-03-28: 2 problems
2026-10-04T10:02:49.9937541Z   2024-03-27: 2 problems
2026-10-04T10:02:50.1431023Z   2024-03-26: 2 problems
2026-10-04T10:02:50.2997601Z   2024-03-25: 2 problems
2026-10-04T10:02:50.4677796Z   2024-03-23: 2 problems
2026-10-04T10:02:50.6362306Z   2024-03-22: 2 problems
2026-10-04T10:02:50.8022062Z   2024-03-21: 2 problems
2026-10-04T10:02:50.9652312Z   2024-03-20: 2 problems
2026-10-04T10:02:51.1290038Z   2024-03-19: 2 problems
2026-10-04T10:02:51.2846933Z   2024-03-18: 2 problems
2026-10-04T10:02:51.4529890Z   2024-03-16: 2 problems
2026-10-04T10:02:51.6191991Z   2024-03-15: 2 problems
2026-10-04T10:02:51.7739670Z   2024-03-14: 2 problems
2026-10-04T10:02:51.9465751Z   2024-03-13: 2 problems
2026-10-04T10:02:52.1167279Z   2024-03-12: 2 problems
2026-10-04T10:02:52.2921734Z   2024-03-11: 2 problems
2026-10-04T10:02:52.4798210Z   2024-03-09: 2 problems
2026-10-04T10:02:52.6385624Z   2024-03-08: 2 problems
2026-10-04T10:02:52.8052719Z   2024-03-07: 2 problems
2026-10-04T10:02:52.9717103Z   2024-03-06: 2 problems
2026-10-04T10:02:53.1468261Z   2024-03-05: 2 problems
2026-10-04T10:02:53.3013975Z   2024-03-04: 2 problems
2026-10-04T10:02:53.4659170Z   2024-03-02: 2 problems
2026-10-04T10:02:53.6471076Z   2024-03-01: 2 problems
2026-10-04T10:02:53.7900901Z   2024-02-29: 2 problems
2026-10-04T10:02:54.1333401Z   2024-02-28: 2 problems
2026-10-04T10:02:54.2856192Z   2024-02-27: 2 problems
2026-10-04T10:02:54.4345298Z   2024-02-26: 2 problems
2026-10-04T10:02:54.4348354Z Building categories...
2026-10-04T10:02:58.0807428Z Wrote /home/runner/work/ys_problem_web/ys_problem_web/data/daily.json (813 days, 21 categories).
2026-10-04T10:02:58.0808346Z Syncing leaderboard (records.js from gh-pages)...
2026-10-04T10:02:58.1440005Z   ✓ 361 players, data through 2026-10-03
2026-10-04T10:02:58.1626458Z ##[group]Run xvfb-run -a node scripts/fetch-statements.mjs --limit 4 --delay 6000
2026-10-04T10:02:58.1627061Z [36;1mxvfb-run -a node scripts/fetch-statements.mjs --limit 4 --delay 6000[0m
2026-10-04T10:02:58.1689527Z shell: /usr/bin/bash -e {0}
2026-10-04T10:02:58.1689780Z env:
2026-10-04T10:02:58.1689990Z   CF_START_MODE: chrome-headful
2026-10-04T10:02:58.1690238Z ##[endgroup]
2026-10-04T10:02:58.3517806Z Statements on disk: 1597; missing in archive: 26; needs limits: 0; fetching: 4
2026-10-04T10:03:16.4661935Z   [1/4] ✗ GYM106259I — fetch/parse failed
2026-10-04T10:03:25.5129560Z   2 consecutive failures — cooling down 240s…
2026-10-04T10:07:26.8687941Z   [2/4] ✗ GYM105746C — fetch/parse failed
2026-10-04T10:07:42.3958515Z   [3/4] ✗ GYM106225C — fetch/parse failed
2026-10-04T10:07:59.1335463Z   2 consecutive failures — cooling down 240s…
2026-10-04T10:12:08.1079754Z   [4/4] ✗ GYM103575B — fetch/parse failed
2026-10-04T10:12:08.1936324Z 
2026-10-04T10:12:08.1938465Z Done: 0 saved, 4 failed.
2026-10-04T10:12:08.1939048Z Failed codes (rerun this script to retry):
2026-10-04T10:12:08.1939589Z   GYM106259I, GYM105746C, GYM106225C, GYM103575B
2026-10-04T10:12:08.3143278Z ##[group]Run OUT=$(xvfb-run -a node scripts/repair-zsmj.mjs --limit 200 --delay 6000)
2026-10-04T10:12:08.3143937Z [36;1mOUT=$(xvfb-run -a node scripts/repair-zsmj.mjs --limit 200 --delay 6000)[0m
2026-10-04T10:12:08.3144357Z [36;1mecho "$OUT"[0m
2026-10-04T10:12:08.3144740Z [36;1mREPAIRED=$(echo "$OUT" | grep -oE 'Done: [0-9]+ repaired' | grep -oE '[0-9]+' || echo 0)[0m
2026-10-04T10:12:08.3145342Z [36;1mREMAINING=$(grep -l '%%ZSMJ' data/statements/*.json 2>/dev/null | wc -l | tr -d ' ')[0m
2026-10-04T10:12:08.3145840Z [36;1mecho "repaired=$REPAIRED" >> "$GITHUB_OUTPUT"[0m
2026-10-04T10:12:08.3146200Z [36;1mecho "remaining=$REMAINING" >> "$GITHUB_OUTPUT"[0m
2026-10-04T10:12:08.3207794Z shell: /usr/bin/bash -e {0}
2026-10-04T10:12:08.3208058Z env:
2026-10-04T10:12:08.3208278Z   CF_START_MODE: chrome-headful
2026-10-04T10:12:08.3208543Z ##[endgroup]
2026-10-04T10:39:38.8012874Z Statements to repair: 200
2026-10-04T10:39:38.8014178Z   [1/200] ✓ CF1575D — 7 段重译(0 段保留译文)
2026-10-04T10:39:38.8015056Z   [2/200] ✓ CF1575K — 11 段重译(0 段保留译文)
2026-10-04T10:39:38.8015861Z   [3/200] ✓ CF1575L — 9 段重译(0 段保留译文)
2026-10-04T10:39:38.8016669Z   [4/200] ✓ CF1578H — 5 段重译(0 段保留译文)
2026-10-04T10:39:38.8017524Z   [5/200] ✓ CF1579E2 — 12 段重译(0 段保留译文)
2026-10-04T10:39:38.8018299Z   [6/200] ✓ CF1580A — 13 段重译(0 段保留译文)
2026-10-04T10:39:38.8019160Z   [7/200] ✓ CF1585D — 11 段重译(0 段保留译文)
2026-10-04T10:39:38.8019952Z   [8/200] ✓ CF1592C — 11 段重译(0 段保留译文)
2026-10-04T10:39:38.8020783Z   [9/200] ✓ CF1594D — 11 段重译(0 段保留译文)
2026-10-04T10:39:38.8022497Z   [10/200] ✓ CF1599C — 2 段重译(0 段保留译文)
2026-10-04T10:39:38.8023380Z   [11/200] ✓ CF1599H — 8 段重译(0 段保留译文)
2026-10-04T10:39:38.8024280Z   [12/200] ✓ CF1609D — 6 段重译(0 段保留译文)
2026-10-04T10:39:38.8025103Z   [13/200] ✓ CF1610D — 12 段重译(0 段保留译文)
2026-10-04T10:39:38.8025782Z   [14/200] ✓ CF1611E2 — 10 段重译(0 段保留译文)
2026-10-04T10:39:38.8026431Z   [15/200] ✓ CF1612E — 14 段重译(0 段保留译文)
2026-10-04T10:39:38.8026980Z   [16/200] ✓ CF1615C — 19 段重译(0 段保留译文)
2026-10-04T10:39:38.8027397Z   [17/200] ✓ CF1615D — 17 段重译(0 段保留译文)
2026-10-04T10:39:38.8028002Z   [18/200] ✓ CF1619G — 11 段重译(0 段保留译文)
2026-10-04T10:39:38.8029169Z   [19/200] ✓ CF1644D — 10 段重译(0 段保留译文)
2026-10-04T10:39:38.8029801Z   [20/200] ✓ CF1644E — 12 段重译(0 段保留译文)
2026-10-04T10:39:38.8030399Z   [21/200] ✓ CF1648C — 13 段重译(0 段保留译文)
2026-10-04T10:39:38.8030958Z   [22/200] ✓ CF1650F — 16 段重译(0 段保留译文)
2026-10-04T10:39:38.8031457Z   [23/200] ✓ CF1671D — 12 段重译(0 段保留译文)
2026-10-04T10:39:38.8032253Z   [24/200] ✓ CF1672D — 13 段重译(0 段保留译文)
2026-10-04T10:39:38.8032788Z   [25/200] ✓ CF1673F — 42 段重译(0 段保留译文)
2026-10-04T10:39:38.8033295Z   [26/200] ✓ CF1677C — 12 段重译(0 段保留译文)
2026-10-04T10:39:38.8033803Z   [27/200] ✓ CF1679E — 23 段重译(0 段保留译文)
2026-10-04T10:39:38.8034313Z   [28/200] ✓ CF1689D — 9 段重译(0 段保留译文)
2026-10-04T10:39:38.8034810Z   [29/200] ✓ CF1722E — 11 段重译(0 段保留译文)
2026-10-04T10:39:38.8035308Z   [30/200] ✓ CF1725F — 23 段重译(0 段保留译文)
2026-10-04T10:39:38.8035796Z   [31/200] ✓ CF1810D — 19 段重译(0 段保留译文)
2026-10-04T10:39:38.8036321Z   [32/200] ✓ CF1817B — 10 段重译(0 段保留译文)
2026-10-04T10:39:38.8036833Z   [33/200] ✓ CF1833E — 10 段重译(0 段保留译文)
2026-10-04T10:39:38.8037350Z   [34/200] ✓ CF1833G — 8 段重译(0 段保留译文)
2026-10-04T10:39:38.8037855Z   [35/200] ✓ CF1835A — 14 段重译(0 段保留译文)
2026-10-04T10:39:38.8038372Z   [36/200] ✓ CF1850H — 16 段重译(0 段保留译文)
2026-10-04T10:39:38.8038878Z   [37/200] ✓ CF1866H — 18 段重译(0 段保留译文)
2026-10-04T10:39:38.8039405Z   [38/200] ✓ CF1875D — 15 段重译(0 段保留译文)
2026-10-04T10:39:38.8039971Z   [39/200] ✓ CF1878D — 29 段重译(0 段保留译文)
2026-10-04T10:39:38.8040536Z   [40/200] ✓ CF1878F — 24 段重译(0 段保留译文)
2026-10-04T10:39:38.8041073Z   [41/200] ✓ CF1887B — 13 段重译(0 段保留译文)
2026-10-04T10:39:38.8041633Z   [42/200] ✓ CF1889B — 14 段重译(0 段保留译文)
2026-10-04T10:39:38.8043776Z   [43/200] ✓ CF1891D — 7 段重译(0 段保留译文)
2026-10-04T10:39:38.8044344Z   [44/200] ✓ CF1896E — 12 段重译(0 段保留译文)
2026-10-04T10:39:38.8044892Z   [45/200] ✓ CF1898D — 13 段重译(0 段保留译文)
2026-10-04T10:39:38.8045424Z   [46/200] ✓ CF1903E — 14 段重译(0 段保留译文)
2026-10-04T10:39:38.8046286Z   [47/200] ✓ CF1906E — 8 段重译(0 段保留译文)
2026-10-04T10:39:38.8046850Z   [48/200] ✓ CF1906J — 7 段重译(0 段保留译文)
2026-10-04T10:39:38.8047370Z   [49/200] ✓ CF1906M — 5 段重译(0 段保留译文)
2026-10-04T10:39:38.8047900Z   [50/200] ✓ CF1912A — 5 段重译(0 段保留译文)
2026-10-04T10:39:38.8048443Z   [51/200] ✓ CF1912D — 13 段重译(0 段保留译文)
2026-10-04T10:39:38.8048984Z   [52/200] ✓ CF1913E — 9 段重译(0 段保留译文)
2026-10-04T10:39:38.8049497Z   [53/200] ✓ CF1915G — 10 段重译(0 段保留译文)
2026-10-04T10:39:38.8050006Z   [54/200] ✓ CF1923D — 11 段重译(0 段保留译文)
2026-10-04T10:39:38.8050726Z   [55/200] ✓ CF1931F — 13 段重译(0 段保留译文)
2026-10-04T10:39:38.8051051Z   [56/200] ✓ CF1936C — 21 段重译(0 段保留译文)
2026-10-04T10:39:38.8051361Z   [57/200] ✓ CF1941F — 11 段重译(0 段保留译文)
2026-10-04T10:39:38.8051678Z   [58/200] ✓ CF1942C2 — 8 段重译(0 段保留译文)
2026-10-04T10:39:38.8052392Z   [59/200] ✓ CF1945F — 9 段重译(0 段保留译文)
2026-10-04T10:39:38.8052935Z   [60/200] ✓ CF1948D — 6 段重译(0 段保留译文)
2026-10-04T10:39:38.8053461Z   [61/200] ✓ CF1949C — 13 段重译(0 段保留译文)
2026-10-04T10:39:38.8054032Z   [62/200] ✓ CF1949I — 5 段重译(0 段保留译文)
2026-10-04T10:39:38.8054620Z   [63/200] ✓ CF1951D — 15 段重译(0 段保留译文)
2026-10-04T10:39:38.8055385Z   [64/200] ✓ CF1954D — 18 段重译(0 段保留译文)
2026-10-04T10:39:38.8055747Z   [65/200] ✓ CF1955F — 4 段重译(0 段保留译文)
2026-10-04T10:39:38.8056129Z   [66/200] ✓ CF1956D — 16 段重译(0 段保留译文)
2026-10-04T10:39:38.8056443Z   [67/200] ✓ CF1957C — 15 段重译(0 段保留译文)
2026-10-04T10:39:38.8056758Z   [68/200] ✓ CF1970B1 — 16 段重译(0 段保留译文)
2026-10-04T10:39:38.8057081Z   [69/200] ✓ CF1970B2 — 16 段重译(0 段保留译文)
2026-10-04T10:39:38.8057422Z   [70/200] ✓ CF1970D1 — 7 段重译(0 段保留译文)
2026-10-04T10:39:38.8057731Z   [71/200] ✓ CF1970E2 — 11 段重译(0 段保留译文)
2026-10-04T10:39:38.8058038Z   [72/200] ✓ CF1970E3 — 11 段重译(0 段保留译文)
2026-10-04T10:39:38.8058557Z   [73/200] ✓ CF1986F — 8 段重译(0 段保留译文)
2026-10-04T10:39:38.8059073Z   [74/200] ✓ CF1989E — 6 段重译(0 段保留译文)
2026-10-04T10:39:38.8070951Z   [75/200] ✓ CF1991D — 12 段重译(0 段保留译文)
2026-10-04T10:39:38.8071470Z   [76/200] ✓ CF1991E — 20 段重译(0 段保留译文)
2026-10-04T10:39:38.8072166Z   [77/200] ✓ CF2041M — 9 段重译(0 段保留译文)
2026-10-04T10:39:38.8072499Z   [78/200] ✓ CF2044F — 14 段重译(0 段保留译文)
2026-10-04T10:39:38.8072827Z   [79/200] ✓ CF2044H — 11 段重译(0 段保留译文)
2026-10-04T10:39:38.8073177Z   [80/200] ✓ CF2045B — 4 段重译(0 段保留译文)
2026-10-04T10:39:38.8073484Z   [81/200] ✓ CF2045G — 9 段重译(0 段保留译文)
2026-10-04T10:39:38.8073792Z   [82/200] ✓ CF2045M — 11 段重译(0 段保留译文)
2026-10-04T10:39:38.8074099Z   [83/200] ✓ CF2048E — 7 段重译(0 段保留译文)
2026-10-04T10:39:38.8074409Z   [84/200] ✓ CF2052J — 8 段重译(0 段保留译文)
2026-10-04T10:39:38.8074735Z   [85/200] ✓ CF2057D — 13 段重译(0 段保留译文)
2026-10-04T10:39:38.8075042Z   [86/200] ✓ CF2060F — 17 段重译(0 段保留译文)
2026-10-04T10:39:38.8075354Z   [87/200] ✓ CF2071D1 — 11 段重译(0 段保留译文)
2026-10-04T10:39:38.8075672Z   [88/200] ✓ CF2077C — 20 段重译(0 段保留译文)
2026-10-04T10:39:38.8075978Z   [89/200] ✓ CF2195D — 17 段重译(0 段保留译文)
2026-10-04T10:39:38.8076281Z   [90/200] ✓ CF2195E — 22 段重译(0 段保留译文)
2026-10-04T10:39:38.8076583Z   [91/200] ✓ CF2195F — 18 段重译(0 段保留译文)
2026-10-04T10:39:38.8077106Z   [92/200] ✓ CF2200E — 9 段重译(0 段保留译文)
2026-10-04T10:39:38.8077429Z   [93/200] ✓ CF2200F — 12 段重译(0 段保留译文)
2026-10-04T10:39:38.8077743Z   [94/200] ✓ CF2206J — 25 段重译(0 段保留译文)
2026-10-04T10:39:38.8078063Z   [95/200] ✓ CF675D — 8 段重译(0 段保留译文)
2026-10-04T10:39:38.8078376Z   [96/200] ✓ CF802B — 9 段重译(0 段保留译文)
2026-10-04T10:39:38.8078681Z   [97/200] ✓ CF802K — 9 段重译(0 段保留译文)
2026-10-04T10:39:38.8078986Z   [98/200] ✓ CF925B — 10 段重译(0 段保留译文)
2026-10-04T10:39:38.8079291Z   [99/200] ✓ CF962D — 6 段重译(0 段保留译文)
2026-10-04T10:39:38.8079750Z   [100/200] ✓ CF963A — 9 段重译(0 段保留译文)
2026-10-04T10:39:38.8080084Z   [101/200] ✓ CF965D — 6 段重译(0 段保留译文)
2026-10-04T10:39:38.8080392Z   [102/200] ✓ CF975D — 11 段重译(0 段保留译文)
2026-10-04T10:39:38.8080700Z   [103/200] ✓ CF979B — 6 段重译(0 段保留译文)
2026-10-04T10:39:38.8081004Z   [104/200] ✓ CF979C — 16 段重译(0 段保留译文)
2026-10-04T10:39:38.8081313Z   [105/200] ✓ CF980B — 4 段重译(0 段保留译文)
2026-10-04T10:39:38.8081612Z   [106/200] ✓ CF980C — 9 段重译(0 段保留译文)
2026-10-04T10:39:38.8082294Z   [107/200] ✓ CF982D — 9 段重译(0 段保留译文)
2026-10-04T10:39:38.8082635Z   [108/200] ✓ CF986B — 5 段重译(0 段保留译文)
2026-10-04T10:39:38.8082936Z   [109/200] ✓ CF989C — 7 段重译(0 段保留译文)
2026-10-04T10:39:38.8083237Z   [110/200] ✓ CF990D — 6 段重译(0 段保留译文)
2026-10-04T10:39:38.8083535Z   [111/200] ✓ CF990F — 9 段重译(0 段保留译文)
2026-10-04T10:39:38.8083833Z   [112/200] ✓ CF991E — 5 段重译(0 段保留译文)
2026-10-04T10:39:38.8084134Z   [113/200] ✓ CF993A — 1 段重译(0 段保留译文)
2026-10-04T10:39:38.8084436Z   [114/200] ✓ CF999D — 8 段重译(0 段保留译文)
2026-10-04T10:39:38.8084740Z   [115/200] ✓ CF999F — 14 段重译(0 段保留译文)
2026-10-04T10:39:38.8085075Z   [116/200] ✓ GYM101962C — 7 段重译(0 段保留译文)
2026-10-04T10:39:38.8085408Z   [117/200] ✓ GYM101968B — 7 段重译(0 段保留译文)
2026-10-04T10:39:38.8085743Z   [118/200] ✓ GYM102154C — 12 段重译(0 段保留译文)
2026-10-04T10:39:38.8086071Z   [119/200] ✓ GYM102396E — 12 段重译(0 段保留译文)
2026-10-04T10:39:38.8086394Z   [120/200] ✓ GYM102409J — 6 段重译(0 段保留译文)
2026-10-04T10:39:38.8086712Z   [121/200] ✓ GYM102416E — 3 段重译(0 段保留译文)
2026-10-04T10:39:38.8087047Z   [122/200] ✓ GYM102419D — 10 段重译(0 段保留译文)
2026-10-04T10:39:38.8087371Z   [123/200] ✓ GYM102441F — 5 段重译(0 段保留译文)
2026-10-04T10:39:38.8087688Z   [124/200] ✓ GYM102448D — 4 段重译(0 段保留译文)
2026-10-04T10:39:38.8088005Z   [125/200] ✓ GYM102465E — 6 段重译(0 段保留译文)
2026-10-04T10:39:38.8088324Z   [126/200] ✓ GYM102556H — 3 段重译(0 段保留译文)
2026-10-04T10:39:38.8088645Z   [127/200] ✓ GYM102556I — 6 段重译(0 段保留译文)
2026-10-04T10:39:38.8088961Z   [128/200] ✓ GYM102569D — 7 段重译(0 段保留译文)
2026-10-04T10:39:38.8089278Z   [129/200] ✓ GYM102569J — 9 段重译(0 段保留译文)
2026-10-04T10:39:38.8089609Z   [130/200] ✓ GYM102767F — 15 段重译(0 段保留译文)
2026-10-04T10:39:38.8089937Z   [131/200] ✓ GYM102767G — 20 段重译(0 段保留译文)
2026-10-04T10:39:38.8090255Z   [132/200] ✓ GYM102788K — 3 段重译(0 段保留译文)
2026-10-04T10:39:38.8090574Z   [133/200] ✓ GYM102791J — 9 段重译(0 段保留译文)
2026-10-04T10:39:38.8090892Z   [134/200] ✓ GYM102860B — 4 段重译(0 段保留译文)
2026-10-04T10:39:38.8091215Z   [135/200] ✓ GYM102861I — 6 段重译(0 段保留译文)
2026-10-04T10:39:38.8091531Z   [136/200] ✓ GYM102861K — 1 段重译(0 段保留译文)
2026-10-04T10:39:38.8092762Z   [137/200] ✓ GYM102862I — 6 段重译(0 段保留译文)
2026-10-04T10:39:38.8093126Z   [138/200] ✓ GYM102890M — 3 段重译(0 段保留译文)
2026-10-04T10:39:38.8093453Z   [139/200] ✓ GYM102896C — 5 段重译(0 段保留译文)
2026-10-04T10:39:38.8093771Z   [140/200] ✓ GYM102896L — 13 段重译(0 段保留译文)
2026-10-04T10:39:38.8094096Z   [141/200] ✓ GYM102911C — 18 段重译(0 段保留译文)
2026-10-04T10:39:38.8094416Z   [142/200] ✓ GYM102911H — 12 段重译(0 段保留译文)
2026-10-04T10:39:38.8094741Z   [143/200] ✓ GYM102911L — 13 段重译(0 段保留译文)
2026-10-04T10:39:38.8095210Z   [144/200] ✓ GYM102946D — 15 段重译(0 段保留译文)
2026-10-04T10:39:38.8095532Z   [145/200] ✓ GYM102986G — 5 段重译(0 段保留译文)
2026-10-04T10:39:38.8095846Z   [146/200] ✓ GYM103059I — 11 段重译(0 段保留译文)
2026-10-04T10:39:38.8096166Z   [147/200] ✓ GYM103102B — 5 段重译(0 段保留译文)
2026-10-04T10:39:38.8096484Z   [148/200] ✓ GYM103102E — 8 段重译(0 段保留译文)
2026-10-04T10:39:38.8096804Z   [149/200] ✓ GYM103102I — 5 段重译(0 段保留译文)
2026-10-04T10:39:38.8097121Z   [150/200] ✓ GYM103114G — 7 段重译(0 段保留译文)
2026-10-04T10:39:38.8097454Z   [151/200] ✓ GYM103114H — 4 段重译(0 段保留译文)
2026-10-04T10:39:38.8097777Z   [152/200] ✓ GYM103150C — 9 段重译(0 段保留译文)
2026-10-04T10:39:38.8098096Z   [153/200] ✓ GYM103150D — 9 段重译(0 段保留译文)
2026-10-04T10:39:38.8098410Z   [154/200] ✓ GYM103185B — 5 段重译(0 段保留译文)
2026-10-04T10:39:38.8098755Z   [155/200] ✓ GYM103306A — 6 段重译(0 段保留译文)
2026-10-04T10:39:38.8099072Z   [156/200] ✓ GYM103306B — 8 段重译(0 段保留译文)
2026-10-04T10:39:38.8099388Z   [157/200] ✓ GYM103306H — 9 段重译(0 段保留译文)
2026-10-04T10:39:38.8099701Z   [158/200] ✓ GYM103306K — 4 段重译(0 段保留译文)
2026-10-04T10:39:38.8100035Z   [159/200] ✓ GYM103316J — 6 段重译(0 段保留译文)
2026-10-04T10:39:38.8100350Z   [160/200] ✓ GYM103347J — 4 段重译(0 段保留译文)
2026-10-04T10:39:38.8100666Z   [161/200] ✓ GYM103439J — 9 段重译(0 段保留译文)
2026-10-04T10:39:38.8100981Z   [162/200] ✓ GYM103439N — 4 段重译(0 段保留译文)
2026-10-04T10:39:38.8101292Z   [163/200] ✓ GYM103451I — 3 段重译(0 段保留译文)
2026-10-04T10:39:38.8101612Z   [164/200] ✓ GYM103476C — 5 段重译(0 段保留译文)
2026-10-04T10:39:38.8102213Z   [165/200] ✓ GYM103483D — 12 段重译(0 段保留译文)
2026-10-04T10:39:38.8102538Z   [166/200] ✓ GYM103503A — 9 段重译(0 段保留译文)
2026-10-04T10:39:38.8102858Z   [167/200] ✓ GYM103503B — 8 段重译(0 段保留译文)
2026-10-04T10:39:38.8103182Z   [168/200] ✓ GYM103643B — 7 段重译(0 段保留译文)
2026-10-04T10:39:38.8103495Z   [169/200] ✓ GYM103643M — 8 段重译(0 段保留译文)
2026-10-04T10:39:38.8103810Z   [170/200] ✓ GYM103677L — 5 段重译(0 段保留译文)
2026-10-04T10:39:38.8104126Z   [171/200] ✓ GYM103708L — 5 段重译(0 段保留译文)
2026-10-04T10:39:38.8104447Z   [172/200] ✓ GYM103785H — 10 段重译(0 段保留译文)
2026-10-04T10:39:38.8104783Z   [173/200] ✓ GYM103821A — 11 段重译(0 段保留译文)
2026-10-04T10:39:38.8105102Z   [174/200] ✓ GYM103821D — 10 段重译(0 段保留译文)
2026-10-04T10:39:38.8105421Z   [175/200] ✓ GYM103821J — 12 段重译(0 段保留译文)
2026-10-04T10:39:38.8105744Z   [176/200] ✓ GYM103821K — 9 段重译(0 段保留译文)
2026-10-04T10:39:38.8106058Z   [177/200] ✓ GYM103821M — 8 段重译(0 段保留译文)
2026-10-04T10:39:38.8106372Z   [178/200] ✓ GYM103855D — 2 段重译(0 段保留译文)
2026-10-04T10:39:38.8106686Z   [179/200] ✓ GYM103855H — 3 段重译(0 段保留译文)
2026-10-04T10:39:38.8107157Z   [180/200] ✓ GYM103870G — 6 段重译(0 段保留译文)
2026-10-04T10:39:38.8107482Z   [181/200] ✓ GYM103870K — 12 段重译(0 段保留译文)
2026-10-04T10:39:38.8107799Z   [182/200] ✓ GYM103886G — 9 段重译(0 段保留译文)
2026-10-04T10:39:38.8108112Z   [183/200] ✓ GYM103940A — 5 段重译(0 段保留译文)
2026-10-04T10:39:38.8108432Z   [184/200] ✓ GYM103940L — 6 段重译(0 段保留译文)
2026-10-04T10:39:38.8108747Z   [185/200] ✓ GYM104009D — 3 段重译(0 段保留译文)
2026-10-04T10:39:38.8109064Z   [186/200] ✓ GYM104009H — 4 段重译(0 段保留译文)
2026-10-04T10:39:38.8109513Z   [187/200] ✓ GYM104013C — 9 段重译(0 段保留译文)
2026-10-04T10:39:38.8109827Z   [188/200] ✓ GYM104015G — 7 段重译(0 段保留译文)
2026-10-04T10:39:38.8110152Z   [189/200] ✓ GYM104020C — 5 段重译(0 段保留译文)
2026-10-04T10:39:38.8110475Z   [190/200] ✓ GYM104030F — 5 段重译(0 段保留译文)
2026-10-04T10:39:38.8110790Z   [191/200] ✓ GYM104052B — 6 段重译(0 段保留译文)
2026-10-04T10:39:38.8111116Z   [192/200] ✓ GYM104064D — 3 段重译(0 段保留译文)
2026-10-04T10:39:38.8111468Z   [193/200] ✓ GYM104064L — 4 段重译(0 段保留译文)
2026-10-04T10:39:38.8112062Z   [194/200] ✓ GYM104072D — 6 段重译(0 段保留译文)
2026-10-04T10:39:38.8112399Z   [195/200] ✓ GYM104094B — 8 段重译(0 段保留译文)
2026-10-04T10:39:38.8112717Z   [196/200] ✓ GYM104114G — 6 段重译(0 段保留译文)
2026-10-04T10:39:38.8113028Z   [197/200] ✓ GYM104147D — 6 段重译(0 段保留译文)
2026-10-04T10:39:38.8113363Z   [198/200] ✓ GYM104149I — 5 段重译(0 段保留译文)
2026-10-04T10:39:38.8113689Z   [199/200] ✓ GYM104158J — 7 段重译(0 段保留译文)
2026-10-04T10:39:38.8114008Z   [200/200] ✓ GYM104158K — 5 段重译(0 段保留译文)
2026-10-04T10:39:38.8114202Z 
2026-10-04T10:39:38.8114414Z Done: 200 repaired, 0 failed; translations: 1966 cleared, 0 kept.
2026-10-04T10:39:38.8228754Z ##[group]Run CF_STATEMENTS=0 TRANSLATE=0 node scripts/update-data.mjs
2026-10-04T10:39:38.8229264Z [36;1mCF_STATEMENTS=0 TRANSLATE=0 node scripts/update-data.mjs[0m
2026-10-04T10:39:38.8291317Z shell: /usr/bin/bash -e {0}
2026-10-04T10:39:38.8291581Z ##[endgroup]
2026-10-04T10:39:38.9511146Z Discovering daily problem folders...
2026-10-04T10:39:39.7818324Z Found 813 days, syncing the most recent 813.
2026-10-04T10:39:40.4049759Z   2026-10-03: 2 problems
2026-10-04T10:39:40.5735365Z   2026-10-02: 2 problems
2026-10-04T10:39:40.7676410Z   2026-10-01: 2 problems
2026-10-04T10:39:40.9711267Z   2026-09-30: 2 problems
2026-10-04T10:39:41.1543358Z   2026-09-29: 2 problems
2026-10-04T10:39:41.3410783Z   2026-09-28: 2 problems
2026-10-04T10:39:41.5228581Z   2026-09-26: 2 problems
2026-10-04T10:39:41.7191446Z   2026-09-25: 2 problems
2026-10-04T10:39:41.9324301Z   2026-09-24: 2 problems
2026-10-04T10:39:42.1037416Z   2026-09-23: 2 problems
2026-10-04T10:39:42.2966986Z   2026-09-22: 2 problems
2026-10-04T10:39:42.4857412Z   2026-09-21: 2 problems
2026-10-04T10:39:42.6890604Z   2026-09-19: 2 problems
2026-10-04T10:39:42.8583460Z   2026-09-18: 2 problems
2026-10-04T10:39:43.0370000Z   2026-09-17: 2 problems
2026-10-04T10:39:43.2402019Z   2026-09-16: 2 problems
2026-10-04T10:39:43.4235146Z   2026-09-15: 2 problems
2026-10-04T10:39:43.5556770Z   2026-09-14: 2 problems
2026-10-04T10:39:43.7412069Z   2026-09-12: 2 problems
2026-10-04T10:39:43.9492828Z   2026-09-11: 2 problems
2026-10-04T10:39:44.1342839Z   2026-09-10: 2 problems
2026-10-04T10:39:44.3323981Z   2026-09-09: 2 problems
2026-10-04T10:39:44.5280594Z   2026-09-08: 2 problems
2026-10-04T10:39:44.6968988Z   2026-09-07: 2 problems
2026-10-04T10:39:44.8683139Z   2026-09-05: 2 problems
2026-10-04T10:39:45.0481155Z   2026-09-04: 2 problems
2026-10-04T10:39:45.2299042Z   2026-09-03: 2 problems
2026-10-04T10:39:45.3895268Z   2026-09-02: 2 problems
2026-10-04T10:39:45.5776768Z   2026-09-01: 2 problems
2026-10-04T10:39:45.7641985Z   2026-08-31: 2 problems
2026-10-04T10:39:45.9677813Z   2026-08-29: 2 problems
2026-10-04T10:39:46.1621117Z   2026-08-28: 2 problems
2026-10-04T10:39:46.3395550Z   2026-08-27: 2 problems
2026-10-04T10:39:46.5113682Z   2026-08-26: 2 problems
2026-10-04T10:39:46.6822987Z   2026-08-25: 2 problems
2026-10-04T10:39:46.8477519Z   2026-08-24: 2 problems
2026-10-04T10:39:47.0173221Z   2026-08-22: 2 problems
2026-10-04T10:39:47.2005049Z   2026-08-21: 2 problems
2026-10-04T10:39:47.3797207Z   2026-08-20: 2 problems
2026-10-04T10:39:47.5394167Z   2026-08-19: 2 problems
2026-10-04T10:39:47.7314896Z   2026-08-18: 2 problems
2026-10-04T10:39:47.9095649Z   2026-08-17: 2 problems
2026-10-04T10:39:48.0918518Z   2026-08-15: 2 problems
2026-10-04T10:39:48.2684255Z   2026-08-14: 2 problems
2026-10-04T10:39:48.4439376Z   2026-08-13: 2 problems
2026-10-04T10:39:48.6260673Z   2026-08-12: 2 problems
2026-10-04T10:39:48.8163481Z   2026-08-11: 2 problems
2026-10-04T10:39:48.9922050Z   2026-08-10: 2 problems
2026-10-04T10:39:49.1939298Z   2026-08-08: 2 problems
2026-10-04T10:39:49.3817644Z   2026-08-07: 2 problems
2026-10-04T10:39:49.5649286Z   2026-08-06: 2 problems
2026-10-04T10:39:49.7479466Z   2026-08-05: 2 problems
2026-10-04T10:39:49.9119765Z   2026-08-04: 2 problems
2026-10-04T10:39:50.0897859Z   2026-08-03: 2 problems
2026-10-04T10:39:50.2549170Z   2026-08-01: 2 problems
2026-10-04T10:39:50.3648246Z   2026-07-31: 2 problems
2026-10-04T10:39:50.5318603Z   2026-07-30: 2 problems
2026-10-04T10:39:50.6894062Z   2026-07-29: 2 problems
2026-10-04T10:39:50.8705127Z   2026-07-28: 2 problems
2026-10-04T10:39:51.0369727Z   2026-07-27: 2 problems
2026-10-04T10:39:51.3058552Z   2026-07-25: 2 problems
2026-10-04T10:39:51.4726856Z   2026-07-24: 2 problems
2026-10-04T10:39:51.6531236Z   2026-07-23: 2 problems
2026-10-04T10:39:51.8349385Z   2026-07-22: 2 problems
2026-10-04T10:39:51.9918214Z   2026-07-21: 2 problems
2026-10-04T10:39:52.1678087Z   2026-07-16: 2 problems
2026-10-04T10:39:52.3344800Z   2026-07-15: 2 problems
2026-10-04T10:39:52.4999292Z   2026-07-14: 2 problems
2026-10-04T10:39:52.6639749Z   2026-07-13: 2 problems
2026-10-04T10:39:52.8288696Z   2026-07-11: 2 problems
2026-10-04T10:39:52.9932532Z   2026-07-10: 2 problems
2026-10-04T10:39:53.1806102Z   2026-07-09: 2 problems
2026-10-04T10:39:53.3540421Z   2026-07-08: 2 problems
2026-10-04T10:39:53.5000475Z   2026-07-07: 2 problems
2026-10-04T10:39:53.6793417Z   2026-07-06: 2 problems
2026-10-04T10:39:53.8733051Z   2026-07-04: 2 problems
2026-10-04T10:39:54.0475089Z   2026-07-03: 2 problems
2026-10-04T10:39:54.2265605Z   2026-07-02: 2 problems
2026-10-04T10:39:54.3960879Z   2026-07-01: 2 problems
2026-10-04T10:39:54.5898667Z   2026-06-30: 2 problems
2026-10-04T10:39:54.7931846Z   2026-06-29: 2 problems
2026-10-04T10:39:54.9590492Z   2026-06-27: 2 problems
2026-10-04T10:39:55.1456170Z   2026-06-26: 2 problems
2026-10-04T10:39:55.3072312Z   2026-06-25: 2 problems
2026-10-04T10:39:55.4719744Z   2026-06-24: 2 problems
2026-10-04T10:39:55.6543163Z   2026-06-23: 2 problems
2026-10-04T10:39:55.8432825Z   2026-06-22: 2 problems
2026-10-04T10:39:55.9656701Z   2026-06-20: 1 problems
2026-10-04T10:39:56.1398671Z   2026-06-19: 2 problems
2026-10-04T10:39:56.3326775Z   2026-06-18: 2 problems
2026-10-04T10:39:56.4986016Z   2026-06-17: 2 problems
2026-10-04T10:39:56.6653140Z   2026-06-16: 2 problems
2026-10-04T10:39:56.8275863Z   2026-06-15: 2 problems
2026-10-04T10:39:56.9978460Z   2026-06-13: 2 problems
2026-10-04T10:39:57.1592120Z   2026-06-12: 2 problems
2026-10-04T10:39:57.3315376Z   2026-06-11: 2 problems
2026-10-04T10:39:57.4928790Z   2026-06-10: 2 problems
2026-10-04T10:39:57.6690405Z   2026-06-09: 2 problems
2026-10-04T10:39:57.8432556Z   2026-06-08: 2 problems
2026-10-04T10:39:58.0187370Z   2026-06-06: 2 problems
2026-10-04T10:39:58.1904199Z   2026-06-05: 2 problems
2026-10-04T10:39:58.3434984Z   2026-06-04: 2 problems
2026-10-04T10:39:58.3933991Z   2026-06-03: 2 problems
2026-10-04T10:39:58.5634620Z   2026-06-02: 2 problems
2026-10-04T10:39:58.7432759Z   2026-06-01: 2 problems
2026-10-04T10:39:58.9062816Z   2026-05-30: 2 problems
2026-10-04T10:39:59.0598655Z   2026-05-29: 2 problems
2026-10-04T10:39:59.2342674Z   2026-05-28: 2 problems
2026-10-04T10:39:59.4201534Z   2026-05-27: 2 problems
2026-10-04T10:39:59.5307163Z   2026-05-26: 2 problems
2026-10-04T10:39:59.6959377Z   2026-05-25: 2 problems
2026-10-04T10:39:59.8778908Z   2026-05-23: 2 problems
2026-10-04T10:40:00.0495746Z   2026-05-22: 2 problems
2026-10-04T10:40:00.2540618Z   2026-05-21: 2 problems
2026-10-04T10:40:00.4461691Z   2026-05-20: 2 problems
2026-10-04T10:40:00.6314276Z   2026-05-19: 2 problems
2026-10-04T10:40:00.7930589Z   2026-05-18: 2 problems
2026-10-04T10:40:00.9443301Z   2026-05-16: 2 problems
2026-10-04T10:40:01.1135255Z   2026-05-15: 2 problems
2026-10-04T10:40:01.3085516Z   2026-05-14: 2 problems
2026-10-04T10:40:01.4738825Z   2026-05-13: 2 problems
2026-10-04T10:40:01.6214207Z   2026-05-12: 2 problems
2026-10-04T10:40:01.7873881Z   2026-05-11: 2 problems
2026-10-04T10:40:01.9797384Z   2026-05-09: 2 problems
2026-10-04T10:40:02.1730934Z   2026-05-08: 2 problems
2026-10-04T10:40:02.3542317Z   2026-05-07: 2 problems
2026-10-04T10:40:02.5132916Z   2026-05-06: 2 problems
2026-10-04T10:40:02.6812136Z   2026-05-05: 2 problems
2026-10-04T10:40:02.8477504Z   2026-05-04: 2 problems
2026-10-04T10:40:03.2568750Z   2026-05-02: 2 problems
2026-10-04T10:40:03.4540242Z   2026-05-01: 2 problems
2026-10-04T10:40:03.6521143Z   2026-04-30: 2 problems
2026-10-04T10:40:03.8950392Z   2026-04-29: 2 problems
2026-10-04T10:40:04.0665838Z   2026-04-28: 2 problems
2026-10-04T10:40:04.3214582Z   2026-04-27: 2 problems
2026-10-04T10:40:04.5858984Z   2026-04-25: 2 problems
2026-10-04T10:40:04.8187472Z   2026-04-24: 2 problems
2026-10-04T10:40:05.0026002Z   2026-04-23: 2 problems
2026-10-04T10:40:05.1914903Z   2026-04-22: 2 problems
2026-10-04T10:40:05.4418604Z   2026-04-21: 2 problems
2026-10-04T10:40:05.6252572Z   2026-04-20: 2 problems
2026-10-04T10:40:05.8104896Z   2026-04-18: 2 problems
2026-10-04T10:40:05.9829152Z   2026-04-17: 2 problems
2026-10-04T10:40:06.1553496Z   2026-04-16: 2 problems
2026-10-04T10:40:06.3374946Z   2026-04-15: 2 problems
2026-10-04T10:40:06.5117856Z   2026-04-14: 2 problems
2026-10-04T10:40:06.6841302Z   2026-04-13: 2 problems
2026-10-04T10:40:06.8653998Z   2026-04-11: 2 problems
2026-10-04T10:40:07.1251773Z   2026-04-10: 2 problems
2026-10-04T10:40:07.3365361Z   2026-04-09: 2 problems
2026-10-04T10:40:07.4686486Z   2026-04-08: 2 problems
2026-10-04T10:40:07.6399655Z   2026-04-07: 2 problems
2026-10-04T10:40:07.8172472Z   2026-04-06: 2 problems
2026-10-04T10:40:07.9889704Z   2026-04-04: 2 problems
2026-10-04T10:40:08.1857040Z   2026-04-03: 2 problems
2026-10-04T10:40:08.3619946Z   2026-04-02: 2 problems
2026-10-04T10:40:08.5396172Z   2026-04-01: 2 problems
2026-10-04T10:40:08.8345325Z   2026-03-31: 2 problems
2026-10-04T10:40:09.0340277Z   2026-03-30: 2 problems
2026-10-04T10:40:09.2148695Z   2026-03-28: 2 problems
2026-10-04T10:40:09.3925912Z   2026-03-27: 2 problems
2026-10-04T10:40:09.5586406Z   2026-03-26: 2 problems
2026-10-04T10:40:09.7249906Z   2026-03-25: 2 problems
2026-10-04T10:40:09.8975261Z   2026-03-24: 2 problems
2026-10-04T10:40:10.0541256Z   2026-03-23: 2 problems
2026-10-04T10:40:10.2362178Z   2026-03-21: 2 problems
2026-10-04T10:40:10.4107545Z   2026-03-20: 2 problems
2026-10-04T10:40:10.5804439Z   2026-03-19: 2 problems
2026-10-04T10:40:10.7480554Z   2026-03-18: 2 problems
2026-10-04T10:40:10.9101248Z   2026-03-17: 2 problems
2026-10-04T10:40:11.0733020Z   2026-03-16: 2 problems
2026-10-04T10:40:11.2325950Z   2026-03-14: 2 problems
2026-10-04T10:40:11.3900558Z   2026-03-13: 2 problems
2026-10-04T10:40:11.6262088Z   2026-03-12: 2 problems
2026-10-04T10:40:11.7965057Z   2026-03-11: 2 problems
2026-10-04T10:40:11.9769899Z   2026-03-10: 2 problems
2026-10-04T10:40:12.2162210Z   2026-03-09: 2 problems
2026-10-04T10:40:12.3968541Z   2026-03-07: 2 problems
2026-10-04T10:40:12.6309015Z   2026-03-06: 2 problems
2026-10-04T10:40:12.7942665Z   2026-03-05: 2 problems
2026-10-04T10:40:12.9560952Z   2026-03-04: 2 problems
2026-10-04T10:40:13.1084191Z   2026-03-03: 2 problems
2026-10-04T10:40:13.3522926Z   2026-03-02: 2 problems
2026-10-04T10:40:13.5085252Z   2026-02-28: 2 problems
2026-10-04T10:40:13.6725869Z   2026-02-27: 2 problems
2026-10-04T10:40:13.8323156Z   2026-02-26: 2 problems
2026-10-04T10:40:13.9887253Z   2026-02-25: 2 problems
2026-10-04T10:40:14.1568298Z   2026-02-24: 2 problems
2026-10-04T10:40:14.3301397Z   2026-02-23: 2 problems
2026-10-04T10:40:14.4908687Z   2026-02-21: 2 problems
2026-10-04T10:40:14.7038775Z   2026-02-20: 2 problems
2026-10-04T10:40:14.8670624Z   2026-02-19: 2 problems
2026-10-04T10:40:15.0279033Z   2026-02-18: 2 problems
2026-10-04T10:40:15.1752813Z   2026-02-17: 2 problems
2026-10-04T10:40:15.3459103Z   2026-02-16: 2 problems
2026-10-04T10:40:15.5087526Z   2026-02-14: 2 problems
2026-10-04T10:40:15.6658645Z   2026-02-13: 2 problems
2026-10-04T10:40:15.8427825Z   2026-02-12: 2 problems
2026-10-04T10:40:16.0001536Z   2026-02-11: 2 problems
2026-10-04T10:40:16.1721631Z   2026-02-10: 2 problems
2026-10-04T10:40:16.3731656Z   2026-02-09: 2 problems
2026-10-04T10:40:16.5808168Z   2026-02-07: 2 problems
2026-10-04T10:40:16.9172421Z   2026-02-06: 2 problems
2026-10-04T10:40:17.0779392Z   2026-02-05: 2 problems
2026-10-04T10:40:17.2472705Z   2026-02-04: 2 problems
2026-10-04T10:40:17.4153796Z   2026-02-03: 2 problems
2026-10-04T10:40:17.5888765Z   2026-02-02: 2 problems
2026-10-04T10:40:17.7576812Z   2026-01-31: 2 problems
2026-10-04T10:40:17.9321279Z   2026-01-30: 2 problems
2026-10-04T10:40:18.0871084Z   2026-01-29: 2 problems
2026-10-04T10:40:18.2336200Z   2026-01-28: 2 problems
2026-10-04T10:40:18.3878196Z   2026-01-27: 2 problems
2026-10-04T10:40:18.5644486Z   2026-01-26: 2 problems
2026-10-04T10:40:18.7297061Z   2026-01-24: 2 problems
2026-10-04T10:40:18.8844089Z   2026-01-23: 2 problems
2026-10-04T10:40:19.0023422Z   2026-01-22: 2 problems
2026-10-04T10:40:19.1508104Z   2026-01-21: 2 problems
2026-10-04T10:40:19.2994174Z   2026-01-20: 2 problems
2026-10-04T10:40:19.4376369Z   2026-01-19: 2 problems
2026-10-04T10:40:19.5802241Z   2026-01-17: 2 problems
2026-10-04T10:40:19.7307843Z   2026-01-16: 2 problems
2026-10-04T10:40:19.8754505Z   2026-01-15: 2 problems
2026-10-04T10:40:20.0747187Z   2026-01-14: 2 problems
2026-10-04T10:40:20.2379620Z   2026-01-13: 2 problems
2026-10-04T10:40:20.3941505Z   2026-01-12: 2 problems
2026-10-04T10:40:20.5392147Z   2026-01-10: 2 problems
2026-10-04T10:40:20.6873413Z   2026-01-09: 2 problems
2026-10-04T10:40:20.8379194Z   2026-01-08: 2 problems
2026-10-04T10:40:20.9927968Z   2026-01-07: 2 problems
2026-10-04T10:40:21.1942012Z   2026-01-06: 2 problems
2026-10-04T10:40:21.3456253Z   2026-01-05: 2 problems
2026-10-04T10:40:21.5063880Z   2026-01-03: 2 problems
2026-10-04T10:40:21.6578562Z   2026-01-02: 2 problems
2026-10-04T10:40:21.8515127Z   2026-01-01: 2 problems
2026-10-04T10:40:22.0060536Z   2025-12-31: 2 problems
2026-10-04T10:40:22.1661008Z   2025-12-30: 2 problems
2026-10-04T10:40:22.3156532Z   2025-12-29: 2 problems
2026-10-04T10:40:22.4688270Z   2025-12-27: 2 problems
2026-10-04T10:40:22.6398431Z   2025-12-26: 2 problems
2026-10-04T10:40:22.7821998Z   2025-12-25: 2 problems
2026-10-04T10:40:22.9418390Z   2025-12-24: 2 problems
2026-10-04T10:40:23.1076409Z   2025-12-23: 2 problems
2026-10-04T10:40:23.2860189Z   2025-12-22: 2 problems
2026-10-04T10:40:23.4404164Z   2025-12-20: 2 problems
2026-10-04T10:40:23.5866525Z   2025-12-19: 2 problems
2026-10-04T10:40:23.7406178Z   2025-12-18: 2 problems
2026-10-04T10:40:23.8948813Z   2025-12-17: 2 problems
2026-10-04T10:40:24.0422075Z   2025-12-16: 2 problems
2026-10-04T10:40:24.2635584Z   2025-12-15: 2 problems
2026-10-04T10:40:24.4215863Z   2025-12-13: 2 problems
2026-10-04T10:40:24.5835143Z   2025-12-12: 2 problems
2026-10-04T10:40:24.7755881Z   2025-12-11: 2 problems
2026-10-04T10:40:24.9300357Z   2025-12-10: 2 problems
2026-10-04T10:40:25.1648270Z   2025-12-09: 2 problems
2026-10-04T10:40:25.2720938Z   2025-12-08: 2 problems
2026-10-04T10:40:25.4306595Z   2025-12-06: 2 problems
2026-10-04T10:40:25.5980285Z   2025-12-05: 2 problems
2026-10-04T10:40:25.7467453Z   2025-12-04: 2 problems
2026-10-04T10:40:25.9091643Z   2025-12-03: 2 problems
2026-10-04T10:40:26.0661511Z   2025-12-02: 2 problems
2026-10-04T10:40:26.2883782Z   2025-12-01: 2 problems
2026-10-04T10:40:26.4262247Z   2025-11-29: 2 problems
2026-10-04T10:40:26.5804971Z   2025-11-28: 2 problems
2026-10-04T10:40:26.7529982Z   2025-11-27: 2 problems
2026-10-04T10:40:26.9111071Z   2025-11-26: 2 problems
2026-10-04T10:40:27.0729395Z   2025-11-25: 2 problems
2026-10-04T10:40:27.2307879Z   2025-11-24: 2 problems
2026-10-04T10:40:27.3918667Z   2025-11-22: 2 problems
2026-10-04T10:40:27.5427118Z   2025-11-21: 2 problems
2026-10-04T10:40:27.6988991Z   2025-11-20: 2 problems
2026-10-04T10:40:27.8580196Z   2025-11-19: 2 problems
2026-10-04T10:40:28.0156748Z   2025-11-18: 2 problems
2026-10-04T10:40:28.1727767Z   2025-11-17: 2 problems
2026-10-04T10:40:28.3226067Z   2025-11-15: 2 problems
2026-10-04T10:40:28.4872563Z   2025-11-14: 2 problems
2026-10-04T10:40:28.6440201Z   2025-11-13: 2 problems
2026-10-04T10:40:28.7949621Z   2025-11-12: 2 problems
2026-10-04T10:40:28.9590918Z   2025-11-11: 2 problems
2026-10-04T10:40:29.1187781Z   2025-11-10: 2 problems
2026-10-04T10:40:29.2694415Z   2025-11-08: 2 problems
2026-10-04T10:40:29.4218475Z   2025-11-07: 2 problems
2026-10-04T10:40:29.5972328Z   2025-11-06: 2 problems
2026-10-04T10:40:29.7526655Z   2025-11-05: 2 problems
2026-10-04T10:40:29.8904106Z   2025-11-04: 2 problems
2026-10-04T10:40:30.0402272Z   2025-11-03: 2 problems
2026-10-04T10:40:30.1901191Z   2025-11-01: 2 problems
2026-10-04T10:40:30.2888067Z   2025-10-31: 2 problems
2026-10-04T10:40:30.4395242Z   2025-10-30: 2 problems
2026-10-04T10:40:30.5915724Z   2025-10-29: 2 problems
2026-10-04T10:40:30.7651191Z   2025-10-28: 2 problems
2026-10-04T10:40:30.9158807Z   2025-10-27: 2 problems
2026-10-04T10:40:31.0895841Z   2025-10-25: 2 problems
2026-10-04T10:40:31.2548126Z   2025-10-24: 2 problems
2026-10-04T10:40:31.4155463Z   2025-10-23: 2 problems
2026-10-04T10:40:31.5557858Z   2025-10-22: 2 problems
2026-10-04T10:40:31.7127267Z   2025-10-21: 2 problems
2026-10-04T10:40:31.8851731Z   2025-10-20: 2 problems
2026-10-04T10:40:32.0455130Z   2025-10-18: 2 problems
2026-10-04T10:40:32.2204044Z   2025-10-17: 2 problems
2026-10-04T10:40:32.3872595Z   2025-10-16: 2 problems
2026-10-04T10:40:32.5568209Z   2025-10-15: 2 problems
2026-10-04T10:40:32.7362239Z   2025-10-14: 2 problems
2026-10-04T10:40:32.8779871Z   2025-10-13: 2 problems
2026-10-04T10:40:33.0338289Z   2025-10-11: 2 problems
2026-10-04T10:40:33.3661754Z   2025-10-10: 2 problems
2026-10-04T10:40:33.6118101Z   2025-10-09: 2 problems
2026-10-04T10:40:33.7479514Z   2025-10-08: 2 problems
2026-10-04T10:40:33.9756835Z   2025-10-07: 2 problems
2026-10-04T10:40:34.1240318Z   2025-10-06: 2 problems
2026-10-04T10:40:34.2841438Z   2025-10-04: 2 problems
2026-10-04T10:40:34.5341371Z   2025-10-03: 2 problems
2026-10-04T10:40:34.7611879Z   2025-10-02: 2 problems
2026-10-04T10:40:34.9249301Z   2025-10-01: 2 problems
2026-10-04T10:40:35.0732713Z   2025-09-30: 2 problems
2026-10-04T10:40:35.2298662Z   2025-09-29: 2 problems
2026-10-04T10:40:35.3851888Z   2025-09-27: 2 problems
2026-10-04T10:40:35.5232824Z   2025-09-26: 2 problems
2026-10-04T10:40:35.6908044Z   2025-09-25: 2 problems
2026-10-04T10:40:35.8772145Z   2025-09-24: 2 problems
2026-10-04T10:40:36.0256766Z   2025-09-23: 2 problems
2026-10-04T10:40:36.1724480Z   2025-09-22: 2 problems
2026-10-04T10:40:36.3408168Z   2025-09-20: 2 problems
2026-10-04T10:40:36.4876836Z   2025-09-19: 2 problems
2026-10-04T10:40:36.6452237Z   2025-09-18: 2 problems
2026-10-04T10:40:36.8006803Z   2025-09-17: 2 problems
2026-10-04T10:40:36.9610427Z   2025-09-16: 2 problems
2026-10-04T10:40:37.1344526Z   2025-09-15: 2 problems
2026-10-04T10:40:37.2799621Z   2025-09-13: 2 problems
2026-10-04T10:40:37.4408922Z   2025-09-12: 2 problems
2026-10-04T10:40:37.6686988Z   2025-09-11: 2 problems
2026-10-04T10:40:37.8307878Z   2025-09-10: 2 problems
2026-10-04T10:40:37.9838222Z   2025-09-09: 2 problems
2026-10-04T10:40:38.1669923Z   2025-09-08: 2 problems
2026-10-04T10:40:38.3960565Z   2025-09-06: 2 problems
2026-10-04T10:40:38.6594755Z   2025-09-05: 2 problems
2026-10-04T10:40:38.8029245Z   2025-09-04: 2 problems
2026-10-04T10:40:39.0374430Z   2025-09-03: 2 problems
2026-10-04T10:40:39.1843093Z   2025-09-02: 2 problems
2026-10-04T10:40:39.4106244Z   2025-09-01: 2 problems
2026-10-04T10:40:39.5666958Z   2025-08-30: 2 problems
2026-10-04T10:40:39.7164808Z   2025-08-29: 2 problems
2026-10-04T10:40:39.8978158Z   2025-08-28: 2 problems
2026-10-04T10:40:40.0450324Z   2025-08-27: 2 problems
2026-10-04T10:40:40.2855299Z   2025-08-26: 2 problems
2026-10-04T10:40:40.4440710Z   2025-08-25: 2 problems
2026-10-04T10:40:40.5974824Z   2025-08-23: 2 problems
2026-10-04T10:40:40.7494425Z   2025-08-22: 2 problems
2026-10-04T10:40:40.9015187Z   2025-08-21: 2 problems
2026-10-04T10:40:41.1389267Z   2025-08-20: 2 problems
2026-10-04T10:40:41.2953538Z   2025-08-19: 2 problems
2026-10-04T10:40:41.4578427Z   2025-08-18: 2 problems
2026-10-04T10:40:41.6038991Z   2025-08-16: 2 problems
2026-10-04T10:40:41.7733271Z   2025-08-15: 2 problems
2026-10-04T10:40:41.9154044Z   2025-08-14: 2 problems
2026-10-04T10:40:42.1499056Z   2025-08-13: 2 problems
2026-10-04T10:40:42.3781764Z   2025-08-12: 2 problems
2026-10-04T10:40:42.6016993Z   2025-08-11: 2 problems
2026-10-04T10:40:42.8332209Z   2025-08-09: 2 problems
2026-10-04T10:40:43.0235159Z   2025-08-08: 2 problems
2026-10-04T10:40:43.1968471Z   2025-08-07: 2 problems
2026-10-04T10:40:43.3522779Z   2025-08-06: 2 problems
2026-10-04T10:40:43.5054745Z   2025-08-05: 2 problems
2026-10-04T10:40:43.6686819Z   2025-08-04: 2 problems
2026-10-04T10:40:43.8378408Z   2025-08-02: 2 problems
2026-10-04T10:40:44.0058314Z   2025-08-01: 2 problems
2026-10-04T10:40:44.1580873Z   2025-07-31: 2 problems
2026-10-04T10:40:44.3857529Z   2025-07-30: 2 problems
2026-10-04T10:40:44.5484954Z   2025-07-29: 2 problems
2026-10-04T10:40:44.7926526Z   2025-07-28: 2 problems
2026-10-04T10:40:44.9723788Z   2025-07-26: 2 problems
2026-10-04T10:40:45.1238743Z   2025-07-25: 2 problems
2026-10-04T10:40:45.2818889Z   2025-07-24: 2 problems
2026-10-04T10:40:45.4438796Z   2025-07-23: 2 problems
2026-10-04T10:40:45.6025862Z   2025-07-22: 2 problems
2026-10-04T10:40:45.7529455Z   2025-07-21: 2 problems
2026-10-04T10:40:45.9063871Z   2025-07-19: 2 problems
2026-10-04T10:40:46.0636239Z   2025-07-18: 2 problems
2026-10-04T10:40:46.2066129Z   2025-07-17: 2 problems
2026-10-04T10:40:46.3610358Z   2025-07-16: 2 problems
2026-10-04T10:40:46.5889358Z   2025-07-15: 2 problems
2026-10-04T10:40:46.7768955Z   2025-07-14: 2 problems
2026-10-04T10:40:46.9335601Z   2025-07-12: 2 problems
2026-10-04T10:40:47.1025075Z   2025-07-11: 2 problems
2026-10-04T10:40:47.2571435Z   2025-07-10: 2 problems
2026-10-04T10:40:47.3962864Z   2025-07-09: 2 problems
2026-10-04T10:40:47.5837202Z   2025-07-08: 2 problems
2026-10-04T10:40:47.7542245Z   2025-07-07: 2 problems
2026-10-04T10:40:47.9212718Z   2025-07-05: 2 problems
2026-10-04T10:40:48.0692259Z   2025-07-04: 2 problems
2026-10-04T10:40:48.2230697Z   2025-07-03: 2 problems
2026-10-04T10:40:48.3928478Z   2025-07-02: 2 problems
2026-10-04T10:40:48.5549514Z   2025-07-01: 2 problems
2026-10-04T10:40:48.7280121Z   2025-06-30: 2 problems
2026-10-04T10:40:48.8742826Z   2025-06-28: 2 problems
2026-10-04T10:40:49.0320200Z   2025-06-27: 2 problems
2026-10-04T10:40:49.1765155Z   2025-06-26: 2 problems
2026-10-04T10:40:49.3239221Z   2025-06-25: 2 problems
2026-10-04T10:40:49.4967776Z   2025-06-24: 2 problems
2026-10-04T10:40:49.6652597Z   2025-06-23: 2 problems
2026-10-04T10:40:49.7776823Z   2025-06-21: 2 problems
2026-10-04T10:40:49.9384334Z   2025-06-20: 2 problems
2026-10-04T10:40:50.0842763Z   2025-06-19: 2 problems
2026-10-04T10:40:50.2438330Z   2025-06-18: 2 problems
2026-10-04T10:40:50.3966227Z   2025-06-17: 2 problems
2026-10-04T10:40:50.5547313Z   2025-06-16: 2 problems
2026-10-04T10:40:50.7274449Z   2025-06-14: 2 problems
2026-10-04T10:40:50.8874961Z   2025-06-13: 2 problems
2026-10-04T10:40:51.0401762Z   2025-06-12: 2 problems
2026-10-04T10:40:51.2076195Z   2025-06-11: 2 problems
2026-10-04T10:40:51.3819764Z   2025-06-10: 2 problems
2026-10-04T10:40:51.5358446Z   2025-06-09: 2 problems
2026-10-04T10:40:51.6849600Z   2025-06-07: 2 problems
2026-10-04T10:40:51.8467429Z   2025-06-06: 2 problems
2026-10-04T10:40:52.0301199Z   2025-06-05: 2 problems
2026-10-04T10:40:52.1798789Z   2025-06-04: 2 problems
2026-10-04T10:40:52.3264418Z   2025-06-03: 2 problems
2026-10-04T10:40:52.4874019Z   2025-06-02: 2 problems
2026-10-04T10:40:52.6412145Z   2025-05-31: 2 problems
2026-10-04T10:40:52.8030565Z   2025-05-30: 2 problems
2026-10-04T10:40:52.9684424Z   2025-05-29: 2 problems
2026-10-04T10:40:53.1527308Z   2025-05-28: 2 problems
2026-10-04T10:40:53.3052103Z   2025-05-27: 2 problems
2026-10-04T10:40:53.4623490Z   2025-05-26: 2 problems
2026-10-04T10:40:53.6311071Z   2025-05-24: 2 problems
2026-10-04T10:40:53.7770639Z   2025-05-23: 2 problems
2026-10-04T10:40:53.9307257Z   2025-05-22: 2 problems
2026-10-04T10:40:54.0937815Z   2025-05-21: 2 problems
2026-10-04T10:40:54.2464154Z   2025-05-20: 2 problems
2026-10-04T10:40:54.4069496Z   2025-05-19: 2 problems
2026-10-04T10:40:54.5682840Z   2025-05-17: 2 problems
2026-10-04T10:40:54.7209497Z   2025-05-16: 2 problems
2026-10-04T10:40:54.8889839Z   2025-05-15: 2 problems
2026-10-04T10:40:55.0681325Z   2025-05-14: 2 problems
2026-10-04T10:40:55.2161647Z   2025-05-13: 2 problems
2026-10-04T10:40:55.3779119Z   2025-05-12: 2 problems
2026-10-04T10:40:55.5518062Z   2025-05-10: 2 problems
2026-10-04T10:40:55.7131372Z   2025-05-09: 2 problems
2026-10-04T10:40:55.8847664Z   2025-05-08: 2 problems
2026-10-04T10:40:56.0470198Z   2025-05-07: 2 problems
2026-10-04T10:40:56.1909106Z   2025-05-06: 2 problems
2026-10-04T10:40:56.3497704Z   2025-05-05: 2 problems
2026-10-04T10:40:56.4990604Z   2025-05-03: 2 problems
2026-10-04T10:40:56.6477562Z   2025-05-02: 2 problems
2026-10-04T10:40:56.8143052Z   2025-05-01: 2 problems
2026-10-04T10:40:56.9817323Z   2025-04-30: 2 problems
2026-10-04T10:40:57.1369845Z   2025-04-29: 2 problems
2026-10-04T10:40:57.2966405Z   2025-04-28: 2 problems
2026-10-04T10:40:57.4561468Z   2025-04-26: 2 problems
2026-10-04T10:40:57.6057140Z   2025-04-25: 2 problems
2026-10-04T10:40:57.7671176Z   2025-04-24: 2 problems
2026-10-04T10:40:57.9178872Z   2025-04-23: 2 problems
2026-10-04T10:40:58.1169445Z   2025-04-22: 2 problems
2026-10-04T10:40:58.2834192Z   2025-04-21: 2 problems
2026-10-04T10:40:58.4447008Z   2025-04-19: 2 problems
2026-10-04T10:40:58.5927597Z   2025-04-18: 2 problems
2026-10-04T10:40:58.7469127Z   2025-04-17: 2 problems
2026-10-04T10:40:58.9884729Z   2025-04-16: 2 problems
2026-10-04T10:40:59.1394539Z   2025-04-15: 2 problems
2026-10-04T10:40:59.2902770Z   2025-04-14: 2 problems
2026-10-04T10:40:59.4488153Z   2025-04-12: 2 problems
2026-10-04T10:40:59.5975377Z   2025-04-11: 2 problems
2026-10-04T10:40:59.7547093Z   2025-04-10: 2 problems
2026-10-04T10:40:59.9053676Z   2025-04-09: 2 problems
2026-10-04T10:41:00.0602899Z   2025-04-08: 2 problems
2026-10-04T10:41:00.2169373Z   2025-04-07: 2 problems
2026-10-04T10:41:00.3708228Z   2025-04-05: 2 problems
2026-10-04T10:41:00.5384159Z   2025-04-04: 2 problems
2026-10-04T10:41:00.6928256Z   2025-04-03: 2 problems
2026-10-04T10:41:00.8510516Z   2025-04-02: 2 problems
2026-10-04T10:41:01.0014809Z   2025-04-01: 2 problems
2026-10-04T10:41:01.1520342Z   2025-03-31: 2 problems
2026-10-04T10:41:01.3085189Z   2025-03-29: 2 problems
2026-10-04T10:41:01.4683852Z   2025-03-28: 2 problems
2026-10-04T10:41:01.6443000Z   2025-03-27: 2 problems
2026-10-04T10:41:01.8074820Z   2025-03-26: 2 problems
2026-10-04T10:41:01.9706883Z   2025-03-25: 2 problems
2026-10-04T10:41:02.1354988Z   2025-03-24: 2 problems
2026-10-04T10:41:02.2967770Z   2025-03-22: 2 problems
2026-10-04T10:41:02.4735600Z   2025-03-21: 2 problems
2026-10-04T10:41:02.6544643Z   2025-03-20: 2 problems
2026-10-04T10:41:02.8357941Z   2025-03-19: 2 problems
2026-10-04T10:41:03.0868370Z   2025-03-18: 2 problems
2026-10-04T10:41:03.3261610Z   2025-03-17: 2 problems
2026-10-04T10:41:03.5199336Z   2025-03-15: 2 problems
2026-10-04T10:41:03.6983285Z   2025-03-14: 2 problems
2026-10-04T10:41:03.8830736Z   2025-03-13: 2 problems
2026-10-04T10:41:04.0798645Z   2025-03-12: 2 problems
2026-10-04T10:41:04.2831731Z   2025-03-11: 2 problems
2026-10-04T10:41:04.4747870Z   2025-03-10: 2 problems
2026-10-04T10:41:04.6193426Z   2025-03-08: 2 problems
2026-10-04T10:41:04.9725307Z   2025-03-07: 2 problems
2026-10-04T10:41:05.2452541Z   2025-03-06: 2 problems
2026-10-04T10:41:05.4110051Z   2025-03-05: 2 problems
2026-10-04T10:41:05.5754110Z   2025-03-04: 2 problems
2026-10-04T10:41:05.7614838Z   2025-03-03: 2 problems
2026-10-04T10:41:06.0391523Z   2025-03-01: 2 problems
2026-10-04T10:41:06.1963536Z   2025-02-28: 2 problems
2026-10-04T10:41:06.3814958Z   2025-02-27: 2 problems
2026-10-04T10:41:06.5468346Z   2025-02-26: 2 problems
2026-10-04T10:41:06.7159365Z   2025-02-25: 2 problems
2026-10-04T10:41:06.9045088Z   2025-02-24: 2 problems
2026-10-04T10:41:07.1088894Z   2025-02-22: 2 problems
2026-10-04T10:41:07.2773883Z   2025-02-21: 2 problems
2026-10-04T10:41:07.4776703Z   2025-02-20: 2 problems
2026-10-04T10:41:07.6732420Z   2025-02-19: 2 problems
2026-10-04T10:41:07.8299471Z   2025-02-18: 2 problems
2026-10-04T10:41:08.0177708Z   2025-02-17: 2 problems
2026-10-04T10:41:08.2064106Z   2025-02-15: 2 problems
2026-10-04T10:41:08.3916705Z   2025-02-14: 2 problems
2026-10-04T10:41:08.5688459Z   2025-02-13: 2 problems
2026-10-04T10:41:08.7419258Z   2025-02-12: 2 problems
2026-10-04T10:41:09.0073277Z   2025-02-11: 2 problems
2026-10-04T10:41:09.1867089Z   2025-02-10: 2 problems
2026-10-04T10:41:09.3559001Z   2025-02-08: 2 problems
2026-10-04T10:41:09.5397031Z   2025-02-07: 2 problems
2026-10-04T10:41:09.7355030Z   2025-02-06: 2 problems
2026-10-04T10:41:10.0060531Z   2025-02-05: 2 problems
2026-10-04T10:41:10.1871411Z   2025-02-04: 2 problems
2026-10-04T10:41:10.3644924Z   2025-02-03: 2 problems
2026-10-04T10:41:10.5410566Z   2025-02-01: 2 problems
2026-10-04T10:41:10.7202906Z   2025-01-31: 2 problems
2026-10-04T10:41:10.9111558Z   2025-01-30: 2 problems
2026-10-04T10:41:11.0897911Z   2025-01-29: 2 problems
2026-10-04T10:41:11.2757735Z   2025-01-28: 2 problems
2026-10-04T10:41:11.4388478Z   2025-01-27: 2 problems
2026-10-04T10:41:11.6977297Z   2025-01-25: 2 problems
2026-10-04T10:41:11.9645721Z   2025-01-24: 2 problems
2026-10-04T10:41:12.1519266Z   2025-01-23: 2 problems
2026-10-04T10:41:12.3760088Z   2025-01-22: 2 problems
2026-10-04T10:41:12.6314977Z   2025-01-21: 2 problems
2026-10-04T10:41:12.8210775Z   2025-01-20: 2 problems
2026-10-04T10:41:13.0149510Z   2025-01-18: 2 problems
2026-10-04T10:41:13.1979500Z   2025-01-17: 2 problems
2026-10-04T10:41:13.3817682Z   2025-01-16: 2 problems
2026-10-04T10:41:13.5664989Z   2025-01-15: 2 problems
2026-10-04T10:41:13.7813397Z   2025-01-14: 2 problems
2026-10-04T10:41:13.9540136Z   2025-01-13: 2 problems
2026-10-04T10:41:14.2032097Z   2025-01-11: 2 problems
2026-10-04T10:41:14.3973744Z   2025-01-10: 2 problems
2026-10-04T10:41:14.5805718Z   2025-01-09: 2 problems
2026-10-04T10:41:14.7919418Z   2025-01-08: 2 problems
2026-10-04T10:41:14.9569957Z   2025-01-07: 2 problems
2026-10-04T10:41:15.1488113Z   2025-01-06: 2 problems
2026-10-04T10:41:15.3394648Z   2025-01-04: 2 problems
2026-10-04T10:41:15.5399962Z   2025-01-03: 2 problems
2026-10-04T10:41:15.7170481Z   2025-01-02: 2 problems
2026-10-04T10:41:15.8932598Z   2025-01-01: 2 problems
2026-10-04T10:41:16.0542822Z   2024-12-31: 2 problems
2026-10-04T10:41:16.2122946Z   2024-12-30: 2 problems
2026-10-04T10:41:16.3783701Z   2024-12-28: 2 problems
2026-10-04T10:41:16.5629237Z   2024-12-27: 2 problems
2026-10-04T10:41:16.7607356Z   2024-12-26: 2 problems
2026-10-04T10:41:16.9585780Z   2024-12-25: 2 problems
2026-10-04T10:41:17.1567071Z   2024-12-24: 2 problems
2026-10-04T10:41:17.3420867Z   2024-12-23: 2 problems
2026-10-04T10:41:17.6612544Z   2024-12-21: 2 problems
2026-10-04T10:41:17.9115563Z   2024-12-20: 2 problems
2026-10-04T10:41:18.0910938Z   2024-12-19: 2 problems
2026-10-04T10:41:18.2678118Z   2024-12-18: 2 problems
2026-10-04T10:41:18.4372410Z   2024-12-17: 2 problems
2026-10-04T10:41:18.6015133Z   2024-12-16: 2 problems
2026-10-04T10:41:18.7661210Z   2024-12-14: 2 problems
2026-10-04T10:41:18.9747771Z   2024-12-13: 2 problems
2026-10-04T10:41:19.2367437Z   2024-12-12: 2 problems
2026-10-04T10:41:19.4218207Z   2024-12-11: 2 problems
2026-10-04T10:41:19.5967124Z   2024-12-10: 2 problems
2026-10-04T10:41:19.8045387Z   2024-12-09: 2 problems
2026-10-04T10:41:19.9999235Z   2024-12-07: 2 problems
2026-10-04T10:41:20.1577474Z   2024-12-06: 2 problems
2026-10-04T10:41:20.3538524Z   2024-12-05: 2 problems
2026-10-04T10:41:20.5333468Z   2024-12-04: 2 problems
2026-10-04T10:41:20.7392332Z   2024-12-03: 2 problems
2026-10-04T10:41:20.9129102Z   2024-12-02: 2 problems
2026-10-04T10:41:21.0942244Z   2024-11-30: 2 problems
2026-10-04T10:41:21.2559597Z   2024-11-29: 2 problems
2026-10-04T10:41:21.4299369Z   2024-11-28: 2 problems
2026-10-04T10:41:21.5970530Z   2024-11-27: 2 problems
2026-10-04T10:41:21.7710928Z   2024-11-26: 2 problems
2026-10-04T10:41:21.9425374Z   2024-11-25: 2 problems
2026-10-04T10:41:22.1234019Z   2024-11-23: 2 problems
2026-10-04T10:41:22.3113207Z   2024-11-22: 2 problems
2026-10-04T10:41:22.4163132Z   2024-11-21: 2 problems
2026-10-04T10:41:22.6042226Z   2024-11-20: 2 problems
2026-10-04T10:41:22.7811907Z   2024-11-19: 2 problems
2026-10-04T10:41:22.9540000Z   2024-11-18: 2 problems
2026-10-04T10:41:23.1322394Z   2024-11-16: 2 problems
2026-10-04T10:41:23.3382808Z   2024-11-15: 2 problems
2026-10-04T10:41:23.5231276Z   2024-11-14: 2 problems
2026-10-04T10:41:23.7090513Z   2024-11-13: 2 problems
2026-10-04T10:41:23.8839933Z   2024-11-12: 2 problems
2026-10-04T10:41:24.0459055Z   2024-11-11: 2 problems
2026-10-04T10:41:24.2138518Z   2024-11-09: 2 problems
2026-10-04T10:41:24.3984016Z   2024-11-08: 2 problems
2026-10-04T10:41:24.5705756Z   2024-11-07: 2 problems
2026-10-04T10:41:24.7484058Z   2024-11-06: 2 problems
2026-10-04T10:41:24.9125843Z   2024-11-05: 2 problems
2026-10-04T10:41:25.1061421Z   2024-11-04: 2 problems
2026-10-04T10:41:25.2922401Z   2024-11-02: 2 problems
2026-10-04T10:41:25.4562884Z   2024-11-01: 2 problems
2026-10-04T10:41:25.6263015Z   2024-10-31: 2 problems
2026-10-04T10:41:25.8199603Z   2024-10-30: 2 problems
2026-10-04T10:41:25.9774466Z   2024-10-29: 2 problems
2026-10-04T10:41:26.1578066Z   2024-10-28: 2 problems
2026-10-04T10:41:26.3542390Z   2024-10-26: 2 problems
2026-10-04T10:41:26.5264354Z   2024-10-25: 2 problems
2026-10-04T10:41:26.7078562Z   2024-10-24: 2 problems
2026-10-04T10:41:26.9032550Z   2024-10-23: 2 problems
2026-10-04T10:41:27.0923924Z   2024-10-22: 2 problems
2026-10-04T10:41:27.3437820Z   2024-10-21: 2 problems
2026-10-04T10:41:27.5366919Z   2024-10-19: 2 problems
2026-10-04T10:41:27.7013245Z   2024-10-18: 2 problems
2026-10-04T10:41:27.8839475Z   2024-10-17: 2 problems
2026-10-04T10:41:28.0744375Z   2024-10-16: 2 problems
2026-10-04T10:41:28.2677526Z   2024-10-15: 2 problems
2026-10-04T10:41:28.4526177Z   2024-10-14: 2 problems
2026-10-04T10:41:28.6324759Z   2024-10-12: 2 problems
2026-10-04T10:41:28.8133534Z   2024-10-11: 2 problems
2026-10-04T10:41:28.9809053Z   2024-10-10: 2 problems
2026-10-04T10:41:29.1439812Z   2024-10-09: 2 problems
2026-10-04T10:41:29.3455781Z   2024-10-08: 2 problems
2026-10-04T10:41:29.5206494Z   2024-10-07: 2 problems
2026-10-04T10:41:29.7013073Z   2024-10-05: 2 problems
2026-10-04T10:41:29.8722210Z   2024-10-04: 2 problems
2026-10-04T10:41:30.0412195Z   2024-10-03: 2 problems
2026-10-04T10:41:30.2252420Z   2024-10-02: 2 problems
2026-10-04T10:41:30.3874945Z   2024-10-01: 2 problems
2026-10-04T10:41:30.5543660Z   2024-09-30: 2 problems
2026-10-04T10:41:30.7441675Z   2024-09-28: 2 problems
2026-10-04T10:41:30.9376495Z   2024-09-27: 2 problems
2026-10-04T10:41:31.1234751Z   2024-09-26: 2 problems
2026-10-04T10:41:31.2918724Z   2024-09-25: 2 problems
2026-10-04T10:41:31.4244016Z   2024-09-24: 2 problems
2026-10-04T10:41:31.5826523Z   2024-09-23: 2 problems
2026-10-04T10:41:31.7605089Z   2024-09-21: 2 problems
2026-10-04T10:41:31.9396805Z   2024-09-20: 2 problems
2026-10-04T10:41:32.1030868Z   2024-09-19: 2 problems
2026-10-04T10:41:32.2965200Z   2024-09-18: 2 problems
2026-10-04T10:41:32.4687143Z   2024-09-17: 2 problems
2026-10-04T10:41:32.6170387Z   2024-09-16: 2 problems
2026-10-04T10:41:32.7849612Z   2024-09-14: 2 problems
2026-10-04T10:41:32.9589617Z   2024-09-13: 2 problems
2026-10-04T10:41:33.1911387Z   2024-09-12: 2 problems
2026-10-04T10:41:33.5084363Z   2024-09-11: 2 problems
2026-10-04T10:41:33.7641171Z   2024-09-10: 2 problems
2026-10-04T10:41:33.9409479Z   2024-09-09: 2 problems
2026-10-04T10:41:34.1030853Z   2024-09-07: 2 problems
2026-10-04T10:41:34.2766617Z   2024-09-06: 2 problems
2026-10-04T10:41:34.5465107Z   2024-09-05: 2 problems
2026-10-04T10:41:34.7890915Z   2024-09-04: 2 problems
2026-10-04T10:41:34.9430037Z   2024-09-03: 2 problems
2026-10-04T10:41:35.2417401Z   2024-09-02: 2 problems
2026-10-04T10:41:35.3994317Z   2024-08-31: 2 problems
2026-10-04T10:41:35.5570750Z   2024-08-30: 2 problems
2026-10-04T10:41:35.7208310Z   2024-08-29: 2 problems
2026-10-04T10:41:35.8749618Z   2024-08-28: 2 problems
2026-10-04T10:41:36.0262101Z   2024-08-27: 2 problems
2026-10-04T10:41:36.1919660Z   2024-08-26: 2 problems
2026-10-04T10:41:36.3702759Z   2024-08-24: 2 problems
2026-10-04T10:41:36.5288294Z   2024-08-23: 2 problems
2026-10-04T10:41:36.6936542Z   2024-08-22: 2 problems
2026-10-04T10:41:36.8543681Z   2024-08-21: 2 problems
2026-10-04T10:41:37.0339699Z   2024-08-20: 2 problems
2026-10-04T10:41:37.1920022Z   2024-08-19: 2 problems
2026-10-04T10:41:37.6652132Z   2024-08-17: 2 problems
2026-10-04T10:41:37.8248559Z   2024-08-16: 2 problems
2026-10-04T10:41:38.0649989Z   2024-08-15: 2 problems
2026-10-04T10:41:38.2776058Z   2024-08-14: 2 problems
2026-10-04T10:41:38.4279890Z   2024-08-13: 2 problems
2026-10-04T10:41:38.5847168Z   2024-08-12: 2 problems
2026-10-04T10:41:38.7391793Z   2024-08-10: 2 problems
2026-10-04T10:41:38.9325970Z   2024-08-09: 2 problems
2026-10-04T10:41:39.1687406Z   2024-08-08: 2 problems
2026-10-04T10:41:39.3318357Z   2024-08-07: 2 problems
2026-10-04T10:41:39.4773683Z   2024-08-06: 2 problems
2026-10-04T10:41:39.6281418Z   2024-08-05: 2 problems
2026-10-04T10:41:39.7909364Z   2024-08-03: 2 problems
2026-10-04T10:41:39.9464389Z   2024-08-02: 2 problems
2026-10-04T10:41:40.1139013Z   2024-08-01: 2 problems
2026-10-04T10:41:40.2623488Z   2024-07-31: 2 problems
2026-10-04T10:41:40.4113169Z   2024-07-30: 2 problems
2026-10-04T10:41:40.5728984Z   2024-07-29: 2 problems
2026-10-04T10:41:40.7511536Z   2024-07-27: 2 problems
2026-10-04T10:41:40.9213981Z   2024-07-26: 2 problems
2026-10-04T10:41:41.0828666Z   2024-07-25: 2 problems
2026-10-04T10:41:41.2382761Z   2024-07-24: 2 problems
2026-10-04T10:41:41.3993929Z   2024-07-23: 2 problems
2026-10-04T10:41:41.5500855Z   2024-07-22: 2 problems
2026-10-04T10:41:41.7943462Z   2024-07-20: 2 problems
2026-10-04T10:41:41.9489328Z   2024-07-19: 2 problems
2026-10-04T10:41:42.1068822Z   2024-07-18: 2 problems
2026-10-04T10:41:42.2702706Z   2024-07-17: 2 problems
2026-10-04T10:41:42.4231688Z   2024-07-16: 2 problems
2026-10-04T10:41:42.5819631Z   2024-07-15: 2 problems
2026-10-04T10:41:42.7392175Z   2024-07-13: 2 problems
2026-10-04T10:41:42.8341366Z   2024-07-12: 2 problems
2026-10-04T10:41:42.9808793Z   2024-07-11: 2 problems
2026-10-04T10:41:43.1487505Z   2024-07-10: 2 problems
2026-10-04T10:41:43.3119386Z   2024-07-09: 2 problems
2026-10-04T10:41:43.4594256Z   2024-07-08: 2 problems
2026-10-04T10:41:43.6215643Z   2024-07-06: 2 problems
2026-10-04T10:41:43.7708842Z   2024-07-05: 2 problems
2026-10-04T10:41:43.9297498Z   2024-07-04: 2 problems
2026-10-04T10:41:44.0960590Z   2024-07-03: 2 problems
2026-10-04T10:41:44.2425426Z   2024-07-02: 2 problems
2026-10-04T10:41:44.3773458Z   2024-07-01: 2 problems
2026-10-04T10:41:44.5401782Z   2024-06-29: 2 problems
2026-10-04T10:41:44.7066748Z   2024-06-28: 2 problems
2026-10-04T10:41:44.8596672Z   2024-06-27: 2 problems
2026-10-04T10:41:45.0982868Z   2024-06-26: 2 problems
2026-10-04T10:41:45.2484694Z   2024-06-25: 2 problems
2026-10-04T10:41:45.4169240Z   2024-06-24: 2 problems
2026-10-04T10:41:45.5824550Z   2024-06-22: 2 problems
2026-10-04T10:41:45.7569541Z   2024-06-21: 2 problems
2026-10-04T10:41:45.9103848Z   2024-06-20: 2 problems
2026-10-04T10:41:46.0627833Z   2024-06-19: 2 problems
2026-10-04T10:41:46.2192425Z   2024-06-18: 2 problems
2026-10-04T10:41:46.3625560Z   2024-06-17: 2 problems
2026-10-04T10:41:46.5066279Z   2024-06-15: 2 problems
2026-10-04T10:41:46.6561997Z   2024-06-14: 2 problems
2026-10-04T10:41:46.8134137Z   2024-06-13: 2 problems
2026-10-04T10:41:46.9799891Z   2024-06-12: 2 problems
2026-10-04T10:41:47.1362305Z   2024-06-11: 2 problems
2026-10-04T10:41:47.2918525Z   2024-06-10: 2 problems
2026-10-04T10:41:47.4525997Z   2024-06-08: 2 problems
2026-10-04T10:41:47.6379534Z   2024-06-07: 2 problems
2026-10-04T10:41:47.8067260Z   2024-06-06: 2 problems
2026-10-04T10:41:47.9536423Z   2024-06-05: 2 problems
2026-10-04T10:41:48.1001528Z   2024-06-04: 2 problems
2026-10-04T10:41:48.2495402Z   2024-06-03: 2 problems
2026-10-04T10:41:48.3995292Z   2024-06-01: 2 problems
2026-10-04T10:41:48.5535647Z   2024-05-31: 2 problems
2026-10-04T10:41:48.7247566Z   2024-05-30: 2 problems
2026-10-04T10:41:48.8940423Z   2024-05-29: 2 problems
2026-10-04T10:41:49.0629346Z   2024-05-28: 2 problems
2026-10-04T10:41:49.2797753Z   2024-05-27: 2 problems
2026-10-04T10:41:49.4218202Z   2024-05-25: 2 problems
2026-10-04T10:41:49.5835025Z   2024-05-24: 2 problems
2026-10-04T10:41:49.7386176Z   2024-05-23: 2 problems
2026-10-04T10:41:49.9019171Z   2024-05-22: 2 problems
2026-10-04T10:41:50.0745855Z   2024-05-21: 2 problems
2026-10-04T10:41:50.2209906Z   2024-05-20: 2 problems
2026-10-04T10:41:50.3829394Z   2024-05-18: 2 problems
2026-10-04T10:41:50.5649195Z   2024-05-17: 2 problems
2026-10-04T10:41:50.7227435Z   2024-05-16: 2 problems
2026-10-04T10:41:50.8926538Z   2024-05-15: 2 problems
2026-10-04T10:41:51.0400985Z   2024-05-14: 2 problems
2026-10-04T10:41:51.1907169Z   2024-05-13: 2 problems
2026-10-04T10:41:51.3398938Z   2024-05-11: 2 problems
2026-10-04T10:41:51.5129805Z   2024-05-10: 2 problems
2026-10-04T10:41:51.6705047Z   2024-05-09: 2 problems
2026-10-04T10:41:51.8266790Z   2024-05-08: 2 problems
2026-10-04T10:41:51.9856524Z   2024-05-07: 2 problems
2026-10-04T10:41:52.1527666Z   2024-05-06: 2 problems
2026-10-04T10:41:52.3003084Z   2024-05-04: 2 problems
2026-10-04T10:41:52.4483983Z   2024-05-03: 2 problems
2026-10-04T10:41:52.6003744Z   2024-05-02: 2 problems
2026-10-04T10:41:52.7657121Z   2024-05-01: 2 problems
2026-10-04T10:41:52.9648651Z   2024-04-30: 2 problems
2026-10-04T10:41:53.1282293Z   2024-04-29: 2 problems
2026-10-04T10:41:53.3147114Z   2024-04-27: 2 problems
2026-10-04T10:41:53.4752719Z   2024-04-26: 2 problems
2026-10-04T10:41:53.6245441Z   2024-04-25: 2 problems
2026-10-04T10:41:53.7794687Z   2024-04-24: 2 problems
2026-10-04T10:41:53.9349614Z   2024-04-23: 2 problems
2026-10-04T10:41:54.0995856Z   2024-04-22: 2 problems
2026-10-04T10:41:54.2558034Z   2024-04-20: 2 problems
2026-10-04T10:41:54.4061682Z   2024-04-19: 2 problems
2026-10-04T10:41:54.5763306Z   2024-04-18: 2 problems
2026-10-04T10:41:54.7315050Z   2024-04-17: 2 problems
2026-10-04T10:41:54.9021332Z   2024-04-16: 2 problems
2026-10-04T10:41:55.0470997Z   2024-04-15: 2 problems
2026-10-04T10:41:55.2861704Z   2024-04-13: 2 problems
2026-10-04T10:41:55.4684024Z   2024-04-12: 2 problems
2026-10-04T10:41:55.6245005Z   2024-04-11: 2 problems
2026-10-04T10:41:55.7774397Z   2024-04-10: 2 problems
2026-10-04T10:41:55.9427306Z   2024-04-09: 2 problems
2026-10-04T10:41:56.1102770Z   2024-04-08: 2 problems
2026-10-04T10:41:56.2812227Z   2024-04-06: 2 problems
2026-10-04T10:41:56.4592901Z   2024-04-05: 2 problems
2026-10-04T10:41:56.6236883Z   2024-04-04: 2 problems
2026-10-04T10:41:56.8001825Z   2024-04-03: 2 problems
2026-10-04T10:41:56.9544484Z   2024-04-02: 2 problems
2026-10-04T10:41:57.1190899Z   2024-04-01: 2 problems
2026-10-04T10:42:02.9004996Z   2024-03-30: 2 problems
2026-10-04T10:42:03.1572142Z   2024-03-29: 2 problems
2026-10-04T10:42:03.3230198Z   2024-03-28: 2 problems
2026-10-04T10:42:03.4840715Z   2024-03-27: 2 problems
2026-10-04T10:42:03.6321358Z   2024-03-26: 2 problems
2026-10-04T10:42:03.8494117Z   2024-03-25: 2 problems
2026-10-04T10:42:04.0107565Z   2024-03-23: 2 problems
2026-10-04T10:42:04.2873110Z   2024-03-22: 2 problems
2026-10-04T10:42:04.4578199Z   2024-03-21: 2 problems
2026-10-04T10:42:04.7329318Z   2024-03-20: 2 problems
2026-10-04T10:42:04.9673118Z   2024-03-19: 2 problems
2026-10-04T10:42:05.2735448Z   2024-03-18: 2 problems
2026-10-04T10:42:05.4256616Z   2024-03-16: 2 problems
2026-10-04T10:42:05.5991278Z   2024-03-15: 2 problems
2026-10-04T10:42:05.7564367Z   2024-03-14: 2 problems
2026-10-04T10:42:05.9384695Z   2024-03-13: 2 problems
2026-10-04T10:42:06.0899937Z   2024-03-12: 2 problems
2026-10-04T10:42:06.2542499Z   2024-03-11: 2 problems
2026-10-04T10:42:06.4054839Z   2024-03-09: 2 problems
2026-10-04T10:42:06.6490622Z   2024-03-08: 2 problems
2026-10-04T10:42:06.8189969Z   2024-03-07: 2 problems
2026-10-04T10:42:07.0534749Z   2024-03-06: 2 problems
2026-10-04T10:42:07.1974616Z   2024-03-05: 2 problems
2026-10-04T10:42:07.3548020Z   2024-03-04: 2 problems
2026-10-04T10:42:07.5112771Z   2024-03-02: 2 problems
2026-10-04T10:42:07.6791345Z   2024-03-01: 2 problems
2026-10-04T10:42:07.8466703Z   2024-02-29: 2 problems
2026-10-04T10:42:08.0166402Z   2024-02-28: 2 problems
2026-10-04T10:42:08.1846369Z   2024-02-27: 2 problems
2026-10-04T10:42:08.3371408Z   2024-02-26: 2 problems
2026-10-04T10:42:08.3374628Z Building categories...
2026-10-04T10:42:09.9434210Z Wrote /home/runner/work/ys_problem_web/ys_problem_web/data/daily.json (813 days, 21 categories).
2026-10-04T10:42:09.9435099Z Syncing leaderboard (records.js from gh-pages)...
2026-10-04T10:42:10.0269627Z   ✓ 361 players, data through 2026-10-03
2026-10-04T10:42:10.0485410Z ##[group]Run node scripts/translate-ai.mjs
2026-10-04T10:42:10.0485822Z [36;1mnode scripts/translate-ai.mjs[0m
2026-10-04T10:42:10.0548920Z shell: /usr/bin/bash -e {0}
2026-10-04T10:42:10.0549179Z env:
2026-10-04T10:42:10.0549541Z   AI_BASE_URL: ***
2026-10-04T10:42:10.0549876Z   AI_API_KEY: ***
2026-10-04T10:42:10.0550125Z   AI_MODEL: deepseek-v4-flash
2026-10-04T10:42:10.0550380Z   AI_TRANSLATE_LIMIT: 60
2026-10-04T10:42:10.0550618Z ##[endgroup]
2026-10-04T10:42:10.0924036Z (node:5041) [MODULE_TYPELESS_PACKAGE_JSON] Warning: Module type of file:///home/runner/work/ys_problem_web/ys_problem_web/lib/mt-protect.js is not specified and it doesn't parse as CommonJS.
2026-10-04T10:42:10.0925577Z Reparsing as ES module because module syntax was detected. This incurs a performance overhead.
2026-10-04T10:42:10.0926655Z To eliminate this warning, add "type": "module" to /home/runner/work/ys_problem_web/ys_problem_web/package.json.
2026-10-04T10:42:10.0927697Z (Use `node --trace-warnings ...` to show where the warning was created)
2026-10-04T10:42:10.1851049Z GYM101798H: 6 segment(s) to translate
2026-10-04T10:42:16.5409999Z   ✓ output[0]: 如果给定图不是圆柱形的，则输出“NO”。否则，输出“YES”，随后两行，每行按以下格式包含一个环…
2026-10-04T10:42:21.0627942Z   ✓ output[1]: c1 c2 ... ![](https://espresso.codeforces.com/da…
2026-10-04T10:42:25.2946275Z   ✓ output[2]: - 环中的每一对相邻节点必须在输入中由一条边连接。此外，环中的第一个节点和最后一个节点也必须连接…
2026-10-04T10:42:29.2753104Z   ✓ output[3]: - 第一个环中的第 i 个节点必须连接到第二个环中的第 i 个节点。…
2026-10-04T10:42:33.5331342Z   ✓ output[4]: - n 个节点中的每一个都必须恰好属于其中一个环。…
2026-10-04T10:42:37.8894755Z   ✓ output[5]: 如果有多个解，你可以输出任意一个。…
2026-10-04T10:42:38.1907215Z GYM101798G: 6 segment(s) to translate
2026-10-04T10:42:45.1374448Z   ✓ title[0]: G. 世界马克杯 (B)…
2026-10-04T10:42:49.0090824Z   ✓ legend[0]: 锦标赛的组织者希望确保球迷们能获得极大的乐趣，为此，他们决定重新安排各支球队，以便在锦标赛中打进…
2026-10-04T10:42:53.7061438Z   ✓ legend[1]: 你能帮忙计算一下，如果对队伍进行最优重新排列，最多能进多少球吗？…
2026-10-04T10:42:59.7262347Z   ✓ input[0]: 输入的第一行包含一个整数 n（2 ≤ n ≤ 218），表示参加锦标赛的队伍数量。保证队伍数量是…
2026-10-04T10:43:05.7530613Z   ✓ input[1]: 第二行包含 n 个互不相同的整数，第 i 个整数为 si（1 ≤ si ≤ 109），表示第 i…
2026-10-04T10:43:10.2025202Z   ✓ output[0]: 在一行上，输出如果重新排列队伍以使该数量最大化时，锦标赛中可能得分的最大进球数。…
2026-10-04T10:43:10.5046981Z GYM105109D: 8 segment(s) to translate
2026-10-04T10:43:14.9166247Z   ✓ title[0]: D. 统计记录…
2026-10-04T10:43:19.1623040Z   ✗ legend[0] — placeholder mangled
2026-10-04T10:43:24.9601557Z   ✓ legend[1]: Michael 最喜欢的艺术家 Jackson 最近以空前的速度开始发布新歌。Michael 想…
2026-10-04T10:43:34.3726107Z   ✓ legend[2]: 迈克尔使用函数 $$$f(x)$$$ 来估计第 $$$x$$$ 天发布的记录数。如上所述，迈克尔…
2026-10-04T10:43:38.7233963Z   ✓ legend[3]: 给定 $$$1 \leq x \leq n$$$ 的 $$$f(x)$$$ 值，帮助 Micha…
2026-10-04T10:43:57.2463922Z   ✓ input[0]: 输入的第一行包含两个用空格分隔的整数，$$$n$$$ ($$$1 \leq n \leq 50$…
2026-10-04T10:44:03.0617568Z   ✓ input[1]: 输入的第二行包含 $$$n$$$ 个以空格分隔的整数，其中第 $$$i^\text{th}$$$…
2026-10-04T10:44:08.0614017Z   ✓ output[0]: 输出单个整数 $$$$$$f(k) \bmod {10^9+7}$$$$$$ —— 第 $$$$…
2026-10-04T10:44:08.3622015Z GYM104518F: 10 segment(s) to translate
2026-10-04T10:44:11.8353369Z   ✓ title[0]: F. 假期…
2026-10-04T10:44:16.0142871Z   ✓ legend[0]: ![](https://espresso.codeforces.com/a3d26e8c4e75…
2026-10-04T10:44:25.7088773Z   ✓ legend[1]: Technoblade 终于决定去度假了。他决定游览一长串城市，并雇你来为他制定旅行计划。为此，…
2026-10-04T10:44:30.0255293Z   ✓ legend[2]: 现在由你决定访问城市的顺序。该计划必须从家乡（编号 1）出发，并在那里结束。此外，每座城市都必须…
2026-10-04T10:44:36.3323453Z   ✓ legend[3]: 由于 Technoblade 正在度假，他不太在意钱，任何代价不超过最优方案代价的 $$$2$$…
2026-10-04T10:44:40.8858602Z   ✓ legend[4]: ![](https://espresso.codeforces.com/26114dab4255…
2026-10-04T10:44:45.5574348Z   ✓ legend[5]: 注意，费用最低的方案的费用为 $$$8$$$。$$$1 \rightarrow 2 \right…
2026-10-04T10:44:50.9179474Z   ✓ legend[6]: 然而，方案 $$$1 \rightarrow 2 \rightarrow 3 \rightarr…
2026-10-04T10:44:55.1173162Z   ✓ input[0]: 第一行包含 2 个整数 $$$1 \leq N \leq 3 \cdot 10^5$$$ 和 $…
2026-10-04T10:45:00.5857784Z   ✓ output[0]: 在第一行输出你找到的方案的花费。在第二行，输出一个整数 $$$K$$$，表示你方案中的城市数量。…
2026-10-04T10:45:00.8872616Z GYM104487L: 8 segment(s) to translate
2026-10-04T10:45:04.2615011Z   ✓ title[0]: L. 圆…
2026-10-04T10:45:10.0475888Z   ✓ legend[0]: Geo Ghaffar 成了老板，他不想对 Da7doo7 说“你被解雇了”，于是对他说“解决这…
2026-10-04T10:45:15.8106015Z   ✓ legend[1]: 给定 $$$n$$$ 个不同的点，它们位于一个坐标为整数的 $$$2D$$$ 平面上。你需要画一…
2026-10-04T10:45:20.2739138Z   ✓ legend[2]: ![](https://espresso.codeforces.com/37a5db087b92…
2026-10-04T10:45:24.4336518Z   ✓ input[0]: 输入的第一行包含一个整数 $$$T$$$($$$1 \le T \le 100$$$)，表示测试…
2026-10-04T10:45:28.6695478Z   ✓ input[1]: 对于每个测试用例，第一行包含一个整数 $$$n$$$($$$2 \le n \le 200$$$…
2026-10-04T10:45:35.3928888Z   ✓ input[2]: 保证所有测试用例的 $$$n$$$ 之和不超过 $$$200$$$。…
2026-10-04T10:45:38.7277980Z   ✓ output[0]: 对于每个测试用例，在一行中输出答案。…
2026-10-04T10:45:39.0299642Z GYM106712F: 6 segment(s) to translate
2026-10-04T10:45:42.9656315Z   ✓ title[0]: F. 德克萨斯大小的数…
2026-10-04T10:45:47.6295458Z   ✓ legend[0]: 有一天，Johnny 想到了一个非负整数 $$$n$$$，但不幸的是，他觉得这个数太小了。…
2026-10-04T10:45:57.7620207Z   ✓ legend[1]: 为了让这个数变得更大，Johnny 决定把这个数变成一个 Texas-Sized Number。…
2026-10-04T10:46:07.9328553Z   ✓ legend[2]: 然而，因为这个数计算起来太耗时，Johnny 只对 $$$n$$$ 的 Texas-Sized …
2026-10-04T10:46:14.5932458Z   ✓ input[0]: 第一行包含一个非负整数 $$$n$$$ —— Johnny 所想的数。这个整数最多可以有 $$$…
2026-10-04T10:46:20.7472074Z   ✓ output[0]: 输出一个整数——$$$n$$$ 的 Texas-Sized Number 中出现次数最多的数字。…
2026-10-04T10:46:21.0486793Z GYM106710E: 11 segment(s) to translate
2026-10-04T10:46:26.0647367Z   ✓ title[0]: E. 期望拍击…
2026-10-04T10:46:32.8824591Z   ✓ legend[0]: 灭霸有一个数组，其长度是 2 的幂。在他看到它之前，每个元素都从整数 $$$1,2,\ldots…
2026-10-04T10:46:37.7252762Z   ✓ legend[1]: 若一个数组是非递减的，则称其是有序的。只要当前数组尚未有序，Thanos 就会打一个响指：…
2026-10-04T10:46:42.0312455Z   ✓ legend[2]: 以概率 $$$1/2$$$，他保留左半部分并丢弃右半部分；…
2026-10-04T10:46:46.0286203Z   ✓ legend[3]: 以概率 $$$1/2$$$，他保留右半部分并丢弃左半部分。…
2026-10-04T10:46:51.1936137Z   ✓ legend[4]: 所有 snap 选择彼此独立，并且与初始数组无关。每次 snap 之后，他都会再次检查剩余数组。…
2026-10-04T10:47:03.1296398Z   ✓ legend[5]: 初始长度为 $$$N=2^n$$$。求 snap 次数的期望，其中期望同时对随机初始数组和所有 …
2026-10-04T10:47:07.6471585Z   ✓ input[0]: 唯一一行包含两个整数 $$$n$$$ 和 $$$K$$$ —— 初始长度的指数与可能值的数量。$…
2026-10-04T10:47:12.6672831Z   ✓ input[1]: 保证 $$$nK$$$ 不超过 20000000。…
2026-10-04T10:47:21.8098049Z   ✓ output[0]: 设 snaps 的期望次数为有理数 $$$p/q$$$，其中 $$$p$$$ 与 $$$q$$$…
2026-10-04T10:47:35.0286025Z   ✓ note[0]: 对于 $$$n=1$$$ 和 $$$K=2$$$，唯一未排序的初始数组是 $$$[2,1]$$$…
2026-10-04T10:47:35.3304247Z GYM106706M: 13 segment(s) to translate
2026-10-04T10:47:40.7233656Z   ✓ title[0]: M. 3 的幂afweya…
2026-10-04T10:47:45.2153534Z   ✓ legend[0]: 给定一个从 $$$1$$$ 到 $$$N$$$ 的整数的排列 $$$P = (P_1, P_2,…
2026-10-04T10:47:50.8181161Z   ✓ legend[1]: 对于子数组 $$$P[l \dots r] = (P_l, P_{l+1}, \dots, P_…
2026-10-04T10:47:54.7423004Z   ✓ legend[2]: 其中：…
2026-10-04T10:47:58.9795598Z   ✗ legend[3] — placeholder mangled
2026-10-04T10:48:01.2823286Z Done: 58 segment(s) translated (hit limit 60).
2026-10-04T10:48:01.2958392Z ##[group]Run CF_STATEMENTS=0 TRANSLATE=0 node scripts/update-data.mjs
2026-10-04T10:48:01.2959268Z [36;1mCF_STATEMENTS=0 TRANSLATE=0 node scripts/update-data.mjs[0m
2026-10-04T10:48:01.3040859Z shell: /usr/bin/bash -e {0}
2026-10-04T10:48:01.3041115Z env:
2026-10-04T10:48:01.3044040Z   GITHUB_TOKEN: ***
2026-10-04T10:48:01.3044426Z ##[endgroup]
2026-10-04T10:48:01.4287161Z Discovering daily problem folders...
2026-10-04T10:48:02.2588085Z Found 813 days, syncing the most recent 813.
2026-10-04T10:48:02.8134490Z   2026-10-03: 2 problems
2026-10-04T10:48:03.0023604Z   2026-10-02: 2 problems
2026-10-04T10:48:03.2742464Z   2026-10-01: 2 problems
2026-10-04T10:48:03.5399788Z   2026-09-30: 2 problems
2026-10-04T10:48:03.7771066Z   2026-09-29: 2 problems
2026-10-04T10:48:03.9532072Z   2026-09-28: 2 problems
2026-10-04T10:48:04.1254730Z   2026-09-26: 2 problems
2026-10-04T10:48:04.3135098Z   2026-09-25: 2 problems
2026-10-04T10:48:04.4885880Z   2026-09-24: 2 problems
2026-10-04T10:48:04.6531735Z   2026-09-23: 2 problems
2026-10-04T10:48:04.8101275Z   2026-09-22: 2 problems
2026-10-04T10:48:05.0666501Z   2026-09-21: 2 problems
2026-10-04T10:48:05.2299384Z   2026-09-19: 2 problems
2026-10-04T10:48:05.4754523Z   2026-09-18: 2 problems
2026-10-04T10:48:05.6532485Z   2026-09-17: 2 problems
2026-10-04T10:48:05.8235520Z   2026-09-16: 2 problems
2026-10-04T10:48:05.9981238Z   2026-09-15: 2 problems
2026-10-04T10:48:06.1099133Z   2026-09-14: 2 problems
2026-10-04T10:48:06.4348976Z   2026-09-12: 2 problems
2026-10-04T10:48:06.6069533Z   2026-09-11: 2 problems
2026-10-04T10:48:06.7809167Z   2026-09-10: 2 problems
2026-10-04T10:48:06.9379251Z   2026-09-09: 2 problems
2026-10-04T10:48:07.1592215Z   2026-09-08: 2 problems
2026-10-04T10:48:07.3221447Z   2026-09-07: 2 problems
2026-10-04T10:48:07.5073804Z   2026-09-05: 2 problems
2026-10-04T10:48:07.6651529Z   2026-09-04: 2 problems
2026-10-04T10:48:07.8209793Z   2026-09-03: 2 problems
2026-10-04T10:48:08.0071924Z   2026-09-02: 2 problems
2026-10-04T10:48:08.1760283Z   2026-09-01: 2 problems
2026-10-04T10:48:08.3492223Z   2026-08-31: 2 problems
2026-10-04T10:48:08.5214036Z   2026-08-29: 2 problems
2026-10-04T10:48:08.6915654Z   2026-08-28: 2 problems
2026-10-04T10:48:08.8621011Z   2026-08-27: 2 problems
2026-10-04T10:48:09.0095329Z   2026-08-26: 2 problems
2026-10-04T10:48:09.1687825Z   2026-08-25: 2 problems
2026-10-04T10:48:09.3351791Z   2026-08-24: 2 problems
2026-10-04T10:48:09.4833469Z   2026-08-22: 2 problems
2026-10-04T10:48:09.6540842Z   2026-08-21: 2 problems
2026-10-04T10:48:09.8507936Z   2026-08-20: 2 problems
2026-10-04T10:48:10.0700784Z   2026-08-19: 2 problems
2026-10-04T10:48:10.2258974Z   2026-08-18: 2 problems
2026-10-04T10:48:10.3873902Z   2026-08-17: 2 problems
2026-10-04T10:48:10.5570966Z   2026-08-15: 2 problems
2026-10-04T10:48:10.7259385Z   2026-08-14: 2 problems
2026-10-04T10:48:10.8696007Z   2026-08-13: 2 problems
2026-10-04T10:48:11.0304264Z   2026-08-12: 2 problems
2026-10-04T10:48:11.1892575Z   2026-08-11: 2 problems
2026-10-04T10:48:11.3499786Z   2026-08-10: 2 problems
2026-10-04T10:48:11.5100966Z   2026-08-08: 2 problems
2026-10-04T10:48:11.6721240Z   2026-08-07: 2 problems
2026-10-04T10:48:11.9133198Z   2026-08-06: 2 problems
2026-10-04T10:48:12.0793198Z   2026-08-05: 2 problems
2026-10-04T10:48:12.2582163Z   2026-08-04: 2 problems
2026-10-04T10:48:12.4148961Z   2026-08-03: 2 problems
2026-10-04T10:48:12.5915666Z   2026-08-01: 2 problems
2026-10-04T10:48:12.7132903Z   2026-07-31: 2 problems
2026-10-04T10:48:12.8841349Z   2026-07-30: 2 problems
2026-10-04T10:48:13.0537452Z   2026-07-29: 2 problems
2026-10-04T10:48:13.2230974Z   2026-07-28: 2 problems
2026-10-04T10:48:13.3802747Z   2026-07-27: 2 problems
2026-10-04T10:48:13.5397337Z   2026-07-25: 2 problems
2026-10-04T10:48:13.6943865Z   2026-07-24: 2 problems
2026-10-04T10:48:13.8477361Z   2026-07-23: 2 problems
2026-10-04T10:48:14.0051169Z   2026-07-22: 2 problems
2026-10-04T10:48:14.1622668Z   2026-07-21: 2 problems
2026-10-04T10:48:14.3061608Z   2026-07-16: 2 problems
2026-10-04T10:48:14.4618015Z   2026-07-15: 2 problems
2026-10-04T10:48:14.6258349Z   2026-07-14: 2 problems
2026-10-04T10:48:14.8123253Z   2026-07-13: 2 problems
2026-10-04T10:48:14.9654708Z   2026-07-11: 2 problems
2026-10-04T10:48:15.1338749Z   2026-07-10: 2 problems
2026-10-04T10:48:15.3123647Z   2026-07-09: 2 problems
2026-10-04T10:48:15.4716735Z   2026-07-08: 2 problems
2026-10-04T10:48:15.6370444Z   2026-07-07: 2 problems
2026-10-04T10:48:15.7922287Z   2026-07-06: 2 problems
2026-10-04T10:48:15.9565253Z   2026-07-04: 2 problems
2026-10-04T10:48:16.1412121Z   2026-07-03: 2 problems
2026-10-04T10:48:16.2845537Z   2026-07-02: 2 problems
2026-10-04T10:48:16.4330197Z   2026-07-01: 2 problems
2026-10-04T10:48:16.5773143Z   2026-06-30: 2 problems
2026-10-04T10:48:16.7470885Z   2026-06-29: 2 problems
2026-10-04T10:48:16.9262627Z   2026-06-27: 2 problems
2026-10-04T10:48:17.0979786Z   2026-06-26: 2 problems
2026-10-04T10:48:17.2847787Z   2026-06-25: 2 problems
2026-10-04T10:48:17.4665112Z   2026-06-24: 2 problems
2026-10-04T10:48:17.6192398Z   2026-06-23: 2 problems
2026-10-04T10:48:17.7688150Z   2026-06-22: 2 problems
2026-10-04T10:48:17.8736119Z   2026-06-20: 1 problems
2026-10-04T10:48:18.0215745Z   2026-06-19: 2 problems
2026-10-04T10:48:18.1887624Z   2026-06-18: 2 problems
2026-10-04T10:48:18.3502001Z   2026-06-17: 2 problems
2026-10-04T10:48:18.5058744Z   2026-06-16: 2 problems
2026-10-04T10:48:18.6597032Z   2026-06-15: 2 problems
2026-10-04T10:48:18.8271562Z   2026-06-13: 2 problems
2026-10-04T10:48:19.0063944Z   2026-06-12: 2 problems
2026-10-04T10:48:19.1733730Z   2026-06-11: 2 problems
2026-10-04T10:48:19.3338426Z   2026-06-10: 2 problems
2026-10-04T10:48:19.4857149Z   2026-06-09: 2 problems
2026-10-04T10:48:19.6448394Z   2026-06-08: 2 problems
2026-10-04T10:48:19.7941599Z   2026-06-06: 2 problems
2026-10-04T10:48:19.9366756Z   2026-06-05: 2 problems
2026-10-04T10:48:20.0878100Z   2026-06-04: 2 problems
2026-10-04T10:48:20.1478695Z   2026-06-03: 2 problems
2026-10-04T10:48:20.3071365Z   2026-06-02: 2 problems
2026-10-04T10:48:20.4691661Z   2026-06-01: 2 problems
2026-10-04T10:48:20.6144860Z   2026-05-30: 2 problems
2026-10-04T10:48:20.7742968Z   2026-05-29: 2 problems
2026-10-04T10:48:20.9991704Z   2026-05-28: 2 problems
2026-10-04T10:48:21.1542403Z   2026-05-27: 2 problems
2026-10-04T10:48:21.2684365Z   2026-05-26: 2 problems
2026-10-04T10:48:21.4088701Z   2026-05-25: 2 problems
2026-10-04T10:48:21.5577047Z   2026-05-23: 2 problems
2026-10-04T10:48:21.7169382Z   2026-05-22: 2 problems
2026-10-04T10:48:21.8780150Z   2026-05-21: 2 problems
2026-10-04T10:48:22.0682466Z   2026-05-20: 2 problems
2026-10-04T10:48:22.2192240Z   2026-05-19: 2 problems
2026-10-04T10:48:22.3774441Z   2026-05-18: 2 problems
2026-10-04T10:48:22.5262931Z   2026-05-16: 2 problems
2026-10-04T10:48:22.6774973Z   2026-05-15: 2 problems
2026-10-04T10:48:22.8246002Z   2026-05-14: 2 problems
2026-10-04T10:48:22.9889440Z   2026-05-13: 2 problems
2026-10-04T10:48:23.1321296Z   2026-05-12: 2 problems
2026-10-04T10:48:23.2889738Z   2026-05-11: 2 problems
2026-10-04T10:48:23.4410437Z   2026-05-09: 2 problems
2026-10-04T10:48:23.5949169Z   2026-05-08: 2 problems
2026-10-04T10:48:23.7387117Z   2026-05-07: 2 problems
2026-10-04T10:48:23.9054248Z   2026-05-06: 2 problems
2026-10-04T10:48:24.0822533Z   2026-05-05: 2 problems
2026-10-04T10:48:24.2351003Z   2026-05-04: 2 problems
2026-10-04T10:48:24.4036488Z   2026-05-02: 2 problems
2026-10-04T10:48:24.5816935Z   2026-05-01: 2 problems
2026-10-04T10:48:24.7281725Z   2026-04-30: 2 problems
2026-10-04T10:48:24.8781206Z   2026-04-29: 2 problems
2026-10-04T10:48:25.0395628Z   2026-04-28: 2 problems
2026-10-04T10:48:25.1884557Z   2026-04-27: 2 problems
2026-10-04T10:48:25.3550871Z   2026-04-25: 2 problems
2026-10-04T10:48:25.5091725Z   2026-04-24: 2 problems
2026-10-04T10:48:25.6564276Z   2026-04-23: 2 problems
2026-10-04T10:48:25.8021408Z   2026-04-22: 2 problems
2026-10-04T10:48:25.9624704Z   2026-04-21: 2 problems
2026-10-04T10:48:26.1290309Z   2026-04-20: 2 problems
2026-10-04T10:48:26.2804536Z   2026-04-18: 2 problems
2026-10-04T10:48:26.4572829Z   2026-04-17: 2 problems
2026-10-04T10:48:26.6291431Z   2026-04-16: 2 problems
2026-10-04T10:48:26.7878853Z   2026-04-15: 2 problems
2026-10-04T10:48:26.9390326Z   2026-04-14: 2 problems
2026-10-04T10:48:27.1153172Z   2026-04-13: 2 problems
2026-10-04T10:48:27.2562071Z   2026-04-11: 2 problems
2026-10-04T10:48:27.4132289Z   2026-04-10: 2 problems
2026-10-04T10:48:27.5877759Z   2026-04-09: 2 problems
2026-10-04T10:48:27.6930199Z   2026-04-08: 2 problems
2026-10-04T10:48:27.8631499Z   2026-04-07: 2 problems
2026-10-04T10:48:28.0151855Z   2026-04-06: 2 problems
2026-10-04T10:48:28.1785197Z   2026-04-04: 2 problems
2026-10-04T10:48:28.3290934Z   2026-04-03: 2 problems
2026-10-04T10:48:28.4720186Z   2026-04-02: 2 problems
2026-10-04T10:48:28.6263071Z   2026-04-01: 2 problems
2026-10-04T10:48:28.7853219Z   2026-03-31: 2 problems
2026-10-04T10:48:28.9274096Z   2026-03-30: 2 problems
2026-10-04T10:48:29.0986845Z   2026-03-28: 2 problems
2026-10-04T10:48:29.2687631Z   2026-03-27: 2 problems
2026-10-04T10:48:29.4206258Z   2026-03-26: 2 problems
2026-10-04T10:48:29.5646740Z   2026-03-25: 2 problems
2026-10-04T10:48:29.7342126Z   2026-03-24: 2 problems
2026-10-04T10:48:29.8955418Z   2026-03-23: 2 problems
2026-10-04T10:48:30.0519422Z   2026-03-21: 2 problems
2026-10-04T10:48:30.2595946Z   2026-03-20: 2 problems
2026-10-04T10:48:30.4034043Z   2026-03-19: 2 problems
2026-10-04T10:48:30.5721155Z   2026-03-18: 2 problems
2026-10-04T10:48:30.7390292Z   2026-03-17: 2 problems
2026-10-04T10:48:30.8931641Z   2026-03-16: 2 problems
2026-10-04T10:48:31.0399183Z   2026-03-14: 2 problems
2026-10-04T10:48:31.2159880Z   2026-03-13: 2 problems
2026-10-04T10:48:31.3580874Z   2026-03-12: 2 problems
2026-10-04T10:48:31.5197875Z   2026-03-11: 2 problems
2026-10-04T10:48:31.6811626Z   2026-03-10: 2 problems
2026-10-04T10:48:31.8346950Z   2026-03-09: 2 problems
2026-10-04T10:48:31.9747697Z   2026-03-07: 2 problems
2026-10-04T10:48:32.1145712Z   2026-03-06: 2 problems
2026-10-04T10:48:32.2971482Z   2026-03-05: 2 problems
2026-10-04T10:48:32.4497655Z   2026-03-04: 2 problems
2026-10-04T10:48:32.6002000Z   2026-03-03: 2 problems
2026-10-04T10:48:32.7454512Z   2026-03-02: 2 problems
2026-10-04T10:48:32.9170406Z   2026-02-28: 2 problems
2026-10-04T10:48:33.0833786Z   2026-02-27: 2 problems
2026-10-04T10:48:33.4046822Z   2026-02-26: 2 problems
2026-10-04T10:48:33.5514057Z   2026-02-25: 2 problems
2026-10-04T10:48:33.7817089Z   2026-02-24: 2 problems
2026-10-04T10:48:34.0182818Z   2026-02-23: 2 problems
2026-10-04T10:48:34.1726521Z   2026-02-21: 2 problems
2026-10-04T10:48:34.3375672Z   2026-02-20: 2 problems
2026-10-04T10:48:34.5009811Z   2026-02-19: 2 problems
2026-10-04T10:48:34.6642236Z   2026-02-18: 2 problems
2026-10-04T10:48:34.9141336Z   2026-02-17: 2 problems
2026-10-04T10:48:35.1597423Z   2026-02-16: 2 problems
2026-10-04T10:48:35.4062314Z   2026-02-14: 2 problems
2026-10-04T10:48:35.5675227Z   2026-02-13: 2 problems
2026-10-04T10:48:35.7265522Z   2026-02-12: 2 problems
2026-10-04T10:48:35.9559276Z   2026-02-11: 2 problems
2026-10-04T10:48:36.1105840Z   2026-02-10: 2 problems
2026-10-04T10:48:36.2559657Z   2026-02-09: 2 problems
2026-10-04T10:48:36.4898654Z   2026-02-07: 2 problems
2026-10-04T10:48:36.6448400Z   2026-02-06: 2 problems
2026-10-04T10:48:36.8965761Z   2026-02-05: 2 problems
2026-10-04T10:48:37.0711064Z   2026-02-04: 2 problems
2026-10-04T10:48:37.2284844Z   2026-02-03: 2 problems
2026-10-04T10:48:37.3967578Z   2026-02-02: 2 problems
2026-10-04T10:48:37.5486112Z   2026-01-31: 2 problems
2026-10-04T10:48:37.7075102Z   2026-01-30: 2 problems
2026-10-04T10:48:37.8644907Z   2026-01-29: 2 problems
2026-10-04T10:48:38.0500866Z   2026-01-28: 2 problems
2026-10-04T10:48:38.2002624Z   2026-01-27: 2 problems
2026-10-04T10:48:38.3620719Z   2026-01-26: 2 problems
2026-10-04T10:48:38.5339038Z   2026-01-24: 2 problems
2026-10-04T10:48:38.6934568Z   2026-01-23: 2 problems
2026-10-04T10:48:38.7980694Z   2026-01-22: 2 problems
2026-10-04T10:48:38.9670405Z   2026-01-21: 2 problems
2026-10-04T10:48:39.1201044Z   2026-01-20: 2 problems
2026-10-04T10:48:39.2740156Z   2026-01-19: 2 problems
2026-10-04T10:48:39.4313293Z   2026-01-17: 2 problems
2026-10-04T10:48:39.6180481Z   2026-01-16: 2 problems
2026-10-04T10:48:39.7756894Z   2026-01-15: 2 problems
2026-10-04T10:48:39.9536694Z   2026-01-14: 2 problems
2026-10-04T10:48:40.1060006Z   2026-01-13: 2 problems
2026-10-04T10:48:40.2618155Z   2026-01-12: 2 problems
2026-10-04T10:48:40.4223553Z   2026-01-10: 2 problems
2026-10-04T10:48:40.5814799Z   2026-01-09: 2 problems
2026-10-04T10:48:40.7408159Z   2026-01-08: 2 problems
2026-10-04T10:48:40.9015911Z   2026-01-07: 2 problems
2026-10-04T10:48:41.0639220Z   2026-01-06: 2 problems
2026-10-04T10:48:41.2091701Z   2026-01-05: 2 problems
2026-10-04T10:48:41.3724875Z   2026-01-03: 2 problems
2026-10-04T10:48:41.5226624Z   2026-01-02: 2 problems
2026-10-04T10:48:41.6792494Z   2026-01-01: 2 problems
2026-10-04T10:48:41.8407777Z   2025-12-31: 2 problems
2026-10-04T10:48:41.9977320Z   2025-12-30: 2 problems
2026-10-04T10:48:42.1552466Z   2025-12-29: 2 problems
2026-10-04T10:48:42.3159250Z   2025-12-27: 2 problems
2026-10-04T10:48:42.5679080Z   2025-12-26: 2 problems
2026-10-04T10:48:42.8260899Z   2025-12-25: 2 problems
2026-10-04T10:48:42.9812875Z   2025-12-24: 2 problems
2026-10-04T10:48:43.1441207Z   2025-12-23: 2 problems
2026-10-04T10:48:43.3284058Z   2025-12-22: 2 problems
2026-10-04T10:48:43.4766006Z   2025-12-20: 2 problems
2026-10-04T10:48:43.6330734Z   2025-12-19: 2 problems
2026-10-04T10:48:43.8038783Z   2025-12-18: 2 problems
2026-10-04T10:48:43.9845692Z   2025-12-17: 2 problems
2026-10-04T10:48:44.1755343Z   2025-12-16: 2 problems
2026-10-04T10:48:44.3907919Z   2025-12-15: 2 problems
2026-10-04T10:48:44.5984624Z   2025-12-13: 2 problems
2026-10-04T10:48:44.7703436Z   2025-12-12: 2 problems
2026-10-04T10:48:44.9502302Z   2025-12-11: 2 problems
2026-10-04T10:48:45.1060477Z   2025-12-10: 2 problems
2026-10-04T10:48:45.2751307Z   2025-12-09: 2 problems
2026-10-04T10:48:45.3786984Z   2025-12-08: 2 problems
2026-10-04T10:48:45.5277786Z   2025-12-06: 2 problems
2026-10-04T10:48:45.6972294Z   2025-12-05: 2 problems
2026-10-04T10:48:45.8740393Z   2025-12-04: 2 problems
2026-10-04T10:48:46.0591807Z   2025-12-03: 2 problems
2026-10-04T10:48:46.2294876Z   2025-12-02: 2 problems
2026-10-04T10:48:46.4057675Z   2025-12-01: 2 problems
2026-10-04T10:48:46.7030488Z   2025-11-29: 2 problems
2026-10-04T10:48:46.8806824Z   2025-11-28: 2 problems
2026-10-04T10:48:47.0661894Z   2025-11-27: 2 problems
2026-10-04T10:48:47.2275953Z   2025-11-26: 2 problems
2026-10-04T10:48:47.4022275Z   2025-11-25: 2 problems
2026-10-04T10:48:47.5720879Z   2025-11-24: 2 problems
2026-10-04T10:48:47.7325406Z   2025-11-22: 2 problems
2026-10-04T10:48:47.9058993Z   2025-11-21: 2 problems
2026-10-04T10:48:48.0671200Z   2025-11-20: 2 problems
2026-10-04T10:48:48.2337713Z   2025-11-19: 2 problems
2026-10-04T10:48:48.4084026Z   2025-11-18: 2 problems
2026-10-04T10:48:48.5845262Z   2025-11-17: 2 problems
2026-10-04T10:48:48.7744545Z   2025-11-15: 2 problems
2026-10-04T10:48:48.9301457Z   2025-11-14: 2 problems
2026-10-04T10:48:49.1794111Z   2025-11-13: 2 problems
2026-10-04T10:48:49.3332109Z   2025-11-12: 2 problems
2026-10-04T10:48:49.5005376Z   2025-11-11: 2 problems
2026-10-04T10:48:49.6747638Z   2025-11-10: 2 problems
2026-10-04T10:48:49.8339543Z   2025-11-08: 2 problems
2026-10-04T10:48:49.9995385Z   2025-11-07: 2 problems
2026-10-04T10:48:50.1871892Z   2025-11-06: 2 problems
2026-10-04T10:48:50.3521708Z   2025-11-05: 2 problems
2026-10-04T10:48:50.5452704Z   2025-11-04: 2 problems
2026-10-04T10:48:50.7163549Z   2025-11-03: 2 problems
2026-10-04T10:48:50.8988814Z   2025-11-01: 2 problems
2026-10-04T10:48:51.0251608Z   2025-10-31: 2 problems
2026-10-04T10:48:51.1824455Z   2025-10-30: 2 problems
2026-10-04T10:48:51.3342079Z   2025-10-29: 2 problems
2026-10-04T10:48:51.5270351Z   2025-10-28: 2 problems
2026-10-04T10:48:51.7050155Z   2025-10-27: 2 problems
2026-10-04T10:48:51.8727375Z   2025-10-25: 2 problems
2026-10-04T10:48:52.0374528Z   2025-10-24: 2 problems
2026-10-04T10:48:52.2888560Z   2025-10-23: 2 problems
2026-10-04T10:48:52.4789853Z   2025-10-22: 2 problems
2026-10-04T10:48:52.6796045Z   2025-10-21: 2 problems
2026-10-04T10:48:52.8452807Z   2025-10-20: 2 problems
2026-10-04T10:48:52.9899600Z   2025-10-18: 2 problems
2026-10-04T10:48:53.1931154Z   2025-10-17: 2 problems
2026-10-04T10:48:53.3787269Z   2025-10-16: 2 problems
2026-10-04T10:48:53.5466079Z   2025-10-15: 2 problems
2026-10-04T10:48:53.7098596Z   2025-10-14: 2 problems
2026-10-04T10:48:53.8682981Z   2025-10-13: 2 problems
2026-10-04T10:48:54.0624519Z   2025-10-11: 2 problems
2026-10-04T10:48:54.2261936Z   2025-10-10: 2 problems
2026-10-04T10:48:54.3798260Z   2025-10-09: 2 problems
2026-10-04T10:48:54.5660437Z   2025-10-08: 2 problems
2026-10-04T10:48:54.7642358Z   2025-10-07: 2 problems
2026-10-04T10:48:54.9535314Z   2025-10-06: 2 problems
2026-10-04T10:48:55.1351317Z   2025-10-04: 2 problems
2026-10-04T10:48:55.3020229Z   2025-10-03: 2 problems
2026-10-04T10:48:55.4445066Z   2025-10-02: 2 problems
2026-10-04T10:48:55.6214035Z   2025-10-01: 2 problems
2026-10-04T10:48:55.7878106Z   2025-09-30: 2 problems
2026-10-04T10:48:55.9709087Z   2025-09-29: 2 problems
2026-10-04T10:48:56.1309821Z   2025-09-27: 2 problems
2026-10-04T10:48:56.2945991Z   2025-09-26: 2 problems
2026-10-04T10:48:56.4850847Z   2025-09-25: 2 problems
2026-10-04T10:48:56.6611566Z   2025-09-24: 2 problems
2026-10-04T10:48:56.8095724Z   2025-09-23: 2 problems
2026-10-04T10:48:57.0063479Z   2025-09-22: 2 problems
2026-10-04T10:48:57.1639757Z   2025-09-20: 2 problems
2026-10-04T10:48:57.3331875Z   2025-09-19: 2 problems
2026-10-04T10:48:57.5129821Z   2025-09-18: 2 problems
2026-10-04T10:48:57.6798157Z   2025-09-17: 2 problems
2026-10-04T10:48:57.8465453Z   2025-09-16: 2 problems
2026-10-04T10:48:58.0390217Z   2025-09-15: 2 problems
2026-10-04T10:48:58.2048993Z   2025-09-13: 2 problems
2026-10-04T10:48:58.3744858Z   2025-09-12: 2 problems
2026-10-04T10:48:58.5551067Z   2025-09-11: 2 problems
2026-10-04T10:48:58.7532551Z   2025-09-10: 2 problems
2026-10-04T10:48:58.9112475Z   2025-09-09: 2 problems
2026-10-04T10:48:59.0752239Z   2025-09-08: 2 problems
2026-10-04T10:48:59.2631369Z   2025-09-06: 2 problems
2026-10-04T10:48:59.4539072Z   2025-09-05: 2 problems
2026-10-04T10:48:59.6530119Z   2025-09-04: 2 problems
2026-10-04T10:48:59.8430078Z   2025-09-03: 2 problems
2026-10-04T10:49:00.0102414Z   2025-09-02: 2 problems
2026-10-04T10:49:00.1812278Z   2025-09-01: 2 problems
2026-10-04T10:49:00.3394440Z   2025-08-30: 2 problems
2026-10-04T10:49:00.5076083Z   2025-08-29: 2 problems
2026-10-04T10:49:00.6909782Z   2025-08-28: 2 problems
2026-10-04T10:49:00.9260704Z   2025-08-27: 2 problems
2026-10-04T10:49:01.0780026Z   2025-08-26: 2 problems
2026-10-04T10:49:01.2330484Z   2025-08-25: 2 problems
2026-10-04T10:49:01.3930752Z   2025-08-23: 2 problems
2026-10-04T10:49:01.5819522Z   2025-08-22: 2 problems
2026-10-04T10:49:01.7432172Z   2025-08-21: 2 problems
2026-10-04T10:49:01.9041120Z   2025-08-20: 2 problems
2026-10-04T10:49:02.1691450Z   2025-08-19: 2 problems
2026-10-04T10:49:02.3350645Z   2025-08-18: 2 problems
2026-10-04T10:49:02.5162856Z   2025-08-16: 2 problems
2026-10-04T10:49:02.7214531Z   2025-08-15: 2 problems
2026-10-04T10:49:02.8990030Z   2025-08-14: 2 problems
2026-10-04T10:49:03.0817520Z   2025-08-13: 2 problems
2026-10-04T10:49:03.3313388Z   2025-08-12: 2 problems
2026-10-04T10:49:03.5873744Z   2025-08-11: 2 problems
2026-10-04T10:49:03.7653433Z   2025-08-09: 2 problems
2026-10-04T10:49:03.9449575Z   2025-08-08: 2 problems
2026-10-04T10:49:04.1077164Z   2025-08-07: 2 problems
2026-10-04T10:49:04.2911161Z   2025-08-06: 2 problems
2026-10-04T10:49:04.4768226Z   2025-08-05: 2 problems
2026-10-04T10:49:04.6683574Z   2025-08-04: 2 problems
2026-10-04T10:49:04.9219184Z   2025-08-02: 2 problems
2026-10-04T10:49:05.1057909Z   2025-08-01: 2 problems
2026-10-04T10:49:05.3049926Z   2025-07-31: 2 problems
2026-10-04T10:49:05.5665474Z   2025-07-30: 2 problems
2026-10-04T10:49:05.7606728Z   2025-07-29: 2 problems
2026-10-04T10:49:05.9723636Z   2025-07-28: 2 problems
2026-10-04T10:49:06.1627150Z   2025-07-26: 2 problems
2026-10-04T10:49:06.3571431Z   2025-07-25: 2 problems
2026-10-04T10:49:06.6158987Z   2025-07-24: 2 problems
2026-10-04T10:49:06.8159007Z   2025-07-23: 2 problems
2026-10-04T10:49:07.0151300Z   2025-07-22: 2 problems
2026-10-04T10:49:07.1775635Z   2025-07-21: 2 problems
2026-10-04T10:49:07.3553109Z   2025-07-19: 2 problems
2026-10-04T10:49:07.5584781Z   2025-07-18: 2 problems
2026-10-04T10:49:07.8225508Z   2025-07-17: 2 problems
2026-10-04T10:49:08.0038865Z   2025-07-16: 2 problems
2026-10-04T10:49:08.1924392Z   2025-07-15: 2 problems
2026-10-04T10:49:08.4243066Z   2025-07-14: 2 problems
2026-10-04T10:49:08.6236817Z   2025-07-12: 2 problems
2026-10-04T10:49:08.7980762Z   2025-07-11: 2 problems
2026-10-04T10:49:08.9685711Z   2025-07-10: 2 problems
2026-10-04T10:49:09.1519219Z   2025-07-09: 2 problems
2026-10-04T10:49:09.3240780Z   2025-07-08: 2 problems
2026-10-04T10:49:09.5236707Z   2025-07-07: 2 problems
2026-10-04T10:49:09.7340200Z   2025-07-05: 2 problems
2026-10-04T10:49:09.9202478Z   2025-07-04: 2 problems
2026-10-04T10:49:10.1155037Z   2025-07-03: 2 problems
2026-10-04T10:49:10.2780602Z   2025-07-02: 2 problems
2026-10-04T10:49:10.4680021Z   2025-07-01: 2 problems
2026-10-04T10:49:10.6644491Z   2025-06-30: 2 problems
2026-10-04T10:49:10.8599044Z   2025-06-28: 2 problems
2026-10-04T10:49:11.0379674Z   2025-06-27: 2 problems
2026-10-04T10:49:11.2124394Z   2025-06-26: 2 problems
2026-10-04T10:49:11.4026872Z   2025-06-25: 2 problems
2026-10-04T10:49:11.5774061Z   2025-06-24: 2 problems
2026-10-04T10:49:11.8603817Z   2025-06-23: 2 problems
2026-10-04T10:49:11.9801796Z   2025-06-21: 2 problems
2026-10-04T10:49:12.1655049Z   2025-06-20: 2 problems
2026-10-04T10:49:12.3406276Z   2025-06-19: 2 problems
2026-10-04T10:49:12.6116098Z   2025-06-18: 2 problems
2026-10-04T10:49:12.8631865Z   2025-06-17: 2 problems
2026-10-04T10:49:13.0312434Z   2025-06-16: 2 problems
2026-10-04T10:49:13.2379669Z   2025-06-14: 2 problems
2026-10-04T10:49:13.4864833Z   2025-06-13: 2 problems
2026-10-04T10:49:13.8020266Z   2025-06-12: 2 problems
2026-10-04T10:49:13.9768036Z   2025-06-11: 2 problems
2026-10-04T10:49:14.2872942Z   2025-06-10: 2 problems
2026-10-04T10:49:14.4801964Z   2025-06-09: 2 problems
2026-10-04T10:49:14.6582555Z   2025-06-07: 2 problems
2026-10-04T10:49:14.8281440Z   2025-06-06: 2 problems
2026-10-04T10:49:15.0077259Z   2025-06-05: 2 problems
2026-10-04T10:49:15.1914468Z   2025-06-04: 2 problems
2026-10-04T10:49:15.3511382Z   2025-06-03: 2 problems
2026-10-04T10:49:15.5298017Z   2025-06-02: 2 problems
2026-10-04T10:49:15.9295330Z   2025-05-31: 2 problems
2026-10-04T10:49:16.1079586Z   2025-05-30: 2 problems
2026-10-04T10:49:16.3599694Z   2025-05-29: 2 problems
2026-10-04T10:49:16.5704862Z   2025-05-28: 2 problems
2026-10-04T10:49:16.7460349Z   2025-05-27: 2 problems
2026-10-04T10:49:16.9323588Z   2025-05-26: 2 problems
2026-10-04T10:49:17.1249646Z   2025-05-24: 2 problems
2026-10-04T10:49:17.3782834Z   2025-05-23: 2 problems
2026-10-04T10:49:17.5630110Z   2025-05-22: 2 problems
2026-10-04T10:49:17.7466373Z   2025-05-21: 2 problems
2026-10-04T10:49:17.9301443Z   2025-05-20: 2 problems
2026-10-04T10:49:18.1268070Z   2025-05-19: 2 problems
2026-10-04T10:49:18.3183382Z   2025-05-17: 2 problems
2026-10-04T10:49:18.4870022Z   2025-05-16: 2 problems
2026-10-04T10:49:18.6506812Z   2025-05-15: 2 problems
2026-10-04T10:49:18.8340079Z   2025-05-14: 2 problems
2026-10-04T10:49:19.0103000Z   2025-05-13: 2 problems
2026-10-04T10:49:19.2047949Z   2025-05-12: 2 problems
2026-10-04T10:49:19.3908999Z   2025-05-10: 2 problems
2026-10-04T10:49:19.5493028Z   2025-05-09: 2 problems
2026-10-04T10:49:19.7327289Z   2025-05-08: 2 problems
2026-10-04T10:49:19.9119075Z   2025-05-07: 2 problems
2026-10-04T10:49:20.1204483Z   2025-05-06: 2 problems
2026-10-04T10:49:20.3228111Z   2025-05-05: 2 problems
2026-10-04T10:49:20.5079993Z   2025-05-03: 2 problems
2026-10-04T10:49:20.6698566Z   2025-05-02: 2 problems
2026-10-04T10:49:20.8462193Z   2025-05-01: 2 problems
2026-10-04T10:49:21.0019058Z   2025-04-30: 2 problems
2026-10-04T10:49:21.1842558Z   2025-04-29: 2 problems
2026-10-04T10:49:21.3754910Z   2025-04-28: 2 problems
2026-10-04T10:49:21.5397869Z   2025-04-26: 2 problems
2026-10-04T10:49:21.6952721Z   2025-04-25: 2 problems
2026-10-04T10:49:21.8594785Z   2025-04-24: 2 problems
2026-10-04T10:49:22.0308893Z   2025-04-23: 2 problems
2026-10-04T10:49:22.1889471Z   2025-04-22: 2 problems
2026-10-04T10:49:22.3734010Z   2025-04-21: 2 problems
2026-10-04T10:49:22.5410252Z   2025-04-19: 2 problems
2026-10-04T10:49:22.7123106Z   2025-04-18: 2 problems
2026-10-04T10:49:22.8985801Z   2025-04-17: 2 problems
2026-10-04T10:49:23.0681927Z   2025-04-16: 2 problems
2026-10-04T10:49:23.2383845Z   2025-04-15: 2 problems
2026-10-04T10:49:23.4159154Z   2025-04-14: 2 problems
2026-10-04T10:49:23.5817562Z   2025-04-12: 2 problems
2026-10-04T10:49:23.7342259Z   2025-04-11: 2 problems
2026-10-04T10:49:23.8814533Z   2025-04-10: 2 problems
2026-10-04T10:49:24.0394140Z   2025-04-09: 2 problems
2026-10-04T10:49:24.2100709Z   2025-04-08: 2 problems
2026-10-04T10:49:24.3754514Z   2025-04-07: 2 problems
2026-10-04T10:49:24.5470637Z   2025-04-05: 2 problems
2026-10-04T10:49:24.7064548Z   2025-04-04: 2 problems
2026-10-04T10:49:24.8712447Z   2025-04-03: 2 problems
2026-10-04T10:49:25.0501267Z   2025-04-02: 2 problems
2026-10-04T10:49:25.2304460Z   2025-04-01: 2 problems
2026-10-04T10:49:25.3899943Z   2025-03-31: 2 problems
2026-10-04T10:49:25.5462352Z   2025-03-29: 2 problems
2026-10-04T10:49:25.7234766Z   2025-03-28: 2 problems
2026-10-04T10:49:25.8992526Z   2025-03-27: 2 problems
2026-10-04T10:49:26.0812479Z   2025-03-26: 2 problems
2026-10-04T10:49:26.2680234Z   2025-03-25: 2 problems
2026-10-04T10:49:26.4575474Z   2025-03-24: 2 problems
2026-10-04T10:49:26.6285991Z   2025-03-22: 2 problems
2026-10-04T10:49:26.7930278Z   2025-03-21: 2 problems
2026-10-04T10:49:26.9390514Z   2025-03-20: 2 problems
2026-10-04T10:49:27.1262572Z   2025-03-19: 2 problems
2026-10-04T10:49:27.2854562Z   2025-03-18: 2 problems
2026-10-04T10:49:27.4480384Z   2025-03-17: 2 problems
2026-10-04T10:49:27.6186589Z   2025-03-15: 2 problems
2026-10-04T10:49:27.7803250Z   2025-03-14: 2 problems
2026-10-04T10:49:27.9471481Z   2025-03-13: 2 problems
2026-10-04T10:49:28.1031401Z   2025-03-12: 2 problems
2026-10-04T10:49:28.2758720Z   2025-03-11: 2 problems
2026-10-04T10:49:28.4561843Z   2025-03-10: 2 problems
2026-10-04T10:49:28.6078946Z   2025-03-08: 2 problems
2026-10-04T10:49:28.7632476Z   2025-03-07: 2 problems
2026-10-04T10:49:28.9373463Z   2025-03-06: 2 problems
2026-10-04T10:49:29.1221641Z   2025-03-05: 2 problems
2026-10-04T10:49:29.2669316Z   2025-03-04: 2 problems
2026-10-04T10:49:29.4603207Z   2025-03-03: 2 problems
2026-10-04T10:49:29.6279143Z   2025-03-01: 2 problems
2026-10-04T10:49:29.8020273Z   2025-02-28: 2 problems
2026-10-04T10:49:29.9585266Z   2025-02-27: 2 problems
2026-10-04T10:49:30.1284002Z   2025-02-26: 2 problems
2026-10-04T10:49:30.3268757Z   2025-02-25: 2 problems
2026-10-04T10:49:30.5016761Z   2025-02-24: 2 problems
2026-10-04T10:49:30.6842531Z   2025-02-22: 2 problems
2026-10-04T10:49:30.8464699Z   2025-02-21: 2 problems
2026-10-04T10:49:31.0052933Z   2025-02-20: 2 problems
2026-10-04T10:49:31.1742821Z   2025-02-19: 2 problems
2026-10-04T10:49:31.3460907Z   2025-02-18: 2 problems
2026-10-04T10:49:31.5148629Z   2025-02-17: 2 problems
2026-10-04T10:49:31.6762513Z   2025-02-15: 2 problems
2026-10-04T10:49:31.8168648Z   2025-02-14: 2 problems
2026-10-04T10:49:31.9598438Z   2025-02-13: 2 problems
2026-10-04T10:49:32.1493130Z   2025-02-12: 2 problems
2026-10-04T10:49:32.3236075Z   2025-02-11: 2 problems
2026-10-04T10:49:32.5140093Z   2025-02-10: 2 problems
2026-10-04T10:49:32.6763554Z   2025-02-08: 2 problems
2026-10-04T10:49:32.8577128Z   2025-02-07: 2 problems
2026-10-04T10:49:33.0181141Z   2025-02-06: 2 problems
2026-10-04T10:49:33.1764229Z   2025-02-05: 2 problems
2026-10-04T10:49:33.4240590Z   2025-02-04: 2 problems
2026-10-04T10:49:33.5977188Z   2025-02-03: 2 problems
2026-10-04T10:49:33.7500791Z   2025-02-01: 2 problems
2026-10-04T10:49:33.9613448Z   2025-01-31: 2 problems
2026-10-04T10:49:34.2018597Z   2025-01-30: 2 problems
2026-10-04T10:49:34.4397910Z   2025-01-29: 2 problems
2026-10-04T10:49:34.5924606Z   2025-01-28: 2 problems
2026-10-04T10:49:34.7533908Z   2025-01-27: 2 problems
2026-10-04T10:49:34.9138507Z   2025-01-25: 2 problems
2026-10-04T10:49:35.0656555Z   2025-01-24: 2 problems
2026-10-04T10:49:35.2118367Z   2025-01-23: 2 problems
2026-10-04T10:49:35.3721594Z   2025-01-22: 2 problems
2026-10-04T10:49:35.5342289Z   2025-01-21: 2 problems
2026-10-04T10:49:35.6887631Z   2025-01-20: 2 problems
2026-10-04T10:49:35.8387783Z   2025-01-18: 2 problems
2026-10-04T10:49:35.9749925Z   2025-01-17: 2 problems
2026-10-04T10:49:36.1506830Z   2025-01-16: 2 problems
2026-10-04T10:49:36.3170315Z   2025-01-15: 2 problems
2026-10-04T10:49:36.4878273Z   2025-01-14: 2 problems
2026-10-04T10:49:36.6541530Z   2025-01-13: 2 problems
2026-10-04T10:49:36.8227834Z   2025-01-11: 2 problems
2026-10-04T10:49:36.9920650Z   2025-01-10: 2 problems
2026-10-04T10:49:37.1490642Z   2025-01-09: 2 problems
2026-10-04T10:49:37.3237946Z   2025-01-08: 2 problems
2026-10-04T10:49:37.4926704Z   2025-01-07: 2 problems
2026-10-04T10:49:37.6792265Z   2025-01-06: 2 problems
2026-10-04T10:49:37.8327788Z   2025-01-04: 2 problems
2026-10-04T10:49:37.9937706Z   2025-01-03: 2 problems
2026-10-04T10:49:38.1687070Z   2025-01-02: 2 problems
2026-10-04T10:49:38.3341190Z   2025-01-01: 2 problems
2026-10-04T10:49:38.4998216Z   2024-12-31: 2 problems
2026-10-04T10:49:38.6364875Z   2024-12-30: 2 problems
2026-10-04T10:49:38.7898935Z   2024-12-28: 2 problems
2026-10-04T10:49:38.9433322Z   2024-12-27: 2 problems
2026-10-04T10:49:39.0897020Z   2024-12-26: 2 problems
2026-10-04T10:49:39.2511766Z   2024-12-25: 2 problems
2026-10-04T10:49:39.4054486Z   2024-12-24: 2 problems
2026-10-04T10:49:39.5531682Z   2024-12-23: 2 problems
2026-10-04T10:49:39.7766032Z   2024-12-21: 2 problems
2026-10-04T10:49:39.9227557Z   2024-12-20: 2 problems
2026-10-04T10:49:40.0964380Z   2024-12-19: 2 problems
2026-10-04T10:49:40.2537797Z   2024-12-18: 2 problems
2026-10-04T10:49:40.4068493Z   2024-12-17: 2 problems
2026-10-04T10:49:40.5564307Z   2024-12-16: 2 problems
2026-10-04T10:49:40.7083027Z   2024-12-14: 2 problems
2026-10-04T10:49:40.8748368Z   2024-12-13: 2 problems
2026-10-04T10:49:41.0287551Z   2024-12-12: 2 problems
2026-10-04T10:49:41.1827190Z   2024-12-11: 2 problems
2026-10-04T10:49:41.3537635Z   2024-12-10: 2 problems
2026-10-04T10:49:41.5141144Z   2024-12-09: 2 problems
2026-10-04T10:49:41.7470115Z   2024-12-07: 2 problems
2026-10-04T10:49:41.9078794Z   2024-12-06: 2 problems
2026-10-04T10:49:42.1176545Z   2024-12-05: 2 problems
2026-10-04T10:49:42.3505264Z   2024-12-04: 2 problems
2026-10-04T10:49:42.5079380Z   2024-12-03: 2 problems
2026-10-04T10:49:42.8140215Z   2024-12-02: 2 problems
2026-10-04T10:49:42.9660695Z   2024-11-30: 2 problems
2026-10-04T10:49:43.1282192Z   2024-11-29: 2 problems
2026-10-04T10:49:43.3637160Z   2024-11-28: 2 problems
2026-10-04T10:49:43.5322914Z   2024-11-27: 2 problems
2026-10-04T10:49:43.7013855Z   2024-11-26: 2 problems
2026-10-04T10:49:43.8691062Z   2024-11-25: 2 problems
2026-10-04T10:49:44.1054789Z   2024-11-23: 2 problems
2026-10-04T10:49:44.2665657Z   2024-11-22: 2 problems
2026-10-04T10:49:44.3780850Z   2024-11-21: 2 problems
2026-10-04T10:49:44.5407090Z   2024-11-20: 2 problems
2026-10-04T10:49:44.7093183Z   2024-11-19: 2 problems
2026-10-04T10:49:44.8684071Z   2024-11-18: 2 problems
2026-10-04T10:49:45.0404581Z   2024-11-16: 2 problems
2026-10-04T10:49:45.2134354Z   2024-11-15: 2 problems
2026-10-04T10:49:45.3676298Z   2024-11-14: 2 problems
2026-10-04T10:49:45.5511422Z   2024-11-13: 2 problems
2026-10-04T10:49:45.7939449Z   2024-11-12: 2 problems
2026-10-04T10:49:45.9606101Z   2024-11-11: 2 problems
2026-10-04T10:49:46.1284271Z   2024-11-09: 2 problems
2026-10-04T10:49:46.2900840Z   2024-11-08: 2 problems
2026-10-04T10:49:46.4430417Z   2024-11-07: 2 problems
2026-10-04T10:49:46.5900501Z   2024-11-06: 2 problems
2026-10-04T10:49:46.7489666Z   2024-11-05: 2 problems
2026-10-04T10:49:46.8981028Z   2024-11-04: 2 problems
2026-10-04T10:49:47.0337975Z   2024-11-02: 2 problems
2026-10-04T10:49:47.2070847Z   2024-11-01: 2 problems
2026-10-04T10:49:47.3618754Z   2024-10-31: 2 problems
2026-10-04T10:49:47.5102232Z   2024-10-30: 2 problems
2026-10-04T10:49:47.6808779Z   2024-10-29: 2 problems
2026-10-04T10:49:47.8395343Z   2024-10-28: 2 problems
2026-10-04T10:49:48.0729712Z   2024-10-26: 2 problems
2026-10-04T10:49:48.2602617Z   2024-10-25: 2 problems
2026-10-04T10:49:48.4255840Z   2024-10-24: 2 problems
2026-10-04T10:49:48.6099362Z   2024-10-23: 2 problems
2026-10-04T10:49:48.7745173Z   2024-10-22: 2 problems
2026-10-04T10:49:49.0133369Z   2024-10-21: 2 problems
2026-10-04T10:49:49.1545565Z   2024-10-19: 2 problems
2026-10-04T10:49:49.3292931Z   2024-10-18: 2 problems
2026-10-04T10:49:49.4719286Z   2024-10-17: 2 problems
2026-10-04T10:49:49.6531277Z   2024-10-16: 2 problems
2026-10-04T10:49:49.8032835Z   2024-10-15: 2 problems
2026-10-04T10:49:49.9665967Z   2024-10-14: 2 problems
2026-10-04T10:49:50.1200379Z   2024-10-12: 2 problems
2026-10-04T10:49:50.2902416Z   2024-10-11: 2 problems
2026-10-04T10:49:50.4607541Z   2024-10-10: 2 problems
2026-10-04T10:49:50.6117515Z   2024-10-09: 2 problems
2026-10-04T10:49:50.7670742Z   2024-10-08: 2 problems
2026-10-04T10:49:50.9265194Z   2024-10-07: 2 problems
2026-10-04T10:49:51.0816050Z   2024-10-05: 2 problems
2026-10-04T10:49:51.2377971Z   2024-10-04: 2 problems
2026-10-04T10:49:51.3817695Z   2024-10-03: 2 problems
2026-10-04T10:49:51.5588745Z   2024-10-02: 2 problems
2026-10-04T10:49:51.7087833Z   2024-10-01: 2 problems
2026-10-04T10:49:51.8655951Z   2024-09-30: 2 problems
2026-10-04T10:49:52.0441288Z   2024-09-28: 2 problems
2026-10-04T10:49:52.2004733Z   2024-09-27: 2 problems
2026-10-04T10:49:52.3605248Z   2024-09-26: 2 problems
2026-10-04T10:49:52.5240233Z   2024-09-25: 2 problems
2026-10-04T10:49:52.7105177Z   2024-09-24: 2 problems
2026-10-04T10:49:52.8794122Z   2024-09-23: 2 problems
2026-10-04T10:49:53.0275403Z   2024-09-21: 2 problems
2026-10-04T10:49:53.1839345Z   2024-09-20: 2 problems
2026-10-04T10:49:53.3356735Z   2024-09-19: 2 problems
2026-10-04T10:49:53.4860571Z   2024-09-18: 2 problems
2026-10-04T10:49:53.6466337Z   2024-09-17: 2 problems
2026-10-04T10:49:53.8027262Z   2024-09-16: 2 problems
2026-10-04T10:49:53.9621709Z   2024-09-14: 2 problems
2026-10-04T10:49:54.1424869Z   2024-09-13: 2 problems
2026-10-04T10:49:54.3055873Z   2024-09-12: 2 problems
2026-10-04T10:49:54.4687569Z   2024-09-11: 2 problems
2026-10-04T10:49:54.6208025Z   2024-09-10: 2 problems
2026-10-04T10:49:54.7664711Z   2024-09-09: 2 problems
2026-10-04T10:49:54.9505978Z   2024-09-07: 2 problems
2026-10-04T10:49:55.1109713Z   2024-09-06: 2 problems
2026-10-04T10:49:55.2614897Z   2024-09-05: 2 problems
2026-10-04T10:49:55.4110746Z   2024-09-04: 2 problems
2026-10-04T10:49:55.5621274Z   2024-09-03: 2 problems
2026-10-04T10:49:55.7074974Z   2024-09-02: 2 problems
2026-10-04T10:49:55.8889618Z   2024-08-31: 2 problems
2026-10-04T10:49:56.0598385Z   2024-08-30: 2 problems
2026-10-04T10:49:56.2231185Z   2024-08-29: 2 problems
2026-10-04T10:49:56.3656032Z   2024-08-28: 2 problems
2026-10-04T10:49:56.5334848Z   2024-08-27: 2 problems
2026-10-04T10:49:56.6849078Z   2024-08-26: 2 problems
2026-10-04T10:49:56.8493032Z   2024-08-24: 2 problems
2026-10-04T10:49:57.0105883Z   2024-08-23: 2 problems
2026-10-04T10:49:57.1860325Z   2024-08-22: 2 problems
2026-10-04T10:49:57.3484809Z   2024-08-21: 2 problems
2026-10-04T10:49:57.5154507Z   2024-08-20: 2 problems
2026-10-04T10:49:57.6845953Z   2024-08-19: 2 problems
2026-10-04T10:49:57.8262421Z   2024-08-17: 2 problems
2026-10-04T10:49:57.9971471Z   2024-08-16: 2 problems
2026-10-04T10:49:58.1558578Z   2024-08-15: 2 problems
2026-10-04T10:49:58.3461109Z   2024-08-14: 2 problems
2026-10-04T10:49:58.5010597Z   2024-08-13: 2 problems
2026-10-04T10:49:58.6499059Z   2024-08-12: 2 problems
2026-10-04T10:49:58.8088224Z   2024-08-10: 2 problems
2026-10-04T10:49:58.9753917Z   2024-08-09: 2 problems
2026-10-04T10:49:59.1391970Z   2024-08-08: 2 problems
2026-10-04T10:49:59.2787022Z   2024-08-07: 2 problems
2026-10-04T10:49:59.4473429Z   2024-08-06: 2 problems
2026-10-04T10:49:59.5937446Z   2024-08-05: 2 problems
2026-10-04T10:49:59.7555059Z   2024-08-03: 2 problems
2026-10-04T10:49:59.9053328Z   2024-08-02: 2 problems
2026-10-04T10:50:00.0722067Z   2024-08-01: 2 problems
2026-10-04T10:50:00.2360221Z   2024-07-31: 2 problems
2026-10-04T10:50:00.3816446Z   2024-07-30: 2 problems
2026-10-04T10:50:00.5419524Z   2024-07-29: 2 problems
2026-10-04T10:50:00.6983080Z   2024-07-27: 2 problems
2026-10-04T10:50:00.8683057Z   2024-07-26: 2 problems
2026-10-04T10:50:01.0404691Z   2024-07-25: 2 problems
2026-10-04T10:50:01.2063184Z   2024-07-24: 2 problems
2026-10-04T10:50:01.3705499Z   2024-07-23: 2 problems
2026-10-04T10:50:01.5133913Z   2024-07-22: 2 problems
2026-10-04T10:50:01.6764840Z   2024-07-20: 2 problems
2026-10-04T10:50:01.8377837Z   2024-07-19: 2 problems
2026-10-04T10:50:02.0009071Z   2024-07-18: 2 problems
2026-10-04T10:50:02.1643278Z   2024-07-17: 2 problems
2026-10-04T10:50:02.3191905Z   2024-07-16: 2 problems
2026-10-04T10:50:02.4775783Z   2024-07-15: 2 problems
2026-10-04T10:50:02.6445097Z   2024-07-13: 2 problems
2026-10-04T10:50:02.7452829Z   2024-07-12: 2 problems
2026-10-04T10:50:02.9211264Z   2024-07-11: 2 problems
2026-10-04T10:50:03.0781209Z   2024-07-10: 2 problems
2026-10-04T10:50:03.3334194Z   2024-07-09: 2 problems
2026-10-04T10:50:03.6127954Z   2024-07-08: 2 problems
2026-10-04T10:50:03.8132446Z   2024-07-06: 2 problems
2026-10-04T10:50:04.1123884Z   2024-07-05: 2 problems
2026-10-04T10:50:04.3740716Z   2024-07-04: 2 problems
2026-10-04T10:50:04.5188462Z   2024-07-03: 2 problems
2026-10-04T10:50:04.7809034Z   2024-07-02: 2 problems
2026-10-04T10:50:05.0436927Z   2024-07-01: 2 problems
2026-10-04T10:50:05.2080341Z   2024-06-29: 2 problems
2026-10-04T10:50:05.5383295Z   2024-06-28: 2 problems
2026-10-04T10:50:05.7131001Z   2024-06-27: 2 problems
2026-10-04T10:50:05.8687657Z   2024-06-26: 2 problems
2026-10-04T10:50:06.0481290Z   2024-06-25: 2 problems
2026-10-04T10:50:06.2313600Z   2024-06-24: 2 problems
2026-10-04T10:50:06.3788424Z   2024-06-22: 2 problems
2026-10-04T10:50:06.5628602Z   2024-06-21: 2 problems
2026-10-04T10:50:06.7360771Z   2024-06-20: 2 problems
2026-10-04T10:50:06.9362072Z   2024-06-19: 2 problems
2026-10-04T10:50:07.1120781Z   2024-06-18: 2 problems
2026-10-04T10:50:07.2936273Z   2024-06-17: 2 problems
2026-10-04T10:50:07.5322847Z   2024-06-15: 2 problems
2026-10-04T10:50:07.7075660Z   2024-06-14: 2 problems
2026-10-04T10:50:07.8661340Z   2024-06-13: 2 problems
2026-10-04T10:50:08.0318696Z   2024-06-12: 2 problems
2026-10-04T10:50:08.1879830Z   2024-06-11: 2 problems
2026-10-04T10:50:08.3589003Z   2024-06-10: 2 problems
2026-10-04T10:50:08.5289250Z   2024-06-08: 2 problems
2026-10-04T10:50:08.7220118Z   2024-06-07: 2 problems
2026-10-04T10:50:08.8839415Z   2024-06-06: 2 problems
2026-10-04T10:50:09.0529365Z   2024-06-05: 2 problems
2026-10-04T10:50:09.1986204Z   2024-06-04: 2 problems
2026-10-04T10:50:09.3560251Z   2024-06-03: 2 problems
2026-10-04T10:50:09.5298786Z   2024-06-01: 2 problems
2026-10-04T10:50:09.7365461Z   2024-05-31: 2 problems
2026-10-04T10:50:09.9082189Z   2024-05-30: 2 problems
2026-10-04T10:50:10.0698617Z   2024-05-29: 2 problems
2026-10-04T10:50:10.2265917Z   2024-05-28: 2 problems
2026-10-04T10:50:10.4134089Z   2024-05-27: 2 problems
2026-10-04T10:50:10.6524563Z   2024-05-25: 2 problems
2026-10-04T10:50:10.7925862Z   2024-05-24: 2 problems
2026-10-04T10:50:11.0720199Z   2024-05-23: 2 problems
2026-10-04T10:50:11.2666672Z   2024-05-22: 2 problems
2026-10-04T10:50:11.4199076Z   2024-05-21: 2 problems
2026-10-04T10:50:11.6223743Z   2024-05-20: 2 problems
2026-10-04T10:50:11.7718474Z   2024-05-18: 2 problems
2026-10-04T10:50:11.9359008Z   2024-05-17: 2 problems
2026-10-04T10:50:12.0942174Z   2024-05-16: 2 problems
2026-10-04T10:50:12.2771773Z   2024-05-15: 2 problems
2026-10-04T10:50:12.4409007Z   2024-05-14: 2 problems
2026-10-04T10:50:12.6958813Z   2024-05-13: 2 problems
2026-10-04T10:50:12.8775880Z   2024-05-11: 2 problems
2026-10-04T10:50:13.1100692Z   2024-05-10: 2 problems
2026-10-04T10:50:13.2735779Z   2024-05-09: 2 problems
2026-10-04T10:50:13.4700214Z   2024-05-08: 2 problems
2026-10-04T10:50:13.7465076Z   2024-05-07: 2 problems
2026-10-04T10:50:13.9549227Z   2024-05-06: 2 problems
2026-10-04T10:50:14.2012700Z   2024-05-04: 2 problems
2026-10-04T10:50:14.4305700Z   2024-05-03: 2 problems
2026-10-04T10:50:14.5899907Z   2024-05-02: 2 problems
2026-10-04T10:50:14.7934851Z   2024-05-01: 2 problems
2026-10-04T10:50:14.9704447Z   2024-04-30: 2 problems
2026-10-04T10:50:15.1580250Z   2024-04-29: 2 problems
2026-10-04T10:50:15.3228721Z   2024-04-27: 2 problems
2026-10-04T10:50:15.4776913Z   2024-04-26: 2 problems
2026-10-04T10:50:15.6512409Z   2024-04-25: 2 problems
2026-10-04T10:50:15.7991074Z   2024-04-24: 2 problems
2026-10-04T10:50:15.9641682Z   2024-04-23: 2 problems
2026-10-04T10:50:16.1909018Z   2024-04-22: 2 problems
2026-10-04T10:50:16.3962932Z   2024-04-20: 2 problems
2026-10-04T10:50:16.5687507Z   2024-04-19: 2 problems
2026-10-04T10:50:16.7208184Z   2024-04-18: 2 problems
2026-10-04T10:50:16.9268511Z   2024-04-17: 2 problems
2026-10-04T10:50:17.0899388Z   2024-04-16: 2 problems
2026-10-04T10:50:17.2627226Z   2024-04-15: 2 problems
2026-10-04T10:50:17.4911428Z   2024-04-13: 2 problems
2026-10-04T10:50:17.6721038Z   2024-04-12: 2 problems
2026-10-04T10:50:17.8462411Z   2024-04-11: 2 problems
2026-10-04T10:50:18.0294335Z   2024-04-10: 2 problems
2026-10-04T10:50:18.1899052Z   2024-04-09: 2 problems
2026-10-04T10:50:18.3638591Z   2024-04-08: 2 problems
2026-10-04T10:50:18.5485719Z   2024-04-06: 2 problems
2026-10-04T10:50:18.7972974Z   2024-04-05: 2 problems
2026-10-04T10:50:18.9565637Z   2024-04-04: 2 problems
2026-10-04T10:50:19.1831111Z   2024-04-03: 2 problems
2026-10-04T10:50:19.4259626Z   2024-04-02: 2 problems
2026-10-04T10:50:19.6020022Z   2024-04-01: 2 problems
2026-10-04T10:50:19.7639893Z   2024-03-30: 2 problems
2026-10-04T10:50:19.9260923Z   2024-03-29: 2 problems
2026-10-04T10:50:20.0719784Z   2024-03-28: 2 problems
2026-10-04T10:50:20.2360391Z   2024-03-27: 2 problems
2026-10-04T10:50:20.4169550Z   2024-03-26: 2 problems
2026-10-04T10:50:20.5922163Z   2024-03-25: 2 problems
2026-10-04T10:50:20.7846243Z   2024-03-23: 2 problems
2026-10-04T10:50:20.9503394Z   2024-03-22: 2 problems
2026-10-04T10:50:21.1259959Z   2024-03-21: 2 problems
2026-10-04T10:50:21.2784773Z   2024-03-20: 2 problems
2026-10-04T10:50:21.4306789Z   2024-03-19: 2 problems
2026-10-04T10:50:21.6001545Z   2024-03-18: 2 problems
2026-10-04T10:50:21.7828005Z   2024-03-16: 2 problems
2026-10-04T10:50:21.9587203Z   2024-03-15: 2 problems
2026-10-04T10:50:22.1189789Z   2024-03-14: 2 problems
2026-10-04T10:50:22.2884425Z   2024-03-13: 2 problems
2026-10-04T10:50:22.4450912Z   2024-03-12: 2 problems
2026-10-04T10:50:22.6028397Z   2024-03-11: 2 problems
2026-10-04T10:50:22.8792815Z   2024-03-09: 2 problems
2026-10-04T10:50:23.0735163Z   2024-03-08: 2 problems
2026-10-04T10:50:23.2467966Z   2024-03-07: 2 problems
2026-10-04T10:50:23.4261191Z   2024-03-06: 2 problems
2026-10-04T10:50:23.6004259Z   2024-03-05: 2 problems
2026-10-04T10:50:23.7777341Z   2024-03-04: 2 problems
2026-10-04T10:50:23.9792453Z   2024-03-02: 2 problems
2026-10-04T10:50:24.1315537Z   2024-03-01: 2 problems
2026-10-04T10:50:24.3104359Z   2024-02-29: 2 problems
2026-10-04T10:50:24.4973210Z   2024-02-28: 2 problems
2026-10-04T10:50:24.6732028Z   2024-02-27: 2 problems
2026-10-04T10:50:24.8396953Z   2024-02-26: 2 problems
2026-10-04T10:50:24.8400312Z Building categories...
2026-10-04T10:50:26.3178534Z Wrote /home/runner/work/ys_problem_web/ys_problem_web/data/daily.json (813 days, 21 categories).
2026-10-04T10:50:26.3179471Z Syncing leaderboard (records.js from gh-pages)...
2026-10-04T10:50:26.4202387Z   ✓ 361 players, data through 2026-10-03
2026-10-04T10:50:26.4411628Z ##[group]Run if [ -n "9559659b0ec01b9f4625e6209aa9e00d1cce9b26" ]; then
2026-10-04T10:50:26.4412549Z [36;1mif [ -n "9559659b0ec01b9f4625e6209aa9e00d1cce9b26" ]; then[0m
2026-10-04T10:50:26.4413052Z [36;1m  echo "9559659b0ec01b9f4625e6209aa9e00d1cce9b26" > data/.upstream-sha[0m
2026-10-04T10:50:26.4413439Z [36;1mfi[0m
2026-10-04T10:50:26.4474958Z shell: /usr/bin/bash -e {0}
2026-10-04T10:50:26.4475218Z ##[endgroup]
2026-10-04T10:50:26.4579629Z ##[group]Run git config user.name "github-actions[bot]"
2026-10-04T10:50:26.4580061Z [36;1mgit config user.name "github-actions[bot]"[0m
2026-10-04T10:50:26.4580544Z [36;1mgit config user.email "41898282+github-actions[bot]@users.noreply.github.com"[0m
2026-10-04T10:50:26.4580970Z [36;1mgit add data/[0m
2026-10-04T10:50:26.4581228Z [36;1mif ! git diff --cached --quiet; then[0m
2026-10-04T10:50:26.4581582Z [36;1m  git commit -m "chore: sync daily problems data"[0m
2026-10-04T10:50:26.4582182Z [36;1mfi[0m
2026-10-04T10:50:26.4582494Z [36;1m# A repair batch runs ~45 min; anything pushed to main in that[0m
2026-10-04T10:50:26.4582992Z [36;1m# window (local work, the log job) rejects the push. Rebase over[0m
2026-10-04T10:50:26.4583370Z [36;1m# it and retry a few times.[0m
2026-10-04T10:50:26.4583670Z [36;1mfor i in 1 2 3; do[0m
2026-10-04T10:50:26.4583968Z [36;1m  if git pull --rebase origin main && git push; then[0m
2026-10-04T10:50:26.4584317Z [36;1m    exit 0[0m
2026-10-04T10:50:26.4584521Z [36;1m  fi[0m
2026-10-04T10:50:26.4584784Z [36;1m  echo "push attempt $i failed, retrying after rebase"[0m
2026-10-04T10:50:26.4585114Z [36;1m  sleep 15[0m
2026-10-04T10:50:26.4585329Z [36;1mdone[0m
2026-10-04T10:50:26.4585522Z [36;1mexit 1[0m
2026-10-04T10:50:26.4639678Z shell: /usr/bin/bash -e {0}
2026-10-04T10:50:26.4639930Z ##[endgroup]
2026-10-04T10:50:26.8902710Z [main 4e60c9a] chore: sync daily problems data
2026-10-04T10:50:26.8903513Z  211 files changed, 13587 insertions(+), 4527 deletions(-)
2026-10-04T10:50:27.3015133Z From https://github.com/Sam5440/ys_problem_web
2026-10-04T10:50:27.3015807Z  * branch            main       -> FETCH_HEAD
2026-10-04T10:50:27.3016349Z    01d483c..48cabc3  main       -> origin/main
2026-10-04T10:50:27.5456695Z Rebasing (1/1)
2026-10-04T10:50:27.5457216Z Successfully rebased and updated refs/heads/main.
2026-10-04T10:50:30.0243952Z To https://github.com/Sam5440/ys_problem_web
2026-10-04T10:50:30.0244451Z    48cabc3..25f9414  main -> main
2026-10-04T10:50:30.0325765Z ##[group]Run gh api "repos/Sam5440/ys_problem_web/actions/workflows/update-data.yml/dispatches" -f ref=main
2026-10-04T10:50:30.0326565Z [36;1mgh api "repos/Sam5440/ys_problem_web/actions/workflows/update-data.yml/dispatches" -f ref=main[0m
2026-10-04T10:50:30.0327177Z [36;1mecho "Queued next repair batch; 404 statement files still polluted."[0m
2026-10-04T10:50:30.0388996Z shell: /usr/bin/bash -e {0}
2026-10-04T10:50:30.0389254Z env:
2026-10-04T10:50:30.0392377Z   GH_TOKEN: ***
2026-10-04T10:50:30.0392605Z ##[endgroup]
2026-10-04T10:50:31.5827927Z Queued next repair batch; 404 statement files still polluted.
2026-10-04T10:50:31.5947067Z Post job cleanup.
2026-10-04T10:50:31.6802339Z [command]/usr/bin/git version
2026-10-04T10:50:31.6833639Z git version 2.55.0
2026-10-04T10:50:31.6876293Z Temporarily overriding HOME='/home/runner/work/_temp/1436fbc5-9091-480d-aa92-0e2e20e5cb9a' before making global git config changes
2026-10-04T10:50:31.6877619Z Adding repository directory to the temporary git global config as a safe directory
2026-10-04T10:50:31.6882048Z [command]/usr/bin/git config --global --add safe.directory /home/runner/work/ys_problem_web/ys_problem_web
2026-10-04T10:50:31.6922263Z [command]/usr/bin/git config --local --name-only --get-regexp core\.sshCommand
2026-10-04T10:50:31.6957853Z [command]/usr/bin/git submodule foreach --recursive sh -c "git config --local --name-only --get-regexp 'core\.sshCommand' && git config --local --unset-all 'core.sshCommand' || :"
2026-10-04T10:50:31.7213275Z [command]/usr/bin/git config --local --name-only --get-regexp http\.https\:\/\/github\.com\/\.extraheader
2026-10-04T10:50:31.7243191Z http.https://github.com/.extraheader
2026-10-04T10:50:31.7256638Z [command]/usr/bin/git config --local --unset-all http.https://github.com/.extraheader
2026-10-04T10:50:31.7292174Z [command]/usr/bin/git submodule foreach --recursive sh -c "git config --local --name-only --get-regexp 'http\.https\:\/\/github\.com\/\.extraheader' && git config --local --unset-all 'http.https://github.com/.extraheader' || :"
2026-10-04T10:50:31.7573124Z [command]/usr/bin/git config --local --name-only --get-regexp ^includeIf\.gitdir:
2026-10-04T10:50:31.7614165Z [command]/usr/bin/git submodule foreach --recursive git config --local --show-origin --name-only --get-regexp remote.origin.url
2026-10-04T10:50:31.7999501Z Evaluate and set job outputs
2026-10-04T10:50:31.8004909Z Set output 'changed'
2026-10-04T10:50:31.8006855Z Cleaning up orphan processes
2026-10-04T10:50:31.8368347Z ##[warning]Node.js 20 is deprecated. The following actions target Node.js 20 but are being forced to run on Node.js 24: actions/checkout@v4. For more information see: https://github.blog/changelog/2025-09-19-deprecation-of-node-20-on-github-actions-runners/

