<!--YSLOG {"runId":37341899679,"event":"workflow_dispatch","startedAt":"2026-10-05T16:34:43Z","savedAt":"2026-10-05T17:01:04.699Z","url":"https://github.com/Sam5440/ys_problem_web/actions/runs/37341899679","jobName":"update"}-->
2026-10-05T16:34:45.7565319Z Current runner version: '2.337.0'
2026-10-05T16:34:45.7590062Z ##[group]Runner Image Provisioner
2026-10-05T16:34:45.7590959Z Hosted Compute Agent
2026-10-05T16:34:45.7591560Z Version: 20260901.588
2026-10-05T16:34:45.7592333Z Commit: f88ec8081b781fac6c440065ac7ff9e710ce3d0b
2026-10-05T16:34:45.7593088Z Build Date: 2026-09-01T19:56:44Z
2026-10-05T16:34:45.7594197Z Worker ID: {7eee91ef-cacb-49b4-9a21-1ecf622ce415}
2026-10-05T16:34:45.7594940Z Azure Region: westus2
2026-10-05T16:34:45.7595617Z ##[endgroup]
2026-10-05T16:34:45.7597281Z ##[group]Operating System
2026-10-05T16:34:45.7597955Z Ubuntu
2026-10-05T16:34:45.7598615Z 24.04.5
2026-10-05T16:34:45.7599454Z LTS
2026-10-05T16:34:45.7600047Z ##[endgroup]
2026-10-05T16:34:45.7600656Z ##[group]Runner Image
2026-10-05T16:34:45.7601303Z Image: ubuntu-24.04
2026-10-05T16:34:45.7602028Z Version: 20260927.320.1
2026-10-05T16:34:45.7603309Z Included Software: https://github.com/actions/runner-images/blob/ubuntu24/20260927.320/images/ubuntu/Ubuntu2404-Readme.md
2026-10-05T16:34:45.7604965Z Image Release: https://github.com/actions/runner-images/releases/tag/ubuntu24%2F20260927.320
2026-10-05T16:34:45.7605977Z ##[endgroup]
2026-10-05T16:34:45.7607331Z ##[group]GITHUB_TOKEN Permissions
2026-10-05T16:34:45.7609607Z Actions: write
2026-10-05T16:34:45.7610388Z Contents: write
2026-10-05T16:34:45.7611016Z Metadata: read
2026-10-05T16:34:45.7611636Z ##[endgroup]
2026-10-05T16:34:45.7613658Z Secret source: Actions
2026-10-05T16:34:45.7614702Z Cache mode: write
2026-10-05T16:34:45.7615454Z Prepare workflow directory
2026-10-05T16:34:45.7942203Z Prepare all required actions
2026-10-05T16:34:45.7991809Z Getting action download info
2026-10-05T16:34:46.1619646Z Download action repository 'actions/checkout@v4' (SHA:11d5960a326750d5838078e36cf38b85af677262)
2026-10-05T16:34:46.3758035Z Complete job name: update
2026-10-05T16:34:46.4584960Z ##[group]Run actions/checkout@v4
2026-10-05T16:34:46.4585841Z with:
2026-10-05T16:34:46.4586310Z   repository: Sam5440/ys_problem_web
2026-10-05T16:34:46.4590242Z   token: ***
2026-10-05T16:34:46.4590697Z   ssh-strict: true
2026-10-05T16:34:46.4591147Z   ssh-user: git
2026-10-05T16:34:46.4591603Z   persist-credentials: true
2026-10-05T16:34:46.4592103Z   clean: true
2026-10-05T16:34:46.4592560Z   sparse-checkout-cone-mode: true
2026-10-05T16:34:46.4593086Z   fetch-depth: 1
2026-10-05T16:34:46.4593528Z   fetch-tags: false
2026-10-05T16:34:46.4593975Z   show-progress: true
2026-10-05T16:34:46.4594429Z   lfs: false
2026-10-05T16:34:46.4594845Z   submodules: false
2026-10-05T16:34:46.4595305Z   set-safe-directory: true
2026-10-05T16:34:46.4595821Z   allow-unsafe-pr-checkout: false
2026-10-05T16:34:46.4596605Z ##[endgroup]
2026-10-05T16:34:46.5599588Z Syncing repository: Sam5440/ys_problem_web
2026-10-05T16:34:46.5602473Z ##[group]Getting Git version info
2026-10-05T16:34:46.5603985Z Working directory is '/home/runner/work/ys_problem_web/ys_problem_web'
2026-10-05T16:34:46.5606251Z [command]/usr/bin/git version
2026-10-05T16:34:46.5686555Z git version 2.55.0
2026-10-05T16:34:46.5709518Z ##[endgroup]
2026-10-05T16:34:46.5726431Z Temporarily overriding HOME='/home/runner/work/_temp/1139e9b9-1eb5-43a9-9e9f-fe371e5fc924' before making global git config changes
2026-10-05T16:34:46.5728838Z Adding repository directory to the temporary git global config as a safe directory
2026-10-05T16:34:46.5732577Z [command]/usr/bin/git config --global --add safe.directory /home/runner/work/ys_problem_web/ys_problem_web
2026-10-05T16:34:46.5787632Z Deleting the contents of '/home/runner/work/ys_problem_web/ys_problem_web'
2026-10-05T16:34:46.5794147Z ##[group]Initializing the repository
2026-10-05T16:34:46.5797596Z [command]/usr/bin/git init /home/runner/work/ys_problem_web/ys_problem_web
2026-10-05T16:34:46.5955654Z hint: Using 'master' as the name for the initial branch. This default branch name
2026-10-05T16:34:46.5957495Z hint: will change to "main" in Git 3.0. To configure the initial branch name
2026-10-05T16:34:46.5959312Z hint: to use in all of your new repositories, which will suppress this warning,
2026-10-05T16:34:46.5960982Z hint: call:
2026-10-05T16:34:46.5962069Z hint:
2026-10-05T16:34:46.5962999Z hint: 	git config --global init.defaultBranch <name>
2026-10-05T16:34:46.5964075Z hint:
2026-10-05T16:34:46.5965105Z hint: Names commonly chosen instead of 'master' are 'main', 'trunk' and
2026-10-05T16:34:46.5966766Z hint: 'development'. The just-created branch can be renamed via this command:
2026-10-05T16:34:46.5968050Z hint:
2026-10-05T16:34:46.5968758Z hint: 	git branch -m <name>
2026-10-05T16:34:46.5969752Z hint:
2026-10-05T16:34:46.5970759Z hint: Disable this message with "git config set advice.defaultBranchName false"
2026-10-05T16:34:46.5971999Z Initialized empty Git repository in /home/runner/work/ys_problem_web/ys_problem_web/.git/
2026-10-05T16:34:46.5982786Z [command]/usr/bin/git remote add origin https://github.com/Sam5440/ys_problem_web
2026-10-05T16:34:46.6034264Z ##[endgroup]
2026-10-05T16:34:46.6035636Z ##[group]Disabling automatic garbage collection
2026-10-05T16:34:46.6039872Z [command]/usr/bin/git config --local gc.auto 0
2026-10-05T16:34:46.6077800Z ##[endgroup]
2026-10-05T16:34:46.6079713Z ##[group]Setting up auth
2026-10-05T16:34:46.6086184Z [command]/usr/bin/git config --local --name-only --get-regexp core\.sshCommand
2026-10-05T16:34:46.6119607Z [command]/usr/bin/git submodule foreach --recursive sh -c "git config --local --name-only --get-regexp 'core\.sshCommand' && git config --local --unset-all 'core.sshCommand' || :"
2026-10-05T16:34:46.6497515Z [command]/usr/bin/git config --local --name-only --get-regexp http\.https\:\/\/github\.com\/\.extraheader
2026-10-05T16:34:46.6535467Z [command]/usr/bin/git submodule foreach --recursive sh -c "git config --local --name-only --get-regexp 'http\.https\:\/\/github\.com\/\.extraheader' && git config --local --unset-all 'http.https://github.com/.extraheader' || :"
2026-10-05T16:34:46.6763523Z [command]/usr/bin/git config --local --name-only --get-regexp ^includeIf\.gitdir:
2026-10-05T16:34:46.6799429Z [command]/usr/bin/git submodule foreach --recursive git config --local --show-origin --name-only --get-regexp remote.origin.url
2026-10-05T16:34:46.7024417Z [command]/usr/bin/git config --local http.https://github.com/.extraheader AUTHORIZATION: basic ***
2026-10-05T16:34:46.7066026Z ##[endgroup]
2026-10-05T16:34:46.7066851Z ##[group]Fetching the repository
2026-10-05T16:34:46.7076391Z [command]/usr/bin/git -c protocol.version=2 fetch --no-tags --prune --no-recurse-submodules --depth=1 origin +a385b01e5a14e1ae28629925e87c2fd97981c42e:refs/remotes/origin/main
2026-10-05T16:34:47.1315839Z From https://github.com/Sam5440/ys_problem_web
2026-10-05T16:34:47.1318237Z  * [new ref]         a385b01e5a14e1ae28629925e87c2fd97981c42e -> origin/main
2026-10-05T16:34:47.1322991Z ##[endgroup]
2026-10-05T16:34:47.1324807Z ##[group]Determining the checkout info
2026-10-05T16:34:47.1326690Z ##[endgroup]
2026-10-05T16:34:47.1334813Z [command]/usr/bin/git sparse-checkout disable
2026-10-05T16:34:47.1389952Z [command]/usr/bin/git config --local --unset-all extensions.worktreeConfig
2026-10-05T16:34:47.1422800Z ##[group]Checking out the ref
2026-10-05T16:34:47.1427106Z [command]/usr/bin/git checkout --progress --force -B main refs/remotes/origin/main
2026-10-05T16:34:47.1540049Z Switched to a new branch 'main'
2026-10-05T16:34:47.1546069Z branch 'main' set up to track 'origin/main'.
2026-10-05T16:34:47.1551395Z ##[endgroup]
2026-10-05T16:34:47.1593592Z [command]/usr/bin/git log -1 --format=%H
2026-10-05T16:34:47.1621086Z a385b01e5a14e1ae28629925e87c2fd97981c42e
2026-10-05T16:34:47.1846788Z ##[group]Run node scripts/restore-data.mjs --misc
2026-10-05T16:34:47.1847592Z [36;1mnode scripts/restore-data.mjs --misc[0m
2026-10-05T16:34:47.2123805Z shell: /usr/bin/bash -e {0}
2026-10-05T16:34:47.2124475Z ##[endgroup]
2026-10-05T16:34:48.3983670Z misc: restored data/leaderboard.json, data/.upstream-sha, data/.leaderboard-sha, data/.history-backfill-failed.json, public/ci-logs from data/misc-2026-10-05
2026-10-05T16:34:48.4077519Z ##[group]Run CHANGED=false
2026-10-05T16:34:48.4078272Z [36;1mCHANGED=false[0m
2026-10-05T16:34:48.4078747Z [36;1mLB_CHANGED=false[0m
2026-10-05T16:34:48.4080029Z [36;1mif UPSTREAM_SHA=$(git ls-remote https://github.com/Yawn-Sean/Daily_CF_Problems.git HEAD | cut -f1) && [ -n "$UPSTREAM_SHA" ]; then[0m
2026-10-05T16:34:48.4080974Z [36;1m  LAST_SHA=$(cat data/.upstream-sha 2>/dev/null || true)[0m
2026-10-05T16:34:48.4081602Z [36;1m  [ "$UPSTREAM_SHA" != "$LAST_SHA" ] && CHANGED=true[0m
2026-10-05T16:34:48.4082113Z [36;1melse[0m
2026-10-05T16:34:48.4082626Z [36;1m  # check itself failed — fall through to a full run (safe fallback)[0m
2026-10-05T16:34:48.4083208Z [36;1m  CHANGED=true[0m
2026-10-05T16:34:48.4083611Z [36;1mfi[0m
2026-10-05T16:34:48.4148733Z [36;1m# empty output = gh-pages missing → nothing to sync; a failure here[0m
2026-10-05T16:34:48.4149883Z [36;1m# is covered by the main-branch fallback above (same network)[0m
2026-10-05T16:34:48.4150940Z [36;1mLB_SHA=$(git ls-remote https://github.com/Yawn-Sean/Daily_CF_Problems.git gh-pages | cut -f1 || true)[0m
2026-10-05T16:34:48.4151720Z [36;1mif [ -n "$LB_SHA" ]; then[0m
2026-10-05T16:34:48.4152279Z [36;1m  LAST_LB_SHA=$(cat data/.leaderboard-sha 2>/dev/null || true)[0m
2026-10-05T16:34:48.4152877Z [36;1m  [ "$LB_SHA" != "$LAST_LB_SHA" ] && LB_CHANGED=true[0m
2026-10-05T16:34:48.4153377Z [36;1mfi[0m
2026-10-05T16:34:48.4153798Z [36;1mecho "changed=$CHANGED" >> "$GITHUB_OUTPUT"[0m
2026-10-05T16:34:48.4154349Z [36;1mecho "lb_changed=$LB_CHANGED" >> "$GITHUB_OUTPUT"[0m
2026-10-05T16:34:48.4154908Z [36;1mecho "sha=$UPSTREAM_SHA" >> "$GITHUB_OUTPUT"[0m
2026-10-05T16:34:48.4155432Z [36;1mecho "lb_sha=$LB_SHA" >> "$GITHUB_OUTPUT"[0m
2026-10-05T16:34:48.4220883Z shell: /usr/bin/bash -e {0}
2026-10-05T16:34:48.4221353Z ##[endgroup]
2026-10-05T16:34:49.2165732Z ##[group]Run node scripts/restore-data.mjs --statements --daily
2026-10-05T16:34:49.2166305Z [36;1mnode scripts/restore-data.mjs --statements --daily[0m
2026-10-05T16:34:49.2235718Z shell: /usr/bin/bash -e {0}
2026-10-05T16:34:49.2236082Z ##[endgroup]
2026-10-05T16:34:50.7532116Z statements: restored data/statements from data/problems
2026-10-05T16:34:52.0593282Z daily: restored data/daily.json from deploy
2026-10-05T16:34:52.0680630Z ##[group]Run npm ci
2026-10-05T16:34:52.0680908Z [36;1mnpm ci[0m
2026-10-05T16:34:52.0743654Z shell: /usr/bin/bash -e {0}
2026-10-05T16:34:52.0743923Z ##[endgroup]
2026-10-05T16:35:01.5002129Z 
2026-10-05T16:35:01.5003124Z added 66 packages, and audited 67 packages in 9s
2026-10-05T16:35:01.5003701Z 
2026-10-05T16:35:01.5003865Z 14 packages are looking for funding
2026-10-05T16:35:01.5004366Z   run `npm fund` for details
2026-10-05T16:35:01.5363216Z 
2026-10-05T16:35:01.5363928Z 2 vulnerabilities (1 moderate, 1 high)
2026-10-05T16:35:01.5364264Z 
2026-10-05T16:35:01.5364484Z To address all issues (including breaking changes), run:
2026-10-05T16:35:01.5364956Z   npm audit fix --force
2026-10-05T16:35:01.5365424Z 
2026-10-05T16:35:01.5365870Z Run `npm audit` for details.
2026-10-05T16:35:01.5994454Z ##[group]Run npx playwright install --with-deps chromium
2026-10-05T16:35:01.5994922Z [36;1mnpx playwright install --with-deps chromium[0m
2026-10-05T16:35:01.6060366Z shell: /usr/bin/bash -e {0}
2026-10-05T16:35:01.6060672Z ##[endgroup]
2026-10-05T16:35:02.4834153Z Installing dependencies...
2026-10-05T16:35:02.4898007Z Switching to root user to install dependencies...
2026-10-05T16:35:02.5769044Z Get:1 file:/etc/apt/apt-mirrors.txt Mirrorlist [144 B]
2026-10-05T16:35:02.6150804Z Hit:2 http://azure.archive.ubuntu.com/ubuntu noble InRelease
2026-10-05T16:35:02.6186673Z Get:3 http://azure.archive.ubuntu.com/ubuntu noble-updates InRelease [126 kB]
2026-10-05T16:35:02.6265212Z Get:4 http://azure.archive.ubuntu.com/ubuntu noble-backports InRelease [126 kB]
2026-10-05T16:35:02.6271727Z Get:6 https://packages.microsoft.com/ubuntu/24.04/prod noble InRelease [3600 B]
2026-10-05T16:35:02.6357605Z Get:5 http://azure.archive.ubuntu.com/ubuntu noble-security InRelease [126 kB]
2026-10-05T16:35:02.7608613Z Get:7 http://azure.archive.ubuntu.com/ubuntu noble-updates/main amd64 Packages [1366 kB]
2026-10-05T16:35:02.7775298Z Get:8 http://azure.archive.ubuntu.com/ubuntu noble-updates/main Translation-en [304 kB]
2026-10-05T16:35:02.7800785Z Get:9 http://azure.archive.ubuntu.com/ubuntu noble-updates/main amd64 Components [181 kB]
2026-10-05T16:35:02.7828195Z Get:10 http://azure.archive.ubuntu.com/ubuntu noble-updates/universe amd64 Packages [1699 kB]
2026-10-05T16:35:02.7937721Z Get:11 http://azure.archive.ubuntu.com/ubuntu noble-updates/universe Translation-en [341 kB]
2026-10-05T16:35:02.7990196Z Get:12 http://azure.archive.ubuntu.com/ubuntu noble-updates/universe amd64 Components [388 kB]
2026-10-05T16:35:02.8024677Z Get:13 http://azure.archive.ubuntu.com/ubuntu noble-updates/restricted amd64 Packages [1724 kB]
2026-10-05T16:35:02.8135134Z Get:14 http://azure.archive.ubuntu.com/ubuntu noble-updates/restricted Translation-en [394 kB]
2026-10-05T16:35:02.8173803Z Get:15 http://azure.archive.ubuntu.com/ubuntu noble-updates/multiverse amd64 Components [940 B]
2026-10-05T16:35:02.8190707Z Get:16 https://packages.microsoft.com/ubuntu/24.04/prod noble/main armhf Packages [12.6 kB]
2026-10-05T16:35:02.8216479Z Get:17 https://packages.microsoft.com/ubuntu/24.04/prod noble/main amd64 Packages [511 kB]
2026-10-05T16:35:02.8391184Z Get:18 https://packages.microsoft.com/ubuntu/24.04/prod noble/main arm64 Packages [458 kB]
2026-10-05T16:35:02.8748260Z Get:19 http://azure.archive.ubuntu.com/ubuntu noble-backports/main amd64 Components [5776 B]
2026-10-05T16:35:02.9241641Z Get:20 http://azure.archive.ubuntu.com/ubuntu noble-backports/universe amd64 Components [12.6 kB]
2026-10-05T16:35:02.9266827Z Get:21 http://azure.archive.ubuntu.com/ubuntu noble-security/main amd64 Packages [1069 kB]
2026-10-05T16:35:02.9324950Z Get:22 http://azure.archive.ubuntu.com/ubuntu noble-security/main Translation-en [221 kB]
2026-10-05T16:35:02.9347323Z Get:23 http://azure.archive.ubuntu.com/ubuntu noble-security/main amd64 Components [46.4 kB]
2026-10-05T16:35:02.9366068Z Get:24 http://azure.archive.ubuntu.com/ubuntu noble-security/universe amd64 Packages [1216 kB]
2026-10-05T16:35:02.9425828Z Get:25 http://azure.archive.ubuntu.com/ubuntu noble-security/universe Translation-en [244 kB]
2026-10-05T16:35:02.9449614Z Get:26 http://azure.archive.ubuntu.com/ubuntu noble-security/universe amd64 Components [76.4 kB]
2026-10-05T16:35:02.9472025Z Get:27 http://azure.archive.ubuntu.com/ubuntu noble-security/restricted amd64 Packages [1566 kB]
2026-10-05T16:35:02.9544556Z Get:28 http://azure.archive.ubuntu.com/ubuntu noble-security/restricted Translation-en [361 kB]
2026-10-05T16:35:07.2378195Z Fetched 12.6 MB in 1s (9256 kB/s)
2026-10-05T16:35:08.0671196Z Reading package lists...
2026-10-05T16:35:08.0917052Z Reading package lists...
2026-10-05T16:35:08.2643460Z Building dependency tree...
2026-10-05T16:35:08.2654642Z Reading state information...
2026-10-05T16:35:08.4015479Z libasound2t64 is already the newest version (1.2.11-1ubuntu0.3).
2026-10-05T16:35:08.4017307Z libasound2t64 set to manually installed.
2026-10-05T16:35:08.4018285Z libatk-bridge2.0-0t64 is already the newest version (2.52.0-1build1).
2026-10-05T16:35:08.4019607Z libatk-bridge2.0-0t64 set to manually installed.
2026-10-05T16:35:08.4020562Z libatk1.0-0t64 is already the newest version (2.52.0-1build1).
2026-10-05T16:35:08.4021462Z libatk1.0-0t64 set to manually installed.
2026-10-05T16:35:08.4022393Z libatspi2.0-0t64 is already the newest version (2.52.0-1build1).
2026-10-05T16:35:08.4023175Z libatspi2.0-0t64 set to manually installed.
2026-10-05T16:35:08.4023682Z libcairo2 is already the newest version (1.18.0-3build1).
2026-10-05T16:35:08.4024208Z libcairo2 set to manually installed.
2026-10-05T16:35:08.4024820Z libcups2t64 is already the newest version (2.4.7-1.2ubuntu7.14).
2026-10-05T16:35:08.4025626Z libcups2t64 set to manually installed.
2026-10-05T16:35:08.4026388Z libdbus-1-3 is already the newest version (1.14.10-4ubuntu4.1).
2026-10-05T16:35:08.4027186Z libdbus-1-3 set to manually installed.
2026-10-05T16:35:08.4028197Z libdrm2 is already the newest version (2.4.125-1ubuntu0.1~24.04.2).
2026-10-05T16:35:08.4028998Z libdrm2 set to manually installed.
2026-10-05T16:35:08.4029779Z libglib2.0-0t64 is already the newest version (2.80.0-6ubuntu3.9).
2026-10-05T16:35:08.4030427Z libglib2.0-0t64 set to manually installed.
2026-10-05T16:35:08.4030922Z libnspr4 is already the newest version (2:4.35-1.1build1).
2026-10-05T16:35:08.4031426Z libnspr4 set to manually installed.
2026-10-05T16:35:08.4031903Z libnss3 is already the newest version (2:3.98-1ubuntu0.2).
2026-10-05T16:35:08.4032393Z libnss3 set to manually installed.
2026-10-05T16:35:08.4032956Z libpango-1.0-0 is already the newest version (1.52.1+ds-1build1).
2026-10-05T16:35:08.4033414Z libpango-1.0-0 set to manually installed.
2026-10-05T16:35:08.4033849Z libx11-6 is already the newest version (2:1.8.7-1build1).
2026-10-05T16:35:08.4034278Z libx11-6 set to manually installed.
2026-10-05T16:35:08.4034672Z libxcb1 is already the newest version (1.15-1ubuntu2).
2026-10-05T16:35:08.4035092Z libxcb1 set to manually installed.
2026-10-05T16:35:08.4035575Z libxcomposite1 is already the newest version (1:0.4.5-1build3).
2026-10-05T16:35:08.4036087Z libxcomposite1 set to manually installed.
2026-10-05T16:35:08.4036521Z libxdamage1 is already the newest version (1:1.1.6-1build1).
2026-10-05T16:35:08.4036992Z libxdamage1 set to manually installed.
2026-10-05T16:35:08.4037405Z libxext6 is already the newest version (2:1.3.4-1build2).
2026-10-05T16:35:08.4037826Z libxext6 set to manually installed.
2026-10-05T16:35:08.4038237Z libxfixes3 is already the newest version (1:6.0.0-2build1).
2026-10-05T16:35:08.4038657Z libxfixes3 set to manually installed.
2026-10-05T16:35:08.4039230Z libxkbcommon0 is already the newest version (1.6.0-1build1).
2026-10-05T16:35:08.4039672Z libxkbcommon0 set to manually installed.
2026-10-05T16:35:08.4040092Z libxrandr2 is already the newest version (2:1.5.2-2build1).
2026-10-05T16:35:08.4040625Z libxrandr2 set to manually installed.
2026-10-05T16:35:08.4041037Z xvfb is already the newest version (2:21.1.12-1ubuntu1.8).
2026-10-05T16:35:08.4041587Z fonts-noto-color-emoji is already the newest version (2.047-0ubuntu0.24.04.1).
2026-10-05T16:35:08.4042169Z libfontconfig1 is already the newest version (2.15.0-1.1ubuntu2).
2026-10-05T16:35:08.4042651Z libfontconfig1 set to manually installed.
2026-10-05T16:35:08.4043127Z libfreetype6 is already the newest version (2.13.2+dfsg-1ubuntu0.1).
2026-10-05T16:35:08.4043610Z libfreetype6 set to manually installed.
2026-10-05T16:35:08.4044048Z fonts-liberation is already the newest version (1:2.1.5-3).
2026-10-05T16:35:08.4044493Z fonts-liberation set to manually installed.
2026-10-05T16:35:08.4044925Z The following additional packages will be installed:
2026-10-05T16:35:08.4045606Z   libgl1-mesa-dri libglx-mesa0 mesa-libgallium xfonts-encodings xfonts-utils
2026-10-05T16:35:08.4046109Z Recommended packages:
2026-10-05T16:35:08.4046445Z   fonts-ipafont-mincho fonts-tlwg-loma
2026-10-05T16:35:08.4265514Z The following NEW packages will be installed:
2026-10-05T16:35:08.4266214Z   fonts-freefont-ttf fonts-ipafont-gothic fonts-tlwg-loma-otf fonts-unifont
2026-10-05T16:35:08.4273837Z   fonts-wqy-zenhei xfonts-cyrillic xfonts-encodings xfonts-scalable
2026-10-05T16:35:08.4274537Z   xfonts-utils
2026-10-05T16:35:08.4278801Z The following packages will be upgraded:
2026-10-05T16:35:08.4284844Z   libgbm1 libgl1-mesa-dri libglx-mesa0 mesa-libgallium
2026-10-05T16:35:08.4450228Z 4 upgraded, 9 newly installed, 0 to remove and 21 not upgraded.
2026-10-05T16:35:08.4450939Z Need to get 32.1 MB of archives.
2026-10-05T16:35:08.4451551Z After this operation, 79.5 MB of additional disk space will be used.
2026-10-05T16:35:08.4452313Z Get:1 file:/etc/apt/apt-mirrors.txt Mirrorlist [144 B]
2026-10-05T16:35:08.5414098Z Get:2 http://azure.archive.ubuntu.com/ubuntu noble/universe amd64 fonts-ipafont-gothic all 00303-21ubuntu1 [3513 kB]
2026-10-05T16:35:08.6970281Z Get:3 http://azure.archive.ubuntu.com/ubuntu noble/main amd64 fonts-freefont-ttf all 20211204+svn4273-2 [5641 kB]
2026-10-05T16:35:08.8671844Z Get:4 http://azure.archive.ubuntu.com/ubuntu noble/universe amd64 fonts-tlwg-loma-otf all 1:0.7.3-1 [107 kB]
2026-10-05T16:35:08.9426910Z Get:5 http://azure.archive.ubuntu.com/ubuntu noble/universe amd64 fonts-unifont all 1:15.1.01-1build1 [2993 kB]
2026-10-05T16:35:09.0420137Z Get:6 http://azure.archive.ubuntu.com/ubuntu noble/universe amd64 fonts-wqy-zenhei all 0.9.45-8 [7472 kB]
2026-10-05T16:35:09.2851856Z Get:7 http://azure.archive.ubuntu.com/ubuntu noble-updates/main amd64 libgl1-mesa-dri amd64 25.2.8-0ubuntu0.24.04.4 [38.0 kB]
2026-10-05T16:35:09.3610023Z Get:8 http://azure.archive.ubuntu.com/ubuntu noble-updates/main amd64 libglx-mesa0 amd64 25.2.8-0ubuntu0.24.04.4 [110 kB]
2026-10-05T16:35:09.4376598Z Get:9 http://azure.archive.ubuntu.com/ubuntu noble-updates/main amd64 libgbm1 amd64 25.2.8-0ubuntu0.24.04.4 [34.2 kB]
2026-10-05T16:35:09.5136528Z Get:10 http://azure.archive.ubuntu.com/ubuntu noble-updates/main amd64 mesa-libgallium amd64 25.2.8-0ubuntu0.24.04.4 [10.8 MB]
2026-10-05T16:35:09.8426700Z Get:11 http://azure.archive.ubuntu.com/ubuntu noble/main amd64 xfonts-encodings all 1:1.0.5-0ubuntu2 [578 kB]
2026-10-05T16:35:09.9321595Z Get:12 http://azure.archive.ubuntu.com/ubuntu noble/main amd64 xfonts-utils amd64 1:7.7+6build3 [94.4 kB]
2026-10-05T16:35:10.0119842Z Get:13 http://azure.archive.ubuntu.com/ubuntu noble/universe amd64 xfonts-cyrillic all 1:1.0.5+nmu1 [384 kB]
2026-10-05T16:35:10.0963206Z Get:14 http://azure.archive.ubuntu.com/ubuntu noble/main amd64 xfonts-scalable all 1:1.0.3-1.3 [304 kB]
2026-10-05T16:35:10.3510291Z Fetched 32.1 MB in 2s (19.2 MB/s)
2026-10-05T16:35:10.3753615Z Selecting previously unselected package fonts-ipafont-gothic.
2026-10-05T16:35:10.4013612Z (Reading database ... 
2026-10-05T16:35:10.4014131Z (Reading database ... 5%
2026-10-05T16:35:10.4014672Z (Reading database ... 10%
2026-10-05T16:35:10.4015202Z (Reading database ... 15%
2026-10-05T16:35:10.4015776Z (Reading database ... 20%
2026-10-05T16:35:10.4016760Z (Reading database ... 25%
2026-10-05T16:35:10.4017287Z (Reading database ... 30%
2026-10-05T16:35:10.4017786Z (Reading database ... 35%
2026-10-05T16:35:10.4018111Z (Reading database ... 40%
2026-10-05T16:35:10.4018434Z (Reading database ... 45%
2026-10-05T16:35:10.4018752Z (Reading database ... 50%
2026-10-05T16:35:10.4061018Z (Reading database ... 55%
2026-10-05T16:35:10.5095288Z (Reading database ... 60%
2026-10-05T16:35:10.7140022Z (Reading database ... 65%
2026-10-05T16:35:10.9200174Z (Reading database ... 70%
2026-10-05T16:35:11.1217072Z (Reading database ... 75%
2026-10-05T16:35:11.2139740Z (Reading database ... 80%
2026-10-05T16:35:11.4195995Z (Reading database ... 85%
2026-10-05T16:35:11.5304526Z (Reading database ... 90%
2026-10-05T16:35:11.6681326Z (Reading database ... 95%
2026-10-05T16:35:11.6681865Z (Reading database ... 100%
2026-10-05T16:35:11.6720377Z (Reading database ... 202296 files and directories currently installed.)
2026-10-05T16:35:11.6721469Z Preparing to unpack .../00-fonts-ipafont-gothic_00303-21ubuntu1_all.deb ...
2026-10-05T16:35:11.6810988Z Unpacking fonts-ipafont-gothic (00303-21ubuntu1) ...
2026-10-05T16:35:11.9081732Z Selecting previously unselected package fonts-freefont-ttf.
2026-10-05T16:35:11.9208924Z Preparing to unpack .../01-fonts-freefont-ttf_20211204+svn4273-2_all.deb ...
2026-10-05T16:35:11.9214691Z Unpacking fonts-freefont-ttf (20211204+svn4273-2) ...
2026-10-05T16:35:12.0135390Z Selecting previously unselected package fonts-tlwg-loma-otf.
2026-10-05T16:35:12.0265563Z Preparing to unpack .../02-fonts-tlwg-loma-otf_1%3a0.7.3-1_all.deb ...
2026-10-05T16:35:12.0273467Z Unpacking fonts-tlwg-loma-otf (1:0.7.3-1) ...
2026-10-05T16:35:12.0472258Z Selecting previously unselected package fonts-unifont.
2026-10-05T16:35:12.0600039Z Preparing to unpack .../03-fonts-unifont_1%3a15.1.01-1build1_all.deb ...
2026-10-05T16:35:12.0607155Z Unpacking fonts-unifont (1:15.1.01-1build1) ...
2026-10-05T16:35:12.1653959Z Selecting previously unselected package fonts-wqy-zenhei.
2026-10-05T16:35:12.1780974Z Preparing to unpack .../04-fonts-wqy-zenhei_0.9.45-8_all.deb ...
2026-10-05T16:35:12.1876135Z Unpacking fonts-wqy-zenhei (0.9.45-8) ...
2026-10-05T16:35:12.6564113Z Preparing to unpack .../05-libgl1-mesa-dri_25.2.8-0ubuntu0.24.04.4_amd64.deb ...
2026-10-05T16:35:12.6703050Z Unpacking libgl1-mesa-dri:amd64 (25.2.8-0ubuntu0.24.04.4) over (25.2.8-0ubuntu0.24.04.2) ...
2026-10-05T16:35:12.7181108Z Preparing to unpack .../06-libglx-mesa0_25.2.8-0ubuntu0.24.04.4_amd64.deb ...
2026-10-05T16:35:12.7210188Z Unpacking libglx-mesa0:amd64 (25.2.8-0ubuntu0.24.04.4) over (25.2.8-0ubuntu0.24.04.2) ...
2026-10-05T16:35:12.7597635Z Preparing to unpack .../07-libgbm1_25.2.8-0ubuntu0.24.04.4_amd64.deb ...
2026-10-05T16:35:12.7618941Z Unpacking libgbm1:amd64 (25.2.8-0ubuntu0.24.04.4) over (25.2.8-0ubuntu0.24.04.2) ...
2026-10-05T16:35:12.7986399Z Preparing to unpack .../08-mesa-libgallium_25.2.8-0ubuntu0.24.04.4_amd64.deb ...
2026-10-05T16:35:12.8006658Z Unpacking mesa-libgallium:amd64 (25.2.8-0ubuntu0.24.04.4) over (25.2.8-0ubuntu0.24.04.2) ...
2026-10-05T16:35:12.9672794Z Selecting previously unselected package xfonts-encodings.
2026-10-05T16:35:12.9801582Z Preparing to unpack .../09-xfonts-encodings_1%3a1.0.5-0ubuntu2_all.deb ...
2026-10-05T16:35:12.9808139Z Unpacking xfonts-encodings (1:1.0.5-0ubuntu2) ...
2026-10-05T16:35:13.0107834Z Selecting previously unselected package xfonts-utils.
2026-10-05T16:35:13.0235154Z Preparing to unpack .../10-xfonts-utils_1%3a7.7+6build3_amd64.deb ...
2026-10-05T16:35:13.0241905Z Unpacking xfonts-utils (1:7.7+6build3) ...
2026-10-05T16:35:13.0606488Z Selecting previously unselected package xfonts-cyrillic.
2026-10-05T16:35:13.0732963Z Preparing to unpack .../11-xfonts-cyrillic_1%3a1.0.5+nmu1_all.deb ...
2026-10-05T16:35:13.0740393Z Unpacking xfonts-cyrillic (1:1.0.5+nmu1) ...
2026-10-05T16:35:13.1077342Z Selecting previously unselected package xfonts-scalable.
2026-10-05T16:35:13.1201625Z Preparing to unpack .../12-xfonts-scalable_1%3a1.0.3-1.3_all.deb ...
2026-10-05T16:35:13.1207983Z Unpacking xfonts-scalable (1:1.0.3-1.3) ...
2026-10-05T16:35:13.1629673Z Setting up mesa-libgallium:amd64 (25.2.8-0ubuntu0.24.04.4) ...
2026-10-05T16:35:13.1649880Z Setting up libgbm1:amd64 (25.2.8-0ubuntu0.24.04.4) ...
2026-10-05T16:35:13.1667205Z Setting up libgl1-mesa-dri:amd64 (25.2.8-0ubuntu0.24.04.4) ...
2026-10-05T16:35:13.1736256Z Setting up fonts-wqy-zenhei (0.9.45-8) ...
2026-10-05T16:35:13.1847980Z Setting up fonts-freefont-ttf (20211204+svn4273-2) ...
2026-10-05T16:35:13.1887048Z Setting up fonts-tlwg-loma-otf (1:0.7.3-1) ...
2026-10-05T16:35:13.1906841Z Setting up xfonts-encodings (1:1.0.5-0ubuntu2) ...
2026-10-05T16:35:13.1924048Z Setting up fonts-ipafont-gothic (00303-21ubuntu1) ...
2026-10-05T16:35:13.2002593Z update-alternatives: using /usr/share/fonts/opentype/ipafont-gothic/ipag.ttf to provide /usr/share/fonts/truetype/fonts-japanese-gothic.ttf (fonts-japanese-gothic.ttf) in auto mode
2026-10-05T16:35:13.2017257Z Setting up fonts-unifont (1:15.1.01-1build1) ...
2026-10-05T16:35:13.2034248Z Setting up libglx-mesa0:amd64 (25.2.8-0ubuntu0.24.04.4) ...
2026-10-05T16:35:13.2051496Z Setting up xfonts-utils (1:7.7+6build3) ...
2026-10-05T16:35:13.2090951Z Setting up xfonts-cyrillic (1:1.0.5+nmu1) ...
2026-10-05T16:35:13.2382221Z Setting up xfonts-scalable (1:1.0.3-1.3) ...
2026-10-05T16:35:13.2663710Z Processing triggers for libc-bin (2.39-0ubuntu8.9) ...
2026-10-05T16:35:13.2984494Z Processing triggers for man-db (2.12.0-4build2) ...
2026-10-05T16:35:13.3005642Z Not building database; man-db/auto-update is not 'true'.
2026-10-05T16:35:13.3017776Z Processing triggers for fontconfig (2.15.0-1.1ubuntu2) ...
2026-10-05T16:35:14.0112583Z 
2026-10-05T16:35:14.0113138Z Running kernel seems to be up-to-date.
2026-10-05T16:35:14.0113647Z 
2026-10-05T16:35:14.0113805Z No services need to be restarted.
2026-10-05T16:35:14.0114072Z 
2026-10-05T16:35:14.0120220Z No containers need to be restarted.
2026-10-05T16:35:14.0120575Z 
2026-10-05T16:35:14.0120822Z No user sessions are running outdated binaries.
2026-10-05T16:35:14.0121523Z 
2026-10-05T16:35:14.0121865Z No VM guests are running outdated hypervisor (qemu) binaries on this host.
2026-10-05T16:35:14.8710846Z Downloading Chrome for Testing 153.0.8010.12 (playwright chromium v1243) from https://cdn.playwright.dev/builds/cft/153.0.8010.12/linux64/chrome-linux64.zip
2026-10-05T16:35:15.2759958Z |                                                                                |   0% of 186.8 MiB
2026-10-05T16:35:15.4873701Z |■■■■■■■■                                                                        |  10% of 186.8 MiB
2026-10-05T16:35:15.5792369Z |■■■■■■■■■■■■■■■■                                                                |  20% of 186.8 MiB
2026-10-05T16:35:15.6531741Z |■■■■■■■■■■■■■■■■■■■■■■■■                                                        |  30% of 186.8 MiB
2026-10-05T16:35:15.7244413Z |■■■■■■■■■■■■■■■■■■■■■■■■■■■■■■■■                                                |  40% of 186.8 MiB
2026-10-05T16:35:15.7997627Z |■■■■■■■■■■■■■■■■■■■■■■■■■■■■■■■■■■■■■■■■                                        |  50% of 186.8 MiB
2026-10-05T16:35:15.8738635Z |■■■■■■■■■■■■■■■■■■■■■■■■■■■■■■■■■■■■■■■■■■■■■■■■                                |  60% of 186.8 MiB
2026-10-05T16:35:15.9458519Z |■■■■■■■■■■■■■■■■■■■■■■■■■■■■■■■■■■■■■■■■■■■■■■■■■■■■■■■■                        |  70% of 186.8 MiB
2026-10-05T16:35:16.0190272Z |■■■■■■■■■■■■■■■■■■■■■■■■■■■■■■■■■■■■■■■■■■■■■■■■■■■■■■■■■■■■■■■■                |  80% of 186.8 MiB
2026-10-05T16:35:16.0869632Z |■■■■■■■■■■■■■■■■■■■■■■■■■■■■■■■■■■■■■■■■■■■■■■■■■■■■■■■■■■■■■■■■■■■■■■■■        |  90% of 186.8 MiB
2026-10-05T16:35:16.1608314Z |■■■■■■■■■■■■■■■■■■■■■■■■■■■■■■■■■■■■■■■■■■■■■■■■■■■■■■■■■■■■■■■■■■■■■■■■■■■■■■■■| 100% of 186.8 MiB
2026-10-05T16:35:18.9464093Z Chrome for Testing 153.0.8010.12 (playwright chromium v1243) downloaded to /home/runner/.cache/ms-playwright/chromium-1243
2026-10-05T16:35:18.9467417Z Downloading FFmpeg (playwright ffmpeg v1011) from https://cdn.playwright.dev/dbazure/download/playwright/builds/ffmpeg/1011/ffmpeg-linux.zip
2026-10-05T16:35:19.3844147Z |                                                                                |   0% of 2.3 MiB
2026-10-05T16:35:19.4037127Z |■■■■■■■■                                                                        |  10% of 2.3 MiB
2026-10-05T16:35:19.4198371Z |■■■■■■■■■■■■■■■■                                                                |  20% of 2.3 MiB
2026-10-05T16:35:19.4272585Z |■■■■■■■■■■■■■■■■■■■■■■■■                                                        |  30% of 2.3 MiB
2026-10-05T16:35:19.4318355Z |■■■■■■■■■■■■■■■■■■■■■■■■■■■■■■■■                                                |  40% of 2.3 MiB
2026-10-05T16:35:19.4345179Z |■■■■■■■■■■■■■■■■■■■■■■■■■■■■■■■■■■■■■■■■                                        |  50% of 2.3 MiB
2026-10-05T16:35:19.4379839Z |■■■■■■■■■■■■■■■■■■■■■■■■■■■■■■■■■■■■■■■■■■■■■■■■                                |  60% of 2.3 MiB
2026-10-05T16:35:19.4412629Z |■■■■■■■■■■■■■■■■■■■■■■■■■■■■■■■■■■■■■■■■■■■■■■■■■■■■■■■■                        |  70% of 2.3 MiB
2026-10-05T16:35:19.4423553Z |■■■■■■■■■■■■■■■■■■■■■■■■■■■■■■■■■■■■■■■■■■■■■■■■■■■■■■■■■■■■■■■■                |  80% of 2.3 MiB
2026-10-05T16:35:19.4443433Z |■■■■■■■■■■■■■■■■■■■■■■■■■■■■■■■■■■■■■■■■■■■■■■■■■■■■■■■■■■■■■■■■■■■■■■■■        |  90% of 2.3 MiB
2026-10-05T16:35:19.4494794Z |■■■■■■■■■■■■■■■■■■■■■■■■■■■■■■■■■■■■■■■■■■■■■■■■■■■■■■■■■■■■■■■■■■■■■■■■■■■■■■■■| 100% of 2.3 MiB
2026-10-05T16:35:19.5124493Z FFmpeg (playwright ffmpeg v1011) downloaded to /home/runner/.cache/ms-playwright/ffmpeg-1011
2026-10-05T16:35:19.5127831Z Downloading Chrome Headless Shell 153.0.8010.12 (playwright chromium-headless-shell v1243) from https://cdn.playwright.dev/builds/cft/153.0.8010.12/linux64/chrome-headless-shell-linux64.zip
2026-10-05T16:35:19.9269278Z |                                                                                |   0% of 114.3 MiB
2026-10-05T16:35:20.0519514Z |■■■■■■■■                                                                        |  10% of 114.3 MiB
2026-10-05T16:35:20.1313997Z |■■■■■■■■■■■■■■■■                                                                |  20% of 114.3 MiB
2026-10-05T16:35:20.2348680Z |■■■■■■■■■■■■■■■■■■■■■■■■                                                        |  30% of 114.3 MiB
2026-10-05T16:35:20.3163546Z |■■■■■■■■■■■■■■■■■■■■■■■■■■■■■■■■                                                |  40% of 114.3 MiB
2026-10-05T16:35:20.3864068Z |■■■■■■■■■■■■■■■■■■■■■■■■■■■■■■■■■■■■■■■■                                        |  50% of 114.3 MiB
2026-10-05T16:35:20.4583753Z |■■■■■■■■■■■■■■■■■■■■■■■■■■■■■■■■■■■■■■■■■■■■■■■■                                |  60% of 114.3 MiB
2026-10-05T16:35:20.5271541Z |■■■■■■■■■■■■■■■■■■■■■■■■■■■■■■■■■■■■■■■■■■■■■■■■■■■■■■■■                        |  70% of 114.3 MiB
2026-10-05T16:35:20.6036333Z |■■■■■■■■■■■■■■■■■■■■■■■■■■■■■■■■■■■■■■■■■■■■■■■■■■■■■■■■■■■■■■■■                |  80% of 114.3 MiB
2026-10-05T16:35:20.6829360Z |■■■■■■■■■■■■■■■■■■■■■■■■■■■■■■■■■■■■■■■■■■■■■■■■■■■■■■■■■■■■■■■■■■■■■■■■        |  90% of 114.3 MiB
2026-10-05T16:35:20.7717614Z |■■■■■■■■■■■■■■■■■■■■■■■■■■■■■■■■■■■■■■■■■■■■■■■■■■■■■■■■■■■■■■■■■■■■■■■■■■■■■■■■| 100% of 114.3 MiB
2026-10-05T16:35:22.7254121Z Chrome Headless Shell 153.0.8010.12 (playwright chromium-headless-shell v1243) downloaded to /home/runner/.cache/ms-playwright/chromium_headless_shell-1243
2026-10-05T16:35:22.7520245Z ##[group]Run CF_STATEMENTS=0 TRANSLATE=0 node scripts/update-data.mjs
2026-10-05T16:35:22.7520781Z [36;1mCF_STATEMENTS=0 TRANSLATE=0 node scripts/update-data.mjs[0m
2026-10-05T16:35:22.7582345Z shell: /usr/bin/bash -e {0}
2026-10-05T16:35:22.7582597Z env:
2026-10-05T16:35:22.7585168Z   GITHUB_TOKEN: ***
2026-10-05T16:35:22.7585390Z ##[endgroup]
2026-10-05T16:35:22.9014433Z Discovering daily problem folders...
2026-10-05T16:35:23.8098875Z Found 815 days, syncing the most recent 815.
2026-10-05T16:35:24.6056033Z   2026-10-06: 2 problems
2026-10-05T16:35:25.0196583Z   2026-10-05: 2 problems
2026-10-05T16:35:25.4438725Z   2026-10-03: 2 problems
2026-10-05T16:35:25.8880661Z   2026-10-02: 2 problems
2026-10-05T16:35:26.3412382Z   2026-10-01: 2 problems
2026-10-05T16:35:26.7401212Z   2026-09-30: 2 problems
2026-10-05T16:35:27.2541829Z   2026-09-29: 2 problems
2026-10-05T16:35:27.6451522Z   2026-09-28: 2 problems
2026-10-05T16:35:28.1813356Z   2026-09-26: 2 problems
2026-10-05T16:35:28.5116303Z   2026-09-25: 2 problems
2026-10-05T16:35:28.8685683Z   2026-09-24: 2 problems
2026-10-05T16:35:29.2325926Z   2026-09-23: 2 problems
2026-10-05T16:35:29.5810381Z   2026-09-22: 2 problems
2026-10-05T16:35:29.9897034Z   2026-09-21: 2 problems
2026-10-05T16:35:30.3892198Z   2026-09-19: 2 problems
2026-10-05T16:35:30.7552509Z   2026-09-18: 2 problems
2026-10-05T16:35:31.1509944Z   2026-09-17: 2 problems
2026-10-05T16:35:31.5912626Z   2026-09-16: 2 problems
2026-10-05T16:35:31.9348972Z   2026-09-15: 2 problems
2026-10-05T16:35:32.2189213Z   2026-09-14: 2 problems
2026-10-05T16:35:32.6289173Z   2026-09-12: 2 problems
2026-10-05T16:35:33.0934332Z   2026-09-11: 2 problems
2026-10-05T16:35:33.4806293Z   2026-09-10: 2 problems
2026-10-05T16:35:33.8320956Z   2026-09-09: 2 problems
2026-10-05T16:35:34.3040648Z   2026-09-08: 2 problems
2026-10-05T16:35:34.6928118Z   2026-09-07: 2 problems
2026-10-05T16:35:35.0808856Z   2026-09-05: 2 problems
2026-10-05T16:35:35.4517122Z   2026-09-04: 2 problems
2026-10-05T16:35:35.7999801Z   2026-09-03: 2 problems
2026-10-05T16:35:36.1619405Z   2026-09-02: 2 problems
2026-10-05T16:35:36.6114068Z   2026-09-01: 2 problems
2026-10-05T16:35:36.9424621Z   2026-08-31: 2 problems
2026-10-05T16:35:37.3136488Z   2026-08-29: 2 problems
2026-10-05T16:35:37.6520976Z   2026-08-28: 2 problems
2026-10-05T16:35:38.0108633Z   2026-08-27: 2 problems
2026-10-05T16:35:38.4062580Z   2026-08-26: 2 problems
2026-10-05T16:35:38.9564326Z   2026-08-25: 2 problems
2026-10-05T16:35:39.6392701Z   2026-08-24: 2 problems
2026-10-05T16:35:40.1172234Z   2026-08-22: 2 problems
2026-10-05T16:35:40.5948322Z   2026-08-21: 2 problems
2026-10-05T16:35:40.9796969Z   2026-08-20: 2 problems
2026-10-05T16:35:41.3422253Z   2026-08-19: 2 problems
2026-10-05T16:35:41.7048044Z   2026-08-18: 2 problems
2026-10-05T16:35:42.1657028Z   2026-08-17: 2 problems
2026-10-05T16:35:42.6694093Z   2026-08-15: 2 problems
2026-10-05T16:35:43.8276431Z   2026-08-14: 2 problems
2026-10-05T16:35:44.2170725Z   2026-08-13: 2 problems
2026-10-05T16:35:44.5906069Z   2026-08-12: 2 problems
2026-10-05T16:35:45.0482107Z   2026-08-11: 2 problems
2026-10-05T16:35:45.4707524Z   2026-08-10: 2 problems
2026-10-05T16:35:45.8263112Z   2026-08-08: 2 problems
2026-10-05T16:35:46.4254284Z   2026-08-07: 2 problems
2026-10-05T16:35:46.7919983Z   2026-08-06: 2 problems
2026-10-05T16:35:47.2726995Z   2026-08-05: 2 problems
2026-10-05T16:35:47.6728882Z   2026-08-04: 2 problems
2026-10-05T16:35:48.0143524Z   2026-08-03: 2 problems
2026-10-05T16:35:48.4324769Z   2026-08-01: 2 problems
2026-10-05T16:35:48.7615808Z   2026-07-31: 2 problems
2026-10-05T16:35:49.1738272Z   2026-07-30: 2 problems
2026-10-05T16:35:49.5996127Z   2026-07-29: 2 problems
2026-10-05T16:35:49.9607958Z   2026-07-28: 2 problems
2026-10-05T16:35:50.3946268Z   2026-07-27: 2 problems
2026-10-05T16:35:50.7590572Z   2026-07-25: 2 problems
2026-10-05T16:35:51.2704664Z   2026-07-24: 2 problems
2026-10-05T16:35:51.6307194Z   2026-07-23: 2 problems
2026-10-05T16:35:52.0806031Z   2026-07-22: 2 problems
2026-10-05T16:35:52.5417074Z   2026-07-21: 2 problems
2026-10-05T16:35:53.0192961Z   2026-07-16: 2 problems
2026-10-05T16:35:53.4458973Z   2026-07-15: 2 problems
2026-10-05T16:35:53.9201299Z   2026-07-14: 2 problems
2026-10-05T16:35:54.2886925Z   2026-07-13: 2 problems
2026-10-05T16:35:54.7611908Z   2026-07-11: 2 problems
2026-10-05T16:35:55.2097186Z   2026-07-10: 2 problems
2026-10-05T16:35:55.6225403Z   2026-07-09: 2 problems
2026-10-05T16:35:56.0568243Z   2026-07-08: 2 problems
2026-10-05T16:35:56.4862833Z   2026-07-07: 2 problems
2026-10-05T16:35:56.8803104Z   2026-07-06: 2 problems
2026-10-05T16:35:57.3177227Z   2026-07-04: 2 problems
2026-10-05T16:35:57.8018352Z   2026-07-03: 2 problems
2026-10-05T16:35:58.3229079Z   2026-07-02: 2 problems
2026-10-05T16:35:58.8255304Z   2026-07-01: 2 problems
2026-10-05T16:35:59.2534505Z   2026-06-30: 2 problems
2026-10-05T16:35:59.7068071Z   2026-06-29: 2 problems
2026-10-05T16:36:00.0924943Z   2026-06-27: 2 problems
2026-10-05T16:36:00.5581948Z   2026-06-26: 2 problems
2026-10-05T16:36:01.2293150Z   2026-06-25: 2 problems
2026-10-05T16:36:01.6905828Z   2026-06-24: 2 problems
2026-10-05T16:36:02.1829935Z   2026-06-23: 2 problems
2026-10-05T16:36:02.6903060Z   2026-06-22: 2 problems
2026-10-05T16:36:02.9873597Z   2026-06-20: 1 problems
2026-10-05T16:36:03.4396261Z   2026-06-19: 2 problems
2026-10-05T16:36:03.8765134Z   2026-06-18: 2 problems
2026-10-05T16:36:04.3136517Z   2026-06-17: 2 problems
2026-10-05T16:36:04.7459341Z   2026-06-16: 2 problems
2026-10-05T16:36:05.1733181Z   2026-06-15: 2 problems
2026-10-05T16:36:05.6982283Z   2026-06-13: 2 problems
2026-10-05T16:36:06.1452415Z   2026-06-12: 2 problems
2026-10-05T16:36:06.5959973Z   2026-06-11: 2 problems
2026-10-05T16:36:07.0359073Z   2026-06-10: 2 problems
2026-10-05T16:36:07.4824897Z   2026-06-09: 2 problems
2026-10-05T16:36:07.9433000Z   2026-06-08: 2 problems
2026-10-05T16:36:08.4131190Z   2026-06-06: 2 problems
2026-10-05T16:36:08.8658448Z   2026-06-05: 2 problems
2026-10-05T16:36:09.3188495Z   2026-06-04: 2 problems
2026-10-05T16:36:09.4998443Z   2026-06-03: 2 problems
2026-10-05T16:36:09.9777458Z   2026-06-02: 2 problems
2026-10-05T16:36:10.4114953Z   2026-06-01: 2 problems
2026-10-05T16:36:10.8185555Z   2026-05-30: 2 problems
2026-10-05T16:36:11.2909855Z   2026-05-29: 2 problems
2026-10-05T16:36:11.7363422Z   2026-05-28: 2 problems
2026-10-05T16:36:12.1987842Z   2026-05-27: 2 problems
2026-10-05T16:36:12.5023496Z   2026-05-26: 2 problems
2026-10-05T16:36:12.9666280Z   2026-05-25: 2 problems
2026-10-05T16:36:13.4286007Z   2026-05-23: 2 problems
2026-10-05T16:36:13.8691607Z   2026-05-22: 2 problems
2026-10-05T16:36:14.3434792Z   2026-05-21: 2 problems
2026-10-05T16:36:14.8085973Z   2026-05-20: 2 problems
2026-10-05T16:36:15.3157657Z   2026-05-19: 2 problems
2026-10-05T16:36:15.7472470Z   2026-05-18: 2 problems
2026-10-05T16:36:16.2117224Z   2026-05-16: 2 problems
2026-10-05T16:36:16.6743404Z   2026-05-15: 2 problems
2026-10-05T16:36:17.1400217Z   2026-05-14: 2 problems
2026-10-05T16:36:17.6054418Z   2026-05-13: 2 problems
2026-10-05T16:36:18.0631920Z   2026-05-12: 2 problems
2026-10-05T16:36:18.5023415Z   2026-05-11: 2 problems
2026-10-05T16:36:18.9526480Z   2026-05-09: 2 problems
2026-10-05T16:36:19.4366731Z   2026-05-08: 2 problems
2026-10-05T16:36:19.8903815Z   2026-05-07: 2 problems
2026-10-05T16:36:20.3459712Z   2026-05-06: 2 problems
2026-10-05T16:36:20.8305927Z   2026-05-05: 2 problems
2026-10-05T16:36:21.3418846Z   2026-05-04: 2 problems
2026-10-05T16:36:21.7944468Z   2026-05-02: 2 problems
2026-10-05T16:36:22.2459005Z   2026-05-01: 2 problems
2026-10-05T16:36:22.6955323Z   2026-04-30: 2 problems
2026-10-05T16:36:23.1473809Z   2026-04-29: 2 problems
2026-10-05T16:36:23.6083694Z   2026-04-28: 2 problems
2026-10-05T16:36:24.0678382Z   2026-04-27: 2 problems
2026-10-05T16:36:24.5193359Z   2026-04-25: 2 problems
2026-10-05T16:36:24.9924347Z   2026-04-24: 2 problems
2026-10-05T16:36:25.4284287Z   2026-04-23: 2 problems
2026-10-05T16:36:25.9165934Z   2026-04-22: 2 problems
2026-10-05T16:36:26.3251796Z   2026-04-21: 2 problems
2026-10-05T16:36:26.8001688Z   2026-04-20: 2 problems
2026-10-05T16:36:27.2215784Z   2026-04-18: 2 problems
2026-10-05T16:36:27.7149118Z   2026-04-17: 2 problems
2026-10-05T16:36:28.2008700Z   2026-04-16: 2 problems
2026-10-05T16:36:28.6375899Z   2026-04-15: 2 problems
2026-10-05T16:36:29.1347504Z   2026-04-14: 2 problems
2026-10-05T16:36:29.6070322Z   2026-04-13: 2 problems
2026-10-05T16:36:30.0908985Z   2026-04-11: 2 problems
2026-10-05T16:36:30.5827689Z   2026-04-10: 2 problems
2026-10-05T16:36:31.0895999Z   2026-04-09: 2 problems
2026-10-05T16:36:31.3713966Z   2026-04-08: 2 problems
2026-10-05T16:36:31.7218418Z   2026-04-07: 2 problems
2026-10-05T16:36:32.1005849Z   2026-04-06: 2 problems
2026-10-05T16:36:32.5075262Z   2026-04-04: 2 problems
2026-10-05T16:36:32.9999334Z   2026-04-03: 2 problems
2026-10-05T16:36:33.4207513Z   2026-04-02: 2 problems
2026-10-05T16:36:33.8412715Z   2026-04-01: 2 problems
2026-10-05T16:36:34.2431567Z   2026-03-31: 2 problems
2026-10-05T16:36:34.6537316Z   2026-03-30: 2 problems
2026-10-05T16:36:35.0887400Z   2026-03-28: 2 problems
2026-10-05T16:36:35.4796883Z   2026-03-27: 2 problems
2026-10-05T16:36:35.8696540Z   2026-03-26: 2 problems
2026-10-05T16:36:36.3115681Z   2026-03-25: 2 problems
2026-10-05T16:36:36.7279399Z   2026-03-24: 2 problems
2026-10-05T16:36:37.3750348Z   2026-03-23: 2 problems
2026-10-05T16:36:38.0982871Z   2026-03-21: 2 problems
2026-10-05T16:36:38.5215839Z   2026-03-20: 2 problems
2026-10-05T16:36:38.8992370Z   2026-03-19: 2 problems
2026-10-05T16:36:39.3430779Z   2026-03-18: 2 problems
2026-10-05T16:36:39.7842976Z   2026-03-17: 2 problems
2026-10-05T16:36:40.2558076Z   2026-03-16: 2 problems
2026-10-05T16:36:40.6885040Z   2026-03-14: 2 problems
2026-10-05T16:36:41.0380535Z   2026-03-13: 2 problems
2026-10-05T16:36:41.4197093Z   2026-03-12: 2 problems
2026-10-05T16:36:41.7877604Z   2026-03-11: 2 problems
2026-10-05T16:36:42.2802828Z   2026-03-10: 2 problems
2026-10-05T16:36:42.7224241Z   2026-03-09: 2 problems
2026-10-05T16:36:43.1220294Z   2026-03-07: 2 problems
2026-10-05T16:36:43.5524856Z   2026-03-06: 2 problems
2026-10-05T16:36:43.9384122Z   2026-03-05: 2 problems
2026-10-05T16:36:44.3516547Z   2026-03-04: 2 problems
2026-10-05T16:36:44.9152291Z   2026-03-03: 2 problems
2026-10-05T16:36:45.2801946Z   2026-03-02: 2 problems
2026-10-05T16:36:45.6621098Z   2026-02-28: 2 problems
2026-10-05T16:36:46.0897832Z   2026-02-27: 2 problems
2026-10-05T16:36:46.4924629Z   2026-02-26: 2 problems
2026-10-05T16:36:46.9199865Z   2026-02-25: 2 problems
2026-10-05T16:36:47.3139735Z   2026-02-24: 2 problems
2026-10-05T16:36:47.6435208Z   2026-02-23: 2 problems
2026-10-05T16:36:48.0321832Z   2026-02-21: 2 problems
2026-10-05T16:36:48.4393907Z   2026-02-20: 2 problems
2026-10-05T16:36:48.8403106Z   2026-02-19: 2 problems
2026-10-05T16:36:49.1885693Z   2026-02-18: 2 problems
2026-10-05T16:36:49.5090998Z   2026-02-17: 2 problems
2026-10-05T16:36:49.8700184Z   2026-02-16: 2 problems
2026-10-05T16:36:50.2135206Z   2026-02-14: 2 problems
2026-10-05T16:36:50.5768929Z   2026-02-13: 2 problems
2026-10-05T16:36:51.0114298Z   2026-02-12: 2 problems
2026-10-05T16:36:51.4404537Z   2026-02-11: 2 problems
2026-10-05T16:36:51.8488363Z   2026-02-10: 2 problems
2026-10-05T16:36:52.1718079Z   2026-02-09: 2 problems
2026-10-05T16:36:52.5521322Z   2026-02-07: 2 problems
2026-10-05T16:36:52.9176328Z   2026-02-06: 2 problems
2026-10-05T16:36:53.2475564Z   2026-02-05: 2 problems
2026-10-05T16:36:53.5907264Z   2026-02-04: 2 problems
2026-10-05T16:36:53.9886562Z   2026-02-03: 2 problems
2026-10-05T16:36:54.3835291Z   2026-02-02: 2 problems
2026-10-05T16:36:54.8085792Z   2026-01-31: 2 problems
2026-10-05T16:36:55.1446789Z   2026-01-30: 2 problems
2026-10-05T16:36:55.5182613Z   2026-01-29: 2 problems
2026-10-05T16:36:55.8781327Z   2026-01-28: 2 problems
2026-10-05T16:36:56.2044422Z   2026-01-27: 2 problems
2026-10-05T16:36:56.6236845Z   2026-01-26: 2 problems
2026-10-05T16:36:56.9630061Z   2026-01-24: 2 problems
2026-10-05T16:36:57.3465698Z   2026-01-23: 2 problems
2026-10-05T16:36:57.6161401Z   2026-01-22: 2 problems
2026-10-05T16:36:57.9519173Z   2026-01-21: 2 problems
2026-10-05T16:36:58.3203614Z   2026-01-20: 2 problems
2026-10-05T16:36:58.6911319Z   2026-01-19: 2 problems
2026-10-05T16:36:59.0364882Z   2026-01-17: 2 problems
2026-10-05T16:36:59.3916085Z   2026-01-16: 2 problems
2026-10-05T16:36:59.7602388Z   2026-01-15: 2 problems
2026-10-05T16:37:00.3512033Z   2026-01-14: 2 problems
2026-10-05T16:37:00.7550970Z   2026-01-13: 2 problems
2026-10-05T16:37:01.1209661Z   2026-01-12: 2 problems
2026-10-05T16:37:01.4715841Z   2026-01-10: 2 problems
2026-10-05T16:37:01.8404072Z   2026-01-09: 2 problems
2026-10-05T16:37:02.2110771Z   2026-01-08: 2 problems
2026-10-05T16:37:02.5803362Z   2026-01-07: 2 problems
2026-10-05T16:37:02.9390819Z   2026-01-06: 2 problems
2026-10-05T16:37:03.9254355Z   2026-01-05: 2 problems
2026-10-05T16:37:04.2617921Z   2026-01-03: 2 problems
2026-10-05T16:37:04.6052977Z   2026-01-02: 2 problems
2026-10-05T16:37:04.9483474Z   2026-01-01: 2 problems
2026-10-05T16:37:05.3463875Z   2025-12-31: 2 problems
2026-10-05T16:37:05.6993851Z   2025-12-30: 2 problems
2026-10-05T16:37:06.0358214Z   2025-12-29: 2 problems
2026-10-05T16:37:06.4262394Z   2025-12-27: 2 problems
2026-10-05T16:37:06.7677127Z   2025-12-26: 2 problems
2026-10-05T16:37:07.1622486Z   2025-12-25: 2 problems
2026-10-05T16:37:07.5282626Z   2025-12-24: 2 problems
2026-10-05T16:37:07.9551392Z   2025-12-23: 2 problems
2026-10-05T16:37:08.3222430Z   2025-12-22: 2 problems
2026-10-05T16:37:08.7018903Z   2025-12-20: 2 problems
2026-10-05T16:37:09.0651021Z   2025-12-19: 2 problems
2026-10-05T16:37:09.4213128Z   2025-12-18: 2 problems
2026-10-05T16:37:09.8622832Z   2025-12-17: 2 problems
2026-10-05T16:37:10.9067864Z   2025-12-16: 2 problems
2026-10-05T16:37:11.2643310Z   2025-12-15: 2 problems
2026-10-05T16:37:11.6686485Z   2025-12-13: 2 problems
2026-10-05T16:37:11.9968488Z   2025-12-12: 2 problems
2026-10-05T16:37:12.4359374Z   2025-12-11: 2 problems
2026-10-05T16:37:12.8186869Z   2025-12-10: 2 problems
2026-10-05T16:37:13.2488748Z   2025-12-09: 2 problems
2026-10-05T16:37:13.4892377Z   2025-12-08: 2 problems
2026-10-05T16:37:13.8367044Z   2025-12-06: 2 problems
2026-10-05T16:37:14.2176917Z   2025-12-05: 2 problems
2026-10-05T16:37:14.5843463Z   2025-12-04: 2 problems
2026-10-05T16:37:14.9490687Z   2025-12-03: 2 problems
2026-10-05T16:37:15.3285738Z   2025-12-02: 2 problems
2026-10-05T16:37:15.7015252Z   2025-12-01: 2 problems
2026-10-05T16:37:16.1301894Z   2025-11-29: 2 problems
2026-10-05T16:37:16.5053220Z   2025-11-28: 2 problems
2026-10-05T16:37:16.9765439Z   2025-11-27: 2 problems
2026-10-05T16:37:17.4524251Z   2025-11-26: 2 problems
2026-10-05T16:37:17.8560361Z   2025-11-25: 2 problems
2026-10-05T16:37:18.2433489Z   2025-11-24: 2 problems
2026-10-05T16:37:18.6521794Z   2025-11-22: 2 problems
2026-10-05T16:37:19.1194530Z   2025-11-21: 2 problems
2026-10-05T16:37:19.4799875Z   2025-11-20: 2 problems
2026-10-05T16:37:19.8557472Z   2025-11-19: 2 problems
2026-10-05T16:37:20.1880177Z   2025-11-18: 2 problems
2026-10-05T16:37:20.5766360Z   2025-11-17: 2 problems
2026-10-05T16:37:20.9901714Z   2025-11-15: 2 problems
2026-10-05T16:37:21.4147478Z   2025-11-14: 2 problems
2026-10-05T16:37:21.8837051Z   2025-11-13: 2 problems
2026-10-05T16:37:22.3370975Z   2025-11-12: 2 problems
2026-10-05T16:37:22.7103599Z   2025-11-11: 2 problems
2026-10-05T16:37:23.2162589Z   2025-11-10: 2 problems
2026-10-05T16:37:23.6048394Z   2025-11-08: 2 problems
2026-10-05T16:37:24.0546514Z   2025-11-07: 2 problems
2026-10-05T16:37:24.4473572Z   2025-11-06: 2 problems
2026-10-05T16:37:24.7986813Z   2025-11-05: 2 problems
2026-10-05T16:37:25.2084949Z   2025-11-04: 2 problems
2026-10-05T16:37:25.6850822Z   2025-11-03: 2 problems
2026-10-05T16:37:26.0922831Z   2025-11-01: 2 problems
2026-10-05T16:37:26.3689551Z   2025-10-31: 2 problems
2026-10-05T16:37:26.7592019Z   2025-10-30: 2 problems
2026-10-05T16:37:27.1328299Z   2025-10-29: 2 problems
2026-10-05T16:37:27.5802789Z   2025-10-28: 2 problems
2026-10-05T16:37:27.9633593Z   2025-10-27: 2 problems
2026-10-05T16:37:28.3866845Z   2025-10-25: 2 problems
2026-10-05T16:37:28.8205832Z   2025-10-24: 2 problems
2026-10-05T16:37:29.2084723Z   2025-10-23: 2 problems
2026-10-05T16:37:29.6050800Z   2025-10-22: 2 problems
2026-10-05T16:37:29.9850665Z   2025-10-21: 2 problems
2026-10-05T16:37:30.4449482Z   2025-10-20: 2 problems
2026-10-05T16:37:30.9547021Z   2025-10-18: 2 problems
2026-10-05T16:37:31.3856407Z   2025-10-17: 2 problems
2026-10-05T16:37:31.8028706Z   2025-10-16: 2 problems
2026-10-05T16:37:32.3831552Z   2025-10-15: 2 problems
2026-10-05T16:37:32.8400831Z   2025-10-14: 2 problems
2026-10-05T16:37:33.2849241Z   2025-10-13: 2 problems
2026-10-05T16:37:33.7047727Z   2025-10-11: 2 problems
2026-10-05T16:37:34.1347311Z   2025-10-10: 2 problems
2026-10-05T16:37:34.5761882Z   2025-10-09: 2 problems
2026-10-05T16:37:35.0531295Z   2025-10-08: 2 problems
2026-10-05T16:37:35.5068592Z   2025-10-07: 2 problems
2026-10-05T16:37:35.9288247Z   2025-10-06: 2 problems
2026-10-05T16:37:36.3450586Z   2025-10-04: 2 problems
2026-10-05T16:37:36.8180241Z   2025-10-03: 2 problems
2026-10-05T16:37:37.2326297Z   2025-10-02: 2 problems
2026-10-05T16:37:37.6635680Z   2025-10-01: 2 problems
2026-10-05T16:37:38.1180567Z   2025-09-30: 2 problems
2026-10-05T16:37:38.5770303Z   2025-09-29: 2 problems
2026-10-05T16:37:39.0096186Z   2025-09-27: 2 problems
2026-10-05T16:37:39.4374201Z   2025-09-26: 2 problems
2026-10-05T16:37:39.8399170Z   2025-09-25: 2 problems
2026-10-05T16:37:40.2728743Z   2025-09-24: 2 problems
2026-10-05T16:37:40.7155676Z   2025-09-23: 2 problems
2026-10-05T16:37:41.1381437Z   2025-09-22: 2 problems
2026-10-05T16:37:41.5809455Z   2025-09-20: 2 problems
2026-10-05T16:37:42.0027410Z   2025-09-19: 2 problems
2026-10-05T16:37:42.4505466Z   2025-09-18: 2 problems
2026-10-05T16:37:42.9137729Z   2025-09-17: 2 problems
2026-10-05T16:37:43.3584064Z   2025-09-16: 2 problems
2026-10-05T16:37:43.7571277Z   2025-09-15: 2 problems
2026-10-05T16:37:44.1890325Z   2025-09-13: 2 problems
2026-10-05T16:37:44.6105741Z   2025-09-12: 2 problems
2026-10-05T16:37:45.0279085Z   2025-09-11: 2 problems
2026-10-05T16:37:45.5236298Z   2025-09-10: 2 problems
2026-10-05T16:37:45.9854218Z   2025-09-09: 2 problems
2026-10-05T16:37:46.4167221Z   2025-09-08: 2 problems
2026-10-05T16:37:46.8521011Z   2025-09-06: 2 problems
2026-10-05T16:37:47.3055968Z   2025-09-05: 2 problems
2026-10-05T16:37:47.7318965Z   2025-09-04: 2 problems
2026-10-05T16:37:48.0891076Z   2025-09-03: 2 problems
2026-10-05T16:37:48.4935460Z   2025-09-02: 2 problems
2026-10-05T16:37:48.9972132Z   2025-09-01: 2 problems
2026-10-05T16:37:49.3726749Z   2025-08-30: 2 problems
2026-10-05T16:37:49.7595879Z   2025-08-29: 2 problems
2026-10-05T16:37:50.1167424Z   2025-08-28: 2 problems
2026-10-05T16:37:50.5096366Z   2025-08-27: 2 problems
2026-10-05T16:37:50.9546772Z   2025-08-26: 2 problems
2026-10-05T16:37:51.3364053Z   2025-08-25: 2 problems
2026-10-05T16:37:51.7063040Z   2025-08-23: 2 problems
2026-10-05T16:37:52.0807261Z   2025-08-22: 2 problems
2026-10-05T16:37:52.5108174Z   2025-08-21: 2 problems
2026-10-05T16:37:52.9667567Z   2025-08-20: 2 problems
2026-10-05T16:37:53.3531536Z   2025-08-19: 2 problems
2026-10-05T16:37:53.7529145Z   2025-08-18: 2 problems
2026-10-05T16:37:54.2290003Z   2025-08-16: 2 problems
2026-10-05T16:37:54.6711560Z   2025-08-15: 2 problems
2026-10-05T16:37:55.1683828Z   2025-08-14: 2 problems
2026-10-05T16:37:55.5498350Z   2025-08-13: 2 problems
2026-10-05T16:37:56.0218528Z   2025-08-12: 2 problems
2026-10-05T16:37:56.4941518Z   2025-08-11: 2 problems
2026-10-05T16:37:56.8911690Z   2025-08-09: 2 problems
2026-10-05T16:37:57.2912629Z   2025-08-08: 2 problems
2026-10-05T16:37:57.7364810Z   2025-08-07: 2 problems
2026-10-05T16:37:58.1806001Z   2025-08-06: 2 problems
2026-10-05T16:37:58.5658438Z   2025-08-05: 2 problems
2026-10-05T16:37:58.9126808Z   2025-08-04: 2 problems
2026-10-05T16:37:59.3168247Z   2025-08-02: 2 problems
2026-10-05T16:37:59.8138376Z   2025-08-01: 2 problems
2026-10-05T16:38:00.2647947Z   2025-07-31: 2 problems
2026-10-05T16:38:00.6088769Z   2025-07-30: 2 problems
2026-10-05T16:38:00.9655584Z   2025-07-29: 2 problems
2026-10-05T16:38:01.3779662Z   2025-07-28: 2 problems
2026-10-05T16:38:01.7345620Z   2025-07-26: 2 problems
2026-10-05T16:38:02.1371105Z   2025-07-25: 2 problems
2026-10-05T16:38:02.5195907Z   2025-07-24: 2 problems
2026-10-05T16:38:02.9162504Z   2025-07-23: 2 problems
2026-10-05T16:38:03.2845275Z   2025-07-22: 2 problems
2026-10-05T16:38:03.6866206Z   2025-07-21: 2 problems
2026-10-05T16:38:04.1326520Z   2025-07-19: 2 problems
2026-10-05T16:38:04.5686397Z   2025-07-18: 2 problems
2026-10-05T16:38:05.4104985Z   2025-07-17: 2 problems
2026-10-05T16:38:05.7946434Z   2025-07-16: 2 problems
2026-10-05T16:38:06.1552649Z   2025-07-15: 2 problems
2026-10-05T16:38:06.5814692Z   2025-07-14: 2 problems
2026-10-05T16:38:07.3968488Z   2025-07-12: 2 problems
2026-10-05T16:38:07.8313457Z   2025-07-11: 2 problems
2026-10-05T16:38:08.1931086Z   2025-07-10: 2 problems
2026-10-05T16:38:08.5681800Z   2025-07-09: 2 problems
2026-10-05T16:38:08.9925504Z   2025-07-08: 2 problems
2026-10-05T16:38:09.4224918Z   2025-07-07: 2 problems
2026-10-05T16:38:09.8358156Z   2025-07-05: 2 problems
2026-10-05T16:38:10.2919849Z   2025-07-04: 2 problems
2026-10-05T16:38:10.7687818Z   2025-07-03: 2 problems
2026-10-05T16:38:11.1259390Z   2025-07-02: 2 problems
2026-10-05T16:38:11.6235315Z   2025-07-01: 2 problems
2026-10-05T16:38:11.9598559Z   2025-06-30: 2 problems
2026-10-05T16:38:12.4181366Z   2025-06-28: 2 problems
2026-10-05T16:38:12.8596275Z   2025-06-27: 2 problems
2026-10-05T16:38:13.2316890Z   2025-06-26: 2 problems
2026-10-05T16:38:13.6266495Z   2025-06-25: 2 problems
2026-10-05T16:38:14.0601642Z   2025-06-24: 2 problems
2026-10-05T16:38:14.5112379Z   2025-06-23: 2 problems
2026-10-05T16:38:14.7555440Z   2025-06-21: 2 problems
2026-10-05T16:38:15.1318843Z   2025-06-20: 2 problems
2026-10-05T16:38:15.4732185Z   2025-06-19: 2 problems
2026-10-05T16:38:15.8518283Z   2025-06-18: 2 problems
2026-10-05T16:38:16.2136762Z   2025-06-17: 2 problems
2026-10-05T16:38:16.6483212Z   2025-06-16: 2 problems
2026-10-05T16:38:17.0742521Z   2025-06-14: 2 problems
2026-10-05T16:38:17.5209312Z   2025-06-13: 2 problems
2026-10-05T16:38:17.8990191Z   2025-06-12: 2 problems
2026-10-05T16:38:18.2673459Z   2025-06-11: 2 problems
2026-10-05T16:38:18.6935232Z   2025-06-10: 2 problems
2026-10-05T16:38:19.0977573Z   2025-06-09: 2 problems
2026-10-05T16:38:19.5206771Z   2025-06-07: 2 problems
2026-10-05T16:38:19.9639211Z   2025-06-06: 2 problems
2026-10-05T16:38:20.4181022Z   2025-06-05: 2 problems
2026-10-05T16:38:20.8105916Z   2025-06-04: 2 problems
2026-10-05T16:38:21.1928422Z   2025-06-03: 2 problems
2026-10-05T16:38:21.7292937Z   2025-06-02: 2 problems
2026-10-05T16:38:22.1279012Z   2025-05-31: 2 problems
2026-10-05T16:38:22.5458056Z   2025-05-30: 2 problems
2026-10-05T16:38:22.9674521Z   2025-05-29: 2 problems
2026-10-05T16:38:23.3307875Z   2025-05-28: 2 problems
2026-10-05T16:38:23.7004264Z   2025-05-27: 2 problems
2026-10-05T16:38:24.0921548Z   2025-05-26: 2 problems
2026-10-05T16:38:24.4397960Z   2025-05-24: 2 problems
2026-10-05T16:38:24.8309897Z   2025-05-23: 2 problems
2026-10-05T16:38:25.5160283Z   2025-05-22: 2 problems
2026-10-05T16:38:25.9872767Z   2025-05-21: 2 problems
2026-10-05T16:38:26.3525759Z   2025-05-20: 2 problems
2026-10-05T16:38:26.7598237Z   2025-05-19: 2 problems
2026-10-05T16:38:27.3525275Z   2025-05-17: 2 problems
2026-10-05T16:38:27.8121433Z   2025-05-16: 2 problems
2026-10-05T16:38:28.2127451Z   2025-05-15: 2 problems
2026-10-05T16:38:28.6019351Z   2025-05-14: 2 problems
2026-10-05T16:38:29.0072934Z   2025-05-13: 2 problems
2026-10-05T16:38:29.3852549Z   2025-05-12: 2 problems
2026-10-05T16:38:29.7471205Z   2025-05-10: 2 problems
2026-10-05T16:38:30.1477184Z   2025-05-09: 2 problems
2026-10-05T16:38:30.6072170Z   2025-05-08: 2 problems
2026-10-05T16:38:31.2003538Z   2025-05-07: 2 problems
2026-10-05T16:38:31.6551034Z   2025-05-06: 2 problems
2026-10-05T16:38:32.0921659Z   2025-05-05: 2 problems
2026-10-05T16:38:32.5572133Z   2025-05-03: 2 problems
2026-10-05T16:38:32.9683329Z   2025-05-02: 2 problems
2026-10-05T16:38:33.4028575Z   2025-05-01: 2 problems
2026-10-05T16:38:33.8053418Z   2025-04-30: 2 problems
2026-10-05T16:38:34.2926726Z   2025-04-29: 2 problems
2026-10-05T16:38:34.7732044Z   2025-04-28: 2 problems
2026-10-05T16:38:35.2787980Z   2025-04-26: 2 problems
2026-10-05T16:38:35.8487770Z   2025-04-25: 2 problems
2026-10-05T16:38:36.1940344Z   2025-04-24: 2 problems
2026-10-05T16:38:36.6000447Z   2025-04-23: 2 problems
2026-10-05T16:38:37.1592112Z   2025-04-22: 2 problems
2026-10-05T16:38:37.5783369Z   2025-04-21: 2 problems
2026-10-05T16:38:38.0652749Z   2025-04-19: 2 problems
2026-10-05T16:38:38.4766706Z   2025-04-18: 2 problems
2026-10-05T16:38:38.9899472Z   2025-04-17: 2 problems
2026-10-05T16:38:39.4797438Z   2025-04-16: 2 problems
2026-10-05T16:38:39.8907224Z   2025-04-15: 2 problems
2026-10-05T16:38:40.3779769Z   2025-04-14: 2 problems
2026-10-05T16:38:40.7425023Z   2025-04-12: 2 problems
2026-10-05T16:38:41.3438141Z   2025-04-11: 2 problems
2026-10-05T16:38:41.8215648Z   2025-04-10: 2 problems
2026-10-05T16:38:42.4448502Z   2025-04-09: 2 problems
2026-10-05T16:38:42.9137139Z   2025-04-08: 2 problems
2026-10-05T16:38:43.4282487Z   2025-04-07: 2 problems
2026-10-05T16:38:43.8389603Z   2025-04-05: 2 problems
2026-10-05T16:38:44.3615122Z   2025-04-04: 2 problems
2026-10-05T16:38:44.7894132Z   2025-04-03: 2 problems
2026-10-05T16:38:45.2660590Z   2025-04-02: 2 problems
2026-10-05T16:38:45.6808493Z   2025-04-01: 2 problems
2026-10-05T16:38:46.1776587Z   2025-03-31: 2 problems
2026-10-05T16:38:46.5955390Z   2025-03-29: 2 problems
2026-10-05T16:38:46.9750260Z   2025-03-28: 2 problems
2026-10-05T16:38:47.4145926Z   2025-03-27: 2 problems
2026-10-05T16:38:47.9026153Z   2025-03-26: 2 problems
2026-10-05T16:38:48.4004545Z   2025-03-25: 2 problems
2026-10-05T16:38:48.9340254Z   2025-03-24: 2 problems
2026-10-05T16:38:49.3693355Z   2025-03-22: 2 problems
2026-10-05T16:38:49.7014922Z   2025-03-21: 2 problems
2026-10-05T16:38:50.2349249Z   2025-03-20: 2 problems
2026-10-05T16:38:50.6036880Z   2025-03-19: 2 problems
2026-10-05T16:38:50.9824838Z   2025-03-18: 2 problems
2026-10-05T16:38:51.4440689Z   2025-03-17: 2 problems
2026-10-05T16:38:51.8052532Z   2025-03-15: 2 problems
2026-10-05T16:38:52.1686408Z   2025-03-14: 2 problems
2026-10-05T16:38:52.6550667Z   2025-03-13: 2 problems
2026-10-05T16:38:53.2280167Z   2025-03-12: 2 problems
2026-10-05T16:38:53.6297379Z   2025-03-11: 2 problems
2026-10-05T16:38:54.0643395Z   2025-03-10: 2 problems
2026-10-05T16:38:54.5397769Z   2025-03-08: 2 problems
2026-10-05T16:38:54.9558967Z   2025-03-07: 2 problems
2026-10-05T16:38:55.4645290Z   2025-03-06: 2 problems
2026-10-05T16:38:55.8511848Z   2025-03-05: 2 problems
2026-10-05T16:38:56.2710423Z   2025-03-04: 2 problems
2026-10-05T16:38:56.6745402Z   2025-03-03: 2 problems
2026-10-05T16:38:57.1644480Z   2025-03-01: 2 problems
2026-10-05T16:38:57.6222604Z   2025-02-28: 2 problems
2026-10-05T16:38:58.0792157Z   2025-02-27: 2 problems
2026-10-05T16:38:58.4871372Z   2025-02-26: 2 problems
2026-10-05T16:38:58.8847671Z   2025-02-25: 2 problems
2026-10-05T16:38:59.3143440Z   2025-02-24: 2 problems
2026-10-05T16:38:59.7745905Z   2025-02-22: 2 problems
2026-10-05T16:39:00.1660518Z   2025-02-21: 2 problems
2026-10-05T16:39:00.6088229Z   2025-02-20: 2 problems
2026-10-05T16:39:01.0823027Z   2025-02-19: 2 problems
2026-10-05T16:39:01.5720243Z   2025-02-18: 2 problems
2026-10-05T16:39:01.9947622Z   2025-02-17: 2 problems
2026-10-05T16:39:02.4216046Z   2025-02-15: 2 problems
2026-10-05T16:39:02.9021496Z   2025-02-14: 2 problems
2026-10-05T16:39:03.2359667Z   2025-02-13: 2 problems
2026-10-05T16:39:03.5826260Z   2025-02-12: 2 problems
2026-10-05T16:39:03.9850587Z   2025-02-11: 2 problems
2026-10-05T16:39:04.3230567Z   2025-02-10: 2 problems
2026-10-05T16:39:04.7477340Z   2025-02-08: 2 problems
2026-10-05T16:39:05.1893393Z   2025-02-07: 2 problems
2026-10-05T16:39:05.5916261Z   2025-02-06: 2 problems
2026-10-05T16:39:05.9308501Z   2025-02-05: 2 problems
2026-10-05T16:39:06.3050458Z   2025-02-04: 2 problems
2026-10-05T16:39:06.7144152Z   2025-02-03: 2 problems
2026-10-05T16:39:07.1236861Z   2025-02-01: 2 problems
2026-10-05T16:39:07.5053623Z   2025-01-31: 2 problems
2026-10-05T16:39:07.8619641Z   2025-01-30: 2 problems
2026-10-05T16:39:08.1833076Z   2025-01-29: 2 problems
2026-10-05T16:39:08.5785127Z   2025-01-28: 2 problems
2026-10-05T16:39:08.9146124Z   2025-01-27: 2 problems
2026-10-05T16:39:09.3537320Z   2025-01-25: 2 problems
2026-10-05T16:39:09.7613169Z   2025-01-24: 2 problems
2026-10-05T16:39:10.1157235Z   2025-01-23: 2 problems
2026-10-05T16:39:10.4758271Z   2025-01-22: 2 problems
2026-10-05T16:39:10.9583697Z   2025-01-21: 2 problems
2026-10-05T16:39:11.3487280Z   2025-01-20: 2 problems
2026-10-05T16:39:11.9794527Z   2025-01-18: 2 problems
2026-10-05T16:39:12.4690148Z   2025-01-17: 2 problems
2026-10-05T16:39:12.8967754Z   2025-01-16: 2 problems
2026-10-05T16:39:13.2418592Z   2025-01-15: 2 problems
2026-10-05T16:39:13.5879059Z   2025-01-14: 2 problems
2026-10-05T16:39:13.9296481Z   2025-01-13: 2 problems
2026-10-05T16:39:14.3690248Z   2025-01-11: 2 problems
2026-10-05T16:39:14.7702691Z   2025-01-10: 2 problems
2026-10-05T16:39:15.1484919Z   2025-01-09: 2 problems
2026-10-05T16:39:15.5947161Z   2025-01-08: 2 problems
2026-10-05T16:39:15.9361785Z   2025-01-07: 2 problems
2026-10-05T16:39:16.2889998Z   2025-01-06: 2 problems
2026-10-05T16:39:16.6467923Z   2025-01-04: 2 problems
2026-10-05T16:39:17.0000134Z   2025-01-03: 2 problems
2026-10-05T16:39:17.3683278Z   2025-01-02: 2 problems
2026-10-05T16:39:17.7110334Z   2025-01-01: 2 problems
2026-10-05T16:39:18.1443303Z   2024-12-31: 2 problems
2026-10-05T16:39:18.6065186Z   2024-12-30: 2 problems
2026-10-05T16:39:18.9930549Z   2024-12-28: 2 problems
2026-10-05T16:39:19.3737806Z   2024-12-27: 2 problems
2026-10-05T16:39:19.7340840Z   2024-12-26: 2 problems
2026-10-05T16:39:20.1545523Z   2024-12-25: 2 problems
2026-10-05T16:39:20.5058899Z   2024-12-24: 2 problems
2026-10-05T16:39:20.8569245Z   2024-12-23: 2 problems
2026-10-05T16:39:21.2547133Z   2024-12-21: 2 problems
2026-10-05T16:39:21.7196572Z   2024-12-20: 2 problems
2026-10-05T16:39:22.0657724Z   2024-12-19: 2 problems
2026-10-05T16:39:22.4120776Z   2024-12-18: 2 problems
2026-10-05T16:39:22.7943520Z   2024-12-17: 2 problems
2026-10-05T16:39:23.1602393Z   2024-12-16: 2 problems
2026-10-05T16:39:23.5686779Z   2024-12-14: 2 problems
2026-10-05T16:39:24.0146820Z   2024-12-13: 2 problems
2026-10-05T16:39:24.4010102Z   2024-12-12: 2 problems
2026-10-05T16:39:24.7643298Z   2024-12-11: 2 problems
2026-10-05T16:39:25.4780053Z   2024-12-10: 2 problems
2026-10-05T16:39:25.9073110Z   2024-12-09: 2 problems
2026-10-05T16:39:26.2771817Z   2024-12-07: 2 problems
2026-10-05T16:39:26.6754716Z   2024-12-06: 2 problems
2026-10-05T16:39:27.0277286Z   2024-12-05: 2 problems
2026-10-05T16:39:27.4014069Z   2024-12-04: 2 problems
2026-10-05T16:39:27.8135248Z   2024-12-03: 2 problems
2026-10-05T16:39:28.1781668Z   2024-12-02: 2 problems
2026-10-05T16:39:28.5949373Z   2024-11-30: 2 problems
2026-10-05T16:39:28.9469674Z   2024-11-29: 2 problems
2026-10-05T16:39:29.3954099Z   2024-11-28: 2 problems
2026-10-05T16:39:29.7523484Z   2024-11-27: 2 problems
2026-10-05T16:39:30.1688019Z   2024-11-26: 2 problems
2026-10-05T16:39:31.2078171Z   2024-11-25: 2 problems
2026-10-05T16:39:31.5839846Z   2024-11-23: 2 problems
2026-10-05T16:39:31.9926820Z   2024-11-22: 2 problems
2026-10-05T16:39:32.2424036Z   2024-11-21: 2 problems
2026-10-05T16:39:32.5999285Z   2024-11-20: 2 problems
2026-10-05T16:39:32.9479492Z   2024-11-19: 2 problems
2026-10-05T16:39:33.2826235Z   2024-11-18: 2 problems
2026-10-05T16:39:33.8475060Z   2024-11-16: 2 problems
2026-10-05T16:39:34.2328022Z   2024-11-15: 2 problems
2026-10-05T16:39:34.6055209Z   2024-11-14: 2 problems
2026-10-05T16:39:34.9677634Z   2024-11-13: 2 problems
2026-10-05T16:39:35.3261344Z   2024-11-12: 2 problems
2026-10-05T16:39:35.7681201Z   2024-11-11: 2 problems
2026-10-05T16:39:36.1896105Z   2024-11-09: 2 problems
2026-10-05T16:39:36.5464761Z   2024-11-08: 2 problems
2026-10-05T16:39:36.8913909Z   2024-11-07: 2 problems
2026-10-05T16:39:37.2803363Z   2024-11-06: 2 problems
2026-10-05T16:39:37.6629514Z   2024-11-05: 2 problems
2026-10-05T16:39:38.0870578Z   2024-11-04: 2 problems
2026-10-05T16:39:38.4974206Z   2024-11-02: 2 problems
2026-10-05T16:39:38.8258008Z   2024-11-01: 2 problems
2026-10-05T16:39:39.2388774Z   2024-10-31: 2 problems
2026-10-05T16:39:39.7824620Z   2024-10-30: 2 problems
2026-10-05T16:39:40.2238633Z   2024-10-29: 2 problems
2026-10-05T16:39:40.7315262Z   2024-10-28: 2 problems
2026-10-05T16:39:41.1382264Z   2024-10-26: 2 problems
2026-10-05T16:39:41.5002997Z   2024-10-25: 2 problems
2026-10-05T16:39:42.0123064Z   2024-10-24: 2 problems
2026-10-05T16:39:42.4689170Z   2024-10-23: 2 problems
2026-10-05T16:39:42.9137911Z   2024-10-22: 2 problems
2026-10-05T16:39:43.5056674Z   2024-10-21: 2 problems
2026-10-05T16:39:44.0897976Z   2024-10-19: 2 problems
2026-10-05T16:39:44.4727475Z   2024-10-18: 2 problems
2026-10-05T16:39:44.8277229Z   2024-10-17: 2 problems
2026-10-05T16:39:45.2847067Z   2024-10-16: 2 problems
2026-10-05T16:39:45.7350084Z   2024-10-15: 2 problems
2026-10-05T16:39:46.0967044Z   2024-10-14: 2 problems
2026-10-05T16:39:46.4742591Z   2024-10-12: 2 problems
2026-10-05T16:39:46.8203968Z   2024-10-11: 2 problems
2026-10-05T16:39:47.1909612Z   2024-10-10: 2 problems
2026-10-05T16:39:47.6323002Z   2024-10-09: 2 problems
2026-10-05T16:39:47.9988540Z   2024-10-08: 2 problems
2026-10-05T16:39:48.3711970Z   2024-10-07: 2 problems
2026-10-05T16:39:48.8096178Z   2024-10-05: 2 problems
2026-10-05T16:39:49.1798882Z   2024-10-04: 2 problems
2026-10-05T16:39:49.5551265Z   2024-10-03: 2 problems
2026-10-05T16:39:49.9330421Z   2024-10-02: 2 problems
2026-10-05T16:39:50.3552954Z   2024-10-01: 2 problems
2026-10-05T16:39:50.7127935Z   2024-09-30: 2 problems
2026-10-05T16:39:51.0346557Z   2024-09-28: 2 problems
2026-10-05T16:39:51.4032468Z   2024-09-27: 2 problems
2026-10-05T16:39:51.7660150Z   2024-09-26: 2 problems
2026-10-05T16:39:52.2565851Z   2024-09-25: 2 problems
2026-10-05T16:39:52.6692702Z   2024-09-24: 2 problems
2026-10-05T16:39:53.1157489Z   2024-09-23: 2 problems
2026-10-05T16:39:53.5205935Z   2024-09-21: 2 problems
2026-10-05T16:39:54.0232799Z   2024-09-20: 2 problems
2026-10-05T16:39:54.4215431Z   2024-09-19: 2 problems
2026-10-05T16:39:54.8953708Z   2024-09-18: 2 problems
2026-10-05T16:39:55.4402120Z   2024-09-17: 2 problems
2026-10-05T16:39:55.8745653Z   2024-09-16: 2 problems
2026-10-05T16:39:56.2332107Z   2024-09-14: 2 problems
2026-10-05T16:39:56.7263006Z   2024-09-13: 2 problems
2026-10-05T16:39:57.1814350Z   2024-09-12: 2 problems
2026-10-05T16:39:57.6333940Z   2024-09-11: 2 problems
2026-10-05T16:39:58.0996082Z   2024-09-10: 2 problems
2026-10-05T16:39:58.5293377Z   2024-09-09: 2 problems
2026-10-05T16:39:59.0577673Z   2024-09-07: 2 problems
2026-10-05T16:39:59.5132554Z   2024-09-06: 2 problems
2026-10-05T16:39:59.9725480Z   2024-09-05: 2 problems
2026-10-05T16:40:00.3636562Z   2024-09-04: 2 problems
2026-10-05T16:40:00.8167867Z   2024-09-03: 2 problems
2026-10-05T16:40:01.3043057Z   2024-09-02: 2 problems
2026-10-05T16:40:01.7230145Z   2024-08-31: 2 problems
2026-10-05T16:40:02.4516403Z   2024-08-30: 2 problems
2026-10-05T16:40:02.8474633Z   2024-08-29: 2 problems
2026-10-05T16:40:03.2621002Z   2024-08-28: 2 problems
2026-10-05T16:40:03.6979460Z   2024-08-27: 2 problems
2026-10-05T16:40:04.1376903Z   2024-08-26: 2 problems
2026-10-05T16:40:04.5904841Z   2024-08-24: 2 problems
2026-10-05T16:40:05.0479981Z   2024-08-23: 2 problems
2026-10-05T16:40:05.5600384Z   2024-08-22: 2 problems
2026-10-05T16:40:05.9573005Z   2024-08-21: 2 problems
2026-10-05T16:40:06.3297895Z   2024-08-20: 2 problems
2026-10-05T16:40:06.7495134Z   2024-08-19: 2 problems
2026-10-05T16:40:07.1961413Z   2024-08-17: 2 problems
2026-10-05T16:40:07.6450707Z   2024-08-16: 2 problems
2026-10-05T16:40:08.1501294Z   2024-08-15: 2 problems
2026-10-05T16:40:08.6232948Z   2024-08-14: 2 problems
2026-10-05T16:40:09.0383831Z   2024-08-13: 2 problems
2026-10-05T16:40:09.4758241Z   2024-08-12: 2 problems
2026-10-05T16:40:09.9028594Z   2024-08-10: 2 problems
2026-10-05T16:40:10.4083445Z   2024-08-09: 2 problems
2026-10-05T16:40:10.8129730Z   2024-08-08: 2 problems
2026-10-05T16:40:11.2239078Z   2024-08-07: 2 problems
2026-10-05T16:40:11.8623481Z   2024-08-06: 2 problems
2026-10-05T16:40:12.3310041Z   2024-08-05: 2 problems
2026-10-05T16:40:12.6945670Z   2024-08-03: 2 problems
2026-10-05T16:40:13.1349541Z   2024-08-02: 2 problems
2026-10-05T16:40:13.6173251Z   2024-08-01: 2 problems
2026-10-05T16:40:14.2589411Z   2024-07-31: 2 problems
2026-10-05T16:40:14.7648058Z   2024-07-30: 2 problems
2026-10-05T16:40:15.3052082Z   2024-07-29: 2 problems
2026-10-05T16:40:15.7623949Z   2024-07-27: 2 problems
2026-10-05T16:40:16.1950716Z   2024-07-26: 2 problems
2026-10-05T16:40:16.6182327Z   2024-07-25: 2 problems
2026-10-05T16:40:17.1578065Z   2024-07-24: 2 problems
2026-10-05T16:40:17.6110322Z   2024-07-23: 2 problems
2026-10-05T16:40:18.0530480Z   2024-07-22: 2 problems
2026-10-05T16:40:18.4532070Z   2024-07-20: 2 problems
2026-10-05T16:40:18.8544989Z   2024-07-19: 2 problems
2026-10-05T16:40:19.2437116Z   2024-07-18: 2 problems
2026-10-05T16:40:19.6057408Z   2024-07-17: 2 problems
2026-10-05T16:40:20.1408907Z   2024-07-16: 2 problems
2026-10-05T16:40:20.6917925Z   2024-07-15: 2 problems
2026-10-05T16:40:21.2179853Z   2024-07-13: 2 problems
2026-10-05T16:40:21.4619856Z   2024-07-12: 2 problems
2026-10-05T16:40:21.8450667Z   2024-07-11: 2 problems
2026-10-05T16:40:22.3008597Z   2024-07-10: 2 problems
2026-10-05T16:40:22.6249537Z   2024-07-09: 2 problems
2026-10-05T16:40:23.2954368Z   2024-07-08: 2 problems
2026-10-05T16:40:23.6751706Z   2024-07-06: 2 problems
2026-10-05T16:40:24.0927599Z   2024-07-05: 2 problems
2026-10-05T16:40:24.5083191Z   2024-07-04: 2 problems
2026-10-05T16:40:24.8836986Z   2024-07-03: 2 problems
2026-10-05T16:40:25.5007231Z   2024-07-02: 2 problems
2026-10-05T16:40:25.8817813Z   2024-07-01: 2 problems
2026-10-05T16:40:26.5282406Z   2024-06-29: 2 problems
2026-10-05T16:40:26.9738627Z   2024-06-28: 2 problems
2026-10-05T16:40:27.3824606Z   2024-06-27: 2 problems
2026-10-05T16:40:27.8159305Z   2024-06-26: 2 problems
2026-10-05T16:40:28.1968162Z   2024-06-25: 2 problems
2026-10-05T16:40:28.6111653Z   2024-06-24: 2 problems
2026-10-05T16:40:29.1184518Z   2024-06-22: 2 problems
2026-10-05T16:40:29.7254143Z   2024-06-21: 2 problems
2026-10-05T16:40:30.4300221Z   2024-06-20: 2 problems
2026-10-05T16:40:30.8684614Z   2024-06-19: 2 problems
2026-10-05T16:40:31.2905878Z   2024-06-18: 2 problems
2026-10-05T16:40:31.7480334Z   2024-06-17: 2 problems
2026-10-05T16:40:32.1879614Z   2024-06-15: 2 problems
2026-10-05T16:40:32.6890297Z   2024-06-14: 2 problems
2026-10-05T16:40:33.0884027Z   2024-06-13: 2 problems
2026-10-05T16:40:33.5434518Z   2024-06-12: 2 problems
2026-10-05T16:40:34.0033057Z   2024-06-11: 2 problems
2026-10-05T16:40:34.4576275Z   2024-06-10: 2 problems
2026-10-05T16:40:34.9172180Z   2024-06-08: 2 problems
2026-10-05T16:40:35.3849312Z   2024-06-07: 2 problems
2026-10-05T16:40:35.8206174Z   2024-06-06: 2 problems
2026-10-05T16:40:36.3277037Z   2024-06-05: 2 problems
2026-10-05T16:40:36.8983957Z   2024-06-04: 2 problems
2026-10-05T16:40:37.2694479Z   2024-06-03: 2 problems
2026-10-05T16:40:37.7378715Z   2024-06-01: 2 problems
2026-10-05T16:40:38.0999774Z   2024-05-31: 2 problems
2026-10-05T16:40:38.5711154Z   2024-05-30: 2 problems
2026-10-05T16:40:39.0150197Z   2024-05-29: 2 problems
2026-10-05T16:40:39.4966961Z   2024-05-28: 2 problems
2026-10-05T16:40:39.9188906Z   2024-05-27: 2 problems
2026-10-05T16:40:40.3524911Z   2024-05-25: 2 problems
2026-10-05T16:40:40.7746937Z   2024-05-24: 2 problems
2026-10-05T16:40:41.1825121Z   2024-05-23: 2 problems
2026-10-05T16:40:41.6033394Z   2024-05-22: 2 problems
2026-10-05T16:40:42.0466037Z   2024-05-21: 2 problems
2026-10-05T16:40:42.4458277Z   2024-05-20: 2 problems
2026-10-05T16:40:42.8399720Z   2024-05-18: 2 problems
2026-10-05T16:40:43.2613423Z   2024-05-17: 2 problems
2026-10-05T16:40:43.6925712Z   2024-05-16: 2 problems
2026-10-05T16:40:44.0534532Z   2024-05-15: 2 problems
2026-10-05T16:40:44.5042350Z   2024-05-14: 2 problems
2026-10-05T16:40:44.9809532Z   2024-05-13: 2 problems
2026-10-05T16:40:45.3836409Z   2024-05-11: 2 problems
2026-10-05T16:40:45.7742599Z   2024-05-10: 2 problems
2026-10-05T16:40:46.1623620Z   2024-05-09: 2 problems
2026-10-05T16:40:46.6025214Z   2024-05-08: 2 problems
2026-10-05T16:40:46.9593238Z   2024-05-07: 2 problems
2026-10-05T16:40:47.3309314Z   2024-05-06: 2 problems
2026-10-05T16:40:47.8033856Z   2024-05-04: 2 problems
2026-10-05T16:40:48.2536760Z   2024-05-03: 2 problems
2026-10-05T16:40:48.7040385Z   2024-05-02: 2 problems
2026-10-05T16:40:49.0951173Z   2024-05-01: 2 problems
2026-10-05T16:40:49.4563493Z   2024-04-30: 2 problems
2026-10-05T16:40:49.8791881Z   2024-04-29: 2 problems
2026-10-05T16:40:50.3013959Z   2024-04-27: 2 problems
2026-10-05T16:40:50.7437052Z   2024-04-26: 2 problems
2026-10-05T16:40:51.1676024Z   2024-04-25: 2 problems
2026-10-05T16:40:51.5730026Z   2024-04-24: 2 problems
2026-10-05T16:40:51.9641793Z   2024-04-23: 2 problems
2026-10-05T16:40:52.3529023Z   2024-04-22: 2 problems
2026-10-05T16:40:52.7030721Z   2024-04-20: 2 problems
2026-10-05T16:40:53.0637454Z   2024-04-19: 2 problems
2026-10-05T16:40:53.4668817Z   2024-04-18: 2 problems
2026-10-05T16:40:53.8446742Z   2024-04-17: 2 problems
2026-10-05T16:40:54.1684401Z   2024-04-16: 2 problems
2026-10-05T16:40:54.5330483Z   2024-04-15: 2 problems
2026-10-05T16:40:54.9055535Z   2024-04-13: 2 problems
2026-10-05T16:40:55.3026863Z   2024-04-12: 2 problems
2026-10-05T16:40:55.6406503Z   2024-04-11: 2 problems
2026-10-05T16:40:56.0257255Z   2024-04-10: 2 problems
2026-10-05T16:40:56.4000416Z   2024-04-09: 2 problems
2026-10-05T16:40:56.7546523Z   2024-04-08: 2 problems
2026-10-05T16:40:57.1537124Z   2024-04-06: 2 problems
2026-10-05T16:40:57.5935305Z   2024-04-05: 2 problems
2026-10-05T16:40:57.9288218Z   2024-04-04: 2 problems
2026-10-05T16:40:58.2980203Z   2024-04-03: 2 problems
2026-10-05T16:40:58.6105931Z   2024-04-02: 2 problems
2026-10-05T16:40:58.9467955Z   2024-04-01: 2 problems
2026-10-05T16:40:59.4296905Z   2024-03-30: 2 problems
2026-10-05T16:40:59.9070625Z   2024-03-29: 2 problems
2026-10-05T16:41:00.2618443Z   2024-03-28: 2 problems
2026-10-05T16:41:00.6722638Z   2024-03-27: 2 problems
2026-10-05T16:41:01.0412583Z   2024-03-26: 2 problems
2026-10-05T16:41:01.4324918Z   2024-03-25: 2 problems
2026-10-05T16:41:01.7649518Z   2024-03-23: 2 problems
2026-10-05T16:41:02.5701095Z   2024-03-22: 2 problems
2026-10-05T16:41:02.9275764Z   2024-03-21: 2 problems
2026-10-05T16:41:03.3202935Z   2024-03-20: 2 problems
2026-10-05T16:41:03.6798697Z   2024-03-19: 2 problems
2026-10-05T16:41:04.0487500Z   2024-03-18: 2 problems
2026-10-05T16:41:04.4036541Z   2024-03-16: 2 problems
2026-10-05T16:41:04.8512698Z   2024-03-15: 2 problems
2026-10-05T16:41:05.2337574Z   2024-03-14: 2 problems
2026-10-05T16:41:05.6122047Z   2024-03-13: 2 problems
2026-10-05T16:41:05.9910528Z   2024-03-12: 2 problems
2026-10-05T16:41:06.3567348Z   2024-03-11: 2 problems
2026-10-05T16:41:06.7161359Z   2024-03-09: 2 problems
2026-10-05T16:41:07.0693031Z   2024-03-08: 2 problems
2026-10-05T16:41:07.4264195Z   2024-03-07: 2 problems
2026-10-05T16:41:07.8012187Z   2024-03-06: 2 problems
2026-10-05T16:41:08.2028179Z   2024-03-05: 2 problems
2026-10-05T16:41:08.5658399Z   2024-03-04: 2 problems
2026-10-05T16:41:08.9128288Z   2024-03-02: 2 problems
2026-10-05T16:41:09.3514579Z   2024-03-01: 2 problems
2026-10-05T16:41:09.7319958Z   2024-02-29: 2 problems
2026-10-05T16:41:10.0957266Z   2024-02-28: 2 problems
2026-10-05T16:41:10.4396262Z   2024-02-27: 2 problems
2026-10-05T16:41:10.7677933Z   2024-02-26: 2 problems
2026-10-05T16:41:10.7680918Z Building categories...
2026-10-05T16:41:13.8444375Z Wrote /home/runner/work/ys_problem_web/ys_problem_web/data/daily.json (815 days, 21 categories).
2026-10-05T16:41:13.8445042Z Syncing leaderboard (records.js from gh-pages)...
2026-10-05T16:41:14.0152225Z   ✓ 361 players, data through 2026-10-03 (unchanged)
2026-10-05T16:41:14.0152853Z LEADERBOARD-SYNC {"changed":false,"players":361,"currentDate":"2026-10-03"}
2026-10-05T16:41:14.0314918Z ##[group]Run xvfb-run -a node scripts/fetch-statements.mjs --limit 4 --delay 6000
2026-10-05T16:41:14.0315558Z [36;1mxvfb-run -a node scripts/fetch-statements.mjs --limit 4 --delay 6000[0m
2026-10-05T16:41:14.0377746Z shell: /usr/bin/bash -e {0}
2026-10-05T16:41:14.0377998Z env:
2026-10-05T16:41:14.0378206Z   CF_START_MODE: chrome-headful
2026-10-05T16:41:14.0378463Z ##[endgroup]
2026-10-05T16:41:14.2600712Z Statements on disk: 1599; missing in archive: 28; needs limits: 0; fetching: 4
2026-10-05T16:41:17.4516525Z   [1/4] ✓ GYM101047F — F. Fighting the Rajasi (1 samples)
2026-10-05T16:41:24.5100720Z   [2/4] ✓ GYM103627C — C. AND PLUS OR (3 samples)
2026-10-05T16:41:39.8583524Z   [3/4] ✗ GYM106259I — fetch/parse failed
2026-10-05T16:41:47.5754063Z   2 consecutive failures — cooling down 240s…
2026-10-05T16:45:49.0378646Z   [4/4] ✗ GYM105746C — fetch/parse failed
2026-10-05T16:45:49.1310140Z 
2026-10-05T16:45:49.1310681Z Done: 2 saved, 2 failed.
2026-10-05T16:45:49.1311391Z Failed codes (rerun this script to retry):
2026-10-05T16:45:49.1311896Z   GYM106259I, GYM105746C
2026-10-05T16:45:49.2522180Z ##[group]Run OUT=$(xvfb-run -a node scripts/repair-zsmj.mjs --limit 200 --delay 6000)
2026-10-05T16:45:49.2523265Z [36;1mOUT=$(xvfb-run -a node scripts/repair-zsmj.mjs --limit 200 --delay 6000)[0m
2026-10-05T16:45:49.2523996Z [36;1mecho "$OUT"[0m
2026-10-05T16:45:49.2524738Z [36;1mREPAIRED=$(echo "$OUT" | grep -oE 'Done: [0-9]+ repaired' | grep -oE '[0-9]+' || echo 0)[0m
2026-10-05T16:45:49.2525805Z [36;1mREMAINING=$(grep -l '%%ZSMJ' data/statements/*.json 2>/dev/null | wc -l | tr -d ' ')[0m
2026-10-05T16:45:49.2526688Z [36;1mecho "repaired=$REPAIRED" >> "$GITHUB_OUTPUT"[0m
2026-10-05T16:45:49.2527366Z [36;1mecho "remaining=$REMAINING" >> "$GITHUB_OUTPUT"[0m
2026-10-05T16:45:49.2602520Z shell: /usr/bin/bash -e {0}
2026-10-05T16:45:49.2602961Z env:
2026-10-05T16:45:49.2603318Z   CF_START_MODE: chrome-headful
2026-10-05T16:45:49.2603767Z ##[endgroup]
2026-10-05T16:45:49.6337831Z Statements to repair: 0
2026-10-05T16:45:49.6534610Z ##[group]Run CF_STATEMENTS=0 TRANSLATE=0 node scripts/update-data.mjs
2026-10-05T16:45:49.6535183Z [36;1mCF_STATEMENTS=0 TRANSLATE=0 node scripts/update-data.mjs[0m
2026-10-05T16:45:49.6597143Z shell: /usr/bin/bash -e {0}
2026-10-05T16:45:49.6597418Z ##[endgroup]
2026-10-05T16:45:49.7983898Z Discovering daily problem folders...
2026-10-05T16:45:50.5288723Z Found 815 days, syncing the most recent 815.
2026-10-05T16:45:51.1845760Z   2026-10-06: 2 problems
2026-10-05T16:45:51.5215407Z   2026-10-05: 2 problems
2026-10-05T16:45:51.8803622Z   2026-10-03: 2 problems
2026-10-05T16:45:52.2510337Z   2026-10-02: 2 problems
2026-10-05T16:45:52.5567824Z   2026-10-01: 2 problems
2026-10-05T16:45:52.8291039Z   2026-09-30: 2 problems
2026-10-05T16:45:53.0895098Z   2026-09-29: 2 problems
2026-10-05T16:45:53.3865530Z   2026-09-28: 2 problems
2026-10-05T16:45:53.7751678Z   2026-09-26: 2 problems
2026-10-05T16:45:54.0374210Z   2026-09-25: 2 problems
2026-10-05T16:45:54.3002901Z   2026-09-24: 2 problems
2026-10-05T16:45:54.6075543Z   2026-09-23: 2 problems
2026-10-05T16:45:54.9010190Z   2026-09-22: 2 problems
2026-10-05T16:45:55.2427189Z   2026-09-21: 2 problems
2026-10-05T16:45:55.5568666Z   2026-09-19: 2 problems
2026-10-05T16:45:55.7987824Z   2026-09-18: 2 problems
2026-10-05T16:45:56.0495845Z   2026-09-17: 2 problems
2026-10-05T16:45:56.4302342Z   2026-09-16: 2 problems
2026-10-05T16:45:56.7810489Z   2026-09-15: 2 problems
2026-10-05T16:45:57.0736833Z   2026-09-14: 2 problems
2026-10-05T16:45:57.4169781Z   2026-09-12: 2 problems
2026-10-05T16:45:57.8185332Z   2026-09-11: 2 problems
2026-10-05T16:45:58.1906093Z   2026-09-10: 2 problems
2026-10-05T16:45:58.4825617Z   2026-09-09: 2 problems
2026-10-05T16:45:58.8589383Z   2026-09-08: 2 problems
2026-10-05T16:45:59.2111747Z   2026-09-07: 2 problems
2026-10-05T16:45:59.4581862Z   2026-09-05: 2 problems
2026-10-05T16:45:59.6860038Z   2026-09-04: 2 problems
2026-10-05T16:46:00.0600847Z   2026-09-03: 2 problems
2026-10-05T16:46:00.3788465Z   2026-09-02: 2 problems
2026-10-05T16:46:00.6912514Z   2026-09-01: 2 problems
2026-10-05T16:46:00.9968454Z   2026-08-31: 2 problems
2026-10-05T16:46:01.3590242Z   2026-08-29: 2 problems
2026-10-05T16:46:01.7365014Z   2026-08-28: 2 problems
2026-10-05T16:46:02.0479469Z   2026-08-27: 2 problems
2026-10-05T16:46:02.4164402Z   2026-08-26: 2 problems
2026-10-05T16:46:02.8092278Z   2026-08-25: 2 problems
2026-10-05T16:46:03.1599537Z   2026-08-24: 2 problems
2026-10-05T16:46:03.5786331Z   2026-08-22: 2 problems
2026-10-05T16:46:03.9550723Z   2026-08-21: 2 problems
2026-10-05T16:46:04.3258727Z   2026-08-20: 2 problems
2026-10-05T16:46:04.6734196Z   2026-08-19: 2 problems
2026-10-05T16:46:05.0352415Z   2026-08-18: 2 problems
2026-10-05T16:46:05.3938504Z   2026-08-17: 2 problems
2026-10-05T16:46:05.6785714Z   2026-08-15: 2 problems
2026-10-05T16:46:05.9122450Z   2026-08-14: 2 problems
2026-10-05T16:46:06.2270665Z   2026-08-13: 2 problems
2026-10-05T16:46:06.6433342Z   2026-08-12: 2 problems
2026-10-05T16:46:07.0464984Z   2026-08-11: 2 problems
2026-10-05T16:46:07.2920327Z   2026-08-10: 2 problems
2026-10-05T16:46:07.6537481Z   2026-08-08: 2 problems
2026-10-05T16:46:08.0399590Z   2026-08-07: 2 problems
2026-10-05T16:46:08.3877186Z   2026-08-06: 2 problems
2026-10-05T16:46:08.7182546Z   2026-08-05: 2 problems
2026-10-05T16:46:09.0917590Z   2026-08-04: 2 problems
2026-10-05T16:46:09.5326092Z   2026-08-03: 2 problems
2026-10-05T16:46:09.8142990Z   2026-08-01: 2 problems
2026-10-05T16:46:10.0669372Z   2026-07-31: 2 problems
2026-10-05T16:46:10.4004389Z   2026-07-30: 2 problems
2026-10-05T16:46:10.7518260Z   2026-07-29: 2 problems
2026-10-05T16:46:11.0978205Z   2026-07-28: 2 problems
2026-10-05T16:46:11.5049598Z   2026-07-27: 2 problems
2026-10-05T16:46:12.0101468Z   2026-07-25: 2 problems
2026-10-05T16:46:12.4125072Z   2026-07-24: 2 problems
2026-10-05T16:46:12.8243600Z   2026-07-23: 2 problems
2026-10-05T16:46:13.1698273Z   2026-07-22: 2 problems
2026-10-05T16:46:13.5532197Z   2026-07-21: 2 problems
2026-10-05T16:46:13.8659761Z   2026-07-16: 2 problems
2026-10-05T16:46:14.2319617Z   2026-07-15: 2 problems
2026-10-05T16:46:14.6343668Z   2026-07-14: 2 problems
2026-10-05T16:46:15.0249304Z   2026-07-13: 2 problems
2026-10-05T16:46:15.4652735Z   2026-07-11: 2 problems
2026-10-05T16:46:15.7998522Z   2026-07-10: 2 problems
2026-10-05T16:46:16.2104016Z   2026-07-09: 2 problems
2026-10-05T16:46:16.6498445Z   2026-07-08: 2 problems
2026-10-05T16:46:17.0043938Z   2026-07-07: 2 problems
2026-10-05T16:46:17.3513868Z   2026-07-06: 2 problems
2026-10-05T16:46:17.7175237Z   2026-07-04: 2 problems
2026-10-05T16:46:18.0851501Z   2026-07-03: 2 problems
2026-10-05T16:46:18.4795965Z   2026-07-02: 2 problems
2026-10-05T16:46:18.8572208Z   2026-07-01: 2 problems
2026-10-05T16:46:19.2485380Z   2026-06-30: 2 problems
2026-10-05T16:46:19.6374113Z   2026-06-29: 2 problems
2026-10-05T16:46:20.0087963Z   2026-06-27: 2 problems
2026-10-05T16:46:20.3275448Z   2026-06-26: 2 problems
2026-10-05T16:46:20.6710821Z   2026-06-25: 2 problems
2026-10-05T16:46:21.0250555Z   2026-06-24: 2 problems
2026-10-05T16:46:21.3589419Z   2026-06-23: 2 problems
2026-10-05T16:46:21.6790520Z   2026-06-22: 2 problems
2026-10-05T16:46:21.8960333Z   2026-06-20: 1 problems
2026-10-05T16:46:22.2758505Z   2026-06-19: 2 problems
2026-10-05T16:46:22.5914812Z   2026-06-18: 2 problems
2026-10-05T16:46:22.8915574Z   2026-06-17: 2 problems
2026-10-05T16:46:23.2477949Z   2026-06-16: 2 problems
2026-10-05T16:46:23.6147092Z   2026-06-15: 2 problems
2026-10-05T16:46:24.0334839Z   2026-06-13: 2 problems
2026-10-05T16:46:24.4172050Z   2026-06-12: 2 problems
2026-10-05T16:46:24.7407912Z   2026-06-11: 2 problems
2026-10-05T16:46:25.0635254Z   2026-06-10: 2 problems
2026-10-05T16:46:25.4142727Z   2026-06-09: 2 problems
2026-10-05T16:46:25.7746263Z   2026-06-08: 2 problems
2026-10-05T16:46:26.0823640Z   2026-06-06: 2 problems
2026-10-05T16:46:26.4182393Z   2026-06-05: 2 problems
2026-10-05T16:46:26.7605357Z   2026-06-04: 2 problems
2026-10-05T16:46:26.8932204Z   2026-06-03: 2 problems
2026-10-05T16:46:27.2053997Z   2026-06-02: 2 problems
2026-10-05T16:46:27.5423510Z   2026-06-01: 2 problems
2026-10-05T16:46:27.8995709Z   2026-05-30: 2 problems
2026-10-05T16:46:28.2186666Z   2026-05-29: 2 problems
2026-10-05T16:46:28.5603575Z   2026-05-28: 2 problems
2026-10-05T16:46:28.8991614Z   2026-05-27: 2 problems
2026-10-05T16:46:29.1693574Z   2026-05-26: 2 problems
2026-10-05T16:46:29.5110546Z   2026-05-25: 2 problems
2026-10-05T16:46:29.8657783Z   2026-05-23: 2 problems
2026-10-05T16:46:30.1895070Z   2026-05-22: 2 problems
2026-10-05T16:46:30.5427143Z   2026-05-21: 2 problems
2026-10-05T16:46:30.8793760Z   2026-05-20: 2 problems
2026-10-05T16:46:31.2193986Z   2026-05-19: 2 problems
2026-10-05T16:46:31.5558376Z   2026-05-18: 2 problems
2026-10-05T16:46:31.8739705Z   2026-05-16: 2 problems
2026-10-05T16:46:32.1913217Z   2026-05-15: 2 problems
2026-10-05T16:46:32.5350191Z   2026-05-14: 2 problems
2026-10-05T16:46:32.8943369Z   2026-05-13: 2 problems
2026-10-05T16:46:33.2486687Z   2026-05-12: 2 problems
2026-10-05T16:46:33.7770413Z   2026-05-11: 2 problems
2026-10-05T16:46:34.0956647Z   2026-05-09: 2 problems
2026-10-05T16:46:34.4182994Z   2026-05-08: 2 problems
2026-10-05T16:46:34.7192809Z   2026-05-07: 2 problems
2026-10-05T16:46:35.0210271Z   2026-05-06: 2 problems
2026-10-05T16:46:35.3527590Z   2026-05-05: 2 problems
2026-10-05T16:46:35.6790893Z   2026-05-04: 2 problems
2026-10-05T16:46:36.0406587Z   2026-05-02: 2 problems
2026-10-05T16:46:36.4035152Z   2026-05-01: 2 problems
2026-10-05T16:46:36.7386214Z   2026-04-30: 2 problems
2026-10-05T16:46:37.0753934Z   2026-04-29: 2 problems
2026-10-05T16:46:37.4187375Z   2026-04-28: 2 problems
2026-10-05T16:46:37.7534305Z   2026-04-27: 2 problems
2026-10-05T16:46:38.1062226Z   2026-04-25: 2 problems
2026-10-05T16:46:38.7445420Z   2026-04-24: 2 problems
2026-10-05T16:46:39.0848484Z   2026-04-23: 2 problems
2026-10-05T16:46:39.4204143Z   2026-04-22: 2 problems
2026-10-05T16:46:39.7721660Z   2026-04-21: 2 problems
2026-10-05T16:46:40.1874393Z   2026-04-20: 2 problems
2026-10-05T16:46:40.5078695Z   2026-04-18: 2 problems
2026-10-05T16:46:40.8113713Z   2026-04-17: 2 problems
2026-10-05T16:46:41.1393241Z   2026-04-16: 2 problems
2026-10-05T16:46:41.5060113Z   2026-04-15: 2 problems
2026-10-05T16:46:41.8271172Z   2026-04-14: 2 problems
2026-10-05T16:46:42.1563003Z   2026-04-13: 2 problems
2026-10-05T16:46:42.4720105Z   2026-04-11: 2 problems
2026-10-05T16:46:42.9520825Z   2026-04-10: 2 problems
2026-10-05T16:46:43.2867403Z   2026-04-09: 2 problems
2026-10-05T16:46:43.5128489Z   2026-04-08: 2 problems
2026-10-05T16:46:44.0139597Z   2026-04-07: 2 problems
2026-10-05T16:46:44.4670821Z   2026-04-06: 2 problems
2026-10-05T16:46:44.8992297Z   2026-04-04: 2 problems
2026-10-05T16:46:45.2583516Z   2026-04-03: 2 problems
2026-10-05T16:46:45.7042369Z   2026-04-02: 2 problems
2026-10-05T16:46:46.3559784Z   2026-04-01: 2 problems
2026-10-05T16:46:46.8824208Z   2026-03-31: 2 problems
2026-10-05T16:46:47.2360874Z   2026-03-30: 2 problems
2026-10-05T16:46:47.5725966Z   2026-03-28: 2 problems
2026-10-05T16:46:48.0187708Z   2026-03-27: 2 problems
2026-10-05T16:46:48.4650200Z   2026-03-26: 2 problems
2026-10-05T16:46:48.8880380Z   2026-03-25: 2 problems
2026-10-05T16:46:49.4184414Z   2026-03-24: 2 problems
2026-10-05T16:46:49.8202565Z   2026-03-23: 2 problems
2026-10-05T16:46:50.2326241Z   2026-03-21: 2 problems
2026-10-05T16:46:50.7202495Z   2026-03-20: 2 problems
2026-10-05T16:46:51.1593260Z   2026-03-19: 2 problems
2026-10-05T16:46:51.4832189Z   2026-03-18: 2 problems
2026-10-05T16:46:51.8579988Z   2026-03-17: 2 problems
2026-10-05T16:46:52.2283597Z   2026-03-16: 2 problems
2026-10-05T16:46:52.7551160Z   2026-03-14: 2 problems
2026-10-05T16:46:53.2433204Z   2026-03-13: 2 problems
2026-10-05T16:46:53.6817922Z   2026-03-12: 2 problems
2026-10-05T16:46:54.1125341Z   2026-03-11: 2 problems
2026-10-05T16:46:54.4387242Z   2026-03-10: 2 problems
2026-10-05T16:46:54.7599549Z   2026-03-09: 2 problems
2026-10-05T16:46:55.1622642Z   2026-03-07: 2 problems
2026-10-05T16:46:55.5101968Z   2026-03-06: 2 problems
2026-10-05T16:46:55.8912122Z   2026-03-05: 2 problems
2026-10-05T16:46:56.2730349Z   2026-03-04: 2 problems
2026-10-05T16:46:56.6895188Z   2026-03-03: 2 problems
2026-10-05T16:46:57.1176708Z   2026-03-02: 2 problems
2026-10-05T16:46:57.5255898Z   2026-02-28: 2 problems
2026-10-05T16:46:57.9032955Z   2026-02-27: 2 problems
2026-10-05T16:46:58.3575380Z   2026-02-26: 2 problems
2026-10-05T16:46:58.7296729Z   2026-02-25: 2 problems
2026-10-05T16:46:59.1410486Z   2026-02-24: 2 problems
2026-10-05T16:46:59.5198125Z   2026-02-23: 2 problems
2026-10-05T16:46:59.8832733Z   2026-02-21: 2 problems
2026-10-05T16:47:00.1982824Z   2026-02-20: 2 problems
2026-10-05T16:47:00.5098031Z   2026-02-19: 2 problems
2026-10-05T16:47:00.7954082Z   2026-02-18: 2 problems
2026-10-05T16:47:01.0897393Z   2026-02-17: 2 problems
2026-10-05T16:47:01.3530871Z   2026-02-16: 2 problems
2026-10-05T16:47:01.6242047Z   2026-02-14: 2 problems
2026-10-05T16:47:01.8634779Z   2026-02-13: 2 problems
2026-10-05T16:47:02.1366525Z   2026-02-12: 2 problems
2026-10-05T16:47:02.3879737Z   2026-02-11: 2 problems
2026-10-05T16:47:02.6256923Z   2026-02-10: 2 problems
2026-10-05T16:47:02.8722655Z   2026-02-09: 2 problems
2026-10-05T16:47:03.1396457Z   2026-02-07: 2 problems
2026-10-05T16:47:03.4078840Z   2026-02-06: 2 problems
2026-10-05T16:47:03.6504689Z   2026-02-05: 2 problems
2026-10-05T16:47:03.8998883Z   2026-02-04: 2 problems
2026-10-05T16:47:04.1434339Z   2026-02-03: 2 problems
2026-10-05T16:47:04.3683985Z   2026-02-02: 2 problems
2026-10-05T16:47:04.6473644Z   2026-01-31: 2 problems
2026-10-05T16:47:04.9168536Z   2026-01-30: 2 problems
2026-10-05T16:47:05.1538977Z   2026-01-29: 2 problems
2026-10-05T16:47:05.3842115Z   2026-01-28: 2 problems
2026-10-05T16:47:05.6734333Z   2026-01-27: 2 problems
2026-10-05T16:47:05.9323422Z   2026-01-26: 2 problems
2026-10-05T16:47:06.2087838Z   2026-01-24: 2 problems
2026-10-05T16:47:06.4749867Z   2026-01-23: 2 problems
2026-10-05T16:47:06.6359482Z   2026-01-22: 2 problems
2026-10-05T16:47:06.8679377Z   2026-01-21: 2 problems
2026-10-05T16:47:07.2114520Z   2026-01-20: 2 problems
2026-10-05T16:47:07.4558697Z   2026-01-19: 2 problems
2026-10-05T16:47:07.7102948Z   2026-01-17: 2 problems
2026-10-05T16:47:07.9357751Z   2026-01-16: 2 problems
2026-10-05T16:47:08.2546111Z   2026-01-15: 2 problems
2026-10-05T16:47:08.5137523Z   2026-01-14: 2 problems
2026-10-05T16:47:08.7628911Z   2026-01-13: 2 problems
2026-10-05T16:47:09.0176796Z   2026-01-12: 2 problems
2026-10-05T16:47:09.2723209Z   2026-01-10: 2 problems
2026-10-05T16:47:09.5646842Z   2026-01-09: 2 problems
2026-10-05T16:47:09.8068091Z   2026-01-08: 2 problems
2026-10-05T16:47:10.0712380Z   2026-01-07: 2 problems
2026-10-05T16:47:10.3003288Z   2026-01-06: 2 problems
2026-10-05T16:47:10.5569989Z   2026-01-05: 2 problems
2026-10-05T16:47:10.7847943Z   2026-01-03: 2 problems
2026-10-05T16:47:11.0780313Z   2026-01-02: 2 problems
2026-10-05T16:47:11.3331420Z   2026-01-01: 2 problems
2026-10-05T16:47:11.5784835Z   2025-12-31: 2 problems
2026-10-05T16:47:11.8078828Z   2025-12-30: 2 problems
2026-10-05T16:47:12.0657060Z   2025-12-29: 2 problems
2026-10-05T16:47:12.3302987Z   2025-12-27: 2 problems
2026-10-05T16:47:12.5890785Z   2025-12-26: 2 problems
2026-10-05T16:47:12.8132067Z   2025-12-25: 2 problems
2026-10-05T16:47:13.0618668Z   2025-12-24: 2 problems
2026-10-05T16:47:13.3138941Z   2025-12-23: 2 problems
2026-10-05T16:47:13.5545363Z   2025-12-22: 2 problems
2026-10-05T16:47:13.8156182Z   2025-12-20: 2 problems
2026-10-05T16:47:14.0639133Z   2025-12-19: 2 problems
2026-10-05T16:47:14.3170448Z   2025-12-18: 2 problems
2026-10-05T16:47:14.5525038Z   2025-12-17: 2 problems
2026-10-05T16:47:14.7873774Z   2025-12-16: 2 problems
2026-10-05T16:47:15.0316194Z   2025-12-15: 2 problems
2026-10-05T16:47:15.2648893Z   2025-12-13: 2 problems
2026-10-05T16:47:15.5019020Z   2025-12-12: 2 problems
2026-10-05T16:47:15.7355915Z   2025-12-11: 2 problems
2026-10-05T16:47:16.0371624Z   2025-12-10: 2 problems
2026-10-05T16:47:16.3137218Z   2025-12-09: 2 problems
2026-10-05T16:47:16.4791687Z   2025-12-08: 2 problems
2026-10-05T16:47:16.7257271Z   2025-12-06: 2 problems
2026-10-05T16:47:16.9531426Z   2025-12-05: 2 problems
2026-10-05T16:47:17.1930131Z   2025-12-04: 2 problems
2026-10-05T16:47:17.4604330Z   2025-12-03: 2 problems
2026-10-05T16:47:17.7253493Z   2025-12-02: 2 problems
2026-10-05T16:47:17.9609680Z   2025-12-01: 2 problems
2026-10-05T16:47:18.2111828Z   2025-11-29: 2 problems
2026-10-05T16:47:18.4685277Z   2025-11-28: 2 problems
2026-10-05T16:47:18.8027670Z   2025-11-27: 2 problems
2026-10-05T16:47:19.1393570Z   2025-11-26: 2 problems
2026-10-05T16:47:19.4232371Z   2025-11-25: 2 problems
2026-10-05T16:47:19.6795283Z   2025-11-24: 2 problems
2026-10-05T16:47:19.9698700Z   2025-11-22: 2 problems
2026-10-05T16:47:20.3195814Z   2025-11-21: 2 problems
2026-10-05T16:47:20.5814923Z   2025-11-20: 2 problems
2026-10-05T16:47:20.8639967Z   2025-11-19: 2 problems
2026-10-05T16:47:21.1432234Z   2025-11-18: 2 problems
2026-10-05T16:47:21.4142599Z   2025-11-17: 2 problems
2026-10-05T16:47:21.7506558Z   2025-11-15: 2 problems
2026-10-05T16:47:22.0998181Z   2025-11-14: 2 problems
2026-10-05T16:47:22.5011898Z   2025-11-13: 2 problems
2026-10-05T16:47:22.7736907Z   2025-11-12: 2 problems
2026-10-05T16:47:23.0934943Z   2025-11-11: 2 problems
2026-10-05T16:47:23.4623444Z   2025-11-10: 2 problems
2026-10-05T16:47:23.7362845Z   2025-11-08: 2 problems
2026-10-05T16:47:24.0562736Z   2025-11-07: 2 problems
2026-10-05T16:47:24.4219837Z   2025-11-06: 2 problems
2026-10-05T16:47:24.7304855Z   2025-11-05: 2 problems
2026-10-05T16:47:25.0065385Z   2025-11-04: 2 problems
2026-10-05T16:47:25.3361965Z   2025-11-03: 2 problems
2026-10-05T16:47:25.6503003Z   2025-11-01: 2 problems
2026-10-05T16:47:25.8496846Z   2025-10-31: 2 problems
2026-10-05T16:47:26.1601382Z   2025-10-30: 2 problems
2026-10-05T16:47:26.4465208Z   2025-10-29: 2 problems
2026-10-05T16:47:26.8226454Z   2025-10-28: 2 problems
2026-10-05T16:47:27.0944830Z   2025-10-27: 2 problems
2026-10-05T16:47:27.3728690Z   2025-10-25: 2 problems
2026-10-05T16:47:27.6298450Z   2025-10-24: 2 problems
2026-10-05T16:47:27.9218554Z   2025-10-23: 2 problems
2026-10-05T16:47:28.2194151Z   2025-10-22: 2 problems
2026-10-05T16:47:28.4972225Z   2025-10-21: 2 problems
2026-10-05T16:47:28.8097212Z   2025-10-20: 2 problems
2026-10-05T16:47:29.1432912Z   2025-10-18: 2 problems
2026-10-05T16:47:29.4647899Z   2025-10-17: 2 problems
2026-10-05T16:47:29.8179290Z   2025-10-16: 2 problems
2026-10-05T16:47:30.1352251Z   2025-10-15: 2 problems
2026-10-05T16:47:30.4491118Z   2025-10-14: 2 problems
2026-10-05T16:47:30.8035211Z   2025-10-13: 2 problems
2026-10-05T16:47:31.1277529Z   2025-10-11: 2 problems
2026-10-05T16:47:31.4627044Z   2025-10-10: 2 problems
2026-10-05T16:47:31.8051322Z   2025-10-09: 2 problems
2026-10-05T16:47:32.1146569Z   2025-10-08: 2 problems
2026-10-05T16:47:32.4380513Z   2025-10-07: 2 problems
2026-10-05T16:47:32.7874055Z   2025-10-06: 2 problems
2026-10-05T16:47:33.1298076Z   2025-10-04: 2 problems
2026-10-05T16:47:33.4423572Z   2025-10-03: 2 problems
2026-10-05T16:47:33.7767324Z   2025-10-02: 2 problems
2026-10-05T16:47:34.1771921Z   2025-10-01: 2 problems
2026-10-05T16:47:34.4959322Z   2025-09-30: 2 problems
2026-10-05T16:47:34.8301891Z   2025-09-29: 2 problems
2026-10-05T16:47:35.1736918Z   2025-09-27: 2 problems
2026-10-05T16:47:35.4998971Z   2025-09-26: 2 problems
2026-10-05T16:47:35.8555548Z   2025-09-25: 2 problems
2026-10-05T16:47:36.2076432Z   2025-09-24: 2 problems
2026-10-05T16:47:36.5304977Z   2025-09-23: 2 problems
2026-10-05T16:47:36.8432558Z   2025-09-22: 2 problems
2026-10-05T16:47:37.1752408Z   2025-09-20: 2 problems
2026-10-05T16:47:37.5065690Z   2025-09-19: 2 problems
2026-10-05T16:47:37.9104316Z   2025-09-18: 2 problems
2026-10-05T16:47:38.2209612Z   2025-09-17: 2 problems
2026-10-05T16:47:38.6101976Z   2025-09-16: 2 problems
2026-10-05T16:47:38.9121894Z   2025-09-15: 2 problems
2026-10-05T16:47:39.2247392Z   2025-09-13: 2 problems
2026-10-05T16:47:39.5817195Z   2025-09-12: 2 problems
2026-10-05T16:47:39.9369865Z   2025-09-11: 2 problems
2026-10-05T16:47:40.2670540Z   2025-09-10: 2 problems
2026-10-05T16:47:40.6093936Z   2025-09-09: 2 problems
2026-10-05T16:47:40.9316109Z   2025-09-08: 2 problems
2026-10-05T16:47:41.2709155Z   2025-09-06: 2 problems
2026-10-05T16:47:41.6130607Z   2025-09-05: 2 problems
2026-10-05T16:47:41.9166425Z   2025-09-04: 2 problems
2026-10-05T16:47:42.3552722Z   2025-09-03: 2 problems
2026-10-05T16:47:42.6975161Z   2025-09-02: 2 problems
2026-10-05T16:47:43.0071581Z   2025-09-01: 2 problems
2026-10-05T16:47:43.4497185Z   2025-08-30: 2 problems
2026-10-05T16:47:43.8185777Z   2025-08-29: 2 problems
2026-10-05T16:47:44.2639459Z   2025-08-28: 2 problems
2026-10-05T16:47:44.6145790Z   2025-08-27: 2 problems
2026-10-05T16:47:45.3434258Z   2025-08-26: 2 problems
2026-10-05T16:47:45.7829793Z   2025-08-25: 2 problems
2026-10-05T16:47:46.1316649Z   2025-08-23: 2 problems
2026-10-05T16:47:46.5137004Z   2025-08-22: 2 problems
2026-10-05T16:47:46.8499302Z   2025-08-21: 2 problems
2026-10-05T16:47:47.3325852Z   2025-08-20: 2 problems
2026-10-05T16:47:47.9239084Z   2025-08-19: 2 problems
2026-10-05T16:47:48.2670944Z   2025-08-18: 2 problems
2026-10-05T16:47:48.6421507Z   2025-08-16: 2 problems
2026-10-05T16:47:48.9533656Z   2025-08-15: 2 problems
2026-10-05T16:47:49.3572306Z   2025-08-14: 2 problems
2026-10-05T16:47:49.7395289Z   2025-08-13: 2 problems
2026-10-05T16:47:50.1474639Z   2025-08-12: 2 problems
2026-10-05T16:47:50.5678461Z   2025-08-11: 2 problems
2026-10-05T16:47:50.9659243Z   2025-08-09: 2 problems
2026-10-05T16:47:51.3307210Z   2025-08-08: 2 problems
2026-10-05T16:47:51.6891962Z   2025-08-07: 2 problems
2026-10-05T16:47:52.0568241Z   2025-08-06: 2 problems
2026-10-05T16:47:52.3990168Z   2025-08-05: 2 problems
2026-10-05T16:47:52.7612603Z   2025-08-04: 2 problems
2026-10-05T16:47:53.1362648Z   2025-08-02: 2 problems
2026-10-05T16:47:53.4840519Z   2025-08-01: 2 problems
2026-10-05T16:47:53.8446185Z   2025-07-31: 2 problems
2026-10-05T16:47:54.2588223Z   2025-07-30: 2 problems
2026-10-05T16:47:54.5449472Z   2025-07-29: 2 problems
2026-10-05T16:47:54.9169454Z   2025-07-28: 2 problems
2026-10-05T16:47:55.2311048Z   2025-07-26: 2 problems
2026-10-05T16:47:55.5499308Z   2025-07-25: 2 problems
2026-10-05T16:47:55.9164691Z   2025-07-24: 2 problems
2026-10-05T16:47:56.2657652Z   2025-07-23: 2 problems
2026-10-05T16:47:56.5674822Z   2025-07-22: 2 problems
2026-10-05T16:47:56.8735839Z   2025-07-21: 2 problems
2026-10-05T16:47:57.1569417Z   2025-07-19: 2 problems
2026-10-05T16:47:57.4554734Z   2025-07-18: 2 problems
2026-10-05T16:47:57.7299801Z   2025-07-17: 2 problems
2026-10-05T16:47:58.1596009Z   2025-07-16: 2 problems
2026-10-05T16:47:58.4833648Z   2025-07-15: 2 problems
2026-10-05T16:47:58.8955344Z   2025-07-14: 2 problems
2026-10-05T16:47:59.1352827Z   2025-07-12: 2 problems
2026-10-05T16:47:59.4779466Z   2025-07-11: 2 problems
2026-10-05T16:47:59.7647595Z   2025-07-10: 2 problems
2026-10-05T16:48:00.1468741Z   2025-07-09: 2 problems
2026-10-05T16:48:00.5213374Z   2025-07-08: 2 problems
2026-10-05T16:48:00.8664940Z   2025-07-07: 2 problems
2026-10-05T16:48:01.2427711Z   2025-07-05: 2 problems
2026-10-05T16:48:01.5955493Z   2025-07-04: 2 problems
2026-10-05T16:48:01.9523723Z   2025-07-03: 2 problems
2026-10-05T16:48:02.2662571Z   2025-07-02: 2 problems
2026-10-05T16:48:02.5639462Z   2025-07-01: 2 problems
2026-10-05T16:48:02.9018539Z   2025-06-30: 2 problems
2026-10-05T16:48:03.2860108Z   2025-06-28: 2 problems
2026-10-05T16:48:03.6546150Z   2025-06-27: 2 problems
2026-10-05T16:48:03.9700137Z   2025-06-26: 2 problems
2026-10-05T16:48:04.3939454Z   2025-06-25: 2 problems
2026-10-05T16:48:04.6902164Z   2025-06-24: 2 problems
2026-10-05T16:48:05.1318966Z   2025-06-23: 2 problems
2026-10-05T16:48:05.4075957Z   2025-06-21: 2 problems
2026-10-05T16:48:05.7668929Z   2025-06-20: 2 problems
2026-10-05T16:48:06.0829322Z   2025-06-19: 2 problems
2026-10-05T16:48:06.4025659Z   2025-06-18: 2 problems
2026-10-05T16:48:06.7409522Z   2025-06-17: 2 problems
2026-10-05T16:48:07.0609766Z   2025-06-16: 2 problems
2026-10-05T16:48:07.5121437Z   2025-06-14: 2 problems
2026-10-05T16:48:07.8378075Z   2025-06-13: 2 problems
2026-10-05T16:48:08.1905786Z   2025-06-12: 2 problems
2026-10-05T16:48:08.5897972Z   2025-06-11: 2 problems
2026-10-05T16:48:08.9050583Z   2025-06-10: 2 problems
2026-10-05T16:48:09.2768982Z   2025-06-09: 2 problems
2026-10-05T16:48:09.5726863Z   2025-06-07: 2 problems
2026-10-05T16:48:09.9463204Z   2025-06-06: 2 problems
2026-10-05T16:48:10.3139811Z   2025-06-05: 2 problems
2026-10-05T16:48:10.5520783Z   2025-06-04: 2 problems
2026-10-05T16:48:10.8139395Z   2025-06-03: 2 problems
2026-10-05T16:48:11.1618706Z   2025-06-02: 2 problems
2026-10-05T16:48:11.4854935Z   2025-05-31: 2 problems
2026-10-05T16:48:11.8825227Z   2025-05-30: 2 problems
2026-10-05T16:48:12.2897896Z   2025-05-29: 2 problems
2026-10-05T16:48:12.6341234Z   2025-05-28: 2 problems
2026-10-05T16:48:12.9257055Z   2025-05-27: 2 problems
2026-10-05T16:48:13.3684658Z   2025-05-26: 2 problems
2026-10-05T16:48:13.6783835Z   2025-05-24: 2 problems
2026-10-05T16:48:13.9326465Z   2025-05-23: 2 problems
2026-10-05T16:48:14.2553224Z   2025-05-22: 2 problems
2026-10-05T16:48:14.6127340Z   2025-05-21: 2 problems
2026-10-05T16:48:14.9985421Z   2025-05-20: 2 problems
2026-10-05T16:48:15.3125152Z   2025-05-19: 2 problems
2026-10-05T16:48:15.5535363Z   2025-05-17: 2 problems
2026-10-05T16:48:15.9439932Z   2025-05-16: 2 problems
2026-10-05T16:48:16.3953889Z   2025-05-15: 2 problems
2026-10-05T16:48:16.6535419Z   2025-05-14: 2 problems
2026-10-05T16:48:17.0211881Z   2025-05-13: 2 problems
2026-10-05T16:48:17.3621613Z   2025-05-12: 2 problems
2026-10-05T16:48:17.6415705Z   2025-05-10: 2 problems
2026-10-05T16:48:17.9970334Z   2025-05-09: 2 problems
2026-10-05T16:48:18.3698791Z   2025-05-08: 2 problems
2026-10-05T16:48:18.6837104Z   2025-05-07: 2 problems
2026-10-05T16:48:19.0606911Z   2025-05-06: 2 problems
2026-10-05T16:48:19.4362865Z   2025-05-05: 2 problems
2026-10-05T16:48:19.8601214Z   2025-05-03: 2 problems
2026-10-05T16:48:20.2251631Z   2025-05-02: 2 problems
2026-10-05T16:48:20.5571332Z   2025-05-01: 2 problems
2026-10-05T16:48:20.9531193Z   2025-04-30: 2 problems
2026-10-05T16:48:21.3350757Z   2025-04-29: 2 problems
2026-10-05T16:48:21.6881715Z   2025-04-28: 2 problems
2026-10-05T16:48:22.0733324Z   2025-04-26: 2 problems
2026-10-05T16:48:22.6993541Z   2025-04-25: 2 problems
2026-10-05T16:48:22.9567799Z   2025-04-24: 2 problems
2026-10-05T16:48:23.2777496Z   2025-04-23: 2 problems
2026-10-05T16:48:23.5919255Z   2025-04-22: 2 problems
2026-10-05T16:48:23.8778084Z   2025-04-21: 2 problems
2026-10-05T16:48:24.1386206Z   2025-04-19: 2 problems
2026-10-05T16:48:24.4291844Z   2025-04-18: 2 problems
2026-10-05T16:48:24.7514395Z   2025-04-17: 2 problems
2026-10-05T16:48:25.0677969Z   2025-04-16: 2 problems
2026-10-05T16:48:25.3346141Z   2025-04-15: 2 problems
2026-10-05T16:48:25.6398381Z   2025-04-14: 2 problems
2026-10-05T16:48:25.9043020Z   2025-04-12: 2 problems
2026-10-05T16:48:26.2173241Z   2025-04-11: 2 problems
2026-10-05T16:48:26.5166521Z   2025-04-10: 2 problems
2026-10-05T16:48:26.8057169Z   2025-04-09: 2 problems
2026-10-05T16:48:27.1261033Z   2025-04-08: 2 problems
2026-10-05T16:48:27.5434948Z   2025-04-07: 2 problems
2026-10-05T16:48:27.8383397Z   2025-04-05: 2 problems
2026-10-05T16:48:28.1312701Z   2025-04-04: 2 problems
2026-10-05T16:48:28.3934354Z   2025-04-03: 2 problems
2026-10-05T16:48:28.6948661Z   2025-04-02: 2 problems
2026-10-05T16:48:29.0194862Z   2025-04-01: 2 problems
2026-10-05T16:48:29.3351153Z   2025-03-31: 2 problems
2026-10-05T16:48:29.6569399Z   2025-03-29: 2 problems
2026-10-05T16:48:29.9682964Z   2025-03-28: 2 problems
2026-10-05T16:48:30.2630241Z   2025-03-27: 2 problems
2026-10-05T16:48:30.5560253Z   2025-03-26: 2 problems
2026-10-05T16:48:30.8263274Z   2025-03-25: 2 problems
2026-10-05T16:48:31.1115565Z   2025-03-24: 2 problems
2026-10-05T16:48:31.4173978Z   2025-03-22: 2 problems
2026-10-05T16:48:31.6652646Z   2025-03-21: 2 problems
2026-10-05T16:48:31.9633954Z   2025-03-20: 2 problems
2026-10-05T16:48:32.2219634Z   2025-03-19: 2 problems
2026-10-05T16:48:32.5176706Z   2025-03-18: 2 problems
2026-10-05T16:48:32.8069473Z   2025-03-17: 2 problems
2026-10-05T16:48:33.0357201Z   2025-03-15: 2 problems
2026-10-05T16:48:33.3126979Z   2025-03-14: 2 problems
2026-10-05T16:48:33.6678588Z   2025-03-13: 2 problems
2026-10-05T16:48:33.9569295Z   2025-03-12: 2 problems
2026-10-05T16:48:34.2736504Z   2025-03-11: 2 problems
2026-10-05T16:48:34.6312781Z   2025-03-10: 2 problems
2026-10-05T16:48:34.9318999Z   2025-03-08: 2 problems
2026-10-05T16:48:35.2168215Z   2025-03-07: 2 problems
2026-10-05T16:48:35.5102167Z   2025-03-06: 2 problems
2026-10-05T16:48:35.8193354Z   2025-03-05: 2 problems
2026-10-05T16:48:36.1241477Z   2025-03-04: 2 problems
2026-10-05T16:48:36.3974084Z   2025-03-03: 2 problems
2026-10-05T16:48:36.7676089Z   2025-03-01: 2 problems
2026-10-05T16:48:37.0375370Z   2025-02-28: 2 problems
2026-10-05T16:48:37.3192736Z   2025-02-27: 2 problems
2026-10-05T16:48:37.6152002Z   2025-02-26: 2 problems
2026-10-05T16:48:37.9040687Z   2025-02-25: 2 problems
2026-10-05T16:48:38.1825427Z   2025-02-24: 2 problems
2026-10-05T16:48:38.4341352Z   2025-02-22: 2 problems
2026-10-05T16:48:38.7350125Z   2025-02-21: 2 problems
2026-10-05T16:48:38.9673375Z   2025-02-20: 2 problems
2026-10-05T16:48:39.2283078Z   2025-02-19: 2 problems
2026-10-05T16:48:39.4844102Z   2025-02-18: 2 problems
2026-10-05T16:48:39.7507901Z   2025-02-17: 2 problems
2026-10-05T16:48:39.9755764Z   2025-02-15: 2 problems
2026-10-05T16:48:40.2280336Z   2025-02-14: 2 problems
2026-10-05T16:48:40.4760468Z   2025-02-13: 2 problems
2026-10-05T16:48:40.7203279Z   2025-02-12: 2 problems
2026-10-05T16:48:41.0173348Z   2025-02-11: 2 problems
2026-10-05T16:48:41.2955368Z   2025-02-10: 2 problems
2026-10-05T16:48:41.5771419Z   2025-02-08: 2 problems
2026-10-05T16:48:41.8301095Z   2025-02-07: 2 problems
2026-10-05T16:48:42.0978472Z   2025-02-06: 2 problems
2026-10-05T16:48:42.3397891Z   2025-02-05: 2 problems
2026-10-05T16:48:42.6139909Z   2025-02-04: 2 problems
2026-10-05T16:48:42.8555785Z   2025-02-03: 2 problems
2026-10-05T16:48:43.0836230Z   2025-02-01: 2 problems
2026-10-05T16:48:43.3472609Z   2025-01-31: 2 problems
2026-10-05T16:48:43.5816735Z   2025-01-30: 2 problems
2026-10-05T16:48:43.8327305Z   2025-01-29: 2 problems
2026-10-05T16:48:44.0853985Z   2025-01-28: 2 problems
2026-10-05T16:48:44.3210196Z   2025-01-27: 2 problems
2026-10-05T16:48:44.5616545Z   2025-01-25: 2 problems
2026-10-05T16:48:44.8026122Z   2025-01-24: 2 problems
2026-10-05T16:48:45.0774122Z   2025-01-23: 2 problems
2026-10-05T16:48:45.3322177Z   2025-01-22: 2 problems
2026-10-05T16:48:45.5792401Z   2025-01-21: 2 problems
2026-10-05T16:48:45.8377449Z   2025-01-20: 2 problems
2026-10-05T16:48:46.1167876Z   2025-01-18: 2 problems
2026-10-05T16:48:46.3776460Z   2025-01-17: 2 problems
2026-10-05T16:48:46.6036089Z   2025-01-16: 2 problems
2026-10-05T16:48:46.8502194Z   2025-01-15: 2 problems
2026-10-05T16:48:47.0827835Z   2025-01-14: 2 problems
2026-10-05T16:48:47.3328799Z   2025-01-13: 2 problems
2026-10-05T16:48:47.5546604Z   2025-01-11: 2 problems
2026-10-05T16:48:47.8177911Z   2025-01-10: 2 problems
2026-10-05T16:48:48.0606834Z   2025-01-09: 2 problems
2026-10-05T16:48:48.3031010Z   2025-01-08: 2 problems
2026-10-05T16:48:48.5576921Z   2025-01-07: 2 problems
2026-10-05T16:48:48.8138716Z   2025-01-06: 2 problems
2026-10-05T16:48:49.0645938Z   2025-01-04: 2 problems
2026-10-05T16:48:49.3261879Z   2025-01-03: 2 problems
2026-10-05T16:48:49.6239618Z   2025-01-02: 2 problems
2026-10-05T16:48:49.8741863Z   2025-01-01: 2 problems
2026-10-05T16:48:50.1388130Z   2024-12-31: 2 problems
2026-10-05T16:48:50.4029944Z   2024-12-30: 2 problems
2026-10-05T16:48:50.6588278Z   2024-12-28: 2 problems
2026-10-05T16:48:50.9949020Z   2024-12-27: 2 problems
2026-10-05T16:48:51.2568423Z   2024-12-26: 2 problems
2026-10-05T16:48:51.5491044Z   2024-12-25: 2 problems
2026-10-05T16:48:51.8048199Z   2024-12-24: 2 problems
2026-10-05T16:48:52.1053402Z   2024-12-23: 2 problems
2026-10-05T16:48:52.3657150Z   2024-12-21: 2 problems
2026-10-05T16:48:52.6086250Z   2024-12-20: 2 problems
2026-10-05T16:48:52.9072626Z   2024-12-19: 2 problems
2026-10-05T16:48:53.1417244Z   2024-12-18: 2 problems
2026-10-05T16:48:53.3801906Z   2024-12-17: 2 problems
2026-10-05T16:48:53.6044595Z   2024-12-16: 2 problems
2026-10-05T16:48:53.8447735Z   2024-12-14: 2 problems
2026-10-05T16:48:54.1204244Z   2024-12-13: 2 problems
2026-10-05T16:48:54.3477730Z   2024-12-12: 2 problems
2026-10-05T16:48:54.5878451Z   2024-12-11: 2 problems
2026-10-05T16:48:54.8452403Z   2024-12-10: 2 problems
2026-10-05T16:48:55.1325563Z   2024-12-09: 2 problems
2026-10-05T16:48:55.3579626Z   2024-12-07: 2 problems
2026-10-05T16:48:55.6705885Z   2024-12-06: 2 problems
2026-10-05T16:48:55.9449418Z   2024-12-05: 2 problems
2026-10-05T16:48:56.1972637Z   2024-12-04: 2 problems
2026-10-05T16:48:56.4808590Z   2024-12-03: 2 problems
2026-10-05T16:48:56.7412711Z   2024-12-02: 2 problems
2026-10-05T16:48:56.9994273Z   2024-11-30: 2 problems
2026-10-05T16:48:57.2612659Z   2024-11-29: 2 problems
2026-10-05T16:48:57.5095714Z   2024-11-28: 2 problems
2026-10-05T16:48:57.7417636Z   2024-11-27: 2 problems
2026-10-05T16:48:58.0175228Z   2024-11-26: 2 problems
2026-10-05T16:48:58.2906560Z   2024-11-25: 2 problems
2026-10-05T16:48:58.5272039Z   2024-11-23: 2 problems
2026-10-05T16:48:58.8101945Z   2024-11-22: 2 problems
2026-10-05T16:48:58.9651363Z   2024-11-21: 2 problems
2026-10-05T16:48:59.1930474Z   2024-11-20: 2 problems
2026-10-05T16:48:59.4559584Z   2024-11-19: 2 problems
2026-10-05T16:48:59.6863771Z   2024-11-18: 2 problems
2026-10-05T16:48:59.9197355Z   2024-11-16: 2 problems
2026-10-05T16:49:00.1988885Z   2024-11-15: 2 problems
2026-10-05T16:49:00.4592202Z   2024-11-14: 2 problems
2026-10-05T16:49:00.6852658Z   2024-11-13: 2 problems
2026-10-05T16:49:01.0923923Z   2024-11-12: 2 problems
2026-10-05T16:49:01.4958959Z   2024-11-11: 2 problems
2026-10-05T16:49:01.8199304Z   2024-11-09: 2 problems
2026-10-05T16:49:02.2507371Z   2024-11-08: 2 problems
2026-10-05T16:49:02.6359049Z   2024-11-07: 2 problems
2026-10-05T16:49:02.9463567Z   2024-11-06: 2 problems
2026-10-05T16:49:03.3268660Z   2024-11-05: 2 problems
2026-10-05T16:49:03.6965704Z   2024-11-04: 2 problems
2026-10-05T16:49:04.0002786Z   2024-11-02: 2 problems
2026-10-05T16:49:04.2302925Z   2024-11-01: 2 problems
2026-10-05T16:49:04.4861632Z   2024-10-31: 2 problems
2026-10-05T16:49:04.7996752Z   2024-10-30: 2 problems
2026-10-05T16:49:05.0754163Z   2024-10-29: 2 problems
2026-10-05T16:49:05.3958467Z   2024-10-28: 2 problems
2026-10-05T16:49:05.6931207Z   2024-10-26: 2 problems
2026-10-05T16:49:05.9766982Z   2024-10-25: 2 problems
2026-10-05T16:49:06.2854740Z   2024-10-24: 2 problems
2026-10-05T16:49:06.5595277Z   2024-10-23: 2 problems
2026-10-05T16:49:06.9066096Z   2024-10-22: 2 problems
2026-10-05T16:49:07.2250104Z   2024-10-21: 2 problems
2026-10-05T16:49:07.5641744Z   2024-10-19: 2 problems
2026-10-05T16:49:07.9647853Z   2024-10-18: 2 problems
2026-10-05T16:49:08.3635572Z   2024-10-17: 2 problems
2026-10-05T16:49:08.7460231Z   2024-10-16: 2 problems
2026-10-05T16:49:09.1114562Z   2024-10-15: 2 problems
2026-10-05T16:49:09.4399579Z   2024-10-14: 2 problems
2026-10-05T16:49:09.9000248Z   2024-10-12: 2 problems
2026-10-05T16:49:10.2117704Z   2024-10-11: 2 problems
2026-10-05T16:49:10.5729065Z   2024-10-10: 2 problems
2026-10-05T16:49:10.8690928Z   2024-10-09: 2 problems
2026-10-05T16:49:11.2238145Z   2024-10-08: 2 problems
2026-10-05T16:49:11.6053712Z   2024-10-07: 2 problems
2026-10-05T16:49:11.8412138Z   2024-10-05: 2 problems
2026-10-05T16:49:12.2107663Z   2024-10-04: 2 problems
2026-10-05T16:49:12.5595282Z   2024-10-03: 2 problems
2026-10-05T16:49:12.7906140Z   2024-10-02: 2 problems
2026-10-05T16:49:13.1139484Z   2024-10-01: 2 problems
2026-10-05T16:49:13.4742739Z   2024-09-30: 2 problems
2026-10-05T16:49:13.7940341Z   2024-09-28: 2 problems
2026-10-05T16:49:14.0646369Z   2024-09-27: 2 problems
2026-10-05T16:49:14.4179939Z   2024-09-26: 2 problems
2026-10-05T16:49:14.7567604Z   2024-09-25: 2 problems
2026-10-05T16:49:15.0236003Z   2024-09-24: 2 problems
2026-10-05T16:49:15.3327498Z   2024-09-23: 2 problems
2026-10-05T16:49:15.7142132Z   2024-09-21: 2 problems
2026-10-05T16:49:16.1218394Z   2024-09-20: 2 problems
2026-10-05T16:49:16.5004887Z   2024-09-19: 2 problems
2026-10-05T16:49:16.8213865Z   2024-09-18: 2 problems
2026-10-05T16:49:17.1918675Z   2024-09-17: 2 problems
2026-10-05T16:49:17.6060800Z   2024-09-16: 2 problems
2026-10-05T16:49:18.0841736Z   2024-09-14: 2 problems
2026-10-05T16:49:18.6561632Z   2024-09-13: 2 problems
2026-10-05T16:49:19.0485963Z   2024-09-12: 2 problems
2026-10-05T16:49:19.5197161Z   2024-09-11: 2 problems
2026-10-05T16:49:19.8276549Z   2024-09-10: 2 problems
2026-10-05T16:49:20.1757678Z   2024-09-09: 2 problems
2026-10-05T16:49:20.5538837Z   2024-09-07: 2 problems
2026-10-05T16:49:20.9060853Z   2024-09-06: 2 problems
2026-10-05T16:49:21.2956352Z   2024-09-05: 2 problems
2026-10-05T16:49:21.6821479Z   2024-09-04: 2 problems
2026-10-05T16:49:22.0879206Z   2024-09-03: 2 problems
2026-10-05T16:49:22.4345991Z   2024-09-02: 2 problems
2026-10-05T16:49:22.8487576Z   2024-08-31: 2 problems
2026-10-05T16:49:23.2472955Z   2024-08-30: 2 problems
2026-10-05T16:49:23.7172846Z   2024-08-29: 2 problems
2026-10-05T16:49:24.1596703Z   2024-08-28: 2 problems
2026-10-05T16:49:24.5476027Z   2024-08-27: 2 problems
2026-10-05T16:49:24.9012889Z   2024-08-26: 2 problems
2026-10-05T16:49:25.3487090Z   2024-08-24: 2 problems
2026-10-05T16:49:25.7637404Z   2024-08-23: 2 problems
2026-10-05T16:49:26.1641921Z   2024-08-22: 2 problems
2026-10-05T16:49:26.5260487Z   2024-08-21: 2 problems
2026-10-05T16:49:26.9643697Z   2024-08-20: 2 problems
2026-10-05T16:49:27.3493438Z   2024-08-19: 2 problems
2026-10-05T16:49:27.6985472Z   2024-08-17: 2 problems
2026-10-05T16:49:28.0771325Z   2024-08-16: 2 problems
2026-10-05T16:49:28.4115043Z   2024-08-15: 2 problems
2026-10-05T16:49:28.7602988Z   2024-08-14: 2 problems
2026-10-05T16:49:29.1661684Z   2024-08-13: 2 problems
2026-10-05T16:49:29.5492557Z   2024-08-12: 2 problems
2026-10-05T16:49:29.9446818Z   2024-08-10: 2 problems
2026-10-05T16:49:30.3469510Z   2024-08-09: 2 problems
2026-10-05T16:49:30.6927609Z   2024-08-08: 2 problems
2026-10-05T16:49:31.0157579Z   2024-08-07: 2 problems
2026-10-05T16:49:31.3671176Z   2024-08-06: 2 problems
2026-10-05T16:49:31.6506393Z   2024-08-05: 2 problems
2026-10-05T16:49:31.9316567Z   2024-08-03: 2 problems
2026-10-05T16:49:32.2769803Z   2024-08-02: 2 problems
2026-10-05T16:49:32.5931624Z   2024-08-01: 2 problems
2026-10-05T16:49:32.8921739Z   2024-07-31: 2 problems
2026-10-05T16:49:33.1621186Z   2024-07-30: 2 problems
2026-10-05T16:49:33.4480675Z   2024-07-29: 2 problems
2026-10-05T16:49:33.6951477Z   2024-07-27: 2 problems
2026-10-05T16:49:33.9250148Z   2024-07-26: 2 problems
2026-10-05T16:49:34.2364766Z   2024-07-25: 2 problems
2026-10-05T16:49:34.5082793Z   2024-07-24: 2 problems
2026-10-05T16:49:34.8217413Z   2024-07-23: 2 problems
2026-10-05T16:49:35.1328421Z   2024-07-22: 2 problems
2026-10-05T16:49:35.4197146Z   2024-07-20: 2 problems
2026-10-05T16:49:35.6984078Z   2024-07-19: 2 problems
2026-10-05T16:49:36.0159139Z   2024-07-18: 2 problems
2026-10-05T16:49:36.2662495Z   2024-07-17: 2 problems
2026-10-05T16:49:36.5339397Z   2024-07-16: 2 problems
2026-10-05T16:49:36.8886750Z   2024-07-15: 2 problems
2026-10-05T16:49:37.2026127Z   2024-07-13: 2 problems
2026-10-05T16:49:37.4248634Z   2024-07-12: 2 problems
2026-10-05T16:49:37.7053387Z   2024-07-11: 2 problems
2026-10-05T16:49:37.9836954Z   2024-07-10: 2 problems
2026-10-05T16:49:38.2643212Z   2024-07-09: 2 problems
2026-10-05T16:49:38.6010223Z   2024-07-08: 2 problems
2026-10-05T16:49:38.8569409Z   2024-07-06: 2 problems
2026-10-05T16:49:39.1372461Z   2024-07-05: 2 problems
2026-10-05T16:49:39.4132630Z   2024-07-04: 2 problems
2026-10-05T16:49:39.6805392Z   2024-07-03: 2 problems
2026-10-05T16:49:40.0183630Z   2024-07-02: 2 problems
2026-10-05T16:49:40.2636505Z   2024-07-01: 2 problems
2026-10-05T16:49:40.5812752Z   2024-06-29: 2 problems
2026-10-05T16:49:40.8590036Z   2024-06-28: 2 problems
2026-10-05T16:49:41.0912655Z   2024-06-27: 2 problems
2026-10-05T16:49:41.4030462Z   2024-06-26: 2 problems
2026-10-05T16:49:41.7100008Z   2024-06-25: 2 problems
2026-10-05T16:49:41.9706378Z   2024-06-24: 2 problems
2026-10-05T16:49:42.2526911Z   2024-06-22: 2 problems
2026-10-05T16:49:42.5583871Z   2024-06-21: 2 problems
2026-10-05T16:49:42.8616164Z   2024-06-20: 2 problems
2026-10-05T16:49:43.1777642Z   2024-06-19: 2 problems
2026-10-05T16:49:43.4897113Z   2024-06-18: 2 problems
2026-10-05T16:49:43.7785081Z   2024-06-17: 2 problems
2026-10-05T16:49:44.0266309Z   2024-06-15: 2 problems
2026-10-05T16:49:44.3705282Z   2024-06-14: 2 problems
2026-10-05T16:49:44.7050983Z   2024-06-13: 2 problems
2026-10-05T16:49:44.9982765Z   2024-06-12: 2 problems
2026-10-05T16:49:45.2677503Z   2024-06-11: 2 problems
2026-10-05T16:49:45.5348829Z   2024-06-10: 2 problems
2026-10-05T16:49:45.8543984Z   2024-06-08: 2 problems
2026-10-05T16:49:46.1798238Z   2024-06-07: 2 problems
2026-10-05T16:49:46.5142471Z   2024-06-06: 2 problems
2026-10-05T16:49:46.8460186Z   2024-06-05: 2 problems
2026-10-05T16:49:47.1633023Z   2024-06-04: 2 problems
2026-10-05T16:49:47.4282721Z   2024-06-03: 2 problems
2026-10-05T16:49:47.7946777Z   2024-06-01: 2 problems
2026-10-05T16:49:48.1068347Z   2024-05-31: 2 problems
2026-10-05T16:49:48.4202355Z   2024-05-30: 2 problems
2026-10-05T16:49:48.7159268Z   2024-05-29: 2 problems
2026-10-05T16:49:49.0301276Z   2024-05-28: 2 problems
2026-10-05T16:49:49.3566070Z   2024-05-27: 2 problems
2026-10-05T16:49:49.6164346Z   2024-05-25: 2 problems
2026-10-05T16:49:49.9344465Z   2024-05-24: 2 problems
2026-10-05T16:49:50.2509498Z   2024-05-23: 2 problems
2026-10-05T16:49:50.5768490Z   2024-05-22: 2 problems
2026-10-05T16:49:50.8497530Z   2024-05-21: 2 problems
2026-10-05T16:49:51.1380336Z   2024-05-20: 2 problems
2026-10-05T16:49:51.4342619Z   2024-05-18: 2 problems
2026-10-05T16:49:51.6792496Z   2024-05-17: 2 problems
2026-10-05T16:49:52.0340180Z   2024-05-16: 2 problems
2026-10-05T16:49:52.7544299Z   2024-05-15: 2 problems
2026-10-05T16:49:53.1686446Z   2024-05-14: 2 problems
2026-10-05T16:49:53.4384936Z   2024-05-13: 2 problems
2026-10-05T16:49:53.7216267Z   2024-05-11: 2 problems
2026-10-05T16:49:53.9957456Z   2024-05-10: 2 problems
2026-10-05T16:49:54.2861764Z   2024-05-09: 2 problems
2026-10-05T16:49:54.5564467Z   2024-05-08: 2 problems
2026-10-05T16:49:54.8130308Z   2024-05-07: 2 problems
2026-10-05T16:49:55.1212738Z   2024-05-06: 2 problems
2026-10-05T16:49:55.6227733Z   2024-05-04: 2 problems
2026-10-05T16:49:55.9095713Z   2024-05-03: 2 problems
2026-10-05T16:49:56.1833396Z   2024-05-02: 2 problems
2026-10-05T16:49:56.4600226Z   2024-05-01: 2 problems
2026-10-05T16:49:56.7767955Z   2024-04-30: 2 problems
2026-10-05T16:49:57.0996829Z   2024-04-29: 2 problems
2026-10-05T16:49:57.3991147Z   2024-04-27: 2 problems
2026-10-05T16:49:57.6836694Z   2024-04-26: 2 problems
2026-10-05T16:49:57.9718054Z   2024-04-25: 2 problems
2026-10-05T16:49:58.2388424Z   2024-04-24: 2 problems
2026-10-05T16:49:58.4859371Z   2024-04-23: 2 problems
2026-10-05T16:49:58.7252862Z   2024-04-22: 2 problems
2026-10-05T16:49:58.9546818Z   2024-04-20: 2 problems
2026-10-05T16:49:59.1764732Z   2024-04-19: 2 problems
2026-10-05T16:49:59.4018713Z   2024-04-18: 2 problems
2026-10-05T16:49:59.6589478Z   2024-04-17: 2 problems
2026-10-05T16:49:59.9011871Z   2024-04-16: 2 problems
2026-10-05T16:50:00.1464328Z   2024-04-15: 2 problems
2026-10-05T16:50:00.3796480Z   2024-04-13: 2 problems
2026-10-05T16:50:00.6110459Z   2024-04-12: 2 problems
2026-10-05T16:50:00.8562866Z   2024-04-11: 2 problems
2026-10-05T16:50:01.1105685Z   2024-04-10: 2 problems
2026-10-05T16:50:01.3376781Z   2024-04-09: 2 problems
2026-10-05T16:50:01.6053366Z   2024-04-08: 2 problems
2026-10-05T16:50:01.8770733Z   2024-04-06: 2 problems
2026-10-05T16:50:02.1635975Z   2024-04-05: 2 problems
2026-10-05T16:50:02.4208800Z   2024-04-04: 2 problems
2026-10-05T16:50:02.6708611Z   2024-04-03: 2 problems
2026-10-05T16:50:02.9263966Z   2024-04-02: 2 problems
2026-10-05T16:50:03.2399555Z   2024-04-01: 2 problems
2026-10-05T16:50:03.4922922Z   2024-03-30: 2 problems
2026-10-05T16:50:03.7369132Z   2024-03-29: 2 problems
2026-10-05T16:50:04.0086506Z   2024-03-28: 2 problems
2026-10-05T16:50:04.2366559Z   2024-03-27: 2 problems
2026-10-05T16:50:04.4634908Z   2024-03-26: 2 problems
2026-10-05T16:50:04.6994149Z   2024-03-25: 2 problems
2026-10-05T16:50:04.9627246Z   2024-03-23: 2 problems
2026-10-05T16:50:05.2056455Z   2024-03-22: 2 problems
2026-10-05T16:50:05.5151952Z   2024-03-21: 2 problems
2026-10-05T16:50:05.7848300Z   2024-03-20: 2 problems
2026-10-05T16:50:06.0460806Z   2024-03-19: 2 problems
2026-10-05T16:50:06.2684719Z   2024-03-18: 2 problems
2026-10-05T16:50:06.4927387Z   2024-03-16: 2 problems
2026-10-05T16:50:06.7592016Z   2024-03-15: 2 problems
2026-10-05T16:50:07.0143469Z   2024-03-14: 2 problems
2026-10-05T16:50:07.3166725Z   2024-03-13: 2 problems
2026-10-05T16:50:07.5732378Z   2024-03-12: 2 problems
2026-10-05T16:50:07.8076381Z   2024-03-11: 2 problems
2026-10-05T16:50:08.0632700Z   2024-03-09: 2 problems
2026-10-05T16:50:08.3010753Z   2024-03-08: 2 problems
2026-10-05T16:50:08.5350562Z   2024-03-07: 2 problems
2026-10-05T16:50:08.7599357Z   2024-03-06: 2 problems
2026-10-05T16:50:08.9982079Z   2024-03-05: 2 problems
2026-10-05T16:50:09.2582054Z   2024-03-04: 2 problems
2026-10-05T16:50:09.5178086Z   2024-03-02: 2 problems
2026-10-05T16:50:09.7593742Z   2024-03-01: 2 problems
2026-10-05T16:50:10.0106575Z   2024-02-29: 2 problems
2026-10-05T16:50:10.2342001Z   2024-02-28: 2 problems
2026-10-05T16:50:10.4923068Z   2024-02-27: 2 problems
2026-10-05T16:50:10.7800220Z   2024-02-26: 2 problems
2026-10-05T16:50:10.7809869Z Building categories...
2026-10-05T16:50:12.8378629Z Wrote /home/runner/work/ys_problem_web/ys_problem_web/data/daily.json (815 days, 21 categories).
2026-10-05T16:50:12.8379469Z Syncing leaderboard (records.js from gh-pages)...
2026-10-05T16:50:12.9221697Z   ✓ 361 players, data through 2026-10-03 (unchanged)
2026-10-05T16:50:12.9222241Z LEADERBOARD-SYNC {"changed":false,"players":361,"currentDate":"2026-10-03"}
2026-10-05T16:50:12.9410330Z ##[group]Run node scripts/translate-ai.mjs
2026-10-05T16:50:12.9410697Z [36;1mnode scripts/translate-ai.mjs[0m
2026-10-05T16:50:12.9473139Z shell: /usr/bin/bash -e {0}
2026-10-05T16:50:12.9473396Z env:
2026-10-05T16:50:12.9473772Z   AI_BASE_URL: ***
2026-10-05T16:50:12.9474123Z   AI_API_KEY: ***
2026-10-05T16:50:12.9474350Z   AI_MODEL: deepseek-v4-flash
2026-10-05T16:50:12.9474613Z   AI_TRANSLATE_LIMIT: 60
2026-10-05T16:50:12.9474840Z ##[endgroup]
2026-10-05T16:50:12.9842645Z (node:3737) [MODULE_TYPELESS_PACKAGE_JSON] Warning: Module type of file:///home/runner/work/ys_problem_web/ys_problem_web/lib/mt-protect.js is not specified and it doesn't parse as CommonJS.
2026-10-05T16:50:12.9844001Z Reparsing as ES module because module syntax was detected. This incurs a performance overhead.
2026-10-05T16:50:12.9844931Z To eliminate this warning, add "type": "module" to /home/runner/work/ys_problem_web/ys_problem_web/package.json.
2026-10-05T16:50:12.9845924Z (Use `node --trace-warnings ...` to show where the warning was created)
2026-10-05T16:50:13.0803305Z GYM101047F: 15 segment(s) to translate
2026-10-05T16:50:19.7848517Z   ✓ title[0]: F. 与 Rajasi 战斗… [tokens in=108 out=214 cached=0]
2026-10-05T16:50:29.5706568Z   ✓ legend[0]: 泰拳是一种起源于泰国的武术。许多泰拳练习者成为了泰国人民中的传奇。在这些传奇拳手中，乃克侬东被认… [tokens in=147 out=970 cached=0]
2026-10-05T16:50:44.5186253Z   ✓ legend[1]: 缅甸国王孟拉让战俘乃克侬东与缅甸最优秀的拳手之一决斗，以评判他们的格斗风格。乃克侬东轻松击败了对… [tokens in=212 out=1587 cached=0]
2026-10-05T16:50:50.2164407Z   ✓ legend[2]: 这个故事代代相传。有些人甚至相信奈·坎侬·汤姆能击败任意数量的对手，甚至是泰国神话中的生物。… [tokens in=132 out=205 cached=0]
2026-10-05T16:51:07.2630462Z   ✓ legend[3]: 作为一名狂热的泰拳迷，你想验证这个说法。假设 Nai Khanom Tom 有 H 点生命值，并… [tokens in=221 out=2155 cached=0]
2026-10-05T16:51:13.9401059Z   ✓ legend[4]: 给定一组 N 个 Rajasis 的描述，你必须判断 Nai Khanom Tom 能否击败他们… [tokens in=147 out=380 cached=0]
2026-10-05T16:51:18.6742949Z   ✓ input[0]: 第一行有一个整数 T，表示测试用例的数量。… [tokens in=117 out=231 cached=0]
2026-10-05T16:51:24.7008493Z   ✓ input[1]: 对于每个测试用例，第一行包含三个以空格分隔的整数 N、H 和 K，其中 H 是 Nai 的初始生… [tokens in=153 out=273 cached=0]
2026-10-05T16:51:29.1476509Z   ✓ input[2]: 限制… [tokens in=104 out=147 cached=0]
2026-10-05T16:51:32.6168084Z   ✓ input[3]: 1 ≤ T ≤ 100… [tokens in=111 out=42 cached=0]
2026-10-05T16:51:35.9058704Z   ✓ input[4]: 1 ≤ N ≤ 2·103… [tokens in=113 out=91 cached=0]
2026-10-05T16:51:39.2522438Z   ✓ input[5]: 0 ≤ K ≤ N… [tokens in=111 out=38 cached=0]
2026-10-05T16:51:43.9261175Z   ✓ input[6]: 所有测试用例中 N 的总和不会超过 2·104。… [tokens in=118 out=255 cached=0]
2026-10-05T16:51:47.8548505Z   ✓ input[7]: 0 ≤ H, xi, yi ≤ 109… [tokens in=117 out=137 cached=0]
2026-10-05T16:51:52.4085229Z   ✓ output[0]: 对于每个测试用例，如果 Nai Khanom Tom 有可能击败所有 Rajasis，则输出一行… [tokens in=133 out=260 cached=0]
2026-10-05T16:51:52.7107704Z GYM103627C: 6 segment(s) to translate
2026-10-05T16:51:56.7290738Z   ✓ title[0]: C. AND PLUS OR… [tokens in=107 out=180 cached=0]
2026-10-05T16:52:01.1609430Z   ✓ legend[0]: 对于两个非负整数a,b$$$a, b$$$，令a∧b$$$a \wedge b$$$为它们的按位… [tokens in=139 out=260 cached=0]
2026-10-05T16:52:29.1834907Z   ✗ legend[1] — placeholder mangled
2026-10-05T16:52:36.5885899Z   ✓ input[0]: 第一行包含一个整数 N$$$N$$$ (0≤N≤20$$$0 \leq N \leq 20$$$… [tokens in=121 out=433 cached=0]
2026-10-05T16:52:47.1395004Z   ✓ input[1]: 第二行包含 2N$$$2^N$$$ 个整数：A0,A1,…,A2N−1$$$A_0, A_1, … [tokens in=136 out=1231 cached=0]
2026-10-05T16:52:54.0026635Z   ✓ output[0]: 如果有答案，输出两个整数 i$$$i$$$ 和 j$$$j$$$ 表示该答案。数字 i$$$i$… [tokens in=157 out=708 cached=0]
2026-10-05T16:52:54.3162983Z GYM103426B: 1 segment(s) to translate
2026-10-05T16:52:58.2638910Z   ✓ note[4]: $$$4,3,1,2$$$;… [tokens in=105 out=121 cached=0]
2026-10-05T16:52:58.5658597Z GYM106687C: 8 segment(s) to translate
2026-10-05T16:53:02.2811452Z   ✓ legend[5]: 换言之，从 $$$S$$$ 中的三元组里删去任意一个坐标，都必须能产生另外两个坐标的所有可能配对… [tokens in=143 out=189 cached=0]
2026-10-05T16:53:07.6709649Z   ✓ input[0]: 第一行包含一个整数 $$$T$$$($$$1\le T\le 100$$$)，即测试用例的数量。… [tokens in=122 out=276 cached=0]
2026-10-05T16:53:16.3465585Z   ✓ input[1]: 对于每个测试用例，一行包含三个整数 $$$a,b,c$$$($$$1\le a\le 100$$… [tokens in=128 out=764 cached=0]
2026-10-05T16:53:20.7705524Z   ✓ output[0]: 对于每个测试用例，输出若干行：… [tokens in=111 out=83 cached=0]
2026-10-05T16:53:25.3096687Z   ✓ output[1]: 第一行包含一个整数 $$$m$$$，即 $$$|S|$$$ 的最小可能值。… [tokens in=121 out=231 cached=0]
2026-10-05T16:53:29.8439686Z   ✓ output[2]: 接下来的 $$$m$$$ 行每行包含三个整数 $$$x,y,z$$$，描述 $$$S$$$ 中的… [tokens in=126 out=301 cached=0]
2026-10-05T16:53:35.7897625Z   ✓ output[3]: $$$m$$$ 三元组必须两两不同。它们的顺序无关紧要。如果有多个最小大小的集合都合法，输出其中… [tokens in=134 out=210 cached=0]
2026-10-05T16:53:42.3555738Z   ✓ note[0]: 样例输出是其中一种可能的答案。其他合法的最小规模集合也会被接受。… [tokens in=119 out=415 cached=0]
2026-10-05T16:53:42.6572171Z GYM106687E: 15 segment(s) to translate
2026-10-05T16:53:45.7016623Z   ✓ title[0]: E. 编码最短路径… [tokens in=110 out=125 cached=0]
2026-10-05T16:53:50.1646336Z   ✓ legend[0]: 给定一张包含 $$$n$$$ 个顶点、$$$m$$$ 条边的无向图，顶点编号从 $$$1$$$ … [tokens in=161 out=146 cached=0]
2026-10-05T16:53:55.9705089Z   ✓ legend[1]: 考虑一条从顶点 $$$1$$$ 出发，并按此顺序经过权重为 $$$w_1,w_2,\dots,w… [tokens in=150 out=511 cached=0]
2026-10-05T16:54:02.3097904Z   ✓ legend[2]: $$$$$$ w_1\cdot k^{L-1}+w_2\cdot k^{L-2}+\cdots+… [tokens in=107 out=467 cached=0]
2026-10-05T16:54:06.0565400Z   ✓ legend[3]: 空游走的总权重为 $$$0$$$。… [tokens in=112 out=176 cached=0]
2026-10-05T16:54:11.1177551Z   ✓ legend[4]: 对于每个顶点 $$$v$$$，令 $$$\mathrm{dist}(v)$$$ 为从顶点 $$$… [tokens in=147 out=415 cached=0]
2026-10-05T16:54:16.2187429Z   ✓ legend[5]: 对于每个顶点 $$$v$$$，求 $$$\mathrm{dist}(v)$$$ 对 $$$998… [tokens in=119 out=326 cached=0]
2026-10-05T16:54:22.9125034Z   ✓ input[0]: 第一行包含一个整数 $$$T$$$($$$1\le T\le10^4$$$)，表示测试用例的数量… [tokens in=122 out=261 cached=0]
2026-10-05T16:54:26.8756723Z   ✓ input[1]: 对于每个测试用例：… [tokens in=107 out=178 cached=0]
2026-10-05T16:54:31.1902314Z   ✓ input[2]: 第一行包含三个整数 $$$n$$$、$$$m$$$ 和 $$$k$$$($$$1\le n\le… [tokens in=157 out=311 cached=0]
2026-10-05T16:54:34.7868080Z   ✓ input[3]: 接下来的 $$$m$$$ 行每行包含三个整数 $$$u$$$、$$$v$$$ 和 $$$w$$$… [tokens in=161 out=236 cached=0]
2026-10-05T16:54:41.3235358Z   ✓ input[4]: 保证所有测试用例中 $$$n$$$ 的总和不超过 $$$2\times10^5$$$，且所有测试… [tokens in=143 out=208 cached=0]
2026-10-05T16:54:47.8265107Z   ✓ output[0]: 对于每个测试用例，输出一行，包含 $$$n$$$ 个整数。对于每个 $$$1\le i\le n… [tokens in=161 out=542 cached=0]
2026-10-05T16:54:56.2381310Z   ✓ note[0]: 在样例中，空游走给出 $$$\mathrm{dist}(1)=0$$$。一条边的游走给出 $$$… [tokens in=128 out=867 cached=0]
2026-10-05T16:55:03.4358642Z   ✓ note[1]: 从顶点 $$$1$$$ 到顶点 $$$4$$$ 有两条长度为 2 的游走。它们的总权重分别为 $… [tokens in=152 out=475 cached=0]
2026-10-05T16:55:03.7364938Z GYM106598M: 13 segment(s) to translate
2026-10-05T16:55:08.8646994Z   ✓ title[0]: M. 多词… [tokens in=106 out=338 cached=0]
2026-10-05T16:55:15.5748398Z   ✓ legend[0]: 在穿越圣保罗的长途巴士旅途中，米格尔喜欢透过车窗观察路牌。路线似乎没有尽头：巴士穿过诸如 Ave… [tokens in=179 out=532 cached=0]
2026-10-05T16:55:19.8682425Z   ✓ legend[1]: ![](https://espresso.codeforces.com/dccdadc4fea4… [tokens in=105 out=119 cached=0]
2026-10-05T16:55:25.2929514Z   ✓ legend[2]: 在旅途中的某一时刻，当他穿过城市的一个区域时，他看到相同的字母序列 $$$s$$$ 重复了 $$… [tokens in=158 out=258 cached=0]
2026-10-05T16:55:32.6961476Z   ✓ legend[3]: 然而，在回家的路上，路线有所不同：首先出现的是内容为 $$$t$$$ 的标牌，重复 $$$q$$… [tokens in=175 out=838 cached=0]
2026-10-05T16:55:37.9857940Z   ✓ legend[4]: 给定一个字符串 $$$u$$$ 和一个非负整数 $$$k$$$，令 $$$u^k$$$ 为将 $… [tokens in=152 out=402 cached=0]
2026-10-05T16:55:45.7629427Z   ✓ legend[5]: 回顾一下，在字典序中，字符串 $$$a$$$ 小于字符串 $$$b$$$，如果在它们第一个不同的… [tokens in=173 out=674 cached=0]
2026-10-05T16:55:50.5217000Z   ✓ legend[6]: 你的任务是按字典序比较字符串 $$$s^p t^q$$$ 和 $$$t^q s^p$$$。… [tokens in=121 out=353 cached=0]
2026-10-05T16:55:54.7594777Z   ✓ input[0]: 输入的第一行包含字符串 $$$s$$$ 和 $$$t$$$。… [tokens in=120 out=167 cached=0]
2026-10-05T16:55:58.2975487Z   ✓ input[1]: 第二行包含整数 $$$p$$$ 和 $$$q$$$。… [tokens in=117 out=165 cached=0]
2026-10-05T16:56:02.5303439Z   ✓ input[2]: 字符串 $$$s$$$ 和 $$$t$$$ 非空，且仅由小写英文字母组成，并满足 $$$1 \l… [tokens in=129 out=288 cached=0]
2026-10-05T16:56:06.5544268Z   ✓ input[3]: 整数满足 $$$0 \leq p, q \leq 10^9$$$。… [tokens in=109 out=81 cached=0]
2026-10-05T16:56:11.2960640Z   ✓ output[0]: 输出必须包含一行一个字符：如果 $$$$$$s^p t^q$$$$$$ 和 $$$$$$t^q … [tokens in=152 out=256 cached=0]
2026-10-05T16:56:11.5963260Z GYM102201A: 12 segment(s) to translate
2026-10-05T16:56:16.8847720Z   ✓ title[0]: A. A 加等于 B… [tokens in=109 out=267 cached=0]
2026-10-05T16:56:22.5870442Z   ✓ legend[0]: A + B 是一道用于考察算法竞赛基础知识的题目。这里是它的又一个无聊变种。… [tokens in=130 out=380 cached=0]
2026-10-05T16:56:22.8865061Z Done: 59 segment(s) translated (hit limit 60).
2026-10-05T16:56:22.8866404Z ── AI Token 用量（本次运行）──
2026-10-05T16:56:22.8867506Z   模型 deepseek-v4-flash · 请求成功 59 / 失败 1
2026-10-05T16:56:22.9003128Z   输入 7,885 + 输出 22,749 = 合计 30,634 tokens
2026-10-05T16:56:22.9004096Z   其中缓存命中 0 tokens（计费远低于未命中输入）
2026-10-05T16:56:22.9024098Z TOKEN-USAGE {"model":"deepseek-v4-flash","ok":59,"fail":1,"in":7885,"out":22749,"cached":0,"segments":[{"code":"GYM101047F","seg":"title[0]","in":108,"out":214,"cached":0},{"code":"GYM101047F","seg":"legend[0]","in":147,"out":970,"cached":0},{"code":"GYM101047F","seg":"legend[1]","in":212,"out":1587,"cached":0},{"code":"GYM101047F","seg":"legend[2]","in":132,"out":205,"cached":0},{"code":"GYM101047F","seg":"legend[3]","in":221,"out":2155,"cached":0},{"code":"GYM101047F","seg":"legend[4]","in":147,"out":380,"cached":0},{"code":"GYM101047F","seg":"input[0]","in":117,"out":231,"cached":0},{"code":"GYM101047F","seg":"input[1]","in":153,"out":273,"cached":0},{"code":"GYM101047F","seg":"input[2]","in":104,"out":147,"cached":0},{"code":"GYM101047F","seg":"input[3]","in":111,"out":42,"cached":0},{"code":"GYM101047F","seg":"input[4]","in":113,"out":91,"cached":0},{"code":"GYM101047F","seg":"input[5]","in":111,"out":38,"cached":0},{"code":"GYM101047F","seg":"input[6]","in":118,"out":255,"cached":0},{"code":"GYM101047F","seg":"input[7]","in":117,"out":137,"cached":0},{"code":"GYM101047F","seg":"output[0]","in":133,"out":260,"cached":0},{"code":"GYM103627C","seg":"title[0]","in":107,"out":180,"cached":0},{"code":"GYM103627C","seg":"legend[0]","in":139,"out":260,"cached":0},{"code":"GYM103627C","seg":"input[0]","in":121,"out":433,"cached":0},{"code":"GYM103627C","seg":"input[1]","in":136,"out":1231,"cached":0},{"code":"GYM103627C","seg":"output[0]","in":157,"out":708,"cached":0},{"code":"GYM103426B","seg":"note[4]","in":105,"out":121,"cached":0},{"code":"GYM106687C","seg":"legend[5]","in":143,"out":189,"cached":0},{"code":"GYM106687C","seg":"input[0]","in":122,"out":276,"cached":0},{"code":"GYM106687C","seg":"input[1]","in":128,"out":764,"cached":0},{"code":"GYM106687C","seg":"output[0]","in":111,"out":83,"cached":0},{"code":"GYM106687C","seg":"output[1]","in":121,"out":231,"cached":0},{"code":"GYM106687C","seg":"output[2]","in":126,"out":301,"cached":0},{"code":"GYM106687C","seg":"output[3]","in":134,"out":210,"cached":0},{"code":"GYM106687C","seg":"note[0]","in":119,"out":415,"cached":0},{"code":"GYM106687E","seg":"title[0]","in":110,"out":125,"cached":0},{"code":"GYM106687E","seg":"legend[0]","in":161,"out":146,"cached":0},{"code":"GYM106687E","seg":"legend[1]","in":150,"out":511,"cached":0},{"code":"GYM106687E","seg":"legend[2]","in":107,"out":467,"cached":0},{"code":"GYM106687E","seg":"legend[3]","in":112,"out":176,"cached":0},{"code":"GYM106687E","seg":"legend[4]","in":147,"out":415,"cached":0},{"code":"GYM106687E","seg":"legend[5]","in":119,"out":326,"cached":0},{"code":"GYM106687E","seg":"input[0]","in":122,"out":261,"cached":0},{"code":"GYM106687E","seg":"input[1]","in":107,"out":178,"cached":0},{"code":"GYM106687E","seg":"input[2]","in":157,"out":311,"cached":0},{"code":"GYM106687E","seg":"input[3]","in":161,"out":236,"cached":0},{"code":"GYM106687E","seg":"input[4]","in":143,"out":208,"cached":0},{"code":"GYM106687E","seg":"output[0]","in":161,"out":542,"cached":0},{"code":"GYM106687E","seg":"note[0]","in":128,"out":867,"cached":0},{"code":"GYM106687E","seg":"note[1]","in":152,"out":475,"cached":0},{"code":"GYM106598M","seg":"title[0]","in":106,"out":338,"cached":0},{"code":"GYM106598M","seg":"legend[0]","in":179,"out":532,"cached":0},{"code":"GYM106598M","seg":"legend[1]","in":105,"out":119,"cached":0},{"code":"GYM106598M","seg":"legend[2]","in":158,"out":258,"cached":0},{"code":"GYM106598M","seg":"legend[3]","in":175,"out":838,"cached":0},{"code":"GYM106598M","seg":"legend[4]","in":152,"out":402,"cached":0},{"code":"GYM106598M","seg":"legend[5]","in":173,"out":674,"cached":0},{"code":"GYM106598M","seg":"legend[6]","in":121,"out":353,"cached":0},{"code":"GYM106598M","seg":"input[0]","in":120,"out":167,"cached":0},{"code":"GYM106598M","seg":"input[1]","in":117,"out":165,"cached":0},{"code":"GYM106598M","seg":"input[2]","in":129,"out":288,"cached":0},{"code":"GYM106598M","seg":"input[3]","in":109,"out":81,"cached":0},{"code":"GYM106598M","seg":"output[0]","in":152,"out":256,"cached":0},{"code":"GYM102201A","seg":"title[0]","in":109,"out":267,"cached":0},{"code":"GYM102201A","seg":"legend[0]","in":130,"out":380,"cached":0}],"totalTokens":30634}
2026-10-05T16:56:22.9123938Z ##[group]Run CF_STATEMENTS=0 TRANSLATE=0 node scripts/update-data.mjs
2026-10-05T16:56:22.9124461Z [36;1mCF_STATEMENTS=0 TRANSLATE=0 node scripts/update-data.mjs[0m
2026-10-05T16:56:22.9187984Z shell: /usr/bin/bash -e {0}
2026-10-05T16:56:22.9188240Z env:
2026-10-05T16:56:22.9191347Z   GITHUB_TOKEN: ***
2026-10-05T16:56:22.9191593Z ##[endgroup]
2026-10-05T16:56:23.0515994Z Discovering daily problem folders...
2026-10-05T16:56:23.8404310Z Found 815 days, syncing the most recent 815.
2026-10-05T16:56:24.5637746Z   2026-10-06: 2 problems
2026-10-05T16:56:24.8671870Z   2026-10-05: 2 problems
2026-10-05T16:56:25.1831101Z   2026-10-03: 2 problems
2026-10-05T16:56:25.5650226Z   2026-10-02: 2 problems
2026-10-05T16:56:25.8525081Z   2026-10-01: 2 problems
2026-10-05T16:56:26.1096737Z   2026-09-30: 2 problems
2026-10-05T16:56:26.3643110Z   2026-09-29: 2 problems
2026-10-05T16:56:26.6806819Z   2026-09-28: 2 problems
2026-10-05T16:56:27.0370382Z   2026-09-26: 2 problems
2026-10-05T16:56:27.2785898Z   2026-09-25: 2 problems
2026-10-05T16:56:27.5218515Z   2026-09-24: 2 problems
2026-10-05T16:56:27.7858455Z   2026-09-23: 2 problems
2026-10-05T16:56:28.0366722Z   2026-09-22: 2 problems
2026-10-05T16:56:28.3459309Z   2026-09-21: 2 problems
2026-10-05T16:56:28.6302812Z   2026-09-19: 2 problems
2026-10-05T16:56:28.8549778Z   2026-09-18: 2 problems
2026-10-05T16:56:29.0949048Z   2026-09-17: 2 problems
2026-10-05T16:56:29.4724655Z   2026-09-16: 2 problems
2026-10-05T16:56:29.8004573Z   2026-09-15: 2 problems
2026-10-05T16:56:30.0300369Z   2026-09-14: 2 problems
2026-10-05T16:56:30.3072437Z   2026-09-12: 2 problems
2026-10-05T16:56:30.6732904Z   2026-09-11: 2 problems
2026-10-05T16:56:31.0366081Z   2026-09-10: 2 problems
2026-10-05T16:56:31.2834717Z   2026-09-09: 2 problems
2026-10-05T16:56:31.6536510Z   2026-09-08: 2 problems
2026-10-05T16:56:31.9326699Z   2026-09-07: 2 problems
2026-10-05T16:56:32.1797533Z   2026-09-05: 2 problems
2026-10-05T16:56:32.4314869Z   2026-09-04: 2 problems
2026-10-05T16:56:32.7223153Z   2026-09-03: 2 problems
2026-10-05T16:56:32.9702712Z   2026-09-02: 2 problems
2026-10-05T16:56:33.2538974Z   2026-09-01: 2 problems
2026-10-05T16:56:33.5315603Z   2026-08-31: 2 problems
2026-10-05T16:56:33.9035703Z   2026-08-29: 2 problems
2026-10-05T16:56:34.2265717Z   2026-08-28: 2 problems
2026-10-05T16:56:34.5082297Z   2026-08-27: 2 problems
2026-10-05T16:56:34.8337398Z   2026-08-26: 2 problems
2026-10-05T16:56:35.1527853Z   2026-08-25: 2 problems
2026-10-05T16:56:35.4377963Z   2026-08-24: 2 problems
2026-10-05T16:56:35.8000184Z   2026-08-22: 2 problems
2026-10-05T16:56:36.1159884Z   2026-08-21: 2 problems
2026-10-05T16:56:36.4252492Z   2026-08-20: 2 problems
2026-10-05T16:56:36.7162089Z   2026-08-19: 2 problems
2026-10-05T16:56:37.0792393Z   2026-08-18: 2 problems
2026-10-05T16:56:37.3734307Z   2026-08-17: 2 problems
2026-10-05T16:56:37.6541605Z   2026-08-15: 2 problems
2026-10-05T16:56:37.8904314Z   2026-08-14: 2 problems
2026-10-05T16:56:38.1919746Z   2026-08-13: 2 problems
2026-10-05T16:56:38.5109419Z   2026-08-12: 2 problems
2026-10-05T16:56:38.8850436Z   2026-08-11: 2 problems
2026-10-05T16:56:39.1378866Z   2026-08-10: 2 problems
2026-10-05T16:56:39.4686572Z   2026-08-08: 2 problems
2026-10-05T16:56:39.7749678Z   2026-08-07: 2 problems
2026-10-05T16:56:40.0705583Z   2026-08-06: 2 problems
2026-10-05T16:56:40.3263265Z   2026-08-05: 2 problems
2026-10-05T16:56:40.6419372Z   2026-08-04: 2 problems
2026-10-05T16:56:40.9880630Z   2026-08-03: 2 problems
2026-10-05T16:56:41.2542414Z   2026-08-01: 2 problems
2026-10-05T16:56:41.4119452Z   2026-07-31: 2 problems
2026-10-05T16:56:41.7088379Z   2026-07-30: 2 problems
2026-10-05T16:56:41.9404149Z   2026-07-29: 2 problems
2026-10-05T16:56:42.2623569Z   2026-07-28: 2 problems
2026-10-05T16:56:42.5988417Z   2026-07-27: 2 problems
2026-10-05T16:56:42.9502099Z   2026-07-25: 2 problems
2026-10-05T16:56:43.2542605Z   2026-07-24: 2 problems
2026-10-05T16:56:43.5575016Z   2026-07-23: 2 problems
2026-10-05T16:56:43.7850319Z   2026-07-22: 2 problems
2026-10-05T16:56:44.0530148Z   2026-07-21: 2 problems
2026-10-05T16:56:44.3029510Z   2026-07-16: 2 problems
2026-10-05T16:56:44.6866478Z   2026-07-15: 2 problems
2026-10-05T16:56:44.9636267Z   2026-07-14: 2 problems
2026-10-05T16:56:45.2819900Z   2026-07-13: 2 problems
2026-10-05T16:56:45.6281778Z   2026-07-11: 2 problems
2026-10-05T16:56:45.8729764Z   2026-07-10: 2 problems
2026-10-05T16:56:46.1787697Z   2026-07-09: 2 problems
2026-10-05T16:56:46.4129047Z   2026-07-08: 2 problems
2026-10-05T16:56:46.7048873Z   2026-07-07: 2 problems
2026-10-05T16:56:46.9718119Z   2026-07-06: 2 problems
2026-10-05T16:56:47.2448426Z   2026-07-04: 2 problems
2026-10-05T16:56:47.5092981Z   2026-07-03: 2 problems
2026-10-05T16:56:47.8532588Z   2026-07-02: 2 problems
2026-10-05T16:56:48.1620639Z   2026-07-01: 2 problems
2026-10-05T16:56:48.4368271Z   2026-06-30: 2 problems
2026-10-05T16:56:48.7549347Z   2026-06-29: 2 problems
2026-10-05T16:56:49.0373884Z   2026-06-27: 2 problems
2026-10-05T16:56:49.3324572Z   2026-06-26: 2 problems
2026-10-05T16:56:49.6726987Z   2026-06-25: 2 problems
2026-10-05T16:56:49.9400487Z   2026-06-24: 2 problems
2026-10-05T16:56:50.2560775Z   2026-06-23: 2 problems
2026-10-05T16:56:50.5822391Z   2026-06-22: 2 problems
2026-10-05T16:56:50.7917443Z   2026-06-20: 1 problems
2026-10-05T16:56:51.1231631Z   2026-06-19: 2 problems
2026-10-05T16:56:51.4660261Z   2026-06-18: 2 problems
2026-10-05T16:56:51.8365624Z   2026-06-17: 2 problems
2026-10-05T16:56:52.1743786Z   2026-06-16: 2 problems
2026-10-05T16:56:52.5220601Z   2026-06-15: 2 problems
2026-10-05T16:56:52.8086938Z   2026-06-13: 2 problems
2026-10-05T16:56:53.1524227Z   2026-06-12: 2 problems
2026-10-05T16:56:53.4649687Z   2026-06-11: 2 problems
2026-10-05T16:56:53.8093333Z   2026-06-10: 2 problems
2026-10-05T16:56:54.1284978Z   2026-06-09: 2 problems
2026-10-05T16:56:54.5299358Z   2026-06-08: 2 problems
2026-10-05T16:56:54.8811007Z   2026-06-06: 2 problems
2026-10-05T16:56:55.2107233Z   2026-06-05: 2 problems
2026-10-05T16:56:55.5975375Z   2026-06-04: 2 problems
2026-10-05T16:56:55.6891618Z   2026-06-03: 2 problems
2026-10-05T16:56:55.9938051Z   2026-06-02: 2 problems
2026-10-05T16:56:56.4591603Z   2026-06-01: 2 problems
2026-10-05T16:56:56.7801590Z   2026-05-30: 2 problems
2026-10-05T16:56:57.1269124Z   2026-05-29: 2 problems
2026-10-05T16:56:57.4515658Z   2026-05-28: 2 problems
2026-10-05T16:56:57.7614720Z   2026-05-27: 2 problems
2026-10-05T16:56:57.9765289Z   2026-05-26: 2 problems
2026-10-05T16:56:58.2998994Z   2026-05-25: 2 problems
2026-10-05T16:56:58.6132505Z   2026-05-23: 2 problems
2026-10-05T16:56:58.9736411Z   2026-05-22: 2 problems
2026-10-05T16:56:59.3659990Z   2026-05-21: 2 problems
2026-10-05T16:56:59.6699119Z   2026-05-20: 2 problems
2026-10-05T16:56:59.9937492Z   2026-05-19: 2 problems
2026-10-05T16:57:00.3027836Z   2026-05-18: 2 problems
2026-10-05T16:57:00.6156724Z   2026-05-16: 2 problems
2026-10-05T16:57:00.9566318Z   2026-05-15: 2 problems
2026-10-05T16:57:01.2910689Z   2026-05-14: 2 problems
2026-10-05T16:57:01.6142111Z   2026-05-13: 2 problems
2026-10-05T16:57:01.9881429Z   2026-05-12: 2 problems
2026-10-05T16:57:02.2968202Z   2026-05-11: 2 problems
2026-10-05T16:57:02.6146862Z   2026-05-09: 2 problems
2026-10-05T16:57:03.0056025Z   2026-05-08: 2 problems
2026-10-05T16:57:03.3298910Z   2026-05-07: 2 problems
2026-10-05T16:57:03.6824807Z   2026-05-06: 2 problems
2026-10-05T16:57:03.9976118Z   2026-05-05: 2 problems
2026-10-05T16:57:04.3187347Z   2026-05-04: 2 problems
2026-10-05T16:57:04.6430058Z   2026-05-02: 2 problems
2026-10-05T16:57:04.9538043Z   2026-05-01: 2 problems
2026-10-05T16:57:05.2624260Z   2026-04-30: 2 problems
2026-10-05T16:57:05.5733015Z   2026-04-29: 2 problems
2026-10-05T16:57:05.9133212Z   2026-04-28: 2 problems
2026-10-05T16:57:06.2657274Z   2026-04-27: 2 problems
2026-10-05T16:57:06.5679643Z   2026-04-25: 2 problems
2026-10-05T16:57:06.9611209Z   2026-04-24: 2 problems
2026-10-05T16:57:07.3208593Z   2026-04-23: 2 problems
2026-10-05T16:57:07.6168206Z   2026-04-22: 2 problems
2026-10-05T16:57:07.9893065Z   2026-04-21: 2 problems
2026-10-05T16:57:08.3418096Z   2026-04-20: 2 problems
2026-10-05T16:57:08.6709787Z   2026-04-18: 2 problems
2026-10-05T16:57:09.0222382Z   2026-04-17: 2 problems
2026-10-05T16:57:09.3461730Z   2026-04-16: 2 problems
2026-10-05T16:57:09.7017719Z   2026-04-15: 2 problems
2026-10-05T16:57:10.0231732Z   2026-04-14: 2 problems
2026-10-05T16:57:10.3441813Z   2026-04-13: 2 problems
2026-10-05T16:57:10.6664725Z   2026-04-11: 2 problems
2026-10-05T16:57:11.0231075Z   2026-04-10: 2 problems
2026-10-05T16:57:11.3007058Z   2026-04-09: 2 problems
2026-10-05T16:57:11.4959421Z   2026-04-08: 2 problems
2026-10-05T16:57:11.7277548Z   2026-04-07: 2 problems
2026-10-05T16:57:11.9830675Z   2026-04-06: 2 problems
2026-10-05T16:57:12.2555123Z   2026-04-04: 2 problems
2026-10-05T16:57:12.5820294Z   2026-04-03: 2 problems
2026-10-05T16:57:12.8332515Z   2026-04-02: 2 problems
2026-10-05T16:57:13.1469173Z   2026-04-01: 2 problems
2026-10-05T16:57:13.4298737Z   2026-03-31: 2 problems
2026-10-05T16:57:13.7071208Z   2026-03-30: 2 problems
2026-10-05T16:57:14.0778040Z   2026-03-28: 2 problems
2026-10-05T16:57:14.3568378Z   2026-03-27: 2 problems
2026-10-05T16:57:14.6200884Z   2026-03-26: 2 problems
2026-10-05T16:57:14.9125554Z   2026-03-25: 2 problems
2026-10-05T16:57:15.1986871Z   2026-03-24: 2 problems
2026-10-05T16:57:15.4764294Z   2026-03-23: 2 problems
2026-10-05T16:57:15.7342229Z   2026-03-21: 2 problems
2026-10-05T16:57:15.9858170Z   2026-03-20: 2 problems
2026-10-05T16:57:16.2327904Z   2026-03-19: 2 problems
2026-10-05T16:57:16.5356439Z   2026-03-18: 2 problems
2026-10-05T16:57:16.8209562Z   2026-03-17: 2 problems
2026-10-05T16:57:17.1227404Z   2026-03-16: 2 problems
2026-10-05T16:57:17.3549508Z   2026-03-14: 2 problems
2026-10-05T16:57:17.5930331Z   2026-03-13: 2 problems
2026-10-05T16:57:17.8442227Z   2026-03-12: 2 problems
2026-10-05T16:57:18.0842977Z   2026-03-11: 2 problems
2026-10-05T16:57:18.3318860Z   2026-03-10: 2 problems
2026-10-05T16:57:18.5588911Z   2026-03-09: 2 problems
2026-10-05T16:57:18.8544006Z   2026-03-07: 2 problems
2026-10-05T16:57:19.2056249Z   2026-03-06: 2 problems
2026-10-05T16:57:19.4591467Z   2026-03-05: 2 problems
2026-10-05T16:57:19.6979851Z   2026-03-04: 2 problems
2026-10-05T16:57:19.9246773Z   2026-03-03: 2 problems
2026-10-05T16:57:20.1739810Z   2026-03-02: 2 problems
2026-10-05T16:57:20.4231465Z   2026-02-28: 2 problems
2026-10-05T16:57:20.6577803Z   2026-02-27: 2 problems
2026-10-05T16:57:20.9099247Z   2026-02-26: 2 problems
2026-10-05T16:57:21.1511323Z   2026-02-25: 2 problems
2026-10-05T16:57:21.3822935Z   2026-02-24: 2 problems
2026-10-05T16:57:21.6149549Z   2026-02-23: 2 problems
2026-10-05T16:57:21.8448430Z   2026-02-21: 2 problems
2026-10-05T16:57:22.1448110Z   2026-02-20: 2 problems
2026-10-05T16:57:22.5305734Z   2026-02-19: 2 problems
2026-10-05T16:57:22.8106482Z   2026-02-18: 2 problems
2026-10-05T16:57:23.1162427Z   2026-02-17: 2 problems
2026-10-05T16:57:23.4534785Z   2026-02-16: 2 problems
2026-10-05T16:57:23.9327926Z   2026-02-14: 2 problems
2026-10-05T16:57:24.2501259Z   2026-02-13: 2 problems
2026-10-05T16:57:24.6724278Z   2026-02-12: 2 problems
2026-10-05T16:57:24.9208743Z   2026-02-11: 2 problems
2026-10-05T16:57:25.3247404Z   2026-02-10: 2 problems
2026-10-05T16:57:25.6458952Z   2026-02-09: 2 problems
2026-10-05T16:57:25.9650676Z   2026-02-07: 2 problems
2026-10-05T16:57:26.2099710Z   2026-02-06: 2 problems
2026-10-05T16:57:26.5591687Z   2026-02-05: 2 problems
2026-10-05T16:57:26.9197931Z   2026-02-04: 2 problems
2026-10-05T16:57:27.1996755Z   2026-02-03: 2 problems
2026-10-05T16:57:27.5355909Z   2026-02-02: 2 problems
2026-10-05T16:57:27.9276438Z   2026-01-31: 2 problems
2026-10-05T16:57:28.2975894Z   2026-01-30: 2 problems
2026-10-05T16:57:28.6250982Z   2026-01-29: 2 problems
2026-10-05T16:57:28.9249456Z   2026-01-28: 2 problems
2026-10-05T16:57:29.3416833Z   2026-01-27: 2 problems
2026-10-05T16:57:29.6571697Z   2026-01-26: 2 problems
2026-10-05T16:57:29.9614367Z   2026-01-24: 2 problems
2026-10-05T16:57:30.2657417Z   2026-01-23: 2 problems
2026-10-05T16:57:30.5676801Z   2026-01-22: 2 problems
2026-10-05T16:57:30.8587851Z   2026-01-21: 2 problems
2026-10-05T16:57:31.2702128Z   2026-01-20: 2 problems
2026-10-05T16:57:31.7171210Z   2026-01-19: 2 problems
2026-10-05T16:57:32.0655457Z   2026-01-17: 2 problems
2026-10-05T16:57:32.4081419Z   2026-01-16: 2 problems
2026-10-05T16:57:32.7307144Z   2026-01-15: 2 problems
2026-10-05T16:57:33.0908522Z   2026-01-14: 2 problems
2026-10-05T16:57:33.3980597Z   2026-01-13: 2 problems
2026-10-05T16:57:33.7828018Z   2026-01-12: 2 problems
2026-10-05T16:57:34.0356307Z   2026-01-10: 2 problems
2026-10-05T16:57:34.3544769Z   2026-01-09: 2 problems
2026-10-05T16:57:34.5899793Z   2026-01-08: 2 problems
2026-10-05T16:57:34.9088286Z   2026-01-07: 2 problems
2026-10-05T16:57:35.2242609Z   2026-01-06: 2 problems
2026-10-05T16:57:35.6405489Z   2026-01-05: 2 problems
2026-10-05T16:57:36.1150551Z   2026-01-03: 2 problems
2026-10-05T16:57:36.4632919Z   2026-01-02: 2 problems
2026-10-05T16:57:36.8151210Z   2026-01-01: 2 problems
2026-10-05T16:57:37.1889345Z   2025-12-31: 2 problems
2026-10-05T16:57:37.4179720Z   2025-12-30: 2 problems
2026-10-05T16:57:37.8337143Z   2025-12-29: 2 problems
2026-10-05T16:57:38.1451554Z   2025-12-27: 2 problems
2026-10-05T16:57:38.4615581Z   2025-12-26: 2 problems
2026-10-05T16:57:38.7296536Z   2025-12-25: 2 problems
2026-10-05T16:57:39.0229592Z   2025-12-24: 2 problems
2026-10-05T16:57:39.4154623Z   2025-12-23: 2 problems
2026-10-05T16:57:39.6510678Z   2025-12-22: 2 problems
2026-10-05T16:57:39.9176068Z   2025-12-20: 2 problems
2026-10-05T16:57:40.2673648Z   2025-12-19: 2 problems
2026-10-05T16:57:40.6504339Z   2025-12-18: 2 problems
2026-10-05T16:57:41.0946267Z   2025-12-17: 2 problems
2026-10-05T16:57:41.4485057Z   2025-12-16: 2 problems
2026-10-05T16:57:41.8741506Z   2025-12-15: 2 problems
2026-10-05T16:57:42.2794195Z   2025-12-13: 2 problems
2026-10-05T16:57:42.6379305Z   2025-12-12: 2 problems
2026-10-05T16:57:43.0440936Z   2025-12-11: 2 problems
2026-10-05T16:57:43.3951716Z   2025-12-10: 2 problems
2026-10-05T16:57:43.7595228Z   2025-12-09: 2 problems
2026-10-05T16:57:43.9667510Z   2025-12-08: 2 problems
2026-10-05T16:57:44.2826718Z   2025-12-06: 2 problems
2026-10-05T16:57:44.5833567Z   2025-12-05: 2 problems
2026-10-05T16:57:44.8702712Z   2025-12-04: 2 problems
2026-10-05T16:57:45.2061910Z   2025-12-03: 2 problems
2026-10-05T16:57:45.5484953Z   2025-12-02: 2 problems
2026-10-05T16:57:45.7762086Z   2025-12-01: 2 problems
2026-10-05T16:57:45.9996768Z   2025-11-29: 2 problems
2026-10-05T16:57:46.4375838Z   2025-11-28: 2 problems
2026-10-05T16:57:46.7463500Z   2025-11-27: 2 problems
2026-10-05T16:57:47.0745228Z   2025-11-26: 2 problems
2026-10-05T16:57:47.3810183Z   2025-11-25: 2 problems
2026-10-05T16:57:47.6336224Z   2025-11-24: 2 problems
2026-10-05T16:57:47.8911982Z   2025-11-22: 2 problems
2026-10-05T16:57:48.2763271Z   2025-11-21: 2 problems
2026-10-05T16:57:48.5187740Z   2025-11-20: 2 problems
2026-10-05T16:57:48.7987829Z   2025-11-19: 2 problems
2026-10-05T16:57:49.0330346Z   2025-11-18: 2 problems
2026-10-05T16:57:49.3418197Z   2025-11-17: 2 problems
2026-10-05T16:57:49.7247561Z   2025-11-15: 2 problems
2026-10-05T16:57:50.0505334Z   2025-11-14: 2 problems
2026-10-05T16:57:50.4103907Z   2025-11-13: 2 problems
2026-10-05T16:57:50.7018778Z   2025-11-12: 2 problems
2026-10-05T16:57:50.9890228Z   2025-11-11: 2 problems
2026-10-05T16:57:51.2700904Z   2025-11-10: 2 problems
2026-10-05T16:57:51.5491305Z   2025-11-08: 2 problems
2026-10-05T16:57:51.9117933Z   2025-11-07: 2 problems
2026-10-05T16:57:52.2475892Z   2025-11-06: 2 problems
2026-10-05T16:57:52.4882436Z   2025-11-05: 2 problems
2026-10-05T16:57:52.7438126Z   2025-11-04: 2 problems
2026-10-05T16:57:53.0290440Z   2025-11-03: 2 problems
2026-10-05T16:57:53.3044820Z   2025-11-01: 2 problems
2026-10-05T16:57:53.5120197Z   2025-10-31: 2 problems
2026-10-05T16:57:53.7917614Z   2025-10-30: 2 problems
2026-10-05T16:57:54.0904436Z   2025-10-29: 2 problems
2026-10-05T16:57:54.4596144Z   2025-10-28: 2 problems
2026-10-05T16:57:54.7052568Z   2025-10-27: 2 problems
2026-10-05T16:57:54.9790641Z   2025-10-25: 2 problems
2026-10-05T16:57:55.2635494Z   2025-10-24: 2 problems
2026-10-05T16:57:55.5308704Z   2025-10-23: 2 problems
2026-10-05T16:57:55.8204234Z   2025-10-22: 2 problems
2026-10-05T16:57:56.0965088Z   2025-10-21: 2 problems
2026-10-05T16:57:56.4086539Z   2025-10-20: 2 problems
2026-10-05T16:57:56.6354738Z   2025-10-18: 2 problems
2026-10-05T16:57:56.8766332Z   2025-10-17: 2 problems
2026-10-05T16:57:57.2129647Z   2025-10-16: 2 problems
2026-10-05T16:57:57.5257282Z   2025-10-15: 2 problems
2026-10-05T16:57:57.7623005Z   2025-10-14: 2 problems
2026-10-05T16:57:58.0428572Z   2025-10-13: 2 problems
2026-10-05T16:57:58.3141010Z   2025-10-11: 2 problems
2026-10-05T16:57:58.5692067Z   2025-10-10: 2 problems
2026-10-05T16:57:58.8370105Z   2025-10-09: 2 problems
2026-10-05T16:57:59.0868043Z   2025-10-08: 2 problems
2026-10-05T16:57:59.3381560Z   2025-10-07: 2 problems
2026-10-05T16:57:59.5706579Z   2025-10-06: 2 problems
2026-10-05T16:57:59.8335215Z   2025-10-04: 2 problems
2026-10-05T16:58:00.0903730Z   2025-10-03: 2 problems
2026-10-05T16:58:00.3985930Z   2025-10-02: 2 problems
2026-10-05T16:58:00.6627481Z   2025-10-01: 2 problems
2026-10-05T16:58:00.9205371Z   2025-09-30: 2 problems
2026-10-05T16:58:01.1813293Z   2025-09-29: 2 problems
2026-10-05T16:58:01.4665721Z   2025-09-27: 2 problems
2026-10-05T16:58:01.7659370Z   2025-09-26: 2 problems
2026-10-05T16:58:02.0849312Z   2025-09-25: 2 problems
2026-10-05T16:58:02.3797461Z   2025-09-24: 2 problems
2026-10-05T16:58:02.6428996Z   2025-09-23: 2 problems
2026-10-05T16:58:02.9083445Z   2025-09-22: 2 problems
2026-10-05T16:58:03.2427947Z   2025-09-20: 2 problems
2026-10-05T16:58:03.5441465Z   2025-09-19: 2 problems
2026-10-05T16:58:03.8400446Z   2025-09-18: 2 problems
2026-10-05T16:58:04.1040068Z   2025-09-17: 2 problems
2026-10-05T16:58:04.3719100Z   2025-09-16: 2 problems
2026-10-05T16:58:04.6209560Z   2025-09-15: 2 problems
2026-10-05T16:58:04.9649083Z   2025-09-13: 2 problems
2026-10-05T16:58:05.2315831Z   2025-09-12: 2 problems
2026-10-05T16:58:05.6135346Z   2025-09-11: 2 problems
2026-10-05T16:58:05.8436008Z   2025-09-10: 2 problems
2026-10-05T16:58:06.0862082Z   2025-09-09: 2 problems
2026-10-05T16:58:06.3676476Z   2025-09-08: 2 problems
2026-10-05T16:58:06.6196987Z   2025-09-06: 2 problems
2026-10-05T16:58:06.8786248Z   2025-09-05: 2 problems
2026-10-05T16:58:07.1689811Z   2025-09-04: 2 problems
2026-10-05T16:58:07.3921033Z   2025-09-03: 2 problems
2026-10-05T16:58:07.6238784Z   2025-09-02: 2 problems
2026-10-05T16:58:07.8783934Z   2025-09-01: 2 problems
2026-10-05T16:58:08.1078102Z   2025-08-30: 2 problems
2026-10-05T16:58:08.3674975Z   2025-08-29: 2 problems
2026-10-05T16:58:08.6482517Z   2025-08-28: 2 problems
2026-10-05T16:58:08.9101906Z   2025-08-27: 2 problems
2026-10-05T16:58:09.1460917Z   2025-08-26: 2 problems
2026-10-05T16:58:09.3692488Z   2025-08-25: 2 problems
2026-10-05T16:58:09.6046999Z   2025-08-23: 2 problems
2026-10-05T16:58:09.8376956Z   2025-08-22: 2 problems
2026-10-05T16:58:10.1126635Z   2025-08-21: 2 problems
2026-10-05T16:58:10.3605069Z   2025-08-20: 2 problems
2026-10-05T16:58:10.6042526Z   2025-08-19: 2 problems
2026-10-05T16:58:10.8507538Z   2025-08-18: 2 problems
2026-10-05T16:58:11.1208890Z   2025-08-16: 2 problems
2026-10-05T16:58:11.3668337Z   2025-08-15: 2 problems
2026-10-05T16:58:11.6253174Z   2025-08-14: 2 problems
2026-10-05T16:58:11.8778326Z   2025-08-13: 2 problems
2026-10-05T16:58:12.1286268Z   2025-08-12: 2 problems
2026-10-05T16:58:12.4120715Z   2025-08-11: 2 problems
2026-10-05T16:58:12.6597866Z   2025-08-09: 2 problems
2026-10-05T16:58:12.8840030Z   2025-08-08: 2 problems
2026-10-05T16:58:13.1349352Z   2025-08-07: 2 problems
2026-10-05T16:58:13.3736276Z   2025-08-06: 2 problems
2026-10-05T16:58:13.6390001Z   2025-08-05: 2 problems
2026-10-05T16:58:13.9200194Z   2025-08-04: 2 problems
2026-10-05T16:58:14.1762459Z   2025-08-02: 2 problems
2026-10-05T16:58:14.4190472Z   2025-08-01: 2 problems
2026-10-05T16:58:14.6717835Z   2025-07-31: 2 problems
2026-10-05T16:58:14.9576617Z   2025-07-30: 2 problems
2026-10-05T16:58:15.1918464Z   2025-07-29: 2 problems
2026-10-05T16:58:15.4245717Z   2025-07-28: 2 problems
2026-10-05T16:58:15.6808414Z   2025-07-26: 2 problems
2026-10-05T16:58:15.9136537Z   2025-07-25: 2 problems
2026-10-05T16:58:16.1652241Z   2025-07-24: 2 problems
2026-10-05T16:58:16.4024709Z   2025-07-23: 2 problems
2026-10-05T16:58:16.6655287Z   2025-07-22: 2 problems
2026-10-05T16:58:17.0027667Z   2025-07-21: 2 problems
2026-10-05T16:58:17.2938853Z   2025-07-19: 2 problems
2026-10-05T16:58:17.5893259Z   2025-07-18: 2 problems
2026-10-05T16:58:17.8514302Z   2025-07-17: 2 problems
2026-10-05T16:58:18.0880331Z   2025-07-16: 2 problems
2026-10-05T16:58:18.3514372Z   2025-07-15: 2 problems
2026-10-05T16:58:18.6084302Z   2025-07-14: 2 problems
2026-10-05T16:58:18.8738400Z   2025-07-12: 2 problems
2026-10-05T16:58:19.1254447Z   2025-07-11: 2 problems
2026-10-05T16:58:19.3732512Z   2025-07-10: 2 problems
2026-10-05T16:58:19.5980088Z   2025-07-09: 2 problems
2026-10-05T16:58:19.8323832Z   2025-07-08: 2 problems
2026-10-05T16:58:20.0765264Z   2025-07-07: 2 problems
2026-10-05T16:58:20.3629574Z   2025-07-05: 2 problems
2026-10-05T16:58:20.6356085Z   2025-07-04: 2 problems
2026-10-05T16:58:20.8732933Z   2025-07-03: 2 problems
2026-10-05T16:58:21.0987604Z   2025-07-02: 2 problems
2026-10-05T16:58:21.3805920Z   2025-07-01: 2 problems
2026-10-05T16:58:21.6331216Z   2025-06-30: 2 problems
2026-10-05T16:58:21.9078656Z   2025-06-28: 2 problems
2026-10-05T16:58:22.1817556Z   2025-06-27: 2 problems
2026-10-05T16:58:22.4495030Z   2025-06-26: 2 problems
2026-10-05T16:58:22.7945124Z   2025-06-25: 2 problems
2026-10-05T16:58:23.1006619Z   2025-06-24: 2 problems
2026-10-05T16:58:23.4540261Z   2025-06-23: 2 problems
2026-10-05T16:58:23.7007513Z   2025-06-21: 2 problems
2026-10-05T16:58:23.9590161Z   2025-06-20: 2 problems
2026-10-05T16:58:24.2554789Z   2025-06-19: 2 problems
2026-10-05T16:58:24.5577733Z   2025-06-18: 2 problems
2026-10-05T16:58:24.8418444Z   2025-06-17: 2 problems
2026-10-05T16:58:25.1414943Z   2025-06-16: 2 problems
2026-10-05T16:58:25.4659896Z   2025-06-14: 2 problems
2026-10-05T16:58:25.7466879Z   2025-06-13: 2 problems
2026-10-05T16:58:26.0458485Z   2025-06-12: 2 problems
2026-10-05T16:58:26.3068697Z   2025-06-11: 2 problems
2026-10-05T16:58:26.5676531Z   2025-06-10: 2 problems
2026-10-05T16:58:26.8707383Z   2025-06-09: 2 problems
2026-10-05T16:58:27.1824092Z   2025-06-07: 2 problems
2026-10-05T16:58:27.4994529Z   2025-06-06: 2 problems
2026-10-05T16:58:27.8145126Z   2025-06-05: 2 problems
2026-10-05T16:58:28.0686832Z   2025-06-04: 2 problems
2026-10-05T16:58:28.2992752Z   2025-06-03: 2 problems
2026-10-05T16:58:28.5913610Z   2025-06-02: 2 problems
2026-10-05T16:58:28.8872482Z   2025-05-31: 2 problems
2026-10-05T16:58:29.2485429Z   2025-05-30: 2 problems
2026-10-05T16:58:29.5374120Z   2025-05-29: 2 problems
2026-10-05T16:58:29.7932252Z   2025-05-28: 2 problems
2026-10-05T16:58:30.0737326Z   2025-05-27: 2 problems
2026-10-05T16:58:30.4537312Z   2025-05-26: 2 problems
2026-10-05T16:58:30.7193355Z   2025-05-24: 2 problems
2026-10-05T16:58:30.9485722Z   2025-05-23: 2 problems
2026-10-05T16:58:31.2185311Z   2025-05-22: 2 problems
2026-10-05T16:58:31.5153760Z   2025-05-21: 2 problems
2026-10-05T16:58:31.7799474Z   2025-05-20: 2 problems
2026-10-05T16:58:32.0664419Z   2025-05-19: 2 problems
2026-10-05T16:58:32.3245436Z   2025-05-17: 2 problems
2026-10-05T16:58:32.6542807Z   2025-05-16: 2 problems
2026-10-05T16:58:33.0106613Z   2025-05-15: 2 problems
2026-10-05T16:58:33.2535749Z   2025-05-14: 2 problems
2026-10-05T16:58:33.5981383Z   2025-05-13: 2 problems
2026-10-05T16:58:33.9118830Z   2025-05-12: 2 problems
2026-10-05T16:58:34.1837098Z   2025-05-10: 2 problems
2026-10-05T16:58:34.5270069Z   2025-05-09: 2 problems
2026-10-05T16:58:34.8607098Z   2025-05-08: 2 problems
2026-10-05T16:58:35.0998841Z   2025-05-07: 2 problems
2026-10-05T16:58:35.4027211Z   2025-05-06: 2 problems
2026-10-05T16:58:35.6796963Z   2025-05-05: 2 problems
2026-10-05T16:58:36.0232800Z   2025-05-03: 2 problems
2026-10-05T16:58:36.2810399Z   2025-05-02: 2 problems
2026-10-05T16:58:36.5450403Z   2025-05-01: 2 problems
2026-10-05T16:58:36.8986877Z   2025-04-30: 2 problems
2026-10-05T16:58:37.1792509Z   2025-04-29: 2 problems
2026-10-05T16:58:37.4522205Z   2025-04-28: 2 problems
2026-10-05T16:58:37.7268260Z   2025-04-26: 2 problems
2026-10-05T16:58:37.9705478Z   2025-04-25: 2 problems
2026-10-05T16:58:38.5018441Z   2025-04-24: 2 problems
2026-10-05T16:58:38.8602563Z   2025-04-23: 2 problems
2026-10-05T16:58:39.2041383Z   2025-04-22: 2 problems
2026-10-05T16:58:39.5715820Z   2025-04-21: 2 problems
2026-10-05T16:58:39.9106378Z   2025-04-19: 2 problems
2026-10-05T16:58:40.2809685Z   2025-04-18: 2 problems
2026-10-05T16:58:40.5635372Z   2025-04-17: 2 problems
2026-10-05T16:58:40.7995162Z   2025-04-16: 2 problems
2026-10-05T16:58:41.1256081Z   2025-04-15: 2 problems
2026-10-05T16:58:41.3640851Z   2025-04-14: 2 problems
2026-10-05T16:58:41.8128310Z   2025-04-12: 2 problems
2026-10-05T16:58:42.0596289Z   2025-04-11: 2 problems
2026-10-05T16:58:42.3748560Z   2025-04-10: 2 problems
2026-10-05T16:58:42.7206712Z   2025-04-09: 2 problems
2026-10-05T16:58:43.0236628Z   2025-04-08: 2 problems
2026-10-05T16:58:43.3286013Z   2025-04-07: 2 problems
2026-10-05T16:58:43.7305363Z   2025-04-05: 2 problems
2026-10-05T16:58:44.0999691Z   2025-04-04: 2 problems
2026-10-05T16:58:44.4816562Z   2025-04-03: 2 problems
2026-10-05T16:58:44.8098102Z   2025-04-02: 2 problems
2026-10-05T16:58:45.0993605Z   2025-04-01: 2 problems
2026-10-05T16:58:45.4027699Z   2025-03-31: 2 problems
2026-10-05T16:58:45.7352405Z   2025-03-29: 2 problems
2026-10-05T16:58:46.0872457Z   2025-03-28: 2 problems
2026-10-05T16:58:46.4032062Z   2025-03-27: 2 problems
2026-10-05T16:58:46.6833290Z   2025-03-26: 2 problems
2026-10-05T16:58:47.0618498Z   2025-03-25: 2 problems
2026-10-05T16:58:47.3667002Z   2025-03-24: 2 problems
2026-10-05T16:58:47.6456490Z   2025-03-22: 2 problems
2026-10-05T16:58:48.1212098Z   2025-03-21: 2 problems
2026-10-05T16:58:48.3686968Z   2025-03-20: 2 problems
2026-10-05T16:58:48.8172302Z   2025-03-19: 2 problems
2026-10-05T16:58:49.1363953Z   2025-03-18: 2 problems
2026-10-05T16:58:49.4361498Z   2025-03-17: 2 problems
2026-10-05T16:58:49.8466591Z   2025-03-15: 2 problems
2026-10-05T16:58:50.2525301Z   2025-03-14: 2 problems
2026-10-05T16:58:50.4945914Z   2025-03-13: 2 problems
2026-10-05T16:58:50.7900270Z   2025-03-12: 2 problems
2026-10-05T16:58:51.1368604Z   2025-03-11: 2 problems
2026-10-05T16:58:51.3885872Z   2025-03-10: 2 problems
2026-10-05T16:58:51.6796812Z   2025-03-08: 2 problems
2026-10-05T16:58:52.0021563Z   2025-03-07: 2 problems
2026-10-05T16:58:52.2998695Z   2025-03-06: 2 problems
2026-10-05T16:58:52.6378629Z   2025-03-05: 2 problems
2026-10-05T16:58:52.9455557Z   2025-03-04: 2 problems
2026-10-05T16:58:53.3441285Z   2025-03-03: 2 problems
2026-10-05T16:58:53.6147219Z   2025-03-01: 2 problems
2026-10-05T16:58:53.9782768Z   2025-02-28: 2 problems
2026-10-05T16:58:54.2727663Z   2025-02-27: 2 problems
2026-10-05T16:58:54.5705726Z   2025-02-26: 2 problems
2026-10-05T16:58:54.8779963Z   2025-02-25: 2 problems
2026-10-05T16:58:55.1891744Z   2025-02-24: 2 problems
2026-10-05T16:58:55.5816061Z   2025-02-22: 2 problems
2026-10-05T16:58:55.8110022Z   2025-02-21: 2 problems
2026-10-05T16:58:56.1805170Z   2025-02-20: 2 problems
2026-10-05T16:58:56.4199563Z   2025-02-19: 2 problems
2026-10-05T16:58:56.7555309Z   2025-02-18: 2 problems
2026-10-05T16:58:57.0499389Z   2025-02-17: 2 problems
2026-10-05T16:58:57.3532370Z   2025-02-15: 2 problems
2026-10-05T16:58:57.6477717Z   2025-02-14: 2 problems
2026-10-05T16:58:58.0246079Z   2025-02-13: 2 problems
2026-10-05T16:58:58.3957293Z   2025-02-12: 2 problems
2026-10-05T16:58:58.7244940Z   2025-02-11: 2 problems
2026-10-05T16:58:58.9726624Z   2025-02-10: 2 problems
2026-10-05T16:58:59.3741565Z   2025-02-08: 2 problems
2026-10-05T16:58:59.6153304Z   2025-02-07: 2 problems
2026-10-05T16:58:59.9839708Z   2025-02-06: 2 problems
2026-10-05T16:59:00.3743736Z   2025-02-05: 2 problems
2026-10-05T16:59:00.7547475Z   2025-02-04: 2 problems
2026-10-05T16:59:01.1452789Z   2025-02-03: 2 problems
2026-10-05T16:59:01.5931153Z   2025-02-01: 2 problems
2026-10-05T16:59:01.9550940Z   2025-01-31: 2 problems
2026-10-05T16:59:02.4143528Z   2025-01-30: 2 problems
2026-10-05T16:59:02.8288085Z   2025-01-29: 2 problems
2026-10-05T16:59:03.2070644Z   2025-01-28: 2 problems
2026-10-05T16:59:03.5986061Z   2025-01-27: 2 problems
2026-10-05T16:59:04.0367895Z   2025-01-25: 2 problems
2026-10-05T16:59:04.4677548Z   2025-01-24: 2 problems
2026-10-05T16:59:04.8519194Z   2025-01-23: 2 problems
2026-10-05T16:59:05.2139987Z   2025-01-22: 2 problems
2026-10-05T16:59:05.6546920Z   2025-01-21: 2 problems
2026-10-05T16:59:06.0608462Z   2025-01-20: 2 problems
2026-10-05T16:59:06.4839436Z   2025-01-18: 2 problems
2026-10-05T16:59:06.9070635Z   2025-01-17: 2 problems
2026-10-05T16:59:07.3081600Z   2025-01-16: 2 problems
2026-10-05T16:59:07.7074625Z   2025-01-15: 2 problems
2026-10-05T16:59:08.0870302Z   2025-01-14: 2 problems
2026-10-05T16:59:08.4955734Z   2025-01-13: 2 problems
2026-10-05T16:59:08.9326462Z   2025-01-11: 2 problems
2026-10-05T16:59:09.3076972Z   2025-01-10: 2 problems
2026-10-05T16:59:09.6782320Z   2025-01-09: 2 problems
2026-10-05T16:59:10.1172929Z   2025-01-08: 2 problems
2026-10-05T16:59:10.5231050Z   2025-01-07: 2 problems
2026-10-05T16:59:10.9336621Z   2025-01-06: 2 problems
2026-10-05T16:59:11.3634900Z   2025-01-04: 2 problems
2026-10-05T16:59:11.7880348Z   2025-01-03: 2 problems
2026-10-05T16:59:12.1963974Z   2025-01-02: 2 problems
2026-10-05T16:59:12.5610823Z   2025-01-01: 2 problems
2026-10-05T16:59:12.9702803Z   2024-12-31: 2 problems
2026-10-05T16:59:13.3993402Z   2024-12-30: 2 problems
2026-10-05T16:59:13.8319000Z   2024-12-28: 2 problems
2026-10-05T16:59:14.2670216Z   2024-12-27: 2 problems
2026-10-05T16:59:14.6531668Z   2024-12-26: 2 problems
2026-10-05T16:59:15.0943041Z   2024-12-25: 2 problems
2026-10-05T16:59:15.5118345Z   2024-12-24: 2 problems
2026-10-05T16:59:15.9118919Z   2024-12-23: 2 problems
2026-10-05T16:59:16.3052195Z   2024-12-21: 2 problems
2026-10-05T16:59:16.7661691Z   2024-12-20: 2 problems
2026-10-05T16:59:17.1378789Z   2024-12-19: 2 problems
2026-10-05T16:59:17.5352377Z   2024-12-18: 2 problems
2026-10-05T16:59:17.9462360Z   2024-12-17: 2 problems
2026-10-05T16:59:18.3904435Z   2024-12-16: 2 problems
2026-10-05T16:59:18.8221543Z   2024-12-14: 2 problems
2026-10-05T16:59:19.2226812Z   2024-12-13: 2 problems
2026-10-05T16:59:19.6040091Z   2024-12-12: 2 problems
2026-10-05T16:59:19.9990986Z   2024-12-11: 2 problems
2026-10-05T16:59:20.3683412Z   2024-12-10: 2 problems
2026-10-05T16:59:20.7654471Z   2024-12-09: 2 problems
2026-10-05T16:59:21.2181147Z   2024-12-07: 2 problems
2026-10-05T16:59:21.6177945Z   2024-12-06: 2 problems
2026-10-05T16:59:22.0653957Z   2024-12-05: 2 problems
2026-10-05T16:59:22.4572875Z   2024-12-04: 2 problems
2026-10-05T16:59:22.8582630Z   2024-12-03: 2 problems
2026-10-05T16:59:23.2593204Z   2024-12-02: 2 problems
2026-10-05T16:59:23.7138910Z   2024-11-30: 2 problems
2026-10-05T16:59:24.1270228Z   2024-11-29: 2 problems
2026-10-05T16:59:24.5425473Z   2024-11-28: 2 problems
2026-10-05T16:59:24.9640512Z   2024-11-27: 2 problems
2026-10-05T16:59:25.3506276Z   2024-11-26: 2 problems
2026-10-05T16:59:25.7487397Z   2024-11-25: 2 problems
2026-10-05T16:59:26.1457173Z   2024-11-23: 2 problems
2026-10-05T16:59:26.5791016Z   2024-11-22: 2 problems
2026-10-05T16:59:26.8755392Z   2024-11-21: 2 problems
2026-10-05T16:59:27.2756863Z   2024-11-20: 2 problems
2026-10-05T16:59:27.6913123Z   2024-11-19: 2 problems
2026-10-05T16:59:28.1077358Z   2024-11-18: 2 problems
2026-10-05T16:59:28.5002741Z   2024-11-16: 2 problems
2026-10-05T16:59:28.9222340Z   2024-11-15: 2 problems
2026-10-05T16:59:29.3367661Z   2024-11-14: 2 problems
2026-10-05T16:59:29.7752646Z   2024-11-13: 2 problems
2026-10-05T16:59:30.1427920Z   2024-11-12: 2 problems
2026-10-05T16:59:30.4960659Z   2024-11-11: 2 problems
2026-10-05T16:59:30.8835323Z   2024-11-09: 2 problems
2026-10-05T16:59:31.1821906Z   2024-11-08: 2 problems
2026-10-05T16:59:31.5426826Z   2024-11-07: 2 problems
2026-10-05T16:59:31.8801817Z   2024-11-06: 2 problems
2026-10-05T16:59:32.1764755Z   2024-11-05: 2 problems
2026-10-05T16:59:32.4789229Z   2024-11-04: 2 problems
2026-10-05T16:59:32.8846938Z   2024-11-02: 2 problems
2026-10-05T16:59:33.3329074Z   2024-11-01: 2 problems
2026-10-05T16:59:33.7173103Z   2024-10-31: 2 problems
2026-10-05T16:59:34.0602717Z   2024-10-30: 2 problems
2026-10-05T16:59:34.4409791Z   2024-10-29: 2 problems
2026-10-05T16:59:34.7990255Z   2024-10-28: 2 problems
2026-10-05T16:59:35.1985245Z   2024-10-26: 2 problems
2026-10-05T16:59:35.5660348Z   2024-10-25: 2 problems
2026-10-05T16:59:35.9431783Z   2024-10-24: 2 problems
2026-10-05T16:59:36.3070684Z   2024-10-23: 2 problems
2026-10-05T16:59:36.6012460Z   2024-10-22: 2 problems
2026-10-05T16:59:36.9482092Z   2024-10-21: 2 problems
2026-10-05T16:59:37.2458556Z   2024-10-19: 2 problems
2026-10-05T16:59:37.5512968Z   2024-10-18: 2 problems
2026-10-05T16:59:37.8763770Z   2024-10-17: 2 problems
2026-10-05T16:59:38.1860222Z   2024-10-16: 2 problems
2026-10-05T16:59:38.5215542Z   2024-10-15: 2 problems
2026-10-05T16:59:38.8718593Z   2024-10-14: 2 problems
2026-10-05T16:59:39.1282903Z   2024-10-12: 2 problems
2026-10-05T16:59:39.4995926Z   2024-10-11: 2 problems
2026-10-05T16:59:39.8013935Z   2024-10-10: 2 problems
2026-10-05T16:59:40.1571067Z   2024-10-09: 2 problems
2026-10-05T16:59:40.5263961Z   2024-10-08: 2 problems
2026-10-05T16:59:40.8163429Z   2024-10-07: 2 problems
2026-10-05T16:59:41.2218723Z   2024-10-05: 2 problems
2026-10-05T16:59:41.5407224Z   2024-10-04: 2 problems
2026-10-05T16:59:41.8133906Z   2024-10-03: 2 problems
2026-10-05T16:59:42.2082222Z   2024-10-02: 2 problems
2026-10-05T16:59:42.5497277Z   2024-10-01: 2 problems
2026-10-05T16:59:42.9231916Z   2024-09-30: 2 problems
2026-10-05T16:59:43.2288936Z   2024-09-28: 2 problems
2026-10-05T16:59:43.5609613Z   2024-09-27: 2 problems
2026-10-05T16:59:43.8815956Z   2024-09-26: 2 problems
2026-10-05T16:59:44.2232887Z   2024-09-25: 2 problems
2026-10-05T16:59:44.4224455Z   2024-09-24: 2 problems
2026-10-05T16:59:44.7476112Z   2024-09-23: 2 problems
2026-10-05T16:59:45.0233920Z   2024-09-21: 2 problems
2026-10-05T16:59:45.3396263Z   2024-09-20: 2 problems
2026-10-05T16:59:45.6195424Z   2024-09-19: 2 problems
2026-10-05T16:59:45.9584332Z   2024-09-18: 2 problems
2026-10-05T16:59:46.2349958Z   2024-09-17: 2 problems
2026-10-05T16:59:46.5797420Z   2024-09-16: 2 problems
2026-10-05T16:59:46.8199846Z   2024-09-14: 2 problems
2026-10-05T16:59:47.1747197Z   2024-09-13: 2 problems
2026-10-05T16:59:47.4262984Z   2024-09-12: 2 problems
2026-10-05T16:59:47.6706074Z   2024-09-11: 2 problems
2026-10-05T16:59:47.9634459Z   2024-09-10: 2 problems
2026-10-05T16:59:48.2813309Z   2024-09-09: 2 problems
2026-10-05T16:59:48.5848897Z   2024-09-07: 2 problems
2026-10-05T16:59:48.8748387Z   2024-09-06: 2 problems
2026-10-05T16:59:49.1720777Z   2024-09-05: 2 problems
2026-10-05T16:59:49.4408609Z   2024-09-04: 2 problems
2026-10-05T16:59:49.7029809Z   2024-09-03: 2 problems
2026-10-05T16:59:50.0213285Z   2024-09-02: 2 problems
2026-10-05T16:59:50.2709300Z   2024-08-31: 2 problems
2026-10-05T16:59:50.5107314Z   2024-08-30: 2 problems
2026-10-05T16:59:50.7558026Z   2024-08-29: 2 problems
2026-10-05T16:59:51.0200528Z   2024-08-28: 2 problems
2026-10-05T16:59:51.2991151Z   2024-08-27: 2 problems
2026-10-05T16:59:51.6322199Z   2024-08-26: 2 problems
2026-10-05T16:59:51.9168683Z   2024-08-24: 2 problems
2026-10-05T16:59:52.1817466Z   2024-08-23: 2 problems
2026-10-05T16:59:52.4782994Z   2024-08-22: 2 problems
2026-10-05T16:59:52.7500605Z   2024-08-21: 2 problems
2026-10-05T16:59:52.9774760Z   2024-08-20: 2 problems
2026-10-05T16:59:53.2350335Z   2024-08-19: 2 problems
2026-10-05T16:59:53.5129097Z   2024-08-17: 2 problems
2026-10-05T16:59:53.7813495Z   2024-08-16: 2 problems
2026-10-05T16:59:54.1058575Z   2024-08-15: 2 problems
2026-10-05T16:59:54.3632761Z   2024-08-14: 2 problems
2026-10-05T16:59:54.6216841Z   2024-08-13: 2 problems
2026-10-05T16:59:54.9290033Z   2024-08-12: 2 problems
2026-10-05T16:59:55.2225506Z   2024-08-10: 2 problems
2026-10-05T16:59:55.5207825Z   2024-08-09: 2 problems
2026-10-05T16:59:55.7998000Z   2024-08-08: 2 problems
2026-10-05T16:59:56.1223584Z   2024-08-07: 2 problems
2026-10-05T16:59:56.4722971Z   2024-08-06: 2 problems
2026-10-05T16:59:56.7977850Z   2024-08-05: 2 problems
2026-10-05T16:59:57.0748032Z   2024-08-03: 2 problems
2026-10-05T16:59:57.3807675Z   2024-08-02: 2 problems
2026-10-05T16:59:57.6647209Z   2024-08-01: 2 problems
2026-10-05T16:59:58.0061575Z   2024-07-31: 2 problems
2026-10-05T16:59:58.3106045Z   2024-07-30: 2 problems
2026-10-05T16:59:58.6240541Z   2024-07-29: 2 problems
2026-10-05T16:59:58.8967202Z   2024-07-27: 2 problems
2026-10-05T16:59:59.1783172Z   2024-07-26: 2 problems
2026-10-05T16:59:59.4483671Z   2024-07-25: 2 problems
2026-10-05T16:59:59.7659538Z   2024-07-24: 2 problems
2026-10-05T17:00:00.0446319Z   2024-07-23: 2 problems
2026-10-05T17:00:00.3337503Z   2024-07-22: 2 problems
2026-10-05T17:00:00.5757993Z   2024-07-20: 2 problems
2026-10-05T17:00:00.8218125Z   2024-07-19: 2 problems
2026-10-05T17:00:01.1342705Z   2024-07-18: 2 problems
2026-10-05T17:00:01.4680333Z   2024-07-17: 2 problems
2026-10-05T17:00:01.7782186Z   2024-07-16: 2 problems
2026-10-05T17:00:02.1010485Z   2024-07-15: 2 problems
2026-10-05T17:00:02.4540509Z   2024-07-13: 2 problems
2026-10-05T17:00:02.6377194Z   2024-07-12: 2 problems
2026-10-05T17:00:02.9676799Z   2024-07-11: 2 problems
2026-10-05T17:00:03.2725321Z   2024-07-10: 2 problems
2026-10-05T17:00:03.5468911Z   2024-07-09: 2 problems
2026-10-05T17:00:03.8719054Z   2024-07-08: 2 problems
2026-10-05T17:00:04.1350081Z   2024-07-06: 2 problems
2026-10-05T17:00:04.3684817Z   2024-07-05: 2 problems
2026-10-05T17:00:04.6525797Z   2024-07-04: 2 problems
2026-10-05T17:00:04.9219201Z   2024-07-03: 2 problems
2026-10-05T17:00:05.2534089Z   2024-07-02: 2 problems
2026-10-05T17:00:05.4970822Z   2024-07-01: 2 problems
2026-10-05T17:00:05.8147540Z   2024-06-29: 2 problems
2026-10-05T17:00:06.1096291Z   2024-06-28: 2 problems
2026-10-05T17:00:06.3612166Z   2024-06-27: 2 problems
2026-10-05T17:00:06.6142667Z   2024-06-26: 2 problems
2026-10-05T17:00:06.9067546Z   2024-06-25: 2 problems
2026-10-05T17:00:07.1626703Z   2024-06-24: 2 problems
2026-10-05T17:00:07.4508573Z   2024-06-22: 2 problems
2026-10-05T17:00:07.7554758Z   2024-06-21: 2 problems
2026-10-05T17:00:08.0547319Z   2024-06-20: 2 problems
2026-10-05T17:00:08.3592956Z   2024-06-19: 2 problems
2026-10-05T17:00:08.6520126Z   2024-06-18: 2 problems
2026-10-05T17:00:08.9184837Z   2024-06-17: 2 problems
2026-10-05T17:00:09.2132459Z   2024-06-15: 2 problems
2026-10-05T17:00:09.5322199Z   2024-06-14: 2 problems
2026-10-05T17:00:09.8753533Z   2024-06-13: 2 problems
2026-10-05T17:00:10.1720452Z   2024-06-12: 2 problems
2026-10-05T17:00:10.4559912Z   2024-06-11: 2 problems
2026-10-05T17:00:10.7682365Z   2024-06-10: 2 problems
2026-10-05T17:00:11.0863946Z   2024-06-08: 2 problems
2026-10-05T17:00:11.3882881Z   2024-06-07: 2 problems
2026-10-05T17:00:11.7132595Z   2024-06-06: 2 problems
2026-10-05T17:00:12.0449749Z   2024-06-05: 2 problems
2026-10-05T17:00:12.3394006Z   2024-06-04: 2 problems
2026-10-05T17:00:12.6599945Z   2024-06-03: 2 problems
2026-10-05T17:00:13.0078886Z   2024-06-01: 2 problems
2026-10-05T17:00:13.2698442Z   2024-05-31: 2 problems
2026-10-05T17:00:13.6351265Z   2024-05-30: 2 problems
2026-10-05T17:00:13.9036907Z   2024-05-29: 2 problems
2026-10-05T17:00:14.2292243Z   2024-05-28: 2 problems
2026-10-05T17:00:14.5874050Z   2024-05-27: 2 problems
2026-10-05T17:00:14.8637574Z   2024-05-25: 2 problems
2026-10-05T17:00:15.2048776Z   2024-05-24: 2 problems
2026-10-05T17:00:15.5262698Z   2024-05-23: 2 problems
2026-10-05T17:00:15.8251321Z   2024-05-22: 2 problems
2026-10-05T17:00:16.1472560Z   2024-05-21: 2 problems
2026-10-05T17:00:16.4318240Z   2024-05-20: 2 problems
2026-10-05T17:00:16.7940385Z   2024-05-18: 2 problems
2026-10-05T17:00:17.0423251Z   2024-05-17: 2 problems
2026-10-05T17:00:17.3875756Z   2024-05-16: 2 problems
2026-10-05T17:00:17.6443025Z   2024-05-15: 2 problems
2026-10-05T17:00:17.9950357Z   2024-05-14: 2 problems
2026-10-05T17:00:18.2823142Z   2024-05-13: 2 problems
2026-10-05T17:00:18.5660468Z   2024-05-11: 2 problems
2026-10-05T17:00:18.8357659Z   2024-05-10: 2 problems
2026-10-05T17:00:19.1440577Z   2024-05-09: 2 problems
2026-10-05T17:00:19.4490041Z   2024-05-08: 2 problems
2026-10-05T17:00:19.7389535Z   2024-05-07: 2 problems
2026-10-05T17:00:20.0723064Z   2024-05-06: 2 problems
2026-10-05T17:00:20.3579541Z   2024-05-04: 2 problems
2026-10-05T17:00:20.6840206Z   2024-05-03: 2 problems
2026-10-05T17:00:20.9758602Z   2024-05-02: 2 problems
2026-10-05T17:00:21.2613917Z   2024-05-01: 2 problems
2026-10-05T17:00:21.5530632Z   2024-04-30: 2 problems
2026-10-05T17:00:21.8657282Z   2024-04-29: 2 problems
2026-10-05T17:00:22.1685988Z   2024-04-27: 2 problems
2026-10-05T17:00:22.4577411Z   2024-04-26: 2 problems
2026-10-05T17:00:22.7721822Z   2024-04-25: 2 problems
2026-10-05T17:00:23.0307559Z   2024-04-24: 2 problems
2026-10-05T17:00:23.2699890Z   2024-04-23: 2 problems
2026-10-05T17:00:23.5282340Z   2024-04-22: 2 problems
2026-10-05T17:00:23.7927173Z   2024-04-20: 2 problems
2026-10-05T17:00:24.0235389Z   2024-04-19: 2 problems
2026-10-05T17:00:24.2740684Z   2024-04-18: 2 problems
2026-10-05T17:00:24.5670659Z   2024-04-17: 2 problems
2026-10-05T17:00:24.8192734Z   2024-04-16: 2 problems
2026-10-05T17:00:25.0492349Z   2024-04-15: 2 problems
2026-10-05T17:00:25.3010962Z   2024-04-13: 2 problems
2026-10-05T17:00:25.6565444Z   2024-04-12: 2 problems
2026-10-05T17:00:25.9038025Z   2024-04-11: 2 problems
2026-10-05T17:00:26.1690017Z   2024-04-10: 2 problems
2026-10-05T17:00:26.4374513Z   2024-04-09: 2 problems
2026-10-05T17:00:26.7071454Z   2024-04-08: 2 problems
2026-10-05T17:00:26.9397365Z   2024-04-06: 2 problems
2026-10-05T17:00:27.1790433Z   2024-04-05: 2 problems
2026-10-05T17:00:27.4306334Z   2024-04-04: 2 problems
2026-10-05T17:00:27.7266696Z   2024-04-03: 2 problems
2026-10-05T17:00:27.9868955Z   2024-04-02: 2 problems
2026-10-05T17:00:28.2437163Z   2024-04-01: 2 problems
2026-10-05T17:00:28.5307466Z   2024-03-30: 2 problems
2026-10-05T17:00:28.7962574Z   2024-03-29: 2 problems
2026-10-05T17:00:29.0442876Z   2024-03-28: 2 problems
2026-10-05T17:00:29.2882668Z   2024-03-27: 2 problems
2026-10-05T17:00:29.5399368Z   2024-03-26: 2 problems
2026-10-05T17:00:29.8254340Z   2024-03-25: 2 problems
2026-10-05T17:00:30.0750361Z   2024-03-23: 2 problems
2026-10-05T17:00:30.3463224Z   2024-03-22: 2 problems
2026-10-05T17:00:30.5898341Z   2024-03-21: 2 problems
2026-10-05T17:00:30.8274296Z   2024-03-20: 2 problems
2026-10-05T17:00:31.0773661Z   2024-03-19: 2 problems
2026-10-05T17:00:31.3527929Z   2024-03-18: 2 problems
2026-10-05T17:00:31.6283868Z   2024-03-16: 2 problems
2026-10-05T17:00:31.8937266Z   2024-03-15: 2 problems
2026-10-05T17:00:32.1298739Z   2024-03-14: 2 problems
2026-10-05T17:00:32.3802204Z   2024-03-13: 2 problems
2026-10-05T17:00:32.6523893Z   2024-03-12: 2 problems
2026-10-05T17:00:32.8982316Z   2024-03-11: 2 problems
2026-10-05T17:00:33.1739257Z   2024-03-09: 2 problems
2026-10-05T17:00:33.4172687Z   2024-03-08: 2 problems
2026-10-05T17:00:33.7144541Z   2024-03-07: 2 problems
2026-10-05T17:00:33.9721906Z   2024-03-06: 2 problems
2026-10-05T17:00:34.2675603Z   2024-03-05: 2 problems
2026-10-05T17:00:34.4910037Z   2024-03-04: 2 problems
2026-10-05T17:00:34.7802741Z   2024-03-02: 2 problems
2026-10-05T17:00:35.0334753Z   2024-03-01: 2 problems
2026-10-05T17:00:35.2841685Z   2024-02-29: 2 problems
2026-10-05T17:00:35.5542367Z   2024-02-28: 2 problems
2026-10-05T17:00:35.8180330Z   2024-02-27: 2 problems
2026-10-05T17:00:36.0787568Z   2024-02-26: 2 problems
2026-10-05T17:00:36.0789687Z Building categories...
2026-10-05T17:00:38.2534663Z Wrote /home/runner/work/ys_problem_web/ys_problem_web/data/daily.json (815 days, 21 categories).
2026-10-05T17:00:38.2535265Z Syncing leaderboard (records.js from gh-pages)...
2026-10-05T17:00:38.3367811Z   ✓ 361 players, data through 2026-10-03 (unchanged)
2026-10-05T17:00:38.3368591Z LEADERBOARD-SYNC {"changed":false,"players":361,"currentDate":"2026-10-03"}
2026-10-05T17:00:38.3565363Z ##[group]Run if [ -n "925b549199bece6299beabb770537f61339fb69b" ]; then
2026-10-05T17:00:38.3565876Z [36;1mif [ -n "925b549199bece6299beabb770537f61339fb69b" ]; then[0m
2026-10-05T17:00:38.3566351Z [36;1m  echo "925b549199bece6299beabb770537f61339fb69b" > data/.upstream-sha[0m
2026-10-05T17:00:38.3566942Z [36;1mfi[0m
2026-10-05T17:00:38.3567220Z [36;1mif [ -n "345321d10d7fb150063e9186fb7703f8dbec74d2" ]; then[0m
2026-10-05T17:00:38.3567687Z [36;1m  echo "345321d10d7fb150063e9186fb7703f8dbec74d2" > data/.leaderboard-sha[0m
2026-10-05T17:00:38.3568070Z [36;1mfi[0m
2026-10-05T17:00:38.3629860Z shell: /usr/bin/bash -e {0}
2026-10-05T17:00:38.3630125Z ##[endgroup]
2026-10-05T17:00:38.3747205Z ##[group]Run node scripts/push-data-branches.mjs --problems --misc --prune
2026-10-05T17:00:38.3747764Z [36;1mnode scripts/push-data-branches.mjs --problems --misc --prune[0m
2026-10-05T17:00:38.3748171Z [36;1mnode scripts/publish-deploy.mjs[0m
2026-10-05T17:00:38.3802469Z shell: /usr/bin/bash -e {0}
2026-10-05T17:00:38.3802729Z ##[endgroup]
2026-10-05T17:00:39.3854138Z data/problems: overlaid data/statements from remote tip
2026-10-05T17:00:40.6977195Z data/problems: pushed 6bbd259d6960
2026-10-05T17:00:42.2940910Z data/misc-2026-10-05: pushed 8a9f33af92cc
2026-10-05T17:00:42.4853070Z prune: no data/misc-* branch older than 60 days
2026-10-05T17:00:45.4703131Z deploy: force-pushed orphan e5f328df0cc4 (tree f68673ce5f74), replaced 630f47ce556f
2026-10-05T17:00:45.4877874Z Post job cleanup.
2026-10-05T17:00:45.5766564Z [command]/usr/bin/git version
2026-10-05T17:00:45.5812731Z git version 2.55.0
2026-10-05T17:00:45.5853205Z Temporarily overriding HOME='/home/runner/work/_temp/6022977a-f351-4ad8-9f8a-4e92940a4f32' before making global git config changes
2026-10-05T17:00:45.5854680Z Adding repository directory to the temporary git global config as a safe directory
2026-10-05T17:00:45.5867720Z [command]/usr/bin/git config --global --add safe.directory /home/runner/work/ys_problem_web/ys_problem_web
2026-10-05T17:00:45.5899047Z [command]/usr/bin/git config --local --name-only --get-regexp core\.sshCommand
2026-10-05T17:00:45.5935964Z [command]/usr/bin/git submodule foreach --recursive sh -c "git config --local --name-only --get-regexp 'core\.sshCommand' && git config --local --unset-all 'core.sshCommand' || :"
2026-10-05T17:00:45.6190153Z [command]/usr/bin/git config --local --name-only --get-regexp http\.https\:\/\/github\.com\/\.extraheader
2026-10-05T17:00:45.6219509Z http.https://github.com/.extraheader
2026-10-05T17:00:45.6231640Z [command]/usr/bin/git config --local --unset-all http.https://github.com/.extraheader
2026-10-05T17:00:45.6267803Z [command]/usr/bin/git submodule foreach --recursive sh -c "git config --local --name-only --get-regexp 'http\.https\:\/\/github\.com\/\.extraheader' && git config --local --unset-all 'http.https://github.com/.extraheader' || :"
2026-10-05T17:00:45.6536489Z [command]/usr/bin/git config --local --name-only --get-regexp ^includeIf\.gitdir:
2026-10-05T17:00:45.6577095Z [command]/usr/bin/git submodule foreach --recursive git config --local --show-origin --name-only --get-regexp remote.origin.url
2026-10-05T17:00:45.6977117Z Evaluate and set job outputs
2026-10-05T17:00:45.6982594Z Set output 'changed'
2026-10-05T17:00:45.6984194Z Set output 'lb_changed'
2026-10-05T17:00:45.6985185Z Cleaning up orphan processes
2026-10-05T17:00:45.7386628Z ##[warning]Node.js 20 is deprecated. The following actions target Node.js 20 but are being forced to run on Node.js 24: actions/checkout@v4. For more information see: https://github.blog/changelog/2025-09-19-deprecation-of-node-20-on-github-actions-runners/

