<!--YSLOG {"runId":37202297953,"event":"workflow_dispatch","startedAt":"2026-10-04T12:30:03Z","savedAt":"2026-10-04T12:55:34.876Z","url":"https://github.com/Sam5440/ys_problem_web/actions/runs/37202297953","jobName":"update"}-->
2026-10-04T12:30:04.4509081Z Current runner version: '2.337.0'
2026-10-04T12:30:04.4534646Z ##[group]Runner Image Provisioner
2026-10-04T12:30:04.4535738Z Hosted Compute Agent
2026-10-04T12:30:04.4536207Z Version: 20260901.588
2026-10-04T12:30:04.4536727Z Commit: f88ec8081b781fac6c440065ac7ff9e710ce3d0b
2026-10-04T12:30:04.4537290Z Build Date: 2026-09-01T19:56:44Z
2026-10-04T12:30:04.4537837Z Worker ID: {f5245664-12a3-428c-824e-d79f38f968e3}
2026-10-04T12:30:04.4538428Z Azure Region: centralus
2026-10-04T12:30:04.4538915Z ##[endgroup]
2026-10-04T12:30:04.4540567Z ##[group]Operating System
2026-10-04T12:30:04.4541117Z Ubuntu
2026-10-04T12:30:04.4541525Z 24.04.5
2026-10-04T12:30:04.4541972Z LTS
2026-10-04T12:30:04.4542410Z ##[endgroup]
2026-10-04T12:30:04.4542900Z ##[group]Runner Image
2026-10-04T12:30:04.4543385Z Image: ubuntu-24.04
2026-10-04T12:30:04.4543841Z Version: 20260927.320.1
2026-10-04T12:30:04.4544923Z Included Software: https://github.com/actions/runner-images/blob/ubuntu24/20260927.320/images/ubuntu/Ubuntu2404-Readme.md
2026-10-04T12:30:04.4546112Z Image Release: https://github.com/actions/runner-images/releases/tag/ubuntu24%2F20260927.320
2026-10-04T12:30:04.4546848Z ##[endgroup]
2026-10-04T12:30:04.4547815Z ##[group]GITHUB_TOKEN Permissions
2026-10-04T12:30:04.4550236Z Actions: write
2026-10-04T12:30:04.4550706Z Contents: write
2026-10-04T12:30:04.4551097Z Metadata: read
2026-10-04T12:30:04.4551523Z ##[endgroup]
2026-10-04T12:30:04.4553152Z Secret source: Actions
2026-10-04T12:30:04.4553881Z Cache mode: write
2026-10-04T12:30:04.4554654Z Prepare workflow directory
2026-10-04T12:30:04.5075429Z Prepare all required actions
2026-10-04T12:30:04.5127907Z Getting action download info
2026-10-04T12:30:04.7325551Z Download action repository 'actions/checkout@v4' (SHA:11d5960a326750d5838078e36cf38b85af677262)
2026-10-04T12:30:04.9773784Z Complete job name: update
2026-10-04T12:30:05.0829921Z ##[group]Run actions/checkout@v4
2026-10-04T12:30:05.0830660Z with:
2026-10-04T12:30:05.0831070Z   repository: Sam5440/ys_problem_web
2026-10-04T12:30:05.0833849Z   token: ***
2026-10-04T12:30:05.0834258Z   ssh-strict: true
2026-10-04T12:30:05.0834617Z   ssh-user: git
2026-10-04T12:30:05.0835018Z   persist-credentials: true
2026-10-04T12:30:05.0835408Z   clean: true
2026-10-04T12:30:05.0835806Z   sparse-checkout-cone-mode: true
2026-10-04T12:30:05.0836229Z   fetch-depth: 1
2026-10-04T12:30:05.0836585Z   fetch-tags: false
2026-10-04T12:30:05.0836972Z   show-progress: true
2026-10-04T12:30:05.0837357Z   lfs: false
2026-10-04T12:30:05.0837692Z   submodules: false
2026-10-04T12:30:05.0838064Z   set-safe-directory: true
2026-10-04T12:30:05.0838484Z   allow-unsafe-pr-checkout: false
2026-10-04T12:30:05.0839036Z ##[endgroup]
2026-10-04T12:30:05.1584624Z Syncing repository: Sam5440/ys_problem_web
2026-10-04T12:30:05.1586817Z ##[group]Getting Git version info
2026-10-04T12:30:05.1587787Z Working directory is '/home/runner/work/ys_problem_web/ys_problem_web'
2026-10-04T12:30:05.1589089Z [command]/usr/bin/git version
2026-10-04T12:30:05.1634571Z git version 2.55.0
2026-10-04T12:30:05.1649078Z ##[endgroup]
2026-10-04T12:30:05.1660858Z Temporarily overriding HOME='/home/runner/work/_temp/cddcec03-dff9-4523-a07c-276237b29f81' before making global git config changes
2026-10-04T12:30:05.1663282Z Adding repository directory to the temporary git global config as a safe directory
2026-10-04T12:30:05.1665178Z [command]/usr/bin/git config --global --add safe.directory /home/runner/work/ys_problem_web/ys_problem_web
2026-10-04T12:30:05.1717960Z Deleting the contents of '/home/runner/work/ys_problem_web/ys_problem_web'
2026-10-04T12:30:05.1720432Z ##[group]Initializing the repository
2026-10-04T12:30:05.1722189Z [command]/usr/bin/git init /home/runner/work/ys_problem_web/ys_problem_web
2026-10-04T12:30:05.1929258Z hint: Using 'master' as the name for the initial branch. This default branch name
2026-10-04T12:30:05.1930947Z hint: will change to "main" in Git 3.0. To configure the initial branch name
2026-10-04T12:30:05.1932350Z hint: to use in all of your new repositories, which will suppress this warning,
2026-10-04T12:30:05.1933804Z hint: call:
2026-10-04T12:30:05.1934436Z hint:
2026-10-04T12:30:05.1935289Z hint: 	git config --global init.defaultBranch <name>
2026-10-04T12:30:05.1936174Z hint:
2026-10-04T12:30:05.1936951Z hint: Names commonly chosen instead of 'master' are 'main', 'trunk' and
2026-10-04T12:30:05.1938342Z hint: 'development'. The just-created branch can be renamed via this command:
2026-10-04T12:30:05.1939429Z hint:
2026-10-04T12:30:05.1940552Z hint: 	git branch -m <name>
2026-10-04T12:30:05.1941298Z hint:
2026-10-04T12:30:05.1942426Z hint: Disable this message with "git config set advice.defaultBranchName false"
2026-10-04T12:30:05.1944467Z Initialized empty Git repository in /home/runner/work/ys_problem_web/ys_problem_web/.git/
2026-10-04T12:30:05.1949944Z [command]/usr/bin/git remote add origin https://github.com/Sam5440/ys_problem_web
2026-10-04T12:30:05.2018157Z ##[endgroup]
2026-10-04T12:30:05.2019425Z ##[group]Disabling automatic garbage collection
2026-10-04T12:30:05.2020513Z [command]/usr/bin/git config --local gc.auto 0
2026-10-04T12:30:05.2108222Z ##[endgroup]
2026-10-04T12:30:05.2109274Z ##[group]Setting up auth
2026-10-04T12:30:05.2113305Z [command]/usr/bin/git config --local --name-only --get-regexp core\.sshCommand
2026-10-04T12:30:05.2136024Z [command]/usr/bin/git submodule foreach --recursive sh -c "git config --local --name-only --get-regexp 'core\.sshCommand' && git config --local --unset-all 'core.sshCommand' || :"
2026-10-04T12:30:05.2398171Z [command]/usr/bin/git config --local --name-only --get-regexp http\.https\:\/\/github\.com\/\.extraheader
2026-10-04T12:30:05.2420552Z [command]/usr/bin/git submodule foreach --recursive sh -c "git config --local --name-only --get-regexp 'http\.https\:\/\/github\.com\/\.extraheader' && git config --local --unset-all 'http.https://github.com/.extraheader' || :"
2026-10-04T12:30:05.2562955Z [command]/usr/bin/git config --local --name-only --get-regexp ^includeIf\.gitdir:
2026-10-04T12:30:05.2584939Z [command]/usr/bin/git submodule foreach --recursive git config --local --show-origin --name-only --get-regexp remote.origin.url
2026-10-04T12:30:05.2725422Z [command]/usr/bin/git config --local http.https://github.com/.extraheader AUTHORIZATION: basic ***
2026-10-04T12:30:05.3511582Z ##[endgroup]
2026-10-04T12:30:05.3512258Z ##[group]Fetching the repository
2026-10-04T12:30:05.3513338Z [command]/usr/bin/git -c protocol.version=2 fetch --no-tags --prune --no-recurse-submodules --depth=1 origin +f5f64bd73eaa1a5dc3017f13dca0125cbc557d5f:refs/remotes/origin/main
2026-10-04T12:30:07.4900628Z From https://github.com/Sam5440/ys_problem_web
2026-10-04T12:30:07.4902569Z  * [new ref]         f5f64bd73eaa1a5dc3017f13dca0125cbc557d5f -> origin/main
2026-10-04T12:30:07.4907361Z ##[endgroup]
2026-10-04T12:30:07.4909184Z ##[group]Determining the checkout info
2026-10-04T12:30:07.4911619Z ##[endgroup]
2026-10-04T12:30:07.4912909Z [command]/usr/bin/git sparse-checkout disable
2026-10-04T12:30:07.5714458Z [command]/usr/bin/git config --local --unset-all extensions.worktreeConfig
2026-10-04T12:30:07.5742715Z ##[group]Checking out the ref
2026-10-04T12:30:07.5744361Z [command]/usr/bin/git checkout --progress --force -B main refs/remotes/origin/main
2026-10-04T12:30:07.6751349Z Switched to a new branch 'main'
2026-10-04T12:30:07.6756324Z branch 'main' set up to track 'origin/main'.
2026-10-04T12:30:07.6762759Z ##[endgroup]
2026-10-04T12:30:07.6791408Z [command]/usr/bin/git log -1 --format=%H
2026-10-04T12:30:07.6809927Z f5f64bd73eaa1a5dc3017f13dca0125cbc557d5f
2026-10-04T12:30:07.7011779Z ##[group]Run UPSTREAM_SHA=$(git ls-remote https://github.com/Yawn-Sean/Daily_CF_Problems.git HEAD | cut -f1)
2026-10-04T12:30:07.7014290Z [36;1mUPSTREAM_SHA=$(git ls-remote https://github.com/Yawn-Sean/Daily_CF_Problems.git HEAD | cut -f1)[0m
2026-10-04T12:30:07.7016246Z [36;1mLAST_SHA=$(cat data/.upstream-sha 2>/dev/null || true)[0m
2026-10-04T12:30:07.7017787Z [36;1mif [ -n "$UPSTREAM_SHA" ] && [ "$UPSTREAM_SHA" = "$LAST_SHA" ]; then[0m
2026-10-04T12:30:07.7019789Z [36;1m  echo "Upstream unchanged since last sync — skipping heavy steps."[0m
2026-10-04T12:30:07.7021277Z [36;1m  echo "changed=false" >> "$GITHUB_OUTPUT"[0m
2026-10-04T12:30:07.7022407Z [36;1melse[0m
2026-10-04T12:30:07.7023314Z [36;1m  echo "changed=true" >> "$GITHUB_OUTPUT"[0m
2026-10-04T12:30:07.7024385Z [36;1mfi[0m
2026-10-04T12:30:07.7025299Z [36;1mecho "sha=$UPSTREAM_SHA" >> "$GITHUB_OUTPUT"[0m
2026-10-04T12:30:07.7181191Z shell: /usr/bin/bash -e {0}
2026-10-04T12:30:07.7182490Z ##[endgroup]
2026-10-04T12:30:08.1905657Z Upstream unchanged since last sync — skipping heavy steps.
2026-10-04T12:30:08.1976051Z ##[group]Run npm ci
2026-10-04T12:30:08.1976375Z [36;1mnpm ci[0m
2026-10-04T12:30:08.2007623Z shell: /usr/bin/bash -e {0}
2026-10-04T12:30:08.2007977Z ##[endgroup]
2026-10-04T12:30:14.6910837Z 
2026-10-04T12:30:14.6912617Z added 66 packages, and audited 67 packages in 6s
2026-10-04T12:30:14.6913493Z 
2026-10-04T12:30:14.6913977Z 14 packages are looking for funding
2026-10-04T12:30:14.6914901Z   run `npm fund` for details
2026-10-04T12:30:14.7108471Z 
2026-10-04T12:30:14.7109981Z 2 vulnerabilities (1 moderate, 1 high)
2026-10-04T12:30:14.7139822Z 
2026-10-04T12:30:14.7140641Z To address all issues (including breaking changes), run:
2026-10-04T12:30:14.7141410Z   npm audit fix --force
2026-10-04T12:30:14.7141879Z 
2026-10-04T12:30:14.7142221Z Run `npm audit` for details.
2026-10-04T12:30:14.7417130Z ##[group]Run npx playwright install --with-deps chromium
2026-10-04T12:30:14.7417572Z [36;1mnpx playwright install --with-deps chromium[0m
2026-10-04T12:30:14.7454719Z shell: /usr/bin/bash -e {0}
2026-10-04T12:30:14.7455063Z ##[endgroup]
2026-10-04T12:30:15.2911231Z Installing dependencies...
2026-10-04T12:30:15.2952257Z Switching to root user to install dependencies...
2026-10-04T12:30:15.3676148Z Get:1 file:/etc/apt/apt-mirrors.txt Mirrorlist [144 B]
2026-10-04T12:30:15.4399791Z Hit:2 http://azure.archive.ubuntu.com/ubuntu noble InRelease
2026-10-04T12:30:15.4417722Z Get:6 https://packages.microsoft.com/ubuntu/24.04/prod noble InRelease [3600 B]
2026-10-04T12:30:15.4487675Z Get:3 http://azure.archive.ubuntu.com/ubuntu noble-updates InRelease [126 kB]
2026-10-04T12:30:15.4536847Z Get:4 http://azure.archive.ubuntu.com/ubuntu noble-backports InRelease [126 kB]
2026-10-04T12:30:15.4570576Z Get:5 http://azure.archive.ubuntu.com/ubuntu noble-security InRelease [126 kB]
2026-10-04T12:30:15.5265303Z Get:7 https://packages.microsoft.com/ubuntu/24.04/prod noble/main arm64 Packages [458 kB]
2026-10-04T12:30:15.5430801Z Get:8 https://packages.microsoft.com/ubuntu/24.04/prod noble/main amd64 Packages [511 kB]
2026-10-04T12:30:15.5508657Z Get:9 https://packages.microsoft.com/ubuntu/24.04/prod noble/main armhf Packages [12.6 kB]
2026-10-04T12:30:15.5690578Z Get:10 http://azure.archive.ubuntu.com/ubuntu noble-updates/main amd64 Packages [1364 kB]
2026-10-04T12:30:15.5722349Z Get:11 http://azure.archive.ubuntu.com/ubuntu noble-updates/main Translation-en [304 kB]
2026-10-04T12:30:15.5750475Z Get:12 http://azure.archive.ubuntu.com/ubuntu noble-updates/main amd64 Components [181 kB]
2026-10-04T12:30:15.5850229Z Get:13 http://azure.archive.ubuntu.com/ubuntu noble-updates/universe amd64 Packages [1699 kB]
2026-10-04T12:30:15.5851296Z Get:14 http://azure.archive.ubuntu.com/ubuntu noble-updates/universe Translation-en [341 kB]
2026-10-04T12:30:15.5870726Z Get:15 http://azure.archive.ubuntu.com/ubuntu noble-updates/universe amd64 Components [388 kB]
2026-10-04T12:30:15.5900432Z Get:16 http://azure.archive.ubuntu.com/ubuntu noble-updates/restricted amd64 Packages [1720 kB]
2026-10-04T12:30:15.5930869Z Get:17 http://azure.archive.ubuntu.com/ubuntu noble-updates/restricted Translation-en [394 kB]
2026-10-04T12:30:15.5960574Z Get:18 http://azure.archive.ubuntu.com/ubuntu noble-updates/multiverse amd64 Components [940 B]
2026-10-04T12:30:15.6121327Z Get:19 http://azure.archive.ubuntu.com/ubuntu noble-backports/main amd64 Components [5776 B]
2026-10-04T12:30:15.6551735Z Get:20 http://azure.archive.ubuntu.com/ubuntu noble-backports/universe amd64 Components [12.6 kB]
2026-10-04T12:30:15.6570752Z Get:21 http://azure.archive.ubuntu.com/ubuntu noble-security/main amd64 Packages [1069 kB]
2026-10-04T12:30:15.6600676Z Get:22 http://azure.archive.ubuntu.com/ubuntu noble-security/main Translation-en [221 kB]
2026-10-04T12:30:15.6610988Z Get:23 http://azure.archive.ubuntu.com/ubuntu noble-security/main amd64 Components [46.4 kB]
2026-10-04T12:30:15.6641111Z Get:24 http://azure.archive.ubuntu.com/ubuntu noble-security/universe amd64 Packages [1216 kB]
2026-10-04T12:30:15.6651592Z Get:25 http://azure.archive.ubuntu.com/ubuntu noble-security/universe Translation-en [244 kB]
2026-10-04T12:30:15.6662645Z Get:26 http://azure.archive.ubuntu.com/ubuntu noble-security/universe amd64 Components [76.4 kB]
2026-10-04T12:30:15.6669067Z Get:27 http://azure.archive.ubuntu.com/ubuntu noble-security/restricted amd64 Packages [1566 kB]
2026-10-04T12:30:15.6719764Z Get:28 http://azure.archive.ubuntu.com/ubuntu noble-security/restricted Translation-en [361 kB]
2026-10-04T12:30:22.1488065Z Fetched 12.6 MB in 1s (11.1 MB/s)
2026-10-04T12:30:22.8032962Z Reading package lists...
2026-10-04T12:30:22.8265280Z Reading package lists...
2026-10-04T12:30:22.9608768Z Building dependency tree...
2026-10-04T12:30:22.9614786Z Reading state information...
2026-10-04T12:30:23.1076161Z libasound2t64 is already the newest version (1.2.11-1ubuntu0.3).
2026-10-04T12:30:23.1079003Z libasound2t64 set to manually installed.
2026-10-04T12:30:23.1080205Z libatk-bridge2.0-0t64 is already the newest version (2.52.0-1build1).
2026-10-04T12:30:23.1080980Z libatk-bridge2.0-0t64 set to manually installed.
2026-10-04T12:30:23.1081612Z libatk1.0-0t64 is already the newest version (2.52.0-1build1).
2026-10-04T12:30:23.1082150Z libatk1.0-0t64 set to manually installed.
2026-10-04T12:30:23.1082839Z libatspi2.0-0t64 is already the newest version (2.52.0-1build1).
2026-10-04T12:30:23.1083392Z libatspi2.0-0t64 set to manually installed.
2026-10-04T12:30:23.1084060Z libcairo2 is already the newest version (1.18.0-3build1).
2026-10-04T12:30:23.1084652Z libcairo2 set to manually installed.
2026-10-04T12:30:23.1085226Z libcups2t64 is already the newest version (2.4.7-1.2ubuntu7.14).
2026-10-04T12:30:23.1085821Z libcups2t64 set to manually installed.
2026-10-04T12:30:23.1086383Z libdbus-1-3 is already the newest version (1.14.10-4ubuntu4.1).
2026-10-04T12:30:23.1087063Z libdbus-1-3 set to manually installed.
2026-10-04T12:30:23.1087558Z libdrm2 is already the newest version (2.4.125-1ubuntu0.1~24.04.2).
2026-10-04T12:30:23.1088118Z libdrm2 set to manually installed.
2026-10-04T12:30:23.1088549Z libglib2.0-0t64 is already the newest version (2.80.0-6ubuntu3.9).
2026-10-04T12:30:23.1089051Z libglib2.0-0t64 set to manually installed.
2026-10-04T12:30:23.1089491Z libnspr4 is already the newest version (2:4.35-1.1build1).
2026-10-04T12:30:23.1090030Z libnspr4 set to manually installed.
2026-10-04T12:30:23.1090367Z libnss3 is already the newest version (2:3.98-1ubuntu0.2).
2026-10-04T12:30:23.1090739Z libnss3 set to manually installed.
2026-10-04T12:30:23.1091107Z libpango-1.0-0 is already the newest version (1.52.1+ds-1build1).
2026-10-04T12:30:23.1091497Z libpango-1.0-0 set to manually installed.
2026-10-04T12:30:23.1091877Z libx11-6 is already the newest version (2:1.8.7-1build1).
2026-10-04T12:30:23.1092328Z libx11-6 set to manually installed.
2026-10-04T12:30:23.1092653Z libxcb1 is already the newest version (1.15-1ubuntu2).
2026-10-04T12:30:23.1092977Z libxcb1 set to manually installed.
2026-10-04T12:30:23.1093331Z libxcomposite1 is already the newest version (1:0.4.5-1build3).
2026-10-04T12:30:23.1093721Z libxcomposite1 set to manually installed.
2026-10-04T12:30:23.1094076Z libxdamage1 is already the newest version (1:1.1.6-1build1).
2026-10-04T12:30:23.1094435Z libxdamage1 set to manually installed.
2026-10-04T12:30:23.1094825Z libxext6 is already the newest version (2:1.3.4-1build2).
2026-10-04T12:30:23.1095218Z libxext6 set to manually installed.
2026-10-04T12:30:23.1095546Z libxfixes3 is already the newest version (1:6.0.0-2build1).
2026-10-04T12:30:23.1096084Z libxfixes3 set to manually installed.
2026-10-04T12:30:23.1096493Z libxkbcommon0 is already the newest version (1.6.0-1build1).
2026-10-04T12:30:23.1096958Z libxkbcommon0 set to manually installed.
2026-10-04T12:30:23.1097383Z libxrandr2 is already the newest version (2:1.5.2-2build1).
2026-10-04T12:30:23.1097815Z libxrandr2 set to manually installed.
2026-10-04T12:30:23.1098277Z xvfb is already the newest version (2:21.1.12-1ubuntu1.8).
2026-10-04T12:30:23.1098817Z fonts-noto-color-emoji is already the newest version (2.047-0ubuntu0.24.04.1).
2026-10-04T12:30:23.1099266Z libfontconfig1 is already the newest version (2.15.0-1.1ubuntu2).
2026-10-04T12:30:23.1099770Z libfontconfig1 set to manually installed.
2026-10-04T12:30:23.1100163Z libfreetype6 is already the newest version (2.13.2+dfsg-1ubuntu0.1).
2026-10-04T12:30:23.1100631Z libfreetype6 set to manually installed.
2026-10-04T12:30:23.1101104Z fonts-liberation is already the newest version (1:2.1.5-3).
2026-10-04T12:30:23.1101592Z fonts-liberation set to manually installed.
2026-10-04T12:30:23.1102043Z The following additional packages will be installed:
2026-10-04T12:30:23.1102468Z   libgl1-mesa-dri libglx-mesa0 mesa-libgallium xfonts-encodings xfonts-utils
2026-10-04T12:30:23.1102906Z Recommended packages:
2026-10-04T12:30:23.1103181Z   fonts-ipafont-mincho fonts-tlwg-loma
2026-10-04T12:30:23.1242851Z The following NEW packages will be installed:
2026-10-04T12:30:23.1243771Z   fonts-freefont-ttf fonts-ipafont-gothic fonts-tlwg-loma-otf fonts-unifont
2026-10-04T12:30:23.1248194Z   fonts-wqy-zenhei xfonts-cyrillic xfonts-encodings xfonts-scalable
2026-10-04T12:30:23.1248912Z   xfonts-utils
2026-10-04T12:30:23.1253435Z The following packages will be upgraded:
2026-10-04T12:30:23.1258757Z   libgbm1 libgl1-mesa-dri libglx-mesa0 mesa-libgallium
2026-10-04T12:30:23.1392108Z 4 upgraded, 9 newly installed, 0 to remove and 21 not upgraded.
2026-10-04T12:30:23.1392660Z Need to get 32.1 MB of archives.
2026-10-04T12:30:23.1393082Z After this operation, 79.5 MB of additional disk space will be used.
2026-10-04T12:30:23.1393473Z Get:1 file:/etc/apt/apt-mirrors.txt Mirrorlist [144 B]
2026-10-04T12:30:23.2058344Z Get:2 http://azure.archive.ubuntu.com/ubuntu noble/universe amd64 fonts-ipafont-gothic all 00303-21ubuntu1 [3513 kB]
2026-10-04T12:30:23.2797009Z Get:3 http://azure.archive.ubuntu.com/ubuntu noble/main amd64 fonts-freefont-ttf all 20211204+svn4273-2 [5641 kB]
2026-10-04T12:30:23.3816296Z Get:4 http://azure.archive.ubuntu.com/ubuntu noble/universe amd64 fonts-tlwg-loma-otf all 1:0.7.3-1 [107 kB]
2026-10-04T12:30:23.4198762Z Get:5 http://azure.archive.ubuntu.com/ubuntu noble/universe amd64 fonts-unifont all 1:15.1.01-1build1 [2993 kB]
2026-10-04T12:30:23.5531900Z Get:6 http://azure.archive.ubuntu.com/ubuntu noble/universe amd64 fonts-wqy-zenhei all 0.9.45-8 [7472 kB]
2026-10-04T12:30:23.6741971Z Get:7 http://azure.archive.ubuntu.com/ubuntu noble-updates/main amd64 libgl1-mesa-dri amd64 25.2.8-0ubuntu0.24.04.4 [38.0 kB]
2026-10-04T12:30:23.7926384Z Get:8 http://azure.archive.ubuntu.com/ubuntu noble-updates/main amd64 libglx-mesa0 amd64 25.2.8-0ubuntu0.24.04.4 [110 kB]
2026-10-04T12:30:23.8219829Z Get:9 http://azure.archive.ubuntu.com/ubuntu noble-updates/main amd64 libgbm1 amd64 25.2.8-0ubuntu0.24.04.4 [34.2 kB]
2026-10-04T12:30:23.8526776Z Get:10 http://azure.archive.ubuntu.com/ubuntu noble-updates/main amd64 mesa-libgallium amd64 25.2.8-0ubuntu0.24.04.4 [10.8 MB]
2026-10-04T12:30:23.9721517Z Get:11 http://azure.archive.ubuntu.com/ubuntu noble/main amd64 xfonts-encodings all 1:1.0.5-0ubuntu2 [578 kB]
2026-10-04T12:30:24.0223574Z Get:12 http://azure.archive.ubuntu.com/ubuntu noble/main amd64 xfonts-utils amd64 1:7.7+6build3 [94.4 kB]
2026-10-04T12:30:24.0514802Z Get:13 http://azure.archive.ubuntu.com/ubuntu noble/universe amd64 xfonts-cyrillic all 1:1.0.5+nmu1 [384 kB]
2026-10-04T12:30:24.1056651Z Get:14 http://azure.archive.ubuntu.com/ubuntu noble/main amd64 xfonts-scalable all 1:1.0.3-1.3 [304 kB]
2026-10-04T12:30:24.3237052Z Fetched 32.1 MB in 1s (32.3 MB/s)
2026-10-04T12:30:24.6744064Z Selecting previously unselected package fonts-ipafont-gothic.
2026-10-04T12:30:24.7308096Z (Reading database ... 
2026-10-04T12:30:24.7308555Z (Reading database ... 5%
2026-10-04T12:30:24.7308809Z (Reading database ... 10%
2026-10-04T12:30:24.7309102Z (Reading database ... 15%
2026-10-04T12:30:24.7309364Z (Reading database ... 20%
2026-10-04T12:30:24.7309859Z (Reading database ... 25%
2026-10-04T12:30:24.7310103Z (Reading database ... 30%
2026-10-04T12:30:24.7310347Z (Reading database ... 35%
2026-10-04T12:30:24.7310586Z (Reading database ... 40%
2026-10-04T12:30:24.7310815Z (Reading database ... 45%
2026-10-04T12:30:24.7311029Z (Reading database ... 50%
2026-10-04T12:30:24.7565153Z (Reading database ... 55%
2026-10-04T12:30:24.8605146Z (Reading database ... 60%
2026-10-04T12:30:25.0675097Z (Reading database ... 65%
2026-10-04T12:30:25.2585607Z (Reading database ... 70%
2026-10-04T12:30:25.4198307Z (Reading database ... 75%
2026-10-04T12:30:25.6107446Z (Reading database ... 80%
2026-10-04T12:30:25.7631724Z (Reading database ... 85%
2026-10-04T12:30:25.9421364Z (Reading database ... 90%
2026-10-04T12:30:26.1379400Z (Reading database ... 95%
2026-10-04T12:30:26.1380268Z (Reading database ... 100%
2026-10-04T12:30:26.1380590Z (Reading database ... 202296 files and directories currently installed.)
2026-10-04T12:30:26.1420769Z Preparing to unpack .../00-fonts-ipafont-gothic_00303-21ubuntu1_all.deb ...
2026-10-04T12:30:26.1874837Z Unpacking fonts-ipafont-gothic (00303-21ubuntu1) ...
2026-10-04T12:30:26.7606947Z Selecting previously unselected package fonts-freefont-ttf.
2026-10-04T12:30:26.7709021Z Preparing to unpack .../01-fonts-freefont-ttf_20211204+svn4273-2_all.deb ...
2026-10-04T12:30:26.7721821Z Unpacking fonts-freefont-ttf (20211204+svn4273-2) ...
2026-10-04T12:30:26.8838654Z Selecting previously unselected package fonts-tlwg-loma-otf.
2026-10-04T12:30:26.8946680Z Preparing to unpack .../02-fonts-tlwg-loma-otf_1%3a0.7.3-1_all.deb ...
2026-10-04T12:30:26.8954296Z Unpacking fonts-tlwg-loma-otf (1:0.7.3-1) ...
2026-10-04T12:30:26.9137719Z Selecting previously unselected package fonts-unifont.
2026-10-04T12:30:26.9246517Z Preparing to unpack .../03-fonts-unifont_1%3a15.1.01-1build1_all.deb ...
2026-10-04T12:30:26.9255865Z Unpacking fonts-unifont (1:15.1.01-1build1) ...
2026-10-04T12:30:27.1314463Z Selecting previously unselected package fonts-wqy-zenhei.
2026-10-04T12:30:27.1413539Z Preparing to unpack .../04-fonts-wqy-zenhei_0.9.45-8_all.deb ...
2026-10-04T12:30:27.1489146Z Unpacking fonts-wqy-zenhei (0.9.45-8) ...
2026-10-04T12:30:27.6339312Z Preparing to unpack .../05-libgl1-mesa-dri_25.2.8-0ubuntu0.24.04.4_amd64.deb ...
2026-10-04T12:30:27.6450303Z Unpacking libgl1-mesa-dri:amd64 (25.2.8-0ubuntu0.24.04.4) over (25.2.8-0ubuntu0.24.04.2) ...
2026-10-04T12:30:27.6851681Z Preparing to unpack .../06-libglx-mesa0_25.2.8-0ubuntu0.24.04.4_amd64.deb ...
2026-10-04T12:30:27.6886607Z Unpacking libglx-mesa0:amd64 (25.2.8-0ubuntu0.24.04.4) over (25.2.8-0ubuntu0.24.04.2) ...
2026-10-04T12:30:27.7196360Z Preparing to unpack .../07-libgbm1_25.2.8-0ubuntu0.24.04.4_amd64.deb ...
2026-10-04T12:30:27.7230191Z Unpacking libgbm1:amd64 (25.2.8-0ubuntu0.24.04.4) over (25.2.8-0ubuntu0.24.04.2) ...
2026-10-04T12:30:27.7603559Z Preparing to unpack .../08-mesa-libgallium_25.2.8-0ubuntu0.24.04.4_amd64.deb ...
2026-10-04T12:30:27.7631007Z Unpacking mesa-libgallium:amd64 (25.2.8-0ubuntu0.24.04.4) over (25.2.8-0ubuntu0.24.04.2) ...
2026-10-04T12:30:28.1270497Z Selecting previously unselected package xfonts-encodings.
2026-10-04T12:30:28.1378612Z Preparing to unpack .../09-xfonts-encodings_1%3a1.0.5-0ubuntu2_all.deb ...
2026-10-04T12:30:28.1388537Z Unpacking xfonts-encodings (1:1.0.5-0ubuntu2) ...
2026-10-04T12:30:28.1590031Z Selecting previously unselected package xfonts-utils.
2026-10-04T12:30:28.1692802Z Preparing to unpack .../10-xfonts-utils_1%3a7.7+6build3_amd64.deb ...
2026-10-04T12:30:28.1700232Z Unpacking xfonts-utils (1:7.7+6build3) ...
2026-10-04T12:30:28.1952487Z Selecting previously unselected package xfonts-cyrillic.
2026-10-04T12:30:28.2043951Z Preparing to unpack .../11-xfonts-cyrillic_1%3a1.0.5+nmu1_all.deb ...
2026-10-04T12:30:28.2050809Z Unpacking xfonts-cyrillic (1:1.0.5+nmu1) ...
2026-10-04T12:30:28.2249088Z Selecting previously unselected package xfonts-scalable.
2026-10-04T12:30:28.2329456Z Preparing to unpack .../12-xfonts-scalable_1%3a1.0.3-1.3_all.deb ...
2026-10-04T12:30:28.2337947Z Unpacking xfonts-scalable (1:1.0.3-1.3) ...
2026-10-04T12:30:28.2714883Z Setting up mesa-libgallium:amd64 (25.2.8-0ubuntu0.24.04.4) ...
2026-10-04T12:30:28.2741463Z Setting up libgbm1:amd64 (25.2.8-0ubuntu0.24.04.4) ...
2026-10-04T12:30:28.2761706Z Setting up libgl1-mesa-dri:amd64 (25.2.8-0ubuntu0.24.04.4) ...
2026-10-04T12:30:28.2820806Z Setting up fonts-wqy-zenhei (0.9.45-8) ...
2026-10-04T12:30:28.3095797Z Setting up fonts-freefont-ttf (20211204+svn4273-2) ...
2026-10-04T12:30:28.3114459Z Setting up fonts-tlwg-loma-otf (1:0.7.3-1) ...
2026-10-04T12:30:28.3136714Z Setting up xfonts-encodings (1:1.0.5-0ubuntu2) ...
2026-10-04T12:30:28.3156422Z Setting up fonts-ipafont-gothic (00303-21ubuntu1) ...
2026-10-04T12:30:28.3208006Z update-alternatives: using /usr/share/fonts/opentype/ipafont-gothic/ipag.ttf to provide /usr/share/fonts/truetype/fonts-japanese-gothic.ttf (fonts-japanese-gothic.ttf) in auto mode
2026-10-04T12:30:28.3224434Z Setting up fonts-unifont (1:15.1.01-1build1) ...
2026-10-04T12:30:28.3246797Z Setting up libglx-mesa0:amd64 (25.2.8-0ubuntu0.24.04.4) ...
2026-10-04T12:30:28.3268856Z Setting up xfonts-utils (1:7.7+6build3) ...
2026-10-04T12:30:28.3307951Z Setting up xfonts-cyrillic (1:1.0.5+nmu1) ...
2026-10-04T12:30:28.3524396Z Setting up xfonts-scalable (1:1.0.3-1.3) ...
2026-10-04T12:30:28.3717386Z Processing triggers for libc-bin (2.39-0ubuntu8.9) ...
2026-10-04T12:30:28.5581575Z Processing triggers for man-db (2.12.0-4build2) ...
2026-10-04T12:30:28.5604174Z Not building database; man-db/auto-update is not 'true'.
2026-10-04T12:30:28.5618286Z Processing triggers for fontconfig (2.15.0-1.1ubuntu2) ...
2026-10-04T12:30:29.0513490Z 
2026-10-04T12:30:29.0514494Z Running kernel seems to be up-to-date.
2026-10-04T12:30:29.0514841Z 
2026-10-04T12:30:29.0515763Z No services need to be restarted.
2026-10-04T12:30:29.0516232Z 
2026-10-04T12:30:29.0516363Z No containers need to be restarted.
2026-10-04T12:30:29.0516583Z 
2026-10-04T12:30:29.0516869Z No user sessions are running outdated binaries.
2026-10-04T12:30:29.0517129Z 
2026-10-04T12:30:29.0517430Z No VM guests are running outdated hypervisor (qemu) binaries on this host.
2026-10-04T12:30:29.7305288Z Downloading Chrome for Testing 153.0.8010.12 (playwright chromium v1243) from https://cdn.playwright.dev/builds/cft/153.0.8010.12/linux64/chrome-linux64.zip
2026-10-04T12:30:30.0992360Z |                                                                                |   0% of 186.8 MiB
2026-10-04T12:30:30.3826904Z |■■■■■■■■                                                                        |  10% of 186.8 MiB
2026-10-04T12:30:30.4515563Z |■■■■■■■■■■■■■■■■                                                                |  20% of 186.8 MiB
2026-10-04T12:30:30.5241197Z |■■■■■■■■■■■■■■■■■■■■■■■■                                                        |  30% of 186.8 MiB
2026-10-04T12:30:30.5977803Z |■■■■■■■■■■■■■■■■■■■■■■■■■■■■■■■■                                                |  40% of 186.8 MiB
2026-10-04T12:30:30.6718786Z |■■■■■■■■■■■■■■■■■■■■■■■■■■■■■■■■■■■■■■■■                                        |  50% of 186.8 MiB
2026-10-04T12:30:30.7422738Z |■■■■■■■■■■■■■■■■■■■■■■■■■■■■■■■■■■■■■■■■■■■■■■■■                                |  60% of 186.8 MiB
2026-10-04T12:30:30.8157622Z |■■■■■■■■■■■■■■■■■■■■■■■■■■■■■■■■■■■■■■■■■■■■■■■■■■■■■■■■                        |  70% of 186.8 MiB
2026-10-04T12:30:30.8875150Z |■■■■■■■■■■■■■■■■■■■■■■■■■■■■■■■■■■■■■■■■■■■■■■■■■■■■■■■■■■■■■■■■                |  80% of 186.8 MiB
2026-10-04T12:30:30.9686104Z |■■■■■■■■■■■■■■■■■■■■■■■■■■■■■■■■■■■■■■■■■■■■■■■■■■■■■■■■■■■■■■■■■■■■■■■■        |  90% of 186.8 MiB
2026-10-04T12:30:31.0453092Z |■■■■■■■■■■■■■■■■■■■■■■■■■■■■■■■■■■■■■■■■■■■■■■■■■■■■■■■■■■■■■■■■■■■■■■■■■■■■■■■■| 100% of 186.8 MiB
2026-10-04T12:30:33.6460908Z Chrome for Testing 153.0.8010.12 (playwright chromium v1243) downloaded to /home/runner/.cache/ms-playwright/chromium-1243
2026-10-04T12:30:33.6463113Z Downloading FFmpeg (playwright ffmpeg v1011) from https://cdn.playwright.dev/dbazure/download/playwright/builds/ffmpeg/1011/ffmpeg-linux.zip
2026-10-04T12:30:33.9416564Z |                                                                                |   0% of 2.3 MiB
2026-10-04T12:30:33.9664572Z |■■■■■■■■                                                                        |  10% of 2.3 MiB
2026-10-04T12:30:33.9754348Z |■■■■■■■■■■■■■■■■                                                                |  20% of 2.3 MiB
2026-10-04T12:30:33.9833485Z |■■■■■■■■■■■■■■■■■■■■■■■■                                                        |  30% of 2.3 MiB
2026-10-04T12:30:33.9904309Z |■■■■■■■■■■■■■■■■■■■■■■■■■■■■■■■■                                                |  40% of 2.3 MiB
2026-10-04T12:30:33.9953784Z |■■■■■■■■■■■■■■■■■■■■■■■■■■■■■■■■■■■■■■■■                                        |  50% of 2.3 MiB
2026-10-04T12:30:33.9996802Z |■■■■■■■■■■■■■■■■■■■■■■■■■■■■■■■■■■■■■■■■■■■■■■■■                                |  60% of 2.3 MiB
2026-10-04T12:30:34.0021017Z |■■■■■■■■■■■■■■■■■■■■■■■■■■■■■■■■■■■■■■■■■■■■■■■■■■■■■■■■                        |  70% of 2.3 MiB
2026-10-04T12:30:34.0081471Z |■■■■■■■■■■■■■■■■■■■■■■■■■■■■■■■■■■■■■■■■■■■■■■■■■■■■■■■■■■■■■■■■                |  80% of 2.3 MiB
2026-10-04T12:30:34.0090014Z |■■■■■■■■■■■■■■■■■■■■■■■■■■■■■■■■■■■■■■■■■■■■■■■■■■■■■■■■■■■■■■■■■■■■■■■■        |  90% of 2.3 MiB
2026-10-04T12:30:34.0121809Z |■■■■■■■■■■■■■■■■■■■■■■■■■■■■■■■■■■■■■■■■■■■■■■■■■■■■■■■■■■■■■■■■■■■■■■■■■■■■■■■■| 100% of 2.3 MiB
2026-10-04T12:30:34.0584499Z FFmpeg (playwright ffmpeg v1011) downloaded to /home/runner/.cache/ms-playwright/ffmpeg-1011
2026-10-04T12:30:34.0585576Z Downloading Chrome Headless Shell 153.0.8010.12 (playwright chromium-headless-shell v1243) from https://cdn.playwright.dev/builds/cft/153.0.8010.12/linux64/chrome-headless-shell-linux64.zip
2026-10-04T12:30:34.3766272Z |                                                                                |   0% of 114.3 MiB
2026-10-04T12:30:34.6348067Z |■■■■■■■■                                                                        |  10% of 114.3 MiB
2026-10-04T12:30:34.6783738Z |■■■■■■■■■■■■■■■■                                                                |  20% of 114.3 MiB
2026-10-04T12:30:34.7122367Z |■■■■■■■■■■■■■■■■■■■■■■■■                                                        |  30% of 114.3 MiB
2026-10-04T12:30:34.7434512Z |■■■■■■■■■■■■■■■■■■■■■■■■■■■■■■■■                                                |  40% of 114.3 MiB
2026-10-04T12:30:34.7664657Z |■■■■■■■■■■■■■■■■■■■■■■■■■■■■■■■■■■■■■■■■                                        |  50% of 114.3 MiB
2026-10-04T12:30:34.7877972Z |■■■■■■■■■■■■■■■■■■■■■■■■■■■■■■■■■■■■■■■■■■■■■■■■                                |  60% of 114.3 MiB
2026-10-04T12:30:34.8127138Z |■■■■■■■■■■■■■■■■■■■■■■■■■■■■■■■■■■■■■■■■■■■■■■■■■■■■■■■■                        |  70% of 114.3 MiB
2026-10-04T12:30:34.8357320Z |■■■■■■■■■■■■■■■■■■■■■■■■■■■■■■■■■■■■■■■■■■■■■■■■■■■■■■■■■■■■■■■■                |  80% of 114.3 MiB
2026-10-04T12:30:34.8614490Z |■■■■■■■■■■■■■■■■■■■■■■■■■■■■■■■■■■■■■■■■■■■■■■■■■■■■■■■■■■■■■■■■■■■■■■■■        |  90% of 114.3 MiB
2026-10-04T12:30:34.8841934Z |■■■■■■■■■■■■■■■■■■■■■■■■■■■■■■■■■■■■■■■■■■■■■■■■■■■■■■■■■■■■■■■■■■■■■■■■■■■■■■■■| 100% of 114.3 MiB
2026-10-04T12:30:36.7933777Z Chrome Headless Shell 153.0.8010.12 (playwright chromium-headless-shell v1243) downloaded to /home/runner/.cache/ms-playwright/chromium_headless_shell-1243
2026-10-04T12:30:36.8131878Z ##[group]Run CF_STATEMENTS=0 TRANSLATE=0 node scripts/update-data.mjs
2026-10-04T12:30:36.8132301Z [36;1mCF_STATEMENTS=0 TRANSLATE=0 node scripts/update-data.mjs[0m
2026-10-04T12:30:36.8166382Z shell: /usr/bin/bash -e {0}
2026-10-04T12:30:36.8166694Z env:
2026-10-04T12:30:36.8168836Z   GITHUB_TOKEN: ***
2026-10-04T12:30:36.8169061Z ##[endgroup]
2026-10-04T12:30:36.9120167Z Discovering daily problem folders...
2026-10-04T12:30:37.8361122Z Found 814 days, syncing the most recent 814.
2026-10-04T12:30:38.3504762Z   2026-10-05: 2 problems
2026-10-04T12:30:38.6037980Z   2026-10-03: 2 problems
2026-10-04T12:30:38.8789321Z   2026-10-02: 2 problems
2026-10-04T12:30:39.1705605Z   2026-10-01: 2 problems
2026-10-04T12:30:39.4044842Z   2026-09-30: 2 problems
2026-10-04T12:30:39.6391593Z   2026-09-29: 2 problems
2026-10-04T12:30:39.8912738Z   2026-09-28: 2 problems
2026-10-04T12:30:40.1040879Z   2026-09-26: 2 problems
2026-10-04T12:30:40.3444729Z   2026-09-25: 2 problems
2026-10-04T12:30:40.7052772Z   2026-09-24: 2 problems
2026-10-04T12:30:40.9080464Z   2026-09-23: 2 problems
2026-10-04T12:30:41.1657093Z   2026-09-22: 2 problems
2026-10-04T12:30:41.4198073Z   2026-09-21: 2 problems
2026-10-04T12:30:41.6580955Z   2026-09-19: 2 problems
2026-10-04T12:30:41.9282268Z   2026-09-18: 2 problems
2026-10-04T12:30:42.2176345Z   2026-09-17: 2 problems
2026-10-04T12:30:42.4687714Z   2026-09-16: 2 problems
2026-10-04T12:30:42.7024709Z   2026-09-15: 2 problems
2026-10-04T12:30:42.8509268Z   2026-09-14: 2 problems
2026-10-04T12:30:43.2014723Z   2026-09-12: 2 problems
2026-10-04T12:30:43.4895959Z   2026-09-11: 2 problems
2026-10-04T12:30:43.6928754Z   2026-09-10: 2 problems
2026-10-04T12:30:43.9855073Z   2026-09-09: 2 problems
2026-10-04T12:30:44.2573384Z   2026-09-08: 2 problems
2026-10-04T12:30:44.4848777Z   2026-09-07: 2 problems
2026-10-04T12:30:44.7237920Z   2026-09-05: 2 problems
2026-10-04T12:30:44.9299736Z   2026-09-04: 2 problems
2026-10-04T12:30:45.1691396Z   2026-09-03: 2 problems
2026-10-04T12:30:45.4286816Z   2026-09-02: 2 problems
2026-10-04T12:30:45.7001846Z   2026-09-01: 2 problems
2026-10-04T12:30:45.9107072Z   2026-08-31: 2 problems
2026-10-04T12:30:46.1854884Z   2026-08-29: 2 problems
2026-10-04T12:30:46.4013825Z   2026-08-28: 2 problems
2026-10-04T12:30:46.7185431Z   2026-08-27: 2 problems
2026-10-04T12:30:46.9186810Z   2026-08-26: 2 problems
2026-10-04T12:30:47.1898705Z   2026-08-25: 2 problems
2026-10-04T12:30:47.4485197Z   2026-08-24: 2 problems
2026-10-04T12:30:47.9043818Z   2026-08-22: 2 problems
2026-10-04T12:30:48.1277881Z   2026-08-21: 2 problems
2026-10-04T12:30:48.3494049Z   2026-08-20: 2 problems
2026-10-04T12:30:48.5511871Z   2026-08-19: 2 problems
2026-10-04T12:30:48.8045213Z   2026-08-18: 2 problems
2026-10-04T12:30:49.0664067Z   2026-08-17: 2 problems
2026-10-04T12:30:49.3161806Z   2026-08-15: 2 problems
2026-10-04T12:30:49.6694152Z   2026-08-14: 2 problems
2026-10-04T12:30:49.8696427Z   2026-08-13: 2 problems
2026-10-04T12:30:50.0911887Z   2026-08-12: 2 problems
2026-10-04T12:30:50.3002373Z   2026-08-11: 2 problems
2026-10-04T12:30:50.5095675Z   2026-08-10: 2 problems
2026-10-04T12:30:50.7196809Z   2026-08-08: 2 problems
2026-10-04T12:30:50.9083073Z   2026-08-07: 2 problems
2026-10-04T12:30:51.0953542Z   2026-08-06: 2 problems
2026-10-04T12:30:51.3011521Z   2026-08-05: 2 problems
2026-10-04T12:30:51.5150290Z   2026-08-04: 2 problems
2026-10-04T12:30:51.7370014Z   2026-08-03: 2 problems
2026-10-04T12:30:51.9381684Z   2026-08-01: 2 problems
2026-10-04T12:30:52.0470955Z   2026-07-31: 2 problems
2026-10-04T12:30:52.2452119Z   2026-07-30: 2 problems
2026-10-04T12:30:52.4653001Z   2026-07-29: 2 problems
2026-10-04T12:30:52.7048470Z   2026-07-28: 2 problems
2026-10-04T12:30:52.9041526Z   2026-07-27: 2 problems
2026-10-04T12:30:53.1151457Z   2026-07-25: 2 problems
2026-10-04T12:30:53.3725292Z   2026-07-24: 2 problems
2026-10-04T12:30:53.5438821Z   2026-07-23: 2 problems
2026-10-04T12:30:53.7741171Z   2026-07-22: 2 problems
2026-10-04T12:30:53.9868296Z   2026-07-21: 2 problems
2026-10-04T12:30:54.2165683Z   2026-07-16: 2 problems
2026-10-04T12:30:54.4271086Z   2026-07-15: 2 problems
2026-10-04T12:30:54.6456077Z   2026-07-14: 2 problems
2026-10-04T12:30:54.8791948Z   2026-07-13: 2 problems
2026-10-04T12:30:55.0560620Z   2026-07-11: 2 problems
2026-10-04T12:30:55.2831325Z   2026-07-10: 2 problems
2026-10-04T12:30:55.5404339Z   2026-07-09: 2 problems
2026-10-04T12:30:55.8005225Z   2026-07-08: 2 problems
2026-10-04T12:30:56.0310570Z   2026-07-07: 2 problems
2026-10-04T12:30:56.2515806Z   2026-07-06: 2 problems
2026-10-04T12:30:56.5604494Z   2026-07-04: 2 problems
2026-10-04T12:30:56.7975546Z   2026-07-03: 2 problems
2026-10-04T12:30:57.0083802Z   2026-07-02: 2 problems
2026-10-04T12:30:57.2435407Z   2026-07-01: 2 problems
2026-10-04T12:30:57.4351365Z   2026-06-30: 2 problems
2026-10-04T12:30:57.6786499Z   2026-06-29: 2 problems
2026-10-04T12:30:57.9245249Z   2026-06-27: 2 problems
2026-10-04T12:30:58.1474835Z   2026-06-26: 2 problems
2026-10-04T12:30:58.3974742Z   2026-06-25: 2 problems
2026-10-04T12:30:58.6602250Z   2026-06-24: 2 problems
2026-10-04T12:30:58.8763989Z   2026-06-23: 2 problems
2026-10-04T12:30:59.1376788Z   2026-06-22: 2 problems
2026-10-04T12:30:59.2620073Z   2026-06-20: 1 problems
2026-10-04T12:30:59.4930651Z   2026-06-19: 2 problems
2026-10-04T12:30:59.7230323Z   2026-06-18: 2 problems
2026-10-04T12:30:59.9280543Z   2026-06-17: 2 problems
2026-10-04T12:31:00.1425243Z   2026-06-16: 2 problems
2026-10-04T12:31:00.3493488Z   2026-06-15: 2 problems
2026-10-04T12:31:00.5719313Z   2026-06-13: 2 problems
2026-10-04T12:31:00.8430940Z   2026-06-12: 2 problems
2026-10-04T12:31:01.5375444Z   2026-06-11: 2 problems
2026-10-04T12:31:01.7247475Z   2026-06-10: 2 problems
2026-10-04T12:31:01.9477833Z   2026-06-09: 2 problems
2026-10-04T12:31:02.1539360Z   2026-06-08: 2 problems
2026-10-04T12:31:02.3586446Z   2026-06-06: 2 problems
2026-10-04T12:31:02.6679141Z   2026-06-05: 2 problems
2026-10-04T12:31:02.9210826Z   2026-06-04: 2 problems
2026-10-04T12:31:03.1284145Z   2026-06-03: 2 problems
2026-10-04T12:31:03.4445430Z   2026-06-02: 2 problems
2026-10-04T12:31:03.6738221Z   2026-06-01: 2 problems
2026-10-04T12:31:03.9220322Z   2026-05-30: 2 problems
2026-10-04T12:31:04.1572230Z   2026-05-29: 2 problems
2026-10-04T12:31:04.3886149Z   2026-05-28: 2 problems
2026-10-04T12:31:04.5684682Z   2026-05-27: 2 problems
2026-10-04T12:31:04.7250664Z   2026-05-26: 2 problems
2026-10-04T12:31:04.9576282Z   2026-05-25: 2 problems
2026-10-04T12:31:05.1854721Z   2026-05-23: 2 problems
2026-10-04T12:31:05.4093525Z   2026-05-22: 2 problems
2026-10-04T12:31:05.6154438Z   2026-05-21: 2 problems
2026-10-04T12:31:05.8739231Z   2026-05-20: 2 problems
2026-10-04T12:31:06.0999047Z   2026-05-19: 2 problems
2026-10-04T12:31:06.3357639Z   2026-05-18: 2 problems
2026-10-04T12:31:06.7286670Z   2026-05-16: 2 problems
2026-10-04T12:31:06.9896954Z   2026-05-15: 2 problems
2026-10-04T12:31:07.2030179Z   2026-05-14: 2 problems
2026-10-04T12:31:07.3933618Z   2026-05-13: 2 problems
2026-10-04T12:31:07.6498801Z   2026-05-12: 2 problems
2026-10-04T12:31:07.8659456Z   2026-05-11: 2 problems
2026-10-04T12:31:08.0834946Z   2026-05-09: 2 problems
2026-10-04T12:31:08.2674233Z   2026-05-08: 2 problems
2026-10-04T12:31:08.4371228Z   2026-05-07: 2 problems
2026-10-04T12:31:08.6877550Z   2026-05-06: 2 problems
2026-10-04T12:31:08.9180928Z   2026-05-05: 2 problems
2026-10-04T12:31:09.1372977Z   2026-05-04: 2 problems
2026-10-04T12:31:09.3871508Z   2026-05-02: 2 problems
2026-10-04T12:31:09.6247716Z   2026-05-01: 2 problems
2026-10-04T12:31:09.8112145Z   2026-04-30: 2 problems
2026-10-04T12:31:10.1733624Z   2026-04-29: 2 problems
2026-10-04T12:31:10.4647822Z   2026-04-28: 2 problems
2026-10-04T12:31:10.6963798Z   2026-04-27: 2 problems
2026-10-04T12:31:10.9089484Z   2026-04-25: 2 problems
2026-10-04T12:31:11.1230491Z   2026-04-24: 2 problems
2026-10-04T12:31:11.3516146Z   2026-04-23: 2 problems
2026-10-04T12:31:11.5440868Z   2026-04-22: 2 problems
2026-10-04T12:31:11.7944651Z   2026-04-21: 2 problems
2026-10-04T12:31:12.0305878Z   2026-04-20: 2 problems
2026-10-04T12:31:12.2385248Z   2026-04-18: 2 problems
2026-10-04T12:31:12.4505697Z   2026-04-17: 2 problems
2026-10-04T12:31:12.6720716Z   2026-04-16: 2 problems
2026-10-04T12:31:12.8508504Z   2026-04-15: 2 problems
2026-10-04T12:31:13.1275180Z   2026-04-14: 2 problems
2026-10-04T12:31:13.3710395Z   2026-04-13: 2 problems
2026-10-04T12:31:13.5922087Z   2026-04-11: 2 problems
2026-10-04T12:31:13.8296183Z   2026-04-10: 2 problems
2026-10-04T12:31:14.0492199Z   2026-04-09: 2 problems
2026-10-04T12:31:14.2188072Z   2026-04-08: 2 problems
2026-10-04T12:31:14.4331991Z   2026-04-07: 2 problems
2026-10-04T12:31:14.6144577Z   2026-04-06: 2 problems
2026-10-04T12:31:14.8865824Z   2026-04-04: 2 problems
2026-10-04T12:31:15.1149217Z   2026-04-03: 2 problems
2026-10-04T12:31:15.3915888Z   2026-04-02: 2 problems
2026-10-04T12:31:15.6223974Z   2026-04-01: 2 problems
2026-10-04T12:31:15.8561289Z   2026-03-31: 2 problems
2026-10-04T12:31:16.0770628Z   2026-03-30: 2 problems
2026-10-04T12:31:16.2920616Z   2026-03-28: 2 problems
2026-10-04T12:31:16.5711480Z   2026-03-27: 2 problems
2026-10-04T12:31:16.8043927Z   2026-03-26: 2 problems
2026-10-04T12:31:17.0512813Z   2026-03-25: 2 problems
2026-10-04T12:31:17.2539896Z   2026-03-24: 2 problems
2026-10-04T12:31:17.6147039Z   2026-03-23: 2 problems
2026-10-04T12:31:17.9342495Z   2026-03-21: 2 problems
2026-10-04T12:31:18.2590099Z   2026-03-20: 2 problems
2026-10-04T12:31:18.7132338Z   2026-03-19: 2 problems
2026-10-04T12:31:18.9638231Z   2026-03-18: 2 problems
2026-10-04T12:31:19.3624290Z   2026-03-17: 2 problems
2026-10-04T12:31:19.6188346Z   2026-03-16: 2 problems
2026-10-04T12:31:19.8244472Z   2026-03-14: 2 problems
2026-10-04T12:31:20.0923568Z   2026-03-13: 2 problems
2026-10-04T12:31:20.3802886Z   2026-03-12: 2 problems
2026-10-04T12:31:20.6399485Z   2026-03-11: 2 problems
2026-10-04T12:31:20.8588600Z   2026-03-10: 2 problems
2026-10-04T12:31:21.1040269Z   2026-03-09: 2 problems
2026-10-04T12:31:21.3919984Z   2026-03-07: 2 problems
2026-10-04T12:31:21.6223996Z   2026-03-06: 2 problems
2026-10-04T12:31:21.8303128Z   2026-03-05: 2 problems
2026-10-04T12:31:22.0580233Z   2026-03-04: 2 problems
2026-10-04T12:31:22.2713242Z   2026-03-03: 2 problems
2026-10-04T12:31:22.5385186Z   2026-03-02: 2 problems
2026-10-04T12:31:22.8063984Z   2026-02-28: 2 problems
2026-10-04T12:31:23.0745024Z   2026-02-27: 2 problems
2026-10-04T12:31:23.3100564Z   2026-02-26: 2 problems
2026-10-04T12:31:23.5679109Z   2026-02-25: 2 problems
2026-10-04T12:31:23.7807836Z   2026-02-24: 2 problems
2026-10-04T12:31:24.0187489Z   2026-02-23: 2 problems
2026-10-04T12:31:24.2985016Z   2026-02-21: 2 problems
2026-10-04T12:31:24.5053886Z   2026-02-20: 2 problems
2026-10-04T12:31:24.7184953Z   2026-02-19: 2 problems
2026-10-04T12:31:24.9261823Z   2026-02-18: 2 problems
2026-10-04T12:31:25.1263954Z   2026-02-17: 2 problems
2026-10-04T12:31:25.3400155Z   2026-02-16: 2 problems
2026-10-04T12:31:25.5760815Z   2026-02-14: 2 problems
2026-10-04T12:31:25.8020392Z   2026-02-13: 2 problems
2026-10-04T12:31:26.0025594Z   2026-02-12: 2 problems
2026-10-04T12:31:26.2196624Z   2026-02-11: 2 problems
2026-10-04T12:31:26.4351703Z   2026-02-10: 2 problems
2026-10-04T12:31:26.6787409Z   2026-02-09: 2 problems
2026-10-04T12:31:26.9539401Z   2026-02-07: 2 problems
2026-10-04T12:31:27.2293314Z   2026-02-06: 2 problems
2026-10-04T12:31:27.5155413Z   2026-02-05: 2 problems
2026-10-04T12:31:27.7628677Z   2026-02-04: 2 problems
2026-10-04T12:31:27.9896827Z   2026-02-03: 2 problems
2026-10-04T12:31:28.2244931Z   2026-02-02: 2 problems
2026-10-04T12:31:28.4475793Z   2026-01-31: 2 problems
2026-10-04T12:31:28.6689969Z   2026-01-30: 2 problems
2026-10-04T12:31:28.8997577Z   2026-01-29: 2 problems
2026-10-04T12:31:29.1149880Z   2026-01-28: 2 problems
2026-10-04T12:31:29.3771057Z   2026-01-27: 2 problems
2026-10-04T12:31:29.6102420Z   2026-01-26: 2 problems
2026-10-04T12:31:29.8381463Z   2026-01-24: 2 problems
2026-10-04T12:31:30.0572490Z   2026-01-23: 2 problems
2026-10-04T12:31:30.2196835Z   2026-01-22: 2 problems
2026-10-04T12:31:30.4405883Z   2026-01-21: 2 problems
2026-10-04T12:31:30.6767237Z   2026-01-20: 2 problems
2026-10-04T12:31:30.9286378Z   2026-01-19: 2 problems
2026-10-04T12:31:31.1772694Z   2026-01-17: 2 problems
2026-10-04T12:31:31.4192083Z   2026-01-16: 2 problems
2026-10-04T12:31:31.6738209Z   2026-01-15: 2 problems
2026-10-04T12:31:31.9423071Z   2026-01-14: 2 problems
2026-10-04T12:31:32.1790502Z   2026-01-13: 2 problems
2026-10-04T12:31:32.4303943Z   2026-01-12: 2 problems
2026-10-04T12:31:32.7915447Z   2026-01-10: 2 problems
2026-10-04T12:31:33.1307113Z   2026-01-09: 2 problems
2026-10-04T12:31:33.4047139Z   2026-01-08: 2 problems
2026-10-04T12:31:33.7286011Z   2026-01-07: 2 problems
2026-10-04T12:31:33.9983144Z   2026-01-06: 2 problems
2026-10-04T12:31:34.4472919Z   2026-01-05: 2 problems
2026-10-04T12:31:34.7010146Z   2026-01-03: 2 problems
2026-10-04T12:31:34.9570564Z   2026-01-02: 2 problems
2026-10-04T12:31:35.2037758Z   2026-01-01: 2 problems
2026-10-04T12:31:35.4490132Z   2025-12-31: 2 problems
2026-10-04T12:31:35.6834789Z   2025-12-30: 2 problems
2026-10-04T12:31:35.9517127Z   2025-12-29: 2 problems
2026-10-04T12:31:36.2036160Z   2025-12-27: 2 problems
2026-10-04T12:31:36.4498567Z   2025-12-26: 2 problems
2026-10-04T12:31:36.6701915Z   2025-12-25: 2 problems
2026-10-04T12:31:37.0033399Z   2025-12-24: 2 problems
2026-10-04T12:31:37.2860691Z   2025-12-23: 2 problems
2026-10-04T12:31:37.5488174Z   2025-12-22: 2 problems
2026-10-04T12:31:37.7967593Z   2025-12-20: 2 problems
2026-10-04T12:31:38.0654250Z   2025-12-19: 2 problems
2026-10-04T12:31:38.3078768Z   2025-12-18: 2 problems
2026-10-04T12:31:38.5893683Z   2025-12-17: 2 problems
2026-10-04T12:31:38.9493338Z   2025-12-16: 2 problems
2026-10-04T12:31:39.2147825Z   2025-12-15: 2 problems
2026-10-04T12:31:39.4671523Z   2025-12-13: 2 problems
2026-10-04T12:31:39.7148380Z   2025-12-12: 2 problems
2026-10-04T12:31:39.9803801Z   2025-12-11: 2 problems
2026-10-04T12:31:40.2371504Z   2025-12-10: 2 problems
2026-10-04T12:31:40.4843714Z   2025-12-09: 2 problems
2026-10-04T12:31:40.6413090Z   2025-12-08: 2 problems
2026-10-04T12:31:40.9071916Z   2025-12-06: 2 problems
2026-10-04T12:31:41.1483694Z   2025-12-05: 2 problems
2026-10-04T12:31:41.4097894Z   2025-12-04: 2 problems
2026-10-04T12:31:41.6689787Z   2025-12-03: 2 problems
2026-10-04T12:31:41.9357623Z   2025-12-02: 2 problems
2026-10-04T12:31:42.1992666Z   2025-12-01: 2 problems
2026-10-04T12:31:42.4544089Z   2025-11-29: 2 problems
2026-10-04T12:31:42.7050054Z   2025-11-28: 2 problems
2026-10-04T12:31:42.9605366Z   2025-11-27: 2 problems
2026-10-04T12:31:43.1916078Z   2025-11-26: 2 problems
2026-10-04T12:31:43.4468596Z   2025-11-25: 2 problems
2026-10-04T12:31:43.8235523Z   2025-11-24: 2 problems
2026-10-04T12:31:44.3939072Z   2025-11-22: 2 problems
2026-10-04T12:31:44.8708681Z   2025-11-21: 2 problems
2026-10-04T12:31:45.3374320Z   2025-11-20: 2 problems
2026-10-04T12:31:45.7837863Z   2025-11-19: 2 problems
2026-10-04T12:31:46.0383304Z   2025-11-18: 2 problems
2026-10-04T12:31:46.2731252Z   2025-11-17: 2 problems
2026-10-04T12:31:46.5327416Z   2025-11-15: 2 problems
2026-10-04T12:31:46.7821671Z   2025-11-14: 2 problems
2026-10-04T12:31:47.0206761Z   2025-11-13: 2 problems
2026-10-04T12:31:47.2685386Z   2025-11-12: 2 problems
2026-10-04T12:31:47.6507895Z   2025-11-11: 2 problems
2026-10-04T12:31:48.0110844Z   2025-11-10: 2 problems
2026-10-04T12:31:48.2649307Z   2025-11-08: 2 problems
2026-10-04T12:31:48.5211675Z   2025-11-07: 2 problems
2026-10-04T12:31:48.9050215Z   2025-11-06: 2 problems
2026-10-04T12:31:49.1647701Z   2025-11-05: 2 problems
2026-10-04T12:31:49.4184841Z   2025-11-04: 2 problems
2026-10-04T12:31:49.8044943Z   2025-11-03: 2 problems
2026-10-04T12:31:50.2810108Z   2025-11-01: 2 problems
2026-10-04T12:31:50.4912663Z   2025-10-31: 2 problems
2026-10-04T12:31:50.8578252Z   2025-10-30: 2 problems
2026-10-04T12:31:51.1188546Z   2025-10-29: 2 problems
2026-10-04T12:31:51.4784160Z   2025-10-28: 2 problems
2026-10-04T12:31:51.7150884Z   2025-10-27: 2 problems
2026-10-04T12:31:51.9740623Z   2025-10-25: 2 problems
2026-10-04T12:31:52.2094306Z   2025-10-24: 2 problems
2026-10-04T12:31:52.4724264Z   2025-10-23: 2 problems
2026-10-04T12:31:52.7531852Z   2025-10-22: 2 problems
2026-10-04T12:31:53.0613771Z   2025-10-21: 2 problems
2026-10-04T12:31:53.2985998Z   2025-10-20: 2 problems
2026-10-04T12:31:53.5648100Z   2025-10-18: 2 problems
2026-10-04T12:31:53.8338635Z   2025-10-17: 2 problems
2026-10-04T12:31:54.0947415Z   2025-10-16: 2 problems
2026-10-04T12:31:54.3795561Z   2025-10-15: 2 problems
2026-10-04T12:31:54.6501182Z   2025-10-14: 2 problems
2026-10-04T12:31:54.9131948Z   2025-10-13: 2 problems
2026-10-04T12:31:55.1876154Z   2025-10-11: 2 problems
2026-10-04T12:31:55.4750560Z   2025-10-10: 2 problems
2026-10-04T12:31:55.7293306Z   2025-10-09: 2 problems
2026-10-04T12:31:55.9885180Z   2025-10-08: 2 problems
2026-10-04T12:31:56.2475007Z   2025-10-07: 2 problems
2026-10-04T12:31:56.5402901Z   2025-10-06: 2 problems
2026-10-04T12:31:56.7799823Z   2025-10-04: 2 problems
2026-10-04T12:31:57.0323711Z   2025-10-03: 2 problems
2026-10-04T12:31:57.3074116Z   2025-10-02: 2 problems
2026-10-04T12:31:57.5547471Z   2025-10-01: 2 problems
2026-10-04T12:31:57.8220734Z   2025-09-30: 2 problems
2026-10-04T12:31:58.1024192Z   2025-09-29: 2 problems
2026-10-04T12:31:58.4670483Z   2025-09-27: 2 problems
2026-10-04T12:31:58.7215733Z   2025-09-26: 2 problems
2026-10-04T12:31:59.0058782Z   2025-09-25: 2 problems
2026-10-04T12:31:59.2833434Z   2025-09-24: 2 problems
2026-10-04T12:31:59.5357543Z   2025-09-23: 2 problems
2026-10-04T12:31:59.7911222Z   2025-09-22: 2 problems
2026-10-04T12:32:00.0691303Z   2025-09-20: 2 problems
2026-10-04T12:32:00.3367870Z   2025-09-19: 2 problems
2026-10-04T12:32:00.6170664Z   2025-09-18: 2 problems
2026-10-04T12:32:00.8567787Z   2025-09-17: 2 problems
2026-10-04T12:32:01.1474648Z   2025-09-16: 2 problems
2026-10-04T12:32:01.3884522Z   2025-09-15: 2 problems
2026-10-04T12:32:01.6434211Z   2025-09-13: 2 problems
2026-10-04T12:32:01.9535823Z   2025-09-12: 2 problems
2026-10-04T12:32:02.2047012Z   2025-09-11: 2 problems
2026-10-04T12:32:02.4802071Z   2025-09-10: 2 problems
2026-10-04T12:32:02.7587546Z   2025-09-09: 2 problems
2026-10-04T12:32:03.1271027Z   2025-09-08: 2 problems
2026-10-04T12:32:03.4249348Z   2025-09-06: 2 problems
2026-10-04T12:32:03.6932865Z   2025-09-05: 2 problems
2026-10-04T12:32:03.9695243Z   2025-09-04: 2 problems
2026-10-04T12:32:04.2385761Z   2025-09-03: 2 problems
2026-10-04T12:32:04.5230571Z   2025-09-02: 2 problems
2026-10-04T12:32:04.7889234Z   2025-09-01: 2 problems
2026-10-04T12:32:05.0650823Z   2025-08-30: 2 problems
2026-10-04T12:32:05.3300459Z   2025-08-29: 2 problems
2026-10-04T12:32:05.6140790Z   2025-08-28: 2 problems
2026-10-04T12:32:05.8967962Z   2025-08-27: 2 problems
2026-10-04T12:32:06.1635578Z   2025-08-26: 2 problems
2026-10-04T12:32:06.4453125Z   2025-08-25: 2 problems
2026-10-04T12:32:06.7300253Z   2025-08-23: 2 problems
2026-10-04T12:32:07.0085378Z   2025-08-22: 2 problems
2026-10-04T12:32:07.3209361Z   2025-08-21: 2 problems
2026-10-04T12:32:07.6108793Z   2025-08-20: 2 problems
2026-10-04T12:32:07.8914556Z   2025-08-19: 2 problems
2026-10-04T12:32:08.1525600Z   2025-08-18: 2 problems
2026-10-04T12:32:08.4256726Z   2025-08-16: 2 problems
2026-10-04T12:32:08.7077700Z   2025-08-15: 2 problems
2026-10-04T12:32:08.9841234Z   2025-08-14: 2 problems
2026-10-04T12:32:09.2590490Z   2025-08-13: 2 problems
2026-10-04T12:32:09.5564708Z   2025-08-12: 2 problems
2026-10-04T12:32:09.8327974Z   2025-08-11: 2 problems
2026-10-04T12:32:10.1122629Z   2025-08-09: 2 problems
2026-10-04T12:32:10.3897841Z   2025-08-08: 2 problems
2026-10-04T12:32:10.6728282Z   2025-08-07: 2 problems
2026-10-04T12:32:10.9300901Z   2025-08-06: 2 problems
2026-10-04T12:32:11.1963984Z   2025-08-05: 2 problems
2026-10-04T12:32:11.4758353Z   2025-08-04: 2 problems
2026-10-04T12:32:11.7680531Z   2025-08-02: 2 problems
2026-10-04T12:32:12.0600499Z   2025-08-01: 2 problems
2026-10-04T12:32:12.3417452Z   2025-07-31: 2 problems
2026-10-04T12:32:12.6047457Z   2025-07-30: 2 problems
2026-10-04T12:32:12.8865281Z   2025-07-29: 2 problems
2026-10-04T12:32:13.1593881Z   2025-07-28: 2 problems
2026-10-04T12:32:13.4485340Z   2025-07-26: 2 problems
2026-10-04T12:32:13.7293138Z   2025-07-25: 2 problems
2026-10-04T12:32:13.9940666Z   2025-07-24: 2 problems
2026-10-04T12:32:14.2746048Z   2025-07-23: 2 problems
2026-10-04T12:32:14.5645542Z   2025-07-22: 2 problems
2026-10-04T12:32:14.8537668Z   2025-07-21: 2 problems
2026-10-04T12:32:15.1694446Z   2025-07-19: 2 problems
2026-10-04T12:32:15.5520124Z   2025-07-18: 2 problems
2026-10-04T12:32:15.8304352Z   2025-07-17: 2 problems
2026-10-04T12:32:16.1137860Z   2025-07-16: 2 problems
2026-10-04T12:32:16.4065226Z   2025-07-15: 2 problems
2026-10-04T12:32:16.6703747Z   2025-07-14: 2 problems
2026-10-04T12:32:16.9561770Z   2025-07-12: 2 problems
2026-10-04T12:32:17.2280472Z   2025-07-11: 2 problems
2026-10-04T12:32:17.5116726Z   2025-07-10: 2 problems
2026-10-04T12:32:17.7788188Z   2025-07-09: 2 problems
2026-10-04T12:32:18.1597338Z   2025-07-08: 2 problems
2026-10-04T12:32:18.4149041Z   2025-07-07: 2 problems
2026-10-04T12:32:18.7962951Z   2025-07-05: 2 problems
2026-10-04T12:32:19.0587879Z   2025-07-04: 2 problems
2026-10-04T12:32:19.3518702Z   2025-07-03: 2 problems
2026-10-04T12:32:19.7463103Z   2025-07-02: 2 problems
2026-10-04T12:32:20.0262249Z   2025-07-01: 2 problems
2026-10-04T12:32:20.3121501Z   2025-06-30: 2 problems
2026-10-04T12:32:20.5730501Z   2025-06-28: 2 problems
2026-10-04T12:32:20.8407412Z   2025-06-27: 2 problems
2026-10-04T12:32:21.0883678Z   2025-06-26: 2 problems
2026-10-04T12:32:21.3526790Z   2025-06-25: 2 problems
2026-10-04T12:32:21.6054931Z   2025-06-24: 2 problems
2026-10-04T12:32:21.9876789Z   2025-06-23: 2 problems
2026-10-04T12:32:22.1629452Z   2025-06-21: 2 problems
2026-10-04T12:32:22.4259856Z   2025-06-20: 2 problems
2026-10-04T12:32:22.6900654Z   2025-06-19: 2 problems
2026-10-04T12:32:22.9489050Z   2025-06-18: 2 problems
2026-10-04T12:32:23.2479399Z   2025-06-17: 2 problems
2026-10-04T12:32:23.5076649Z   2025-06-16: 2 problems
2026-10-04T12:32:23.7698013Z   2025-06-14: 2 problems
2026-10-04T12:32:24.0298026Z   2025-06-13: 2 problems
2026-10-04T12:32:24.3145784Z   2025-06-12: 2 problems
2026-10-04T12:32:24.5795719Z   2025-06-11: 2 problems
2026-10-04T12:32:24.8662842Z   2025-06-10: 2 problems
2026-10-04T12:32:25.1280757Z   2025-06-09: 2 problems
2026-10-04T12:32:25.3975922Z   2025-06-07: 2 problems
2026-10-04T12:32:25.6901893Z   2025-06-06: 2 problems
2026-10-04T12:32:25.9515184Z   2025-06-05: 2 problems
2026-10-04T12:32:26.2264771Z   2025-06-04: 2 problems
2026-10-04T12:32:26.4970569Z   2025-06-03: 2 problems
2026-10-04T12:32:26.7713430Z   2025-06-02: 2 problems
2026-10-04T12:32:27.0643052Z   2025-05-31: 2 problems
2026-10-04T12:32:27.3450848Z   2025-05-30: 2 problems
2026-10-04T12:32:27.6321658Z   2025-05-29: 2 problems
2026-10-04T12:32:27.9090618Z   2025-05-28: 2 problems
2026-10-04T12:32:28.1712425Z   2025-05-27: 2 problems
2026-10-04T12:32:28.4386518Z   2025-05-26: 2 problems
2026-10-04T12:32:28.6866353Z   2025-05-24: 2 problems
2026-10-04T12:32:28.9339102Z   2025-05-23: 2 problems
2026-10-04T12:32:29.1765081Z   2025-05-22: 2 problems
2026-10-04T12:32:29.4337675Z   2025-05-21: 2 problems
2026-10-04T12:32:29.7126143Z   2025-05-20: 2 problems
2026-10-04T12:32:29.9677269Z   2025-05-19: 2 problems
2026-10-04T12:32:30.2425057Z   2025-05-17: 2 problems
2026-10-04T12:32:30.5248748Z   2025-05-16: 2 problems
2026-10-04T12:32:30.7963705Z   2025-05-15: 2 problems
2026-10-04T12:32:31.0708795Z   2025-05-14: 2 problems
2026-10-04T12:32:31.3432640Z   2025-05-13: 2 problems
2026-10-04T12:32:31.6137265Z   2025-05-12: 2 problems
2026-10-04T12:32:31.9025947Z   2025-05-10: 2 problems
2026-10-04T12:32:32.1720365Z   2025-05-09: 2 problems
2026-10-04T12:32:32.4305241Z   2025-05-08: 2 problems
2026-10-04T12:32:32.7781253Z   2025-05-07: 2 problems
2026-10-04T12:32:33.1327689Z   2025-05-06: 2 problems
2026-10-04T12:32:33.4061410Z   2025-05-05: 2 problems
2026-10-04T12:32:33.6747078Z   2025-05-03: 2 problems
2026-10-04T12:32:33.9510760Z   2025-05-02: 2 problems
2026-10-04T12:32:34.2013856Z   2025-05-01: 2 problems
2026-10-04T12:32:34.4615910Z   2025-04-30: 2 problems
2026-10-04T12:32:34.7138457Z   2025-04-29: 2 problems
2026-10-04T12:32:34.9815879Z   2025-04-28: 2 problems
2026-10-04T12:32:35.2459187Z   2025-04-26: 2 problems
2026-10-04T12:32:35.4932818Z   2025-04-25: 2 problems
2026-10-04T12:32:35.7594509Z   2025-04-24: 2 problems
2026-10-04T12:32:36.0123784Z   2025-04-23: 2 problems
2026-10-04T12:32:36.2817830Z   2025-04-22: 2 problems
2026-10-04T12:32:36.5461449Z   2025-04-21: 2 problems
2026-10-04T12:32:36.9076447Z   2025-04-19: 2 problems
2026-10-04T12:32:37.2181948Z   2025-04-18: 2 problems
2026-10-04T12:32:37.4693901Z   2025-04-17: 2 problems
2026-10-04T12:32:37.7207930Z   2025-04-16: 2 problems
2026-10-04T12:32:38.1403731Z   2025-04-15: 2 problems
2026-10-04T12:32:38.4021754Z   2025-04-14: 2 problems
2026-10-04T12:32:38.7325496Z   2025-04-12: 2 problems
2026-10-04T12:32:38.9951978Z   2025-04-11: 2 problems
2026-10-04T12:32:39.2250635Z   2025-04-10: 2 problems
2026-10-04T12:32:39.4708721Z   2025-04-09: 2 problems
2026-10-04T12:32:39.7013152Z   2025-04-08: 2 problems
2026-10-04T12:32:39.9495097Z   2025-04-07: 2 problems
2026-10-04T12:32:40.1907448Z   2025-04-05: 2 problems
2026-10-04T12:32:40.4494409Z   2025-04-04: 2 problems
2026-10-04T12:32:40.7080925Z   2025-04-03: 2 problems
2026-10-04T12:32:40.9481677Z   2025-04-02: 2 problems
2026-10-04T12:32:41.2052710Z   2025-04-01: 2 problems
2026-10-04T12:32:41.4578498Z   2025-03-31: 2 problems
2026-10-04T12:32:41.7073300Z   2025-03-29: 2 problems
2026-10-04T12:32:41.9551874Z   2025-03-28: 2 problems
2026-10-04T12:32:42.1828846Z   2025-03-27: 2 problems
2026-10-04T12:32:42.4273272Z   2025-03-26: 2 problems
2026-10-04T12:32:42.6705146Z   2025-03-25: 2 problems
2026-10-04T12:32:42.9266290Z   2025-03-24: 2 problems
2026-10-04T12:32:43.2011896Z   2025-03-22: 2 problems
2026-10-04T12:32:43.5261078Z   2025-03-21: 2 problems
2026-10-04T12:32:43.7780884Z   2025-03-20: 2 problems
2026-10-04T12:32:44.0346266Z   2025-03-19: 2 problems
2026-10-04T12:32:44.2760216Z   2025-03-18: 2 problems
2026-10-04T12:32:44.5202542Z   2025-03-17: 2 problems
2026-10-04T12:32:44.7597295Z   2025-03-15: 2 problems
2026-10-04T12:32:44.9992477Z   2025-03-14: 2 problems
2026-10-04T12:32:45.2524660Z   2025-03-13: 2 problems
2026-10-04T12:32:45.5005637Z   2025-03-12: 2 problems
2026-10-04T12:32:45.7390534Z   2025-03-11: 2 problems
2026-10-04T12:32:45.9943646Z   2025-03-10: 2 problems
2026-10-04T12:32:46.2205395Z   2025-03-08: 2 problems
2026-10-04T12:32:46.4642118Z   2025-03-07: 2 problems
2026-10-04T12:32:46.9643967Z   2025-03-06: 2 problems
2026-10-04T12:32:47.2051490Z   2025-03-05: 2 problems
2026-10-04T12:32:47.4366281Z   2025-03-04: 2 problems
2026-10-04T12:32:47.9292674Z   2025-03-03: 2 problems
2026-10-04T12:32:48.4422464Z   2025-03-01: 2 problems
2026-10-04T12:32:48.7057476Z   2025-02-28: 2 problems
2026-10-04T12:32:48.9576492Z   2025-02-27: 2 problems
2026-10-04T12:32:49.1970252Z   2025-02-26: 2 problems
2026-10-04T12:32:49.4538241Z   2025-02-25: 2 problems
2026-10-04T12:32:49.6863587Z   2025-02-24: 2 problems
2026-10-04T12:32:49.9220250Z   2025-02-22: 2 problems
2026-10-04T12:32:50.1669182Z   2025-02-21: 2 problems
2026-10-04T12:32:50.4331399Z   2025-02-20: 2 problems
2026-10-04T12:32:50.6725123Z   2025-02-19: 2 problems
2026-10-04T12:32:50.9274926Z   2025-02-18: 2 problems
2026-10-04T12:32:51.1971423Z   2025-02-17: 2 problems
2026-10-04T12:32:51.4463090Z   2025-02-15: 2 problems
2026-10-04T12:32:51.7288119Z   2025-02-14: 2 problems
2026-10-04T12:32:51.9704893Z   2025-02-13: 2 problems
2026-10-04T12:32:52.2114544Z   2025-02-12: 2 problems
2026-10-04T12:32:52.4531333Z   2025-02-11: 2 problems
2026-10-04T12:32:52.6911316Z   2025-02-10: 2 problems
2026-10-04T12:32:52.9336025Z   2025-02-08: 2 problems
2026-10-04T12:32:53.2194823Z   2025-02-07: 2 problems
2026-10-04T12:32:53.4705254Z   2025-02-06: 2 problems
2026-10-04T12:32:53.7605333Z   2025-02-05: 2 problems
2026-10-04T12:32:54.2696469Z   2025-02-04: 2 problems
2026-10-04T12:32:54.5525883Z   2025-02-03: 2 problems
2026-10-04T12:32:54.8102851Z   2025-02-01: 2 problems
2026-10-04T12:32:55.0448485Z   2025-01-31: 2 problems
2026-10-04T12:32:55.3203376Z   2025-01-30: 2 problems
2026-10-04T12:32:55.5642381Z   2025-01-29: 2 problems
2026-10-04T12:32:55.8200892Z   2025-01-28: 2 problems
2026-10-04T12:32:56.0628704Z   2025-01-27: 2 problems
2026-10-04T12:32:56.3055450Z   2025-01-25: 2 problems
2026-10-04T12:32:56.5404559Z   2025-01-24: 2 problems
2026-10-04T12:32:56.8011080Z   2025-01-23: 2 problems
2026-10-04T12:32:57.0430959Z   2025-01-22: 2 problems
2026-10-04T12:32:57.2839074Z   2025-01-21: 2 problems
2026-10-04T12:32:57.5271663Z   2025-01-20: 2 problems
2026-10-04T12:32:57.7784679Z   2025-01-18: 2 problems
2026-10-04T12:32:58.0052677Z   2025-01-17: 2 problems
2026-10-04T12:32:58.2521159Z   2025-01-16: 2 problems
2026-10-04T12:32:58.4993578Z   2025-01-15: 2 problems
2026-10-04T12:32:58.7577344Z   2025-01-14: 2 problems
2026-10-04T12:32:59.0068281Z   2025-01-13: 2 problems
2026-10-04T12:32:59.2671647Z   2025-01-11: 2 problems
2026-10-04T12:32:59.5138221Z   2025-01-10: 2 problems
2026-10-04T12:32:59.7685748Z   2025-01-09: 2 problems
2026-10-04T12:33:00.0151362Z   2025-01-08: 2 problems
2026-10-04T12:33:00.2707495Z   2025-01-07: 2 problems
2026-10-04T12:33:00.5130569Z   2025-01-06: 2 problems
2026-10-04T12:33:00.7796719Z   2025-01-04: 2 problems
2026-10-04T12:33:01.0120858Z   2025-01-03: 2 problems
2026-10-04T12:33:01.2963425Z   2025-01-02: 2 problems
2026-10-04T12:33:01.5320926Z   2025-01-01: 2 problems
2026-10-04T12:33:01.7768929Z   2024-12-31: 2 problems
2026-10-04T12:33:02.0070805Z   2024-12-30: 2 problems
2026-10-04T12:33:02.2570485Z   2024-12-28: 2 problems
2026-10-04T12:33:02.4914661Z   2024-12-27: 2 problems
2026-10-04T12:33:02.8616506Z   2024-12-26: 2 problems
2026-10-04T12:33:03.1267744Z   2024-12-25: 2 problems
2026-10-04T12:33:03.5091363Z   2024-12-24: 2 problems
2026-10-04T12:33:03.7445492Z   2024-12-23: 2 problems
2026-10-04T12:33:03.9733605Z   2024-12-21: 2 problems
2026-10-04T12:33:04.2298728Z   2024-12-20: 2 problems
2026-10-04T12:33:04.4741885Z   2024-12-19: 2 problems
2026-10-04T12:33:04.7275011Z   2024-12-18: 2 problems
2026-10-04T12:33:04.9775012Z   2024-12-17: 2 problems
2026-10-04T12:33:05.2368294Z   2024-12-16: 2 problems
2026-10-04T12:33:05.5150543Z   2024-12-14: 2 problems
2026-10-04T12:33:05.7560447Z   2024-12-13: 2 problems
2026-10-04T12:33:06.0192687Z   2024-12-12: 2 problems
2026-10-04T12:33:06.2782201Z   2024-12-11: 2 problems
2026-10-04T12:33:06.5309208Z   2024-12-10: 2 problems
2026-10-04T12:33:06.7854059Z   2024-12-09: 2 problems
2026-10-04T12:33:07.0324916Z   2024-12-07: 2 problems
2026-10-04T12:33:07.2786186Z   2024-12-06: 2 problems
2026-10-04T12:33:07.6662941Z   2024-12-05: 2 problems
2026-10-04T12:33:07.9435339Z   2024-12-04: 2 problems
2026-10-04T12:33:08.2013720Z   2024-12-03: 2 problems
2026-10-04T12:33:08.5578842Z   2024-12-02: 2 problems
2026-10-04T12:33:08.8144742Z   2024-11-30: 2 problems
2026-10-04T12:33:09.0800145Z   2024-11-29: 2 problems
2026-10-04T12:33:09.3592401Z   2024-11-28: 2 problems
2026-10-04T12:33:09.6330321Z   2024-11-27: 2 problems
2026-10-04T12:33:09.9091789Z   2024-11-26: 2 problems
2026-10-04T12:33:10.1629944Z   2024-11-25: 2 problems
2026-10-04T12:33:10.4424803Z   2024-11-23: 2 problems
2026-10-04T12:33:10.6930993Z   2024-11-22: 2 problems
2026-10-04T12:33:10.8659491Z   2024-11-21: 2 problems
2026-10-04T12:33:11.1472308Z   2024-11-20: 2 problems
2026-10-04T12:33:11.4071383Z   2024-11-19: 2 problems
2026-10-04T12:33:11.6513202Z   2024-11-18: 2 problems
2026-10-04T12:33:11.9370886Z   2024-11-16: 2 problems
2026-10-04T12:33:12.2027993Z   2024-11-15: 2 problems
2026-10-04T12:33:12.4567216Z   2024-11-14: 2 problems
2026-10-04T12:33:12.7540425Z   2024-11-13: 2 problems
2026-10-04T12:33:13.0202359Z   2024-11-12: 2 problems
2026-10-04T12:33:13.3008471Z   2024-11-11: 2 problems
2026-10-04T12:33:13.5570718Z   2024-11-09: 2 problems
2026-10-04T12:33:13.8210842Z   2024-11-08: 2 problems
2026-10-04T12:33:14.0816399Z   2024-11-07: 2 problems
2026-10-04T12:33:14.3532335Z   2024-11-06: 2 problems
2026-10-04T12:33:14.6113446Z   2024-11-05: 2 problems
2026-10-04T12:33:14.8785257Z   2024-11-04: 2 problems
2026-10-04T12:33:15.1356240Z   2024-11-02: 2 problems
2026-10-04T12:33:15.3936740Z   2024-11-01: 2 problems
2026-10-04T12:33:15.6645172Z   2024-10-31: 2 problems
2026-10-04T12:33:15.9200147Z   2024-10-30: 2 problems
2026-10-04T12:33:16.1664888Z   2024-10-29: 2 problems
2026-10-04T12:33:16.4197960Z   2024-10-28: 2 problems
2026-10-04T12:33:16.6621262Z   2024-10-26: 2 problems
2026-10-04T12:33:16.9120505Z   2024-10-25: 2 problems
2026-10-04T12:33:17.1759514Z   2024-10-24: 2 problems
2026-10-04T12:33:17.4354395Z   2024-10-23: 2 problems
2026-10-04T12:33:17.8194222Z   2024-10-22: 2 problems
2026-10-04T12:33:18.2358002Z   2024-10-21: 2 problems
2026-10-04T12:33:18.6570686Z   2024-10-19: 2 problems
2026-10-04T12:33:18.9347704Z   2024-10-18: 2 problems
2026-10-04T12:33:19.2056877Z   2024-10-17: 2 problems
2026-10-04T12:33:19.4670321Z   2024-10-16: 2 problems
2026-10-04T12:33:19.8630309Z   2024-10-15: 2 problems
2026-10-04T12:33:20.2566176Z   2024-10-14: 2 problems
2026-10-04T12:33:20.5411370Z   2024-10-12: 2 problems
2026-10-04T12:33:20.8350356Z   2024-10-11: 2 problems
2026-10-04T12:33:21.1020967Z   2024-10-10: 2 problems
2026-10-04T12:33:21.3918193Z   2024-10-09: 2 problems
2026-10-04T12:33:21.6761607Z   2024-10-08: 2 problems
2026-10-04T12:33:21.9501935Z   2024-10-07: 2 problems
2026-10-04T12:33:22.2196770Z   2024-10-05: 2 problems
2026-10-04T12:33:22.5135925Z   2024-10-04: 2 problems
2026-10-04T12:33:22.7574682Z   2024-10-03: 2 problems
2026-10-04T12:33:23.0350976Z   2024-10-02: 2 problems
2026-10-04T12:33:23.3016122Z   2024-10-01: 2 problems
2026-10-04T12:33:23.5834523Z   2024-09-30: 2 problems
2026-10-04T12:33:23.8365264Z   2024-09-28: 2 problems
2026-10-04T12:33:24.1086373Z   2024-09-27: 2 problems
2026-10-04T12:33:24.3696226Z   2024-09-26: 2 problems
2026-10-04T12:33:24.6235006Z   2024-09-25: 2 problems
2026-10-04T12:33:24.8032434Z   2024-09-24: 2 problems
2026-10-04T12:33:25.0823780Z   2024-09-23: 2 problems
2026-10-04T12:33:25.3546038Z   2024-09-21: 2 problems
2026-10-04T12:33:25.6260538Z   2024-09-20: 2 problems
2026-10-04T12:33:25.9054775Z   2024-09-19: 2 problems
2026-10-04T12:33:26.1535435Z   2024-09-18: 2 problems
2026-10-04T12:33:26.4438729Z   2024-09-17: 2 problems
2026-10-04T12:33:26.7117375Z   2024-09-16: 2 problems
2026-10-04T12:33:27.0969022Z   2024-09-14: 2 problems
2026-10-04T12:33:27.4127524Z   2024-09-13: 2 problems
2026-10-04T12:33:27.7080089Z   2024-09-12: 2 problems
2026-10-04T12:33:27.9996718Z   2024-09-11: 2 problems
2026-10-04T12:33:28.2810831Z   2024-09-10: 2 problems
2026-10-04T12:33:28.5478856Z   2024-09-09: 2 problems
2026-10-04T12:33:28.8237207Z   2024-09-07: 2 problems
2026-10-04T12:33:29.0845285Z   2024-09-06: 2 problems
2026-10-04T12:33:29.3819421Z   2024-09-05: 2 problems
2026-10-04T12:33:29.6804461Z   2024-09-04: 2 problems
2026-10-04T12:33:29.9406462Z   2024-09-03: 2 problems
2026-10-04T12:33:30.2253722Z   2024-09-02: 2 problems
2026-10-04T12:33:30.5061782Z   2024-08-31: 2 problems
2026-10-04T12:33:30.8062005Z   2024-08-30: 2 problems
2026-10-04T12:33:31.0964954Z   2024-08-29: 2 problems
2026-10-04T12:33:31.3548487Z   2024-08-28: 2 problems
2026-10-04T12:33:31.6060838Z   2024-08-27: 2 problems
2026-10-04T12:33:31.9093388Z   2024-08-26: 2 problems
2026-10-04T12:33:32.1812480Z   2024-08-24: 2 problems
2026-10-04T12:33:32.4861422Z   2024-08-23: 2 problems
2026-10-04T12:33:32.8589280Z   2024-08-22: 2 problems
2026-10-04T12:33:33.1461461Z   2024-08-21: 2 problems
2026-10-04T12:33:33.4307821Z   2024-08-20: 2 problems
2026-10-04T12:33:33.7160536Z   2024-08-19: 2 problems
2026-10-04T12:33:33.9939182Z   2024-08-17: 2 problems
2026-10-04T12:33:34.2768859Z   2024-08-16: 2 problems
2026-10-04T12:33:34.5492830Z   2024-08-15: 2 problems
2026-10-04T12:33:34.8577022Z   2024-08-14: 2 problems
2026-10-04T12:33:35.1256593Z   2024-08-13: 2 problems
2026-10-04T12:33:35.4031609Z   2024-08-12: 2 problems
2026-10-04T12:33:35.6550089Z   2024-08-10: 2 problems
2026-10-04T12:33:35.9246303Z   2024-08-09: 2 problems
2026-10-04T12:33:36.1837276Z   2024-08-08: 2 problems
2026-10-04T12:33:36.4459320Z   2024-08-07: 2 problems
2026-10-04T12:33:36.7404202Z   2024-08-06: 2 problems
2026-10-04T12:33:37.0140915Z   2024-08-05: 2 problems
2026-10-04T12:33:37.2840965Z   2024-08-03: 2 problems
2026-10-04T12:33:37.5735870Z   2024-08-02: 2 problems
2026-10-04T12:33:37.8653919Z   2024-08-01: 2 problems
2026-10-04T12:33:38.1153376Z   2024-07-31: 2 problems
2026-10-04T12:33:38.5045900Z   2024-07-30: 2 problems
2026-10-04T12:33:38.7871848Z   2024-07-29: 2 problems
2026-10-04T12:33:39.0490469Z   2024-07-27: 2 problems
2026-10-04T12:33:39.3000755Z   2024-07-26: 2 problems
2026-10-04T12:33:39.5611114Z   2024-07-25: 2 problems
2026-10-04T12:33:39.8188302Z   2024-07-24: 2 problems
2026-10-04T12:33:40.0971929Z   2024-07-23: 2 problems
2026-10-04T12:33:40.3938439Z   2024-07-22: 2 problems
2026-10-04T12:33:40.6590909Z   2024-07-20: 2 problems
2026-10-04T12:33:40.9265139Z   2024-07-19: 2 problems
2026-10-04T12:33:41.3084958Z   2024-07-18: 2 problems
2026-10-04T12:33:41.5622796Z   2024-07-17: 2 problems
2026-10-04T12:33:41.8590945Z   2024-07-16: 2 problems
2026-10-04T12:33:42.1035277Z   2024-07-15: 2 problems
2026-10-04T12:33:42.3779111Z   2024-07-13: 2 problems
2026-10-04T12:33:42.5592838Z   2024-07-12: 2 problems
2026-10-04T12:33:42.8618708Z   2024-07-11: 2 problems
2026-10-04T12:33:43.1283623Z   2024-07-10: 2 problems
2026-10-04T12:33:43.4134981Z   2024-07-09: 2 problems
2026-10-04T12:33:43.6917508Z   2024-07-08: 2 problems
2026-10-04T12:33:43.9675973Z   2024-07-06: 2 problems
2026-10-04T12:33:44.2288901Z   2024-07-05: 2 problems
2026-10-04T12:33:44.5249983Z   2024-07-04: 2 problems
2026-10-04T12:33:44.7976749Z   2024-07-03: 2 problems
2026-10-04T12:33:45.0928450Z   2024-07-02: 2 problems
2026-10-04T12:33:45.3852037Z   2024-07-01: 2 problems
2026-10-04T12:33:45.6625464Z   2024-06-29: 2 problems
2026-10-04T12:33:45.9406576Z   2024-06-28: 2 problems
2026-10-04T12:33:46.1922447Z   2024-06-27: 2 problems
2026-10-04T12:33:46.4644148Z   2024-06-26: 2 problems
2026-10-04T12:33:46.7158036Z   2024-06-25: 2 problems
2026-10-04T12:33:46.9892326Z   2024-06-24: 2 problems
2026-10-04T12:33:47.2602461Z   2024-06-22: 2 problems
2026-10-04T12:33:47.5207525Z   2024-06-21: 2 problems
2026-10-04T12:33:47.7853130Z   2024-06-20: 2 problems
2026-10-04T12:33:48.0393171Z   2024-06-19: 2 problems
2026-10-04T12:33:48.3142108Z   2024-06-18: 2 problems
2026-10-04T12:33:48.5902953Z   2024-06-17: 2 problems
2026-10-04T12:33:48.8744314Z   2024-06-15: 2 problems
2026-10-04T12:33:49.1621490Z   2024-06-14: 2 problems
2026-10-04T12:33:49.4438667Z   2024-06-13: 2 problems
2026-10-04T12:33:49.7050491Z   2024-06-12: 2 problems
2026-10-04T12:33:49.9944687Z   2024-06-11: 2 problems
2026-10-04T12:33:50.2570198Z   2024-06-10: 2 problems
2026-10-04T12:33:50.5572257Z   2024-06-08: 2 problems
2026-10-04T12:33:50.8254228Z   2024-06-07: 2 problems
2026-10-04T12:33:51.1107898Z   2024-06-06: 2 problems
2026-10-04T12:33:51.3865044Z   2024-06-05: 2 problems
2026-10-04T12:33:51.6640354Z   2024-06-04: 2 problems
2026-10-04T12:33:51.9441051Z   2024-06-03: 2 problems
2026-10-04T12:33:52.2982430Z   2024-06-01: 2 problems
2026-10-04T12:33:52.5735919Z   2024-05-31: 2 problems
2026-10-04T12:33:52.8368603Z   2024-05-30: 2 problems
2026-10-04T12:33:53.1218209Z   2024-05-29: 2 problems
2026-10-04T12:33:53.3924511Z   2024-05-28: 2 problems
2026-10-04T12:33:53.6338329Z   2024-05-27: 2 problems
2026-10-04T12:33:53.9074492Z   2024-05-25: 2 problems
2026-10-04T12:33:54.1624735Z   2024-05-24: 2 problems
2026-10-04T12:33:54.4166197Z   2024-05-23: 2 problems
2026-10-04T12:33:54.7023695Z   2024-05-22: 2 problems
2026-10-04T12:33:54.9812037Z   2024-05-21: 2 problems
2026-10-04T12:33:55.2270106Z   2024-05-20: 2 problems
2026-10-04T12:33:55.5158549Z   2024-05-18: 2 problems
2026-10-04T12:33:55.7882122Z   2024-05-17: 2 problems
2026-10-04T12:33:56.0370589Z   2024-05-16: 2 problems
2026-10-04T12:33:56.3292386Z   2024-05-15: 2 problems
2026-10-04T12:33:56.5969189Z   2024-05-14: 2 problems
2026-10-04T12:33:56.8400419Z   2024-05-13: 2 problems
2026-10-04T12:33:57.1402014Z   2024-05-11: 2 problems
2026-10-04T12:33:57.4138810Z   2024-05-10: 2 problems
2026-10-04T12:33:57.7035978Z   2024-05-09: 2 problems
2026-10-04T12:33:57.9695069Z   2024-05-08: 2 problems
2026-10-04T12:33:58.2286027Z   2024-05-07: 2 problems
2026-10-04T12:33:58.4869332Z   2024-05-06: 2 problems
2026-10-04T12:33:58.7460335Z   2024-05-04: 2 problems
2026-10-04T12:33:59.0122607Z   2024-05-03: 2 problems
2026-10-04T12:33:59.2959931Z   2024-05-02: 2 problems
2026-10-04T12:33:59.5765950Z   2024-05-01: 2 problems
2026-10-04T12:33:59.8403653Z   2024-04-30: 2 problems
2026-10-04T12:34:00.1055480Z   2024-04-29: 2 problems
2026-10-04T12:34:00.4825789Z   2024-04-27: 2 problems
2026-10-04T12:34:00.7559809Z   2024-04-26: 2 problems
2026-10-04T12:34:01.0129100Z   2024-04-25: 2 problems
2026-10-04T12:34:01.2687728Z   2024-04-24: 2 problems
2026-10-04T12:34:01.5167658Z   2024-04-23: 2 problems
2026-10-04T12:34:01.8138772Z   2024-04-22: 2 problems
2026-10-04T12:34:02.1283259Z   2024-04-20: 2 problems
2026-10-04T12:34:02.3975785Z   2024-04-19: 2 problems
2026-10-04T12:34:02.6564223Z   2024-04-18: 2 problems
2026-10-04T12:34:03.1287342Z   2024-04-17: 2 problems
2026-10-04T12:34:03.4282324Z   2024-04-16: 2 problems
2026-10-04T12:34:03.6975149Z   2024-04-15: 2 problems
2026-10-04T12:34:03.9642166Z   2024-04-13: 2 problems
2026-10-04T12:34:04.2429153Z   2024-04-12: 2 problems
2026-10-04T12:34:04.5085328Z   2024-04-11: 2 problems
2026-10-04T12:34:04.7829989Z   2024-04-10: 2 problems
2026-10-04T12:34:05.0449854Z   2024-04-09: 2 problems
2026-10-04T12:34:05.2898702Z   2024-04-08: 2 problems
2026-10-04T12:34:05.5531707Z   2024-04-06: 2 problems
2026-10-04T12:34:05.8470733Z   2024-04-05: 2 problems
2026-10-04T12:34:06.1336946Z   2024-04-04: 2 problems
2026-10-04T12:34:06.3878739Z   2024-04-03: 2 problems
2026-10-04T12:34:06.6253703Z   2024-04-02: 2 problems
2026-10-04T12:34:06.9802750Z   2024-04-01: 2 problems
2026-10-04T12:34:07.4431692Z   2024-03-30: 2 problems
2026-10-04T12:34:07.7122381Z   2024-03-29: 2 problems
2026-10-04T12:34:07.9891791Z   2024-03-28: 2 problems
2026-10-04T12:34:08.2789274Z   2024-03-27: 2 problems
2026-10-04T12:34:08.5935720Z   2024-03-26: 2 problems
2026-10-04T12:34:08.9305806Z   2024-03-25: 2 problems
2026-10-04T12:34:09.2943035Z   2024-03-23: 2 problems
2026-10-04T12:34:09.5886059Z   2024-03-22: 2 problems
2026-10-04T12:34:09.8683180Z   2024-03-21: 2 problems
2026-10-04T12:34:10.1565958Z   2024-03-20: 2 problems
2026-10-04T12:34:10.4396649Z   2024-03-19: 2 problems
2026-10-04T12:34:10.7080194Z   2024-03-18: 2 problems
2026-10-04T12:34:10.9757339Z   2024-03-16: 2 problems
2026-10-04T12:34:11.2548257Z   2024-03-15: 2 problems
2026-10-04T12:34:11.5322681Z   2024-03-14: 2 problems
2026-10-04T12:34:11.8042768Z   2024-03-13: 2 problems
2026-10-04T12:34:12.0749904Z   2024-03-12: 2 problems
2026-10-04T12:34:12.3537983Z   2024-03-11: 2 problems
2026-10-04T12:34:12.6338091Z   2024-03-09: 2 problems
2026-10-04T12:34:12.9813240Z   2024-03-08: 2 problems
2026-10-04T12:34:13.2760090Z   2024-03-07: 2 problems
2026-10-04T12:34:13.5306329Z   2024-03-06: 2 problems
2026-10-04T12:34:13.8005969Z   2024-03-05: 2 problems
2026-10-04T12:34:14.0823434Z   2024-03-04: 2 problems
2026-10-04T12:34:14.3679339Z   2024-03-02: 2 problems
2026-10-04T12:34:14.6243827Z   2024-03-01: 2 problems
2026-10-04T12:34:14.8852845Z   2024-02-29: 2 problems
2026-10-04T12:34:15.1676609Z   2024-02-28: 2 problems
2026-10-04T12:34:15.4191849Z   2024-02-27: 2 problems
2026-10-04T12:34:15.6976002Z   2024-02-26: 2 problems
2026-10-04T12:34:15.6976800Z Building categories...
2026-10-04T12:34:18.5713378Z Wrote /home/runner/work/ys_problem_web/ys_problem_web/data/daily.json (814 days, 21 categories).
2026-10-04T12:34:18.5714240Z Syncing leaderboard (records.js from gh-pages)...
2026-10-04T12:34:18.8235005Z   ✓ 361 players, data through 2026-10-03
2026-10-04T12:34:18.8357025Z ##[group]Run xvfb-run -a node scripts/fetch-statements.mjs --limit 4 --delay 6000
2026-10-04T12:34:18.8357505Z [36;1mxvfb-run -a node scripts/fetch-statements.mjs --limit 4 --delay 6000[0m
2026-10-04T12:34:18.8389967Z shell: /usr/bin/bash -e {0}
2026-10-04T12:34:18.8390235Z env:
2026-10-04T12:34:18.8390473Z   CF_START_MODE: chrome-headful
2026-10-04T12:34:18.8390714Z ##[endgroup]
2026-10-04T12:34:19.4782912Z Statements on disk: 1599; missing in archive: 26; needs limits: 0; fetching: 4
2026-10-04T12:34:29.6045739Z   [1/4] ✗ GYM106259I — fetch/parse failed
2026-10-04T12:34:36.7763536Z   2 consecutive failures — cooling down 240s…
2026-10-04T12:38:37.8191369Z   [2/4] ✗ GYM105746C — fetch/parse failed
2026-10-04T12:38:53.5826974Z   [3/4] ✗ GYM106225C — fetch/parse failed
2026-10-04T12:39:08.2381380Z   2 consecutive failures — cooling down 240s…
2026-10-04T12:43:16.9930550Z   [4/4] ✗ GYM103575B — fetch/parse failed
2026-10-04T12:43:17.0623710Z 
2026-10-04T12:43:17.0625237Z Done: 0 saved, 4 failed.
2026-10-04T12:43:17.0625565Z Failed codes (rerun this script to retry):
2026-10-04T12:43:17.0625828Z   GYM106259I, GYM105746C, GYM106225C, GYM103575B
2026-10-04T12:43:17.1772831Z ##[group]Run OUT=$(xvfb-run -a node scripts/repair-zsmj.mjs --limit 200 --delay 6000)
2026-10-04T12:43:17.1773249Z [36;1mOUT=$(xvfb-run -a node scripts/repair-zsmj.mjs --limit 200 --delay 6000)[0m
2026-10-04T12:43:17.1773521Z [36;1mecho "$OUT"[0m
2026-10-04T12:43:17.1773779Z [36;1mREPAIRED=$(echo "$OUT" | grep -oE 'Done: [0-9]+ repaired' | grep -oE '[0-9]+' || echo 0)[0m
2026-10-04T12:43:17.1774200Z [36;1mREMAINING=$(grep -l '%%ZSMJ' data/statements/*.json 2>/dev/null | wc -l | tr -d ' ')[0m
2026-10-04T12:43:17.1774523Z [36;1mecho "repaired=$REPAIRED" >> "$GITHUB_OUTPUT"[0m
2026-10-04T12:43:17.1774776Z [36;1mecho "remaining=$REMAINING" >> "$GITHUB_OUTPUT"[0m
2026-10-04T12:43:17.1808780Z shell: /usr/bin/bash -e {0}
2026-10-04T12:43:17.1808972Z env:
2026-10-04T12:43:17.1809136Z   CF_START_MODE: chrome-headful
2026-10-04T12:43:17.1809319Z ##[endgroup]
2026-10-04T12:43:42.4077904Z Statements to repair: 4
2026-10-04T12:43:42.4078466Z   [1/4] ✓ GYM106619D — 22 段重译(0 段保留译文)
2026-10-04T12:43:42.4080185Z   [2/4] ✓ GYM106619L — 13 段重译(0 段保留译文)
2026-10-04T12:43:42.4080590Z   [3/4] ✓ GYM106627G — 17 段重译(0 段保留译文)
2026-10-04T12:43:42.4080906Z   [4/4] ✓ GYM106627K — 14 段重译(0 段保留译文)
2026-10-04T12:43:42.4081066Z 
2026-10-04T12:43:42.4081248Z Done: 4 repaired, 0 failed; translations: 66 cleared, 0 kept.
2026-10-04T12:43:42.4204980Z ##[group]Run CF_STATEMENTS=0 TRANSLATE=0 node scripts/update-data.mjs
2026-10-04T12:43:42.4205509Z [36;1mCF_STATEMENTS=0 TRANSLATE=0 node scripts/update-data.mjs[0m
2026-10-04T12:43:42.4240045Z shell: /usr/bin/bash -e {0}
2026-10-04T12:43:42.4240326Z ##[endgroup]
2026-10-04T12:43:42.5345179Z Discovering daily problem folders...
2026-10-04T12:43:43.5075427Z Found 814 days, syncing the most recent 814.
2026-10-04T12:43:44.1273054Z   2026-10-05: 2 problems
2026-10-04T12:43:44.3739400Z   2026-10-03: 2 problems
2026-10-04T12:43:45.1020600Z   2026-10-02: 2 problems
2026-10-04T12:43:45.3462564Z   2026-10-01: 2 problems
2026-10-04T12:43:45.6009089Z   2026-09-30: 2 problems
2026-10-04T12:43:45.9249330Z   2026-09-29: 2 problems
2026-10-04T12:43:46.1511877Z   2026-09-28: 2 problems
2026-10-04T12:43:46.3897356Z   2026-09-26: 2 problems
2026-10-04T12:43:46.6384903Z   2026-09-25: 2 problems
2026-10-04T12:43:46.8783735Z   2026-09-24: 2 problems
2026-10-04T12:43:47.1236125Z   2026-09-23: 2 problems
2026-10-04T12:43:47.4380253Z   2026-09-22: 2 problems
2026-10-04T12:43:47.6820480Z   2026-09-21: 2 problems
2026-10-04T12:43:47.9302612Z   2026-09-19: 2 problems
2026-10-04T12:43:48.1701258Z   2026-09-18: 2 problems
2026-10-04T12:43:48.4024462Z   2026-09-17: 2 problems
2026-10-04T12:43:48.6237922Z   2026-09-16: 2 problems
2026-10-04T12:43:48.8585105Z   2026-09-15: 2 problems
2026-10-04T12:43:49.0132920Z   2026-09-14: 2 problems
2026-10-04T12:43:49.2577927Z   2026-09-12: 2 problems
2026-10-04T12:43:49.4836257Z   2026-09-11: 2 problems
2026-10-04T12:43:49.6983575Z   2026-09-10: 2 problems
2026-10-04T12:43:49.9372138Z   2026-09-09: 2 problems
2026-10-04T12:43:50.1763134Z   2026-09-08: 2 problems
2026-10-04T12:43:50.3853561Z   2026-09-07: 2 problems
2026-10-04T12:43:51.2623205Z   2026-09-05: 2 problems
2026-10-04T12:43:51.4873127Z   2026-09-04: 2 problems
2026-10-04T12:43:51.7205399Z   2026-09-03: 2 problems
2026-10-04T12:43:51.9599315Z   2026-09-02: 2 problems
2026-10-04T12:43:52.1880947Z   2026-09-01: 2 problems
2026-10-04T12:43:52.4320731Z   2026-08-31: 2 problems
2026-10-04T12:43:52.6468271Z   2026-08-29: 2 problems
2026-10-04T12:43:52.8777170Z   2026-08-28: 2 problems
2026-10-04T12:43:53.1280374Z   2026-08-27: 2 problems
2026-10-04T12:43:53.3613437Z   2026-08-26: 2 problems
2026-10-04T12:43:53.6004224Z   2026-08-25: 2 problems
2026-10-04T12:43:53.8332511Z   2026-08-24: 2 problems
2026-10-04T12:43:54.0373965Z   2026-08-22: 2 problems
2026-10-04T12:43:54.2747980Z   2026-08-21: 2 problems
2026-10-04T12:43:54.5020713Z   2026-08-20: 2 problems
2026-10-04T12:43:54.7424643Z   2026-08-19: 2 problems
2026-10-04T12:43:55.0168676Z   2026-08-18: 2 problems
2026-10-04T12:43:55.2379514Z   2026-08-17: 2 problems
2026-10-04T12:43:55.5355759Z   2026-08-15: 2 problems
2026-10-04T12:43:55.7565057Z   2026-08-14: 2 problems
2026-10-04T12:43:55.9685577Z   2026-08-13: 2 problems
2026-10-04T12:43:56.1856241Z   2026-08-12: 2 problems
2026-10-04T12:43:56.3916810Z   2026-08-11: 2 problems
2026-10-04T12:43:56.5916555Z   2026-08-10: 2 problems
2026-10-04T12:43:57.1203798Z   2026-08-08: 2 problems
2026-10-04T12:43:57.3435762Z   2026-08-07: 2 problems
2026-10-04T12:43:57.5557488Z   2026-08-06: 2 problems
2026-10-04T12:43:57.7550404Z   2026-08-05: 2 problems
2026-10-04T12:43:58.0137832Z   2026-08-04: 2 problems
2026-10-04T12:43:58.2373100Z   2026-08-03: 2 problems
2026-10-04T12:43:58.4688736Z   2026-08-01: 2 problems
2026-10-04T12:43:58.6419180Z   2026-07-31: 2 problems
2026-10-04T12:43:58.8467528Z   2026-07-30: 2 problems
2026-10-04T12:43:59.0781424Z   2026-07-29: 2 problems
2026-10-04T12:43:59.2666129Z   2026-07-28: 2 problems
2026-10-04T12:43:59.4949227Z   2026-07-27: 2 problems
2026-10-04T12:43:59.7064389Z   2026-07-25: 2 problems
2026-10-04T12:43:59.9081174Z   2026-07-24: 2 problems
2026-10-04T12:44:00.1340862Z   2026-07-23: 2 problems
2026-10-04T12:44:00.3369774Z   2026-07-22: 2 problems
2026-10-04T12:44:00.5934286Z   2026-07-21: 2 problems
2026-10-04T12:44:00.9310470Z   2026-07-16: 2 problems
2026-10-04T12:44:01.2455706Z   2026-07-15: 2 problems
2026-10-04T12:44:01.4698438Z   2026-07-14: 2 problems
2026-10-04T12:44:02.0474725Z   2026-07-13: 2 problems
2026-10-04T12:44:02.3658221Z   2026-07-11: 2 problems
2026-10-04T12:44:02.5697555Z   2026-07-10: 2 problems
2026-10-04T12:44:02.7769410Z   2026-07-09: 2 problems
2026-10-04T12:44:02.9815206Z   2026-07-08: 2 problems
2026-10-04T12:44:03.2049333Z   2026-07-07: 2 problems
2026-10-04T12:44:03.4263270Z   2026-07-06: 2 problems
2026-10-04T12:44:03.6227730Z   2026-07-04: 2 problems
2026-10-04T12:44:03.8059410Z   2026-07-03: 2 problems
2026-10-04T12:44:04.0078972Z   2026-07-02: 2 problems
2026-10-04T12:44:04.2248556Z   2026-07-01: 2 problems
2026-10-04T12:44:04.5154972Z   2026-06-30: 2 problems
2026-10-04T12:44:04.7196722Z   2026-06-29: 2 problems
2026-10-04T12:44:04.9475189Z   2026-06-27: 2 problems
2026-10-04T12:44:05.1455700Z   2026-06-26: 2 problems
2026-10-04T12:44:05.3553833Z   2026-06-25: 2 problems
2026-10-04T12:44:05.6243368Z   2026-06-24: 2 problems
2026-10-04T12:44:05.8157069Z   2026-06-23: 2 problems
2026-10-04T12:44:06.0275238Z   2026-06-22: 2 problems
2026-10-04T12:44:06.1716704Z   2026-06-20: 1 problems
2026-10-04T12:44:06.3690325Z   2026-06-19: 2 problems
2026-10-04T12:44:06.5626024Z   2026-06-18: 2 problems
2026-10-04T12:44:06.7758042Z   2026-06-17: 2 problems
2026-10-04T12:44:06.9662004Z   2026-06-16: 2 problems
2026-10-04T12:44:07.1747478Z   2026-06-15: 2 problems
2026-10-04T12:44:07.4114402Z   2026-06-13: 2 problems
2026-10-04T12:44:07.6329949Z   2026-06-12: 2 problems
2026-10-04T12:44:07.8422558Z   2026-06-11: 2 problems
2026-10-04T12:44:08.0382212Z   2026-06-10: 2 problems
2026-10-04T12:44:08.2417728Z   2026-06-09: 2 problems
2026-10-04T12:44:08.4478956Z   2026-06-08: 2 problems
2026-10-04T12:44:08.6384589Z   2026-06-06: 2 problems
2026-10-04T12:44:08.8451996Z   2026-06-05: 2 problems
2026-10-04T12:44:09.0615833Z   2026-06-04: 2 problems
2026-10-04T12:44:09.1277722Z   2026-06-03: 2 problems
2026-10-04T12:44:09.3341528Z   2026-06-02: 2 problems
2026-10-04T12:44:09.5589527Z   2026-06-01: 2 problems
2026-10-04T12:44:09.7475291Z   2026-05-30: 2 problems
2026-10-04T12:44:09.9567394Z   2026-05-29: 2 problems
2026-10-04T12:44:10.1579149Z   2026-05-28: 2 problems
2026-10-04T12:44:10.3527390Z   2026-05-27: 2 problems
2026-10-04T12:44:10.4912050Z   2026-05-26: 2 problems
2026-10-04T12:44:10.6997824Z   2026-05-25: 2 problems
2026-10-04T12:44:10.8988686Z   2026-05-23: 2 problems
2026-10-04T12:44:11.1097951Z   2026-05-22: 2 problems
2026-10-04T12:44:11.3279777Z   2026-05-21: 2 problems
2026-10-04T12:44:11.6989116Z   2026-05-20: 2 problems
2026-10-04T12:44:11.9849843Z   2026-05-19: 2 problems
2026-10-04T12:44:12.1966906Z   2026-05-18: 2 problems
2026-10-04T12:44:12.3914557Z   2026-05-16: 2 problems
2026-10-04T12:44:12.5991526Z   2026-05-15: 2 problems
2026-10-04T12:44:12.7808408Z   2026-05-14: 2 problems
2026-10-04T12:44:12.9738709Z   2026-05-13: 2 problems
2026-10-04T12:44:13.4951987Z   2026-05-12: 2 problems
2026-10-04T12:44:13.9461182Z   2026-05-11: 2 problems
2026-10-04T12:44:14.1343814Z   2026-05-09: 2 problems
2026-10-04T12:44:14.3304045Z   2026-05-08: 2 problems
2026-10-04T12:44:14.5210593Z   2026-05-07: 2 problems
2026-10-04T12:44:14.7174979Z   2026-05-06: 2 problems
2026-10-04T12:44:14.9141243Z   2026-05-05: 2 problems
2026-10-04T12:44:15.1111248Z   2026-05-04: 2 problems
2026-10-04T12:44:15.3172869Z   2026-05-02: 2 problems
2026-10-04T12:44:15.5116092Z   2026-05-01: 2 problems
2026-10-04T12:44:15.7254975Z   2026-04-30: 2 problems
2026-10-04T12:44:15.9427458Z   2026-04-29: 2 problems
2026-10-04T12:44:16.1561961Z   2026-04-28: 2 problems
2026-10-04T12:44:16.3614657Z   2026-04-27: 2 problems
2026-10-04T12:44:16.5955308Z   2026-04-25: 2 problems
2026-10-04T12:44:16.8089379Z   2026-04-24: 2 problems
2026-10-04T12:44:16.9896583Z   2026-04-23: 2 problems
2026-10-04T12:44:17.1798163Z   2026-04-22: 2 problems
2026-10-04T12:44:17.3733344Z   2026-04-21: 2 problems
2026-10-04T12:44:17.5648218Z   2026-04-20: 2 problems
2026-10-04T12:44:17.7814879Z   2026-04-18: 2 problems
2026-10-04T12:44:17.9873216Z   2026-04-17: 2 problems
2026-10-04T12:44:18.1948614Z   2026-04-16: 2 problems
2026-10-04T12:44:18.4559454Z   2026-04-15: 2 problems
2026-10-04T12:44:18.6554855Z   2026-04-14: 2 problems
2026-10-04T12:44:18.8899464Z   2026-04-13: 2 problems
2026-10-04T12:44:19.0966245Z   2026-04-11: 2 problems
2026-10-04T12:44:19.3080792Z   2026-04-10: 2 problems
2026-10-04T12:44:19.4969900Z   2026-04-09: 2 problems
2026-10-04T12:44:19.6603337Z   2026-04-08: 2 problems
2026-10-04T12:44:19.8561377Z   2026-04-07: 2 problems
2026-10-04T12:44:20.0723754Z   2026-04-06: 2 problems
2026-10-04T12:44:20.2682934Z   2026-04-04: 2 problems
2026-10-04T12:44:20.4765031Z   2026-04-03: 2 problems
2026-10-04T12:44:20.9050355Z   2026-04-02: 2 problems
2026-10-04T12:44:21.3574699Z   2026-04-01: 2 problems
2026-10-04T12:44:21.5461225Z   2026-03-31: 2 problems
2026-10-04T12:44:21.7259355Z   2026-03-30: 2 problems
2026-10-04T12:44:21.9166157Z   2026-03-28: 2 problems
2026-10-04T12:44:22.1542744Z   2026-03-27: 2 problems
2026-10-04T12:44:23.0987387Z   2026-03-26: 2 problems
2026-10-04T12:44:23.3395973Z   2026-03-25: 2 problems
2026-10-04T12:44:23.5293202Z   2026-03-24: 2 problems
2026-10-04T12:44:23.7211447Z   2026-03-23: 2 problems
2026-10-04T12:44:23.9309189Z   2026-03-21: 2 problems
2026-10-04T12:44:24.1354906Z   2026-03-20: 2 problems
2026-10-04T12:44:24.3410738Z   2026-03-19: 2 problems
2026-10-04T12:44:24.7974187Z   2026-03-18: 2 problems
2026-10-04T12:44:25.0135136Z   2026-03-17: 2 problems
2026-10-04T12:44:25.2003223Z   2026-03-16: 2 problems
2026-10-04T12:44:25.4040077Z   2026-03-14: 2 problems
2026-10-04T12:44:25.6160686Z   2026-03-13: 2 problems
2026-10-04T12:44:25.8028410Z   2026-03-12: 2 problems
2026-10-04T12:44:26.0001180Z   2026-03-11: 2 problems
2026-10-04T12:44:26.2033946Z   2026-03-10: 2 problems
2026-10-04T12:44:26.4239495Z   2026-03-09: 2 problems
2026-10-04T12:44:26.7178906Z   2026-03-07: 2 problems
2026-10-04T12:44:26.9295749Z   2026-03-06: 2 problems
2026-10-04T12:44:27.1194681Z   2026-03-05: 2 problems
2026-10-04T12:44:27.3148595Z   2026-03-04: 2 problems
2026-10-04T12:44:27.5223855Z   2026-03-03: 2 problems
2026-10-04T12:44:27.7181412Z   2026-03-02: 2 problems
2026-10-04T12:44:27.9331655Z   2026-02-28: 2 problems
2026-10-04T12:44:28.1256657Z   2026-02-27: 2 problems
2026-10-04T12:44:28.3316594Z   2026-02-26: 2 problems
2026-10-04T12:44:28.5396128Z   2026-02-25: 2 problems
2026-10-04T12:44:28.7561868Z   2026-02-24: 2 problems
2026-10-04T12:44:28.9751760Z   2026-02-23: 2 problems
2026-10-04T12:44:29.1714853Z   2026-02-21: 2 problems
2026-10-04T12:44:29.3694630Z   2026-02-20: 2 problems
2026-10-04T12:44:29.5623496Z   2026-02-19: 2 problems
2026-10-04T12:44:29.7565258Z   2026-02-18: 2 problems
2026-10-04T12:44:29.9577441Z   2026-02-17: 2 problems
2026-10-04T12:44:30.1530680Z   2026-02-16: 2 problems
2026-10-04T12:44:30.3369000Z   2026-02-14: 2 problems
2026-10-04T12:44:30.5382182Z   2026-02-13: 2 problems
2026-10-04T12:44:30.7492093Z   2026-02-12: 2 problems
2026-10-04T12:44:31.0359958Z   2026-02-11: 2 problems
2026-10-04T12:44:31.5647340Z   2026-02-10: 2 problems
2026-10-04T12:44:31.7458314Z   2026-02-09: 2 problems
2026-10-04T12:44:32.0848161Z   2026-02-07: 2 problems
2026-10-04T12:44:32.2865189Z   2026-02-06: 2 problems
2026-10-04T12:44:32.4682195Z   2026-02-05: 2 problems
2026-10-04T12:44:32.7033624Z   2026-02-04: 2 problems
2026-10-04T12:44:32.8861202Z   2026-02-03: 2 problems
2026-10-04T12:44:33.0834241Z   2026-02-02: 2 problems
2026-10-04T12:44:33.3418213Z   2026-01-31: 2 problems
2026-10-04T12:44:33.5714627Z   2026-01-30: 2 problems
2026-10-04T12:44:33.7778896Z   2026-01-29: 2 problems
2026-10-04T12:44:34.0148375Z   2026-01-28: 2 problems
2026-10-04T12:44:34.2098455Z   2026-01-27: 2 problems
2026-10-04T12:44:34.4875094Z   2026-01-26: 2 problems
2026-10-04T12:44:34.7962257Z   2026-01-24: 2 problems
2026-10-04T12:44:34.9881841Z   2026-01-23: 2 problems
2026-10-04T12:44:35.1264950Z   2026-01-22: 2 problems
2026-10-04T12:44:35.3464138Z   2026-01-21: 2 problems
2026-10-04T12:44:35.5308493Z   2026-01-20: 2 problems
2026-10-04T12:44:35.7216883Z   2026-01-19: 2 problems
2026-10-04T12:44:35.9121225Z   2026-01-17: 2 problems
2026-10-04T12:44:36.1198465Z   2026-01-16: 2 problems
2026-10-04T12:44:36.3324400Z   2026-01-15: 2 problems
2026-10-04T12:44:36.5313572Z   2026-01-14: 2 problems
2026-10-04T12:44:36.7206588Z   2026-01-13: 2 problems
2026-10-04T12:44:36.9001097Z   2026-01-12: 2 problems
2026-10-04T12:44:37.0962598Z   2026-01-10: 2 problems
2026-10-04T12:44:37.2976170Z   2026-01-09: 2 problems
2026-10-04T12:44:37.5119166Z   2026-01-08: 2 problems
2026-10-04T12:44:37.7198083Z   2026-01-07: 2 problems
2026-10-04T12:44:37.9067413Z   2026-01-06: 2 problems
2026-10-04T12:44:38.1270252Z   2026-01-05: 2 problems
2026-10-04T12:44:38.3226062Z   2026-01-03: 2 problems
2026-10-04T12:44:38.5184617Z   2026-01-02: 2 problems
2026-10-04T12:44:38.7154415Z   2026-01-01: 2 problems
2026-10-04T12:44:38.9123793Z   2025-12-31: 2 problems
2026-10-04T12:44:39.1226587Z   2025-12-30: 2 problems
2026-10-04T12:44:39.3404334Z   2025-12-29: 2 problems
2026-10-04T12:44:39.5701464Z   2025-12-27: 2 problems
2026-10-04T12:44:39.7760872Z   2025-12-26: 2 problems
2026-10-04T12:44:39.9906395Z   2025-12-25: 2 problems
2026-10-04T12:44:40.1967219Z   2025-12-24: 2 problems
2026-10-04T12:44:40.4134757Z   2025-12-23: 2 problems
2026-10-04T12:44:40.6201560Z   2025-12-22: 2 problems
2026-10-04T12:44:40.8608447Z   2025-12-20: 2 problems
2026-10-04T12:44:41.0690947Z   2025-12-19: 2 problems
2026-10-04T12:44:41.3083626Z   2025-12-18: 2 problems
2026-10-04T12:44:41.5015345Z   2025-12-17: 2 problems
2026-10-04T12:44:41.7314406Z   2025-12-16: 2 problems
2026-10-04T12:44:41.9464858Z   2025-12-15: 2 problems
2026-10-04T12:44:42.1834567Z   2025-12-13: 2 problems
2026-10-04T12:44:42.4038588Z   2025-12-12: 2 problems
2026-10-04T12:44:42.6145982Z   2025-12-11: 2 problems
2026-10-04T12:44:42.8307826Z   2025-12-10: 2 problems
2026-10-04T12:44:43.0197526Z   2025-12-09: 2 problems
2026-10-04T12:44:43.1507159Z   2025-12-08: 2 problems
2026-10-04T12:44:43.4001902Z   2025-12-06: 2 problems
2026-10-04T12:44:43.5877718Z   2025-12-05: 2 problems
2026-10-04T12:44:43.8622178Z   2025-12-04: 2 problems
2026-10-04T12:44:44.0808218Z   2025-12-03: 2 problems
2026-10-04T12:44:44.3007034Z   2025-12-02: 2 problems
2026-10-04T12:44:44.5023085Z   2025-12-01: 2 problems
2026-10-04T12:44:44.7286805Z   2025-11-29: 2 problems
2026-10-04T12:44:44.9187431Z   2025-11-28: 2 problems
2026-10-04T12:44:45.1370327Z   2025-11-27: 2 problems
2026-10-04T12:44:45.3481317Z   2025-11-26: 2 problems
2026-10-04T12:44:45.5520166Z   2025-11-25: 2 problems
2026-10-04T12:44:45.8356335Z   2025-11-24: 2 problems
2026-10-04T12:44:46.0311641Z   2025-11-22: 2 problems
2026-10-04T12:44:46.2742828Z   2025-11-21: 2 problems
2026-10-04T12:44:46.4792669Z   2025-11-20: 2 problems
2026-10-04T12:44:46.6793479Z   2025-11-19: 2 problems
2026-10-04T12:44:47.6982690Z   2025-11-18: 2 problems
2026-10-04T12:44:47.8854288Z   2025-11-17: 2 problems
2026-10-04T12:44:48.0971948Z   2025-11-15: 2 problems
2026-10-04T12:44:48.3221994Z   2025-11-14: 2 problems
2026-10-04T12:44:48.5355363Z   2025-11-13: 2 problems
2026-10-04T12:44:48.7790065Z   2025-11-12: 2 problems
2026-10-04T12:44:49.0022970Z   2025-11-11: 2 problems
2026-10-04T12:44:49.2093093Z   2025-11-10: 2 problems
2026-10-04T12:44:49.4232356Z   2025-11-08: 2 problems
2026-10-04T12:44:49.6222296Z   2025-11-07: 2 problems
2026-10-04T12:44:49.8145478Z   2025-11-06: 2 problems
2026-10-04T12:44:50.0297020Z   2025-11-05: 2 problems
2026-10-04T12:44:50.5118064Z   2025-11-04: 2 problems
2026-10-04T12:44:50.7265998Z   2025-11-03: 2 problems
2026-10-04T12:44:51.0472314Z   2025-11-01: 2 problems
2026-10-04T12:44:51.2715508Z   2025-10-31: 2 problems
2026-10-04T12:44:51.4873499Z   2025-10-30: 2 problems
2026-10-04T12:44:51.6880188Z   2025-10-29: 2 problems
2026-10-04T12:44:51.8977248Z   2025-10-28: 2 problems
2026-10-04T12:44:52.1955471Z   2025-10-27: 2 problems
2026-10-04T12:44:52.4437867Z   2025-10-25: 2 problems
2026-10-04T12:44:52.6570437Z   2025-10-24: 2 problems
2026-10-04T12:44:52.9593849Z   2025-10-23: 2 problems
2026-10-04T12:44:53.1726487Z   2025-10-22: 2 problems
2026-10-04T12:44:53.4140735Z   2025-10-21: 2 problems
2026-10-04T12:44:53.6369334Z   2025-10-20: 2 problems
2026-10-04T12:44:53.8744074Z   2025-10-18: 2 problems
2026-10-04T12:44:54.1126530Z   2025-10-17: 2 problems
2026-10-04T12:44:54.3440929Z   2025-10-16: 2 problems
2026-10-04T12:44:54.5780216Z   2025-10-15: 2 problems
2026-10-04T12:44:54.8405852Z   2025-10-14: 2 problems
2026-10-04T12:44:55.0628639Z   2025-10-13: 2 problems
2026-10-04T12:44:55.4006022Z   2025-10-11: 2 problems
2026-10-04T12:44:55.6100924Z   2025-10-10: 2 problems
2026-10-04T12:44:55.8630771Z   2025-10-09: 2 problems
2026-10-04T12:44:56.0795045Z   2025-10-08: 2 problems
2026-10-04T12:44:56.2846712Z   2025-10-07: 2 problems
2026-10-04T12:44:56.5245353Z   2025-10-06: 2 problems
2026-10-04T12:44:56.7769164Z   2025-10-04: 2 problems
2026-10-04T12:44:56.9865299Z   2025-10-03: 2 problems
2026-10-04T12:44:57.1819286Z   2025-10-02: 2 problems
2026-10-04T12:44:57.4439112Z   2025-10-01: 2 problems
2026-10-04T12:44:57.6576940Z   2025-09-30: 2 problems
2026-10-04T12:44:57.9105321Z   2025-09-29: 2 problems
2026-10-04T12:44:58.1287578Z   2025-09-27: 2 problems
2026-10-04T12:44:58.3604299Z   2025-09-26: 2 problems
2026-10-04T12:44:58.6046462Z   2025-09-25: 2 problems
2026-10-04T12:44:58.8223713Z   2025-09-24: 2 problems
2026-10-04T12:44:59.0388461Z   2025-09-23: 2 problems
2026-10-04T12:44:59.2890063Z   2025-09-22: 2 problems
2026-10-04T12:44:59.5158626Z   2025-09-20: 2 problems
2026-10-04T12:44:59.7505489Z   2025-09-19: 2 problems
2026-10-04T12:44:59.9884845Z   2025-09-18: 2 problems
2026-10-04T12:45:00.2330976Z   2025-09-17: 2 problems
2026-10-04T12:45:00.4605154Z   2025-09-16: 2 problems
2026-10-04T12:45:00.7109363Z   2025-09-15: 2 problems
2026-10-04T12:45:01.0061940Z   2025-09-13: 2 problems
2026-10-04T12:45:01.5280940Z   2025-09-12: 2 problems
2026-10-04T12:45:01.7404748Z   2025-09-11: 2 problems
2026-10-04T12:45:01.9888350Z   2025-09-10: 2 problems
2026-10-04T12:45:02.1905420Z   2025-09-09: 2 problems
2026-10-04T12:45:02.4134638Z   2025-09-08: 2 problems
2026-10-04T12:45:02.6563707Z   2025-09-06: 2 problems
2026-10-04T12:45:02.8651666Z   2025-09-05: 2 problems
2026-10-04T12:45:03.0980892Z   2025-09-04: 2 problems
2026-10-04T12:45:03.3101090Z   2025-09-03: 2 problems
2026-10-04T12:45:03.5249296Z   2025-09-02: 2 problems
2026-10-04T12:45:03.7917978Z   2025-09-01: 2 problems
2026-10-04T12:45:04.0186397Z   2025-08-30: 2 problems
2026-10-04T12:45:04.2836210Z   2025-08-29: 2 problems
2026-10-04T12:45:04.4939750Z   2025-08-28: 2 problems
2026-10-04T12:45:04.6961413Z   2025-08-27: 2 problems
2026-10-04T12:45:04.9278531Z   2025-08-26: 2 problems
2026-10-04T12:45:05.1392209Z   2025-08-25: 2 problems
2026-10-04T12:45:05.3472575Z   2025-08-23: 2 problems
2026-10-04T12:45:05.5914661Z   2025-08-22: 2 problems
2026-10-04T12:45:05.8135531Z   2025-08-21: 2 problems
2026-10-04T12:45:06.0418279Z   2025-08-20: 2 problems
2026-10-04T12:45:06.2824843Z   2025-08-19: 2 problems
2026-10-04T12:45:06.5116205Z   2025-08-18: 2 problems
2026-10-04T12:45:06.7345772Z   2025-08-16: 2 problems
2026-10-04T12:45:06.9669090Z   2025-08-15: 2 problems
2026-10-04T12:45:07.2017862Z   2025-08-14: 2 problems
2026-10-04T12:45:07.4726246Z   2025-08-13: 2 problems
2026-10-04T12:45:07.6996607Z   2025-08-12: 2 problems
2026-10-04T12:45:07.8993932Z   2025-08-11: 2 problems
2026-10-04T12:45:08.1262671Z   2025-08-09: 2 problems
2026-10-04T12:45:08.3481036Z   2025-08-08: 2 problems
2026-10-04T12:45:08.6025822Z   2025-08-07: 2 problems
2026-10-04T12:45:08.8204690Z   2025-08-06: 2 problems
2026-10-04T12:45:09.0317359Z   2025-08-05: 2 problems
2026-10-04T12:45:09.2267560Z   2025-08-04: 2 problems
2026-10-04T12:45:09.4943157Z   2025-08-02: 2 problems
2026-10-04T12:45:09.7169821Z   2025-08-01: 2 problems
2026-10-04T12:45:09.9267908Z   2025-07-31: 2 problems
2026-10-04T12:45:10.1475498Z   2025-07-30: 2 problems
2026-10-04T12:45:10.3903473Z   2025-07-29: 2 problems
2026-10-04T12:45:10.6231641Z   2025-07-28: 2 problems
2026-10-04T12:45:11.1176330Z   2025-07-26: 2 problems
2026-10-04T12:45:11.3251658Z   2025-07-25: 2 problems
2026-10-04T12:45:11.5353085Z   2025-07-24: 2 problems
2026-10-04T12:45:11.7470670Z   2025-07-23: 2 problems
2026-10-04T12:45:11.9647551Z   2025-07-22: 2 problems
2026-10-04T12:45:12.1762661Z   2025-07-21: 2 problems
2026-10-04T12:45:12.4066132Z   2025-07-19: 2 problems
2026-10-04T12:45:12.6466679Z   2025-07-18: 2 problems
2026-10-04T12:45:12.9094248Z   2025-07-17: 2 problems
2026-10-04T12:45:13.1295689Z   2025-07-16: 2 problems
2026-10-04T12:45:13.3571272Z   2025-07-15: 2 problems
2026-10-04T12:45:13.5808456Z   2025-07-14: 2 problems
2026-10-04T12:45:13.8233445Z   2025-07-12: 2 problems
2026-10-04T12:45:14.1145533Z   2025-07-11: 2 problems
2026-10-04T12:45:14.3224519Z   2025-07-10: 2 problems
2026-10-04T12:45:14.5232891Z   2025-07-09: 2 problems
2026-10-04T12:45:14.7490854Z   2025-07-08: 2 problems
2026-10-04T12:45:14.9357544Z   2025-07-07: 2 problems
2026-10-04T12:45:15.1521023Z   2025-07-05: 2 problems
2026-10-04T12:45:15.3892628Z   2025-07-04: 2 problems
2026-10-04T12:45:15.6078286Z   2025-07-03: 2 problems
2026-10-04T12:45:15.8282162Z   2025-07-02: 2 problems
2026-10-04T12:45:16.0547010Z   2025-07-01: 2 problems
2026-10-04T12:45:16.2643040Z   2025-06-30: 2 problems
2026-10-04T12:45:16.4670546Z   2025-06-28: 2 problems
2026-10-04T12:45:16.6850347Z   2025-06-27: 2 problems
2026-10-04T12:45:16.9064584Z   2025-06-26: 2 problems
2026-10-04T12:45:17.1221457Z   2025-06-25: 2 problems
2026-10-04T12:45:17.3376312Z   2025-06-24: 2 problems
2026-10-04T12:45:17.5403440Z   2025-06-23: 2 problems
2026-10-04T12:45:17.6740378Z   2025-06-21: 2 problems
2026-10-04T12:45:17.8762243Z   2025-06-20: 2 problems
2026-10-04T12:45:18.1089446Z   2025-06-19: 2 problems
2026-10-04T12:45:18.3288997Z   2025-06-18: 2 problems
2026-10-04T12:45:18.5485500Z   2025-06-17: 2 problems
2026-10-04T12:45:18.7795641Z   2025-06-16: 2 problems
2026-10-04T12:45:19.0082193Z   2025-06-14: 2 problems
2026-10-04T12:45:19.2434992Z   2025-06-13: 2 problems
2026-10-04T12:45:19.4955769Z   2025-06-12: 2 problems
2026-10-04T12:45:19.6939044Z   2025-06-11: 2 problems
2026-10-04T12:45:19.9141840Z   2025-06-10: 2 problems
2026-10-04T12:45:20.1385408Z   2025-06-09: 2 problems
2026-10-04T12:45:20.3454240Z   2025-06-07: 2 problems
2026-10-04T12:45:20.6415285Z   2025-06-06: 2 problems
2026-10-04T12:45:20.9188205Z   2025-06-05: 2 problems
2026-10-04T12:45:21.1276238Z   2025-06-04: 2 problems
2026-10-04T12:45:21.3468002Z   2025-06-03: 2 problems
2026-10-04T12:45:21.5623075Z   2025-06-02: 2 problems
2026-10-04T12:45:21.7846093Z   2025-05-31: 2 problems
2026-10-04T12:45:21.9955059Z   2025-05-30: 2 problems
2026-10-04T12:45:22.2356912Z   2025-05-29: 2 problems
2026-10-04T12:45:22.4305688Z   2025-05-28: 2 problems
2026-10-04T12:45:22.6365612Z   2025-05-27: 2 problems
2026-10-04T12:45:22.8620600Z   2025-05-26: 2 problems
2026-10-04T12:45:23.0773397Z   2025-05-24: 2 problems
2026-10-04T12:45:23.2816930Z   2025-05-23: 2 problems
2026-10-04T12:45:23.4842101Z   2025-05-22: 2 problems
2026-10-04T12:45:23.6960587Z   2025-05-21: 2 problems
2026-10-04T12:45:23.8956596Z   2025-05-20: 2 problems
2026-10-04T12:45:24.0934719Z   2025-05-19: 2 problems
2026-10-04T12:45:24.5465804Z   2025-05-17: 2 problems
2026-10-04T12:45:24.7488307Z   2025-05-16: 2 problems
2026-10-04T12:45:24.9377124Z   2025-05-15: 2 problems
2026-10-04T12:45:25.1440409Z   2025-05-14: 2 problems
2026-10-04T12:45:25.3536278Z   2025-05-13: 2 problems
2026-10-04T12:45:25.5555930Z   2025-05-12: 2 problems
2026-10-04T12:45:25.7778146Z   2025-05-10: 2 problems
2026-10-04T12:45:25.9755111Z   2025-05-09: 2 problems
2026-10-04T12:45:26.1876470Z   2025-05-08: 2 problems
2026-10-04T12:45:26.3986124Z   2025-05-07: 2 problems
2026-10-04T12:45:26.5969526Z   2025-05-06: 2 problems
2026-10-04T12:45:26.8246054Z   2025-05-05: 2 problems
2026-10-04T12:45:27.0335765Z   2025-05-03: 2 problems
2026-10-04T12:45:27.2596902Z   2025-05-02: 2 problems
2026-10-04T12:45:27.4743158Z   2025-05-01: 2 problems
2026-10-04T12:45:27.6868698Z   2025-04-30: 2 problems
2026-10-04T12:45:27.9124127Z   2025-04-29: 2 problems
2026-10-04T12:45:28.1188844Z   2025-04-28: 2 problems
2026-10-04T12:45:28.4258201Z   2025-04-26: 2 problems
2026-10-04T12:45:28.6247899Z   2025-04-25: 2 problems
2026-10-04T12:45:28.8427855Z   2025-04-24: 2 problems
2026-10-04T12:45:29.0498931Z   2025-04-23: 2 problems
2026-10-04T12:45:29.2606138Z   2025-04-22: 2 problems
2026-10-04T12:45:29.4667005Z   2025-04-21: 2 problems
2026-10-04T12:45:29.6753200Z   2025-04-19: 2 problems
2026-10-04T12:45:29.9075221Z   2025-04-18: 2 problems
2026-10-04T12:45:30.1857850Z   2025-04-17: 2 problems
2026-10-04T12:45:30.4048198Z   2025-04-16: 2 problems
2026-10-04T12:45:30.6217290Z   2025-04-15: 2 problems
2026-10-04T12:45:30.8280411Z   2025-04-14: 2 problems
2026-10-04T12:45:31.0655112Z   2025-04-12: 2 problems
2026-10-04T12:45:31.2771446Z   2025-04-11: 2 problems
2026-10-04T12:45:31.5010458Z   2025-04-10: 2 problems
2026-10-04T12:45:31.7009991Z   2025-04-09: 2 problems
2026-10-04T12:45:31.9127621Z   2025-04-08: 2 problems
2026-10-04T12:45:32.1183537Z   2025-04-07: 2 problems
2026-10-04T12:45:32.3052137Z   2025-04-05: 2 problems
2026-10-04T12:45:32.5136560Z   2025-04-04: 2 problems
2026-10-04T12:45:32.7851408Z   2025-04-03: 2 problems
2026-10-04T12:45:32.9845829Z   2025-04-02: 2 problems
2026-10-04T12:45:33.1659754Z   2025-04-01: 2 problems
2026-10-04T12:45:33.3905074Z   2025-03-31: 2 problems
2026-10-04T12:45:33.5916270Z   2025-03-29: 2 problems
2026-10-04T12:45:33.8275221Z   2025-03-28: 2 problems
2026-10-04T12:45:34.0244268Z   2025-03-27: 2 problems
2026-10-04T12:45:34.2916375Z   2025-03-26: 2 problems
2026-10-04T12:45:34.4848735Z   2025-03-25: 2 problems
2026-10-04T12:45:34.7091331Z   2025-03-24: 2 problems
2026-10-04T12:45:34.9246739Z   2025-03-22: 2 problems
2026-10-04T12:45:35.1087449Z   2025-03-21: 2 problems
2026-10-04T12:45:35.3877851Z   2025-03-20: 2 problems
2026-10-04T12:45:35.5849515Z   2025-03-19: 2 problems
2026-10-04T12:45:35.7912255Z   2025-03-18: 2 problems
2026-10-04T12:45:36.0143403Z   2025-03-17: 2 problems
2026-10-04T12:45:36.2456165Z   2025-03-15: 2 problems
2026-10-04T12:45:36.4377410Z   2025-03-14: 2 problems
2026-10-04T12:45:36.6277895Z   2025-03-13: 2 problems
2026-10-04T12:45:36.8186278Z   2025-03-12: 2 problems
2026-10-04T12:45:37.0223191Z   2025-03-11: 2 problems
2026-10-04T12:45:37.2798878Z   2025-03-10: 2 problems
2026-10-04T12:45:37.4735770Z   2025-03-08: 2 problems
2026-10-04T12:45:37.6589245Z   2025-03-07: 2 problems
2026-10-04T12:45:37.8600800Z   2025-03-06: 2 problems
2026-10-04T12:45:38.0805522Z   2025-03-05: 2 problems
2026-10-04T12:45:38.2866053Z   2025-03-04: 2 problems
2026-10-04T12:45:38.4734148Z   2025-03-03: 2 problems
2026-10-04T12:45:38.6642598Z   2025-03-01: 2 problems
2026-10-04T12:45:38.8788344Z   2025-02-28: 2 problems
2026-10-04T12:45:39.0668924Z   2025-02-27: 2 problems
2026-10-04T12:45:39.2825304Z   2025-02-26: 2 problems
2026-10-04T12:45:39.4911581Z   2025-02-25: 2 problems
2026-10-04T12:45:39.6924984Z   2025-02-24: 2 problems
2026-10-04T12:45:39.9080932Z   2025-02-22: 2 problems
2026-10-04T12:45:40.1013815Z   2025-02-21: 2 problems
2026-10-04T12:45:40.3101113Z   2025-02-20: 2 problems
2026-10-04T12:45:40.5156203Z   2025-02-19: 2 problems
2026-10-04T12:45:40.7241313Z   2025-02-18: 2 problems
2026-10-04T12:45:40.9320591Z   2025-02-17: 2 problems
2026-10-04T12:45:41.1328257Z   2025-02-15: 2 problems
2026-10-04T12:45:41.3420137Z   2025-02-14: 2 problems
2026-10-04T12:45:41.5623164Z   2025-02-13: 2 problems
2026-10-04T12:45:41.7737641Z   2025-02-12: 2 problems
2026-10-04T12:45:41.9667470Z   2025-02-11: 2 problems
2026-10-04T12:45:42.1793720Z   2025-02-10: 2 problems
2026-10-04T12:45:42.3727209Z   2025-02-08: 2 problems
2026-10-04T12:45:42.5896569Z   2025-02-07: 2 problems
2026-10-04T12:45:42.7795563Z   2025-02-06: 2 problems
2026-10-04T12:45:42.9736044Z   2025-02-05: 2 problems
2026-10-04T12:45:43.1740384Z   2025-02-04: 2 problems
2026-10-04T12:45:43.3800580Z   2025-02-03: 2 problems
2026-10-04T12:45:43.6007564Z   2025-02-01: 2 problems
2026-10-04T12:45:43.8363412Z   2025-01-31: 2 problems
2026-10-04T12:45:44.0517662Z   2025-01-30: 2 problems
2026-10-04T12:45:44.2691308Z   2025-01-29: 2 problems
2026-10-04T12:45:44.4760103Z   2025-01-28: 2 problems
2026-10-04T12:45:44.6863325Z   2025-01-27: 2 problems
2026-10-04T12:45:44.9058937Z   2025-01-25: 2 problems
2026-10-04T12:45:45.1073251Z   2025-01-24: 2 problems
2026-10-04T12:45:45.3413805Z   2025-01-23: 2 problems
2026-10-04T12:45:45.5456568Z   2025-01-22: 2 problems
2026-10-04T12:45:45.7334458Z   2025-01-21: 2 problems
2026-10-04T12:45:45.9371794Z   2025-01-20: 2 problems
2026-10-04T12:45:46.1280576Z   2025-01-18: 2 problems
2026-10-04T12:45:46.3450350Z   2025-01-17: 2 problems
2026-10-04T12:45:46.5627400Z   2025-01-16: 2 problems
2026-10-04T12:45:46.8523796Z   2025-01-15: 2 problems
2026-10-04T12:45:47.0640468Z   2025-01-14: 2 problems
2026-10-04T12:45:47.2990961Z   2025-01-13: 2 problems
2026-10-04T12:45:47.5285722Z   2025-01-11: 2 problems
2026-10-04T12:45:47.7171122Z   2025-01-10: 2 problems
2026-10-04T12:45:47.9232491Z   2025-01-09: 2 problems
2026-10-04T12:45:48.1099811Z   2025-01-08: 2 problems
2026-10-04T12:45:48.3110047Z   2025-01-07: 2 problems
2026-10-04T12:45:48.5143491Z   2025-01-06: 2 problems
2026-10-04T12:45:48.7184316Z   2025-01-04: 2 problems
2026-10-04T12:45:48.9267027Z   2025-01-03: 2 problems
2026-10-04T12:45:49.1466259Z   2025-01-02: 2 problems
2026-10-04T12:45:49.3420283Z   2025-01-01: 2 problems
2026-10-04T12:45:49.5428947Z   2024-12-31: 2 problems
2026-10-04T12:45:49.7338899Z   2024-12-30: 2 problems
2026-10-04T12:45:49.9761703Z   2024-12-28: 2 problems
2026-10-04T12:45:50.2619015Z   2024-12-27: 2 problems
2026-10-04T12:45:50.4934918Z   2024-12-26: 2 problems
2026-10-04T12:45:50.7058717Z   2024-12-25: 2 problems
2026-10-04T12:45:51.0030637Z   2024-12-24: 2 problems
2026-10-04T12:45:51.2166573Z   2024-12-23: 2 problems
2026-10-04T12:45:51.5245437Z   2024-12-21: 2 problems
2026-10-04T12:45:51.7921029Z   2024-12-20: 2 problems
2026-10-04T12:45:52.0040591Z   2024-12-19: 2 problems
2026-10-04T12:45:52.2035156Z   2024-12-18: 2 problems
2026-10-04T12:45:52.4197429Z   2024-12-17: 2 problems
2026-10-04T12:45:52.6457872Z   2024-12-16: 2 problems
2026-10-04T12:45:52.8517538Z   2024-12-14: 2 problems
2026-10-04T12:45:53.0437861Z   2024-12-13: 2 problems
2026-10-04T12:45:53.2432347Z   2024-12-12: 2 problems
2026-10-04T12:45:53.4659427Z   2024-12-11: 2 problems
2026-10-04T12:45:53.6704882Z   2024-12-10: 2 problems
2026-10-04T12:45:53.8753977Z   2024-12-09: 2 problems
2026-10-04T12:45:54.1264702Z   2024-12-07: 2 problems
2026-10-04T12:45:54.3749505Z   2024-12-06: 2 problems
2026-10-04T12:45:54.5843716Z   2024-12-05: 2 problems
2026-10-04T12:45:54.7878508Z   2024-12-04: 2 problems
2026-10-04T12:45:54.9699703Z   2024-12-03: 2 problems
2026-10-04T12:45:55.1966204Z   2024-12-02: 2 problems
2026-10-04T12:45:55.3872165Z   2024-11-30: 2 problems
2026-10-04T12:45:55.5819326Z   2024-11-29: 2 problems
2026-10-04T12:45:55.8070154Z   2024-11-28: 2 problems
2026-10-04T12:45:56.0332807Z   2024-11-27: 2 problems
2026-10-04T12:45:56.2330900Z   2024-11-26: 2 problems
2026-10-04T12:45:56.4540793Z   2024-11-25: 2 problems
2026-10-04T12:45:56.6621850Z   2024-11-23: 2 problems
2026-10-04T12:45:56.8710281Z   2024-11-22: 2 problems
2026-10-04T12:45:57.0220776Z   2024-11-21: 2 problems
2026-10-04T12:45:57.2445300Z   2024-11-20: 2 problems
2026-10-04T12:45:57.4516679Z   2024-11-19: 2 problems
2026-10-04T12:45:57.6514521Z   2024-11-18: 2 problems
2026-10-04T12:45:57.8453382Z   2024-11-16: 2 problems
2026-10-04T12:45:58.0481154Z   2024-11-15: 2 problems
2026-10-04T12:45:58.2739917Z   2024-11-14: 2 problems
2026-10-04T12:45:58.5078101Z   2024-11-13: 2 problems
2026-10-04T12:45:58.7504953Z   2024-11-12: 2 problems
2026-10-04T12:45:58.9933334Z   2024-11-11: 2 problems
2026-10-04T12:45:59.2090047Z   2024-11-09: 2 problems
2026-10-04T12:45:59.4444415Z   2024-11-08: 2 problems
2026-10-04T12:45:59.6500433Z   2024-11-07: 2 problems
2026-10-04T12:45:59.8726924Z   2024-11-06: 2 problems
2026-10-04T12:46:00.0976379Z   2024-11-05: 2 problems
2026-10-04T12:46:00.3103864Z   2024-11-04: 2 problems
2026-10-04T12:46:00.5104481Z   2024-11-02: 2 problems
2026-10-04T12:46:00.7416735Z   2024-11-01: 2 problems
2026-10-04T12:46:00.9716561Z   2024-10-31: 2 problems
2026-10-04T12:46:01.3491204Z   2024-10-30: 2 problems
2026-10-04T12:46:01.5904521Z   2024-10-29: 2 problems
2026-10-04T12:46:01.8090863Z   2024-10-28: 2 problems
2026-10-04T12:46:02.0124281Z   2024-10-26: 2 problems
2026-10-04T12:46:02.2514732Z   2024-10-25: 2 problems
2026-10-04T12:46:02.4708558Z   2024-10-24: 2 problems
2026-10-04T12:46:02.7322914Z   2024-10-23: 2 problems
2026-10-04T12:46:02.9714383Z   2024-10-22: 2 problems
2026-10-04T12:46:03.2040728Z   2024-10-21: 2 problems
2026-10-04T12:46:03.4340316Z   2024-10-19: 2 problems
2026-10-04T12:46:03.6653491Z   2024-10-18: 2 problems
2026-10-04T12:46:03.9919495Z   2024-10-17: 2 problems
2026-10-04T12:46:04.2314014Z   2024-10-16: 2 problems
2026-10-04T12:46:04.4701314Z   2024-10-15: 2 problems
2026-10-04T12:46:04.7052241Z   2024-10-14: 2 problems
2026-10-04T12:46:05.0812026Z   2024-10-12: 2 problems
2026-10-04T12:46:05.3115635Z   2024-10-11: 2 problems
2026-10-04T12:46:05.5341859Z   2024-10-10: 2 problems
2026-10-04T12:46:05.7790019Z   2024-10-09: 2 problems
2026-10-04T12:46:06.0185672Z   2024-10-08: 2 problems
2026-10-04T12:46:06.2659755Z   2024-10-07: 2 problems
2026-10-04T12:46:06.5100073Z   2024-10-05: 2 problems
2026-10-04T12:46:06.7363885Z   2024-10-04: 2 problems
2026-10-04T12:46:06.9776329Z   2024-10-03: 2 problems
2026-10-04T12:46:07.1967032Z   2024-10-02: 2 problems
2026-10-04T12:46:07.4184532Z   2024-10-01: 2 problems
2026-10-04T12:46:07.6587313Z   2024-09-30: 2 problems
2026-10-04T12:46:07.8793678Z   2024-09-28: 2 problems
2026-10-04T12:46:08.1530792Z   2024-09-27: 2 problems
2026-10-04T12:46:08.3965595Z   2024-09-26: 2 problems
2026-10-04T12:46:08.6435845Z   2024-09-25: 2 problems
2026-10-04T12:46:08.7905227Z   2024-09-24: 2 problems
2026-10-04T12:46:09.0205711Z   2024-09-23: 2 problems
2026-10-04T12:46:09.2556374Z   2024-09-21: 2 problems
2026-10-04T12:46:09.5030185Z   2024-09-20: 2 problems
2026-10-04T12:46:09.7572811Z   2024-09-19: 2 problems
2026-10-04T12:46:09.9758189Z   2024-09-18: 2 problems
2026-10-04T12:46:10.2373794Z   2024-09-17: 2 problems
2026-10-04T12:46:10.4602235Z   2024-09-16: 2 problems
2026-10-04T12:46:10.6934240Z   2024-09-14: 2 problems
2026-10-04T12:46:10.9380390Z   2024-09-13: 2 problems
2026-10-04T12:46:11.1557814Z   2024-09-12: 2 problems
2026-10-04T12:46:11.3870012Z   2024-09-11: 2 problems
2026-10-04T12:46:11.6152509Z   2024-09-10: 2 problems
2026-10-04T12:46:11.8370963Z   2024-09-09: 2 problems
2026-10-04T12:46:12.0666356Z   2024-09-07: 2 problems
2026-10-04T12:46:12.2956428Z   2024-09-06: 2 problems
2026-10-04T12:46:12.5401388Z   2024-09-05: 2 problems
2026-10-04T12:46:12.7830250Z   2024-09-04: 2 problems
2026-10-04T12:46:13.1017448Z   2024-09-03: 2 problems
2026-10-04T12:46:13.3448507Z   2024-09-02: 2 problems
2026-10-04T12:46:13.5726364Z   2024-08-31: 2 problems
2026-10-04T12:46:13.7948179Z   2024-08-30: 2 problems
2026-10-04T12:46:14.0255393Z   2024-08-29: 2 problems
2026-10-04T12:46:14.2505981Z   2024-08-28: 2 problems
2026-10-04T12:46:14.4717640Z   2024-08-27: 2 problems
2026-10-04T12:46:14.7002374Z   2024-08-26: 2 problems
2026-10-04T12:46:14.9177747Z   2024-08-24: 2 problems
2026-10-04T12:46:15.1771836Z   2024-08-23: 2 problems
2026-10-04T12:46:15.4279169Z   2024-08-22: 2 problems
2026-10-04T12:46:15.6675416Z   2024-08-21: 2 problems
2026-10-04T12:46:15.8962417Z   2024-08-20: 2 problems
2026-10-04T12:46:16.1272915Z   2024-08-19: 2 problems
2026-10-04T12:46:16.3608018Z   2024-08-17: 2 problems
2026-10-04T12:46:16.5890886Z   2024-08-16: 2 problems
2026-10-04T12:46:16.8314275Z   2024-08-15: 2 problems
2026-10-04T12:46:17.0532540Z   2024-08-14: 2 problems
2026-10-04T12:46:17.2852888Z   2024-08-13: 2 problems
2026-10-04T12:46:17.5320492Z   2024-08-12: 2 problems
2026-10-04T12:46:17.7581291Z   2024-08-10: 2 problems
2026-10-04T12:46:17.9841275Z   2024-08-09: 2 problems
2026-10-04T12:46:18.2288625Z   2024-08-08: 2 problems
2026-10-04T12:46:18.4466566Z   2024-08-07: 2 problems
2026-10-04T12:46:18.6625967Z   2024-08-06: 2 problems
2026-10-04T12:46:18.8879928Z   2024-08-05: 2 problems
2026-10-04T12:46:19.1184070Z   2024-08-03: 2 problems
2026-10-04T12:46:19.3460317Z   2024-08-02: 2 problems
2026-10-04T12:46:19.5587351Z   2024-08-01: 2 problems
2026-10-04T12:46:19.7729832Z   2024-07-31: 2 problems
2026-10-04T12:46:20.0042829Z   2024-07-30: 2 problems
2026-10-04T12:46:20.2430400Z   2024-07-29: 2 problems
2026-10-04T12:46:20.5405200Z   2024-07-27: 2 problems
2026-10-04T12:46:20.8353183Z   2024-07-26: 2 problems
2026-10-04T12:46:21.0697201Z   2024-07-25: 2 problems
2026-10-04T12:46:21.2789327Z   2024-07-24: 2 problems
2026-10-04T12:46:21.5115080Z   2024-07-23: 2 problems
2026-10-04T12:46:21.7340919Z   2024-07-22: 2 problems
2026-10-04T12:46:22.0518308Z   2024-07-20: 2 problems
2026-10-04T12:46:22.2842991Z   2024-07-19: 2 problems
2026-10-04T12:46:22.4902532Z   2024-07-18: 2 problems
2026-10-04T12:46:22.7174877Z   2024-07-17: 2 problems
2026-10-04T12:46:22.9486805Z   2024-07-16: 2 problems
2026-10-04T12:46:23.1813091Z   2024-07-15: 2 problems
2026-10-04T12:46:23.4090379Z   2024-07-13: 2 problems
2026-10-04T12:46:23.5784581Z   2024-07-12: 2 problems
2026-10-04T12:46:23.8095628Z   2024-07-11: 2 problems
2026-10-04T12:46:24.0598832Z   2024-07-10: 2 problems
2026-10-04T12:46:24.2687457Z   2024-07-09: 2 problems
2026-10-04T12:46:24.4952000Z   2024-07-08: 2 problems
2026-10-04T12:46:24.7031338Z   2024-07-06: 2 problems
2026-10-04T12:46:24.9391782Z   2024-07-05: 2 problems
2026-10-04T12:46:25.1417657Z   2024-07-04: 2 problems
2026-10-04T12:46:25.3426890Z   2024-07-03: 2 problems
2026-10-04T12:46:25.5614233Z   2024-07-02: 2 problems
2026-10-04T12:46:25.7856924Z   2024-07-01: 2 problems
2026-10-04T12:46:26.0159095Z   2024-06-29: 2 problems
2026-10-04T12:46:26.2482745Z   2024-06-28: 2 problems
2026-10-04T12:46:26.5688020Z   2024-06-27: 2 problems
2026-10-04T12:46:26.7709157Z   2024-06-26: 2 problems
2026-10-04T12:46:26.9964098Z   2024-06-25: 2 problems
2026-10-04T12:46:27.2058956Z   2024-06-24: 2 problems
2026-10-04T12:46:27.4192193Z   2024-06-22: 2 problems
2026-10-04T12:46:27.6576595Z   2024-06-21: 2 problems
2026-10-04T12:46:27.8626549Z   2024-06-20: 2 problems
2026-10-04T12:46:28.1043028Z   2024-06-19: 2 problems
2026-10-04T12:46:28.3239414Z   2024-06-18: 2 problems
2026-10-04T12:46:28.5434960Z   2024-06-17: 2 problems
2026-10-04T12:46:28.7818840Z   2024-06-15: 2 problems
2026-10-04T12:46:29.0041223Z   2024-06-14: 2 problems
2026-10-04T12:46:29.2065774Z   2024-06-13: 2 problems
2026-10-04T12:46:29.4296047Z   2024-06-12: 2 problems
2026-10-04T12:46:29.6895729Z   2024-06-11: 2 problems
2026-10-04T12:46:29.8957631Z   2024-06-10: 2 problems
2026-10-04T12:46:30.1203595Z   2024-06-08: 2 problems
2026-10-04T12:46:30.3559044Z   2024-06-07: 2 problems
2026-10-04T12:46:30.5644741Z   2024-06-06: 2 problems
2026-10-04T12:46:30.7843828Z   2024-06-05: 2 problems
2026-10-04T12:46:30.9792801Z   2024-06-04: 2 problems
2026-10-04T12:46:31.2949050Z   2024-06-03: 2 problems
2026-10-04T12:46:31.5991174Z   2024-06-01: 2 problems
2026-10-04T12:46:31.8940367Z   2024-05-31: 2 problems
2026-10-04T12:46:32.1002597Z   2024-05-30: 2 problems
2026-10-04T12:46:32.4055918Z   2024-05-29: 2 problems
2026-10-04T12:46:32.6143685Z   2024-05-28: 2 problems
2026-10-04T12:46:32.9000834Z   2024-05-27: 2 problems
2026-10-04T12:46:33.1166792Z   2024-05-25: 2 problems
2026-10-04T12:46:33.3450425Z   2024-05-24: 2 problems
2026-10-04T12:46:33.5740063Z   2024-05-23: 2 problems
2026-10-04T12:46:33.7915850Z   2024-05-22: 2 problems
2026-10-04T12:46:34.1182032Z   2024-05-21: 2 problems
2026-10-04T12:46:34.3381732Z   2024-05-20: 2 problems
2026-10-04T12:46:34.5473800Z   2024-05-18: 2 problems
2026-10-04T12:46:34.7520211Z   2024-05-17: 2 problems
2026-10-04T12:46:34.9582352Z   2024-05-16: 2 problems
2026-10-04T12:46:35.1698323Z   2024-05-15: 2 problems
2026-10-04T12:46:35.3788353Z   2024-05-14: 2 problems
2026-10-04T12:46:35.5906935Z   2024-05-13: 2 problems
2026-10-04T12:46:35.8068496Z   2024-05-11: 2 problems
2026-10-04T12:46:36.0126552Z   2024-05-10: 2 problems
2026-10-04T12:46:36.2494587Z   2024-05-09: 2 problems
2026-10-04T12:46:36.4538950Z   2024-05-08: 2 problems
2026-10-04T12:46:36.6791395Z   2024-05-07: 2 problems
2026-10-04T12:46:37.0305831Z   2024-05-06: 2 problems
2026-10-04T12:46:37.2506068Z   2024-05-04: 2 problems
2026-10-04T12:46:37.4919768Z   2024-05-03: 2 problems
2026-10-04T12:46:37.6929249Z   2024-05-02: 2 problems
2026-10-04T12:46:37.8988463Z   2024-05-01: 2 problems
2026-10-04T12:46:38.1225649Z   2024-04-30: 2 problems
2026-10-04T12:46:38.3236697Z   2024-04-29: 2 problems
2026-10-04T12:46:38.5340944Z   2024-04-27: 2 problems
2026-10-04T12:46:38.7329966Z   2024-04-26: 2 problems
2026-10-04T12:46:38.9315562Z   2024-04-25: 2 problems
2026-10-04T12:46:39.1515633Z   2024-04-24: 2 problems
2026-10-04T12:46:39.3728018Z   2024-04-23: 2 problems
2026-10-04T12:46:39.5973730Z   2024-04-22: 2 problems
2026-10-04T12:46:39.9784770Z   2024-04-20: 2 problems
2026-10-04T12:46:40.2032510Z   2024-04-19: 2 problems
2026-10-04T12:46:40.4205362Z   2024-04-18: 2 problems
2026-10-04T12:46:40.6299882Z   2024-04-17: 2 problems
2026-10-04T12:46:40.8571595Z   2024-04-16: 2 problems
2026-10-04T12:46:41.0962831Z   2024-04-15: 2 problems
2026-10-04T12:46:41.2972535Z   2024-04-13: 2 problems
2026-10-04T12:46:41.5206335Z   2024-04-12: 2 problems
2026-10-04T12:46:41.7464312Z   2024-04-11: 2 problems
2026-10-04T12:46:41.9499735Z   2024-04-10: 2 problems
2026-10-04T12:46:42.1620158Z   2024-04-09: 2 problems
2026-10-04T12:46:42.3701162Z   2024-04-08: 2 problems
2026-10-04T12:46:42.5783380Z   2024-04-06: 2 problems
2026-10-04T12:46:42.8527459Z   2024-04-05: 2 problems
2026-10-04T12:46:43.0661562Z   2024-04-04: 2 problems
2026-10-04T12:46:43.3048178Z   2024-04-03: 2 problems
2026-10-04T12:46:43.5190269Z   2024-04-02: 2 problems
2026-10-04T12:46:43.7508304Z   2024-04-01: 2 problems
2026-10-04T12:46:43.9646323Z   2024-03-30: 2 problems
2026-10-04T12:46:44.1809148Z   2024-03-29: 2 problems
2026-10-04T12:46:44.3831561Z   2024-03-28: 2 problems
2026-10-04T12:46:44.5902858Z   2024-03-27: 2 problems
2026-10-04T12:46:44.7909412Z   2024-03-26: 2 problems
2026-10-04T12:46:45.0133082Z   2024-03-25: 2 problems
2026-10-04T12:46:45.2330618Z   2024-03-23: 2 problems
2026-10-04T12:46:45.5290321Z   2024-03-22: 2 problems
2026-10-04T12:46:45.7472324Z   2024-03-21: 2 problems
2026-10-04T12:46:45.9778657Z   2024-03-20: 2 problems
2026-10-04T12:46:46.2038782Z   2024-03-19: 2 problems
2026-10-04T12:46:46.4484613Z   2024-03-18: 2 problems
2026-10-04T12:46:46.6552941Z   2024-03-16: 2 problems
2026-10-04T12:46:46.8823589Z   2024-03-15: 2 problems
2026-10-04T12:46:47.1012977Z   2024-03-14: 2 problems
2026-10-04T12:46:47.3154906Z   2024-03-13: 2 problems
2026-10-04T12:46:47.5165026Z   2024-03-12: 2 problems
2026-10-04T12:46:47.7219750Z   2024-03-11: 2 problems
2026-10-04T12:46:47.9546503Z   2024-03-09: 2 problems
2026-10-04T12:46:48.1986066Z   2024-03-08: 2 problems
2026-10-04T12:46:48.4475498Z   2024-03-07: 2 problems
2026-10-04T12:46:48.6576459Z   2024-03-06: 2 problems
2026-10-04T12:46:48.9117711Z   2024-03-05: 2 problems
2026-10-04T12:46:49.1072012Z   2024-03-04: 2 problems
2026-10-04T12:46:49.3284750Z   2024-03-02: 2 problems
2026-10-04T12:46:49.5370864Z   2024-03-01: 2 problems
2026-10-04T12:46:49.7586755Z   2024-02-29: 2 problems
2026-10-04T12:46:49.9621770Z   2024-02-28: 2 problems
2026-10-04T12:46:50.1817429Z   2024-02-27: 2 problems
2026-10-04T12:46:50.3994382Z   2024-02-26: 2 problems
2026-10-04T12:46:50.3995950Z Building categories...
2026-10-04T12:46:52.5782775Z Wrote /home/runner/work/ys_problem_web/ys_problem_web/data/daily.json (814 days, 21 categories).
2026-10-04T12:46:52.5783874Z Syncing leaderboard (records.js from gh-pages)...
2026-10-04T12:46:52.6746568Z   ✓ 361 players, data through 2026-10-03
2026-10-04T12:46:52.6875695Z ##[group]Run node scripts/translate-ai.mjs
2026-10-04T12:46:52.6875946Z [36;1mnode scripts/translate-ai.mjs[0m
2026-10-04T12:46:52.6908047Z shell: /usr/bin/bash -e {0}
2026-10-04T12:46:52.6908245Z env:
2026-10-04T12:46:52.6908626Z   AI_BASE_URL: ***
2026-10-04T12:46:52.6908860Z   AI_API_KEY: ***
2026-10-04T12:46:52.6909027Z   AI_MODEL: deepseek-v4-flash
2026-10-04T12:46:52.6909374Z   AI_TRANSLATE_LIMIT: 60
2026-10-04T12:46:52.6909728Z ##[endgroup]
2026-10-04T12:46:52.7170130Z (node:4554) [MODULE_TYPELESS_PACKAGE_JSON] Warning: Module type of file:///home/runner/work/ys_problem_web/ys_problem_web/lib/mt-protect.js is not specified and it doesn't parse as CommonJS.
2026-10-04T12:46:52.7171093Z Reparsing as ES module because module syntax was detected. This incurs a performance overhead.
2026-10-04T12:46:52.7171770Z To eliminate this warning, add "type": "module" to /home/runner/work/ys_problem_web/ys_problem_web/package.json.
2026-10-04T12:46:52.7172482Z (Use `node --trace-warnings ...` to show where the warning was created)
2026-10-04T12:46:52.7956166Z GYM106706D: 3 segment(s) to translate
2026-10-04T12:47:00.0396584Z   ✓ note[4]: 查询 3 (? 2 1 5)：你派出人员 $$$1$$$ 和 $$$5$$$。两人都是 Flou…
2026-10-04T12:47:05.4299477Z   ✓ note[5]: 查询 4 (? 2 3 5)：你派出人员 $$$3$$$ 和 $$$5$$$。队伍中包含 $$$…
2026-10-04T12:47:10.0397967Z   ✓ note[6]: 最终答案（! FMTMF）：在推断出正确的类型后，你打印最终字符串。…
2026-10-04T12:47:10.3441987Z GYM106197I: 13 segment(s) to translate
2026-10-04T12:47:13.9542595Z   ✓ title[0]: I. 网格染色…
2026-10-04T12:47:20.3140791Z   ✓ legend[0]: 有一个 $$$n$$$ × $$$n$$$ 的白色方格网格，每个方格中都有一个双向的水平或竖直箭…
2026-10-04T12:47:25.3280673Z   ✓ legend[1]: ![](https://espresso.codeforces.com/aeab87caa7ce…
2026-10-04T12:47:30.3212684Z   ✓ legend[2]: 将所有方格染成黑色所需的最少操作次数是多少，并且在操作中应选择哪些方格？…
2026-10-04T12:47:34.5139177Z   ✓ input[0]: 输入的第一行包含一个整数 $$$t$$$($$$1\le t\le 250$$$)——测试用例的…
2026-10-04T12:47:39.3787641Z   ✓ input[1]: 每个测试用例的第一行包含单个整数 $$$n$$$($$$1\le n \le 1000$$$)—…
2026-10-04T12:47:54.8978452Z   ✓ input[2]: 接下来的 $$$n$$$ 行中的第 $$$i$$$ 行包含 $$$n$$$ 个字符。这些字符中的…
2026-10-04T12:48:00.2306954Z   ✓ input[3]: 保证所有测试用例中 $$$n$$$ 的总和不超过 $$$1000$$$。…
2026-10-04T12:48:06.3673484Z   ✓ output[0]: 对于每个测试用例，输出的第一行应包含一个整数 $$$k$$$($$$0 \le k \le n^…
2026-10-04T12:48:12.5412945Z   ✓ output[1]: 接下来 $$$k$$$ 行中的每一行应包含两个整数 $$$i$$$ 和 $$$j$$$($$$1…
2026-10-04T12:48:18.4536037Z   ✓ output[2]: 如果存在多个具有最小 $$$k$$$ 的解，你可以输出任意一个。…
2026-10-04T12:48:27.3254923Z   ✓ note[0]: 第一个测试用例对应上图。可以证明，在少于 $$$4$$$ 次操作内不可能将所有都染成黑色。…
2026-10-04T12:48:31.5513007Z   ✓ note[1]: 在第二个测试用例中，由于只有一个方格，因此执行一次操作并选择该方格就足以将所有内容染成黑色。…
2026-10-04T12:48:31.8542417Z GYM106197H: 17 segment(s) to translate
2026-10-04T12:48:37.7840865Z   ✓ title[0]: H. 世界皇帝…
2026-10-04T12:48:49.9509319Z   ✓ legend[0]: 给定一个有向图。对于每个顶点 $$$v$$$，你可以删除从 $$$v$$$ 出发的至多一半的边。…
2026-10-04T12:48:54.7016885Z   ✓ legend[1]: 例如，在下图中，一种方案是删除三条红色边。注意，没有任何顶点有超过一半的从它出发的边被染成红色。…
2026-10-04T12:48:58.3771660Z   ✓ legend[2]: ![](https://espresso.codeforces.com/438a4e761d9b…
2026-10-04T12:49:03.9885971Z   ✓ input[0]: 输入的第一行包含一个整数 $$$t$$$ ($$$1\le t\le 10^4$$$) — 测试…
2026-10-04T12:49:10.9359185Z   ✓ input[1]: 每个测试用例的第一行包含两个整数 $$$n$$$ 和 $$$m$$$($$$1\le n \le…
2026-10-04T12:49:15.4497917Z   ✓ input[2]: 接下来 $$$m$$$ 行每行包含两个整数 $$$u$$$ 和 $$$v$$$($$$1 \le…
2026-10-04T12:49:20.5839805Z   ✓ input[3]: 保证所有测试用例中 $$$n$$$ 的总和与 $$$m$$$ 的总和均不超过 $$$2\cdot…
2026-10-04T12:49:24.0672015Z   ✓ output[0]: 对于每个测试用例，如果无解，则输出 $$$-1$$$。…
2026-10-04T12:49:27.5731131Z   ✓ output[1]: 否则，输出的第一行应包含一个整数 $$$k$$$($$$0 \le k \le m$$$)——需…
2026-10-04T12:49:49.0951538Z   ✓ output[2]: 接下来的 $$$k$$$ 行每行应包含两个整数 $$$u$$$ 和 $$$v$$$($$$1 \…
2026-10-04T12:49:53.3788957Z   ✓ output[3]: 如果有多个解，输出任意一个。…
2026-10-04T12:49:57.5068575Z   ✓ note[0]: 第一个测试用例对应上面的图片。还有其他解法，例如选择只删除边 $$$(1, 5)$$$ 和 $$…
2026-10-04T12:50:01.6144305Z   ✓ note[1]: 在第二个测试用例中，唯一有效的方案是仅删除边 $$$(2, 4)$$$。…
2026-10-04T12:50:06.4487810Z   ✗ note[2] — placeholder mangled
2026-10-04T12:50:12.4092901Z   ✓ note[3]: 这是第三个测试用例的图。可以证明无解。…
2026-10-04T12:50:16.1463381Z   ✓ note[4]: ![](https://espresso.codeforces.com/bc761ec6385b…
2026-10-04T12:50:16.4491027Z GYM106197D: 11 segment(s) to translate
2026-10-04T12:50:20.9629926Z   ✓ title[0]: D. Thomas 交易…
2026-10-04T12:50:25.6278094Z   ✓ legend[0]: 你有一个集合 $$$S$$$，它包含 $$$2$$$ 的前 $$$n$$$ 个幂。然而，Thom…
2026-10-04T12:50:29.3053069Z   ✓ legend[1]: 给定一个正整数 $$$k$$$。将 $$$k$$$ 表示为 $$$S$$$ 某个子集的和，或说明…
2026-10-04T12:50:34.2795473Z   ✓ input[0]: 输入的第一行包含一个整数 $$$t$$$($$$1\le t\le 10^4$$$)——测试用例…
2026-10-04T12:50:40.1924278Z   ✓ input[1]: 每个测试用例的第一行包含两个整数 $$$n$$$ 和 $$$k$$$($$$1\le n \le…
2026-10-04T12:50:48.5847509Z   ✓ input[2]: 下一行由 $$$n$$$ 个字符 $$$+$$$ 和 $$$-$$$ 组成，其中第 $$$i$$…
2026-10-04T12:50:52.9059386Z   ✓ output[0]: 对于每个测试用例，如果不存在和为 $$$k$$$ 的子集，则输出 $$$-1$$$。…
2026-10-04T12:50:59.2402673Z   ✓ output[1]: 否则，输出一个由 $$$n$$$ 个字符 $$$\texttt{#}$$$ 和 $$$\text…
2026-10-04T12:51:03.4589905Z   ✓ output[2]: 如果有多个解，你可以输出任意一个。…
2026-10-04T12:51:08.0647479Z   ✓ note[0]: 在第一个测试用例中，$$$S = \{1, -2, -4, 8\}$$$ 和 $$$k=2$$$…
2026-10-04T12:51:12.9562871Z   ✓ note[1]: 在第二个测试用例中，$$$S = \{-1, -2, -4\}$$$。由于 $$$S$$$ 的所…
2026-10-04T12:51:13.2602049Z GYM106208F: 10 segment(s) to translate
2026-10-04T12:51:16.9654931Z   ✓ title[0]: F. 不负时光…
2026-10-04T12:51:23.6618563Z   ✓ legend[0]: 爱丽丝和鲍勃从高中起就一直关系很好。现在他们都在火星大学（MU）学习，但身处相距很远的两个不同院…
2026-10-04T12:51:32.1212599Z   ✓ legend[1]: 校园里有 $$$N$$$ 栋建筑，由 $$$M$$$ 条无向道路连接。走过每条道路都需要一定的时…
2026-10-04T12:51:37.5421354Z   ✓ legend[2]: 在各自连续的两节课之间，学生可以在校园里自由漫步，沿任意道路行走并进入任意建筑，只要他们能准时到…
2026-10-04T12:51:43.1108356Z   ✓ legend[3]: Alice 和 Bob 在不同的空闲时间段内可能会选择不同的建筑见面。你的任务是确定他们一天中能…
2026-10-04T12:51:48.3108387Z   ✓ input[0]: 第一行包含一个整数 $$$t$$$ $$$(1 \le t \le 10)$$$，表示测试用例的…
2026-10-04T12:51:53.6128428Z   ✓ input[1]: 每个测试用例以一行开始，包含两个整数 $$$N$$$ 和 $$$M$$$ $$$(1 \le N…
2026-10-04T12:51:59.9675718Z   ✓ input[2]: 接下来一行包含两个整数 $$$A$$$ 和 $$$B$$$，分别表示 Alice 和 Bob 的…
2026-10-04T12:52:04.2749205Z   ✓ input[3]: 所有测试用例中 $$$A + B$$$ 的总和不超过 $$$2 \cdot 10^5$$$。…
2026-10-04T12:52:08.8375341Z   ✓ output[0]: 对于每个测试用例，输出一个整数——Alice 和 Bob 能在一起度过的最大总时间。…
2026-10-04T12:52:09.1414119Z GYM103426B: 14 segment(s) to translate
2026-10-04T12:52:12.6322844Z   ✓ title[0]: B. 排列…
2026-10-04T12:52:21.4223226Z   ✓ legend[0]: 最近，Manya 了解到，排列是一个由 $$$n$$$ 个互不相同的整数组成的序列，这些整数从 …
2026-10-04T12:52:32.5711405Z   ✓ legend[1]: Manya 开始一个接一个地往下写随机排列。她写下了 $$$n-1$$$ 个排列，并意识到当 M…
2026-10-04T12:52:38.6372290Z   ✓ legend[2]: 你的任务是：在加入第 $$$n$$$ 个排列后，求出可能成为排列的列的最大数量；以及有多少个排列…
2026-10-04T12:52:42.5950135Z   ✓ input[0]: 第一行包含一个整数 $$$n$$$——排列长度($$$2 \le n \le 1000$$$)。…
2026-10-04T12:52:47.1251462Z   ✓ input[1]: 接下来的 $$$n-1$$$ 行，每行是一个长度为 $$$n$$$ 的排列——即 $$$n$$$…
2026-10-04T12:52:47.4277864Z Done: 59 segment(s) translated (hit limit 60).
2026-10-04T12:52:47.4377574Z ##[group]Run CF_STATEMENTS=0 TRANSLATE=0 node scripts/update-data.mjs
2026-10-04T12:52:47.4377932Z [36;1mCF_STATEMENTS=0 TRANSLATE=0 node scripts/update-data.mjs[0m
2026-10-04T12:52:47.4412635Z shell: /usr/bin/bash -e {0}
2026-10-04T12:52:47.4412827Z env:
2026-10-04T12:52:47.4414791Z   GITHUB_TOKEN: ***
2026-10-04T12:52:47.4414964Z ##[endgroup]
2026-10-04T12:52:47.5484893Z Discovering daily problem folders...
2026-10-04T12:52:48.4748292Z Found 814 days, syncing the most recent 814.
2026-10-04T12:52:48.9615620Z   2026-10-05: 2 problems
2026-10-04T12:52:49.1766910Z   2026-10-03: 2 problems
2026-10-04T12:52:49.3663933Z   2026-10-02: 2 problems
2026-10-04T12:52:49.5705998Z   2026-10-01: 2 problems
2026-10-04T12:52:49.7783282Z   2026-09-30: 2 problems
2026-10-04T12:52:49.9699213Z   2026-09-29: 2 problems
2026-10-04T12:52:50.1812732Z   2026-09-28: 2 problems
2026-10-04T12:52:50.4585606Z   2026-09-26: 2 problems
2026-10-04T12:52:50.8065142Z   2026-09-25: 2 problems
2026-10-04T12:52:51.1381690Z   2026-09-24: 2 problems
2026-10-04T12:52:51.3241686Z   2026-09-23: 2 problems
2026-10-04T12:52:51.5231081Z   2026-09-22: 2 problems
2026-10-04T12:52:51.7393885Z   2026-09-21: 2 problems
2026-10-04T12:52:51.9340093Z   2026-09-19: 2 problems
2026-10-04T12:52:52.1170035Z   2026-09-18: 2 problems
2026-10-04T12:52:52.2970039Z   2026-09-17: 2 problems
2026-10-04T12:52:52.5755669Z   2026-09-16: 2 problems
2026-10-04T12:52:52.8418817Z   2026-09-15: 2 problems
2026-10-04T12:52:52.9763741Z   2026-09-14: 2 problems
2026-10-04T12:52:53.1806587Z   2026-09-12: 2 problems
2026-10-04T12:52:53.3732315Z   2026-09-11: 2 problems
2026-10-04T12:52:53.5818988Z   2026-09-10: 2 problems
2026-10-04T12:52:53.7913153Z   2026-09-09: 2 problems
2026-10-04T12:52:53.9697368Z   2026-09-08: 2 problems
2026-10-04T12:52:54.1791374Z   2026-09-07: 2 problems
2026-10-04T12:52:54.3576031Z   2026-09-05: 2 problems
2026-10-04T12:52:54.5447155Z   2026-09-04: 2 problems
2026-10-04T12:52:54.7152834Z   2026-09-03: 2 problems
2026-10-04T12:52:54.9093132Z   2026-09-02: 2 problems
2026-10-04T12:52:55.1229778Z   2026-09-01: 2 problems
2026-10-04T12:52:55.3342666Z   2026-08-31: 2 problems
2026-10-04T12:52:55.5586435Z   2026-08-29: 2 problems
2026-10-04T12:52:55.7355865Z   2026-08-28: 2 problems
2026-10-04T12:52:55.9176083Z   2026-08-27: 2 problems
2026-10-04T12:52:56.1080248Z   2026-08-26: 2 problems
2026-10-04T12:52:56.2920976Z   2026-08-25: 2 problems
2026-10-04T12:52:56.4694497Z   2026-08-24: 2 problems
2026-10-04T12:52:56.6612413Z   2026-08-22: 2 problems
2026-10-04T12:52:56.8419995Z   2026-08-21: 2 problems
2026-10-04T12:52:57.0284443Z   2026-08-20: 2 problems
2026-10-04T12:52:57.2140275Z   2026-08-19: 2 problems
2026-10-04T12:52:57.4293292Z   2026-08-18: 2 problems
2026-10-04T12:52:57.6180595Z   2026-08-17: 2 problems
2026-10-04T12:52:57.8445159Z   2026-08-15: 2 problems
2026-10-04T12:52:58.0386741Z   2026-08-14: 2 problems
2026-10-04T12:52:58.2128692Z   2026-08-13: 2 problems
2026-10-04T12:52:58.4173085Z   2026-08-12: 2 problems
2026-10-04T12:52:58.5842687Z   2026-08-11: 2 problems
2026-10-04T12:52:58.7666398Z   2026-08-10: 2 problems
2026-10-04T12:52:58.9486262Z   2026-08-08: 2 problems
2026-10-04T12:52:59.1187029Z   2026-08-07: 2 problems
2026-10-04T12:52:59.2993934Z   2026-08-06: 2 problems
2026-10-04T12:52:59.4797204Z   2026-08-05: 2 problems
2026-10-04T12:52:59.6726133Z   2026-08-04: 2 problems
2026-10-04T12:52:59.8366009Z   2026-08-03: 2 problems
2026-10-04T12:53:00.0302223Z   2026-08-01: 2 problems
2026-10-04T12:53:00.1529481Z   2026-07-31: 2 problems
2026-10-04T12:53:00.3500627Z   2026-07-30: 2 problems
2026-10-04T12:53:00.5257772Z   2026-07-29: 2 problems
2026-10-04T12:53:00.7324249Z   2026-07-28: 2 problems
2026-10-04T12:53:00.9033278Z   2026-07-27: 2 problems
2026-10-04T12:53:01.1070072Z   2026-07-25: 2 problems
2026-10-04T12:53:01.2992765Z   2026-07-24: 2 problems
2026-10-04T12:53:01.6375503Z   2026-07-23: 2 problems
2026-10-04T12:53:01.8532979Z   2026-07-22: 2 problems
2026-10-04T12:53:02.1395701Z   2026-07-21: 2 problems
2026-10-04T12:53:02.3581431Z   2026-07-16: 2 problems
2026-10-04T12:53:02.5572686Z   2026-07-15: 2 problems
2026-10-04T12:53:02.7375696Z   2026-07-14: 2 problems
2026-10-04T12:53:02.9388825Z   2026-07-13: 2 problems
2026-10-04T12:53:03.1483327Z   2026-07-11: 2 problems
2026-10-04T12:53:03.3341158Z   2026-07-10: 2 problems
2026-10-04T12:53:03.5434136Z   2026-07-09: 2 problems
2026-10-04T12:53:03.7253086Z   2026-07-08: 2 problems
2026-10-04T12:53:03.9165063Z   2026-07-07: 2 problems
2026-10-04T12:53:04.0948999Z   2026-07-06: 2 problems
2026-10-04T12:53:04.2795587Z   2026-07-04: 2 problems
2026-10-04T12:53:04.4866343Z   2026-07-03: 2 problems
2026-10-04T12:53:04.6735058Z   2026-07-02: 2 problems
2026-10-04T12:53:04.8716838Z   2026-07-01: 2 problems
2026-10-04T12:53:05.0940555Z   2026-06-30: 2 problems
2026-10-04T12:53:05.2748329Z   2026-06-29: 2 problems
2026-10-04T12:53:05.4600709Z   2026-06-27: 2 problems
2026-10-04T12:53:05.6499000Z   2026-06-26: 2 problems
2026-10-04T12:53:05.8658953Z   2026-06-25: 2 problems
2026-10-04T12:53:06.0711514Z   2026-06-24: 2 problems
2026-10-04T12:53:06.2753988Z   2026-06-23: 2 problems
2026-10-04T12:53:06.4561282Z   2026-06-22: 2 problems
2026-10-04T12:53:06.5807975Z   2026-06-20: 1 problems
2026-10-04T12:53:06.7493812Z   2026-06-19: 2 problems
2026-10-04T12:53:06.9349059Z   2026-06-18: 2 problems
2026-10-04T12:53:07.2019115Z   2026-06-17: 2 problems
2026-10-04T12:53:07.4202556Z   2026-06-16: 2 problems
2026-10-04T12:53:07.5854486Z   2026-06-15: 2 problems
2026-10-04T12:53:07.7709166Z   2026-06-13: 2 problems
2026-10-04T12:53:07.9779798Z   2026-06-12: 2 problems
2026-10-04T12:53:08.1548620Z   2026-06-11: 2 problems
2026-10-04T12:53:08.3150701Z   2026-06-10: 2 problems
2026-10-04T12:53:08.4877350Z   2026-06-09: 2 problems
2026-10-04T12:53:08.6829392Z   2026-06-08: 2 problems
2026-10-04T12:53:08.8946762Z   2026-06-06: 2 problems
2026-10-04T12:53:09.1045716Z   2026-06-05: 2 problems
2026-10-04T12:53:09.2813747Z   2026-06-04: 2 problems
2026-10-04T12:53:09.3537178Z   2026-06-03: 2 problems
2026-10-04T12:53:09.5277977Z   2026-06-02: 2 problems
2026-10-04T12:53:09.7013516Z   2026-06-01: 2 problems
2026-10-04T12:53:09.8649530Z   2026-05-30: 2 problems
2026-10-04T12:53:10.0453501Z   2026-05-29: 2 problems
2026-10-04T12:53:10.2473994Z   2026-05-28: 2 problems
2026-10-04T12:53:10.4146137Z   2026-05-27: 2 problems
2026-10-04T12:53:10.5436568Z   2026-05-26: 2 problems
2026-10-04T12:53:10.7232905Z   2026-05-25: 2 problems
2026-10-04T12:53:10.9190139Z   2026-05-23: 2 problems
2026-10-04T12:53:11.0931943Z   2026-05-22: 2 problems
2026-10-04T12:53:11.2603834Z   2026-05-21: 2 problems
2026-10-04T12:53:11.4676623Z   2026-05-20: 2 problems
2026-10-04T12:53:11.6469316Z   2026-05-19: 2 problems
2026-10-04T12:53:11.8258289Z   2026-05-18: 2 problems
2026-10-04T12:53:12.0254668Z   2026-05-16: 2 problems
2026-10-04T12:53:12.1994250Z   2026-05-15: 2 problems
2026-10-04T12:53:12.4115294Z   2026-05-14: 2 problems
2026-10-04T12:53:12.5885899Z   2026-05-13: 2 problems
2026-10-04T12:53:12.7826982Z   2026-05-12: 2 problems
2026-10-04T12:53:12.9738553Z   2026-05-11: 2 problems
2026-10-04T12:53:13.1525424Z   2026-05-09: 2 problems
2026-10-04T12:53:13.3503013Z   2026-05-08: 2 problems
2026-10-04T12:53:13.5468133Z   2026-05-07: 2 problems
2026-10-04T12:53:13.8010942Z   2026-05-06: 2 problems
2026-10-04T12:53:14.0543934Z   2026-05-05: 2 problems
2026-10-04T12:53:14.2508149Z   2026-05-04: 2 problems
2026-10-04T12:53:14.4604925Z   2026-05-02: 2 problems
2026-10-04T12:53:14.6614533Z   2026-05-01: 2 problems
2026-10-04T12:53:14.9140695Z   2026-04-30: 2 problems
2026-10-04T12:53:15.1259219Z   2026-04-29: 2 problems
2026-10-04T12:53:15.3194314Z   2026-04-28: 2 problems
2026-10-04T12:53:15.5113326Z   2026-04-27: 2 problems
2026-10-04T12:53:15.6887191Z   2026-04-25: 2 problems
2026-10-04T12:53:15.8684365Z   2026-04-24: 2 problems
2026-10-04T12:53:16.0416872Z   2026-04-23: 2 problems
2026-10-04T12:53:16.2225794Z   2026-04-22: 2 problems
2026-10-04T12:53:16.4060846Z   2026-04-21: 2 problems
2026-10-04T12:53:16.5792043Z   2026-04-20: 2 problems
2026-10-04T12:53:16.7640996Z   2026-04-18: 2 problems
2026-10-04T12:53:16.9500028Z   2026-04-17: 2 problems
2026-10-04T12:53:17.1147112Z   2026-04-16: 2 problems
2026-10-04T12:53:17.2797902Z   2026-04-15: 2 problems
2026-10-04T12:53:17.4885797Z   2026-04-14: 2 problems
2026-10-04T12:53:17.6651459Z   2026-04-13: 2 problems
2026-10-04T12:53:17.8553310Z   2026-04-11: 2 problems
2026-10-04T12:53:18.0328991Z   2026-04-10: 2 problems
2026-10-04T12:53:18.2338063Z   2026-04-09: 2 problems
2026-10-04T12:53:18.3441681Z   2026-04-08: 2 problems
2026-10-04T12:53:18.5214612Z   2026-04-07: 2 problems
2026-10-04T12:53:18.7087178Z   2026-04-06: 2 problems
2026-10-04T12:53:18.9005911Z   2026-04-04: 2 problems
2026-10-04T12:53:19.0640947Z   2026-04-03: 2 problems
2026-10-04T12:53:19.2367385Z   2026-04-02: 2 problems
2026-10-04T12:53:19.4210160Z   2026-04-01: 2 problems
2026-10-04T12:53:19.6056392Z   2026-03-31: 2 problems
2026-10-04T12:53:19.7671507Z   2026-03-30: 2 problems
2026-10-04T12:53:19.9374970Z   2026-03-28: 2 problems
2026-10-04T12:53:20.1094310Z   2026-03-27: 2 problems
2026-10-04T12:53:20.2936198Z   2026-03-26: 2 problems
2026-10-04T12:53:20.4829486Z   2026-03-25: 2 problems
2026-10-04T12:53:20.7423011Z   2026-03-24: 2 problems
2026-10-04T12:53:21.0073183Z   2026-03-23: 2 problems
2026-10-04T12:53:21.2797087Z   2026-03-21: 2 problems
2026-10-04T12:53:21.4552065Z   2026-03-20: 2 problems
2026-10-04T12:53:21.6346037Z   2026-03-19: 2 problems
2026-10-04T12:53:21.8138464Z   2026-03-18: 2 problems
2026-10-04T12:53:21.9870183Z   2026-03-17: 2 problems
2026-10-04T12:53:22.1862442Z   2026-03-16: 2 problems
2026-10-04T12:53:22.3720529Z   2026-03-14: 2 problems
2026-10-04T12:53:22.5547741Z   2026-03-13: 2 problems
2026-10-04T12:53:22.7543275Z   2026-03-12: 2 problems
2026-10-04T12:53:22.9201974Z   2026-03-11: 2 problems
2026-10-04T12:53:23.0960642Z   2026-03-10: 2 problems
2026-10-04T12:53:23.2726036Z   2026-03-09: 2 problems
2026-10-04T12:53:23.4682717Z   2026-03-07: 2 problems
2026-10-04T12:53:23.6488750Z   2026-03-06: 2 problems
2026-10-04T12:53:23.8267006Z   2026-03-05: 2 problems
2026-10-04T12:53:24.0010054Z   2026-03-04: 2 problems
2026-10-04T12:53:24.1911317Z   2026-03-03: 2 problems
2026-10-04T12:53:24.3633006Z   2026-03-02: 2 problems
2026-10-04T12:53:24.5397903Z   2026-02-28: 2 problems
2026-10-04T12:53:24.7905932Z   2026-02-27: 2 problems
2026-10-04T12:53:24.9688754Z   2026-02-26: 2 problems
2026-10-04T12:53:25.1558936Z   2026-02-25: 2 problems
2026-10-04T12:53:25.3266324Z   2026-02-24: 2 problems
2026-10-04T12:53:25.5141108Z   2026-02-23: 2 problems
2026-10-04T12:53:25.6990771Z   2026-02-21: 2 problems
2026-10-04T12:53:25.8711006Z   2026-02-20: 2 problems
2026-10-04T12:53:26.0502288Z   2026-02-19: 2 problems
2026-10-04T12:53:26.2269100Z   2026-02-18: 2 problems
2026-10-04T12:53:26.4104072Z   2026-02-17: 2 problems
2026-10-04T12:53:26.6665948Z   2026-02-16: 2 problems
2026-10-04T12:53:26.8650561Z   2026-02-14: 2 problems
2026-10-04T12:53:27.0377614Z   2026-02-13: 2 problems
2026-10-04T12:53:27.2129049Z   2026-02-12: 2 problems
2026-10-04T12:53:27.3998281Z   2026-02-11: 2 problems
2026-10-04T12:53:27.5824759Z   2026-02-10: 2 problems
2026-10-04T12:53:27.7510678Z   2026-02-09: 2 problems
2026-10-04T12:53:27.9348058Z   2026-02-07: 2 problems
2026-10-04T12:53:28.1012236Z   2026-02-06: 2 problems
2026-10-04T12:53:28.2728457Z   2026-02-05: 2 problems
2026-10-04T12:53:28.4760844Z   2026-02-04: 2 problems
2026-10-04T12:53:28.6521475Z   2026-02-03: 2 problems
2026-10-04T12:53:28.8238739Z   2026-02-02: 2 problems
2026-10-04T12:53:29.0016030Z   2026-01-31: 2 problems
2026-10-04T12:53:29.2077560Z   2026-01-30: 2 problems
2026-10-04T12:53:29.3992727Z   2026-01-29: 2 problems
2026-10-04T12:53:29.5933914Z   2026-01-28: 2 problems
2026-10-04T12:53:29.7705785Z   2026-01-27: 2 problems
2026-10-04T12:53:29.9571339Z   2026-01-26: 2 problems
2026-10-04T12:53:30.1566439Z   2026-01-24: 2 problems
2026-10-04T12:53:30.3632196Z   2026-01-23: 2 problems
2026-10-04T12:53:30.5012106Z   2026-01-22: 2 problems
2026-10-04T12:53:30.6852945Z   2026-01-21: 2 problems
2026-10-04T12:53:30.8527345Z   2026-01-20: 2 problems
2026-10-04T12:53:31.0127095Z   2026-01-19: 2 problems
2026-10-04T12:53:31.1831334Z   2026-01-17: 2 problems
2026-10-04T12:53:31.3655729Z   2026-01-16: 2 problems
2026-10-04T12:53:31.5652997Z   2026-01-15: 2 problems
2026-10-04T12:53:31.8249096Z   2026-01-14: 2 problems
2026-10-04T12:53:32.0004564Z   2026-01-13: 2 problems
2026-10-04T12:53:32.1731616Z   2026-01-12: 2 problems
2026-10-04T12:53:32.3814122Z   2026-01-10: 2 problems
2026-10-04T12:53:32.5453175Z   2026-01-09: 2 problems
2026-10-04T12:53:32.7310328Z   2026-01-08: 2 problems
2026-10-04T12:53:32.9124092Z   2026-01-07: 2 problems
2026-10-04T12:53:33.0773656Z   2026-01-06: 2 problems
2026-10-04T12:53:33.2706125Z   2026-01-05: 2 problems
2026-10-04T12:53:33.4387383Z   2026-01-03: 2 problems
2026-10-04T12:53:33.6134107Z   2026-01-02: 2 problems
2026-10-04T12:53:33.8888413Z   2026-01-01: 2 problems
2026-10-04T12:53:34.0718244Z   2025-12-31: 2 problems
2026-10-04T12:53:34.2475287Z   2025-12-30: 2 problems
2026-10-04T12:53:34.4357354Z   2025-12-29: 2 problems
2026-10-04T12:53:34.6249371Z   2025-12-27: 2 problems
2026-10-04T12:53:34.7888484Z   2025-12-26: 2 problems
2026-10-04T12:53:34.9622656Z   2025-12-25: 2 problems
2026-10-04T12:53:35.1548095Z   2025-12-24: 2 problems
2026-10-04T12:53:35.3291916Z   2025-12-23: 2 problems
2026-10-04T12:53:35.5097601Z   2025-12-22: 2 problems
2026-10-04T12:53:35.7818377Z   2025-12-20: 2 problems
2026-10-04T12:53:35.9450563Z   2025-12-19: 2 problems
2026-10-04T12:53:36.1271595Z   2025-12-18: 2 problems
2026-10-04T12:53:36.3127631Z   2025-12-17: 2 problems
2026-10-04T12:53:36.5551355Z   2025-12-16: 2 problems
2026-10-04T12:53:36.7471338Z   2025-12-15: 2 problems
2026-10-04T12:53:36.9182337Z   2025-12-13: 2 problems
2026-10-04T12:53:37.1061575Z   2025-12-12: 2 problems
2026-10-04T12:53:37.2773505Z   2025-12-11: 2 problems
2026-10-04T12:53:37.4826198Z   2025-12-10: 2 problems
2026-10-04T12:53:37.6666106Z   2025-12-09: 2 problems
2026-10-04T12:53:37.7805128Z   2025-12-08: 2 problems
2026-10-04T12:53:37.9714021Z   2025-12-06: 2 problems
2026-10-04T12:53:38.1472050Z   2025-12-05: 2 problems
2026-10-04T12:53:38.3304433Z   2025-12-04: 2 problems
2026-10-04T12:53:38.5371495Z   2025-12-03: 2 problems
2026-10-04T12:53:38.7155517Z   2025-12-02: 2 problems
2026-10-04T12:53:38.9256409Z   2025-12-01: 2 problems
2026-10-04T12:53:39.0893690Z   2025-11-29: 2 problems
2026-10-04T12:53:39.2711134Z   2025-11-28: 2 problems
2026-10-04T12:53:39.4384154Z   2025-11-27: 2 problems
2026-10-04T12:53:39.6119401Z   2025-11-26: 2 problems
2026-10-04T12:53:39.8015527Z   2025-11-25: 2 problems
2026-10-04T12:53:39.9595906Z   2025-11-24: 2 problems
2026-10-04T12:53:40.1396692Z   2025-11-22: 2 problems
2026-10-04T12:53:40.3164751Z   2025-11-21: 2 problems
2026-10-04T12:53:40.4918732Z   2025-11-20: 2 problems
2026-10-04T12:53:40.7318889Z   2025-11-19: 2 problems
2026-10-04T12:53:40.9736685Z   2025-11-18: 2 problems
2026-10-04T12:53:41.1368318Z   2025-11-17: 2 problems
2026-10-04T12:53:41.3077398Z   2025-11-15: 2 problems
2026-10-04T12:53:41.6337356Z   2025-11-14: 2 problems
2026-10-04T12:53:41.8172166Z   2025-11-13: 2 problems
2026-10-04T12:53:41.9851780Z   2025-11-12: 2 problems
2026-10-04T12:53:42.1618232Z   2025-11-11: 2 problems
2026-10-04T12:53:42.3339213Z   2025-11-10: 2 problems
2026-10-04T12:53:42.5083121Z   2025-11-08: 2 problems
2026-10-04T12:53:42.7644041Z   2025-11-07: 2 problems
2026-10-04T12:53:42.9473557Z   2025-11-06: 2 problems
2026-10-04T12:53:43.1192177Z   2025-11-05: 2 problems
2026-10-04T12:53:43.2985381Z   2025-11-04: 2 problems
2026-10-04T12:53:43.4782382Z   2025-11-03: 2 problems
2026-10-04T12:53:43.6504704Z   2025-11-01: 2 problems
2026-10-04T12:53:43.7694595Z   2025-10-31: 2 problems
2026-10-04T12:53:43.9422554Z   2025-10-30: 2 problems
2026-10-04T12:53:44.1163739Z   2025-10-29: 2 problems
2026-10-04T12:53:44.2884209Z   2025-10-28: 2 problems
2026-10-04T12:53:44.4628922Z   2025-10-27: 2 problems
2026-10-04T12:53:44.6374107Z   2025-10-25: 2 problems
2026-10-04T12:53:44.8258808Z   2025-10-24: 2 problems
2026-10-04T12:53:44.9971120Z   2025-10-23: 2 problems
2026-10-04T12:53:45.1610087Z   2025-10-22: 2 problems
2026-10-04T12:53:45.3347979Z   2025-10-21: 2 problems
2026-10-04T12:53:45.5047092Z   2025-10-20: 2 problems
2026-10-04T12:53:45.6747670Z   2025-10-18: 2 problems
2026-10-04T12:53:45.8492485Z   2025-10-17: 2 problems
2026-10-04T12:53:46.0163351Z   2025-10-16: 2 problems
2026-10-04T12:53:46.1828143Z   2025-10-15: 2 problems
2026-10-04T12:53:46.3634549Z   2025-10-14: 2 problems
2026-10-04T12:53:46.5304730Z   2025-10-13: 2 problems
2026-10-04T12:53:46.7100382Z   2025-10-11: 2 problems
2026-10-04T12:53:46.8845825Z   2025-10-10: 2 problems
2026-10-04T12:53:47.0620006Z   2025-10-09: 2 problems
2026-10-04T12:53:47.2339026Z   2025-10-08: 2 problems
2026-10-04T12:53:47.4058304Z   2025-10-07: 2 problems
2026-10-04T12:53:47.5723645Z   2025-10-06: 2 problems
2026-10-04T12:53:47.7490575Z   2025-10-04: 2 problems
2026-10-04T12:53:47.9116105Z   2025-10-03: 2 problems
2026-10-04T12:53:48.0778939Z   2025-10-02: 2 problems
2026-10-04T12:53:48.2562644Z   2025-10-01: 2 problems
2026-10-04T12:53:48.4224350Z   2025-09-30: 2 problems
2026-10-04T12:53:48.6089834Z   2025-09-29: 2 problems
2026-10-04T12:53:48.7793293Z   2025-09-27: 2 problems
2026-10-04T12:53:48.9553519Z   2025-09-26: 2 problems
2026-10-04T12:53:49.1263500Z   2025-09-25: 2 problems
2026-10-04T12:53:49.2989440Z   2025-09-24: 2 problems
2026-10-04T12:53:49.4831094Z   2025-09-23: 2 problems
2026-10-04T12:53:49.6531953Z   2025-09-22: 2 problems
2026-10-04T12:53:49.8290375Z   2025-09-20: 2 problems
2026-10-04T12:53:50.0130728Z   2025-09-19: 2 problems
2026-10-04T12:53:50.1754326Z   2025-09-18: 2 problems
2026-10-04T12:53:50.3512955Z   2025-09-17: 2 problems
2026-10-04T12:53:50.5986945Z   2025-09-16: 2 problems
2026-10-04T12:53:50.8540013Z   2025-09-15: 2 problems
2026-10-04T12:53:51.0424746Z   2025-09-13: 2 problems
2026-10-04T12:53:51.2188776Z   2025-09-12: 2 problems
2026-10-04T12:53:51.5574908Z   2025-09-11: 2 problems
2026-10-04T12:53:51.7988626Z   2025-09-10: 2 problems
2026-10-04T12:53:51.9884682Z   2025-09-09: 2 problems
2026-10-04T12:53:52.1527888Z   2025-09-08: 2 problems
2026-10-04T12:53:52.3240346Z   2025-09-06: 2 problems
2026-10-04T12:53:52.5629179Z   2025-09-05: 2 problems
2026-10-04T12:53:52.7364055Z   2025-09-04: 2 problems
2026-10-04T12:53:52.9103523Z   2025-09-03: 2 problems
2026-10-04T12:53:53.1020419Z   2025-09-02: 2 problems
2026-10-04T12:53:53.2698813Z   2025-09-01: 2 problems
2026-10-04T12:53:53.4275313Z   2025-08-30: 2 problems
2026-10-04T12:53:53.6292794Z   2025-08-29: 2 problems
2026-10-04T12:53:53.8118545Z   2025-08-28: 2 problems
2026-10-04T12:53:53.9881490Z   2025-08-27: 2 problems
2026-10-04T12:53:54.1669373Z   2025-08-26: 2 problems
2026-10-04T12:53:54.3361254Z   2025-08-25: 2 problems
2026-10-04T12:53:54.5060463Z   2025-08-23: 2 problems
2026-10-04T12:53:54.7067984Z   2025-08-22: 2 problems
2026-10-04T12:53:54.8908138Z   2025-08-21: 2 problems
2026-10-04T12:53:55.0688276Z   2025-08-20: 2 problems
2026-10-04T12:53:55.2468432Z   2025-08-19: 2 problems
2026-10-04T12:53:55.4220970Z   2025-08-18: 2 problems
2026-10-04T12:53:55.6187982Z   2025-08-16: 2 problems
2026-10-04T12:53:55.8744148Z   2025-08-15: 2 problems
2026-10-04T12:53:56.0572332Z   2025-08-14: 2 problems
2026-10-04T12:53:56.2572619Z   2025-08-13: 2 problems
2026-10-04T12:53:56.4386758Z   2025-08-12: 2 problems
2026-10-04T12:53:56.6222491Z   2025-08-11: 2 problems
2026-10-04T12:53:56.8088144Z   2025-08-09: 2 problems
2026-10-04T12:53:56.9947790Z   2025-08-08: 2 problems
2026-10-04T12:53:57.1924834Z   2025-08-07: 2 problems
2026-10-04T12:53:57.3579429Z   2025-08-06: 2 problems
2026-10-04T12:53:57.5305734Z   2025-08-05: 2 problems
2026-10-04T12:53:57.7330974Z   2025-08-04: 2 problems
2026-10-04T12:53:57.9732533Z   2025-08-02: 2 problems
2026-10-04T12:53:58.1450375Z   2025-08-01: 2 problems
2026-10-04T12:53:58.3274522Z   2025-07-31: 2 problems
2026-10-04T12:53:58.5165631Z   2025-07-30: 2 problems
2026-10-04T12:53:58.7098925Z   2025-07-29: 2 problems
2026-10-04T12:53:58.8774339Z   2025-07-28: 2 problems
2026-10-04T12:53:59.0573465Z   2025-07-26: 2 problems
2026-10-04T12:53:59.2364882Z   2025-07-25: 2 problems
2026-10-04T12:53:59.4884137Z   2025-07-24: 2 problems
2026-10-04T12:53:59.6761786Z   2025-07-23: 2 problems
2026-10-04T12:53:59.9270753Z   2025-07-22: 2 problems
2026-10-04T12:54:00.1068686Z   2025-07-21: 2 problems
2026-10-04T12:54:00.2844909Z   2025-07-19: 2 problems
2026-10-04T12:54:00.4853884Z   2025-07-18: 2 problems
2026-10-04T12:54:00.6562042Z   2025-07-17: 2 problems
2026-10-04T12:54:00.8400775Z   2025-07-16: 2 problems
2026-10-04T12:54:01.0173112Z   2025-07-15: 2 problems
2026-10-04T12:54:01.1941913Z   2025-07-14: 2 problems
2026-10-04T12:54:01.3680542Z   2025-07-12: 2 problems
2026-10-04T12:54:01.6365480Z   2025-07-11: 2 problems
2026-10-04T12:54:01.8110718Z   2025-07-10: 2 problems
2026-10-04T12:54:02.0669047Z   2025-07-09: 2 problems
2026-10-04T12:54:02.2491327Z   2025-07-08: 2 problems
2026-10-04T12:54:02.5202776Z   2025-07-07: 2 problems
2026-10-04T12:54:02.6921892Z   2025-07-05: 2 problems
2026-10-04T12:54:02.8842638Z   2025-07-04: 2 problems
2026-10-04T12:54:03.0595403Z   2025-07-03: 2 problems
2026-10-04T12:54:03.2401794Z   2025-07-02: 2 problems
2026-10-04T12:54:03.3950387Z   2025-07-01: 2 problems
2026-10-04T12:54:03.5644378Z   2025-06-30: 2 problems
2026-10-04T12:54:03.7398524Z   2025-06-28: 2 problems
2026-10-04T12:54:03.9123742Z   2025-06-27: 2 problems
2026-10-04T12:54:04.0872810Z   2025-06-26: 2 problems
2026-10-04T12:54:04.2537844Z   2025-06-25: 2 problems
2026-10-04T12:54:04.4241705Z   2025-06-24: 2 problems
2026-10-04T12:54:04.5977261Z   2025-06-23: 2 problems
2026-10-04T12:54:04.7126360Z   2025-06-21: 2 problems
2026-10-04T12:54:04.8806571Z   2025-06-20: 2 problems
2026-10-04T12:54:05.0562156Z   2025-06-19: 2 problems
2026-10-04T12:54:05.2492324Z   2025-06-18: 2 problems
2026-10-04T12:54:05.4216348Z   2025-06-17: 2 problems
2026-10-04T12:54:05.5978036Z   2025-06-16: 2 problems
2026-10-04T12:54:05.7880192Z   2025-06-14: 2 problems
2026-10-04T12:54:05.9614675Z   2025-06-13: 2 problems
2026-10-04T12:54:06.1270472Z   2025-06-12: 2 problems
2026-10-04T12:54:06.3007287Z   2025-06-11: 2 problems
2026-10-04T12:54:06.4818983Z   2025-06-10: 2 problems
2026-10-04T12:54:06.6495767Z   2025-06-09: 2 problems
2026-10-04T12:54:06.8163307Z   2025-06-07: 2 problems
2026-10-04T12:54:07.0024877Z   2025-06-06: 2 problems
2026-10-04T12:54:07.1655917Z   2025-06-05: 2 problems
2026-10-04T12:54:07.3538981Z   2025-06-04: 2 problems
2026-10-04T12:54:07.5515092Z   2025-06-03: 2 problems
2026-10-04T12:54:07.8125240Z   2025-06-02: 2 problems
2026-10-04T12:54:07.9839944Z   2025-05-31: 2 problems
2026-10-04T12:54:08.1633819Z   2025-05-30: 2 problems
2026-10-04T12:54:08.3342970Z   2025-05-29: 2 problems
2026-10-04T12:54:08.5262285Z   2025-05-28: 2 problems
2026-10-04T12:54:08.6964009Z   2025-05-27: 2 problems
2026-10-04T12:54:08.8747562Z   2025-05-26: 2 problems
2026-10-04T12:54:09.0517371Z   2025-05-24: 2 problems
2026-10-04T12:54:09.2307517Z   2025-05-23: 2 problems
2026-10-04T12:54:09.4099455Z   2025-05-22: 2 problems
2026-10-04T12:54:09.5772265Z   2025-05-21: 2 problems
2026-10-04T12:54:09.7652980Z   2025-05-20: 2 problems
2026-10-04T12:54:09.9355531Z   2025-05-19: 2 problems
2026-10-04T12:54:10.1127318Z   2025-05-17: 2 problems
2026-10-04T12:54:10.2807498Z   2025-05-16: 2 problems
2026-10-04T12:54:10.4557549Z   2025-05-15: 2 problems
2026-10-04T12:54:10.6199490Z   2025-05-14: 2 problems
2026-10-04T12:54:10.7981749Z   2025-05-13: 2 problems
2026-10-04T12:54:10.9759949Z   2025-05-12: 2 problems
2026-10-04T12:54:11.1476271Z   2025-05-10: 2 problems
2026-10-04T12:54:11.3193601Z   2025-05-09: 2 problems
2026-10-04T12:54:11.5068952Z   2025-05-08: 2 problems
2026-10-04T12:54:11.6757544Z   2025-05-07: 2 problems
2026-10-04T12:54:11.8746558Z   2025-05-06: 2 problems
2026-10-04T12:54:12.0577550Z   2025-05-05: 2 problems
2026-10-04T12:54:12.2455528Z   2025-05-03: 2 problems
2026-10-04T12:54:12.4090776Z   2025-05-02: 2 problems
2026-10-04T12:54:12.5781587Z   2025-05-01: 2 problems
2026-10-04T12:54:12.7475431Z   2025-04-30: 2 problems
2026-10-04T12:54:12.9299380Z   2025-04-29: 2 problems
2026-10-04T12:54:13.1105736Z   2025-04-28: 2 problems
2026-10-04T12:54:13.2791806Z   2025-04-26: 2 problems
2026-10-04T12:54:13.4497381Z   2025-04-25: 2 problems
2026-10-04T12:54:13.6116520Z   2025-04-24: 2 problems
2026-10-04T12:54:13.7956739Z   2025-04-23: 2 problems
2026-10-04T12:54:14.0035685Z   2025-04-22: 2 problems
2026-10-04T12:54:14.1978766Z   2025-04-21: 2 problems
2026-10-04T12:54:14.3750348Z   2025-04-19: 2 problems
2026-10-04T12:54:14.5651753Z   2025-04-18: 2 problems
2026-10-04T12:54:14.7497758Z   2025-04-17: 2 problems
2026-10-04T12:54:14.9224758Z   2025-04-16: 2 problems
2026-10-04T12:54:15.1042881Z   2025-04-15: 2 problems
2026-10-04T12:54:15.2845002Z   2025-04-14: 2 problems
2026-10-04T12:54:15.4610655Z   2025-04-12: 2 problems
2026-10-04T12:54:15.6301882Z   2025-04-11: 2 problems
2026-10-04T12:54:15.7960451Z   2025-04-10: 2 problems
2026-10-04T12:54:15.9600886Z   2025-04-09: 2 problems
2026-10-04T12:54:16.1392077Z   2025-04-08: 2 problems
2026-10-04T12:54:16.3090699Z   2025-04-07: 2 problems
2026-10-04T12:54:16.4833166Z   2025-04-05: 2 problems
2026-10-04T12:54:16.6558276Z   2025-04-04: 2 problems
2026-10-04T12:54:16.8290485Z   2025-04-03: 2 problems
2026-10-04T12:54:17.0080496Z   2025-04-02: 2 problems
2026-10-04T12:54:17.1744963Z   2025-04-01: 2 problems
2026-10-04T12:54:17.3436791Z   2025-03-31: 2 problems
2026-10-04T12:54:17.5353049Z   2025-03-29: 2 problems
2026-10-04T12:54:17.7207860Z   2025-03-28: 2 problems
2026-10-04T12:54:17.9049218Z   2025-03-27: 2 problems
2026-10-04T12:54:18.0814058Z   2025-03-26: 2 problems
2026-10-04T12:54:18.2540180Z   2025-03-25: 2 problems
2026-10-04T12:54:18.4324451Z   2025-03-24: 2 problems
2026-10-04T12:54:18.6203297Z   2025-03-22: 2 problems
2026-10-04T12:54:18.7967590Z   2025-03-21: 2 problems
2026-10-04T12:54:18.9690805Z   2025-03-20: 2 problems
2026-10-04T12:54:19.1457890Z   2025-03-19: 2 problems
2026-10-04T12:54:19.3156716Z   2025-03-18: 2 problems
2026-10-04T12:54:19.5035184Z   2025-03-17: 2 problems
2026-10-04T12:54:19.6787790Z   2025-03-15: 2 problems
2026-10-04T12:54:19.8512785Z   2025-03-14: 2 problems
2026-10-04T12:54:20.0299282Z   2025-03-13: 2 problems
2026-10-04T12:54:20.1964430Z   2025-03-12: 2 problems
2026-10-04T12:54:20.3631730Z   2025-03-11: 2 problems
2026-10-04T12:54:20.5368799Z   2025-03-10: 2 problems
2026-10-04T12:54:21.1661893Z   2025-03-08: 2 problems
2026-10-04T12:54:21.3316559Z   2025-03-07: 2 problems
2026-10-04T12:54:21.5008148Z   2025-03-06: 2 problems
2026-10-04T12:54:21.6751032Z   2025-03-05: 2 problems
2026-10-04T12:54:21.8533199Z   2025-03-04: 2 problems
2026-10-04T12:54:22.0212175Z   2025-03-03: 2 problems
2026-10-04T12:54:22.1966378Z   2025-03-01: 2 problems
2026-10-04T12:54:22.3872005Z   2025-02-28: 2 problems
2026-10-04T12:54:22.5650116Z   2025-02-27: 2 problems
2026-10-04T12:54:22.7305547Z   2025-02-26: 2 problems
2026-10-04T12:54:22.9062436Z   2025-02-25: 2 problems
2026-10-04T12:54:23.0932057Z   2025-02-24: 2 problems
2026-10-04T12:54:23.2637745Z   2025-02-22: 2 problems
2026-10-04T12:54:23.4298177Z   2025-02-21: 2 problems
2026-10-04T12:54:23.6040744Z   2025-02-20: 2 problems
2026-10-04T12:54:23.7947169Z   2025-02-19: 2 problems
2026-10-04T12:54:24.0476466Z   2025-02-18: 2 problems
2026-10-04T12:54:24.2211847Z   2025-02-17: 2 problems
2026-10-04T12:54:24.3918556Z   2025-02-15: 2 problems
2026-10-04T12:54:24.5556538Z   2025-02-14: 2 problems
2026-10-04T12:54:24.7265502Z   2025-02-13: 2 problems
2026-10-04T12:54:24.9019282Z   2025-02-12: 2 problems
2026-10-04T12:54:25.0747676Z   2025-02-11: 2 problems
2026-10-04T12:54:25.2438678Z   2025-02-10: 2 problems
2026-10-04T12:54:25.4246958Z   2025-02-08: 2 problems
2026-10-04T12:54:25.5877918Z   2025-02-07: 2 problems
2026-10-04T12:54:25.7625220Z   2025-02-06: 2 problems
2026-10-04T12:54:25.9582590Z   2025-02-05: 2 problems
2026-10-04T12:54:26.1282867Z   2025-02-04: 2 problems
2026-10-04T12:54:26.3055088Z   2025-02-03: 2 problems
2026-10-04T12:54:26.4860889Z   2025-02-01: 2 problems
2026-10-04T12:54:26.6601407Z   2025-01-31: 2 problems
2026-10-04T12:54:26.8265666Z   2025-01-30: 2 problems
2026-10-04T12:54:26.9884849Z   2025-01-29: 2 problems
2026-10-04T12:54:27.1662600Z   2025-01-28: 2 problems
2026-10-04T12:54:27.3344146Z   2025-01-27: 2 problems
2026-10-04T12:54:27.5039128Z   2025-01-25: 2 problems
2026-10-04T12:54:27.6700457Z   2025-01-24: 2 problems
2026-10-04T12:54:27.8432916Z   2025-01-23: 2 problems
2026-10-04T12:54:28.0164814Z   2025-01-22: 2 problems
2026-10-04T12:54:28.1848619Z   2025-01-21: 2 problems
2026-10-04T12:54:28.3510957Z   2025-01-20: 2 problems
2026-10-04T12:54:28.5160692Z   2025-01-18: 2 problems
2026-10-04T12:54:28.6961485Z   2025-01-17: 2 problems
2026-10-04T12:54:28.8633654Z   2025-01-16: 2 problems
2026-10-04T12:54:29.0455513Z   2025-01-15: 2 problems
2026-10-04T12:54:29.2403442Z   2025-01-14: 2 problems
2026-10-04T12:54:29.4250327Z   2025-01-13: 2 problems
2026-10-04T12:54:29.5961963Z   2025-01-11: 2 problems
2026-10-04T12:54:29.7644452Z   2025-01-10: 2 problems
2026-10-04T12:54:29.9283441Z   2025-01-09: 2 problems
2026-10-04T12:54:30.0947094Z   2025-01-08: 2 problems
2026-10-04T12:54:30.2624763Z   2025-01-07: 2 problems
2026-10-04T12:54:30.4295230Z   2025-01-06: 2 problems
2026-10-04T12:54:30.6098364Z   2025-01-04: 2 problems
2026-10-04T12:54:30.8680597Z   2025-01-03: 2 problems
2026-10-04T12:54:31.0408743Z   2025-01-02: 2 problems
2026-10-04T12:54:31.2139955Z   2025-01-01: 2 problems
2026-10-04T12:54:31.3823551Z   2024-12-31: 2 problems
2026-10-04T12:54:31.6161022Z   2024-12-30: 2 problems
2026-10-04T12:54:31.7828304Z   2024-12-28: 2 problems
2026-10-04T12:54:32.0430257Z   2024-12-27: 2 problems
2026-10-04T12:54:32.2358793Z   2024-12-26: 2 problems
2026-10-04T12:54:32.4944928Z   2024-12-25: 2 problems
2026-10-04T12:54:32.6638664Z   2024-12-24: 2 problems
2026-10-04T12:54:32.8258105Z   2024-12-23: 2 problems
2026-10-04T12:54:32.9914229Z   2024-12-21: 2 problems
2026-10-04T12:54:33.1573420Z   2024-12-20: 2 problems
2026-10-04T12:54:33.3356907Z   2024-12-19: 2 problems
2026-10-04T12:54:33.4991727Z   2024-12-18: 2 problems
2026-10-04T12:54:33.6604819Z   2024-12-17: 2 problems
2026-10-04T12:54:33.8404502Z   2024-12-16: 2 problems
2026-10-04T12:54:34.0217031Z   2024-12-14: 2 problems
2026-10-04T12:54:34.2017283Z   2024-12-13: 2 problems
2026-10-04T12:54:34.3779360Z   2024-12-12: 2 problems
2026-10-04T12:54:34.5518799Z   2024-12-11: 2 problems
2026-10-04T12:54:34.7249999Z   2024-12-10: 2 problems
2026-10-04T12:54:34.8997869Z   2024-12-09: 2 problems
2026-10-04T12:54:35.0697741Z   2024-12-07: 2 problems
2026-10-04T12:54:35.2308531Z   2024-12-06: 2 problems
2026-10-04T12:54:35.4711459Z   2024-12-05: 2 problems
2026-10-04T12:54:35.6518535Z   2024-12-04: 2 problems
2026-10-04T12:54:35.8269786Z   2024-12-03: 2 problems
2026-10-04T12:54:35.9973889Z   2024-12-02: 2 problems
2026-10-04T12:54:36.1794473Z   2024-11-30: 2 problems
2026-10-04T12:54:36.3456058Z   2024-11-29: 2 problems
2026-10-04T12:54:36.5246488Z   2024-11-28: 2 problems
2026-10-04T12:54:36.6975245Z   2024-11-27: 2 problems
2026-10-04T12:54:36.8673616Z   2024-11-26: 2 problems
2026-10-04T12:54:37.0484956Z   2024-11-25: 2 problems
2026-10-04T12:54:37.2116780Z   2024-11-23: 2 problems
2026-10-04T12:54:37.3741027Z   2024-11-22: 2 problems
2026-10-04T12:54:37.4845268Z   2024-11-21: 2 problems
2026-10-04T12:54:37.6500170Z   2024-11-20: 2 problems
2026-10-04T12:54:37.8225817Z   2024-11-19: 2 problems
2026-10-04T12:54:37.9841430Z   2024-11-18: 2 problems
2026-10-04T12:54:38.1565372Z   2024-11-16: 2 problems
2026-10-04T12:54:38.3339500Z   2024-11-15: 2 problems
2026-10-04T12:54:38.5000193Z   2024-11-14: 2 problems
2026-10-04T12:54:38.6721053Z   2024-11-13: 2 problems
2026-10-04T12:54:38.8485598Z   2024-11-12: 2 problems
2026-10-04T12:54:39.0486012Z   2024-11-11: 2 problems
2026-10-04T12:54:39.2162633Z   2024-11-09: 2 problems
2026-10-04T12:54:39.3879752Z   2024-11-08: 2 problems
2026-10-04T12:54:39.5605716Z   2024-11-07: 2 problems
2026-10-04T12:54:39.7398323Z   2024-11-06: 2 problems
2026-10-04T12:54:39.9026881Z   2024-11-05: 2 problems
2026-10-04T12:54:40.0650652Z   2024-11-04: 2 problems
2026-10-04T12:54:40.2364944Z   2024-11-02: 2 problems
2026-10-04T12:54:40.4134637Z   2024-11-01: 2 problems
2026-10-04T12:54:40.5864640Z   2024-10-31: 2 problems
2026-10-04T12:54:40.7571334Z   2024-10-30: 2 problems
2026-10-04T12:54:40.9151273Z   2024-10-29: 2 problems
2026-10-04T12:54:41.1522143Z   2024-10-28: 2 problems
2026-10-04T12:54:41.4017380Z   2024-10-26: 2 problems
2026-10-04T12:54:41.5652099Z   2024-10-25: 2 problems
2026-10-04T12:54:41.7436380Z   2024-10-24: 2 problems
2026-10-04T12:54:41.9290920Z   2024-10-23: 2 problems
2026-10-04T12:54:42.0995680Z   2024-10-22: 2 problems
2026-10-04T12:54:42.2594795Z   2024-10-21: 2 problems
2026-10-04T12:54:42.4228450Z   2024-10-19: 2 problems
2026-10-04T12:54:42.5895967Z   2024-10-18: 2 problems
2026-10-04T12:54:42.7436641Z   2024-10-17: 2 problems
2026-10-04T12:54:42.9127625Z   2024-10-16: 2 problems
2026-10-04T12:54:43.0855509Z   2024-10-15: 2 problems
2026-10-04T12:54:43.2516353Z   2024-10-14: 2 problems
2026-10-04T12:54:43.4306398Z   2024-10-12: 2 problems
2026-10-04T12:54:43.5955792Z   2024-10-11: 2 problems
2026-10-04T12:54:43.7692720Z   2024-10-10: 2 problems
2026-10-04T12:54:43.9483796Z   2024-10-09: 2 problems
2026-10-04T12:54:44.1118813Z   2024-10-08: 2 problems
2026-10-04T12:54:44.2823048Z   2024-10-07: 2 problems
2026-10-04T12:54:44.4538252Z   2024-10-05: 2 problems
2026-10-04T12:54:44.6362111Z   2024-10-04: 2 problems
2026-10-04T12:54:44.8031700Z   2024-10-03: 2 problems
2026-10-04T12:54:44.9675299Z   2024-10-02: 2 problems
2026-10-04T12:54:45.1314003Z   2024-10-01: 2 problems
2026-10-04T12:54:45.3068655Z   2024-09-30: 2 problems
2026-10-04T12:54:45.4740983Z   2024-09-28: 2 problems
2026-10-04T12:54:45.6487969Z   2024-09-27: 2 problems
2026-10-04T12:54:45.8099276Z   2024-09-26: 2 problems
2026-10-04T12:54:45.9760090Z   2024-09-25: 2 problems
2026-10-04T12:54:46.0810177Z   2024-09-24: 2 problems
2026-10-04T12:54:46.2397350Z   2024-09-23: 2 problems
2026-10-04T12:54:46.4014716Z   2024-09-21: 2 problems
2026-10-04T12:54:46.5661291Z   2024-09-20: 2 problems
2026-10-04T12:54:46.7450379Z   2024-09-19: 2 problems
2026-10-04T12:54:46.9135616Z   2024-09-18: 2 problems
2026-10-04T12:54:47.0802904Z   2024-09-17: 2 problems
2026-10-04T12:54:47.2523603Z   2024-09-16: 2 problems
2026-10-04T12:54:47.4128784Z   2024-09-14: 2 problems
2026-10-04T12:54:47.5942937Z   2024-09-13: 2 problems
2026-10-04T12:54:47.7524520Z   2024-09-12: 2 problems
2026-10-04T12:54:47.9309199Z   2024-09-11: 2 problems
2026-10-04T12:54:48.0902819Z   2024-09-10: 2 problems
2026-10-04T12:54:48.2527836Z   2024-09-09: 2 problems
2026-10-04T12:54:48.4351460Z   2024-09-07: 2 problems
2026-10-04T12:54:48.5972996Z   2024-09-06: 2 problems
2026-10-04T12:54:48.8511340Z   2024-09-05: 2 problems
2026-10-04T12:54:49.0089788Z   2024-09-04: 2 problems
2026-10-04T12:54:49.1895909Z   2024-09-03: 2 problems
2026-10-04T12:54:49.3651733Z   2024-09-02: 2 problems
2026-10-04T12:54:49.5393608Z   2024-08-31: 2 problems
2026-10-04T12:54:49.7124138Z   2024-08-30: 2 problems
2026-10-04T12:54:49.8694000Z   2024-08-29: 2 problems
2026-10-04T12:54:50.0276811Z   2024-08-28: 2 problems
2026-10-04T12:54:50.2125880Z   2024-08-27: 2 problems
2026-10-04T12:54:50.3766176Z   2024-08-26: 2 problems
2026-10-04T12:54:50.6929339Z   2024-08-24: 2 problems
2026-10-04T12:54:51.0139141Z   2024-08-23: 2 problems
2026-10-04T12:54:51.2587934Z   2024-08-22: 2 problems
2026-10-04T12:54:51.5241976Z   2024-08-21: 2 problems
2026-10-04T12:54:51.6846994Z   2024-08-20: 2 problems
2026-10-04T12:54:51.8530630Z   2024-08-19: 2 problems
2026-10-04T12:54:52.0199034Z   2024-08-17: 2 problems
2026-10-04T12:54:52.1980079Z   2024-08-16: 2 problems
2026-10-04T12:54:52.3628447Z   2024-08-15: 2 problems
2026-10-04T12:54:52.5431318Z   2024-08-14: 2 problems
2026-10-04T12:54:52.7040801Z   2024-08-13: 2 problems
2026-10-04T12:54:52.8685726Z   2024-08-12: 2 problems
2026-10-04T12:54:53.0408118Z   2024-08-10: 2 problems
2026-10-04T12:54:53.2288071Z   2024-08-09: 2 problems
2026-10-04T12:54:53.3978937Z   2024-08-08: 2 problems
2026-10-04T12:54:53.5908900Z   2024-08-07: 2 problems
2026-10-04T12:54:53.7745457Z   2024-08-06: 2 problems
2026-10-04T12:54:53.9358162Z   2024-08-05: 2 problems
2026-10-04T12:54:54.1200988Z   2024-08-03: 2 problems
2026-10-04T12:54:54.2956687Z   2024-08-02: 2 problems
2026-10-04T12:54:54.4528150Z   2024-08-01: 2 problems
2026-10-04T12:54:54.6231927Z   2024-07-31: 2 problems
2026-10-04T12:54:54.7952627Z   2024-07-30: 2 problems
2026-10-04T12:54:54.9719424Z   2024-07-29: 2 problems
2026-10-04T12:54:55.1389932Z   2024-07-27: 2 problems
2026-10-04T12:54:55.3148971Z   2024-07-26: 2 problems
2026-10-04T12:54:55.4878175Z   2024-07-25: 2 problems
2026-10-04T12:54:55.6590322Z   2024-07-24: 2 problems
2026-10-04T12:54:55.8237513Z   2024-07-23: 2 problems
2026-10-04T12:54:55.9964500Z   2024-07-22: 2 problems
2026-10-04T12:54:56.1915246Z   2024-07-20: 2 problems
2026-10-04T12:54:56.3677808Z   2024-07-19: 2 problems
2026-10-04T12:54:56.5356810Z   2024-07-18: 2 problems
2026-10-04T12:54:56.6930175Z   2024-07-17: 2 problems
2026-10-04T12:54:56.8745448Z   2024-07-16: 2 problems
2026-10-04T12:54:57.0527805Z   2024-07-15: 2 problems
2026-10-04T12:54:57.2474604Z   2024-07-13: 2 problems
2026-10-04T12:54:57.3743326Z   2024-07-12: 2 problems
2026-10-04T12:54:57.5465214Z   2024-07-11: 2 problems
2026-10-04T12:54:57.7245989Z   2024-07-10: 2 problems
2026-10-04T12:54:57.9111783Z   2024-07-09: 2 problems
2026-10-04T12:54:58.0844530Z   2024-07-08: 2 problems
2026-10-04T12:54:58.2492989Z   2024-07-06: 2 problems
2026-10-04T12:54:58.4210106Z   2024-07-05: 2 problems
2026-10-04T12:54:58.5928971Z   2024-07-04: 2 problems
2026-10-04T12:54:58.7561163Z   2024-07-03: 2 problems
2026-10-04T12:54:58.9144950Z   2024-07-02: 2 problems
2026-10-04T12:54:59.0943841Z   2024-07-01: 2 problems
2026-10-04T12:54:59.2819400Z   2024-06-29: 2 problems
2026-10-04T12:54:59.4609827Z   2024-06-28: 2 problems
2026-10-04T12:54:59.6356801Z   2024-06-27: 2 problems
2026-10-04T12:54:59.8153483Z   2024-06-26: 2 problems
2026-10-04T12:55:00.0012793Z   2024-06-25: 2 problems
2026-10-04T12:55:00.1704016Z   2024-06-24: 2 problems
2026-10-04T12:55:00.3574900Z   2024-06-22: 2 problems
2026-10-04T12:55:00.5328793Z   2024-06-21: 2 problems
2026-10-04T12:55:00.7021242Z   2024-06-20: 2 problems
2026-10-04T12:55:00.8682264Z   2024-06-19: 2 problems
2026-10-04T12:55:01.0436867Z   2024-06-18: 2 problems
2026-10-04T12:55:01.3016896Z   2024-06-17: 2 problems
2026-10-04T12:55:01.7545620Z   2024-06-15: 2 problems
2026-10-04T12:55:01.9404695Z   2024-06-14: 2 problems
2026-10-04T12:55:02.1344072Z   2024-06-13: 2 problems
2026-10-04T12:55:02.3004386Z   2024-06-12: 2 problems
2026-10-04T12:55:02.4769037Z   2024-06-11: 2 problems
2026-10-04T12:55:02.7374909Z   2024-06-10: 2 problems
2026-10-04T12:55:02.9257212Z   2024-06-08: 2 problems
2026-10-04T12:55:03.1176401Z   2024-06-07: 2 problems
2026-10-04T12:55:03.3885073Z   2024-06-06: 2 problems
2026-10-04T12:55:03.5810185Z   2024-06-05: 2 problems
2026-10-04T12:55:03.7525399Z   2024-06-04: 2 problems
2026-10-04T12:55:03.9299794Z   2024-06-03: 2 problems
2026-10-04T12:55:04.1328998Z   2024-06-01: 2 problems
2026-10-04T12:55:04.3452834Z   2024-05-31: 2 problems
2026-10-04T12:55:04.5350756Z   2024-05-30: 2 problems
2026-10-04T12:55:04.7179968Z   2024-05-29: 2 problems
2026-10-04T12:55:04.8838528Z   2024-05-28: 2 problems
2026-10-04T12:55:05.0524918Z   2024-05-27: 2 problems
2026-10-04T12:55:05.2442361Z   2024-05-25: 2 problems
2026-10-04T12:55:05.4120485Z   2024-05-24: 2 problems
2026-10-04T12:55:05.6151011Z   2024-05-23: 2 problems
2026-10-04T12:55:05.8441299Z   2024-05-22: 2 problems
2026-10-04T12:55:06.0031467Z   2024-05-21: 2 problems
2026-10-04T12:55:06.2039045Z   2024-05-20: 2 problems
2026-10-04T12:55:06.3785196Z   2024-05-18: 2 problems
2026-10-04T12:55:06.5941310Z   2024-05-17: 2 problems
2026-10-04T12:55:06.7929936Z   2024-05-16: 2 problems
2026-10-04T12:55:06.9540118Z   2024-05-15: 2 problems
2026-10-04T12:55:07.1319453Z   2024-05-14: 2 problems
2026-10-04T12:55:07.5503920Z   2024-05-13: 2 problems
2026-10-04T12:55:07.7472047Z   2024-05-11: 2 problems
2026-10-04T12:55:07.9231603Z   2024-05-10: 2 problems
2026-10-04T12:55:08.0909751Z   2024-05-09: 2 problems
2026-10-04T12:55:08.3015701Z   2024-05-08: 2 problems
2026-10-04T12:55:08.4900258Z   2024-05-07: 2 problems
2026-10-04T12:55:08.7031929Z   2024-05-06: 2 problems
2026-10-04T12:55:08.8846704Z   2024-05-04: 2 problems
2026-10-04T12:55:09.0510245Z   2024-05-03: 2 problems
2026-10-04T12:55:09.2270833Z   2024-05-02: 2 problems
2026-10-04T12:55:09.4248163Z   2024-05-01: 2 problems
2026-10-04T12:55:09.6065202Z   2024-04-30: 2 problems
2026-10-04T12:55:09.7979092Z   2024-04-29: 2 problems
2026-10-04T12:55:09.9605823Z   2024-04-27: 2 problems
2026-10-04T12:55:10.1343581Z   2024-04-26: 2 problems
2026-10-04T12:55:10.4153202Z   2024-04-25: 2 problems
2026-10-04T12:55:10.5925009Z   2024-04-24: 2 problems
2026-10-04T12:55:10.8414654Z   2024-04-23: 2 problems
2026-10-04T12:55:11.0207085Z   2024-04-22: 2 problems
2026-10-04T12:55:11.2444275Z   2024-04-20: 2 problems
2026-10-04T12:55:11.4492196Z   2024-04-19: 2 problems
2026-10-04T12:55:11.6981444Z   2024-04-18: 2 problems
2026-10-04T12:55:11.9133505Z   2024-04-17: 2 problems
2026-10-04T12:55:12.0965073Z   2024-04-16: 2 problems
2026-10-04T12:55:12.3034568Z   2024-04-15: 2 problems
2026-10-04T12:55:12.5131932Z   2024-04-13: 2 problems
2026-10-04T12:55:12.7054487Z   2024-04-12: 2 problems
2026-10-04T12:55:12.8905493Z   2024-04-11: 2 problems
2026-10-04T12:55:13.0813344Z   2024-04-10: 2 problems
2026-10-04T12:55:13.2602190Z   2024-04-09: 2 problems
2026-10-04T12:55:13.4578521Z   2024-04-08: 2 problems
2026-10-04T12:55:13.6392827Z   2024-04-06: 2 problems
2026-10-04T12:55:13.8189293Z   2024-04-05: 2 problems
2026-10-04T12:55:14.0375172Z   2024-04-04: 2 problems
2026-10-04T12:55:14.2550052Z   2024-04-03: 2 problems
2026-10-04T12:55:14.4752334Z   2024-04-02: 2 problems
2026-10-04T12:55:14.6651764Z   2024-04-01: 2 problems
2026-10-04T12:55:14.8672147Z   2024-03-30: 2 problems
2026-10-04T12:55:15.0612448Z   2024-03-29: 2 problems
2026-10-04T12:55:15.2411061Z   2024-03-28: 2 problems
2026-10-04T12:55:15.4080132Z   2024-03-27: 2 problems
2026-10-04T12:55:15.5815883Z   2024-03-26: 2 problems
2026-10-04T12:55:15.7760585Z   2024-03-25: 2 problems
2026-10-04T12:55:15.9824994Z   2024-03-23: 2 problems
2026-10-04T12:55:16.1640990Z   2024-03-22: 2 problems
2026-10-04T12:55:16.3567259Z   2024-03-21: 2 problems
2026-10-04T12:55:16.5183105Z   2024-03-20: 2 problems
2026-10-04T12:55:16.6929264Z   2024-03-19: 2 problems
2026-10-04T12:55:16.8824181Z   2024-03-18: 2 problems
2026-10-04T12:55:17.0753335Z   2024-03-16: 2 problems
2026-10-04T12:55:17.2767907Z   2024-03-15: 2 problems
2026-10-04T12:55:17.4682103Z   2024-03-14: 2 problems
2026-10-04T12:55:17.6481650Z   2024-03-13: 2 problems
2026-10-04T12:55:17.8561844Z   2024-03-12: 2 problems
2026-10-04T12:55:18.0233953Z   2024-03-11: 2 problems
2026-10-04T12:55:18.2876649Z   2024-03-09: 2 problems
2026-10-04T12:55:18.4951231Z   2024-03-08: 2 problems
2026-10-04T12:55:18.6927216Z   2024-03-07: 2 problems
2026-10-04T12:55:18.8843685Z   2024-03-06: 2 problems
2026-10-04T12:55:19.0798882Z   2024-03-05: 2 problems
2026-10-04T12:55:19.2724560Z   2024-03-04: 2 problems
2026-10-04T12:55:19.4868748Z   2024-03-02: 2 problems
2026-10-04T12:55:19.6742481Z   2024-03-01: 2 problems
2026-10-04T12:55:19.8736449Z   2024-02-29: 2 problems
2026-10-04T12:55:20.0780962Z   2024-02-28: 2 problems
2026-10-04T12:55:20.2908525Z   2024-02-27: 2 problems
2026-10-04T12:55:20.4772938Z   2024-02-26: 2 problems
2026-10-04T12:55:20.4773248Z Building categories...
2026-10-04T12:55:22.3417998Z Wrote /home/runner/work/ys_problem_web/ys_problem_web/data/daily.json (814 days, 21 categories).
2026-10-04T12:55:22.3418593Z Syncing leaderboard (records.js from gh-pages)...
2026-10-04T12:55:22.4125097Z   ✓ 361 players, data through 2026-10-03
2026-10-04T12:55:22.4273079Z ##[group]Run if [ -n "e511e00c4ca474c2c2a87e2efa7563b55934a805" ]; then
2026-10-04T12:55:22.4273465Z [36;1mif [ -n "e511e00c4ca474c2c2a87e2efa7563b55934a805" ]; then[0m
2026-10-04T12:55:22.4273784Z [36;1m  echo "e511e00c4ca474c2c2a87e2efa7563b55934a805" > data/.upstream-sha[0m
2026-10-04T12:55:22.4274053Z [36;1mfi[0m
2026-10-04T12:55:22.4305651Z shell: /usr/bin/bash -e {0}
2026-10-04T12:55:22.4305851Z ##[endgroup]
2026-10-04T12:55:22.4372586Z ##[group]Run git config user.name "github-actions[bot]"
2026-10-04T12:55:22.4372877Z [36;1mgit config user.name "github-actions[bot]"[0m
2026-10-04T12:55:22.4373183Z [36;1mgit config user.email "41898282+github-actions[bot]@users.noreply.github.com"[0m
2026-10-04T12:55:22.4373478Z [36;1mgit add data/[0m
2026-10-04T12:55:22.4373666Z [36;1mif ! git diff --cached --quiet; then[0m
2026-10-04T12:55:22.4373919Z [36;1m  git commit -m "chore: sync daily problems data"[0m
2026-10-04T12:55:22.4374136Z [36;1mfi[0m
2026-10-04T12:55:22.4374358Z [36;1m# A repair batch runs ~45 min; anything pushed to main in that[0m
2026-10-04T12:55:22.4374678Z [36;1m# window (local work, the log job) rejects the push. Rebase over[0m
2026-10-04T12:55:22.4374939Z [36;1m# it and retry a few times.[0m
2026-10-04T12:55:22.4375119Z [36;1mfor i in 1 2 3; do[0m
2026-10-04T12:55:22.4375326Z [36;1m  if git pull --rebase origin main && git push; then[0m
2026-10-04T12:55:22.4375577Z [36;1m    exit 0[0m
2026-10-04T12:55:22.4375722Z [36;1m  fi[0m
2026-10-04T12:55:22.4375910Z [36;1m  echo "push attempt $i failed, retrying after rebase"[0m
2026-10-04T12:55:22.4376131Z [36;1m  sleep 15[0m
2026-10-04T12:55:22.4376287Z [36;1mdone[0m
2026-10-04T12:55:22.4376422Z [36;1mexit 1[0m
2026-10-04T12:55:22.4399060Z shell: /usr/bin/bash -e {0}
2026-10-04T12:55:22.4399254Z ##[endgroup]
2026-10-04T12:55:22.8206677Z [main fc46fa0] chore: sync daily problems data
2026-10-04T12:55:22.8207179Z  12 files changed, 610 insertions(+), 258 deletions(-)
2026-10-04T12:55:23.3278273Z From https://github.com/Sam5440/ys_problem_web
2026-10-04T12:55:23.3278739Z  * branch            main       -> FETCH_HEAD
2026-10-04T12:55:23.3279123Z    f5f64bd..76bfe8d  main       -> origin/main
2026-10-04T12:55:23.4937693Z Rebasing (1/1)
2026-10-04T12:55:23.4938051Z Successfully rebased and updated refs/heads/main.
2026-10-04T12:55:25.8599351Z To https://github.com/Sam5440/ys_problem_web
2026-10-04T12:55:25.8599951Z    76bfe8d..b502810  main -> main
2026-10-04T12:55:25.8731713Z Post job cleanup.
2026-10-04T12:55:25.9424078Z [command]/usr/bin/git version
2026-10-04T12:55:25.9454065Z git version 2.55.0
2026-10-04T12:55:25.9478984Z Temporarily overriding HOME='/home/runner/work/_temp/a6cdade1-a1b6-494b-94a8-1366d933cbfd' before making global git config changes
2026-10-04T12:55:25.9480260Z Adding repository directory to the temporary git global config as a safe directory
2026-10-04T12:55:25.9483069Z [command]/usr/bin/git config --global --add safe.directory /home/runner/work/ys_problem_web/ys_problem_web
2026-10-04T12:55:25.9512617Z [command]/usr/bin/git config --local --name-only --get-regexp core\.sshCommand
2026-10-04T12:55:25.9539221Z [command]/usr/bin/git submodule foreach --recursive sh -c "git config --local --name-only --get-regexp 'core\.sshCommand' && git config --local --unset-all 'core.sshCommand' || :"
2026-10-04T12:55:25.9707966Z [command]/usr/bin/git config --local --name-only --get-regexp http\.https\:\/\/github\.com\/\.extraheader
2026-10-04T12:55:25.9727217Z http.https://github.com/.extraheader
2026-10-04T12:55:25.9734821Z [command]/usr/bin/git config --local --unset-all http.https://github.com/.extraheader
2026-10-04T12:55:25.9761423Z [command]/usr/bin/git submodule foreach --recursive sh -c "git config --local --name-only --get-regexp 'http\.https\:\/\/github\.com\/\.extraheader' && git config --local --unset-all 'http.https://github.com/.extraheader' || :"
2026-10-04T12:55:25.9935147Z [command]/usr/bin/git config --local --name-only --get-regexp ^includeIf\.gitdir:
2026-10-04T12:55:25.9958195Z [command]/usr/bin/git submodule foreach --recursive git config --local --show-origin --name-only --get-regexp remote.origin.url
2026-10-04T12:55:26.0213156Z Evaluate and set job outputs
2026-10-04T12:55:26.0218121Z Set output 'changed'
2026-10-04T12:55:26.0219420Z Cleaning up orphan processes
2026-10-04T12:55:26.0433059Z ##[warning]Node.js 20 is deprecated. The following actions target Node.js 20 but are being forced to run on Node.js 24: actions/checkout@v4. For more information see: https://github.blog/changelog/2025-09-19-deprecation-of-node-20-on-github-actions-runners/

