<!--YSLOG {"runId":37299598690,"event":"workflow_dispatch","startedAt":"2026-10-05T10:55:08Z","savedAt":"2026-10-05T11:22:51.059Z","url":"https://github.com/Sam5440/ys_problem_web/actions/runs/37299598690","jobName":"update"}-->
2026-10-05T10:55:09.2004966Z Current runner version: '2.337.0'
2026-10-05T10:55:09.2024203Z ##[group]Runner Image Provisioner
2026-10-05T10:55:09.2024933Z Hosted Compute Agent
2026-10-05T10:55:09.2025458Z Version: 20260901.588
2026-10-05T10:55:09.2025991Z Commit: f88ec8081b781fac6c440065ac7ff9e710ce3d0b
2026-10-05T10:55:09.2026597Z Build Date: 2026-09-01T19:56:44Z
2026-10-05T10:55:09.2027800Z Worker ID: {aaf53f80-6719-4882-947a-9e2f893e4277}
2026-10-05T10:55:09.2028396Z Azure Region: centralus
2026-10-05T10:55:09.2028888Z ##[endgroup]
2026-10-05T10:55:09.2030159Z ##[group]Operating System
2026-10-05T10:55:09.2030691Z Ubuntu
2026-10-05T10:55:09.2031169Z 24.04.5
2026-10-05T10:55:09.2031607Z LTS
2026-10-05T10:55:09.2032088Z ##[endgroup]
2026-10-05T10:55:09.2032554Z ##[group]Runner Image
2026-10-05T10:55:09.2033074Z Image: ubuntu-24.04
2026-10-05T10:55:09.2033577Z Version: 20260927.320.1
2026-10-05T10:55:09.2034654Z Included Software: https://github.com/actions/runner-images/blob/ubuntu24/20260927.320/images/ubuntu/Ubuntu2404-Readme.md
2026-10-05T10:55:09.2035943Z Image Release: https://github.com/actions/runner-images/releases/tag/ubuntu24%2F20260927.320
2026-10-05T10:55:09.2036786Z ##[endgroup]
2026-10-05T10:55:09.2037908Z ##[group]GITHUB_TOKEN Permissions
2026-10-05T10:55:09.2039837Z Actions: write
2026-10-05T10:55:09.2040342Z Contents: write
2026-10-05T10:55:09.2040859Z Metadata: read
2026-10-05T10:55:09.2041361Z ##[endgroup]
2026-10-05T10:55:09.2043000Z Secret source: Actions
2026-10-05T10:55:09.2043780Z Cache mode: write
2026-10-05T10:55:09.2044389Z Prepare workflow directory
2026-10-05T10:55:09.2349115Z Prepare all required actions
2026-10-05T10:55:09.2389925Z Getting action download info
2026-10-05T10:55:09.5200835Z Download action repository 'actions/checkout@v4' (SHA:11d5960a326750d5838078e36cf38b85af677262)
2026-10-05T10:55:09.7020016Z Complete job name: update
2026-10-05T10:55:09.7641914Z ##[group]Run actions/checkout@v4
2026-10-05T10:55:09.7642635Z with:
2026-10-05T10:55:09.7643079Z   repository: Sam5440/ys_problem_web
2026-10-05T10:55:09.7646535Z   token: ***
2026-10-05T10:55:09.7647341Z   ssh-strict: true
2026-10-05T10:55:09.7647806Z   ssh-user: git
2026-10-05T10:55:09.7648288Z   persist-credentials: true
2026-10-05T10:55:09.7648753Z   clean: true
2026-10-05T10:55:09.7649172Z   sparse-checkout-cone-mode: true
2026-10-05T10:55:09.7649714Z   fetch-depth: 1
2026-10-05T10:55:09.7650169Z   fetch-tags: false
2026-10-05T10:55:09.7650610Z   show-progress: true
2026-10-05T10:55:09.7651041Z   lfs: false
2026-10-05T10:55:09.7651430Z   submodules: false
2026-10-05T10:55:09.7651942Z   set-safe-directory: true
2026-10-05T10:55:09.7652426Z   allow-unsafe-pr-checkout: false
2026-10-05T10:55:09.7653070Z ##[endgroup]
2026-10-05T10:55:09.8534155Z Syncing repository: Sam5440/ys_problem_web
2026-10-05T10:55:09.8536496Z ##[group]Getting Git version info
2026-10-05T10:55:09.8538023Z Working directory is '/home/runner/work/ys_problem_web/ys_problem_web'
2026-10-05T10:55:09.8539723Z [command]/usr/bin/git version
2026-10-05T10:55:09.8580196Z git version 2.55.0
2026-10-05T10:55:09.8597476Z ##[endgroup]
2026-10-05T10:55:09.8609097Z Temporarily overriding HOME='/home/runner/work/_temp/21204e15-ed3a-4ded-9f80-5b9bb94d8fde' before making global git config changes
2026-10-05T10:55:09.8611116Z Adding repository directory to the temporary git global config as a safe directory
2026-10-05T10:55:09.8613192Z [command]/usr/bin/git config --global --add safe.directory /home/runner/work/ys_problem_web/ys_problem_web
2026-10-05T10:55:09.8649370Z Deleting the contents of '/home/runner/work/ys_problem_web/ys_problem_web'
2026-10-05T10:55:09.8653200Z ##[group]Initializing the repository
2026-10-05T10:55:09.8656424Z [command]/usr/bin/git init /home/runner/work/ys_problem_web/ys_problem_web
2026-10-05T10:55:09.8725718Z hint: Using 'master' as the name for the initial branch. This default branch name
2026-10-05T10:55:09.8727440Z hint: will change to "main" in Git 3.0. To configure the initial branch name
2026-10-05T10:55:09.8729116Z hint: to use in all of your new repositories, which will suppress this warning,
2026-10-05T10:55:09.8730531Z hint: call:
2026-10-05T10:55:09.8731590Z hint:
2026-10-05T10:55:09.8732507Z hint: 	git config --global init.defaultBranch <name>
2026-10-05T10:55:09.8733502Z hint:
2026-10-05T10:55:09.8734502Z hint: Names commonly chosen instead of 'master' are 'main', 'trunk' and
2026-10-05T10:55:09.8735837Z hint: 'development'. The just-created branch can be renamed via this command:
2026-10-05T10:55:09.8737136Z hint:
2026-10-05T10:55:09.8738153Z hint: 	git branch -m <name>
2026-10-05T10:55:09.8738791Z hint:
2026-10-05T10:55:09.8739787Z hint: Disable this message with "git config set advice.defaultBranchName false"
2026-10-05T10:55:09.8741677Z Initialized empty Git repository in /home/runner/work/ys_problem_web/ys_problem_web/.git/
2026-10-05T10:55:09.8744460Z [command]/usr/bin/git remote add origin https://github.com/Sam5440/ys_problem_web
2026-10-05T10:55:09.8772065Z ##[endgroup]
2026-10-05T10:55:09.8773240Z ##[group]Disabling automatic garbage collection
2026-10-05T10:55:09.8775611Z [command]/usr/bin/git config --local gc.auto 0
2026-10-05T10:55:09.8799843Z ##[endgroup]
2026-10-05T10:55:09.8800877Z ##[group]Setting up auth
2026-10-05T10:55:09.8805721Z [command]/usr/bin/git config --local --name-only --get-regexp core\.sshCommand
2026-10-05T10:55:09.8831767Z [command]/usr/bin/git submodule foreach --recursive sh -c "git config --local --name-only --get-regexp 'core\.sshCommand' && git config --local --unset-all 'core.sshCommand' || :"
2026-10-05T10:55:09.9099504Z [command]/usr/bin/git config --local --name-only --get-regexp http\.https\:\/\/github\.com\/\.extraheader
2026-10-05T10:55:09.9124479Z [command]/usr/bin/git submodule foreach --recursive sh -c "git config --local --name-only --get-regexp 'http\.https\:\/\/github\.com\/\.extraheader' && git config --local --unset-all 'http.https://github.com/.extraheader' || :"
2026-10-05T10:55:09.9297412Z [command]/usr/bin/git config --local --name-only --get-regexp ^includeIf\.gitdir:
2026-10-05T10:55:09.9328766Z [command]/usr/bin/git submodule foreach --recursive git config --local --show-origin --name-only --get-regexp remote.origin.url
2026-10-05T10:55:09.9487721Z [command]/usr/bin/git config --local http.https://github.com/.extraheader AUTHORIZATION: basic ***
2026-10-05T10:55:09.9517952Z ##[endgroup]
2026-10-05T10:55:09.9518756Z ##[group]Fetching the repository
2026-10-05T10:55:09.9525394Z [command]/usr/bin/git -c protocol.version=2 fetch --no-tags --prune --no-recurse-submodules --depth=1 origin +5744d949aea96693ee79e910d1afb9a68a7f947c:refs/remotes/origin/main
2026-10-05T10:55:10.3277506Z From https://github.com/Sam5440/ys_problem_web
2026-10-05T10:55:10.3278550Z  * [new ref]         5744d949aea96693ee79e910d1afb9a68a7f947c -> origin/main
2026-10-05T10:55:10.3281441Z ##[endgroup]
2026-10-05T10:55:10.3282414Z ##[group]Determining the checkout info
2026-10-05T10:55:10.3283923Z ##[endgroup]
2026-10-05T10:55:10.3289181Z [command]/usr/bin/git sparse-checkout disable
2026-10-05T10:55:10.3331498Z [command]/usr/bin/git config --local --unset-all extensions.worktreeConfig
2026-10-05T10:55:10.3357276Z ##[group]Checking out the ref
2026-10-05T10:55:10.3360501Z [command]/usr/bin/git checkout --progress --force -B main refs/remotes/origin/main
2026-10-05T10:55:10.3440187Z Switched to a new branch 'main'
2026-10-05T10:55:10.3445076Z branch 'main' set up to track 'origin/main'.
2026-10-05T10:55:10.3448335Z ##[endgroup]
2026-10-05T10:55:10.3479241Z [command]/usr/bin/git log -1 --format=%H
2026-10-05T10:55:10.3497954Z 5744d949aea96693ee79e910d1afb9a68a7f947c
2026-10-05T10:55:10.3687139Z ##[group]Run node scripts/restore-data.mjs --misc
2026-10-05T10:55:10.3688032Z [36;1mnode scripts/restore-data.mjs --misc[0m
2026-10-05T10:55:10.3835051Z shell: /usr/bin/bash -e {0}
2026-10-05T10:55:10.3835668Z ##[endgroup]
2026-10-05T10:55:11.4566844Z misc: restored data/leaderboard.json, data/.upstream-sha, data/.leaderboard-sha, data/.history-backfill-failed.json, public/ci-logs from data/misc-2026-10-05
2026-10-05T10:55:11.4647539Z ##[group]Run CHANGED=false
2026-10-05T10:55:11.4648143Z [36;1mCHANGED=false[0m
2026-10-05T10:55:11.4648544Z [36;1mLB_CHANGED=false[0m
2026-10-05T10:55:11.4649264Z [36;1mif UPSTREAM_SHA=$(git ls-remote https://github.com/Yawn-Sean/Daily_CF_Problems.git HEAD | cut -f1) && [ -n "$UPSTREAM_SHA" ]; then[0m
2026-10-05T10:55:11.4649923Z [36;1m  LAST_SHA=$(cat data/.upstream-sha 2>/dev/null || true)[0m
2026-10-05T10:55:11.4650408Z [36;1m  [ "$UPSTREAM_SHA" != "$LAST_SHA" ] && CHANGED=true[0m
2026-10-05T10:55:11.4650771Z [36;1melse[0m
2026-10-05T10:55:11.4651216Z [36;1m  # check itself failed — fall through to a full run (safe fallback)[0m
2026-10-05T10:55:11.4651634Z [36;1m  CHANGED=true[0m
2026-10-05T10:55:11.4651984Z [36;1mfi[0m
2026-10-05T10:55:11.4652398Z [36;1m# empty output = gh-pages missing → nothing to sync; a failure here[0m
2026-10-05T10:55:11.4652915Z [36;1m# is covered by the main-branch fallback above (same network)[0m
2026-10-05T10:55:11.4653654Z [36;1mLB_SHA=$(git ls-remote https://github.com/Yawn-Sean/Daily_CF_Problems.git gh-pages | cut -f1 || true)[0m
2026-10-05T10:55:11.4654555Z [36;1mif [ -n "$LB_SHA" ]; then[0m
2026-10-05T10:55:11.4655010Z [36;1m  LAST_LB_SHA=$(cat data/.leaderboard-sha 2>/dev/null || true)[0m
2026-10-05T10:55:11.4655458Z [36;1m  [ "$LB_SHA" != "$LAST_LB_SHA" ] && LB_CHANGED=true[0m
2026-10-05T10:55:11.4655871Z [36;1mfi[0m
2026-10-05T10:55:11.4656224Z [36;1mecho "changed=$CHANGED" >> "$GITHUB_OUTPUT"[0m
2026-10-05T10:55:11.4656641Z [36;1mecho "lb_changed=$LB_CHANGED" >> "$GITHUB_OUTPUT"[0m
2026-10-05T10:55:11.4657239Z [36;1mecho "sha=$UPSTREAM_SHA" >> "$GITHUB_OUTPUT"[0m
2026-10-05T10:55:11.4657641Z [36;1mecho "lb_sha=$LB_SHA" >> "$GITHUB_OUTPUT"[0m
2026-10-05T10:55:11.4698317Z shell: /usr/bin/bash -e {0}
2026-10-05T10:55:11.4698797Z ##[endgroup]
2026-10-05T10:55:12.3974318Z ##[group]Run node scripts/restore-data.mjs --statements --daily
2026-10-05T10:55:12.3974808Z [36;1mnode scripts/restore-data.mjs --statements --daily[0m
2026-10-05T10:55:12.4010408Z shell: /usr/bin/bash -e {0}
2026-10-05T10:55:12.4010849Z ##[endgroup]
2026-10-05T10:55:13.7842140Z statements: restored data/statements from data/problems
2026-10-05T10:55:14.7295600Z daily: restored data/daily.json from deploy
2026-10-05T10:55:14.7357789Z ##[group]Run npm ci
2026-10-05T10:55:14.7358108Z [36;1mnpm ci[0m
2026-10-05T10:55:14.7393739Z shell: /usr/bin/bash -e {0}
2026-10-05T10:55:14.7394116Z ##[endgroup]
2026-10-05T10:55:23.1174810Z 
2026-10-05T10:55:23.1175665Z added 66 packages, and audited 67 packages in 8s
2026-10-05T10:55:23.1176388Z 
2026-10-05T10:55:23.1176836Z 14 packages are looking for funding
2026-10-05T10:55:23.1177543Z   run `npm fund` for details
2026-10-05T10:55:23.1454846Z 
2026-10-05T10:55:23.1455637Z 2 vulnerabilities (1 moderate, 1 high)
2026-10-05T10:55:23.1456125Z 
2026-10-05T10:55:23.1456378Z To address all issues (including breaking changes), run:
2026-10-05T10:55:23.1456808Z   npm audit fix --force
2026-10-05T10:55:23.1457242Z 
2026-10-05T10:55:23.1457416Z Run `npm audit` for details.
2026-10-05T10:55:23.1758042Z ##[group]Run npx playwright install --with-deps chromium
2026-10-05T10:55:23.1758579Z [36;1mnpx playwright install --with-deps chromium[0m
2026-10-05T10:55:23.1797764Z shell: /usr/bin/bash -e {0}
2026-10-05T10:55:23.1798141Z ##[endgroup]
2026-10-05T10:55:23.8183728Z Installing dependencies...
2026-10-05T10:55:23.8235916Z Switching to root user to install dependencies...
2026-10-05T10:55:23.8897865Z Get:1 file:/etc/apt/apt-mirrors.txt Mirrorlist [144 B]
2026-10-05T10:55:23.9341136Z Hit:2 http://azure.archive.ubuntu.com/ubuntu noble InRelease
2026-10-05T10:55:23.9368380Z Get:6 https://packages.microsoft.com/ubuntu/24.04/prod noble InRelease [3600 B]
2026-10-05T10:55:23.9428107Z Get:3 http://azure.archive.ubuntu.com/ubuntu noble-updates InRelease [126 kB]
2026-10-05T10:55:23.9489628Z Get:4 http://azure.archive.ubuntu.com/ubuntu noble-backports InRelease [126 kB]
2026-10-05T10:55:23.9548120Z Get:5 http://azure.archive.ubuntu.com/ubuntu noble-security InRelease [126 kB]
2026-10-05T10:55:24.0409866Z Get:7 https://packages.microsoft.com/ubuntu/24.04/prod noble/main amd64 Packages [511 kB]
2026-10-05T10:55:24.0528178Z Get:8 https://packages.microsoft.com/ubuntu/24.04/prod noble/main armhf Packages [12.6 kB]
2026-10-05T10:55:24.0568635Z Get:9 https://packages.microsoft.com/ubuntu/24.04/prod noble/main arm64 Packages [458 kB]
2026-10-05T10:55:24.0788234Z Get:10 http://azure.archive.ubuntu.com/ubuntu noble-updates/main amd64 Packages [1364 kB]
2026-10-05T10:55:24.0830359Z Get:11 http://azure.archive.ubuntu.com/ubuntu noble-updates/main Translation-en [304 kB]
2026-10-05T10:55:24.0858417Z Get:12 http://azure.archive.ubuntu.com/ubuntu noble-updates/main amd64 Components [181 kB]
2026-10-05T10:55:24.0894124Z Get:13 http://azure.archive.ubuntu.com/ubuntu noble-updates/universe amd64 Packages [1699 kB]
2026-10-05T10:55:24.0931438Z Get:14 http://azure.archive.ubuntu.com/ubuntu noble-updates/universe Translation-en [341 kB]
2026-10-05T10:55:24.0950897Z Get:15 http://azure.archive.ubuntu.com/ubuntu noble-updates/universe amd64 Components [388 kB]
2026-10-05T10:55:24.0999002Z Get:16 http://azure.archive.ubuntu.com/ubuntu noble-updates/restricted amd64 Packages [1720 kB]
2026-10-05T10:55:24.1119558Z Get:17 http://azure.archive.ubuntu.com/ubuntu noble-updates/restricted Translation-en [394 kB]
2026-10-05T10:55:24.1160788Z Get:18 http://azure.archive.ubuntu.com/ubuntu noble-updates/multiverse amd64 Components [940 B]
2026-10-05T10:55:24.1257821Z Get:19 http://azure.archive.ubuntu.com/ubuntu noble-backports/main amd64 Components [5776 B]
2026-10-05T10:55:24.1675397Z Get:20 http://azure.archive.ubuntu.com/ubuntu noble-backports/universe amd64 Components [12.6 kB]
2026-10-05T10:55:24.1683597Z Get:21 http://azure.archive.ubuntu.com/ubuntu noble-security/main amd64 Packages [1069 kB]
2026-10-05T10:55:24.1722916Z Get:22 http://azure.archive.ubuntu.com/ubuntu noble-security/main Translation-en [221 kB]
2026-10-05T10:55:24.1735628Z Get:23 http://azure.archive.ubuntu.com/ubuntu noble-security/main amd64 Components [46.4 kB]
2026-10-05T10:55:24.1742797Z Get:24 http://azure.archive.ubuntu.com/ubuntu noble-security/universe amd64 Packages [1216 kB]
2026-10-05T10:55:24.1788215Z Get:25 http://azure.archive.ubuntu.com/ubuntu noble-security/universe Translation-en [244 kB]
2026-10-05T10:55:24.1801499Z Get:26 http://azure.archive.ubuntu.com/ubuntu noble-security/universe amd64 Components [76.4 kB]
2026-10-05T10:55:24.1810364Z Get:27 http://azure.archive.ubuntu.com/ubuntu noble-security/restricted amd64 Packages [1566 kB]
2026-10-05T10:55:24.1874176Z Get:28 http://azure.archive.ubuntu.com/ubuntu noble-security/restricted Translation-en [361 kB]
2026-10-05T10:55:31.2699457Z Fetched 12.6 MB in 1s (9992 kB/s)
2026-10-05T10:55:32.0024741Z Reading package lists...
2026-10-05T10:55:32.0265750Z Reading package lists...
2026-10-05T10:55:32.1739051Z Building dependency tree...
2026-10-05T10:55:32.1741758Z Reading state information...
2026-10-05T10:55:32.3182919Z libasound2t64 is already the newest version (1.2.11-1ubuntu0.3).
2026-10-05T10:55:32.3185111Z libasound2t64 set to manually installed.
2026-10-05T10:55:32.3185938Z libatk-bridge2.0-0t64 is already the newest version (2.52.0-1build1).
2026-10-05T10:55:32.3186827Z libatk-bridge2.0-0t64 set to manually installed.
2026-10-05T10:55:32.3187665Z libatk1.0-0t64 is already the newest version (2.52.0-1build1).
2026-10-05T10:55:32.3188420Z libatk1.0-0t64 set to manually installed.
2026-10-05T10:55:32.3189130Z libatspi2.0-0t64 is already the newest version (2.52.0-1build1).
2026-10-05T10:55:32.3190027Z libatspi2.0-0t64 set to manually installed.
2026-10-05T10:55:32.3190763Z libcairo2 is already the newest version (1.18.0-3build1).
2026-10-05T10:55:32.3191535Z libcairo2 set to manually installed.
2026-10-05T10:55:32.3192335Z libcups2t64 is already the newest version (2.4.7-1.2ubuntu7.14).
2026-10-05T10:55:32.3193108Z libcups2t64 set to manually installed.
2026-10-05T10:55:32.3193861Z libdbus-1-3 is already the newest version (1.14.10-4ubuntu4.1).
2026-10-05T10:55:32.3194582Z libdbus-1-3 set to manually installed.
2026-10-05T10:55:32.3195456Z libdrm2 is already the newest version (2.4.125-1ubuntu0.1~24.04.2).
2026-10-05T10:55:32.3196004Z libdrm2 set to manually installed.
2026-10-05T10:55:32.3196499Z libglib2.0-0t64 is already the newest version (2.80.0-6ubuntu3.9).
2026-10-05T10:55:32.3197094Z libglib2.0-0t64 set to manually installed.
2026-10-05T10:55:32.3197518Z libnspr4 is already the newest version (2:4.35-1.1build1).
2026-10-05T10:55:32.3197872Z libnspr4 set to manually installed.
2026-10-05T10:55:32.3198254Z libnss3 is already the newest version (2:3.98-1ubuntu0.2).
2026-10-05T10:55:32.3198667Z libnss3 set to manually installed.
2026-10-05T10:55:32.3199159Z libpango-1.0-0 is already the newest version (1.52.1+ds-1build1).
2026-10-05T10:55:32.3199541Z libpango-1.0-0 set to manually installed.
2026-10-05T10:55:32.3199883Z libx11-6 is already the newest version (2:1.8.7-1build1).
2026-10-05T10:55:32.3200264Z libx11-6 set to manually installed.
2026-10-05T10:55:32.3200663Z libxcb1 is already the newest version (1.15-1ubuntu2).
2026-10-05T10:55:32.3201038Z libxcb1 set to manually installed.
2026-10-05T10:55:32.3201492Z libxcomposite1 is already the newest version (1:0.4.5-1build3).
2026-10-05T10:55:32.3201865Z libxcomposite1 set to manually installed.
2026-10-05T10:55:32.3202291Z libxdamage1 is already the newest version (1:1.1.6-1build1).
2026-10-05T10:55:32.3202686Z libxdamage1 set to manually installed.
2026-10-05T10:55:32.3203051Z libxext6 is already the newest version (2:1.3.4-1build2).
2026-10-05T10:55:32.3203513Z libxext6 set to manually installed.
2026-10-05T10:55:32.3204026Z libxfixes3 is already the newest version (1:6.0.0-2build1).
2026-10-05T10:55:32.3204580Z libxfixes3 set to manually installed.
2026-10-05T10:55:32.3205057Z libxkbcommon0 is already the newest version (1.6.0-1build1).
2026-10-05T10:55:32.3205566Z libxkbcommon0 set to manually installed.
2026-10-05T10:55:32.3205962Z libxrandr2 is already the newest version (2:1.5.2-2build1).
2026-10-05T10:55:32.3206341Z libxrandr2 set to manually installed.
2026-10-05T10:55:32.3206953Z xvfb is already the newest version (2:21.1.12-1ubuntu1.8).
2026-10-05T10:55:32.3207664Z fonts-noto-color-emoji is already the newest version (2.047-0ubuntu0.24.04.1).
2026-10-05T10:55:32.3208314Z libfontconfig1 is already the newest version (2.15.0-1.1ubuntu2).
2026-10-05T10:55:32.3208705Z libfontconfig1 set to manually installed.
2026-10-05T10:55:32.3209099Z libfreetype6 is already the newest version (2.13.2+dfsg-1ubuntu0.1).
2026-10-05T10:55:32.3209560Z libfreetype6 set to manually installed.
2026-10-05T10:55:32.3209900Z fonts-liberation is already the newest version (1:2.1.5-3).
2026-10-05T10:55:32.3210984Z fonts-liberation set to manually installed.
2026-10-05T10:55:32.3211667Z The following additional packages will be installed:
2026-10-05T10:55:32.3212576Z   libgl1-mesa-dri libglx-mesa0 mesa-libgallium xfonts-encodings xfonts-utils
2026-10-05T10:55:32.3213341Z Recommended packages:
2026-10-05T10:55:32.3213814Z   fonts-ipafont-mincho fonts-tlwg-loma
2026-10-05T10:55:32.3352584Z The following NEW packages will be installed:
2026-10-05T10:55:32.3353403Z   fonts-freefont-ttf fonts-ipafont-gothic fonts-tlwg-loma-otf fonts-unifont
2026-10-05T10:55:32.3359599Z   fonts-wqy-zenhei xfonts-cyrillic xfonts-encodings xfonts-scalable
2026-10-05T10:55:32.3360270Z   xfonts-utils
2026-10-05T10:55:32.3364184Z The following packages will be upgraded:
2026-10-05T10:55:32.3369302Z   libgbm1 libgl1-mesa-dri libglx-mesa0 mesa-libgallium
2026-10-05T10:55:32.3503120Z 4 upgraded, 9 newly installed, 0 to remove and 21 not upgraded.
2026-10-05T10:55:32.3503978Z Need to get 32.1 MB of archives.
2026-10-05T10:55:32.3504601Z After this operation, 79.5 MB of additional disk space will be used.
2026-10-05T10:55:32.3505291Z Get:1 file:/etc/apt/apt-mirrors.txt Mirrorlist [144 B]
2026-10-05T10:55:32.4188265Z Get:2 http://azure.archive.ubuntu.com/ubuntu noble/universe amd64 fonts-ipafont-gothic all 00303-21ubuntu1 [3513 kB]
2026-10-05T10:55:32.4932667Z Get:3 http://azure.archive.ubuntu.com/ubuntu noble/main amd64 fonts-freefont-ttf all 20211204+svn4273-2 [5641 kB]
2026-10-05T10:55:32.5882742Z Get:4 http://azure.archive.ubuntu.com/ubuntu noble/universe amd64 fonts-tlwg-loma-otf all 1:0.7.3-1 [107 kB]
2026-10-05T10:55:32.6235006Z Get:5 http://azure.archive.ubuntu.com/ubuntu noble/universe amd64 fonts-unifont all 1:15.1.01-1build1 [2993 kB]
2026-10-05T10:55:32.6896059Z Get:6 http://azure.archive.ubuntu.com/ubuntu noble/universe amd64 fonts-wqy-zenhei all 0.9.45-8 [7472 kB]
2026-10-05T10:55:32.8047383Z Get:7 http://azure.archive.ubuntu.com/ubuntu noble-updates/main amd64 libgl1-mesa-dri amd64 25.2.8-0ubuntu0.24.04.4 [38.0 kB]
2026-10-05T10:55:32.8391780Z Get:8 http://azure.archive.ubuntu.com/ubuntu noble-updates/main amd64 libglx-mesa0 amd64 25.2.8-0ubuntu0.24.04.4 [110 kB]
2026-10-05T10:55:32.8676155Z Get:9 http://azure.archive.ubuntu.com/ubuntu noble-updates/main amd64 libgbm1 amd64 25.2.8-0ubuntu0.24.04.4 [34.2 kB]
2026-10-05T10:55:32.8956448Z Get:10 http://azure.archive.ubuntu.com/ubuntu noble-updates/main amd64 mesa-libgallium amd64 25.2.8-0ubuntu0.24.04.4 [10.8 MB]
2026-10-05T10:55:33.0668768Z Get:11 http://azure.archive.ubuntu.com/ubuntu noble/main amd64 xfonts-encodings all 1:1.0.5-0ubuntu2 [578 kB]
2026-10-05T10:55:33.0981120Z Get:12 http://azure.archive.ubuntu.com/ubuntu noble/main amd64 xfonts-utils amd64 1:7.7+6build3 [94.4 kB]
2026-10-05T10:55:33.1263373Z Get:13 http://azure.archive.ubuntu.com/ubuntu noble/universe amd64 xfonts-cyrillic all 1:1.0.5+nmu1 [384 kB]
2026-10-05T10:55:33.1563596Z Get:14 http://azure.archive.ubuntu.com/ubuntu noble/main amd64 xfonts-scalable all 1:1.0.3-1.3 [304 kB]
2026-10-05T10:55:33.3777272Z Fetched 32.1 MB in 1s (39.3 MB/s)
2026-10-05T10:55:33.3987617Z Selecting previously unselected package fonts-ipafont-gothic.
2026-10-05T10:55:33.4160769Z (Reading database ... 
2026-10-05T10:55:33.4161443Z (Reading database ... 5%
2026-10-05T10:55:33.4161885Z (Reading database ... 10%
2026-10-05T10:55:33.4162205Z (Reading database ... 15%
2026-10-05T10:55:33.4162591Z (Reading database ... 20%
2026-10-05T10:55:33.4163012Z (Reading database ... 25%
2026-10-05T10:55:33.4163339Z (Reading database ... 30%
2026-10-05T10:55:33.4163674Z (Reading database ... 35%
2026-10-05T10:55:33.4163996Z (Reading database ... 40%
2026-10-05T10:55:33.4164362Z (Reading database ... 45%
2026-10-05T10:55:33.4164718Z (Reading database ... 50%
2026-10-05T10:55:33.4194493Z (Reading database ... 55%
2026-10-05T10:55:33.5783327Z (Reading database ... 60%
2026-10-05T10:55:33.7684373Z (Reading database ... 65%
2026-10-05T10:55:33.9743573Z (Reading database ... 70%
2026-10-05T10:55:34.1225166Z (Reading database ... 75%
2026-10-05T10:55:34.3203558Z (Reading database ... 80%
2026-10-05T10:55:34.5286582Z (Reading database ... 85%
2026-10-05T10:55:34.7201551Z (Reading database ... 90%
2026-10-05T10:55:34.8459129Z (Reading database ... 95%
2026-10-05T10:55:34.8459608Z (Reading database ... 100%
2026-10-05T10:55:34.8459989Z (Reading database ... 202296 files and directories currently installed.)
2026-10-05T10:55:34.8497872Z Preparing to unpack .../00-fonts-ipafont-gothic_00303-21ubuntu1_all.deb ...
2026-10-05T10:55:34.8665961Z Unpacking fonts-ipafont-gothic (00303-21ubuntu1) ...
2026-10-05T10:55:35.1283352Z Selecting previously unselected package fonts-freefont-ttf.
2026-10-05T10:55:35.1391767Z Preparing to unpack .../01-fonts-freefont-ttf_20211204+svn4273-2_all.deb ...
2026-10-05T10:55:35.1401747Z Unpacking fonts-freefont-ttf (20211204+svn4273-2) ...
2026-10-05T10:55:35.2331957Z Selecting previously unselected package fonts-tlwg-loma-otf.
2026-10-05T10:55:35.2442267Z Preparing to unpack .../02-fonts-tlwg-loma-otf_1%3a0.7.3-1_all.deb ...
2026-10-05T10:55:35.2451417Z Unpacking fonts-tlwg-loma-otf (1:0.7.3-1) ...
2026-10-05T10:55:35.2620601Z Selecting previously unselected package fonts-unifont.
2026-10-05T10:55:35.2730192Z Preparing to unpack .../03-fonts-unifont_1%3a15.1.01-1build1_all.deb ...
2026-10-05T10:55:35.2786142Z Unpacking fonts-unifont (1:15.1.01-1build1) ...
2026-10-05T10:55:35.4715561Z Selecting previously unselected package fonts-wqy-zenhei.
2026-10-05T10:55:35.4823064Z Preparing to unpack .../04-fonts-wqy-zenhei_0.9.45-8_all.deb ...
2026-10-05T10:55:35.4905183Z Unpacking fonts-wqy-zenhei (0.9.45-8) ...
2026-10-05T10:55:36.0112140Z Preparing to unpack .../05-libgl1-mesa-dri_25.2.8-0ubuntu0.24.04.4_amd64.deb ...
2026-10-05T10:55:36.0222092Z Unpacking libgl1-mesa-dri:amd64 (25.2.8-0ubuntu0.24.04.4) over (25.2.8-0ubuntu0.24.04.2) ...
2026-10-05T10:55:36.0674654Z Preparing to unpack .../06-libglx-mesa0_25.2.8-0ubuntu0.24.04.4_amd64.deb ...
2026-10-05T10:55:36.0705469Z Unpacking libglx-mesa0:amd64 (25.2.8-0ubuntu0.24.04.4) over (25.2.8-0ubuntu0.24.04.2) ...
2026-10-05T10:55:36.1061257Z Preparing to unpack .../07-libgbm1_25.2.8-0ubuntu0.24.04.4_amd64.deb ...
2026-10-05T10:55:36.1138072Z Unpacking libgbm1:amd64 (25.2.8-0ubuntu0.24.04.4) over (25.2.8-0ubuntu0.24.04.2) ...
2026-10-05T10:55:36.1431864Z Preparing to unpack .../08-mesa-libgallium_25.2.8-0ubuntu0.24.04.4_amd64.deb ...
2026-10-05T10:55:36.1454188Z Unpacking mesa-libgallium:amd64 (25.2.8-0ubuntu0.24.04.4) over (25.2.8-0ubuntu0.24.04.2) ...
2026-10-05T10:55:36.4967744Z Selecting previously unselected package xfonts-encodings.
2026-10-05T10:55:36.5077154Z Preparing to unpack .../09-xfonts-encodings_1%3a1.0.5-0ubuntu2_all.deb ...
2026-10-05T10:55:36.5085755Z Unpacking xfonts-encodings (1:1.0.5-0ubuntu2) ...
2026-10-05T10:55:36.5388751Z Selecting previously unselected package xfonts-utils.
2026-10-05T10:55:36.5496042Z Preparing to unpack .../10-xfonts-utils_1%3a7.7+6build3_amd64.deb ...
2026-10-05T10:55:36.5502261Z Unpacking xfonts-utils (1:7.7+6build3) ...
2026-10-05T10:55:36.5966730Z Selecting previously unselected package xfonts-cyrillic.
2026-10-05T10:55:36.6100211Z Preparing to unpack .../11-xfonts-cyrillic_1%3a1.0.5+nmu1_all.deb ...
2026-10-05T10:55:36.6106748Z Unpacking xfonts-cyrillic (1:1.0.5+nmu1) ...
2026-10-05T10:55:36.6415771Z Selecting previously unselected package xfonts-scalable.
2026-10-05T10:55:36.6523799Z Preparing to unpack .../12-xfonts-scalable_1%3a1.0.3-1.3_all.deb ...
2026-10-05T10:55:36.6533000Z Unpacking xfonts-scalable (1:1.0.3-1.3) ...
2026-10-05T10:55:36.6966305Z Setting up mesa-libgallium:amd64 (25.2.8-0ubuntu0.24.04.4) ...
2026-10-05T10:55:36.6989197Z Setting up libgbm1:amd64 (25.2.8-0ubuntu0.24.04.4) ...
2026-10-05T10:55:36.7006114Z Setting up libgl1-mesa-dri:amd64 (25.2.8-0ubuntu0.24.04.4) ...
2026-10-05T10:55:36.7063733Z Setting up fonts-wqy-zenhei (0.9.45-8) ...
2026-10-05T10:55:36.7155117Z Setting up fonts-freefont-ttf (20211204+svn4273-2) ...
2026-10-05T10:55:36.7173821Z Setting up fonts-tlwg-loma-otf (1:0.7.3-1) ...
2026-10-05T10:55:36.7192465Z Setting up xfonts-encodings (1:1.0.5-0ubuntu2) ...
2026-10-05T10:55:36.7209270Z Setting up fonts-ipafont-gothic (00303-21ubuntu1) ...
2026-10-05T10:55:36.7258556Z update-alternatives: using /usr/share/fonts/opentype/ipafont-gothic/ipag.ttf to provide /usr/share/fonts/truetype/fonts-japanese-gothic.ttf (fonts-japanese-gothic.ttf) in auto mode
2026-10-05T10:55:36.7273169Z Setting up fonts-unifont (1:15.1.01-1build1) ...
2026-10-05T10:55:36.7290964Z Setting up libglx-mesa0:amd64 (25.2.8-0ubuntu0.24.04.4) ...
2026-10-05T10:55:36.7307739Z Setting up xfonts-utils (1:7.7+6build3) ...
2026-10-05T10:55:36.7344760Z Setting up xfonts-cyrillic (1:1.0.5+nmu1) ...
2026-10-05T10:55:36.7574288Z Setting up xfonts-scalable (1:1.0.3-1.3) ...
2026-10-05T10:55:36.7778255Z Processing triggers for libc-bin (2.39-0ubuntu8.9) ...
2026-10-05T10:55:36.9418876Z Processing triggers for man-db (2.12.0-4build2) ...
2026-10-05T10:55:36.9437215Z Not building database; man-db/auto-update is not 'true'.
2026-10-05T10:55:36.9449041Z Processing triggers for fontconfig (2.15.0-1.1ubuntu2) ...
2026-10-05T10:55:37.4860175Z 
2026-10-05T10:55:37.4861430Z Running kernel seems to be up-to-date.
2026-10-05T10:55:37.4861784Z 
2026-10-05T10:55:37.4861964Z No services need to be restarted.
2026-10-05T10:55:37.4862200Z 
2026-10-05T10:55:37.4862484Z No containers need to be restarted.
2026-10-05T10:55:37.4862764Z 
2026-10-05T10:55:37.4863074Z No user sessions are running outdated binaries.
2026-10-05T10:55:37.4863659Z 
2026-10-05T10:55:37.4863912Z No VM guests are running outdated hypervisor (qemu) binaries on this host.
2026-10-05T10:55:38.2436666Z Downloading Chrome for Testing 153.0.8010.12 (playwright chromium v1243) from https://cdn.playwright.dev/builds/cft/153.0.8010.12/linux64/chrome-linux64.zip
2026-10-05T10:55:38.6530152Z |                                                                                |   0% of 186.8 MiB
2026-10-05T10:55:38.9804600Z |■■■■■■■■                                                                        |  10% of 186.8 MiB
2026-10-05T10:55:39.0387764Z |■■■■■■■■■■■■■■■■                                                                |  20% of 186.8 MiB
2026-10-05T10:55:39.0785796Z |■■■■■■■■■■■■■■■■■■■■■■■■                                                        |  30% of 186.8 MiB
2026-10-05T10:55:39.1196678Z |■■■■■■■■■■■■■■■■■■■■■■■■■■■■■■■■                                                |  40% of 186.8 MiB
2026-10-05T10:55:39.1684850Z |■■■■■■■■■■■■■■■■■■■■■■■■■■■■■■■■■■■■■■■■                                        |  50% of 186.8 MiB
2026-10-05T10:55:39.2139984Z |■■■■■■■■■■■■■■■■■■■■■■■■■■■■■■■■■■■■■■■■■■■■■■■■                                |  60% of 186.8 MiB
2026-10-05T10:55:39.2522787Z |■■■■■■■■■■■■■■■■■■■■■■■■■■■■■■■■■■■■■■■■■■■■■■■■■■■■■■■■                        |  70% of 186.8 MiB
2026-10-05T10:55:39.2858703Z |■■■■■■■■■■■■■■■■■■■■■■■■■■■■■■■■■■■■■■■■■■■■■■■■■■■■■■■■■■■■■■■■                |  80% of 186.8 MiB
2026-10-05T10:55:39.3208463Z |■■■■■■■■■■■■■■■■■■■■■■■■■■■■■■■■■■■■■■■■■■■■■■■■■■■■■■■■■■■■■■■■■■■■■■■■        |  90% of 186.8 MiB
2026-10-05T10:55:39.3601322Z |■■■■■■■■■■■■■■■■■■■■■■■■■■■■■■■■■■■■■■■■■■■■■■■■■■■■■■■■■■■■■■■■■■■■■■■■■■■■■■■■| 100% of 186.8 MiB
2026-10-05T10:55:42.0388439Z Chrome for Testing 153.0.8010.12 (playwright chromium v1243) downloaded to /home/runner/.cache/ms-playwright/chromium-1243
2026-10-05T10:55:42.0394156Z Downloading FFmpeg (playwright ffmpeg v1011) from https://cdn.playwright.dev/dbazure/download/playwright/builds/ffmpeg/1011/ffmpeg-linux.zip
2026-10-05T10:55:42.3840165Z |                                                                                |   0% of 2.3 MiB
2026-10-05T10:55:42.4077760Z |■■■■■■■■                                                                        |  10% of 2.3 MiB
2026-10-05T10:55:42.4202995Z |■■■■■■■■■■■■■■■■                                                                |  20% of 2.3 MiB
2026-10-05T10:55:42.4267174Z |■■■■■■■■■■■■■■■■■■■■■■■■                                                        |  30% of 2.3 MiB
2026-10-05T10:55:42.4347412Z |■■■■■■■■■■■■■■■■■■■■■■■■■■■■■■■■                                                |  40% of 2.3 MiB
2026-10-05T10:55:42.4408047Z |■■■■■■■■■■■■■■■■■■■■■■■■■■■■■■■■■■■■■■■■                                        |  50% of 2.3 MiB
2026-10-05T10:55:42.4433407Z |■■■■■■■■■■■■■■■■■■■■■■■■■■■■■■■■■■■■■■■■■■■■■■■■                                |  60% of 2.3 MiB
2026-10-05T10:55:42.4490556Z |■■■■■■■■■■■■■■■■■■■■■■■■■■■■■■■■■■■■■■■■■■■■■■■■■■■■■■■■                        |  70% of 2.3 MiB
2026-10-05T10:55:42.4511982Z |■■■■■■■■■■■■■■■■■■■■■■■■■■■■■■■■■■■■■■■■■■■■■■■■■■■■■■■■■■■■■■■■                |  80% of 2.3 MiB
2026-10-05T10:55:42.4570960Z |■■■■■■■■■■■■■■■■■■■■■■■■■■■■■■■■■■■■■■■■■■■■■■■■■■■■■■■■■■■■■■■■■■■■■■■■        |  90% of 2.3 MiB
2026-10-05T10:55:42.4579588Z |■■■■■■■■■■■■■■■■■■■■■■■■■■■■■■■■■■■■■■■■■■■■■■■■■■■■■■■■■■■■■■■■■■■■■■■■■■■■■■■■| 100% of 2.3 MiB
2026-10-05T10:55:42.5063815Z FFmpeg (playwright ffmpeg v1011) downloaded to /home/runner/.cache/ms-playwright/ffmpeg-1011
2026-10-05T10:55:42.5066689Z Downloading Chrome Headless Shell 153.0.8010.12 (playwright chromium-headless-shell v1243) from https://cdn.playwright.dev/builds/cft/153.0.8010.12/linux64/chrome-headless-shell-linux64.zip
2026-10-05T10:55:42.8892866Z |                                                                                |   0% of 114.3 MiB
2026-10-05T10:55:43.1854492Z |■■■■■■■■                                                                        |  10% of 114.3 MiB
2026-10-05T10:55:43.2343417Z |■■■■■■■■■■■■■■■■                                                                |  20% of 114.3 MiB
2026-10-05T10:55:43.2670584Z |■■■■■■■■■■■■■■■■■■■■■■■■                                                        |  30% of 114.3 MiB
2026-10-05T10:55:43.2981237Z |■■■■■■■■■■■■■■■■■■■■■■■■■■■■■■■■                                                |  40% of 114.3 MiB
2026-10-05T10:55:43.3247090Z |■■■■■■■■■■■■■■■■■■■■■■■■■■■■■■■■■■■■■■■■                                        |  50% of 114.3 MiB
2026-10-05T10:55:43.3498538Z |■■■■■■■■■■■■■■■■■■■■■■■■■■■■■■■■■■■■■■■■■■■■■■■■                                |  60% of 114.3 MiB
2026-10-05T10:55:43.3736641Z |■■■■■■■■■■■■■■■■■■■■■■■■■■■■■■■■■■■■■■■■■■■■■■■■■■■■■■■■                        |  70% of 114.3 MiB
2026-10-05T10:55:43.3959672Z |■■■■■■■■■■■■■■■■■■■■■■■■■■■■■■■■■■■■■■■■■■■■■■■■■■■■■■■■■■■■■■■■                |  80% of 114.3 MiB
2026-10-05T10:55:43.4233013Z |■■■■■■■■■■■■■■■■■■■■■■■■■■■■■■■■■■■■■■■■■■■■■■■■■■■■■■■■■■■■■■■■■■■■■■■■        |  90% of 114.3 MiB
2026-10-05T10:55:43.4494310Z |■■■■■■■■■■■■■■■■■■■■■■■■■■■■■■■■■■■■■■■■■■■■■■■■■■■■■■■■■■■■■■■■■■■■■■■■■■■■■■■■| 100% of 114.3 MiB
2026-10-05T10:55:45.3536110Z Chrome Headless Shell 153.0.8010.12 (playwright chromium-headless-shell v1243) downloaded to /home/runner/.cache/ms-playwright/chromium_headless_shell-1243
2026-10-05T10:55:45.3719455Z ##[group]Run CF_STATEMENTS=0 TRANSLATE=0 node scripts/update-data.mjs
2026-10-05T10:55:45.3720003Z [36;1mCF_STATEMENTS=0 TRANSLATE=0 node scripts/update-data.mjs[0m
2026-10-05T10:55:45.3757178Z shell: /usr/bin/bash -e {0}
2026-10-05T10:55:45.3757516Z env:
2026-10-05T10:55:45.3759970Z   GITHUB_TOKEN: ***
2026-10-05T10:55:45.3760337Z ##[endgroup]
2026-10-05T10:55:45.4889017Z Discovering daily problem folders...
2026-10-05T10:55:46.5793217Z Found 814 days, syncing the most recent 814.
2026-10-05T10:55:47.1378314Z   2026-10-05: 2 problems
2026-10-05T10:55:47.5528748Z   2026-10-03: 2 problems
2026-10-05T10:55:47.8378225Z   2026-10-02: 2 problems
2026-10-05T10:55:48.1430947Z   2026-10-01: 2 problems
2026-10-05T10:55:48.4313084Z   2026-09-30: 2 problems
2026-10-05T10:55:48.8151538Z   2026-09-29: 2 problems
2026-10-05T10:55:49.0853364Z   2026-09-28: 2 problems
2026-10-05T10:55:49.4156356Z   2026-09-26: 2 problems
2026-10-05T10:55:49.8100754Z   2026-09-25: 2 problems
2026-10-05T10:55:50.2292916Z   2026-09-24: 2 problems
2026-10-05T10:55:50.4955688Z   2026-09-23: 2 problems
2026-10-05T10:55:50.9900673Z   2026-09-22: 2 problems
2026-10-05T10:55:51.3856003Z   2026-09-21: 2 problems
2026-10-05T10:55:51.7913436Z   2026-09-19: 2 problems
2026-10-05T10:55:52.0734061Z   2026-09-18: 2 problems
2026-10-05T10:55:52.3977030Z   2026-09-17: 2 problems
2026-10-05T10:55:52.6916219Z   2026-09-16: 2 problems
2026-10-05T10:55:53.1366179Z   2026-09-15: 2 problems
2026-10-05T10:55:53.4259484Z   2026-09-14: 2 problems
2026-10-05T10:55:53.7933696Z   2026-09-12: 2 problems
2026-10-05T10:55:54.0860848Z   2026-09-11: 2 problems
2026-10-05T10:55:54.4545124Z   2026-09-10: 2 problems
2026-10-05T10:55:54.7257942Z   2026-09-09: 2 problems
2026-10-05T10:55:55.1507546Z   2026-09-08: 2 problems
2026-10-05T10:55:55.6470028Z   2026-09-07: 2 problems
2026-10-05T10:55:55.9100502Z   2026-09-05: 2 problems
2026-10-05T10:55:56.1785557Z   2026-09-04: 2 problems
2026-10-05T10:55:56.4641350Z   2026-09-03: 2 problems
2026-10-05T10:55:56.7372244Z   2026-09-02: 2 problems
2026-10-05T10:55:57.0146070Z   2026-09-01: 2 problems
2026-10-05T10:55:57.3296196Z   2026-08-31: 2 problems
2026-10-05T10:55:57.6397805Z   2026-08-29: 2 problems
2026-10-05T10:55:57.9131135Z   2026-08-28: 2 problems
2026-10-05T10:55:58.3041751Z   2026-08-27: 2 problems
2026-10-05T10:55:58.5705616Z   2026-08-26: 2 problems
2026-10-05T10:55:58.9692320Z   2026-08-25: 2 problems
2026-10-05T10:55:59.2357895Z   2026-08-24: 2 problems
2026-10-05T10:55:59.7292278Z   2026-08-22: 2 problems
2026-10-05T10:56:00.0041745Z   2026-08-21: 2 problems
2026-10-05T10:56:00.3145063Z   2026-08-20: 2 problems
2026-10-05T10:56:00.5739250Z   2026-08-19: 2 problems
2026-10-05T10:56:00.8368385Z   2026-08-18: 2 problems
2026-10-05T10:56:01.0787441Z   2026-08-17: 2 problems
2026-10-05T10:56:01.3529156Z   2026-08-15: 2 problems
2026-10-05T10:56:01.6314646Z   2026-08-14: 2 problems
2026-10-05T10:56:01.9009828Z   2026-08-13: 2 problems
2026-10-05T10:56:02.1472421Z   2026-08-12: 2 problems
2026-10-05T10:56:02.4388403Z   2026-08-11: 2 problems
2026-10-05T10:56:02.6954356Z   2026-08-10: 2 problems
2026-10-05T10:56:02.9674827Z   2026-08-08: 2 problems
2026-10-05T10:56:03.3801613Z   2026-08-07: 2 problems
2026-10-05T10:56:03.6488333Z   2026-08-06: 2 problems
2026-10-05T10:56:03.9433630Z   2026-08-05: 2 problems
2026-10-05T10:56:04.2062003Z   2026-08-04: 2 problems
2026-10-05T10:56:04.4541332Z   2026-08-03: 2 problems
2026-10-05T10:56:04.7298302Z   2026-08-01: 2 problems
2026-10-05T10:56:04.9047909Z   2026-07-31: 2 problems
2026-10-05T10:56:05.1906574Z   2026-07-30: 2 problems
2026-10-05T10:56:05.4587860Z   2026-07-29: 2 problems
2026-10-05T10:56:05.7263427Z   2026-07-28: 2 problems
2026-10-05T10:56:06.0189022Z   2026-07-27: 2 problems
2026-10-05T10:56:06.3144952Z   2026-07-25: 2 problems
2026-10-05T10:56:06.5810960Z   2026-07-24: 2 problems
2026-10-05T10:56:06.8418076Z   2026-07-23: 2 problems
2026-10-05T10:56:07.1129026Z   2026-07-22: 2 problems
2026-10-05T10:56:07.4032142Z   2026-07-21: 2 problems
2026-10-05T10:56:07.6827357Z   2026-07-16: 2 problems
2026-10-05T10:56:07.9622955Z   2026-07-15: 2 problems
2026-10-05T10:56:08.1975268Z   2026-07-14: 2 problems
2026-10-05T10:56:08.4860895Z   2026-07-13: 2 problems
2026-10-05T10:56:08.7437341Z   2026-07-11: 2 problems
2026-10-05T10:56:09.0305345Z   2026-07-10: 2 problems
2026-10-05T10:56:09.2818325Z   2026-07-09: 2 problems
2026-10-05T10:56:09.5548503Z   2026-07-08: 2 problems
2026-10-05T10:56:09.8512414Z   2026-07-07: 2 problems
2026-10-05T10:56:10.1180608Z   2026-07-06: 2 problems
2026-10-05T10:56:10.4821677Z   2026-07-04: 2 problems
2026-10-05T10:56:10.7287647Z   2026-07-03: 2 problems
2026-10-05T10:56:11.0161473Z   2026-07-02: 2 problems
2026-10-05T10:56:11.2907580Z   2026-07-01: 2 problems
2026-10-05T10:56:11.5903306Z   2026-06-30: 2 problems
2026-10-05T10:56:11.8360872Z   2026-06-29: 2 problems
2026-10-05T10:56:12.1131731Z   2026-06-27: 2 problems
2026-10-05T10:56:12.3988055Z   2026-06-26: 2 problems
2026-10-05T10:56:12.6598639Z   2026-06-25: 2 problems
2026-10-05T10:56:12.9058670Z   2026-06-24: 2 problems
2026-10-05T10:56:13.2257747Z   2026-06-23: 2 problems
2026-10-05T10:56:13.4894811Z   2026-06-22: 2 problems
2026-10-05T10:56:13.7836416Z   2026-06-20: 1 problems
2026-10-05T10:56:14.0569286Z   2026-06-19: 2 problems
2026-10-05T10:56:14.4881962Z   2026-06-18: 2 problems
2026-10-05T10:56:14.8644533Z   2026-06-17: 2 problems
2026-10-05T10:56:15.1434544Z   2026-06-16: 2 problems
2026-10-05T10:56:15.3926501Z   2026-06-15: 2 problems
2026-10-05T10:56:15.6449080Z   2026-06-13: 2 problems
2026-10-05T10:56:15.9226718Z   2026-06-12: 2 problems
2026-10-05T10:56:16.2013629Z   2026-06-11: 2 problems
2026-10-05T10:56:16.4628020Z   2026-06-10: 2 problems
2026-10-05T10:56:16.7123352Z   2026-06-09: 2 problems
2026-10-05T10:56:16.9831475Z   2026-06-08: 2 problems
2026-10-05T10:56:17.2498437Z   2026-06-06: 2 problems
2026-10-05T10:56:17.5460547Z   2026-06-05: 2 problems
2026-10-05T10:56:17.9069505Z   2026-06-04: 2 problems
2026-10-05T10:56:18.0009611Z   2026-06-03: 2 problems
2026-10-05T10:56:18.2912014Z   2026-06-02: 2 problems
2026-10-05T10:56:18.5418846Z   2026-06-01: 2 problems
2026-10-05T10:56:18.8025501Z   2026-05-30: 2 problems
2026-10-05T10:56:19.0703901Z   2026-05-29: 2 problems
2026-10-05T10:56:19.3687678Z   2026-05-28: 2 problems
2026-10-05T10:56:19.6360187Z   2026-05-27: 2 problems
2026-10-05T10:56:19.8084587Z   2026-05-26: 2 problems
2026-10-05T10:56:20.0600110Z   2026-05-25: 2 problems
2026-10-05T10:56:20.4093322Z   2026-05-23: 2 problems
2026-10-05T10:56:20.6872148Z   2026-05-22: 2 problems
2026-10-05T10:56:21.0597301Z   2026-05-21: 2 problems
2026-10-05T10:56:21.3132618Z   2026-05-20: 2 problems
2026-10-05T10:56:21.6019608Z   2026-05-19: 2 problems
2026-10-05T10:56:21.8863631Z   2026-05-18: 2 problems
2026-10-05T10:56:22.1442964Z   2026-05-16: 2 problems
2026-10-05T10:56:22.5116187Z   2026-05-15: 2 problems
2026-10-05T10:56:22.8694712Z   2026-05-14: 2 problems
2026-10-05T10:56:23.2512412Z   2026-05-13: 2 problems
2026-10-05T10:56:23.5485002Z   2026-05-12: 2 problems
2026-10-05T10:56:23.8014819Z   2026-05-11: 2 problems
2026-10-05T10:56:24.1351826Z   2026-05-09: 2 problems
2026-10-05T10:56:24.4990977Z   2026-05-08: 2 problems
2026-10-05T10:56:24.7688684Z   2026-05-07: 2 problems
2026-10-05T10:56:25.0253421Z   2026-05-06: 2 problems
2026-10-05T10:56:25.3029266Z   2026-05-05: 2 problems
2026-10-05T10:56:25.5972537Z   2026-05-04: 2 problems
2026-10-05T10:56:25.8760033Z   2026-05-02: 2 problems
2026-10-05T10:56:26.1072436Z   2026-05-01: 2 problems
2026-10-05T10:56:26.3811310Z   2026-04-30: 2 problems
2026-10-05T10:56:26.6386006Z   2026-04-29: 2 problems
2026-10-05T10:56:26.9207830Z   2026-04-28: 2 problems
2026-10-05T10:56:27.2016764Z   2026-04-27: 2 problems
2026-10-05T10:56:27.4394738Z   2026-04-25: 2 problems
2026-10-05T10:56:27.7052502Z   2026-04-24: 2 problems
2026-10-05T10:56:28.0614944Z   2026-04-23: 2 problems
2026-10-05T10:56:28.4437791Z   2026-04-22: 2 problems
2026-10-05T10:56:28.6993036Z   2026-04-21: 2 problems
2026-10-05T10:56:28.9645694Z   2026-04-20: 2 problems
2026-10-05T10:56:29.2487273Z   2026-04-18: 2 problems
2026-10-05T10:56:29.5097661Z   2026-04-17: 2 problems
2026-10-05T10:56:29.9003713Z   2026-04-16: 2 problems
2026-10-05T10:56:30.2696177Z   2026-04-15: 2 problems
2026-10-05T10:56:30.5186412Z   2026-04-14: 2 problems
2026-10-05T10:56:30.8385211Z   2026-04-13: 2 problems
2026-10-05T10:56:31.0971181Z   2026-04-11: 2 problems
2026-10-05T10:56:31.3819475Z   2026-04-10: 2 problems
2026-10-05T10:56:31.6434362Z   2026-04-09: 2 problems
2026-10-05T10:56:31.8026195Z   2026-04-08: 2 problems
2026-10-05T10:56:32.0818460Z   2026-04-07: 2 problems
2026-10-05T10:56:32.3358003Z   2026-04-06: 2 problems
2026-10-05T10:56:32.6163320Z   2026-04-04: 2 problems
2026-10-05T10:56:32.9882294Z   2026-04-03: 2 problems
2026-10-05T10:56:33.2474372Z   2026-04-02: 2 problems
2026-10-05T10:56:33.5235600Z   2026-04-01: 2 problems
2026-10-05T10:56:33.9356731Z   2026-03-31: 2 problems
2026-10-05T10:56:34.2910351Z   2026-03-30: 2 problems
2026-10-05T10:56:34.5566624Z   2026-03-28: 2 problems
2026-10-05T10:56:34.8342748Z   2026-03-27: 2 problems
2026-10-05T10:56:35.1032715Z   2026-03-26: 2 problems
2026-10-05T10:56:35.3563497Z   2026-03-25: 2 problems
2026-10-05T10:56:35.7499492Z   2026-03-24: 2 problems
2026-10-05T10:56:36.0119484Z   2026-03-23: 2 problems
2026-10-05T10:56:36.2667802Z   2026-03-21: 2 problems
2026-10-05T10:56:36.5477631Z   2026-03-20: 2 problems
2026-10-05T10:56:36.8567845Z   2026-03-19: 2 problems
2026-10-05T10:56:37.1234280Z   2026-03-18: 2 problems
2026-10-05T10:56:37.3989374Z   2026-03-17: 2 problems
2026-10-05T10:56:37.6786382Z   2026-03-16: 2 problems
2026-10-05T10:56:37.9444321Z   2026-03-14: 2 problems
2026-10-05T10:56:38.1933789Z   2026-03-13: 2 problems
2026-10-05T10:56:38.4607590Z   2026-03-12: 2 problems
2026-10-05T10:56:38.7236401Z   2026-03-11: 2 problems
2026-10-05T10:56:39.0018218Z   2026-03-10: 2 problems
2026-10-05T10:56:39.2804292Z   2026-03-09: 2 problems
2026-10-05T10:56:39.5329254Z   2026-03-07: 2 problems
2026-10-05T10:56:39.7826065Z   2026-03-06: 2 problems
2026-10-05T10:56:40.0304643Z   2026-03-05: 2 problems
2026-10-05T10:56:40.3181325Z   2026-03-04: 2 problems
2026-10-05T10:56:40.6107381Z   2026-03-03: 2 problems
2026-10-05T10:56:40.8911153Z   2026-03-02: 2 problems
2026-10-05T10:56:41.1426254Z   2026-02-28: 2 problems
2026-10-05T10:56:41.4288687Z   2026-02-27: 2 problems
2026-10-05T10:56:41.6978533Z   2026-02-26: 2 problems
2026-10-05T10:56:41.9531487Z   2026-02-25: 2 problems
2026-10-05T10:56:42.2217940Z   2026-02-24: 2 problems
2026-10-05T10:56:42.5001291Z   2026-02-23: 2 problems
2026-10-05T10:56:42.7869260Z   2026-02-21: 2 problems
2026-10-05T10:56:43.0830339Z   2026-02-20: 2 problems
2026-10-05T10:56:43.3663218Z   2026-02-19: 2 problems
2026-10-05T10:56:43.6094876Z   2026-02-18: 2 problems
2026-10-05T10:56:43.8970904Z   2026-02-17: 2 problems
2026-10-05T10:56:44.1573136Z   2026-02-16: 2 problems
2026-10-05T10:56:44.4173721Z   2026-02-14: 2 problems
2026-10-05T10:56:44.7266061Z   2026-02-13: 2 problems
2026-10-05T10:56:44.9748149Z   2026-02-12: 2 problems
2026-10-05T10:56:45.2203647Z   2026-02-11: 2 problems
2026-10-05T10:56:45.5086229Z   2026-02-10: 2 problems
2026-10-05T10:56:45.7521732Z   2026-02-09: 2 problems
2026-10-05T10:56:46.0212053Z   2026-02-07: 2 problems
2026-10-05T10:56:46.2833954Z   2026-02-06: 2 problems
2026-10-05T10:56:46.5704916Z   2026-02-05: 2 problems
2026-10-05T10:56:46.8721079Z   2026-02-04: 2 problems
2026-10-05T10:56:47.1377327Z   2026-02-03: 2 problems
2026-10-05T10:56:47.3864976Z   2026-02-02: 2 problems
2026-10-05T10:56:47.6705084Z   2026-01-31: 2 problems
2026-10-05T10:56:47.9608350Z   2026-01-30: 2 problems
2026-10-05T10:56:48.2285170Z   2026-01-29: 2 problems
2026-10-05T10:56:48.5122494Z   2026-01-28: 2 problems
2026-10-05T10:56:48.7766414Z   2026-01-27: 2 problems
2026-10-05T10:56:49.0625589Z   2026-01-26: 2 problems
2026-10-05T10:56:49.3383809Z   2026-01-24: 2 problems
2026-10-05T10:56:49.6146034Z   2026-01-23: 2 problems
2026-10-05T10:56:50.1034211Z   2026-01-22: 2 problems
2026-10-05T10:56:50.5393075Z   2026-01-21: 2 problems
2026-10-05T10:56:50.9666841Z   2026-01-20: 2 problems
2026-10-05T10:56:51.4126669Z   2026-01-19: 2 problems
2026-10-05T10:56:51.9108592Z   2026-01-17: 2 problems
2026-10-05T10:56:52.2716226Z   2026-01-16: 2 problems
2026-10-05T10:56:52.6180291Z   2026-01-15: 2 problems
2026-10-05T10:56:52.8975739Z   2026-01-14: 2 problems
2026-10-05T10:56:53.3001638Z   2026-01-13: 2 problems
2026-10-05T10:56:53.6189797Z   2026-01-12: 2 problems
2026-10-05T10:56:53.9375798Z   2026-01-10: 2 problems
2026-10-05T10:56:54.2410187Z   2026-01-09: 2 problems
2026-10-05T10:56:54.5580733Z   2026-01-08: 2 problems
2026-10-05T10:56:54.9364392Z   2026-01-07: 2 problems
2026-10-05T10:56:55.2734128Z   2026-01-06: 2 problems
2026-10-05T10:56:55.5471113Z   2026-01-05: 2 problems
2026-10-05T10:56:55.8630098Z   2026-01-03: 2 problems
2026-10-05T10:56:56.1741109Z   2026-01-02: 2 problems
2026-10-05T10:56:56.4723293Z   2026-01-01: 2 problems
2026-10-05T10:56:56.8071909Z   2025-12-31: 2 problems
2026-10-05T10:56:57.1800815Z   2025-12-30: 2 problems
2026-10-05T10:56:57.4884436Z   2025-12-29: 2 problems
2026-10-05T10:56:57.8361794Z   2025-12-27: 2 problems
2026-10-05T10:56:58.2911028Z   2025-12-26: 2 problems
2026-10-05T10:56:58.5753535Z   2025-12-25: 2 problems
2026-10-05T10:56:58.8716271Z   2025-12-24: 2 problems
2026-10-05T10:56:59.2029811Z   2025-12-23: 2 problems
2026-10-05T10:56:59.4696537Z   2025-12-22: 2 problems
2026-10-05T10:56:59.7414065Z   2025-12-20: 2 problems
2026-10-05T10:57:00.0469367Z   2025-12-19: 2 problems
2026-10-05T10:57:00.4588245Z   2025-12-18: 2 problems
2026-10-05T10:57:00.7260861Z   2025-12-17: 2 problems
2026-10-05T10:57:01.0753783Z   2025-12-16: 2 problems
2026-10-05T10:57:01.3713427Z   2025-12-15: 2 problems
2026-10-05T10:57:01.7505132Z   2025-12-13: 2 problems
2026-10-05T10:57:02.0700295Z   2025-12-12: 2 problems
2026-10-05T10:57:02.3997919Z   2025-12-11: 2 problems
2026-10-05T10:57:02.7585564Z   2025-12-10: 2 problems
2026-10-05T10:57:03.0826448Z   2025-12-09: 2 problems
2026-10-05T10:57:03.2952550Z   2025-12-08: 2 problems
2026-10-05T10:57:03.6433576Z   2025-12-06: 2 problems
2026-10-05T10:57:04.1033907Z   2025-12-05: 2 problems
2026-10-05T10:57:04.4996203Z   2025-12-04: 2 problems
2026-10-05T10:57:04.7961324Z   2025-12-03: 2 problems
2026-10-05T10:57:05.1501548Z   2025-12-02: 2 problems
2026-10-05T10:57:05.4987345Z   2025-12-01: 2 problems
2026-10-05T10:57:05.9045774Z   2025-11-29: 2 problems
2026-10-05T10:57:06.3097844Z   2025-11-28: 2 problems
2026-10-05T10:57:06.6058874Z   2025-11-27: 2 problems
2026-10-05T10:57:07.0023463Z   2025-11-26: 2 problems
2026-10-05T10:57:07.2974961Z   2025-11-25: 2 problems
2026-10-05T10:57:07.5812959Z   2025-11-24: 2 problems
2026-10-05T10:57:07.8593248Z   2025-11-22: 2 problems
2026-10-05T10:57:08.1630035Z   2025-11-21: 2 problems
2026-10-05T10:57:08.5465592Z   2025-11-20: 2 problems
2026-10-05T10:57:08.8559740Z   2025-11-19: 2 problems
2026-10-05T10:57:09.1283770Z   2025-11-18: 2 problems
2026-10-05T10:57:09.4131731Z   2025-11-17: 2 problems
2026-10-05T10:57:09.6840914Z   2025-11-15: 2 problems
2026-10-05T10:57:09.9584336Z   2025-11-14: 2 problems
2026-10-05T10:57:10.2603485Z   2025-11-13: 2 problems
2026-10-05T10:57:10.5401964Z   2025-11-12: 2 problems
2026-10-05T10:57:10.9432914Z   2025-11-11: 2 problems
2026-10-05T10:57:11.3605509Z   2025-11-10: 2 problems
2026-10-05T10:57:11.6562627Z   2025-11-08: 2 problems
2026-10-05T10:57:11.9475868Z   2025-11-07: 2 problems
2026-10-05T10:57:12.2304221Z   2025-11-06: 2 problems
2026-10-05T10:57:12.5326230Z   2025-11-05: 2 problems
2026-10-05T10:57:12.8310034Z   2025-11-04: 2 problems
2026-10-05T10:57:13.1331027Z   2025-11-03: 2 problems
2026-10-05T10:57:13.4051448Z   2025-11-01: 2 problems
2026-10-05T10:57:13.5853996Z   2025-10-31: 2 problems
2026-10-05T10:57:13.8652463Z   2025-10-30: 2 problems
2026-10-05T10:57:14.1812213Z   2025-10-29: 2 problems
2026-10-05T10:57:14.4455454Z   2025-10-28: 2 problems
2026-10-05T10:57:14.7503290Z   2025-10-27: 2 problems
2026-10-05T10:57:15.0551507Z   2025-10-25: 2 problems
2026-10-05T10:57:15.3439800Z   2025-10-24: 2 problems
2026-10-05T10:57:15.6395297Z   2025-10-23: 2 problems
2026-10-05T10:57:15.9488414Z   2025-10-22: 2 problems
2026-10-05T10:57:16.2224044Z   2025-10-21: 2 problems
2026-10-05T10:57:16.4923429Z   2025-10-20: 2 problems
2026-10-05T10:57:16.7642604Z   2025-10-18: 2 problems
2026-10-05T10:57:17.0740584Z   2025-10-17: 2 problems
2026-10-05T10:57:17.3555830Z   2025-10-16: 2 problems
2026-10-05T10:57:17.6154066Z   2025-10-15: 2 problems
2026-10-05T10:57:17.9126419Z   2025-10-14: 2 problems
2026-10-05T10:57:18.2064299Z   2025-10-13: 2 problems
2026-10-05T10:57:18.4934492Z   2025-10-11: 2 problems
2026-10-05T10:57:18.7741168Z   2025-10-10: 2 problems
2026-10-05T10:57:19.0374036Z   2025-10-09: 2 problems
2026-10-05T10:57:19.3622312Z   2025-10-08: 2 problems
2026-10-05T10:57:19.7604855Z   2025-10-07: 2 problems
2026-10-05T10:57:20.2576539Z   2025-10-06: 2 problems
2026-10-05T10:57:20.6471708Z   2025-10-04: 2 problems
2026-10-05T10:57:21.1435988Z   2025-10-03: 2 problems
2026-10-05T10:57:21.5439488Z   2025-10-02: 2 problems
2026-10-05T10:57:21.9536263Z   2025-10-01: 2 problems
2026-10-05T10:57:22.2159810Z   2025-09-30: 2 problems
2026-10-05T10:57:22.4750677Z   2025-09-29: 2 problems
2026-10-05T10:57:22.8844989Z   2025-09-27: 2 problems
2026-10-05T10:57:23.2938554Z   2025-09-26: 2 problems
2026-10-05T10:57:23.7041647Z   2025-09-25: 2 problems
2026-10-05T10:57:24.0817340Z   2025-09-24: 2 problems
2026-10-05T10:57:24.3768070Z   2025-09-23: 2 problems
2026-10-05T10:57:24.7693010Z   2025-09-22: 2 problems
2026-10-05T10:57:25.1677788Z   2025-09-20: 2 problems
2026-10-05T10:57:25.4783697Z   2025-09-19: 2 problems
2026-10-05T10:57:25.7515373Z   2025-09-18: 2 problems
2026-10-05T10:57:26.0479314Z   2025-09-17: 2 problems
2026-10-05T10:57:26.3317551Z   2025-09-16: 2 problems
2026-10-05T10:57:26.6161110Z   2025-09-15: 2 problems
2026-10-05T10:57:26.9018110Z   2025-09-13: 2 problems
2026-10-05T10:57:27.1980403Z   2025-09-12: 2 problems
2026-10-05T10:57:27.5349629Z   2025-09-11: 2 problems
2026-10-05T10:57:27.9194605Z   2025-09-10: 2 problems
2026-10-05T10:57:28.2117882Z   2025-09-09: 2 problems
2026-10-05T10:57:28.4777883Z   2025-09-08: 2 problems
2026-10-05T10:57:28.7423823Z   2025-09-06: 2 problems
2026-10-05T10:57:29.0177675Z   2025-09-05: 2 problems
2026-10-05T10:57:29.3092811Z   2025-09-04: 2 problems
2026-10-05T10:57:29.6029409Z   2025-09-03: 2 problems
2026-10-05T10:57:29.8673653Z   2025-09-02: 2 problems
2026-10-05T10:57:30.1349916Z   2025-09-01: 2 problems
2026-10-05T10:57:30.4004616Z   2025-08-30: 2 problems
2026-10-05T10:57:30.6974723Z   2025-08-29: 2 problems
2026-10-05T10:57:30.9681376Z   2025-08-28: 2 problems
2026-10-05T10:57:31.2429699Z   2025-08-27: 2 problems
2026-10-05T10:57:31.5273948Z   2025-08-26: 2 problems
2026-10-05T10:57:31.8480547Z   2025-08-25: 2 problems
2026-10-05T10:57:32.1338619Z   2025-08-23: 2 problems
2026-10-05T10:57:32.4141369Z   2025-08-22: 2 problems
2026-10-05T10:57:32.7199371Z   2025-08-21: 2 problems
2026-10-05T10:57:33.0105859Z   2025-08-20: 2 problems
2026-10-05T10:57:33.2937811Z   2025-08-19: 2 problems
2026-10-05T10:57:33.5973441Z   2025-08-18: 2 problems
2026-10-05T10:57:33.8799413Z   2025-08-16: 2 problems
2026-10-05T10:57:34.1415932Z   2025-08-15: 2 problems
2026-10-05T10:57:34.4542700Z   2025-08-14: 2 problems
2026-10-05T10:57:34.7098095Z   2025-08-13: 2 problems
2026-10-05T10:57:34.9531748Z   2025-08-12: 2 problems
2026-10-05T10:57:35.2288174Z   2025-08-11: 2 problems
2026-10-05T10:57:35.4785025Z   2025-08-09: 2 problems
2026-10-05T10:57:35.7503988Z   2025-08-08: 2 problems
2026-10-05T10:57:36.0263151Z   2025-08-07: 2 problems
2026-10-05T10:57:36.2906279Z   2025-08-06: 2 problems
2026-10-05T10:57:36.5885681Z   2025-08-05: 2 problems
2026-10-05T10:57:36.8593367Z   2025-08-04: 2 problems
2026-10-05T10:57:37.1264773Z   2025-08-02: 2 problems
2026-10-05T10:57:37.3973350Z   2025-08-01: 2 problems
2026-10-05T10:57:37.6990899Z   2025-07-31: 2 problems
2026-10-05T10:57:37.9596543Z   2025-07-30: 2 problems
2026-10-05T10:57:38.2319646Z   2025-07-29: 2 problems
2026-10-05T10:57:38.6314561Z   2025-07-28: 2 problems
2026-10-05T10:57:38.9043461Z   2025-07-26: 2 problems
2026-10-05T10:57:39.2015417Z   2025-07-25: 2 problems
2026-10-05T10:57:39.4826681Z   2025-07-24: 2 problems
2026-10-05T10:57:39.7574589Z   2025-07-23: 2 problems
2026-10-05T10:57:40.0485237Z   2025-07-22: 2 problems
2026-10-05T10:57:40.3415009Z   2025-07-21: 2 problems
2026-10-05T10:57:40.6225809Z   2025-07-19: 2 problems
2026-10-05T10:57:40.8978834Z   2025-07-18: 2 problems
2026-10-05T10:57:41.1759337Z   2025-07-17: 2 problems
2026-10-05T10:57:41.4634754Z   2025-07-16: 2 problems
2026-10-05T10:57:41.7286052Z   2025-07-15: 2 problems
2026-10-05T10:57:41.9969466Z   2025-07-14: 2 problems
2026-10-05T10:57:42.3801355Z   2025-07-12: 2 problems
2026-10-05T10:57:42.6392719Z   2025-07-11: 2 problems
2026-10-05T10:57:42.9347110Z   2025-07-10: 2 problems
2026-10-05T10:57:43.3090854Z   2025-07-09: 2 problems
2026-10-05T10:57:43.5924613Z   2025-07-08: 2 problems
2026-10-05T10:57:43.8880493Z   2025-07-07: 2 problems
2026-10-05T10:57:44.1688825Z   2025-07-05: 2 problems
2026-10-05T10:57:44.4462597Z   2025-07-04: 2 problems
2026-10-05T10:57:44.7151643Z   2025-07-03: 2 problems
2026-10-05T10:57:44.9721635Z   2025-07-02: 2 problems
2026-10-05T10:57:45.2461721Z   2025-07-01: 2 problems
2026-10-05T10:57:45.6526779Z   2025-06-30: 2 problems
2026-10-05T10:57:45.9315871Z   2025-06-28: 2 problems
2026-10-05T10:57:46.3366085Z   2025-06-27: 2 problems
2026-10-05T10:57:46.6092196Z   2025-06-26: 2 problems
2026-10-05T10:57:46.9290357Z   2025-06-25: 2 problems
2026-10-05T10:57:47.2335736Z   2025-06-24: 2 problems
2026-10-05T10:57:47.5211061Z   2025-06-23: 2 problems
2026-10-05T10:57:47.6955534Z   2025-06-21: 2 problems
2026-10-05T10:57:48.0158737Z   2025-06-20: 2 problems
2026-10-05T10:57:48.4204496Z   2025-06-19: 2 problems
2026-10-05T10:57:48.6908983Z   2025-06-18: 2 problems
2026-10-05T10:57:49.1192522Z   2025-06-17: 2 problems
2026-10-05T10:57:49.4165562Z   2025-06-16: 2 problems
2026-10-05T10:57:49.7018335Z   2025-06-14: 2 problems
2026-10-05T10:57:49.9813876Z   2025-06-13: 2 problems
2026-10-05T10:57:50.2687853Z   2025-06-12: 2 problems
2026-10-05T10:57:50.5336730Z   2025-06-11: 2 problems
2026-10-05T10:57:50.8019315Z   2025-06-10: 2 problems
2026-10-05T10:57:51.0772283Z   2025-06-09: 2 problems
2026-10-05T10:57:51.3691544Z   2025-06-07: 2 problems
2026-10-05T10:57:51.6569079Z   2025-06-06: 2 problems
2026-10-05T10:57:51.9216685Z   2025-06-05: 2 problems
2026-10-05T10:57:52.2105306Z   2025-06-04: 2 problems
2026-10-05T10:57:52.5642942Z   2025-06-03: 2 problems
2026-10-05T10:57:52.9177523Z   2025-06-02: 2 problems
2026-10-05T10:57:53.1978857Z   2025-05-31: 2 problems
2026-10-05T10:57:53.4956744Z   2025-05-30: 2 problems
2026-10-05T10:57:53.7785243Z   2025-05-29: 2 problems
2026-10-05T10:57:54.0343964Z   2025-05-28: 2 problems
2026-10-05T10:57:54.3128064Z   2025-05-27: 2 problems
2026-10-05T10:57:54.5798580Z   2025-05-26: 2 problems
2026-10-05T10:57:54.8388185Z   2025-05-24: 2 problems
2026-10-05T10:57:55.1142870Z   2025-05-23: 2 problems
2026-10-05T10:57:55.3905025Z   2025-05-22: 2 problems
2026-10-05T10:57:55.6410556Z   2025-05-21: 2 problems
2026-10-05T10:57:55.9214971Z   2025-05-20: 2 problems
2026-10-05T10:57:56.1858021Z   2025-05-19: 2 problems
2026-10-05T10:57:56.5770438Z   2025-05-17: 2 problems
2026-10-05T10:57:56.8617421Z   2025-05-16: 2 problems
2026-10-05T10:57:57.1428273Z   2025-05-15: 2 problems
2026-10-05T10:57:57.4407972Z   2025-05-14: 2 problems
2026-10-05T10:57:57.7094158Z   2025-05-13: 2 problems
2026-10-05T10:57:57.9979885Z   2025-05-12: 2 problems
2026-10-05T10:57:58.2856724Z   2025-05-10: 2 problems
2026-10-05T10:57:58.5553660Z   2025-05-09: 2 problems
2026-10-05T10:57:58.8273477Z   2025-05-08: 2 problems
2026-10-05T10:57:59.1170357Z   2025-05-07: 2 problems
2026-10-05T10:57:59.5375302Z   2025-05-06: 2 problems
2026-10-05T10:57:59.8263896Z   2025-05-05: 2 problems
2026-10-05T10:58:00.1909718Z   2025-05-03: 2 problems
2026-10-05T10:58:00.4924103Z   2025-05-02: 2 problems
2026-10-05T10:58:00.7466759Z   2025-05-01: 2 problems
2026-10-05T10:58:01.0350279Z   2025-04-30: 2 problems
2026-10-05T10:58:01.3213703Z   2025-04-29: 2 problems
2026-10-05T10:58:01.5833660Z   2025-04-28: 2 problems
2026-10-05T10:58:01.8493638Z   2025-04-26: 2 problems
2026-10-05T10:58:02.1309553Z   2025-04-25: 2 problems
2026-10-05T10:58:02.3915338Z   2025-04-24: 2 problems
2026-10-05T10:58:02.6728658Z   2025-04-23: 2 problems
2026-10-05T10:58:02.9561190Z   2025-04-22: 2 problems
2026-10-05T10:58:03.2382195Z   2025-04-21: 2 problems
2026-10-05T10:58:03.5154972Z   2025-04-19: 2 problems
2026-10-05T10:58:03.8085854Z   2025-04-18: 2 problems
2026-10-05T10:58:04.0836642Z   2025-04-17: 2 problems
2026-10-05T10:58:04.3408800Z   2025-04-16: 2 problems
2026-10-05T10:58:04.6043802Z   2025-04-15: 2 problems
2026-10-05T10:58:05.0130737Z   2025-04-14: 2 problems
2026-10-05T10:58:05.3861581Z   2025-04-12: 2 problems
2026-10-05T10:58:05.7496469Z   2025-04-11: 2 problems
2026-10-05T10:58:06.0477297Z   2025-04-10: 2 problems
2026-10-05T10:58:06.4325509Z   2025-04-09: 2 problems
2026-10-05T10:58:06.8335626Z   2025-04-08: 2 problems
2026-10-05T10:58:07.2351433Z   2025-04-07: 2 problems
2026-10-05T10:58:07.5255216Z   2025-04-05: 2 problems
2026-10-05T10:58:07.9376735Z   2025-04-04: 2 problems
2026-10-05T10:58:08.1899861Z   2025-04-03: 2 problems
2026-10-05T10:58:08.5873001Z   2025-04-02: 2 problems
2026-10-05T10:58:08.8723317Z   2025-04-01: 2 problems
2026-10-05T10:58:09.2650451Z   2025-03-31: 2 problems
2026-10-05T10:58:09.6791105Z   2025-03-29: 2 problems
2026-10-05T10:58:09.9797875Z   2025-03-28: 2 problems
2026-10-05T10:58:10.2722141Z   2025-03-27: 2 problems
2026-10-05T10:58:10.5530772Z   2025-03-26: 2 problems
2026-10-05T10:58:10.8547480Z   2025-03-25: 2 problems
2026-10-05T10:58:11.1551547Z   2025-03-24: 2 problems
2026-10-05T10:58:11.4312096Z   2025-03-22: 2 problems
2026-10-05T10:58:11.7236259Z   2025-03-21: 2 problems
2026-10-05T10:58:12.0416399Z   2025-03-20: 2 problems
2026-10-05T10:58:12.3454290Z   2025-03-19: 2 problems
2026-10-05T10:58:12.6395892Z   2025-03-18: 2 problems
2026-10-05T10:58:12.9234285Z   2025-03-17: 2 problems
2026-10-05T10:58:13.2314646Z   2025-03-15: 2 problems
2026-10-05T10:58:13.5288182Z   2025-03-14: 2 problems
2026-10-05T10:58:13.8131207Z   2025-03-13: 2 problems
2026-10-05T10:58:14.0741443Z   2025-03-12: 2 problems
2026-10-05T10:58:14.3220892Z   2025-03-11: 2 problems
2026-10-05T10:58:14.5804493Z   2025-03-10: 2 problems
2026-10-05T10:58:14.8694636Z   2025-03-08: 2 problems
2026-10-05T10:58:15.2729945Z   2025-03-07: 2 problems
2026-10-05T10:58:15.6518004Z   2025-03-06: 2 problems
2026-10-05T10:58:16.0563742Z   2025-03-05: 2 problems
2026-10-05T10:58:16.4632068Z   2025-03-04: 2 problems
2026-10-05T10:58:17.0108852Z   2025-03-03: 2 problems
2026-10-05T10:58:17.4117821Z   2025-03-01: 2 problems
2026-10-05T10:58:17.7025971Z   2025-02-28: 2 problems
2026-10-05T10:58:17.9933776Z   2025-02-27: 2 problems
2026-10-05T10:58:18.4479900Z   2025-02-26: 2 problems
2026-10-05T10:58:18.7494789Z   2025-02-25: 2 problems
2026-10-05T10:58:19.1243850Z   2025-02-24: 2 problems
2026-10-05T10:58:19.4230956Z   2025-02-22: 2 problems
2026-10-05T10:58:19.8101078Z   2025-02-21: 2 problems
2026-10-05T10:58:20.2088446Z   2025-02-20: 2 problems
2026-10-05T10:58:20.5871597Z   2025-02-19: 2 problems
2026-10-05T10:58:21.0646559Z   2025-02-18: 2 problems
2026-10-05T10:58:21.3408802Z   2025-02-17: 2 problems
2026-10-05T10:58:21.6424719Z   2025-02-15: 2 problems
2026-10-05T10:58:21.9371842Z   2025-02-14: 2 problems
2026-10-05T10:58:22.2082662Z   2025-02-13: 2 problems
2026-10-05T10:58:22.7445397Z   2025-02-12: 2 problems
2026-10-05T10:58:23.0708127Z   2025-02-11: 2 problems
2026-10-05T10:58:23.3588872Z   2025-02-10: 2 problems
2026-10-05T10:58:23.6222613Z   2025-02-08: 2 problems
2026-10-05T10:58:23.9056346Z   2025-02-07: 2 problems
2026-10-05T10:58:24.2163720Z   2025-02-06: 2 problems
2026-10-05T10:58:24.5130788Z   2025-02-05: 2 problems
2026-10-05T10:58:24.8198157Z   2025-02-04: 2 problems
2026-10-05T10:58:25.1077122Z   2025-02-03: 2 problems
2026-10-05T10:58:25.4266834Z   2025-02-01: 2 problems
2026-10-05T10:58:25.8629710Z   2025-01-31: 2 problems
2026-10-05T10:58:26.1342258Z   2025-01-30: 2 problems
2026-10-05T10:58:26.4329099Z   2025-01-29: 2 problems
2026-10-05T10:58:26.7298919Z   2025-01-28: 2 problems
2026-10-05T10:58:27.0152362Z   2025-01-27: 2 problems
2026-10-05T10:58:27.3102995Z   2025-01-25: 2 problems
2026-10-05T10:58:27.6024270Z   2025-01-24: 2 problems
2026-10-05T10:58:27.8897416Z   2025-01-23: 2 problems
2026-10-05T10:58:28.1686810Z   2025-01-22: 2 problems
2026-10-05T10:58:28.4408810Z   2025-01-21: 2 problems
2026-10-05T10:58:28.7285090Z   2025-01-20: 2 problems
2026-10-05T10:58:29.0062892Z   2025-01-18: 2 problems
2026-10-05T10:58:29.2804523Z   2025-01-17: 2 problems
2026-10-05T10:58:29.5845893Z   2025-01-16: 2 problems
2026-10-05T10:58:29.8781952Z   2025-01-15: 2 problems
2026-10-05T10:58:30.1685543Z   2025-01-14: 2 problems
2026-10-05T10:58:30.4756184Z   2025-01-13: 2 problems
2026-10-05T10:58:30.7725200Z   2025-01-11: 2 problems
2026-10-05T10:58:31.0390382Z   2025-01-10: 2 problems
2026-10-05T10:58:31.3131996Z   2025-01-09: 2 problems
2026-10-05T10:58:31.5712091Z   2025-01-08: 2 problems
2026-10-05T10:58:31.8800390Z   2025-01-07: 2 problems
2026-10-05T10:58:32.1742896Z   2025-01-06: 2 problems
2026-10-05T10:58:32.4690956Z   2025-01-04: 2 problems
2026-10-05T10:58:32.7554735Z   2025-01-03: 2 problems
2026-10-05T10:58:33.0281667Z   2025-01-02: 2 problems
2026-10-05T10:58:33.2998231Z   2025-01-01: 2 problems
2026-10-05T10:58:33.5821569Z   2024-12-31: 2 problems
2026-10-05T10:58:33.8693613Z   2024-12-30: 2 problems
2026-10-05T10:58:34.1478875Z   2024-12-28: 2 problems
2026-10-05T10:58:34.4243437Z   2024-12-27: 2 problems
2026-10-05T10:58:34.7252625Z   2024-12-26: 2 problems
2026-10-05T10:58:35.0027245Z   2024-12-25: 2 problems
2026-10-05T10:58:35.2699528Z   2024-12-24: 2 problems
2026-10-05T10:58:35.5581509Z   2024-12-23: 2 problems
2026-10-05T10:58:36.0087799Z   2024-12-21: 2 problems
2026-10-05T10:58:36.3761628Z   2024-12-20: 2 problems
2026-10-05T10:58:36.6610465Z   2024-12-19: 2 problems
2026-10-05T10:58:36.9187559Z   2024-12-18: 2 problems
2026-10-05T10:58:37.2000063Z   2024-12-17: 2 problems
2026-10-05T10:58:37.4580270Z   2024-12-16: 2 problems
2026-10-05T10:58:37.7370629Z   2024-12-14: 2 problems
2026-10-05T10:58:38.1525241Z   2024-12-13: 2 problems
2026-10-05T10:58:38.4580332Z   2024-12-12: 2 problems
2026-10-05T10:58:38.7379741Z   2024-12-11: 2 problems
2026-10-05T10:58:39.0039799Z   2024-12-10: 2 problems
2026-10-05T10:58:39.2931617Z   2024-12-09: 2 problems
2026-10-05T10:58:39.6034730Z   2024-12-07: 2 problems
2026-10-05T10:58:39.8836840Z   2024-12-06: 2 problems
2026-10-05T10:58:40.1654990Z   2024-12-05: 2 problems
2026-10-05T10:58:40.4300636Z   2024-12-04: 2 problems
2026-10-05T10:58:40.7113193Z   2024-12-03: 2 problems
2026-10-05T10:58:40.9810573Z   2024-12-02: 2 problems
2026-10-05T10:58:41.2703663Z   2024-11-30: 2 problems
2026-10-05T10:58:41.5459034Z   2024-11-29: 2 problems
2026-10-05T10:58:41.8047104Z   2024-11-28: 2 problems
2026-10-05T10:58:42.1100204Z   2024-11-27: 2 problems
2026-10-05T10:58:42.3978282Z   2024-11-26: 2 problems
2026-10-05T10:58:42.6984933Z   2024-11-25: 2 problems
2026-10-05T10:58:42.9761432Z   2024-11-23: 2 problems
2026-10-05T10:58:43.2468137Z   2024-11-22: 2 problems
2026-10-05T10:58:43.4171630Z   2024-11-21: 2 problems
2026-10-05T10:58:43.6907608Z   2024-11-20: 2 problems
2026-10-05T10:58:43.9722022Z   2024-11-19: 2 problems
2026-10-05T10:58:44.2326755Z   2024-11-18: 2 problems
2026-10-05T10:58:44.5182133Z   2024-11-16: 2 problems
2026-10-05T10:58:44.8853479Z   2024-11-15: 2 problems
2026-10-05T10:58:45.1735475Z   2024-11-14: 2 problems
2026-10-05T10:58:45.5743930Z   2024-11-13: 2 problems
2026-10-05T10:58:45.9650509Z   2024-11-12: 2 problems
2026-10-05T10:58:46.3437076Z   2024-11-11: 2 problems
2026-10-05T10:58:46.7444766Z   2024-11-09: 2 problems
2026-10-05T10:58:47.0526175Z   2024-11-08: 2 problems
2026-10-05T10:58:47.4220302Z   2024-11-07: 2 problems
2026-10-05T10:58:47.8160255Z   2024-11-06: 2 problems
2026-10-05T10:58:48.1015482Z   2024-11-05: 2 problems
2026-10-05T10:58:48.4988894Z   2024-11-04: 2 problems
2026-10-05T10:58:48.9195788Z   2024-11-02: 2 problems
2026-10-05T10:58:49.2434055Z   2024-11-01: 2 problems
2026-10-05T10:58:49.6344197Z   2024-10-31: 2 problems
2026-10-05T10:58:50.0329992Z   2024-10-30: 2 problems
2026-10-05T10:58:50.4269159Z   2024-10-29: 2 problems
2026-10-05T10:58:50.8574576Z   2024-10-28: 2 problems
2026-10-05T10:58:51.2625235Z   2024-10-26: 2 problems
2026-10-05T10:58:51.6619328Z   2024-10-25: 2 problems
2026-10-05T10:58:51.9358960Z   2024-10-24: 2 problems
2026-10-05T10:58:52.3367052Z   2024-10-23: 2 problems
2026-10-05T10:58:52.7199021Z   2024-10-22: 2 problems
2026-10-05T10:58:53.2256821Z   2024-10-21: 2 problems
2026-10-05T10:58:53.5740650Z   2024-10-19: 2 problems
2026-10-05T10:58:53.9644685Z   2024-10-18: 2 problems
2026-10-05T10:58:54.2331413Z   2024-10-17: 2 problems
2026-10-05T10:58:54.6281989Z   2024-10-16: 2 problems
2026-10-05T10:58:54.9262632Z   2024-10-15: 2 problems
2026-10-05T10:58:55.2002082Z   2024-10-14: 2 problems
2026-10-05T10:58:55.4725833Z   2024-10-12: 2 problems
2026-10-05T10:58:55.7467323Z   2024-10-11: 2 problems
2026-10-05T10:58:56.0260189Z   2024-10-10: 2 problems
2026-10-05T10:58:56.3287792Z   2024-10-09: 2 problems
2026-10-05T10:58:56.6123310Z   2024-10-08: 2 problems
2026-10-05T10:58:56.8849013Z   2024-10-07: 2 problems
2026-10-05T10:58:57.2842600Z   2024-10-05: 2 problems
2026-10-05T10:58:57.6914547Z   2024-10-04: 2 problems
2026-10-05T10:58:57.9622029Z   2024-10-03: 2 problems
2026-10-05T10:58:58.2333484Z   2024-10-02: 2 problems
2026-10-05T10:58:58.8094438Z   2024-10-01: 2 problems
2026-10-05T10:58:59.0748707Z   2024-09-30: 2 problems
2026-10-05T10:58:59.3496384Z   2024-09-28: 2 problems
2026-10-05T10:58:59.6308531Z   2024-09-27: 2 problems
2026-10-05T10:58:59.8923557Z   2024-09-26: 2 problems
2026-10-05T10:59:00.1657344Z   2024-09-25: 2 problems
2026-10-05T10:59:00.3402134Z   2024-09-24: 2 problems
2026-10-05T10:59:00.6264514Z   2024-09-23: 2 problems
2026-10-05T10:59:00.9264556Z   2024-09-21: 2 problems
2026-10-05T10:59:01.2072023Z   2024-09-20: 2 problems
2026-10-05T10:59:01.4843920Z   2024-09-19: 2 problems
2026-10-05T10:59:01.7532452Z   2024-09-18: 2 problems
2026-10-05T10:59:02.0285550Z   2024-09-17: 2 problems
2026-10-05T10:59:02.3279983Z   2024-09-16: 2 problems
2026-10-05T10:59:02.6270787Z   2024-09-14: 2 problems
2026-10-05T10:59:02.9293279Z   2024-09-13: 2 problems
2026-10-05T10:59:03.1857317Z   2024-09-12: 2 problems
2026-10-05T10:59:03.4930210Z   2024-09-11: 2 problems
2026-10-05T10:59:03.7763735Z   2024-09-10: 2 problems
2026-10-05T10:59:04.0494918Z   2024-09-09: 2 problems
2026-10-05T10:59:04.3250945Z   2024-09-07: 2 problems
2026-10-05T10:59:04.6070850Z   2024-09-06: 2 problems
2026-10-05T10:59:04.8886320Z   2024-09-05: 2 problems
2026-10-05T10:59:05.1543552Z   2024-09-04: 2 problems
2026-10-05T10:59:05.4290538Z   2024-09-03: 2 problems
2026-10-05T10:59:05.6825794Z   2024-09-02: 2 problems
2026-10-05T10:59:05.9665547Z   2024-08-31: 2 problems
2026-10-05T10:59:06.2440936Z   2024-08-30: 2 problems
2026-10-05T10:59:06.5209628Z   2024-08-29: 2 problems
2026-10-05T10:59:06.7893589Z   2024-08-28: 2 problems
2026-10-05T10:59:07.0591999Z   2024-08-27: 2 problems
2026-10-05T10:59:07.3416259Z   2024-08-26: 2 problems
2026-10-05T10:59:07.6302550Z   2024-08-24: 2 problems
2026-10-05T10:59:07.9159758Z   2024-08-23: 2 problems
2026-10-05T10:59:08.2898044Z   2024-08-22: 2 problems
2026-10-05T10:59:08.5755008Z   2024-08-21: 2 problems
2026-10-05T10:59:08.8575021Z   2024-08-20: 2 problems
2026-10-05T10:59:09.1468271Z   2024-08-19: 2 problems
2026-10-05T10:59:09.4268243Z   2024-08-17: 2 problems
2026-10-05T10:59:09.6984677Z   2024-08-16: 2 problems
2026-10-05T10:59:09.9845621Z   2024-08-15: 2 problems
2026-10-05T10:59:10.3047634Z   2024-08-14: 2 problems
2026-10-05T10:59:10.7043257Z   2024-08-13: 2 problems
2026-10-05T10:59:10.9831895Z   2024-08-12: 2 problems
2026-10-05T10:59:11.2670587Z   2024-08-10: 2 problems
2026-10-05T10:59:11.5337886Z   2024-08-09: 2 problems
2026-10-05T10:59:11.7940415Z   2024-08-08: 2 problems
2026-10-05T10:59:12.1270409Z   2024-08-07: 2 problems
2026-10-05T10:59:12.3911170Z   2024-08-06: 2 problems
2026-10-05T10:59:12.6541334Z   2024-08-05: 2 problems
2026-10-05T10:59:12.9399862Z   2024-08-03: 2 problems
2026-10-05T10:59:13.2542405Z   2024-08-02: 2 problems
2026-10-05T10:59:13.5530292Z   2024-08-01: 2 problems
2026-10-05T10:59:13.8145505Z   2024-07-31: 2 problems
2026-10-05T10:59:14.0798495Z   2024-07-30: 2 problems
2026-10-05T10:59:14.3605319Z   2024-07-29: 2 problems
2026-10-05T10:59:14.6379138Z   2024-07-27: 2 problems
2026-10-05T10:59:14.9087810Z   2024-07-26: 2 problems
2026-10-05T10:59:15.3089315Z   2024-07-25: 2 problems
2026-10-05T10:59:15.5988936Z   2024-07-24: 2 problems
2026-10-05T10:59:15.8965862Z   2024-07-23: 2 problems
2026-10-05T10:59:16.1824180Z   2024-07-22: 2 problems
2026-10-05T10:59:16.4538869Z   2024-07-20: 2 problems
2026-10-05T10:59:16.7288551Z   2024-07-19: 2 problems
2026-10-05T10:59:17.0216670Z   2024-07-18: 2 problems
2026-10-05T10:59:17.3060024Z   2024-07-17: 2 problems
2026-10-05T10:59:17.7160284Z   2024-07-16: 2 problems
2026-10-05T10:59:18.1264816Z   2024-07-15: 2 problems
2026-10-05T10:59:18.4146392Z   2024-07-13: 2 problems
2026-10-05T10:59:18.6986559Z   2024-07-12: 2 problems
2026-10-05T10:59:18.9813340Z   2024-07-11: 2 problems
2026-10-05T10:59:19.3701060Z   2024-07-10: 2 problems
2026-10-05T10:59:19.6674815Z   2024-07-09: 2 problems
2026-10-05T10:59:20.0992434Z   2024-07-08: 2 problems
2026-10-05T10:59:20.4613927Z   2024-07-06: 2 problems
2026-10-05T10:59:20.8656639Z   2024-07-05: 2 problems
2026-10-05T10:59:21.4816342Z   2024-07-04: 2 problems
2026-10-05T10:59:21.7320803Z   2024-07-03: 2 problems
2026-10-05T10:59:22.0395437Z   2024-07-02: 2 problems
2026-10-05T10:59:22.4480529Z   2024-07-01: 2 problems
2026-10-05T10:59:22.7228954Z   2024-06-29: 2 problems
2026-10-05T10:59:22.9864684Z   2024-06-28: 2 problems
2026-10-05T10:59:23.3843384Z   2024-06-27: 2 problems
2026-10-05T10:59:23.6577862Z   2024-06-26: 2 problems
2026-10-05T10:59:23.9434873Z   2024-06-25: 2 problems
2026-10-05T10:59:24.2063210Z   2024-06-24: 2 problems
2026-10-05T10:59:24.4694937Z   2024-06-22: 2 problems
2026-10-05T10:59:24.8434482Z   2024-06-21: 2 problems
2026-10-05T10:59:25.1152090Z   2024-06-20: 2 problems
2026-10-05T10:59:25.4252834Z   2024-06-19: 2 problems
2026-10-05T10:59:25.6844441Z   2024-06-18: 2 problems
2026-10-05T10:59:25.9619105Z   2024-06-17: 2 problems
2026-10-05T10:59:26.2567936Z   2024-06-15: 2 problems
2026-10-05T10:59:26.6563021Z   2024-06-14: 2 problems
2026-10-05T10:59:26.9103811Z   2024-06-13: 2 problems
2026-10-05T10:59:27.1730151Z   2024-06-12: 2 problems
2026-10-05T10:59:27.4345645Z   2024-06-11: 2 problems
2026-10-05T10:59:27.8153901Z   2024-06-10: 2 problems
2026-10-05T10:59:28.0850287Z   2024-06-08: 2 problems
2026-10-05T10:59:28.3557432Z   2024-06-07: 2 problems
2026-10-05T10:59:28.7325938Z   2024-06-06: 2 problems
2026-10-05T10:59:29.0006791Z   2024-06-05: 2 problems
2026-10-05T10:59:29.2641237Z   2024-06-04: 2 problems
2026-10-05T10:59:29.5029066Z   2024-06-03: 2 problems
2026-10-05T10:59:29.7615046Z   2024-06-01: 2 problems
2026-10-05T10:59:30.0160453Z   2024-05-31: 2 problems
2026-10-05T10:59:30.2643044Z   2024-05-30: 2 problems
2026-10-05T10:59:30.6588576Z   2024-05-29: 2 problems
2026-10-05T10:59:30.9399356Z   2024-05-28: 2 problems
2026-10-05T10:59:31.2300475Z   2024-05-27: 2 problems
2026-10-05T10:59:31.4836724Z   2024-05-25: 2 problems
2026-10-05T10:59:31.7423504Z   2024-05-24: 2 problems
2026-10-05T10:59:32.1343639Z   2024-05-23: 2 problems
2026-10-05T10:59:32.3976247Z   2024-05-22: 2 problems
2026-10-05T10:59:32.6610511Z   2024-05-21: 2 problems
2026-10-05T10:59:32.9397390Z   2024-05-20: 2 problems
2026-10-05T10:59:33.2079359Z   2024-05-18: 2 problems
2026-10-05T10:59:33.4666510Z   2024-05-17: 2 problems
2026-10-05T10:59:33.7519980Z   2024-05-16: 2 problems
2026-10-05T10:59:34.0046306Z   2024-05-15: 2 problems
2026-10-05T10:59:34.2739813Z   2024-05-14: 2 problems
2026-10-05T10:59:34.5444422Z   2024-05-13: 2 problems
2026-10-05T10:59:35.2174374Z   2024-05-11: 2 problems
2026-10-05T10:59:35.7631775Z   2024-05-10: 2 problems
2026-10-05T10:59:36.1502896Z   2024-05-09: 2 problems
2026-10-05T10:59:36.4138001Z   2024-05-08: 2 problems
2026-10-05T10:59:36.6817478Z   2024-05-07: 2 problems
2026-10-05T10:59:36.9749601Z   2024-05-06: 2 problems
2026-10-05T10:59:37.2493974Z   2024-05-04: 2 problems
2026-10-05T10:59:37.5204593Z   2024-05-03: 2 problems
2026-10-05T10:59:37.9443168Z   2024-05-02: 2 problems
2026-10-05T10:59:38.3381893Z   2024-05-01: 2 problems
2026-10-05T10:59:38.6358535Z   2024-04-30: 2 problems
2026-10-05T10:59:38.9947069Z   2024-04-29: 2 problems
2026-10-05T10:59:39.2794951Z   2024-04-27: 2 problems
2026-10-05T10:59:39.5583611Z   2024-04-26: 2 problems
2026-10-05T10:59:39.8233315Z   2024-04-25: 2 problems
2026-10-05T10:59:40.0910938Z   2024-04-24: 2 problems
2026-10-05T10:59:40.3745635Z   2024-04-23: 2 problems
2026-10-05T10:59:40.6775672Z   2024-04-22: 2 problems
2026-10-05T10:59:40.9560180Z   2024-04-20: 2 problems
2026-10-05T10:59:41.2516273Z   2024-04-19: 2 problems
2026-10-05T10:59:41.5502937Z   2024-04-18: 2 problems
2026-10-05T10:59:41.8178822Z   2024-04-17: 2 problems
2026-10-05T10:59:42.1358528Z   2024-04-16: 2 problems
2026-10-05T10:59:42.4076710Z   2024-04-15: 2 problems
2026-10-05T10:59:42.6949911Z   2024-04-13: 2 problems
2026-10-05T10:59:42.9760021Z   2024-04-12: 2 problems
2026-10-05T10:59:43.2856212Z   2024-04-11: 2 problems
2026-10-05T10:59:43.5836184Z   2024-04-10: 2 problems
2026-10-05T10:59:43.8649570Z   2024-04-09: 2 problems
2026-10-05T10:59:44.1629588Z   2024-04-08: 2 problems
2026-10-05T10:59:44.4540045Z   2024-04-06: 2 problems
2026-10-05T10:59:44.7889082Z   2024-04-05: 2 problems
2026-10-05T10:59:45.0631443Z   2024-04-04: 2 problems
2026-10-05T10:59:45.3951890Z   2024-04-03: 2 problems
2026-10-05T10:59:45.6959820Z   2024-04-02: 2 problems
2026-10-05T10:59:45.9633902Z   2024-04-01: 2 problems
2026-10-05T10:59:46.2266117Z   2024-03-30: 2 problems
2026-10-05T10:59:46.5081513Z   2024-03-29: 2 problems
2026-10-05T10:59:46.8423616Z   2024-03-28: 2 problems
2026-10-05T10:59:47.1036307Z   2024-03-27: 2 problems
2026-10-05T10:59:47.4583129Z   2024-03-26: 2 problems
2026-10-05T10:59:47.8502765Z   2024-03-25: 2 problems
2026-10-05T10:59:48.2164918Z   2024-03-23: 2 problems
2026-10-05T10:59:48.5781910Z   2024-03-22: 2 problems
2026-10-05T10:59:48.8659456Z   2024-03-21: 2 problems
2026-10-05T10:59:49.1555209Z   2024-03-20: 2 problems
2026-10-05T10:59:49.4279842Z   2024-03-19: 2 problems
2026-10-05T10:59:49.7089008Z   2024-03-18: 2 problems
2026-10-05T10:59:50.0363700Z   2024-03-16: 2 problems
2026-10-05T10:59:50.2986003Z   2024-03-15: 2 problems
2026-10-05T10:59:50.6924382Z   2024-03-14: 2 problems
2026-10-05T10:59:51.0734560Z   2024-03-13: 2 problems
2026-10-05T10:59:51.3427575Z   2024-03-12: 2 problems
2026-10-05T10:59:51.6196319Z   2024-03-11: 2 problems
2026-10-05T10:59:51.9131617Z   2024-03-09: 2 problems
2026-10-05T10:59:52.1794684Z   2024-03-08: 2 problems
2026-10-05T10:59:52.4472655Z   2024-03-07: 2 problems
2026-10-05T10:59:52.7884385Z   2024-03-06: 2 problems
2026-10-05T10:59:53.1686680Z   2024-03-05: 2 problems
2026-10-05T10:59:53.4616634Z   2024-03-04: 2 problems
2026-10-05T10:59:53.7640798Z   2024-03-02: 2 problems
2026-10-05T10:59:54.1469916Z   2024-03-01: 2 problems
2026-10-05T10:59:54.4260936Z   2024-02-29: 2 problems
2026-10-05T10:59:54.7116214Z   2024-02-28: 2 problems
2026-10-05T10:59:54.9790274Z   2024-02-27: 2 problems
2026-10-05T10:59:55.2747463Z   2024-02-26: 2 problems
2026-10-05T10:59:55.2749314Z Building categories...
2026-10-05T10:59:58.1235313Z Wrote /home/runner/work/ys_problem_web/ys_problem_web/data/daily.json (814 days, 21 categories).
2026-10-05T10:59:58.1236023Z Syncing leaderboard (records.js from gh-pages)...
2026-10-05T10:59:58.2331336Z   ✓ 361 players, data through 2026-10-03 (unchanged)
2026-10-05T10:59:58.2331918Z LEADERBOARD-SYNC {"changed":false,"players":361,"currentDate":"2026-10-03"}
2026-10-05T10:59:58.2445511Z ##[group]Run xvfb-run -a node scripts/fetch-statements.mjs --limit 4 --delay 6000
2026-10-05T10:59:58.2445994Z [36;1mxvfb-run -a node scripts/fetch-statements.mjs --limit 4 --delay 6000[0m
2026-10-05T10:59:58.2481774Z shell: /usr/bin/bash -e {0}
2026-10-05T10:59:58.2482042Z env:
2026-10-05T10:59:58.2482236Z   CF_START_MODE: chrome-headful
2026-10-05T10:59:58.2482456Z ##[endgroup]
2026-10-05T10:59:58.6961465Z Statements on disk: 1599; missing in archive: 26; needs limits: 0; fetching: 4
2026-10-05T11:00:09.1994468Z   [1/4] ✗ GYM106259I — fetch/parse failed
2026-10-05T11:00:17.3873918Z   2 consecutive failures — cooling down 240s…
2026-10-05T11:04:18.5275226Z   [2/4] ✗ GYM105746C — fetch/parse failed
2026-10-05T11:04:35.4556281Z   [3/4] ✗ GYM106225C — fetch/parse failed
2026-10-05T11:04:51.0409418Z   2 consecutive failures — cooling down 240s…
2026-10-05T11:08:59.9223305Z   [4/4] ✗ GYM103575B — fetch/parse failed
2026-10-05T11:08:59.9932088Z 
2026-10-05T11:08:59.9933837Z Done: 0 saved, 4 failed.
2026-10-05T11:08:59.9934213Z Failed codes (rerun this script to retry):
2026-10-05T11:08:59.9934577Z   GYM106259I, GYM105746C, GYM106225C, GYM103575B
2026-10-05T11:09:00.1066840Z ##[group]Run OUT=$(xvfb-run -a node scripts/repair-zsmj.mjs --limit 200 --delay 6000)
2026-10-05T11:09:00.1067616Z [36;1mOUT=$(xvfb-run -a node scripts/repair-zsmj.mjs --limit 200 --delay 6000)[0m
2026-10-05T11:09:00.1067939Z [36;1mecho "$OUT"[0m
2026-10-05T11:09:00.1068258Z [36;1mREPAIRED=$(echo "$OUT" | grep -oE 'Done: [0-9]+ repaired' | grep -oE '[0-9]+' || echo 0)[0m
2026-10-05T11:09:00.1068723Z [36;1mREMAINING=$(grep -l '%%ZSMJ' data/statements/*.json 2>/dev/null | wc -l | tr -d ' ')[0m
2026-10-05T11:09:00.1069104Z [36;1mecho "repaired=$REPAIRED" >> "$GITHUB_OUTPUT"[0m
2026-10-05T11:09:00.1069428Z [36;1mecho "remaining=$REMAINING" >> "$GITHUB_OUTPUT"[0m
2026-10-05T11:09:00.1105579Z shell: /usr/bin/bash -e {0}
2026-10-05T11:09:00.1105824Z env:
2026-10-05T11:09:00.1106013Z   CF_START_MODE: chrome-headful
2026-10-05T11:09:00.1106228Z ##[endgroup]
2026-10-05T11:09:00.3687789Z Statements to repair: 0
2026-10-05T11:09:00.3810057Z ##[group]Run CF_STATEMENTS=0 TRANSLATE=0 node scripts/update-data.mjs
2026-10-05T11:09:00.3810494Z [36;1mCF_STATEMENTS=0 TRANSLATE=0 node scripts/update-data.mjs[0m
2026-10-05T11:09:00.3845644Z shell: /usr/bin/bash -e {0}
2026-10-05T11:09:00.3845898Z ##[endgroup]
2026-10-05T11:09:00.4980333Z Discovering daily problem folders...
2026-10-05T11:09:01.3554059Z Found 814 days, syncing the most recent 814.
2026-10-05T11:09:01.9116696Z   2026-10-05: 2 problems
2026-10-05T11:09:02.1765930Z   2026-10-03: 2 problems
2026-10-05T11:09:02.5428075Z   2026-10-02: 2 problems
2026-10-05T11:09:02.8241789Z   2026-10-01: 2 problems
2026-10-05T11:09:03.0975026Z   2026-09-30: 2 problems
2026-10-05T11:09:03.3719001Z   2026-09-29: 2 problems
2026-10-05T11:09:03.6394158Z   2026-09-28: 2 problems
2026-10-05T11:09:03.9166573Z   2026-09-26: 2 problems
2026-10-05T11:09:04.1818149Z   2026-09-25: 2 problems
2026-10-05T11:09:04.4615497Z   2026-09-24: 2 problems
2026-10-05T11:09:04.7272499Z   2026-09-23: 2 problems
2026-10-05T11:09:05.0161382Z   2026-09-22: 2 problems
2026-10-05T11:09:05.2782475Z   2026-09-21: 2 problems
2026-10-05T11:09:05.5499728Z   2026-09-19: 2 problems
2026-10-05T11:09:05.8354864Z   2026-09-18: 2 problems
2026-10-05T11:09:06.1210339Z   2026-09-17: 2 problems
2026-10-05T11:09:06.3715526Z   2026-09-16: 2 problems
2026-10-05T11:09:06.6378167Z   2026-09-15: 2 problems
2026-10-05T11:09:06.7981430Z   2026-09-14: 2 problems
2026-10-05T11:09:07.0494573Z   2026-09-12: 2 problems
2026-10-05T11:09:07.3249511Z   2026-09-11: 2 problems
2026-10-05T11:09:07.5754732Z   2026-09-10: 2 problems
2026-10-05T11:09:07.8423915Z   2026-09-09: 2 problems
2026-10-05T11:09:08.1214880Z   2026-09-08: 2 problems
2026-10-05T11:09:08.3728194Z   2026-09-07: 2 problems
2026-10-05T11:09:08.6484523Z   2026-09-05: 2 problems
2026-10-05T11:09:08.9220577Z   2026-09-04: 2 problems
2026-10-05T11:09:09.2000643Z   2026-09-03: 2 problems
2026-10-05T11:09:09.4912146Z   2026-09-02: 2 problems
2026-10-05T11:09:09.7825059Z   2026-09-01: 2 problems
2026-10-05T11:09:10.0718609Z   2026-08-31: 2 problems
2026-10-05T11:09:10.3317492Z   2026-08-29: 2 problems
2026-10-05T11:09:10.5944267Z   2026-08-28: 2 problems
2026-10-05T11:09:10.9823183Z   2026-08-27: 2 problems
2026-10-05T11:09:11.4441055Z   2026-08-26: 2 problems
2026-10-05T11:09:11.7151080Z   2026-08-25: 2 problems
2026-10-05T11:09:12.0704245Z   2026-08-24: 2 problems
2026-10-05T11:09:12.3375728Z   2026-08-22: 2 problems
2026-10-05T11:09:12.5967462Z   2026-08-21: 2 problems
2026-10-05T11:09:12.8671468Z   2026-08-20: 2 problems
2026-10-05T11:09:13.1233071Z   2026-08-19: 2 problems
2026-10-05T11:09:13.3748028Z   2026-08-18: 2 problems
2026-10-05T11:09:13.7486081Z   2026-08-17: 2 problems
2026-10-05T11:09:13.9956619Z   2026-08-15: 2 problems
2026-10-05T11:09:14.2587930Z   2026-08-14: 2 problems
2026-10-05T11:09:14.5401934Z   2026-08-13: 2 problems
2026-10-05T11:09:14.8234209Z   2026-08-12: 2 problems
2026-10-05T11:09:15.0900575Z   2026-08-11: 2 problems
2026-10-05T11:09:15.3608205Z   2026-08-10: 2 problems
2026-10-05T11:09:15.6154710Z   2026-08-08: 2 problems
2026-10-05T11:09:15.8792860Z   2026-08-07: 2 problems
2026-10-05T11:09:16.1693297Z   2026-08-06: 2 problems
2026-10-05T11:09:16.4454178Z   2026-08-05: 2 problems
2026-10-05T11:09:16.7312884Z   2026-08-04: 2 problems
2026-10-05T11:09:17.0063329Z   2026-08-03: 2 problems
2026-10-05T11:09:17.2524806Z   2026-08-01: 2 problems
2026-10-05T11:09:17.4198197Z   2026-07-31: 2 problems
2026-10-05T11:09:17.7145957Z   2026-07-30: 2 problems
2026-10-05T11:09:18.0077296Z   2026-07-29: 2 problems
2026-10-05T11:09:18.2825683Z   2026-07-28: 2 problems
2026-10-05T11:09:18.5667400Z   2026-07-27: 2 problems
2026-10-05T11:09:18.8459701Z   2026-07-25: 2 problems
2026-10-05T11:09:19.0889208Z   2026-07-24: 2 problems
2026-10-05T11:09:19.3396627Z   2026-07-23: 2 problems
2026-10-05T11:09:19.5901345Z   2026-07-22: 2 problems
2026-10-05T11:09:19.8307626Z   2026-07-21: 2 problems
2026-10-05T11:09:20.0792677Z   2026-07-16: 2 problems
2026-10-05T11:09:20.3663120Z   2026-07-15: 2 problems
2026-10-05T11:09:20.5960666Z   2026-07-14: 2 problems
2026-10-05T11:09:20.8529580Z   2026-07-13: 2 problems
2026-10-05T11:09:21.1458664Z   2026-07-11: 2 problems
2026-10-05T11:09:21.4114036Z   2026-07-10: 2 problems
2026-10-05T11:09:21.6698716Z   2026-07-09: 2 problems
2026-10-05T11:09:21.9089849Z   2026-07-08: 2 problems
2026-10-05T11:09:22.1625959Z   2026-07-07: 2 problems
2026-10-05T11:09:22.4348945Z   2026-07-06: 2 problems
2026-10-05T11:09:22.9184908Z   2026-07-04: 2 problems
2026-10-05T11:09:23.2873876Z   2026-07-03: 2 problems
2026-10-05T11:09:23.5286274Z   2026-07-02: 2 problems
2026-10-05T11:09:23.9084089Z   2026-07-01: 2 problems
2026-10-05T11:09:24.1671772Z   2026-06-30: 2 problems
2026-10-05T11:09:24.3999714Z   2026-06-29: 2 problems
2026-10-05T11:09:24.6723398Z   2026-06-27: 2 problems
2026-10-05T11:09:24.9162805Z   2026-06-26: 2 problems
2026-10-05T11:09:25.2626280Z   2026-06-25: 2 problems
2026-10-05T11:09:25.5149036Z   2026-06-24: 2 problems
2026-10-05T11:09:25.7631140Z   2026-06-23: 2 problems
2026-10-05T11:09:26.0124884Z   2026-06-22: 2 problems
2026-10-05T11:09:26.1753543Z   2026-06-20: 1 problems
2026-10-05T11:09:26.4132461Z   2026-06-19: 2 problems
2026-10-05T11:09:26.6568462Z   2026-06-18: 2 problems
2026-10-05T11:09:26.9301328Z   2026-06-17: 2 problems
2026-10-05T11:09:27.1734710Z   2026-06-16: 2 problems
2026-10-05T11:09:27.4148990Z   2026-06-15: 2 problems
2026-10-05T11:09:27.6539041Z   2026-06-13: 2 problems
2026-10-05T11:09:27.9107860Z   2026-06-12: 2 problems
2026-10-05T11:09:28.1445746Z   2026-06-11: 2 problems
2026-10-05T11:09:28.3727616Z   2026-06-10: 2 problems
2026-10-05T11:09:28.6176213Z   2026-06-09: 2 problems
2026-10-05T11:09:28.8616748Z   2026-06-08: 2 problems
2026-10-05T11:09:29.1017732Z   2026-06-06: 2 problems
2026-10-05T11:09:29.3377235Z   2026-06-05: 2 problems
2026-10-05T11:09:29.5748424Z   2026-06-04: 2 problems
2026-10-05T11:09:29.6571611Z   2026-06-03: 2 problems
2026-10-05T11:09:29.9264173Z   2026-06-02: 2 problems
2026-10-05T11:09:30.1702267Z   2026-06-01: 2 problems
2026-10-05T11:09:30.4106053Z   2026-05-30: 2 problems
2026-10-05T11:09:30.6766624Z   2026-05-29: 2 problems
2026-10-05T11:09:30.9500982Z   2026-05-28: 2 problems
2026-10-05T11:09:31.1845982Z   2026-05-27: 2 problems
2026-10-05T11:09:31.3500275Z   2026-05-26: 2 problems
2026-10-05T11:09:31.5982332Z   2026-05-25: 2 problems
2026-10-05T11:09:31.8379051Z   2026-05-23: 2 problems
2026-10-05T11:09:32.0993323Z   2026-05-22: 2 problems
2026-10-05T11:09:32.3529839Z   2026-05-21: 2 problems
2026-10-05T11:09:32.6293214Z   2026-05-20: 2 problems
2026-10-05T11:09:32.8725210Z   2026-05-19: 2 problems
2026-10-05T11:09:33.1092803Z   2026-05-18: 2 problems
2026-10-05T11:09:33.4079908Z   2026-05-16: 2 problems
2026-10-05T11:09:33.6980646Z   2026-05-15: 2 problems
2026-10-05T11:09:33.9437954Z   2026-05-14: 2 problems
2026-10-05T11:09:34.1896787Z   2026-05-13: 2 problems
2026-10-05T11:09:34.4687256Z   2026-05-12: 2 problems
2026-10-05T11:09:34.7249272Z   2026-05-11: 2 problems
2026-10-05T11:09:35.0006276Z   2026-05-09: 2 problems
2026-10-05T11:09:35.2394862Z   2026-05-08: 2 problems
2026-10-05T11:09:35.4845225Z   2026-05-07: 2 problems
2026-10-05T11:09:35.7257386Z   2026-05-06: 2 problems
2026-10-05T11:09:35.9758287Z   2026-05-05: 2 problems
2026-10-05T11:09:36.2290653Z   2026-05-04: 2 problems
2026-10-05T11:09:36.4818498Z   2026-05-02: 2 problems
2026-10-05T11:09:36.7390202Z   2026-05-01: 2 problems
2026-10-05T11:09:37.0084621Z   2026-04-30: 2 problems
2026-10-05T11:09:37.3143927Z   2026-04-29: 2 problems
2026-10-05T11:09:37.5522397Z   2026-04-28: 2 problems
2026-10-05T11:09:37.7938058Z   2026-04-27: 2 problems
2026-10-05T11:09:38.0200430Z   2026-04-25: 2 problems
2026-10-05T11:09:38.2634382Z   2026-04-24: 2 problems
2026-10-05T11:09:38.5394606Z   2026-04-23: 2 problems
2026-10-05T11:09:38.8330389Z   2026-04-22: 2 problems
2026-10-05T11:09:39.1106549Z   2026-04-21: 2 problems
2026-10-05T11:09:39.3599940Z   2026-04-20: 2 problems
2026-10-05T11:09:39.6189366Z   2026-04-18: 2 problems
2026-10-05T11:09:39.8735498Z   2026-04-17: 2 problems
2026-10-05T11:09:40.2205427Z   2026-04-16: 2 problems
2026-10-05T11:09:40.4912796Z   2026-04-15: 2 problems
2026-10-05T11:09:40.8379123Z   2026-04-14: 2 problems
2026-10-05T11:09:41.0708016Z   2026-04-13: 2 problems
2026-10-05T11:09:41.4374332Z   2026-04-11: 2 problems
2026-10-05T11:09:41.7778451Z   2026-04-10: 2 problems
2026-10-05T11:09:42.0135063Z   2026-04-09: 2 problems
2026-10-05T11:09:42.1753219Z   2026-04-08: 2 problems
2026-10-05T11:09:42.4024773Z   2026-04-07: 2 problems
2026-10-05T11:09:42.7723470Z   2026-04-06: 2 problems
2026-10-05T11:09:43.0022159Z   2026-04-04: 2 problems
2026-10-05T11:09:43.3632820Z   2026-04-03: 2 problems
2026-10-05T11:09:43.5897586Z   2026-04-02: 2 problems
2026-10-05T11:09:43.9629196Z   2026-04-01: 2 problems
2026-10-05T11:09:44.1949941Z   2026-03-31: 2 problems
2026-10-05T11:09:44.4739471Z   2026-03-30: 2 problems
2026-10-05T11:09:44.8322480Z   2026-03-28: 2 problems
2026-10-05T11:09:45.0910615Z   2026-03-27: 2 problems
2026-10-05T11:09:45.3469940Z   2026-03-26: 2 problems
2026-10-05T11:09:45.6245092Z   2026-03-25: 2 problems
2026-10-05T11:09:45.8764229Z   2026-03-24: 2 problems
2026-10-05T11:09:46.1063020Z   2026-03-23: 2 problems
2026-10-05T11:09:46.3504154Z   2026-03-21: 2 problems
2026-10-05T11:09:46.5827290Z   2026-03-20: 2 problems
2026-10-05T11:09:46.8245445Z   2026-03-19: 2 problems
2026-10-05T11:09:47.1730923Z   2026-03-18: 2 problems
2026-10-05T11:09:47.4459986Z   2026-03-17: 2 problems
2026-10-05T11:09:47.6733040Z   2026-03-16: 2 problems
2026-10-05T11:09:47.9241208Z   2026-03-14: 2 problems
2026-10-05T11:09:48.1348409Z   2026-03-13: 2 problems
2026-10-05T11:09:48.3887469Z   2026-03-12: 2 problems
2026-10-05T11:09:48.6307437Z   2026-03-11: 2 problems
2026-10-05T11:09:48.9012120Z   2026-03-10: 2 problems
2026-10-05T11:09:49.1219222Z   2026-03-09: 2 problems
2026-10-05T11:09:49.3504968Z   2026-03-07: 2 problems
2026-10-05T11:09:49.5947741Z   2026-03-06: 2 problems
2026-10-05T11:09:49.8165018Z   2026-03-05: 2 problems
2026-10-05T11:09:50.0430555Z   2026-03-04: 2 problems
2026-10-05T11:09:50.2670972Z   2026-03-03: 2 problems
2026-10-05T11:09:50.5036080Z   2026-03-02: 2 problems
2026-10-05T11:09:50.7560904Z   2026-02-28: 2 problems
2026-10-05T11:09:51.1088683Z   2026-02-27: 2 problems
2026-10-05T11:09:51.3581186Z   2026-02-26: 2 problems
2026-10-05T11:09:51.5864505Z   2026-02-25: 2 problems
2026-10-05T11:09:51.8277383Z   2026-02-24: 2 problems
2026-10-05T11:09:52.0560092Z   2026-02-23: 2 problems
2026-10-05T11:09:52.3003930Z   2026-02-21: 2 problems
2026-10-05T11:09:52.6495138Z   2026-02-20: 2 problems
2026-10-05T11:09:53.0259011Z   2026-02-19: 2 problems
2026-10-05T11:09:53.2581020Z   2026-02-18: 2 problems
2026-10-05T11:09:53.4913626Z   2026-02-17: 2 problems
2026-10-05T11:09:53.7400143Z   2026-02-16: 2 problems
2026-10-05T11:09:53.9714868Z   2026-02-14: 2 problems
2026-10-05T11:09:54.2994647Z   2026-02-13: 2 problems
2026-10-05T11:09:54.5365252Z   2026-02-12: 2 problems
2026-10-05T11:09:54.8925068Z   2026-02-11: 2 problems
2026-10-05T11:09:55.3909274Z   2026-02-10: 2 problems
2026-10-05T11:09:55.6613914Z   2026-02-09: 2 problems
2026-10-05T11:09:55.8967812Z   2026-02-07: 2 problems
2026-10-05T11:09:56.1208755Z   2026-02-06: 2 problems
2026-10-05T11:09:56.4032161Z   2026-02-05: 2 problems
2026-10-05T11:09:56.6434619Z   2026-02-04: 2 problems
2026-10-05T11:09:57.0371892Z   2026-02-03: 2 problems
2026-10-05T11:09:57.2687451Z   2026-02-02: 2 problems
2026-10-05T11:09:57.6421627Z   2026-01-31: 2 problems
2026-10-05T11:09:57.8764413Z   2026-01-30: 2 problems
2026-10-05T11:09:58.1079725Z   2026-01-29: 2 problems
2026-10-05T11:09:58.3794471Z   2026-01-28: 2 problems
2026-10-05T11:09:58.6200238Z   2026-01-27: 2 problems
2026-10-05T11:09:58.8477438Z   2026-01-26: 2 problems
2026-10-05T11:09:59.0750246Z   2026-01-24: 2 problems
2026-10-05T11:09:59.3187496Z   2026-01-23: 2 problems
2026-10-05T11:09:59.4860396Z   2026-01-22: 2 problems
2026-10-05T11:09:59.7597143Z   2026-01-21: 2 problems
2026-10-05T11:09:59.9979924Z   2026-01-20: 2 problems
2026-10-05T11:10:00.2736543Z   2026-01-19: 2 problems
2026-10-05T11:10:00.5151802Z   2026-01-17: 2 problems
2026-10-05T11:10:00.9083966Z   2026-01-16: 2 problems
2026-10-05T11:10:01.1481141Z   2026-01-15: 2 problems
2026-10-05T11:10:01.3983311Z   2026-01-14: 2 problems
2026-10-05T11:10:01.7642109Z   2026-01-13: 2 problems
2026-10-05T11:10:02.0433733Z   2026-01-12: 2 problems
2026-10-05T11:10:02.2838945Z   2026-01-10: 2 problems
2026-10-05T11:10:02.5417165Z   2026-01-09: 2 problems
2026-10-05T11:10:02.7806469Z   2026-01-08: 2 problems
2026-10-05T11:10:03.0136562Z   2026-01-07: 2 problems
2026-10-05T11:10:03.3891165Z   2026-01-06: 2 problems
2026-10-05T11:10:03.6439448Z   2026-01-05: 2 problems
2026-10-05T11:10:03.9572367Z   2026-01-03: 2 problems
2026-10-05T11:10:04.2154272Z   2026-01-02: 2 problems
2026-10-05T11:10:04.4659243Z   2026-01-01: 2 problems
2026-10-05T11:10:04.6953911Z   2025-12-31: 2 problems
2026-10-05T11:10:04.9219075Z   2025-12-30: 2 problems
2026-10-05T11:10:05.2762689Z   2025-12-29: 2 problems
2026-10-05T11:10:05.5057670Z   2025-12-27: 2 problems
2026-10-05T11:10:05.7562055Z   2025-12-26: 2 problems
2026-10-05T11:10:06.0408186Z   2025-12-25: 2 problems
2026-10-05T11:10:06.3138444Z   2025-12-24: 2 problems
2026-10-05T11:10:06.5384570Z   2025-12-23: 2 problems
2026-10-05T11:10:06.7739570Z   2025-12-22: 2 problems
2026-10-05T11:10:07.0227460Z   2025-12-20: 2 problems
2026-10-05T11:10:07.2651909Z   2025-12-19: 2 problems
2026-10-05T11:10:07.5258295Z   2025-12-18: 2 problems
2026-10-05T11:10:07.8656335Z   2025-12-17: 2 problems
2026-10-05T11:10:08.1104861Z   2025-12-16: 2 problems
2026-10-05T11:10:08.3838247Z   2025-12-15: 2 problems
2026-10-05T11:10:08.6209393Z   2025-12-13: 2 problems
2026-10-05T11:10:08.8736251Z   2025-12-12: 2 problems
2026-10-05T11:10:09.1379258Z   2025-12-11: 2 problems
2026-10-05T11:10:09.4067384Z   2025-12-10: 2 problems
2026-10-05T11:10:09.6637859Z   2025-12-09: 2 problems
2026-10-05T11:10:09.8498841Z   2025-12-08: 2 problems
2026-10-05T11:10:10.1031956Z   2025-12-06: 2 problems
2026-10-05T11:10:10.3666562Z   2025-12-05: 2 problems
2026-10-05T11:10:10.6243652Z   2025-12-04: 2 problems
2026-10-05T11:10:11.0045385Z   2025-12-03: 2 problems
2026-10-05T11:10:11.3679763Z   2025-12-02: 2 problems
2026-10-05T11:10:11.6272626Z   2025-12-01: 2 problems
2026-10-05T11:10:11.8696351Z   2025-11-29: 2 problems
2026-10-05T11:10:12.1077057Z   2025-11-28: 2 problems
2026-10-05T11:10:12.3544661Z   2025-11-27: 2 problems
2026-10-05T11:10:12.6326252Z   2025-11-26: 2 problems
2026-10-05T11:10:12.8773855Z   2025-11-25: 2 problems
2026-10-05T11:10:13.1923863Z   2025-11-24: 2 problems
2026-10-05T11:10:13.4451340Z   2025-11-22: 2 problems
2026-10-05T11:10:13.7434718Z   2025-11-21: 2 problems
2026-10-05T11:10:13.9812416Z   2025-11-20: 2 problems
2026-10-05T11:10:14.2428095Z   2025-11-19: 2 problems
2026-10-05T11:10:14.4946380Z   2025-11-18: 2 problems
2026-10-05T11:10:14.7444674Z   2025-11-17: 2 problems
2026-10-05T11:10:15.0096255Z   2025-11-15: 2 problems
2026-10-05T11:10:15.2761414Z   2025-11-14: 2 problems
2026-10-05T11:10:15.5734159Z   2025-11-13: 2 problems
2026-10-05T11:10:15.8161157Z   2025-11-12: 2 problems
2026-10-05T11:10:16.0677063Z   2025-11-11: 2 problems
2026-10-05T11:10:16.3164440Z   2025-11-10: 2 problems
2026-10-05T11:10:16.6028780Z   2025-11-08: 2 problems
2026-10-05T11:10:16.8718271Z   2025-11-07: 2 problems
2026-10-05T11:10:17.1314815Z   2025-11-06: 2 problems
2026-10-05T11:10:17.3922964Z   2025-11-05: 2 problems
2026-10-05T11:10:17.6544042Z   2025-11-04: 2 problems
2026-10-05T11:10:17.9033708Z   2025-11-03: 2 problems
2026-10-05T11:10:18.1467446Z   2025-11-01: 2 problems
2026-10-05T11:10:18.3107400Z   2025-10-31: 2 problems
2026-10-05T11:10:18.5577659Z   2025-10-30: 2 problems
2026-10-05T11:10:18.8340547Z   2025-10-29: 2 problems
2026-10-05T11:10:19.1275504Z   2025-10-28: 2 problems
2026-10-05T11:10:19.3873987Z   2025-10-27: 2 problems
2026-10-05T11:10:19.6337650Z   2025-10-25: 2 problems
2026-10-05T11:10:19.9213742Z   2025-10-24: 2 problems
2026-10-05T11:10:20.2392413Z   2025-10-23: 2 problems
2026-10-05T11:10:20.4844672Z   2025-10-22: 2 problems
2026-10-05T11:10:20.7175625Z   2025-10-21: 2 problems
2026-10-05T11:10:20.9717309Z   2025-10-20: 2 problems
2026-10-05T11:10:21.2377283Z   2025-10-18: 2 problems
2026-10-05T11:10:21.4851751Z   2025-10-17: 2 problems
2026-10-05T11:10:21.7451931Z   2025-10-16: 2 problems
2026-10-05T11:10:21.9895978Z   2025-10-15: 2 problems
2026-10-05T11:10:22.2592622Z   2025-10-14: 2 problems
2026-10-05T11:10:22.5157772Z   2025-10-13: 2 problems
2026-10-05T11:10:22.7674638Z   2025-10-11: 2 problems
2026-10-05T11:10:23.0207893Z   2025-10-10: 2 problems
2026-10-05T11:10:23.2661464Z   2025-10-09: 2 problems
2026-10-05T11:10:23.5121875Z   2025-10-08: 2 problems
2026-10-05T11:10:23.7543614Z   2025-10-07: 2 problems
2026-10-05T11:10:24.0032118Z   2025-10-06: 2 problems
2026-10-05T11:10:24.2435200Z   2025-10-04: 2 problems
2026-10-05T11:10:24.5211033Z   2025-10-03: 2 problems
2026-10-05T11:10:24.7664124Z   2025-10-02: 2 problems
2026-10-05T11:10:25.2117411Z   2025-10-01: 2 problems
2026-10-05T11:10:25.4958291Z   2025-09-30: 2 problems
2026-10-05T11:10:25.7489045Z   2025-09-29: 2 problems
2026-10-05T11:10:26.0153500Z   2025-09-27: 2 problems
2026-10-05T11:10:26.2607106Z   2025-09-26: 2 problems
2026-10-05T11:10:26.5087295Z   2025-09-25: 2 problems
2026-10-05T11:10:26.8627794Z   2025-09-24: 2 problems
2026-10-05T11:10:27.1991755Z   2025-09-23: 2 problems
2026-10-05T11:10:27.4730669Z   2025-09-22: 2 problems
2026-10-05T11:10:27.7257981Z   2025-09-20: 2 problems
2026-10-05T11:10:27.9847723Z   2025-09-19: 2 problems
2026-10-05T11:10:28.2230656Z   2025-09-18: 2 problems
2026-10-05T11:10:28.4535870Z   2025-09-17: 2 problems
2026-10-05T11:10:28.6875734Z   2025-09-16: 2 problems
2026-10-05T11:10:28.9498674Z   2025-09-15: 2 problems
2026-10-05T11:10:29.1941405Z   2025-09-13: 2 problems
2026-10-05T11:10:29.4327358Z   2025-09-12: 2 problems
2026-10-05T11:10:29.6877268Z   2025-09-11: 2 problems
2026-10-05T11:10:29.9389480Z   2025-09-10: 2 problems
2026-10-05T11:10:30.1773316Z   2025-09-09: 2 problems
2026-10-05T11:10:30.4142747Z   2025-09-08: 2 problems
2026-10-05T11:10:30.6566597Z   2025-09-06: 2 problems
2026-10-05T11:10:30.9129129Z   2025-09-05: 2 problems
2026-10-05T11:10:31.1547271Z   2025-09-04: 2 problems
2026-10-05T11:10:31.4000802Z   2025-09-03: 2 problems
2026-10-05T11:10:31.6624945Z   2025-09-02: 2 problems
2026-10-05T11:10:31.9133994Z   2025-09-01: 2 problems
2026-10-05T11:10:32.1445807Z   2025-08-30: 2 problems
2026-10-05T11:10:32.5080599Z   2025-08-29: 2 problems
2026-10-05T11:10:32.7534861Z   2025-08-28: 2 problems
2026-10-05T11:10:33.0022944Z   2025-08-27: 2 problems
2026-10-05T11:10:33.2427800Z   2025-08-26: 2 problems
2026-10-05T11:10:33.5111068Z   2025-08-25: 2 problems
2026-10-05T11:10:33.7528938Z   2025-08-23: 2 problems
2026-10-05T11:10:34.0245427Z   2025-08-22: 2 problems
2026-10-05T11:10:34.2776377Z   2025-08-21: 2 problems
2026-10-05T11:10:34.5427605Z   2025-08-20: 2 problems
2026-10-05T11:10:34.7767282Z   2025-08-19: 2 problems
2026-10-05T11:10:35.0423054Z   2025-08-18: 2 problems
2026-10-05T11:10:35.4086678Z   2025-08-16: 2 problems
2026-10-05T11:10:35.6638433Z   2025-08-15: 2 problems
2026-10-05T11:10:35.9107036Z   2025-08-14: 2 problems
2026-10-05T11:10:36.1572921Z   2025-08-13: 2 problems
2026-10-05T11:10:36.3973865Z   2025-08-12: 2 problems
2026-10-05T11:10:36.6349379Z   2025-08-11: 2 problems
2026-10-05T11:10:36.8782084Z   2025-08-09: 2 problems
2026-10-05T11:10:37.1166799Z   2025-08-08: 2 problems
2026-10-05T11:10:37.3687423Z   2025-08-07: 2 problems
2026-10-05T11:10:37.5939822Z   2025-08-06: 2 problems
2026-10-05T11:10:37.8212335Z   2025-08-05: 2 problems
2026-10-05T11:10:38.0965684Z   2025-08-04: 2 problems
2026-10-05T11:10:38.3278862Z   2025-08-02: 2 problems
2026-10-05T11:10:38.6098471Z   2025-08-01: 2 problems
2026-10-05T11:10:38.8460370Z   2025-07-31: 2 problems
2026-10-05T11:10:39.2123011Z   2025-07-30: 2 problems
2026-10-05T11:10:39.4630164Z   2025-07-29: 2 problems
2026-10-05T11:10:39.7095167Z   2025-07-28: 2 problems
2026-10-05T11:10:39.9875031Z   2025-07-26: 2 problems
2026-10-05T11:10:40.3409821Z   2025-07-25: 2 problems
2026-10-05T11:10:40.5922129Z   2025-07-24: 2 problems
2026-10-05T11:10:40.9641886Z   2025-07-23: 2 problems
2026-10-05T11:10:41.3216833Z   2025-07-22: 2 problems
2026-10-05T11:10:41.8031271Z   2025-07-21: 2 problems
2026-10-05T11:10:42.0647324Z   2025-07-19: 2 problems
2026-10-05T11:10:42.3012346Z   2025-07-18: 2 problems
2026-10-05T11:10:42.5674099Z   2025-07-17: 2 problems
2026-10-05T11:10:42.9087799Z   2025-07-16: 2 problems
2026-10-05T11:10:43.1536642Z   2025-07-15: 2 problems
2026-10-05T11:10:43.4070529Z   2025-07-14: 2 problems
2026-10-05T11:10:43.7844691Z   2025-07-12: 2 problems
2026-10-05T11:10:44.0320222Z   2025-07-11: 2 problems
2026-10-05T11:10:44.2706844Z   2025-07-10: 2 problems
2026-10-05T11:10:44.5106246Z   2025-07-09: 2 problems
2026-10-05T11:10:44.7752897Z   2025-07-08: 2 problems
2026-10-05T11:10:45.0103471Z   2025-07-07: 2 problems
2026-10-05T11:10:45.2692416Z   2025-07-05: 2 problems
2026-10-05T11:10:45.5089923Z   2025-07-04: 2 problems
2026-10-05T11:10:45.7643336Z   2025-07-03: 2 problems
2026-10-05T11:10:46.0234840Z   2025-07-02: 2 problems
2026-10-05T11:10:46.2649030Z   2025-07-01: 2 problems
2026-10-05T11:10:46.5507642Z   2025-06-30: 2 problems
2026-10-05T11:10:46.8966774Z   2025-06-28: 2 problems
2026-10-05T11:10:47.2677399Z   2025-06-27: 2 problems
2026-10-05T11:10:47.6593610Z   2025-06-26: 2 problems
2026-10-05T11:10:47.9100658Z   2025-06-25: 2 problems
2026-10-05T11:10:48.1500096Z   2025-06-24: 2 problems
2026-10-05T11:10:48.4117655Z   2025-06-23: 2 problems
2026-10-05T11:10:48.5805920Z   2025-06-21: 2 problems
2026-10-05T11:10:48.8051927Z   2025-06-20: 2 problems
2026-10-05T11:10:49.0759981Z   2025-06-19: 2 problems
2026-10-05T11:10:49.3387428Z   2025-06-18: 2 problems
2026-10-05T11:10:49.5764158Z   2025-06-17: 2 problems
2026-10-05T11:10:49.8492094Z   2025-06-16: 2 problems
2026-10-05T11:10:50.2297549Z   2025-06-14: 2 problems
2026-10-05T11:10:50.7098966Z   2025-06-13: 2 problems
2026-10-05T11:10:51.0760805Z   2025-06-12: 2 problems
2026-10-05T11:10:51.3287625Z   2025-06-11: 2 problems
2026-10-05T11:10:51.5628474Z   2025-06-10: 2 problems
2026-10-05T11:10:51.8347699Z   2025-06-09: 2 problems
2026-10-05T11:10:52.0717619Z   2025-06-07: 2 problems
2026-10-05T11:10:52.3292858Z   2025-06-06: 2 problems
2026-10-05T11:10:52.5825286Z   2025-06-05: 2 problems
2026-10-05T11:10:52.8201508Z   2025-06-04: 2 problems
2026-10-05T11:10:53.0522445Z   2025-06-03: 2 problems
2026-10-05T11:10:53.2894278Z   2025-06-02: 2 problems
2026-10-05T11:10:53.5488643Z   2025-05-31: 2 problems
2026-10-05T11:10:53.7767243Z   2025-05-30: 2 problems
2026-10-05T11:10:54.0223076Z   2025-05-29: 2 problems
2026-10-05T11:10:54.3760488Z   2025-05-28: 2 problems
2026-10-05T11:10:54.6171412Z   2025-05-27: 2 problems
2026-10-05T11:10:54.9803012Z   2025-05-26: 2 problems
2026-10-05T11:10:55.3419152Z   2025-05-24: 2 problems
2026-10-05T11:10:55.6943484Z   2025-05-23: 2 problems
2026-10-05T11:10:56.0667815Z   2025-05-22: 2 problems
2026-10-05T11:10:56.3352208Z   2025-05-21: 2 problems
2026-10-05T11:10:56.6430582Z   2025-05-20: 2 problems
2026-10-05T11:10:57.0241097Z   2025-05-19: 2 problems
2026-10-05T11:10:57.2893386Z   2025-05-17: 2 problems
2026-10-05T11:10:57.6844968Z   2025-05-16: 2 problems
2026-10-05T11:10:57.9423044Z   2025-05-15: 2 problems
2026-10-05T11:10:58.1841741Z   2025-05-14: 2 problems
2026-10-05T11:10:58.4436483Z   2025-05-13: 2 problems
2026-10-05T11:10:58.7240496Z   2025-05-12: 2 problems
2026-10-05T11:10:58.9664759Z   2025-05-10: 2 problems
2026-10-05T11:10:59.2395371Z   2025-05-09: 2 problems
2026-10-05T11:10:59.4910848Z   2025-05-08: 2 problems
2026-10-05T11:10:59.8431958Z   2025-05-07: 2 problems
2026-10-05T11:11:00.1248196Z   2025-05-06: 2 problems
2026-10-05T11:11:00.3963271Z   2025-05-05: 2 problems
2026-10-05T11:11:00.6412320Z   2025-05-03: 2 problems
2026-10-05T11:11:00.8982403Z   2025-05-02: 2 problems
2026-10-05T11:11:01.1543826Z   2025-05-01: 2 problems
2026-10-05T11:11:01.4265278Z   2025-04-30: 2 problems
2026-10-05T11:11:01.6850558Z   2025-04-29: 2 problems
2026-10-05T11:11:01.9457125Z   2025-04-28: 2 problems
2026-10-05T11:11:02.2075321Z   2025-04-26: 2 problems
2026-10-05T11:11:02.4672846Z   2025-04-25: 2 problems
2026-10-05T11:11:02.7220711Z   2025-04-24: 2 problems
2026-10-05T11:11:02.9896067Z   2025-04-23: 2 problems
2026-10-05T11:11:03.3846185Z   2025-04-22: 2 problems
2026-10-05T11:11:03.6143027Z   2025-04-21: 2 problems
2026-10-05T11:11:03.8609941Z   2025-04-19: 2 problems
2026-10-05T11:11:04.1337213Z   2025-04-18: 2 problems
2026-10-05T11:11:04.3887084Z   2025-04-17: 2 problems
2026-10-05T11:11:04.6592977Z   2025-04-16: 2 problems
2026-10-05T11:11:04.9523711Z   2025-04-15: 2 problems
2026-10-05T11:11:05.3100997Z   2025-04-14: 2 problems
2026-10-05T11:11:05.6740884Z   2025-04-12: 2 problems
2026-10-05T11:11:05.9255039Z   2025-04-11: 2 problems
2026-10-05T11:11:06.1800510Z   2025-04-10: 2 problems
2026-10-05T11:11:06.4549775Z   2025-04-09: 2 problems
2026-10-05T11:11:06.7471020Z   2025-04-08: 2 problems
2026-10-05T11:11:07.0317695Z   2025-04-07: 2 problems
2026-10-05T11:11:07.2879100Z   2025-04-05: 2 problems
2026-10-05T11:11:07.5501994Z   2025-04-04: 2 problems
2026-10-05T11:11:07.7947457Z   2025-04-03: 2 problems
2026-10-05T11:11:08.1803112Z   2025-04-02: 2 problems
2026-10-05T11:11:08.4221166Z   2025-04-01: 2 problems
2026-10-05T11:11:08.6763983Z   2025-03-31: 2 problems
2026-10-05T11:11:08.9455228Z   2025-03-29: 2 problems
2026-10-05T11:11:09.2223151Z   2025-03-28: 2 problems
2026-10-05T11:11:09.4848216Z   2025-03-27: 2 problems
2026-10-05T11:11:09.7513570Z   2025-03-26: 2 problems
2026-10-05T11:11:09.9993349Z   2025-03-25: 2 problems
2026-10-05T11:11:10.2548684Z   2025-03-24: 2 problems
2026-10-05T11:11:10.5293359Z   2025-03-22: 2 problems
2026-10-05T11:11:10.7552933Z   2025-03-21: 2 problems
2026-10-05T11:11:11.0133293Z   2025-03-20: 2 problems
2026-10-05T11:11:11.2947184Z   2025-03-19: 2 problems
2026-10-05T11:11:11.6280551Z   2025-03-18: 2 problems
2026-10-05T11:11:11.9246106Z   2025-03-17: 2 problems
2026-10-05T11:11:12.1711118Z   2025-03-15: 2 problems
2026-10-05T11:11:12.5353270Z   2025-03-14: 2 problems
2026-10-05T11:11:12.7928113Z   2025-03-13: 2 problems
2026-10-05T11:11:13.0712573Z   2025-03-12: 2 problems
2026-10-05T11:11:13.3227286Z   2025-03-11: 2 problems
2026-10-05T11:11:13.5758976Z   2025-03-10: 2 problems
2026-10-05T11:11:13.8229734Z   2025-03-08: 2 problems
2026-10-05T11:11:14.1247846Z   2025-03-07: 2 problems
2026-10-05T11:11:14.3743344Z   2025-03-06: 2 problems
2026-10-05T11:11:14.6293210Z   2025-03-05: 2 problems
2026-10-05T11:11:14.8803379Z   2025-03-04: 2 problems
2026-10-05T11:11:15.1557448Z   2025-03-03: 2 problems
2026-10-05T11:11:15.4098255Z   2025-03-01: 2 problems
2026-10-05T11:11:15.6580351Z   2025-02-28: 2 problems
2026-10-05T11:11:15.9184967Z   2025-02-27: 2 problems
2026-10-05T11:11:16.1579812Z   2025-02-26: 2 problems
2026-10-05T11:11:16.3941829Z   2025-02-25: 2 problems
2026-10-05T11:11:16.6541504Z   2025-02-24: 2 problems
2026-10-05T11:11:16.9155929Z   2025-02-22: 2 problems
2026-10-05T11:11:17.2168512Z   2025-02-21: 2 problems
2026-10-05T11:11:17.4967873Z   2025-02-20: 2 problems
2026-10-05T11:11:17.7506083Z   2025-02-19: 2 problems
2026-10-05T11:11:18.0383261Z   2025-02-18: 2 problems
2026-10-05T11:11:18.3117325Z   2025-02-17: 2 problems
2026-10-05T11:11:18.5905574Z   2025-02-15: 2 problems
2026-10-05T11:11:18.8570413Z   2025-02-14: 2 problems
2026-10-05T11:11:19.1487278Z   2025-02-13: 2 problems
2026-10-05T11:11:19.3921586Z   2025-02-12: 2 problems
2026-10-05T11:11:19.6529287Z   2025-02-11: 2 problems
2026-10-05T11:11:19.9154964Z   2025-02-10: 2 problems
2026-10-05T11:11:20.1691582Z   2025-02-08: 2 problems
2026-10-05T11:11:20.4289507Z   2025-02-07: 2 problems
2026-10-05T11:11:20.6822579Z   2025-02-06: 2 problems
2026-10-05T11:11:20.9416483Z   2025-02-05: 2 problems
2026-10-05T11:11:21.2073613Z   2025-02-04: 2 problems
2026-10-05T11:11:21.4808514Z   2025-02-03: 2 problems
2026-10-05T11:11:21.7398312Z   2025-02-01: 2 problems
2026-10-05T11:11:22.0073883Z   2025-01-31: 2 problems
2026-10-05T11:11:22.3161169Z   2025-01-30: 2 problems
2026-10-05T11:11:22.6028744Z   2025-01-29: 2 problems
2026-10-05T11:11:22.8648029Z   2025-01-28: 2 problems
2026-10-05T11:11:23.1096267Z   2025-01-27: 2 problems
2026-10-05T11:11:23.3877014Z   2025-01-25: 2 problems
2026-10-05T11:11:23.6455048Z   2025-01-24: 2 problems
2026-10-05T11:11:24.0213178Z   2025-01-23: 2 problems
2026-10-05T11:11:24.3011732Z   2025-01-22: 2 problems
2026-10-05T11:11:24.5438875Z   2025-01-21: 2 problems
2026-10-05T11:11:24.8032408Z   2025-01-20: 2 problems
2026-10-05T11:11:25.0845166Z   2025-01-18: 2 problems
2026-10-05T11:11:25.3501949Z   2025-01-17: 2 problems
2026-10-05T11:11:25.5850832Z   2025-01-16: 2 problems
2026-10-05T11:11:25.8520278Z   2025-01-15: 2 problems
2026-10-05T11:11:26.1258496Z   2025-01-14: 2 problems
2026-10-05T11:11:26.3970290Z   2025-01-13: 2 problems
2026-10-05T11:11:26.6651389Z   2025-01-11: 2 problems
2026-10-05T11:11:27.0823043Z   2025-01-10: 2 problems
2026-10-05T11:11:27.3363944Z   2025-01-09: 2 problems
2026-10-05T11:11:27.6066777Z   2025-01-08: 2 problems
2026-10-05T11:11:27.8434469Z   2025-01-07: 2 problems
2026-10-05T11:11:28.1033484Z   2025-01-06: 2 problems
2026-10-05T11:11:28.3436382Z   2025-01-04: 2 problems
2026-10-05T11:11:28.7150741Z   2025-01-03: 2 problems
2026-10-05T11:11:28.9900038Z   2025-01-02: 2 problems
2026-10-05T11:11:29.2285727Z   2025-01-01: 2 problems
2026-10-05T11:11:29.4771211Z   2024-12-31: 2 problems
2026-10-05T11:11:29.7314517Z   2024-12-30: 2 problems
2026-10-05T11:11:30.0783495Z   2024-12-28: 2 problems
2026-10-05T11:11:30.5659741Z   2024-12-27: 2 problems
2026-10-05T11:11:30.9157449Z   2024-12-26: 2 problems
2026-10-05T11:11:31.1528707Z   2024-12-25: 2 problems
2026-10-05T11:11:31.4016620Z   2024-12-24: 2 problems
2026-10-05T11:11:31.6292467Z   2024-12-23: 2 problems
2026-10-05T11:11:31.9660502Z   2024-12-21: 2 problems
2026-10-05T11:11:32.2107728Z   2024-12-20: 2 problems
2026-10-05T11:11:32.4660805Z   2024-12-19: 2 problems
2026-10-05T11:11:32.7250631Z   2024-12-18: 2 problems
2026-10-05T11:11:32.9623828Z   2024-12-17: 2 problems
2026-10-05T11:11:33.2127761Z   2024-12-16: 2 problems
2026-10-05T11:11:33.4620152Z   2024-12-14: 2 problems
2026-10-05T11:11:33.7390721Z   2024-12-13: 2 problems
2026-10-05T11:11:34.1073450Z   2024-12-12: 2 problems
2026-10-05T11:11:34.3798219Z   2024-12-11: 2 problems
2026-10-05T11:11:34.6304795Z   2024-12-10: 2 problems
2026-10-05T11:11:34.8856726Z   2024-12-09: 2 problems
2026-10-05T11:11:35.1247451Z   2024-12-07: 2 problems
2026-10-05T11:11:35.3671869Z   2024-12-06: 2 problems
2026-10-05T11:11:35.6220501Z   2024-12-05: 2 problems
2026-10-05T11:11:35.8804406Z   2024-12-04: 2 problems
2026-10-05T11:11:36.1203117Z   2024-12-03: 2 problems
2026-10-05T11:11:36.3633658Z   2024-12-02: 2 problems
2026-10-05T11:11:36.5974601Z   2024-11-30: 2 problems
2026-10-05T11:11:36.8446028Z   2024-11-29: 2 problems
2026-10-05T11:11:37.0879308Z   2024-11-28: 2 problems
2026-10-05T11:11:37.3227708Z   2024-11-27: 2 problems
2026-10-05T11:11:37.5552819Z   2024-11-26: 2 problems
2026-10-05T11:11:37.8009692Z   2024-11-25: 2 problems
2026-10-05T11:11:38.0431187Z   2024-11-23: 2 problems
2026-10-05T11:11:38.3235114Z   2024-11-22: 2 problems
2026-10-05T11:11:38.5096512Z   2024-11-21: 2 problems
2026-10-05T11:11:38.7671953Z   2024-11-20: 2 problems
2026-10-05T11:11:39.0241780Z   2024-11-19: 2 problems
2026-10-05T11:11:39.2785591Z   2024-11-18: 2 problems
2026-10-05T11:11:39.5054105Z   2024-11-16: 2 problems
2026-10-05T11:11:39.7721482Z   2024-11-15: 2 problems
2026-10-05T11:11:40.0131124Z   2024-11-14: 2 problems
2026-10-05T11:11:40.2896592Z   2024-11-13: 2 problems
2026-10-05T11:11:40.5762692Z   2024-11-12: 2 problems
2026-10-05T11:11:40.8316360Z   2024-11-11: 2 problems
2026-10-05T11:11:41.1686462Z   2024-11-09: 2 problems
2026-10-05T11:11:41.4459088Z   2024-11-08: 2 problems
2026-10-05T11:11:41.7029478Z   2024-11-07: 2 problems
2026-10-05T11:11:42.0903820Z   2024-11-06: 2 problems
2026-10-05T11:11:42.3727584Z   2024-11-05: 2 problems
2026-10-05T11:11:42.6454057Z   2024-11-04: 2 problems
2026-10-05T11:11:42.9042523Z   2024-11-02: 2 problems
2026-10-05T11:11:43.1590371Z   2024-11-01: 2 problems
2026-10-05T11:11:43.4151221Z   2024-10-31: 2 problems
2026-10-05T11:11:43.6811193Z   2024-10-30: 2 problems
2026-10-05T11:11:43.9378169Z   2024-10-29: 2 problems
2026-10-05T11:11:44.2192865Z   2024-10-28: 2 problems
2026-10-05T11:11:44.4859152Z   2024-10-26: 2 problems
2026-10-05T11:11:44.7466301Z   2024-10-25: 2 problems
2026-10-05T11:11:45.0020065Z   2024-10-24: 2 problems
2026-10-05T11:11:45.2590387Z   2024-10-23: 2 problems
2026-10-05T11:11:45.7272541Z   2024-10-22: 2 problems
2026-10-05T11:11:46.0804151Z   2024-10-21: 2 problems
2026-10-05T11:11:46.3436232Z   2024-10-19: 2 problems
2026-10-05T11:11:46.6012325Z   2024-10-18: 2 problems
2026-10-05T11:11:46.8412344Z   2024-10-17: 2 problems
2026-10-05T11:11:47.0990853Z   2024-10-16: 2 problems
2026-10-05T11:11:47.3381070Z   2024-10-15: 2 problems
2026-10-05T11:11:47.5978717Z   2024-10-14: 2 problems
2026-10-05T11:11:47.8314908Z   2024-10-12: 2 problems
2026-10-05T11:11:48.0782796Z   2024-10-11: 2 problems
2026-10-05T11:11:48.3297229Z   2024-10-10: 2 problems
2026-10-05T11:11:48.6112367Z   2024-10-09: 2 problems
2026-10-05T11:11:48.8676167Z   2024-10-08: 2 problems
2026-10-05T11:11:49.1011652Z   2024-10-07: 2 problems
2026-10-05T11:11:49.3704704Z   2024-10-05: 2 problems
2026-10-05T11:11:49.6465769Z   2024-10-04: 2 problems
2026-10-05T11:11:49.9487573Z   2024-10-03: 2 problems
2026-10-05T11:11:50.2428892Z   2024-10-02: 2 problems
2026-10-05T11:11:50.6396166Z   2024-10-01: 2 problems
2026-10-05T11:11:50.8835588Z   2024-09-30: 2 problems
2026-10-05T11:11:51.1342059Z   2024-09-28: 2 problems
2026-10-05T11:11:51.3849844Z   2024-09-27: 2 problems
2026-10-05T11:11:51.6452975Z   2024-09-26: 2 problems
2026-10-05T11:11:51.8780882Z   2024-09-25: 2 problems
2026-10-05T11:11:52.0411652Z   2024-09-24: 2 problems
2026-10-05T11:11:52.3783630Z   2024-09-23: 2 problems
2026-10-05T11:11:52.6384477Z   2024-09-21: 2 problems
2026-10-05T11:11:52.8793772Z   2024-09-20: 2 problems
2026-10-05T11:11:53.1500339Z   2024-09-19: 2 problems
2026-10-05T11:11:53.3966321Z   2024-09-18: 2 problems
2026-10-05T11:11:53.7612624Z   2024-09-17: 2 problems
2026-10-05T11:11:54.0127775Z   2024-09-16: 2 problems
2026-10-05T11:11:54.2718070Z   2024-09-14: 2 problems
2026-10-05T11:11:54.5088733Z   2024-09-13: 2 problems
2026-10-05T11:11:54.7696023Z   2024-09-12: 2 problems
2026-10-05T11:11:54.9992221Z   2024-09-11: 2 problems
2026-10-05T11:11:55.2407502Z   2024-09-10: 2 problems
2026-10-05T11:11:55.5077143Z   2024-09-09: 2 problems
2026-10-05T11:11:55.7608429Z   2024-09-07: 2 problems
2026-10-05T11:11:56.0194943Z   2024-09-06: 2 problems
2026-10-05T11:11:56.2660462Z   2024-09-05: 2 problems
2026-10-05T11:11:56.5111951Z   2024-09-04: 2 problems
2026-10-05T11:11:56.7727428Z   2024-09-03: 2 problems
2026-10-05T11:11:57.0314337Z   2024-09-02: 2 problems
2026-10-05T11:11:57.2782649Z   2024-08-31: 2 problems
2026-10-05T11:11:57.5061200Z   2024-08-30: 2 problems
2026-10-05T11:11:57.7621359Z   2024-08-29: 2 problems
2026-10-05T11:11:58.0131056Z   2024-08-28: 2 problems
2026-10-05T11:11:58.2635737Z   2024-08-27: 2 problems
2026-10-05T11:11:58.5163846Z   2024-08-26: 2 problems
2026-10-05T11:11:58.7560599Z   2024-08-24: 2 problems
2026-10-05T11:11:58.9908122Z   2024-08-23: 2 problems
2026-10-05T11:11:59.2722349Z   2024-08-22: 2 problems
2026-10-05T11:11:59.5205113Z   2024-08-21: 2 problems
2026-10-05T11:11:59.7613277Z   2024-08-20: 2 problems
2026-10-05T11:12:00.0193586Z   2024-08-19: 2 problems
2026-10-05T11:12:00.2634034Z   2024-08-17: 2 problems
2026-10-05T11:12:00.5218174Z   2024-08-16: 2 problems
2026-10-05T11:12:00.7741331Z   2024-08-15: 2 problems
2026-10-05T11:12:01.0391277Z   2024-08-14: 2 problems
2026-10-05T11:12:01.2934991Z   2024-08-13: 2 problems
2026-10-05T11:12:01.5349459Z   2024-08-12: 2 problems
2026-10-05T11:12:01.7723940Z   2024-08-10: 2 problems
2026-10-05T11:12:02.0193197Z   2024-08-09: 2 problems
2026-10-05T11:12:02.2603922Z   2024-08-08: 2 problems
2026-10-05T11:12:02.4877758Z   2024-08-07: 2 problems
2026-10-05T11:12:02.8245098Z   2024-08-06: 2 problems
2026-10-05T11:12:03.0837783Z   2024-08-05: 2 problems
2026-10-05T11:12:03.3196154Z   2024-08-03: 2 problems
2026-10-05T11:12:03.5538620Z   2024-08-02: 2 problems
2026-10-05T11:12:03.9611328Z   2024-08-01: 2 problems
2026-10-05T11:12:04.2069280Z   2024-07-31: 2 problems
2026-10-05T11:12:04.4676247Z   2024-07-30: 2 problems
2026-10-05T11:12:04.7268215Z   2024-07-29: 2 problems
2026-10-05T11:12:04.9757458Z   2024-07-27: 2 problems
2026-10-05T11:12:05.2243044Z   2024-07-26: 2 problems
2026-10-05T11:12:05.4766335Z   2024-07-25: 2 problems
2026-10-05T11:12:05.6968223Z   2024-07-24: 2 problems
2026-10-05T11:12:05.9428120Z   2024-07-23: 2 problems
2026-10-05T11:12:06.2122186Z   2024-07-22: 2 problems
2026-10-05T11:12:06.4406171Z   2024-07-20: 2 problems
2026-10-05T11:12:06.6817121Z   2024-07-19: 2 problems
2026-10-05T11:12:06.9690688Z   2024-07-18: 2 problems
2026-10-05T11:12:07.2442636Z   2024-07-17: 2 problems
2026-10-05T11:12:07.5025737Z   2024-07-16: 2 problems
2026-10-05T11:12:07.8411704Z   2024-07-15: 2 problems
2026-10-05T11:12:08.1123584Z   2024-07-13: 2 problems
2026-10-05T11:12:08.2671589Z   2024-07-12: 2 problems
2026-10-05T11:12:08.5076166Z   2024-07-11: 2 problems
2026-10-05T11:12:08.7362398Z   2024-07-10: 2 problems
2026-10-05T11:12:08.9930203Z   2024-07-09: 2 problems
2026-10-05T11:12:09.2345279Z   2024-07-08: 2 problems
2026-10-05T11:12:09.4888023Z   2024-07-06: 2 problems
2026-10-05T11:12:09.7267484Z   2024-07-05: 2 problems
2026-10-05T11:12:09.9992907Z   2024-07-04: 2 problems
2026-10-05T11:12:10.2279279Z   2024-07-03: 2 problems
2026-10-05T11:12:10.4686829Z   2024-07-02: 2 problems
2026-10-05T11:12:10.7258567Z   2024-07-01: 2 problems
2026-10-05T11:12:11.1636346Z   2024-06-29: 2 problems
2026-10-05T11:12:11.4302606Z   2024-06-28: 2 problems
2026-10-05T11:12:11.7641447Z   2024-06-27: 2 problems
2026-10-05T11:12:11.9792704Z   2024-06-26: 2 problems
2026-10-05T11:12:12.4136623Z   2024-06-25: 2 problems
2026-10-05T11:12:12.7803062Z   2024-06-24: 2 problems
2026-10-05T11:12:13.0294548Z   2024-06-22: 2 problems
2026-10-05T11:12:13.4112699Z   2024-06-21: 2 problems
2026-10-05T11:12:13.7618883Z   2024-06-20: 2 problems
2026-10-05T11:12:14.0196346Z   2024-06-19: 2 problems
2026-10-05T11:12:14.3584201Z   2024-06-18: 2 problems
2026-10-05T11:12:14.6403856Z   2024-06-17: 2 problems
2026-10-05T11:12:14.9173851Z   2024-06-15: 2 problems
2026-10-05T11:12:15.1546836Z   2024-06-14: 2 problems
2026-10-05T11:12:15.4053149Z   2024-06-13: 2 problems
2026-10-05T11:12:15.6645477Z   2024-06-12: 2 problems
2026-10-05T11:12:16.0274157Z   2024-06-11: 2 problems
2026-10-05T11:12:16.3831146Z   2024-06-10: 2 problems
2026-10-05T11:12:16.6365635Z   2024-06-08: 2 problems
2026-10-05T11:12:16.8989097Z   2024-06-07: 2 problems
2026-10-05T11:12:17.1594489Z   2024-06-06: 2 problems
2026-10-05T11:12:17.4246590Z   2024-06-05: 2 problems
2026-10-05T11:12:17.6855242Z   2024-06-04: 2 problems
2026-10-05T11:12:17.9272507Z   2024-06-03: 2 problems
2026-10-05T11:12:18.1929961Z   2024-06-01: 2 problems
2026-10-05T11:12:18.4478438Z   2024-05-31: 2 problems
2026-10-05T11:12:18.7143027Z   2024-05-30: 2 problems
2026-10-05T11:12:18.9496208Z   2024-05-29: 2 problems
2026-10-05T11:12:19.2173976Z   2024-05-28: 2 problems
2026-10-05T11:12:19.4755199Z   2024-05-27: 2 problems
2026-10-05T11:12:19.8022617Z   2024-05-25: 2 problems
2026-10-05T11:12:20.0368022Z   2024-05-24: 2 problems
2026-10-05T11:12:20.2715064Z   2024-05-23: 2 problems
2026-10-05T11:12:20.6125677Z   2024-05-22: 2 problems
2026-10-05T11:12:21.1851760Z   2024-05-21: 2 problems
2026-10-05T11:12:21.4694527Z   2024-05-20: 2 problems
2026-10-05T11:12:21.8047886Z   2024-05-18: 2 problems
2026-10-05T11:12:22.0725586Z   2024-05-17: 2 problems
2026-10-05T11:12:22.5672223Z   2024-05-16: 2 problems
2026-10-05T11:12:23.0692725Z   2024-05-15: 2 problems
2026-10-05T11:12:23.3476149Z   2024-05-14: 2 problems
2026-10-05T11:12:23.6282439Z   2024-05-13: 2 problems
2026-10-05T11:12:23.9921564Z   2024-05-11: 2 problems
2026-10-05T11:12:24.2764957Z   2024-05-10: 2 problems
2026-10-05T11:12:24.5376053Z   2024-05-09: 2 problems
2026-10-05T11:12:24.7945326Z   2024-05-08: 2 problems
2026-10-05T11:12:25.0421499Z   2024-05-07: 2 problems
2026-10-05T11:12:25.2553351Z   2024-05-06: 2 problems
2026-10-05T11:12:25.5226091Z   2024-05-04: 2 problems
2026-10-05T11:12:25.7897762Z   2024-05-03: 2 problems
2026-10-05T11:12:26.0244705Z   2024-05-02: 2 problems
2026-10-05T11:12:26.2825610Z   2024-05-01: 2 problems
2026-10-05T11:12:26.5150135Z   2024-04-30: 2 problems
2026-10-05T11:12:26.7818640Z   2024-04-29: 2 problems
2026-10-05T11:12:27.0164233Z   2024-04-27: 2 problems
2026-10-05T11:12:27.2493274Z   2024-04-26: 2 problems
2026-10-05T11:12:27.5073261Z   2024-04-25: 2 problems
2026-10-05T11:12:27.7591947Z   2024-04-24: 2 problems
2026-10-05T11:12:27.9932021Z   2024-04-23: 2 problems
2026-10-05T11:12:28.2339122Z   2024-04-22: 2 problems
2026-10-05T11:12:28.4724340Z   2024-04-20: 2 problems
2026-10-05T11:12:28.7122257Z   2024-04-19: 2 problems
2026-10-05T11:12:28.9959443Z   2024-04-18: 2 problems
2026-10-05T11:12:29.2373311Z   2024-04-17: 2 problems
2026-10-05T11:12:29.4863753Z   2024-04-16: 2 problems
2026-10-05T11:12:29.7475978Z   2024-04-15: 2 problems
2026-10-05T11:12:30.1086157Z   2024-04-13: 2 problems
2026-10-05T11:12:30.4879201Z   2024-04-12: 2 problems
2026-10-05T11:12:30.7365585Z   2024-04-11: 2 problems
2026-10-05T11:12:30.9695672Z   2024-04-10: 2 problems
2026-10-05T11:12:31.2183016Z   2024-04-09: 2 problems
2026-10-05T11:12:31.4495414Z   2024-04-08: 2 problems
2026-10-05T11:12:31.6819377Z   2024-04-06: 2 problems
2026-10-05T11:12:31.9534265Z   2024-04-05: 2 problems
2026-10-05T11:12:32.2209150Z   2024-04-04: 2 problems
2026-10-05T11:12:32.4677807Z   2024-04-03: 2 problems
2026-10-05T11:12:32.7341770Z   2024-04-02: 2 problems
2026-10-05T11:12:32.9989493Z   2024-04-01: 2 problems
2026-10-05T11:12:33.3800226Z   2024-03-30: 2 problems
2026-10-05T11:12:33.6326530Z   2024-03-29: 2 problems
2026-10-05T11:12:33.8741885Z   2024-03-28: 2 problems
2026-10-05T11:12:34.1097821Z   2024-03-27: 2 problems
2026-10-05T11:12:34.3628555Z   2024-03-26: 2 problems
2026-10-05T11:12:34.6209958Z   2024-03-25: 2 problems
2026-10-05T11:12:34.8672475Z   2024-03-23: 2 problems
2026-10-05T11:12:35.1243425Z   2024-03-22: 2 problems
2026-10-05T11:12:35.3833805Z   2024-03-21: 2 problems
2026-10-05T11:12:35.6473060Z   2024-03-20: 2 problems
2026-10-05T11:12:35.8969061Z   2024-03-19: 2 problems
2026-10-05T11:12:36.1737606Z   2024-03-18: 2 problems
2026-10-05T11:12:36.4321695Z   2024-03-16: 2 problems
2026-10-05T11:12:36.6828419Z   2024-03-15: 2 problems
2026-10-05T11:12:36.9102298Z   2024-03-14: 2 problems
2026-10-05T11:12:37.1603694Z   2024-03-13: 2 problems
2026-10-05T11:12:37.4276122Z   2024-03-12: 2 problems
2026-10-05T11:12:37.6700509Z   2024-03-11: 2 problems
2026-10-05T11:12:38.1734927Z   2024-03-09: 2 problems
2026-10-05T11:12:38.4097429Z   2024-03-08: 2 problems
2026-10-05T11:12:38.6554347Z   2024-03-07: 2 problems
2026-10-05T11:12:38.9329004Z   2024-03-06: 2 problems
2026-10-05T11:12:39.1948348Z   2024-03-05: 2 problems
2026-10-05T11:12:39.4363240Z   2024-03-04: 2 problems
2026-10-05T11:12:39.7008521Z   2024-03-02: 2 problems
2026-10-05T11:12:39.9561044Z   2024-03-01: 2 problems
2026-10-05T11:12:40.1819188Z   2024-02-29: 2 problems
2026-10-05T11:12:40.4261939Z   2024-02-28: 2 problems
2026-10-05T11:12:40.6919132Z   2024-02-27: 2 problems
2026-10-05T11:12:40.9270388Z   2024-02-26: 2 problems
2026-10-05T11:12:40.9271755Z Building categories...
2026-10-05T11:12:43.3335380Z Wrote /home/runner/work/ys_problem_web/ys_problem_web/data/daily.json (814 days, 21 categories).
2026-10-05T11:12:43.3336119Z Syncing leaderboard (records.js from gh-pages)...
2026-10-05T11:12:43.4191835Z   ✓ 361 players, data through 2026-10-03 (unchanged)
2026-10-05T11:12:43.4192273Z LEADERBOARD-SYNC {"changed":false,"players":361,"currentDate":"2026-10-03"}
2026-10-05T11:12:43.4308149Z ##[group]Run node scripts/translate-ai.mjs
2026-10-05T11:12:43.4308455Z [36;1mnode scripts/translate-ai.mjs[0m
2026-10-05T11:12:43.4343962Z shell: /usr/bin/bash -e {0}
2026-10-05T11:12:43.4344201Z env:
2026-10-05T11:12:43.4344570Z   AI_BASE_URL: ***
2026-10-05T11:12:43.4344859Z   AI_API_KEY: ***
2026-10-05T11:12:43.4345058Z   AI_MODEL: deepseek-v4-flash
2026-10-05T11:12:43.4345276Z   AI_TRANSLATE_LIMIT: 60
2026-10-05T11:12:43.4345486Z ##[endgroup]
2026-10-05T11:12:43.4649729Z (node:3772) [MODULE_TYPELESS_PACKAGE_JSON] Warning: Module type of file:///home/runner/work/ys_problem_web/ys_problem_web/lib/mt-protect.js is not specified and it doesn't parse as CommonJS.
2026-10-05T11:12:43.4650613Z Reparsing as ES module because module syntax was detected. This incurs a performance overhead.
2026-10-05T11:12:43.4651182Z To eliminate this warning, add "type": "module" to /home/runner/work/ys_problem_web/ys_problem_web/package.json.
2026-10-05T11:12:43.4651807Z (Use `node --trace-warnings ...` to show where the warning was created)
2026-10-05T11:12:43.5630440Z GYM103426B: 1 segment(s) to translate
2026-10-05T11:12:48.2563051Z   ✓ note[4]: $$$4,3,1,2$$$;… [tokens in=105 out=156 cached=0]
2026-10-05T11:12:48.5584674Z GYM106687C: 8 segment(s) to translate
2026-10-05T11:12:54.6488614Z   ✓ legend[5]: 换言之，从 $$$S$$$ 中的三元组中删除任意一个坐标，必须能产生另外两个坐标的所有可能二元组… [tokens in=143 out=408 cached=0]
2026-10-05T11:13:00.3570411Z   ✓ input[0]: 第一行包含一个整数 $$$T$$$($$$1\le T\le 100$$$)，即测试用例的数量。… [tokens in=122 out=248 cached=0]
2026-10-05T11:13:09.4287886Z   ✓ input[1]: 对于每个测试用例，一行包含三个整数 $$$a,b,c$$$($$$1\le a\le 100$$… [tokens in=128 out=769 cached=0]
2026-10-05T11:13:13.2523001Z   ✓ output[0]: 对于每个测试用例，输出若干行：… [tokens in=111 out=38 cached=0]
2026-10-05T11:13:16.8543627Z   ✓ output[1]: 第一行包含一个整数 $$$m$$$，表示 $$$|S|$$$ 的最小可能值。… [tokens in=121 out=149 cached=0]
2026-10-05T11:13:22.6058310Z   ✓ output[2]: 接下来的 $$$m$$$ 行每行包含三个整数 $$$x,y,z$$$，描述 $$$S$$$ 中的… [tokens in=126 out=206 cached=0]
2026-10-05T11:13:26.7487911Z   ✓ output[3]: $$$m$$$ 三元组必须两两不同。它们的顺序无关紧要。如果有多个最小大小的集合合法，输出其中任… [tokens in=134 out=191 cached=0]
2026-10-05T11:13:31.4973107Z   ✓ note[0]: 样例输出是一种可能的答案。其他合法的最小规模集合也被接受。… [tokens in=119 out=218 cached=0]
2026-10-05T11:13:31.7981150Z GYM106687E: 15 segment(s) to translate
2026-10-05T11:13:36.0625954Z   ✓ title[0]: E. 编码最短路径… [tokens in=110 out=138 cached=0]
2026-10-05T11:13:40.9341108Z   ✓ legend[0]: 给定一个无向图，包含 $$$n$$$ 个顶点，编号从 $$$1$$$ 到 $$$n$$$，以及 … [tokens in=161 out=321 cached=0]
2026-10-05T11:13:49.1583348Z   ✓ legend[1]: 考虑一条从顶点 $$$1$$$ 出发，并按此顺序经过边权为 $$$w_1,w_2,\dots,w… [tokens in=150 out=729 cached=0]
2026-10-05T11:13:57.1889701Z   ✓ legend[2]: $$$$$$ w_1\cdot k^{L-1}+w_2\cdot k^{L-2}+\cdots+… [tokens in=107 out=546 cached=0]
2026-10-05T11:14:01.7448092Z   ✓ legend[3]: 空游走的总权重为 $$$0$$$。… [tokens in=112 out=107 cached=0]
2026-10-05T11:14:07.1151614Z   ✓ legend[4]: 对于每个顶点 $$$v$$$，设 $$$\mathrm{dist}(v)$$$ 为从顶点 $$$… [tokens in=147 out=326 cached=0]
2026-10-05T11:14:12.1333620Z   ✓ legend[5]: 对于每个顶点 $$$v$$$，求出 $$$\mathrm{dist}(v)$$$ 模 $$$99… [tokens in=119 out=213 cached=0]
2026-10-05T11:14:17.4581379Z   ✓ input[0]: 第一行包含一个整数 $$$T$$$ ($$$1\le T\le10^4$$$)，表示测试用例的数… [tokens in=122 out=257 cached=0]
2026-10-05T11:14:21.6037564Z   ✓ input[1]: 对于每个测试用例：… [tokens in=107 out=157 cached=0]
2026-10-05T11:14:25.6574801Z   ✓ input[2]: 第一行包含三个整数 $$$n$$$、$$$m$$$ 和 $$$k$$$($$$1\le n\le… [tokens in=157 out=247 cached=0]
2026-10-05T11:14:29.8177128Z   ✓ input[3]: 接下来的 $$$m$$$ 行每行包含三个整数 $$$u$$$、$$$v$$$ 和 $$$w$$$… [tokens in=161 out=168 cached=0]
2026-10-05T11:14:34.4890054Z   ✓ input[4]: 保证所有测试用例中 $$$n$$$ 的总和不超过 $$$2\times10^5$$$，并且所有测… [tokens in=143 out=226 cached=0]
2026-10-05T11:14:38.5424237Z   ✓ output[0]: 对于每个测试用例，输出一行包含 $$$n$$$ 个整数。对于每个 $$$1\le i\le n$… [tokens in=161 out=251 cached=0]
2026-10-05T11:14:45.1324886Z   ✓ note[0]: 在样例中，空游走给出 $$$\mathrm{dist}(1)=0$$$。仅含一条边的游走给出 $… [tokens in=128 out=516 cached=0]
2026-10-05T11:14:49.7799674Z   ✓ note[1]: 从顶点$$$1$$$到顶点$$$4$$$有两条长度为二的路径。它们总权重分别为$$$1\cdot… [tokens in=152 out=234 cached=0]
2026-10-05T11:14:50.0816025Z GYM106598M: 13 segment(s) to translate
2026-10-05T11:14:56.6937272Z   ✓ title[0]: M. 多词… [tokens in=106 out=257 cached=0]
2026-10-05T11:15:03.0645997Z   ✓ legend[0]: 在穿越圣保罗的漫长巴士旅途中，Miguel 喜欢透过车窗观察路牌。路线似乎没有尽头：巴士穿过诸如… [tokens in=179 out=453 cached=0]
2026-10-05T11:15:06.7016260Z   ✓ legend[1]: ![](https://espresso.codeforces.com/dccdadc4fea4… [tokens in=105 out=92 cached=0]
2026-10-05T11:15:11.5855907Z   ✓ legend[2]: 在旅途中的某一时刻，当他经过城市的一个区域时，他看到相同的字母序列 $$$s$$$ 重复了 $$… [tokens in=158 out=215 cached=0]
2026-10-05T11:15:17.8858494Z   ✓ legend[3]: 然而，在回家的路上，路线有所不同：首先出现的是写有 $$$t$$$ 的标牌，重复 $$$q$$$… [tokens in=175 out=557 cached=0]
2026-10-05T11:15:23.2144059Z   ✓ legend[4]: 给定一个字符串 $$$u$$$ 和一个非负整数 $$$k$$$，令 $$$u^k$$$ 为由 $… [tokens in=152 out=369 cached=0]
2026-10-05T11:15:31.2255759Z   ✓ legend[5]: 回忆一下，在字典序中，如果在第一个不同的位置上，$$$a$$$ 的字符小于 $$$b$$$ 的字… [tokens in=173 out=732 cached=0]
2026-10-05T11:15:36.0269965Z   ✓ legend[6]: 你的任务是按字典序比较字符串 $$$s^p t^q$$$ 和 $$$t^q s^p$$$。… [tokens in=121 out=210 cached=0]
2026-10-05T11:15:40.1630876Z   ✓ input[0]: 输入的第一行包含字符串 $$$s$$$ 和 $$$t$$$。… [tokens in=120 out=166 cached=0]
2026-10-05T11:15:44.8552859Z   ✓ input[1]: 第二行包含整数 $$$p$$$ 和 $$$q$$$。… [tokens in=117 out=118 cached=0]
2026-10-05T11:15:48.7633252Z   ✓ input[2]: 字符串 $$$s$$$ 和 $$$t$$$ 非空且仅由小写英文字母组成，满足 $$$1 \leq… [tokens in=129 out=223 cached=0]
2026-10-05T11:15:52.6669702Z   ✓ input[3]: 整数满足 $$$0 \leq p, q \leq 10^9$$$。… [tokens in=109 out=154 cached=0]
2026-10-05T11:15:58.8297315Z   ✓ output[0]: 输出必须包含单独一行，其中只有一个字符：如果 $$$s^p t^q$$$ 和 $$$t^q s^… [tokens in=152 out=505 cached=0]
2026-10-05T11:15:59.1313428Z GYM102201A: 12 segment(s) to translate
2026-10-05T11:16:07.6506023Z   ✓ title[0]: A. A 加等于 B… [tokens in=109 out=847 cached=0]
2026-10-05T11:16:12.5506791Z   ✓ legend[0]: A + B 是一个用来测试算法竞赛基础知识的题目。这里是它的又一个无聊变体。… [tokens in=130 out=228 cached=0]
2026-10-05T11:16:16.0969774Z   ✓ legend[1]: 你有两个整数 A 和 B。你想让它们相等。为此，你可以执行若干步，其中每一步是以下之一：… [tokens in=137 out=141 cached=0]
2026-10-05T11:16:19.4242073Z   ✓ legend[2]: A+=A… [tokens in=105 out=88 cached=0]
2026-10-05T11:16:23.5384530Z   ✓ legend[3]: A+=B… [tokens in=105 out=79 cached=0]
2026-10-05T11:16:27.6857962Z   ✓ legend[4]: B+=A… [tokens in=105 out=56 cached=0]
2026-10-05T11:16:31.5521941Z   ✓ legend[5]: B+=B… [tokens in=105 out=96 cached=0]
2026-10-05T11:16:36.1188607Z   ✓ legend[6]: 不幸的是，A + B 对我们来说是一道难题，所以你最多只能进行 5000 步。… [tokens in=129 out=227 cached=0]
2026-10-05T11:16:40.5556182Z   ✓ input[0]: 给定两个整数 A, B。(1 ≤ A, B ≤ 1018)。… [tokens in=126 out=222 cached=0]
2026-10-05T11:16:46.0156194Z   ✓ output[0]: 在第一行，输出一个整数 n (0 ≤ n ≤ 5000)，表示步数。… [tokens in=130 out=151 cached=0]
2026-10-05T11:16:50.0488580Z   ✓ output[1]: 在接下来的 n 行中，输出以下字符串之一来表示你期望的操作："A+=A"、"A+=B"、"B+=… [tokens in=140 out=203 cached=0]
2026-10-05T11:16:54.3787463Z   ✓ output[2]: 任何能得到所需结果的步骤序列都将被判为正确。… [tokens in=116 out=201 cached=0]
2026-10-05T11:16:54.6794459Z GYM102254H: 8 segment(s) to translate
2026-10-05T11:16:59.2722725Z   ✓ title[0]: H. 厚望… [tokens in=107 out=148 cached=0]
2026-10-05T11:17:10.5808816Z   ✓ legend[0]: 在非常遥远的未来，在 IME 毕业的最后一年，VFs 冲着 César 来了，而他又一次拿到了低… [tokens in=166 out=1164 cached=0]
2026-10-05T11:17:15.9475150Z   ✓ legend[1]: 教授给出了一份习题清单(用来提高 VE 成绩)，但这次他做得太过分了。为了完成这份清单，Césa… [tokens in=195 out=349 cached=0]
2026-10-05T11:17:24.6911881Z   ✓ legend[2]: 完成这些计算，他就能提交名单了。由于 César 需要在其他所有学科上取得超过 $$$4$$$ … [tokens in=148 out=793 cached=0]
2026-10-05T11:17:37.1551868Z   ✓ input[0]: 输入的第一行包含一个整数 $$$q$$$($$$1 \le q \le 10^5$$$)——需要… [tokens in=126 out=162 cached=0]
2026-10-05T11:17:40.5360896Z   ✓ input[1]: 接下来的 $$$q$$$ 行，每行包含两个整数 $$${n_i}$$$ 和 $$${m_i}$$… [tokens in=150 out=173 cached=0]
2026-10-05T11:17:46.4851064Z   ✓ output[0]: 对于输入中的每个 $$$n_i$$$ 和 $$$m_i$$$，输出一个整数 $$$x_i$$$(… [tokens in=134 out=437 cached=0]
2026-10-05T11:17:51.2086430Z   ✓ output[1]: 如果不存在，输出 $$$-1$$$。… [tokens in=113 out=82 cached=0]
2026-10-05T11:17:51.5081248Z GYM102873F: 12 segment(s) to translate
2026-10-05T11:17:56.8935584Z   ✓ title[0]: F. 网格上的游戏… [tokens in=107 out=359 cached=0]
2026-10-05T11:18:04.5321232Z   ✓ legend[0]: Alice 和 Bob 正在一个由方格组成的 $$$n\times n$$$ 网格上玩游戏。他们… [tokens in=145 out=703 cached=0]
2026-10-05T11:18:12.0316678Z   ✓ legend[1]: 在一次操作中，Alice 可以选择一个 $$$2 \times 2$$$ 空方格，并将四个格子全… [tokens in=163 out=670 cached=0]
2026-10-05T11:18:12.3331227Z Done: 60 segment(s) translated (hit limit 60).
2026-10-05T11:18:12.3331975Z ── AI Token 用量（本次运行）──
2026-10-05T11:18:12.3332315Z   模型 deepseek-v4-flash · 请求成功 60 / 失败 0
2026-10-05T11:18:12.3442037Z   输入 7,933 + 输出 18,449 = 合计 26,382 tokens
2026-10-05T11:18:12.3442532Z   其中缓存命中 0 tokens（计费远低于未命中输入）
2026-10-05T11:18:12.3452076Z TOKEN-USAGE {"model":"deepseek-v4-flash","ok":60,"fail":0,"in":7933,"out":18449,"cached":0,"segments":[{"code":"GYM103426B","seg":"note[4]","in":105,"out":156,"cached":0},{"code":"GYM106687C","seg":"legend[5]","in":143,"out":408,"cached":0},{"code":"GYM106687C","seg":"input[0]","in":122,"out":248,"cached":0},{"code":"GYM106687C","seg":"input[1]","in":128,"out":769,"cached":0},{"code":"GYM106687C","seg":"output[0]","in":111,"out":38,"cached":0},{"code":"GYM106687C","seg":"output[1]","in":121,"out":149,"cached":0},{"code":"GYM106687C","seg":"output[2]","in":126,"out":206,"cached":0},{"code":"GYM106687C","seg":"output[3]","in":134,"out":191,"cached":0},{"code":"GYM106687C","seg":"note[0]","in":119,"out":218,"cached":0},{"code":"GYM106687E","seg":"title[0]","in":110,"out":138,"cached":0},{"code":"GYM106687E","seg":"legend[0]","in":161,"out":321,"cached":0},{"code":"GYM106687E","seg":"legend[1]","in":150,"out":729,"cached":0},{"code":"GYM106687E","seg":"legend[2]","in":107,"out":546,"cached":0},{"code":"GYM106687E","seg":"legend[3]","in":112,"out":107,"cached":0},{"code":"GYM106687E","seg":"legend[4]","in":147,"out":326,"cached":0},{"code":"GYM106687E","seg":"legend[5]","in":119,"out":213,"cached":0},{"code":"GYM106687E","seg":"input[0]","in":122,"out":257,"cached":0},{"code":"GYM106687E","seg":"input[1]","in":107,"out":157,"cached":0},{"code":"GYM106687E","seg":"input[2]","in":157,"out":247,"cached":0},{"code":"GYM106687E","seg":"input[3]","in":161,"out":168,"cached":0},{"code":"GYM106687E","seg":"input[4]","in":143,"out":226,"cached":0},{"code":"GYM106687E","seg":"output[0]","in":161,"out":251,"cached":0},{"code":"GYM106687E","seg":"note[0]","in":128,"out":516,"cached":0},{"code":"GYM106687E","seg":"note[1]","in":152,"out":234,"cached":0},{"code":"GYM106598M","seg":"title[0]","in":106,"out":257,"cached":0},{"code":"GYM106598M","seg":"legend[0]","in":179,"out":453,"cached":0},{"code":"GYM106598M","seg":"legend[1]","in":105,"out":92,"cached":0},{"code":"GYM106598M","seg":"legend[2]","in":158,"out":215,"cached":0},{"code":"GYM106598M","seg":"legend[3]","in":175,"out":557,"cached":0},{"code":"GYM106598M","seg":"legend[4]","in":152,"out":369,"cached":0},{"code":"GYM106598M","seg":"legend[5]","in":173,"out":732,"cached":0},{"code":"GYM106598M","seg":"legend[6]","in":121,"out":210,"cached":0},{"code":"GYM106598M","seg":"input[0]","in":120,"out":166,"cached":0},{"code":"GYM106598M","seg":"input[1]","in":117,"out":118,"cached":0},{"code":"GYM106598M","seg":"input[2]","in":129,"out":223,"cached":0},{"code":"GYM106598M","seg":"input[3]","in":109,"out":154,"cached":0},{"code":"GYM106598M","seg":"output[0]","in":152,"out":505,"cached":0},{"code":"GYM102201A","seg":"title[0]","in":109,"out":847,"cached":0},{"code":"GYM102201A","seg":"legend[0]","in":130,"out":228,"cached":0},{"code":"GYM102201A","seg":"legend[1]","in":137,"out":141,"cached":0},{"code":"GYM102201A","seg":"legend[2]","in":105,"out":88,"cached":0},{"code":"GYM102201A","seg":"legend[3]","in":105,"out":79,"cached":0},{"code":"GYM102201A","seg":"legend[4]","in":105,"out":56,"cached":0},{"code":"GYM102201A","seg":"legend[5]","in":105,"out":96,"cached":0},{"code":"GYM102201A","seg":"legend[6]","in":129,"out":227,"cached":0},{"code":"GYM102201A","seg":"input[0]","in":126,"out":222,"cached":0},{"code":"GYM102201A","seg":"output[0]","in":130,"out":151,"cached":0},{"code":"GYM102201A","seg":"output[1]","in":140,"out":203,"cached":0},{"code":"GYM102201A","seg":"output[2]","in":116,"out":201,"cached":0},{"code":"GYM102254H","seg":"title[0]","in":107,"out":148,"cached":0},{"code":"GYM102254H","seg":"legend[0]","in":166,"out":1164,"cached":0},{"code":"GYM102254H","seg":"legend[1]","in":195,"out":349,"cached":0},{"code":"GYM102254H","seg":"legend[2]","in":148,"out":793,"cached":0},{"code":"GYM102254H","seg":"input[0]","in":126,"out":162,"cached":0},{"code":"GYM102254H","seg":"input[1]","in":150,"out":173,"cached":0},{"code":"GYM102254H","seg":"output[0]","in":134,"out":437,"cached":0},{"code":"GYM102254H","seg":"output[1]","in":113,"out":82,"cached":0},{"code":"GYM102873F","seg":"title[0]","in":107,"out":359,"cached":0},{"code":"GYM102873F","seg":"legend[0]","in":145,"out":703,"cached":0},{"code":"GYM102873F","seg":"legend[1]","in":163,"out":670,"cached":0}],"totalTokens":26382}
2026-10-05T11:18:12.3528157Z ##[group]Run CF_STATEMENTS=0 TRANSLATE=0 node scripts/update-data.mjs
2026-10-05T11:18:12.3528561Z [36;1mCF_STATEMENTS=0 TRANSLATE=0 node scripts/update-data.mjs[0m
2026-10-05T11:18:12.3563220Z shell: /usr/bin/bash -e {0}
2026-10-05T11:18:12.3563448Z env:
2026-10-05T11:18:12.3565735Z   GITHUB_TOKEN: ***
2026-10-05T11:18:12.3565930Z ##[endgroup]
2026-10-05T11:18:12.4700493Z Discovering daily problem folders...
2026-10-05T11:18:13.5030194Z Found 814 days, syncing the most recent 814.
2026-10-05T11:18:14.0820434Z   2026-10-05: 2 problems
2026-10-05T11:18:14.4824946Z   2026-10-03: 2 problems
2026-10-05T11:18:14.7657649Z   2026-10-02: 2 problems
2026-10-05T11:18:15.0258510Z   2026-10-01: 2 problems
2026-10-05T11:18:15.2816837Z   2026-09-30: 2 problems
2026-10-05T11:18:15.5380032Z   2026-09-29: 2 problems
2026-10-05T11:18:15.7891291Z   2026-09-28: 2 problems
2026-10-05T11:18:16.0675673Z   2026-09-26: 2 problems
2026-10-05T11:18:16.3387638Z   2026-09-25: 2 problems
2026-10-05T11:18:16.6019100Z   2026-09-24: 2 problems
2026-10-05T11:18:16.8570758Z   2026-09-23: 2 problems
2026-10-05T11:18:17.1387790Z   2026-09-22: 2 problems
2026-10-05T11:18:17.3919026Z   2026-09-21: 2 problems
2026-10-05T11:18:17.7679621Z   2026-09-19: 2 problems
2026-10-05T11:18:18.1231598Z   2026-09-18: 2 problems
2026-10-05T11:18:18.3637492Z   2026-09-17: 2 problems
2026-10-05T11:18:18.6416758Z   2026-09-16: 2 problems
2026-10-05T11:18:18.9154462Z   2026-09-15: 2 problems
2026-10-05T11:18:19.2204577Z   2026-09-14: 2 problems
2026-10-05T11:18:19.6009402Z   2026-09-12: 2 problems
2026-10-05T11:18:19.8638981Z   2026-09-11: 2 problems
2026-10-05T11:18:20.1314658Z   2026-09-10: 2 problems
2026-10-05T11:18:20.3631617Z   2026-09-09: 2 problems
2026-10-05T11:18:20.5972392Z   2026-09-08: 2 problems
2026-10-05T11:18:21.1455091Z   2026-09-07: 2 problems
2026-10-05T11:18:21.4099882Z   2026-09-05: 2 problems
2026-10-05T11:18:21.6643350Z   2026-09-04: 2 problems
2026-10-05T11:18:21.9385123Z   2026-09-03: 2 problems
2026-10-05T11:18:22.2121058Z   2026-09-02: 2 problems
2026-10-05T11:18:22.4922044Z   2026-09-01: 2 problems
2026-10-05T11:18:22.7384346Z   2026-08-31: 2 problems
2026-10-05T11:18:22.9999674Z   2026-08-29: 2 problems
2026-10-05T11:18:23.2751114Z   2026-08-28: 2 problems
2026-10-05T11:18:23.5483238Z   2026-08-27: 2 problems
2026-10-05T11:18:23.8581537Z   2026-08-26: 2 problems
2026-10-05T11:18:24.2273373Z   2026-08-25: 2 problems
2026-10-05T11:18:24.4869284Z   2026-08-24: 2 problems
2026-10-05T11:18:24.7363120Z   2026-08-22: 2 problems
2026-10-05T11:18:24.9972545Z   2026-08-21: 2 problems
2026-10-05T11:18:25.2409416Z   2026-08-20: 2 problems
2026-10-05T11:18:25.5080567Z   2026-08-19: 2 problems
2026-10-05T11:18:25.7748019Z   2026-08-18: 2 problems
2026-10-05T11:18:26.0276029Z   2026-08-17: 2 problems
2026-10-05T11:18:26.2691128Z   2026-08-15: 2 problems
2026-10-05T11:18:26.5328621Z   2026-08-14: 2 problems
2026-10-05T11:18:26.7656216Z   2026-08-13: 2 problems
2026-10-05T11:18:27.0172456Z   2026-08-12: 2 problems
2026-10-05T11:18:27.2655894Z   2026-08-11: 2 problems
2026-10-05T11:18:27.5429474Z   2026-08-10: 2 problems
2026-10-05T11:18:27.7957211Z   2026-08-08: 2 problems
2026-10-05T11:18:28.0515890Z   2026-08-07: 2 problems
2026-10-05T11:18:28.3140819Z   2026-08-06: 2 problems
2026-10-05T11:18:28.5510174Z   2026-08-05: 2 problems
2026-10-05T11:18:28.8133180Z   2026-08-04: 2 problems
2026-10-05T11:18:29.0672694Z   2026-08-03: 2 problems
2026-10-05T11:18:29.3014956Z   2026-08-01: 2 problems
2026-10-05T11:18:29.4927745Z   2026-07-31: 2 problems
2026-10-05T11:18:29.7410244Z   2026-07-30: 2 problems
2026-10-05T11:18:29.9968317Z   2026-07-29: 2 problems
2026-10-05T11:18:30.2647797Z   2026-07-28: 2 problems
2026-10-05T11:18:30.5039218Z   2026-07-27: 2 problems
2026-10-05T11:18:30.7817387Z   2026-07-25: 2 problems
2026-10-05T11:18:31.0486178Z   2026-07-24: 2 problems
2026-10-05T11:18:31.4465976Z   2026-07-23: 2 problems
2026-10-05T11:18:31.7377583Z   2026-07-22: 2 problems
2026-10-05T11:18:32.0155462Z   2026-07-21: 2 problems
2026-10-05T11:18:32.2482679Z   2026-07-16: 2 problems
2026-10-05T11:18:32.5022379Z   2026-07-15: 2 problems
2026-10-05T11:18:32.7570336Z   2026-07-14: 2 problems
2026-10-05T11:18:33.0082707Z   2026-07-13: 2 problems
2026-10-05T11:18:33.2764364Z   2026-07-11: 2 problems
2026-10-05T11:18:33.5269507Z   2026-07-10: 2 problems
2026-10-05T11:18:33.7951697Z   2026-07-09: 2 problems
2026-10-05T11:18:34.0495191Z   2026-07-08: 2 problems
2026-10-05T11:18:34.3102100Z   2026-07-07: 2 problems
2026-10-05T11:18:34.5784144Z   2026-07-06: 2 problems
2026-10-05T11:18:34.8252088Z   2026-07-04: 2 problems
2026-10-05T11:18:35.1232301Z   2026-07-03: 2 problems
2026-10-05T11:18:35.3642394Z   2026-07-02: 2 problems
2026-10-05T11:18:35.6186658Z   2026-07-01: 2 problems
2026-10-05T11:18:35.8879791Z   2026-06-30: 2 problems
2026-10-05T11:18:36.1564606Z   2026-06-29: 2 problems
2026-10-05T11:18:36.4180591Z   2026-06-27: 2 problems
2026-10-05T11:18:36.6599641Z   2026-06-26: 2 problems
2026-10-05T11:18:36.9070955Z   2026-06-25: 2 problems
2026-10-05T11:18:37.1667745Z   2026-06-24: 2 problems
2026-10-05T11:18:37.4047569Z   2026-06-23: 2 problems
2026-10-05T11:18:37.6715148Z   2026-06-22: 2 problems
2026-10-05T11:18:37.8390380Z   2026-06-20: 1 problems
2026-10-05T11:18:38.0890893Z   2026-06-19: 2 problems
2026-10-05T11:18:38.3467445Z   2026-06-18: 2 problems
2026-10-05T11:18:38.5996095Z   2026-06-17: 2 problems
2026-10-05T11:18:38.8626304Z   2026-06-16: 2 problems
2026-10-05T11:18:39.1170127Z   2026-06-15: 2 problems
2026-10-05T11:18:39.3679029Z   2026-06-13: 2 problems
2026-10-05T11:18:39.6075897Z   2026-06-12: 2 problems
2026-10-05T11:18:39.8504815Z   2026-06-11: 2 problems
2026-10-05T11:18:40.1068760Z   2026-06-10: 2 problems
2026-10-05T11:18:40.3556398Z   2026-06-09: 2 problems
2026-10-05T11:18:40.8672724Z   2026-06-08: 2 problems
2026-10-05T11:18:41.2515415Z   2026-06-06: 2 problems
2026-10-05T11:18:41.4988572Z   2026-06-05: 2 problems
2026-10-05T11:18:41.7669734Z   2026-06-04: 2 problems
2026-10-05T11:18:41.8516680Z   2026-06-03: 2 problems
2026-10-05T11:18:42.0928930Z   2026-06-02: 2 problems
2026-10-05T11:18:42.3525143Z   2026-06-01: 2 problems
2026-10-05T11:18:42.6142140Z   2026-05-30: 2 problems
2026-10-05T11:18:42.8740770Z   2026-05-29: 2 problems
2026-10-05T11:18:43.2781368Z   2026-05-28: 2 problems
2026-10-05T11:18:43.5464750Z   2026-05-27: 2 problems
2026-10-05T11:18:43.7177984Z   2026-05-26: 2 problems
2026-10-05T11:18:43.9687419Z   2026-05-25: 2 problems
2026-10-05T11:18:44.2065846Z   2026-05-23: 2 problems
2026-10-05T11:18:44.4493566Z   2026-05-22: 2 problems
2026-10-05T11:18:44.7018661Z   2026-05-21: 2 problems
2026-10-05T11:18:44.9507546Z   2026-05-20: 2 problems
2026-10-05T11:18:45.2027405Z   2026-05-19: 2 problems
2026-10-05T11:18:45.4729445Z   2026-05-18: 2 problems
2026-10-05T11:18:45.7087108Z   2026-05-16: 2 problems
2026-10-05T11:18:45.9618197Z   2026-05-15: 2 problems
2026-10-05T11:18:46.2060529Z   2026-05-14: 2 problems
2026-10-05T11:18:46.4538086Z   2026-05-13: 2 problems
2026-10-05T11:18:46.6997630Z   2026-05-12: 2 problems
2026-10-05T11:18:47.1063979Z   2026-05-11: 2 problems
2026-10-05T11:18:47.3523832Z   2026-05-09: 2 problems
2026-10-05T11:18:47.7135427Z   2026-05-08: 2 problems
2026-10-05T11:18:48.1861258Z   2026-05-07: 2 problems
2026-10-05T11:18:48.4718413Z   2026-05-06: 2 problems
2026-10-05T11:18:48.7314927Z   2026-05-05: 2 problems
2026-10-05T11:18:49.0849001Z   2026-05-04: 2 problems
2026-10-05T11:18:49.4334930Z   2026-05-02: 2 problems
2026-10-05T11:18:49.7307931Z   2026-05-01: 2 problems
2026-10-05T11:18:50.0671980Z   2026-04-30: 2 problems
2026-10-05T11:18:50.3492592Z   2026-04-29: 2 problems
2026-10-05T11:18:50.6127532Z   2026-04-28: 2 problems
2026-10-05T11:18:50.8619423Z   2026-04-27: 2 problems
2026-10-05T11:18:51.1312104Z   2026-04-25: 2 problems
2026-10-05T11:18:51.3824962Z   2026-04-24: 2 problems
2026-10-05T11:18:51.7343801Z   2026-04-23: 2 problems
2026-10-05T11:18:51.9803540Z   2026-04-22: 2 problems
2026-10-05T11:18:52.2490012Z   2026-04-21: 2 problems
2026-10-05T11:18:52.5031313Z   2026-04-20: 2 problems
2026-10-05T11:18:52.7799301Z   2026-04-18: 2 problems
2026-10-05T11:18:53.0280656Z   2026-04-17: 2 problems
2026-10-05T11:18:53.2987859Z   2026-04-16: 2 problems
2026-10-05T11:18:53.5435311Z   2026-04-15: 2 problems
2026-10-05T11:18:53.8206603Z   2026-04-14: 2 problems
2026-10-05T11:18:54.0658124Z   2026-04-13: 2 problems
2026-10-05T11:18:54.3009058Z   2026-04-11: 2 problems
2026-10-05T11:18:54.5565197Z   2026-04-10: 2 problems
2026-10-05T11:18:54.9531997Z   2026-04-09: 2 problems
2026-10-05T11:18:55.1075172Z   2026-04-08: 2 problems
2026-10-05T11:18:55.4701557Z   2026-04-07: 2 problems
2026-10-05T11:18:55.7153318Z   2026-04-06: 2 problems
2026-10-05T11:18:55.9842838Z   2026-04-04: 2 problems
2026-10-05T11:18:56.2422922Z   2026-04-03: 2 problems
2026-10-05T11:18:56.5073986Z   2026-04-02: 2 problems
2026-10-05T11:18:56.7590637Z   2026-04-01: 2 problems
2026-10-05T11:18:57.0067625Z   2026-03-31: 2 problems
2026-10-05T11:18:57.2394969Z   2026-03-30: 2 problems
2026-10-05T11:18:57.4890345Z   2026-03-28: 2 problems
2026-10-05T11:18:57.7327438Z   2026-03-27: 2 problems
2026-10-05T11:18:57.9793382Z   2026-03-26: 2 problems
2026-10-05T11:18:58.2282325Z   2026-03-25: 2 problems
2026-10-05T11:18:58.6131953Z   2026-03-24: 2 problems
2026-10-05T11:18:58.9541693Z   2026-03-23: 2 problems
2026-10-05T11:18:59.1982412Z   2026-03-21: 2 problems
2026-10-05T11:18:59.5613508Z   2026-03-20: 2 problems
2026-10-05T11:18:59.8193316Z   2026-03-19: 2 problems
2026-10-05T11:19:00.1251438Z   2026-03-18: 2 problems
2026-10-05T11:19:00.3820806Z   2026-03-17: 2 problems
2026-10-05T11:19:00.6219074Z   2026-03-16: 2 problems
2026-10-05T11:19:00.8810137Z   2026-03-14: 2 problems
2026-10-05T11:19:01.1481024Z   2026-03-13: 2 problems
2026-10-05T11:19:01.4879162Z   2026-03-12: 2 problems
2026-10-05T11:19:01.8895065Z   2026-03-11: 2 problems
2026-10-05T11:19:02.1293871Z   2026-03-10: 2 problems
2026-10-05T11:19:02.3894710Z   2026-03-09: 2 problems
2026-10-05T11:19:02.6410611Z   2026-03-07: 2 problems
2026-10-05T11:19:02.9100823Z   2026-03-06: 2 problems
2026-10-05T11:19:03.1597395Z   2026-03-05: 2 problems
2026-10-05T11:19:03.3973291Z   2026-03-04: 2 problems
2026-10-05T11:19:03.6513499Z   2026-03-03: 2 problems
2026-10-05T11:19:03.9010327Z   2026-03-02: 2 problems
2026-10-05T11:19:04.1551810Z   2026-02-28: 2 problems
2026-10-05T11:19:04.4167247Z   2026-02-27: 2 problems
2026-10-05T11:19:04.6880191Z   2026-02-26: 2 problems
2026-10-05T11:19:04.9253586Z   2026-02-25: 2 problems
2026-10-05T11:19:05.1655736Z   2026-02-24: 2 problems
2026-10-05T11:19:05.4145636Z   2026-02-23: 2 problems
2026-10-05T11:19:05.6694681Z   2026-02-21: 2 problems
2026-10-05T11:19:05.9922449Z   2026-02-20: 2 problems
2026-10-05T11:19:06.2335633Z   2026-02-19: 2 problems
2026-10-05T11:19:06.4721546Z   2026-02-18: 2 problems
2026-10-05T11:19:06.7079804Z   2026-02-17: 2 problems
2026-10-05T11:19:06.9691412Z   2026-02-16: 2 problems
2026-10-05T11:19:07.3230090Z   2026-02-14: 2 problems
2026-10-05T11:19:07.5794253Z   2026-02-13: 2 problems
2026-10-05T11:19:07.8401247Z   2026-02-12: 2 problems
2026-10-05T11:19:08.1164342Z   2026-02-11: 2 problems
2026-10-05T11:19:08.3580927Z   2026-02-10: 2 problems
2026-10-05T11:19:08.6382552Z   2026-02-09: 2 problems
2026-10-05T11:19:08.8898383Z   2026-02-07: 2 problems
2026-10-05T11:19:09.1338148Z   2026-02-06: 2 problems
2026-10-05T11:19:09.3804526Z   2026-02-05: 2 problems
2026-10-05T11:19:09.6309659Z   2026-02-04: 2 problems
2026-10-05T11:19:09.8900836Z   2026-02-03: 2 problems
2026-10-05T11:19:10.5107915Z   2026-02-02: 2 problems
2026-10-05T11:19:10.8780044Z   2026-01-31: 2 problems
2026-10-05T11:19:11.1737388Z   2026-01-30: 2 problems
2026-10-05T11:19:11.5293421Z   2026-01-29: 2 problems
2026-10-05T11:19:11.7934328Z   2026-01-28: 2 problems
2026-10-05T11:19:12.0390468Z   2026-01-27: 2 problems
2026-10-05T11:19:12.3966133Z   2026-01-26: 2 problems
2026-10-05T11:19:12.7550492Z   2026-01-24: 2 problems
2026-10-05T11:19:13.0000920Z   2026-01-23: 2 problems
2026-10-05T11:19:13.2990103Z   2026-01-22: 2 problems
2026-10-05T11:19:13.6749853Z   2026-01-21: 2 problems
2026-10-05T11:19:13.9253150Z   2026-01-20: 2 problems
2026-10-05T11:19:14.2020671Z   2026-01-19: 2 problems
2026-10-05T11:19:14.5514958Z   2026-01-17: 2 problems
2026-10-05T11:19:14.8097645Z   2026-01-16: 2 problems
2026-10-05T11:19:15.0790768Z   2026-01-15: 2 problems
2026-10-05T11:19:15.3449843Z   2026-01-14: 2 problems
2026-10-05T11:19:15.6017249Z   2026-01-13: 2 problems
2026-10-05T11:19:15.8792350Z   2026-01-12: 2 problems
2026-10-05T11:19:16.1361783Z   2026-01-10: 2 problems
2026-10-05T11:19:16.4045339Z   2026-01-09: 2 problems
2026-10-05T11:19:16.8069954Z   2026-01-08: 2 problems
2026-10-05T11:19:17.0516717Z   2026-01-07: 2 problems
2026-10-05T11:19:17.3063243Z   2026-01-06: 2 problems
2026-10-05T11:19:17.5574399Z   2026-01-05: 2 problems
2026-10-05T11:19:17.8185789Z   2026-01-03: 2 problems
2026-10-05T11:19:18.2079196Z   2026-01-02: 2 problems
2026-10-05T11:19:18.6691167Z   2026-01-01: 2 problems
2026-10-05T11:19:18.9350454Z   2025-12-31: 2 problems
2026-10-05T11:19:19.1848072Z   2025-12-30: 2 problems
2026-10-05T11:19:19.5216543Z   2025-12-29: 2 problems
2026-10-05T11:19:19.7693713Z   2025-12-27: 2 problems
2026-10-05T11:19:20.0347818Z   2025-12-26: 2 problems
2026-10-05T11:19:20.3581238Z   2025-12-25: 2 problems
2026-10-05T11:19:20.6177697Z   2025-12-24: 2 problems
2026-10-05T11:19:20.8835197Z   2025-12-23: 2 problems
2026-10-05T11:19:21.1644623Z   2025-12-22: 2 problems
2026-10-05T11:19:21.5946695Z   2025-12-20: 2 problems
2026-10-05T11:19:21.9482396Z   2025-12-19: 2 problems
2026-10-05T11:19:22.1998509Z   2025-12-18: 2 problems
2026-10-05T11:19:22.5263669Z   2025-12-17: 2 problems
2026-10-05T11:19:22.7788705Z   2025-12-16: 2 problems
2026-10-05T11:19:23.0315082Z   2025-12-15: 2 problems
2026-10-05T11:19:23.2977464Z   2025-12-13: 2 problems
2026-10-05T11:19:23.5318386Z   2025-12-12: 2 problems
2026-10-05T11:19:23.8990141Z   2025-12-11: 2 problems
2026-10-05T11:19:24.2679083Z   2025-12-10: 2 problems
2026-10-05T11:19:24.5071540Z   2025-12-09: 2 problems
2026-10-05T11:19:24.6600377Z   2025-12-08: 2 problems
2026-10-05T11:19:24.9085387Z   2025-12-06: 2 problems
2026-10-05T11:19:25.1861228Z   2025-12-05: 2 problems
2026-10-05T11:19:25.4401212Z   2025-12-04: 2 problems
2026-10-05T11:19:25.7071712Z   2025-12-03: 2 problems
2026-10-05T11:19:26.1065375Z   2025-12-02: 2 problems
2026-10-05T11:19:26.3478412Z   2025-12-01: 2 problems
2026-10-05T11:19:26.6302242Z   2025-11-29: 2 problems
2026-10-05T11:19:27.0057731Z   2025-11-28: 2 problems
2026-10-05T11:19:27.2703814Z   2025-11-27: 2 problems
2026-10-05T11:19:27.5378502Z   2025-11-26: 2 problems
2026-10-05T11:19:27.9016229Z   2025-11-25: 2 problems
2026-10-05T11:19:28.1531718Z   2025-11-24: 2 problems
2026-10-05T11:19:28.3871092Z   2025-11-22: 2 problems
2026-10-05T11:19:28.6314233Z   2025-11-21: 2 problems
2026-10-05T11:19:28.8924009Z   2025-11-20: 2 problems
2026-10-05T11:19:29.1641492Z   2025-11-19: 2 problems
2026-10-05T11:19:29.4224160Z   2025-11-18: 2 problems
2026-10-05T11:19:29.6765885Z   2025-11-17: 2 problems
2026-10-05T11:19:29.9371844Z   2025-11-15: 2 problems
2026-10-05T11:19:30.2088516Z   2025-11-14: 2 problems
2026-10-05T11:19:30.4514484Z   2025-11-13: 2 problems
2026-10-05T11:19:30.7254984Z   2025-11-12: 2 problems
2026-10-05T11:19:31.0144583Z   2025-11-11: 2 problems
2026-10-05T11:19:31.3033829Z   2025-11-10: 2 problems
2026-10-05T11:19:31.5500548Z   2025-11-08: 2 problems
2026-10-05T11:19:31.8047437Z   2025-11-07: 2 problems
2026-10-05T11:19:32.0717098Z   2025-11-06: 2 problems
2026-10-05T11:19:32.3290220Z   2025-11-05: 2 problems
2026-10-05T11:19:32.6139156Z   2025-11-04: 2 problems
2026-10-05T11:19:32.8964698Z   2025-11-03: 2 problems
2026-10-05T11:19:33.1275524Z   2025-11-01: 2 problems
2026-10-05T11:19:33.2973332Z   2025-10-31: 2 problems
2026-10-05T11:19:33.5531237Z   2025-10-30: 2 problems
2026-10-05T11:19:33.8288095Z   2025-10-29: 2 problems
2026-10-05T11:19:34.0716583Z   2025-10-28: 2 problems
2026-10-05T11:19:34.3367952Z   2025-10-27: 2 problems
2026-10-05T11:19:34.5879946Z   2025-10-25: 2 problems
2026-10-05T11:19:34.8421988Z   2025-10-24: 2 problems
2026-10-05T11:19:35.1032639Z   2025-10-23: 2 problems
2026-10-05T11:19:35.3706388Z   2025-10-22: 2 problems
2026-10-05T11:19:35.6498195Z   2025-10-21: 2 problems
2026-10-05T11:19:35.9036769Z   2025-10-20: 2 problems
2026-10-05T11:19:36.1582288Z   2025-10-18: 2 problems
2026-10-05T11:19:36.4293296Z   2025-10-17: 2 problems
2026-10-05T11:19:36.6842961Z   2025-10-16: 2 problems
2026-10-05T11:19:36.9485930Z   2025-10-15: 2 problems
2026-10-05T11:19:37.2350645Z   2025-10-14: 2 problems
2026-10-05T11:19:37.5107493Z   2025-10-13: 2 problems
2026-10-05T11:19:37.7588102Z   2025-10-11: 2 problems
2026-10-05T11:19:38.0542097Z   2025-10-10: 2 problems
2026-10-05T11:19:38.3000850Z   2025-10-09: 2 problems
2026-10-05T11:19:38.5606695Z   2025-10-08: 2 problems
2026-10-05T11:19:38.7818445Z   2025-10-07: 2 problems
2026-10-05T11:19:39.0356544Z   2025-10-06: 2 problems
2026-10-05T11:19:39.3022719Z   2025-10-04: 2 problems
2026-10-05T11:19:39.5496325Z   2025-10-03: 2 problems
2026-10-05T11:19:39.7880981Z   2025-10-02: 2 problems
2026-10-05T11:19:40.0349105Z   2025-10-01: 2 problems
2026-10-05T11:19:40.5076758Z   2025-09-30: 2 problems
2026-10-05T11:19:40.9772989Z   2025-09-29: 2 problems
2026-10-05T11:19:41.4386562Z   2025-09-27: 2 problems
2026-10-05T11:19:41.8026831Z   2025-09-26: 2 problems
2026-10-05T11:19:42.1656740Z   2025-09-25: 2 problems
2026-10-05T11:19:42.5113800Z   2025-09-24: 2 problems
2026-10-05T11:19:42.7825387Z   2025-09-23: 2 problems
2026-10-05T11:19:43.0479788Z   2025-09-22: 2 problems
2026-10-05T11:19:43.2787774Z   2025-09-20: 2 problems
2026-10-05T11:19:43.5547180Z   2025-09-19: 2 problems
2026-10-05T11:19:43.7945321Z   2025-09-18: 2 problems
2026-10-05T11:19:44.0502032Z   2025-09-17: 2 problems
2026-10-05T11:19:44.4140943Z   2025-09-16: 2 problems
2026-10-05T11:19:44.6434184Z   2025-09-15: 2 problems
2026-10-05T11:19:44.8950013Z   2025-09-13: 2 problems
2026-10-05T11:19:45.1332402Z   2025-09-12: 2 problems
2026-10-05T11:19:45.4868478Z   2025-09-11: 2 problems
2026-10-05T11:19:45.7223427Z   2025-09-10: 2 problems
2026-10-05T11:19:46.0873299Z   2025-09-09: 2 problems
2026-10-05T11:19:46.4496616Z   2025-09-08: 2 problems
2026-10-05T11:19:46.7956431Z   2025-09-06: 2 problems
2026-10-05T11:19:47.0362685Z   2025-09-05: 2 problems
2026-10-05T11:19:47.2737640Z   2025-09-04: 2 problems
2026-10-05T11:19:47.4995263Z   2025-09-03: 2 problems
2026-10-05T11:19:47.7498407Z   2025-09-02: 2 problems
2026-10-05T11:19:48.0084548Z   2025-09-01: 2 problems
2026-10-05T11:19:48.2633990Z   2025-08-30: 2 problems
2026-10-05T11:19:48.4805269Z   2025-08-29: 2 problems
2026-10-05T11:19:48.7177710Z   2025-08-28: 2 problems
2026-10-05T11:19:48.9714301Z   2025-08-27: 2 problems
2026-10-05T11:19:49.1930406Z   2025-08-26: 2 problems
2026-10-05T11:19:49.4575361Z   2025-08-25: 2 problems
2026-10-05T11:19:49.7075366Z   2025-08-23: 2 problems
2026-10-05T11:19:49.9545786Z   2025-08-22: 2 problems
2026-10-05T11:19:50.2101433Z   2025-08-21: 2 problems
2026-10-05T11:19:50.4666477Z   2025-08-20: 2 problems
2026-10-05T11:19:50.7224010Z   2025-08-19: 2 problems
2026-10-05T11:19:50.9706647Z   2025-08-18: 2 problems
2026-10-05T11:19:51.2068402Z   2025-08-16: 2 problems
2026-10-05T11:19:51.4607559Z   2025-08-15: 2 problems
2026-10-05T11:19:51.7051177Z   2025-08-14: 2 problems
2026-10-05T11:19:51.9403190Z   2025-08-13: 2 problems
2026-10-05T11:19:52.2039714Z   2025-08-12: 2 problems
2026-10-05T11:19:52.4473049Z   2025-08-11: 2 problems
2026-10-05T11:19:52.6780730Z   2025-08-09: 2 problems
2026-10-05T11:19:52.9389470Z   2025-08-08: 2 problems
2026-10-05T11:19:53.2061206Z   2025-08-07: 2 problems
2026-10-05T11:19:53.4323650Z   2025-08-06: 2 problems
2026-10-05T11:19:53.7763219Z   2025-08-05: 2 problems
2026-10-05T11:19:54.0204519Z   2025-08-04: 2 problems
2026-10-05T11:19:54.2522899Z   2025-08-02: 2 problems
2026-10-05T11:19:54.5034539Z   2025-08-01: 2 problems
2026-10-05T11:19:54.7266839Z   2025-07-31: 2 problems
2026-10-05T11:19:54.9850965Z   2025-07-30: 2 problems
2026-10-05T11:19:55.3310117Z   2025-07-29: 2 problems
2026-10-05T11:19:55.5608075Z   2025-07-28: 2 problems
2026-10-05T11:19:55.8000789Z   2025-07-26: 2 problems
2026-10-05T11:19:56.0308515Z   2025-07-25: 2 problems
2026-10-05T11:19:56.3053140Z   2025-07-24: 2 problems
2026-10-05T11:19:56.5655644Z   2025-07-23: 2 problems
2026-10-05T11:19:56.8189551Z   2025-07-22: 2 problems
2026-10-05T11:19:57.1598421Z   2025-07-21: 2 problems
2026-10-05T11:19:57.4052200Z   2025-07-19: 2 problems
2026-10-05T11:19:57.6407624Z   2025-07-18: 2 problems
2026-10-05T11:19:57.8750803Z   2025-07-17: 2 problems
2026-10-05T11:19:58.1452298Z   2025-07-16: 2 problems
2026-10-05T11:19:58.4188682Z   2025-07-15: 2 problems
2026-10-05T11:19:58.6750963Z   2025-07-14: 2 problems
2026-10-05T11:19:58.9316364Z   2025-07-12: 2 problems
2026-10-05T11:19:59.1814997Z   2025-07-11: 2 problems
2026-10-05T11:19:59.4358102Z   2025-07-10: 2 problems
2026-10-05T11:19:59.6735719Z   2025-07-09: 2 problems
2026-10-05T11:19:59.9017465Z   2025-07-08: 2 problems
2026-10-05T11:20:00.1760922Z   2025-07-07: 2 problems
2026-10-05T11:20:00.4333973Z   2025-07-05: 2 problems
2026-10-05T11:20:00.6952205Z   2025-07-04: 2 problems
2026-10-05T11:20:01.0370300Z   2025-07-03: 2 problems
2026-10-05T11:20:01.2817873Z   2025-07-02: 2 problems
2026-10-05T11:20:01.5362647Z   2025-07-01: 2 problems
2026-10-05T11:20:01.8045659Z   2025-06-30: 2 problems
2026-10-05T11:20:02.0706525Z   2025-06-28: 2 problems
2026-10-05T11:20:02.3138163Z   2025-06-27: 2 problems
2026-10-05T11:20:02.5732190Z   2025-06-26: 2 problems
2026-10-05T11:20:02.8353441Z   2025-06-25: 2 problems
2026-10-05T11:20:03.0593803Z   2025-06-24: 2 problems
2026-10-05T11:20:03.2958837Z   2025-06-23: 2 problems
2026-10-05T11:20:03.4729665Z   2025-06-21: 2 problems
2026-10-05T11:20:03.6928354Z   2025-06-20: 2 problems
2026-10-05T11:20:03.9413311Z   2025-06-19: 2 problems
2026-10-05T11:20:04.2087796Z   2025-06-18: 2 problems
2026-10-05T11:20:04.4748890Z   2025-06-17: 2 problems
2026-10-05T11:20:04.7156042Z   2025-06-16: 2 problems
2026-10-05T11:20:04.9432704Z   2025-06-14: 2 problems
2026-10-05T11:20:05.1868936Z   2025-06-13: 2 problems
2026-10-05T11:20:05.4278056Z   2025-06-12: 2 problems
2026-10-05T11:20:05.6696574Z   2025-06-11: 2 problems
2026-10-05T11:20:05.9027382Z   2025-06-10: 2 problems
2026-10-05T11:20:06.1564484Z   2025-06-09: 2 problems
2026-10-05T11:20:06.4073852Z   2025-06-07: 2 problems
2026-10-05T11:20:06.6712961Z   2025-06-06: 2 problems
2026-10-05T11:20:06.9275417Z   2025-06-05: 2 problems
2026-10-05T11:20:07.1766134Z   2025-06-04: 2 problems
2026-10-05T11:20:07.4009729Z   2025-06-03: 2 problems
2026-10-05T11:20:07.6606480Z   2025-06-02: 2 problems
2026-10-05T11:20:07.8811785Z   2025-05-31: 2 problems
2026-10-05T11:20:08.1130961Z   2025-05-30: 2 problems
2026-10-05T11:20:08.4598497Z   2025-05-29: 2 problems
2026-10-05T11:20:08.7017128Z   2025-05-28: 2 problems
2026-10-05T11:20:08.9406299Z   2025-05-27: 2 problems
2026-10-05T11:20:09.1734366Z   2025-05-26: 2 problems
2026-10-05T11:20:09.4260015Z   2025-05-24: 2 problems
2026-10-05T11:20:09.6517642Z   2025-05-23: 2 problems
2026-10-05T11:20:09.8691785Z   2025-05-22: 2 problems
2026-10-05T11:20:10.3308272Z   2025-05-21: 2 problems
2026-10-05T11:20:10.5785194Z   2025-05-20: 2 problems
2026-10-05T11:20:10.9745536Z   2025-05-19: 2 problems
2026-10-05T11:20:11.2272061Z   2025-05-17: 2 problems
2026-10-05T11:20:11.4817188Z   2025-05-16: 2 problems
2026-10-05T11:20:11.7223166Z   2025-05-15: 2 problems
2026-10-05T11:20:11.9595878Z   2025-05-14: 2 problems
2026-10-05T11:20:12.3479186Z   2025-05-13: 2 problems
2026-10-05T11:20:12.5826655Z   2025-05-12: 2 problems
2026-10-05T11:20:12.8498758Z   2025-05-10: 2 problems
2026-10-05T11:20:13.2214118Z   2025-05-09: 2 problems
2026-10-05T11:20:13.4631431Z   2025-05-08: 2 problems
2026-10-05T11:20:13.6943395Z   2025-05-07: 2 problems
2026-10-05T11:20:13.9674066Z   2025-05-06: 2 problems
2026-10-05T11:20:14.2140993Z   2025-05-05: 2 problems
2026-10-05T11:20:14.4510513Z   2025-05-03: 2 problems
2026-10-05T11:20:14.6995163Z   2025-05-02: 2 problems
2026-10-05T11:20:14.9307996Z   2025-05-01: 2 problems
2026-10-05T11:20:15.1941139Z   2025-04-30: 2 problems
2026-10-05T11:20:15.4469780Z   2025-04-29: 2 problems
2026-10-05T11:20:15.6843244Z   2025-04-28: 2 problems
2026-10-05T11:20:15.9350131Z   2025-04-26: 2 problems
2026-10-05T11:20:16.1955425Z   2025-04-25: 2 problems
2026-10-05T11:20:16.4408105Z   2025-04-24: 2 problems
2026-10-05T11:20:16.7921800Z   2025-04-23: 2 problems
2026-10-05T11:20:17.0525681Z   2025-04-22: 2 problems
2026-10-05T11:20:17.5468841Z   2025-04-21: 2 problems
2026-10-05T11:20:17.7950884Z   2025-04-19: 2 problems
2026-10-05T11:20:18.0281891Z   2025-04-18: 2 problems
2026-10-05T11:20:18.2766037Z   2025-04-17: 2 problems
2026-10-05T11:20:18.5011823Z   2025-04-16: 2 problems
2026-10-05T11:20:18.7294104Z   2025-04-15: 2 problems
2026-10-05T11:20:18.9810972Z   2025-04-14: 2 problems
2026-10-05T11:20:19.2201155Z   2025-04-12: 2 problems
2026-10-05T11:20:19.4634085Z   2025-04-11: 2 problems
2026-10-05T11:20:19.7071035Z   2025-04-10: 2 problems
2026-10-05T11:20:19.9494549Z   2025-04-09: 2 problems
2026-10-05T11:20:20.1861462Z   2025-04-08: 2 problems
2026-10-05T11:20:20.4252458Z   2025-04-07: 2 problems
2026-10-05T11:20:20.6766291Z   2025-04-05: 2 problems
2026-10-05T11:20:20.9926077Z   2025-04-04: 2 problems
2026-10-05T11:20:21.2251566Z   2025-04-03: 2 problems
2026-10-05T11:20:21.4680814Z   2025-04-02: 2 problems
2026-10-05T11:20:21.6981423Z   2025-04-01: 2 problems
2026-10-05T11:20:21.9229250Z   2025-03-31: 2 problems
2026-10-05T11:20:22.1841255Z   2025-03-29: 2 problems
2026-10-05T11:20:22.4337387Z   2025-03-28: 2 problems
2026-10-05T11:20:22.6610161Z   2025-03-27: 2 problems
2026-10-05T11:20:22.8996690Z   2025-03-26: 2 problems
2026-10-05T11:20:23.1246065Z   2025-03-25: 2 problems
2026-10-05T11:20:23.4033093Z   2025-03-24: 2 problems
2026-10-05T11:20:23.6257499Z   2025-03-22: 2 problems
2026-10-05T11:20:23.8604397Z   2025-03-21: 2 problems
2026-10-05T11:20:24.2136552Z   2025-03-20: 2 problems
2026-10-05T11:20:24.4808521Z   2025-03-19: 2 problems
2026-10-05T11:20:24.8106817Z   2025-03-18: 2 problems
2026-10-05T11:20:25.0272570Z   2025-03-17: 2 problems
2026-10-05T11:20:25.2615636Z   2025-03-15: 2 problems
2026-10-05T11:20:25.4921740Z   2025-03-14: 2 problems
2026-10-05T11:20:25.7195937Z   2025-03-13: 2 problems
2026-10-05T11:20:25.9570104Z   2025-03-12: 2 problems
2026-10-05T11:20:26.1678076Z   2025-03-11: 2 problems
2026-10-05T11:20:26.4190203Z   2025-03-10: 2 problems
2026-10-05T11:20:26.6492720Z   2025-03-08: 2 problems
2026-10-05T11:20:26.8887434Z   2025-03-07: 2 problems
2026-10-05T11:20:27.1182098Z   2025-03-06: 2 problems
2026-10-05T11:20:27.3605670Z   2025-03-05: 2 problems
2026-10-05T11:20:27.5858629Z   2025-03-04: 2 problems
2026-10-05T11:20:27.8493687Z   2025-03-03: 2 problems
2026-10-05T11:20:28.0947834Z   2025-03-01: 2 problems
2026-10-05T11:20:28.3411292Z   2025-02-28: 2 problems
2026-10-05T11:20:28.5754092Z   2025-02-27: 2 problems
2026-10-05T11:20:28.8151087Z   2025-02-26: 2 problems
2026-10-05T11:20:29.0380878Z   2025-02-25: 2 problems
2026-10-05T11:20:29.3837727Z   2025-02-24: 2 problems
2026-10-05T11:20:29.6382507Z   2025-02-22: 2 problems
2026-10-05T11:20:29.8892062Z   2025-02-21: 2 problems
2026-10-05T11:20:30.1217694Z   2025-02-20: 2 problems
2026-10-05T11:20:30.3580496Z   2025-02-19: 2 problems
2026-10-05T11:20:30.6348123Z   2025-02-18: 2 problems
2026-10-05T11:20:30.8675604Z   2025-02-17: 2 problems
2026-10-05T11:20:31.0983332Z   2025-02-15: 2 problems
2026-10-05T11:20:31.4333485Z   2025-02-14: 2 problems
2026-10-05T11:20:31.6773967Z   2025-02-13: 2 problems
2026-10-05T11:20:31.9127061Z   2025-02-12: 2 problems
2026-10-05T11:20:32.1450579Z   2025-02-11: 2 problems
2026-10-05T11:20:32.3708860Z   2025-02-10: 2 problems
2026-10-05T11:20:32.6212094Z   2025-02-08: 2 problems
2026-10-05T11:20:32.8821369Z   2025-02-07: 2 problems
2026-10-05T11:20:33.1153443Z   2025-02-06: 2 problems
2026-10-05T11:20:33.3775528Z   2025-02-05: 2 problems
2026-10-05T11:20:33.6274395Z   2025-02-04: 2 problems
2026-10-05T11:20:33.8872825Z   2025-02-03: 2 problems
2026-10-05T11:20:34.1233844Z   2025-02-01: 2 problems
2026-10-05T11:20:34.3519001Z   2025-01-31: 2 problems
2026-10-05T11:20:34.5939364Z   2025-01-30: 2 problems
2026-10-05T11:20:34.8186692Z   2025-01-29: 2 problems
2026-10-05T11:20:35.0431141Z   2025-01-28: 2 problems
2026-10-05T11:20:35.2922512Z   2025-01-27: 2 problems
2026-10-05T11:20:35.5129410Z   2025-01-25: 2 problems
2026-10-05T11:20:35.7752024Z   2025-01-24: 2 problems
2026-10-05T11:20:36.0148635Z   2025-01-23: 2 problems
2026-10-05T11:20:36.2546248Z   2025-01-22: 2 problems
2026-10-05T11:20:36.4772590Z   2025-01-21: 2 problems
2026-10-05T11:20:36.7076201Z   2025-01-20: 2 problems
2026-10-05T11:20:36.9293756Z   2025-01-18: 2 problems
2026-10-05T11:20:37.1744753Z   2025-01-17: 2 problems
2026-10-05T11:20:37.4005604Z   2025-01-16: 2 problems
2026-10-05T11:20:37.6203222Z   2025-01-15: 2 problems
2026-10-05T11:20:37.8462633Z   2025-01-14: 2 problems
2026-10-05T11:20:38.0907976Z   2025-01-13: 2 problems
2026-10-05T11:20:38.3385301Z   2025-01-11: 2 problems
2026-10-05T11:20:38.5899749Z   2025-01-10: 2 problems
2026-10-05T11:20:38.8245737Z   2025-01-09: 2 problems
2026-10-05T11:20:39.0407738Z   2025-01-08: 2 problems
2026-10-05T11:20:39.2950682Z   2025-01-07: 2 problems
2026-10-05T11:20:39.5258560Z   2025-01-06: 2 problems
2026-10-05T11:20:39.7931267Z   2025-01-04: 2 problems
2026-10-05T11:20:40.0214585Z   2025-01-03: 2 problems
2026-10-05T11:20:40.4905468Z   2025-01-02: 2 problems
2026-10-05T11:20:40.8190051Z   2025-01-01: 2 problems
2026-10-05T11:20:41.1654817Z   2024-12-31: 2 problems
2026-10-05T11:20:41.5426639Z   2024-12-30: 2 problems
2026-10-05T11:20:41.7706583Z   2024-12-28: 2 problems
2026-10-05T11:20:42.1187850Z   2024-12-27: 2 problems
2026-10-05T11:20:42.4769457Z   2024-12-26: 2 problems
2026-10-05T11:20:42.7243719Z   2024-12-25: 2 problems
2026-10-05T11:20:42.9898207Z   2024-12-24: 2 problems
2026-10-05T11:20:43.2216286Z   2024-12-23: 2 problems
2026-10-05T11:20:43.4505755Z   2024-12-21: 2 problems
2026-10-05T11:20:43.6829534Z   2024-12-20: 2 problems
2026-10-05T11:20:43.9311277Z   2024-12-19: 2 problems
2026-10-05T11:20:44.1510715Z   2024-12-18: 2 problems
2026-10-05T11:20:44.3852544Z   2024-12-17: 2 problems
2026-10-05T11:20:44.6499669Z   2024-12-16: 2 problems
2026-10-05T11:20:44.8792273Z   2024-12-14: 2 problems
2026-10-05T11:20:45.2217058Z   2024-12-13: 2 problems
2026-10-05T11:20:45.4523019Z   2024-12-12: 2 problems
2026-10-05T11:20:45.6910054Z   2024-12-11: 2 problems
2026-10-05T11:20:46.0597338Z   2024-12-10: 2 problems
2026-10-05T11:20:46.3173776Z   2024-12-09: 2 problems
2026-10-05T11:20:46.7878744Z   2024-12-07: 2 problems
2026-10-05T11:20:47.1325038Z   2024-12-06: 2 problems
2026-10-05T11:20:47.3727397Z   2024-12-05: 2 problems
2026-10-05T11:20:47.7304589Z   2024-12-04: 2 problems
2026-10-05T11:20:48.2204055Z   2024-12-03: 2 problems
2026-10-05T11:20:48.6812919Z   2024-12-02: 2 problems
2026-10-05T11:20:48.9164423Z   2024-11-30: 2 problems
2026-10-05T11:20:49.2720917Z   2024-11-29: 2 problems
2026-10-05T11:20:49.5427980Z   2024-11-28: 2 problems
2026-10-05T11:20:49.8829762Z   2024-11-27: 2 problems
2026-10-05T11:20:50.1311123Z   2024-11-26: 2 problems
2026-10-05T11:20:50.3623989Z   2024-11-25: 2 problems
2026-10-05T11:20:50.6456541Z   2024-11-23: 2 problems
2026-10-05T11:20:50.9200765Z   2024-11-22: 2 problems
2026-10-05T11:20:51.0912437Z   2024-11-21: 2 problems
2026-10-05T11:20:51.4584556Z   2024-11-20: 2 problems
2026-10-05T11:20:51.6990476Z   2024-11-19: 2 problems
2026-10-05T11:20:52.0749336Z   2024-11-18: 2 problems
2026-10-05T11:20:52.3546453Z   2024-11-16: 2 problems
2026-10-05T11:20:52.6293113Z   2024-11-15: 2 problems
2026-10-05T11:20:52.8593972Z   2024-11-14: 2 problems
2026-10-05T11:20:53.1137956Z   2024-11-13: 2 problems
2026-10-05T11:20:53.3575943Z   2024-11-12: 2 problems
2026-10-05T11:20:53.6331002Z   2024-11-11: 2 problems
2026-10-05T11:20:53.8975667Z   2024-11-09: 2 problems
2026-10-05T11:20:54.1466624Z   2024-11-08: 2 problems
2026-10-05T11:20:54.4052467Z   2024-11-07: 2 problems
2026-10-05T11:20:54.6489778Z   2024-11-06: 2 problems
2026-10-05T11:20:54.8922634Z   2024-11-05: 2 problems
2026-10-05T11:20:55.1183282Z   2024-11-04: 2 problems
2026-10-05T11:20:55.3674632Z   2024-11-02: 2 problems
2026-10-05T11:20:55.6181820Z   2024-11-01: 2 problems
2026-10-05T11:20:55.8862639Z   2024-10-31: 2 problems
2026-10-05T11:20:56.1237866Z   2024-10-30: 2 problems
2026-10-05T11:20:56.3830425Z   2024-10-29: 2 problems
2026-10-05T11:20:56.6226795Z   2024-10-28: 2 problems
2026-10-05T11:20:56.8616718Z   2024-10-26: 2 problems
2026-10-05T11:20:57.0919407Z   2024-10-25: 2 problems
2026-10-05T11:20:57.3252647Z   2024-10-24: 2 problems
2026-10-05T11:20:57.5692382Z   2024-10-23: 2 problems
2026-10-05T11:20:57.8188890Z   2024-10-22: 2 problems
2026-10-05T11:20:58.0533465Z   2024-10-21: 2 problems
2026-10-05T11:20:58.3332725Z   2024-10-19: 2 problems
2026-10-05T11:20:58.5863061Z   2024-10-18: 2 problems
2026-10-05T11:20:58.9630553Z   2024-10-17: 2 problems
2026-10-05T11:20:59.3014276Z   2024-10-16: 2 problems
2026-10-05T11:20:59.5689832Z   2024-10-15: 2 problems
2026-10-05T11:20:59.8186778Z   2024-10-14: 2 problems
2026-10-05T11:21:00.0660396Z   2024-10-12: 2 problems
2026-10-05T11:21:00.3422174Z   2024-10-11: 2 problems
2026-10-05T11:21:00.5853641Z   2024-10-10: 2 problems
2026-10-05T11:21:00.8202085Z   2024-10-09: 2 problems
2026-10-05T11:21:01.0719582Z   2024-10-08: 2 problems
2026-10-05T11:21:01.3183728Z   2024-10-07: 2 problems
2026-10-05T11:21:01.5736725Z   2024-10-05: 2 problems
2026-10-05T11:21:01.8117575Z   2024-10-04: 2 problems
2026-10-05T11:21:02.0517250Z   2024-10-03: 2 problems
2026-10-05T11:21:02.3954522Z   2024-10-02: 2 problems
2026-10-05T11:21:02.7659309Z   2024-10-01: 2 problems
2026-10-05T11:21:03.0189816Z   2024-09-30: 2 problems
2026-10-05T11:21:03.2634511Z   2024-09-28: 2 problems
2026-10-05T11:21:03.5060172Z   2024-09-27: 2 problems
2026-10-05T11:21:03.7694190Z   2024-09-26: 2 problems
2026-10-05T11:21:04.0256002Z   2024-09-25: 2 problems
2026-10-05T11:21:04.1972313Z   2024-09-24: 2 problems
2026-10-05T11:21:04.5371491Z   2024-09-23: 2 problems
2026-10-05T11:21:04.8000497Z   2024-09-21: 2 problems
2026-10-05T11:21:05.0531628Z   2024-09-20: 2 problems
2026-10-05T11:21:05.3034271Z   2024-09-19: 2 problems
2026-10-05T11:21:05.5563984Z   2024-09-18: 2 problems
2026-10-05T11:21:05.7767447Z   2024-09-17: 2 problems
2026-10-05T11:21:06.0038609Z   2024-09-16: 2 problems
2026-10-05T11:21:06.2606347Z   2024-09-14: 2 problems
2026-10-05T11:21:06.4886781Z   2024-09-13: 2 problems
2026-10-05T11:21:06.7423760Z   2024-09-12: 2 problems
2026-10-05T11:21:07.0349898Z   2024-09-11: 2 problems
2026-10-05T11:21:07.2743171Z   2024-09-10: 2 problems
2026-10-05T11:21:07.5165310Z   2024-09-09: 2 problems
2026-10-05T11:21:07.7942413Z   2024-09-07: 2 problems
2026-10-05T11:21:08.0387461Z   2024-09-06: 2 problems
2026-10-05T11:21:08.2810084Z   2024-09-05: 2 problems
2026-10-05T11:21:08.6128671Z   2024-09-04: 2 problems
2026-10-05T11:21:08.9913815Z   2024-09-03: 2 problems
2026-10-05T11:21:09.3612984Z   2024-09-02: 2 problems
2026-10-05T11:21:09.5903414Z   2024-08-31: 2 problems
2026-10-05T11:21:09.8473478Z   2024-08-30: 2 problems
2026-10-05T11:21:10.0997800Z   2024-08-29: 2 problems
2026-10-05T11:21:10.3706767Z   2024-08-28: 2 problems
2026-10-05T11:21:10.6346573Z   2024-08-27: 2 problems
2026-10-05T11:21:10.8960425Z   2024-08-26: 2 problems
2026-10-05T11:21:11.1604419Z   2024-08-24: 2 problems
2026-10-05T11:21:11.4107141Z   2024-08-23: 2 problems
2026-10-05T11:21:11.6617319Z   2024-08-22: 2 problems
2026-10-05T11:21:11.9069409Z   2024-08-21: 2 problems
2026-10-05T11:21:12.1677109Z   2024-08-20: 2 problems
2026-10-05T11:21:12.3947193Z   2024-08-19: 2 problems
2026-10-05T11:21:12.6441848Z   2024-08-17: 2 problems
2026-10-05T11:21:12.8904955Z   2024-08-16: 2 problems
2026-10-05T11:21:13.1578807Z   2024-08-15: 2 problems
2026-10-05T11:21:13.3929637Z   2024-08-14: 2 problems
2026-10-05T11:21:13.6839724Z   2024-08-13: 2 problems
2026-10-05T11:21:13.9451089Z   2024-08-12: 2 problems
2026-10-05T11:21:14.1989887Z   2024-08-10: 2 problems
2026-10-05T11:21:14.4421993Z   2024-08-09: 2 problems
2026-10-05T11:21:14.6864177Z   2024-08-08: 2 problems
2026-10-05T11:21:14.9603552Z   2024-08-07: 2 problems
2026-10-05T11:21:15.2192863Z   2024-08-06: 2 problems
2026-10-05T11:21:15.4719484Z   2024-08-05: 2 problems
2026-10-05T11:21:15.7029278Z   2024-08-03: 2 problems
2026-10-05T11:21:15.9299216Z   2024-08-02: 2 problems
2026-10-05T11:21:16.1569135Z   2024-08-01: 2 problems
2026-10-05T11:21:16.6292431Z   2024-07-31: 2 problems
2026-10-05T11:21:16.9783324Z   2024-07-30: 2 problems
2026-10-05T11:21:17.2239966Z   2024-07-29: 2 problems
2026-10-05T11:21:17.6008566Z   2024-07-27: 2 problems
2026-10-05T11:21:17.9542795Z   2024-07-26: 2 problems
2026-10-05T11:21:18.2084103Z   2024-07-25: 2 problems
2026-10-05T11:21:18.6684371Z   2024-07-24: 2 problems
2026-10-05T11:21:19.0108845Z   2024-07-23: 2 problems
2026-10-05T11:21:19.2617709Z   2024-07-22: 2 problems
2026-10-05T11:21:19.5007454Z   2024-07-20: 2 problems
2026-10-05T11:21:19.7421309Z   2024-07-19: 2 problems
2026-10-05T11:21:20.1734055Z   2024-07-18: 2 problems
2026-10-05T11:21:20.4393814Z   2024-07-17: 2 problems
2026-10-05T11:21:20.6769382Z   2024-07-16: 2 problems
2026-10-05T11:21:20.9315301Z   2024-07-15: 2 problems
2026-10-05T11:21:21.1909860Z   2024-07-13: 2 problems
2026-10-05T11:21:21.3616221Z   2024-07-12: 2 problems
2026-10-05T11:21:21.5962217Z   2024-07-11: 2 problems
2026-10-05T11:21:21.8351823Z   2024-07-10: 2 problems
2026-10-05T11:21:22.0719486Z   2024-07-09: 2 problems
2026-10-05T11:21:22.4207612Z   2024-07-08: 2 problems
2026-10-05T11:21:22.6617338Z   2024-07-06: 2 problems
2026-10-05T11:21:22.8983046Z   2024-07-05: 2 problems
2026-10-05T11:21:23.1480115Z   2024-07-04: 2 problems
2026-10-05T11:21:23.3879929Z   2024-07-03: 2 problems
2026-10-05T11:21:23.7610576Z   2024-07-02: 2 problems
2026-10-05T11:21:23.9912580Z   2024-07-01: 2 problems
2026-10-05T11:21:24.2687450Z   2024-06-29: 2 problems
2026-10-05T11:21:24.5194902Z   2024-06-28: 2 problems
2026-10-05T11:21:24.7665733Z   2024-06-27: 2 problems
2026-10-05T11:21:25.0223449Z   2024-06-26: 2 problems
2026-10-05T11:21:25.2605233Z   2024-06-25: 2 problems
2026-10-05T11:21:25.4863096Z   2024-06-24: 2 problems
2026-10-05T11:21:25.7421145Z   2024-06-22: 2 problems
2026-10-05T11:21:25.9814102Z   2024-06-21: 2 problems
2026-10-05T11:21:26.2452571Z   2024-06-20: 2 problems
2026-10-05T11:21:26.6191923Z   2024-06-19: 2 problems
2026-10-05T11:21:26.8704625Z   2024-06-18: 2 problems
2026-10-05T11:21:27.1259194Z   2024-06-17: 2 problems
2026-10-05T11:21:27.3826533Z   2024-06-15: 2 problems
2026-10-05T11:21:27.6364360Z   2024-06-14: 2 problems
2026-10-05T11:21:27.8832346Z   2024-06-13: 2 problems
2026-10-05T11:21:28.1468905Z   2024-06-12: 2 problems
2026-10-05T11:21:28.4197349Z   2024-06-11: 2 problems
2026-10-05T11:21:28.7523945Z   2024-06-10: 2 problems
2026-10-05T11:21:28.9698416Z   2024-06-08: 2 problems
2026-10-05T11:21:29.2183510Z   2024-06-07: 2 problems
2026-10-05T11:21:29.4532177Z   2024-06-06: 2 problems
2026-10-05T11:21:29.7075394Z   2024-06-05: 2 problems
2026-10-05T11:21:29.9454218Z   2024-06-04: 2 problems
2026-10-05T11:21:30.1810820Z   2024-06-03: 2 problems
2026-10-05T11:21:30.5044262Z   2024-06-01: 2 problems
2026-10-05T11:21:30.7406073Z   2024-05-31: 2 problems
2026-10-05T11:21:30.9723658Z   2024-05-30: 2 problems
2026-10-05T11:21:31.2123941Z   2024-05-29: 2 problems
2026-10-05T11:21:31.4567368Z   2024-05-28: 2 problems
2026-10-05T11:21:31.7154820Z   2024-05-27: 2 problems
2026-10-05T11:21:31.9698396Z   2024-05-25: 2 problems
2026-10-05T11:21:32.2166738Z   2024-05-24: 2 problems
2026-10-05T11:21:32.4803111Z   2024-05-23: 2 problems
2026-10-05T11:21:32.7726399Z   2024-05-22: 2 problems
2026-10-05T11:21:33.0055346Z   2024-05-21: 2 problems
2026-10-05T11:21:33.2509397Z   2024-05-20: 2 problems
2026-10-05T11:21:33.4972322Z   2024-05-18: 2 problems
2026-10-05T11:21:33.7332776Z   2024-05-17: 2 problems
2026-10-05T11:21:33.9904138Z   2024-05-16: 2 problems
2026-10-05T11:21:34.2337386Z   2024-05-15: 2 problems
2026-10-05T11:21:34.4822310Z   2024-05-14: 2 problems
2026-10-05T11:21:34.7226092Z   2024-05-13: 2 problems
2026-10-05T11:21:35.0628282Z   2024-05-11: 2 problems
2026-10-05T11:21:35.3102060Z   2024-05-10: 2 problems
2026-10-05T11:21:35.5436417Z   2024-05-09: 2 problems
2026-10-05T11:21:35.9023994Z   2024-05-08: 2 problems
2026-10-05T11:21:36.1709857Z   2024-05-07: 2 problems
2026-10-05T11:21:36.4033774Z   2024-05-06: 2 problems
2026-10-05T11:21:36.6751921Z   2024-05-04: 2 problems
2026-10-05T11:21:36.9403778Z   2024-05-03: 2 problems
2026-10-05T11:21:37.1889811Z   2024-05-02: 2 problems
2026-10-05T11:21:37.4330913Z   2024-05-01: 2 problems
2026-10-05T11:21:37.6968056Z   2024-04-30: 2 problems
2026-10-05T11:21:37.9321401Z   2024-04-29: 2 problems
2026-10-05T11:21:38.1899770Z   2024-04-27: 2 problems
2026-10-05T11:21:38.4400645Z   2024-04-26: 2 problems
2026-10-05T11:21:38.6781613Z   2024-04-25: 2 problems
2026-10-05T11:21:38.9141050Z   2024-04-24: 2 problems
2026-10-05T11:21:39.1572310Z   2024-04-23: 2 problems
2026-10-05T11:21:39.4105599Z   2024-04-22: 2 problems
2026-10-05T11:21:39.6407414Z   2024-04-20: 2 problems
2026-10-05T11:21:39.8811759Z   2024-04-19: 2 problems
2026-10-05T11:21:40.2280633Z   2024-04-18: 2 problems
2026-10-05T11:21:40.6442921Z   2024-04-17: 2 problems
2026-10-05T11:21:41.0114322Z   2024-04-16: 2 problems
2026-10-05T11:21:41.3703446Z   2024-04-15: 2 problems
2026-10-05T11:21:41.7477341Z   2024-04-13: 2 problems
2026-10-05T11:21:42.0886843Z   2024-04-12: 2 problems
2026-10-05T11:21:42.4376604Z   2024-04-11: 2 problems
2026-10-05T11:21:42.7862257Z   2024-04-10: 2 problems
2026-10-05T11:21:43.0193995Z   2024-04-09: 2 problems
2026-10-05T11:21:43.2925009Z   2024-04-08: 2 problems
2026-10-05T11:21:43.5652023Z   2024-04-06: 2 problems
2026-10-05T11:21:43.8051271Z   2024-04-05: 2 problems
2026-10-05T11:21:44.0360263Z   2024-04-04: 2 problems
2026-10-05T11:21:44.2817656Z   2024-04-03: 2 problems
2026-10-05T11:21:44.5345837Z   2024-04-02: 2 problems
2026-10-05T11:21:44.7775311Z   2024-04-01: 2 problems
2026-10-05T11:21:45.1344087Z   2024-03-30: 2 problems
2026-10-05T11:21:45.3672850Z   2024-03-29: 2 problems
2026-10-05T11:21:45.6089972Z   2024-03-28: 2 problems
2026-10-05T11:21:45.8447820Z   2024-03-27: 2 problems
2026-10-05T11:21:46.0862894Z   2024-03-26: 2 problems
2026-10-05T11:21:46.3348811Z   2024-03-25: 2 problems
2026-10-05T11:21:46.5866300Z   2024-03-23: 2 problems
2026-10-05T11:21:46.8289509Z   2024-03-22: 2 problems
2026-10-05T11:21:47.0671648Z   2024-03-21: 2 problems
2026-10-05T11:21:47.4304780Z   2024-03-20: 2 problems
2026-10-05T11:21:47.7875550Z   2024-03-19: 2 problems
2026-10-05T11:21:48.2485021Z   2024-03-18: 2 problems
2026-10-05T11:21:48.6325002Z   2024-03-16: 2 problems
2026-10-05T11:21:48.9995281Z   2024-03-15: 2 problems
2026-10-05T11:21:49.3564877Z   2024-03-14: 2 problems
2026-10-05T11:21:49.7332205Z   2024-03-13: 2 problems
2026-10-05T11:21:49.9893596Z   2024-03-12: 2 problems
2026-10-05T11:21:50.2626248Z   2024-03-11: 2 problems
2026-10-05T11:21:50.5132390Z   2024-03-09: 2 problems
2026-10-05T11:21:50.7957160Z   2024-03-08: 2 problems
2026-10-05T11:21:51.0532885Z   2024-03-07: 2 problems
2026-10-05T11:21:51.4235069Z   2024-03-06: 2 problems
2026-10-05T11:21:51.7522744Z   2024-03-05: 2 problems
2026-10-05T11:21:51.9861218Z   2024-03-04: 2 problems
2026-10-05T11:21:52.2116308Z   2024-03-02: 2 problems
2026-10-05T11:21:52.4628168Z   2024-03-01: 2 problems
2026-10-05T11:21:52.7040752Z   2024-02-29: 2 problems
2026-10-05T11:21:52.9609800Z   2024-02-28: 2 problems
2026-10-05T11:21:53.1980697Z   2024-02-27: 2 problems
2026-10-05T11:21:53.4190002Z   2024-02-26: 2 problems
2026-10-05T11:21:53.4191653Z Building categories...
2026-10-05T11:21:55.4729624Z Wrote /home/runner/work/ys_problem_web/ys_problem_web/data/daily.json (814 days, 21 categories).
2026-10-05T11:21:55.4730386Z Syncing leaderboard (records.js from gh-pages)...
2026-10-05T11:21:55.5559704Z   ✓ 361 players, data through 2026-10-03 (unchanged)
2026-10-05T11:21:55.5560400Z LEADERBOARD-SYNC {"changed":false,"players":361,"currentDate":"2026-10-03"}
2026-10-05T11:21:55.5711261Z ##[group]Run if [ -n "df9be3de0702598c38dbeac536ac5b3462bf957c" ]; then
2026-10-05T11:21:55.5711691Z [36;1mif [ -n "df9be3de0702598c38dbeac536ac5b3462bf957c" ]; then[0m
2026-10-05T11:21:55.5712078Z [36;1m  echo "df9be3de0702598c38dbeac536ac5b3462bf957c" > data/.upstream-sha[0m
2026-10-05T11:21:55.5712415Z [36;1mfi[0m
2026-10-05T11:21:55.5712649Z [36;1mif [ -n "345321d10d7fb150063e9186fb7703f8dbec74d2" ]; then[0m
2026-10-05T11:21:55.5713020Z [36;1m  echo "345321d10d7fb150063e9186fb7703f8dbec74d2" > data/.leaderboard-sha[0m
2026-10-05T11:21:55.5713335Z [36;1mfi[0m
2026-10-05T11:21:55.5747487Z shell: /usr/bin/bash -e {0}
2026-10-05T11:21:55.5747741Z ##[endgroup]
2026-10-05T11:21:55.5823923Z ##[group]Run node scripts/push-data-branches.mjs --problems --misc --prune
2026-10-05T11:21:55.5824372Z [36;1mnode scripts/push-data-branches.mjs --problems --misc --prune[0m
2026-10-05T11:21:55.5824711Z [36;1mnode scripts/publish-deploy.mjs[0m
2026-10-05T11:21:55.5850300Z shell: /usr/bin/bash -e {0}
2026-10-05T11:21:55.5850544Z ##[endgroup]
2026-10-05T11:21:56.6572127Z data/problems: overlaid data/statements from remote tip
2026-10-05T11:21:56.7251751Z data/problems: unchanged (tree 2e427fe155d2) — nothing to push
2026-10-05T11:21:57.3694827Z data/misc-2026-10-05: unchanged (tree 015cfc631a7e) — nothing to push
2026-10-05T11:21:57.6088122Z prune: no data/misc-* branch older than 60 days
2026-10-05T11:22:01.1204808Z deploy: force-pushed orphan 6626e36dba70 (tree 7e1a49935b4d), replaced c6499ec132f6
2026-10-05T11:22:01.1338539Z Post job cleanup.
2026-10-05T11:22:01.2037640Z [command]/usr/bin/git version
2026-10-05T11:22:01.2084893Z git version 2.55.0
2026-10-05T11:22:01.2112121Z Temporarily overriding HOME='/home/runner/work/_temp/3ae0b2c0-49a1-427f-838a-cf7d2abc0c03' before making global git config changes
2026-10-05T11:22:01.2114997Z Adding repository directory to the temporary git global config as a safe directory
2026-10-05T11:22:01.2116056Z [command]/usr/bin/git config --global --add safe.directory /home/runner/work/ys_problem_web/ys_problem_web
2026-10-05T11:22:01.2146329Z [command]/usr/bin/git config --local --name-only --get-regexp core\.sshCommand
2026-10-05T11:22:01.2172500Z [command]/usr/bin/git submodule foreach --recursive sh -c "git config --local --name-only --get-regexp 'core\.sshCommand' && git config --local --unset-all 'core.sshCommand' || :"
2026-10-05T11:22:01.2347469Z [command]/usr/bin/git config --local --name-only --get-regexp http\.https\:\/\/github\.com\/\.extraheader
2026-10-05T11:22:01.2366510Z http.https://github.com/.extraheader
2026-10-05T11:22:01.2375736Z [command]/usr/bin/git config --local --unset-all http.https://github.com/.extraheader
2026-10-05T11:22:01.2403036Z [command]/usr/bin/git submodule foreach --recursive sh -c "git config --local --name-only --get-regexp 'http\.https\:\/\/github\.com\/\.extraheader' && git config --local --unset-all 'http.https://github.com/.extraheader' || :"
2026-10-05T11:22:01.2592084Z [command]/usr/bin/git config --local --name-only --get-regexp ^includeIf\.gitdir:
2026-10-05T11:22:01.2614206Z [command]/usr/bin/git submodule foreach --recursive git config --local --show-origin --name-only --get-regexp remote.origin.url
2026-10-05T11:22:01.2905568Z Evaluate and set job outputs
2026-10-05T11:22:01.2911360Z Set output 'changed'
2026-10-05T11:22:01.2912982Z Set output 'lb_changed'
2026-10-05T11:22:01.2913701Z Cleaning up orphan processes
2026-10-05T11:22:01.3135835Z ##[warning]Node.js 20 is deprecated. The following actions target Node.js 20 but are being forced to run on Node.js 24: actions/checkout@v4. For more information see: https://github.blog/changelog/2025-09-19-deprecation-of-node-20-on-github-actions-runners/

