<!--YSLOG {"runId":37286570749,"event":"schedule","startedAt":"2026-10-05T08:54:30Z","savedAt":"2026-10-05T09:32:00.760Z","url":"https://github.com/Sam5440/ys_problem_web/actions/runs/37286570749","jobName":"update"}-->
2026-10-05T08:54:31.7291088Z Current runner version: '2.337.0'
2026-10-05T08:54:31.7312808Z ##[group]Runner Image Provisioner
2026-10-05T08:54:31.7313789Z Hosted Compute Agent
2026-10-05T08:54:31.7314288Z Version: 20260901.588
2026-10-05T08:54:31.7314857Z Commit: f88ec8081b781fac6c440065ac7ff9e710ce3d0b
2026-10-05T08:54:31.7315547Z Build Date: 2026-09-01T19:56:44Z
2026-10-05T08:54:31.7316106Z Worker ID: {6ef8e0a5-aa8b-456a-b8e3-97213139ba89}
2026-10-05T08:54:31.7316754Z Azure Region: westus3
2026-10-05T08:54:31.7317243Z ##[endgroup]
2026-10-05T08:54:31.7318609Z ##[group]Operating System
2026-10-05T08:54:31.7319138Z Ubuntu
2026-10-05T08:54:31.7319572Z 24.04.5
2026-10-05T08:54:31.7320066Z LTS
2026-10-05T08:54:31.7320545Z ##[endgroup]
2026-10-05T08:54:31.7321072Z ##[group]Runner Image
2026-10-05T08:54:31.7321584Z Image: ubuntu-24.04
2026-10-05T08:54:31.7322456Z Version: 20260927.320.1
2026-10-05T08:54:31.7323724Z Included Software: https://github.com/actions/runner-images/blob/ubuntu24/20260927.320/images/ubuntu/Ubuntu2404-Readme.md
2026-10-05T08:54:31.7325009Z Image Release: https://github.com/actions/runner-images/releases/tag/ubuntu24%2F20260927.320
2026-10-05T08:54:31.7325831Z ##[endgroup]
2026-10-05T08:54:31.7326882Z ##[group]GITHUB_TOKEN Permissions
2026-10-05T08:54:31.7328637Z Actions: write
2026-10-05T08:54:31.7329217Z Contents: write
2026-10-05T08:54:31.7329746Z Metadata: read
2026-10-05T08:54:31.7330200Z ##[endgroup]
2026-10-05T08:54:31.7332009Z Secret source: Actions
2026-10-05T08:54:31.7332820Z Cache mode: write
2026-10-05T08:54:31.7333517Z Prepare workflow directory
2026-10-05T08:54:31.7602697Z Prepare all required actions
2026-10-05T08:54:31.7659633Z Getting action download info
2026-10-05T08:54:32.0840764Z Download action repository 'actions/checkout@v4' (SHA:11d5960a326750d5838078e36cf38b85af677262)
2026-10-05T08:54:32.3430320Z Complete job name: update
2026-10-05T08:54:32.4081980Z ##[group]Run actions/checkout@v4
2026-10-05T08:54:32.4082666Z with:
2026-10-05T08:54:32.4083044Z   repository: Sam5440/ys_problem_web
2026-10-05T08:54:32.4086539Z   token: ***
2026-10-05T08:54:32.4086909Z   ssh-strict: true
2026-10-05T08:54:32.4087277Z   ssh-user: git
2026-10-05T08:54:32.4087651Z   persist-credentials: true
2026-10-05T08:54:32.4088054Z   clean: true
2026-10-05T08:54:32.4088418Z   sparse-checkout-cone-mode: true
2026-10-05T08:54:32.4088845Z   fetch-depth: 1
2026-10-05T08:54:32.4089205Z   fetch-tags: false
2026-10-05T08:54:32.4089584Z   show-progress: true
2026-10-05T08:54:32.4089948Z   lfs: false
2026-10-05T08:54:32.4090288Z   submodules: false
2026-10-05T08:54:32.4090653Z   set-safe-directory: true
2026-10-05T08:54:32.4091063Z   allow-unsafe-pr-checkout: false
2026-10-05T08:54:32.4091654Z ##[endgroup]
2026-10-05T08:54:32.4935489Z Syncing repository: Sam5440/ys_problem_web
2026-10-05T08:54:32.4937582Z ##[group]Getting Git version info
2026-10-05T08:54:32.4938698Z Working directory is '/home/runner/work/ys_problem_web/ys_problem_web'
2026-10-05T08:54:32.4940049Z [command]/usr/bin/git version
2026-10-05T08:54:32.5003414Z git version 2.55.0
2026-10-05T08:54:32.5028907Z ##[endgroup]
2026-10-05T08:54:32.5035818Z Temporarily overriding HOME='/home/runner/work/_temp/8f53c478-7413-494a-a8a0-3f3b4c4e9c7a' before making global git config changes
2026-10-05T08:54:32.5037510Z Adding repository directory to the temporary git global config as a safe directory
2026-10-05T08:54:32.5038622Z [command]/usr/bin/git config --global --add safe.directory /home/runner/work/ys_problem_web/ys_problem_web
2026-10-05T08:54:32.5088393Z Deleting the contents of '/home/runner/work/ys_problem_web/ys_problem_web'
2026-10-05T08:54:32.5096423Z ##[group]Initializing the repository
2026-10-05T08:54:32.5102382Z [command]/usr/bin/git init /home/runner/work/ys_problem_web/ys_problem_web
2026-10-05T08:54:32.5253966Z hint: Using 'master' as the name for the initial branch. This default branch name
2026-10-05T08:54:32.5255628Z hint: will change to "main" in Git 3.0. To configure the initial branch name
2026-10-05T08:54:32.5257218Z hint: to use in all of your new repositories, which will suppress this warning,
2026-10-05T08:54:32.5258744Z hint: call:
2026-10-05T08:54:32.5259489Z hint:
2026-10-05T08:54:32.5260333Z hint: 	git config --global init.defaultBranch <name>
2026-10-05T08:54:32.5261273Z hint:
2026-10-05T08:54:32.5262181Z hint: Names commonly chosen instead of 'master' are 'main', 'trunk' and
2026-10-05T08:54:32.5263761Z hint: 'development'. The just-created branch can be renamed via this command:
2026-10-05T08:54:32.5264898Z hint:
2026-10-05T08:54:32.5265583Z hint: 	git branch -m <name>
2026-10-05T08:54:32.5266356Z hint:
2026-10-05T08:54:32.5267346Z hint: Disable this message with "git config set advice.defaultBranchName false"
2026-10-05T08:54:32.5269042Z Initialized empty Git repository in /home/runner/work/ys_problem_web/ys_problem_web/.git/
2026-10-05T08:54:32.5271452Z [command]/usr/bin/git remote add origin https://github.com/Sam5440/ys_problem_web
2026-10-05T08:54:32.5317286Z ##[endgroup]
2026-10-05T08:54:32.5318256Z ##[group]Disabling automatic garbage collection
2026-10-05T08:54:32.5322108Z [command]/usr/bin/git config --local gc.auto 0
2026-10-05T08:54:32.5356593Z ##[endgroup]
2026-10-05T08:54:32.5357536Z ##[group]Setting up auth
2026-10-05T08:54:32.5364251Z [command]/usr/bin/git config --local --name-only --get-regexp core\.sshCommand
2026-10-05T08:54:32.5400075Z [command]/usr/bin/git submodule foreach --recursive sh -c "git config --local --name-only --get-regexp 'core\.sshCommand' && git config --local --unset-all 'core.sshCommand' || :"
2026-10-05T08:54:32.5748257Z [command]/usr/bin/git config --local --name-only --get-regexp http\.https\:\/\/github\.com\/\.extraheader
2026-10-05T08:54:32.5783158Z [command]/usr/bin/git submodule foreach --recursive sh -c "git config --local --name-only --get-regexp 'http\.https\:\/\/github\.com\/\.extraheader' && git config --local --unset-all 'http.https://github.com/.extraheader' || :"
2026-10-05T08:54:32.5985924Z [command]/usr/bin/git config --local --name-only --get-regexp ^includeIf\.gitdir:
2026-10-05T08:54:32.6018571Z [command]/usr/bin/git submodule foreach --recursive git config --local --show-origin --name-only --get-regexp remote.origin.url
2026-10-05T08:54:32.6221598Z [command]/usr/bin/git config --local http.https://github.com/.extraheader AUTHORIZATION: basic ***
2026-10-05T08:54:32.6260132Z ##[endgroup]
2026-10-05T08:54:32.6261163Z ##[group]Fetching the repository
2026-10-05T08:54:32.6269496Z [command]/usr/bin/git -c protocol.version=2 fetch --no-tags --prune --no-recurse-submodules --depth=1 origin +1070c2a12cc3b2d521e828739f8b25aa6a3d5ed1:refs/remotes/origin/main
2026-10-05T08:54:35.2106369Z From https://github.com/Sam5440/ys_problem_web
2026-10-05T08:54:35.2108047Z  * [new ref]         1070c2a12cc3b2d521e828739f8b25aa6a3d5ed1 -> origin/main
2026-10-05T08:54:35.2111576Z ##[endgroup]
2026-10-05T08:54:35.2113033Z ##[group]Determining the checkout info
2026-10-05T08:54:35.2114746Z ##[endgroup]
2026-10-05T08:54:35.2117679Z [command]/usr/bin/git sparse-checkout disable
2026-10-05T08:54:35.2168141Z [command]/usr/bin/git config --local --unset-all extensions.worktreeConfig
2026-10-05T08:54:35.2200800Z ##[group]Checking out the ref
2026-10-05T08:54:35.2205167Z [command]/usr/bin/git checkout --progress --force -B main refs/remotes/origin/main
2026-10-05T08:54:35.3500017Z Switched to a new branch 'main'
2026-10-05T08:54:35.3506238Z branch 'main' set up to track 'origin/main'.
2026-10-05T08:54:35.3513813Z ##[endgroup]
2026-10-05T08:54:35.3557416Z [command]/usr/bin/git log -1 --format=%H
2026-10-05T08:54:35.3583541Z 1070c2a12cc3b2d521e828739f8b25aa6a3d5ed1
2026-10-05T08:54:35.3818441Z ##[group]Run UPSTREAM_SHA=$(git ls-remote https://github.com/Yawn-Sean/Daily_CF_Problems.git HEAD | cut -f1)
2026-10-05T08:54:35.3821100Z [36;1mUPSTREAM_SHA=$(git ls-remote https://github.com/Yawn-Sean/Daily_CF_Problems.git HEAD | cut -f1)[0m
2026-10-05T08:54:35.3823114Z [36;1mLAST_SHA=$(cat data/.upstream-sha 2>/dev/null || true)[0m
2026-10-05T08:54:35.3824817Z [36;1mif [ -n "$UPSTREAM_SHA" ] && [ "$UPSTREAM_SHA" = "$LAST_SHA" ]; then[0m
2026-10-05T08:54:35.3826742Z [36;1m  echo "Upstream unchanged since last sync — skipping heavy steps."[0m
2026-10-05T08:54:35.3828301Z [36;1m  echo "changed=false" >> "$GITHUB_OUTPUT"[0m
2026-10-05T08:54:35.3829447Z [36;1melse[0m
2026-10-05T08:54:35.3830377Z [36;1m  echo "changed=true" >> "$GITHUB_OUTPUT"[0m
2026-10-05T08:54:35.3831518Z [36;1mfi[0m
2026-10-05T08:54:35.3832467Z [36;1mecho "sha=$UPSTREAM_SHA" >> "$GITHUB_OUTPUT"[0m
2026-10-05T08:54:35.4089890Z shell: /usr/bin/bash -e {0}
2026-10-05T08:54:35.4090990Z ##[endgroup]
2026-10-05T08:54:36.1657371Z ##[group]Run npm ci
2026-10-05T08:54:36.1657635Z [36;1mnpm ci[0m
2026-10-05T08:54:36.1715689Z shell: /usr/bin/bash -e {0}
2026-10-05T08:54:36.1715998Z ##[endgroup]
2026-10-05T08:54:46.1898991Z 
2026-10-05T08:54:46.1899648Z added 66 packages, and audited 67 packages in 8s
2026-10-05T08:54:46.1900211Z 
2026-10-05T08:54:46.1901377Z 14 packages are looking for funding
2026-10-05T08:54:46.1901817Z   run `npm fund` for details
2026-10-05T08:54:46.2170185Z 
2026-10-05T08:54:46.2170962Z 2 vulnerabilities (1 moderate, 1 high)
2026-10-05T08:54:46.2171309Z 
2026-10-05T08:54:46.2171558Z To address all issues (including breaking changes), run:
2026-10-05T08:54:46.2172040Z   npm audit fix --force
2026-10-05T08:54:46.2172260Z 
2026-10-05T08:54:46.2661309Z Run `npm audit` for details.
2026-10-05T08:54:46.2693282Z ##[group]Run npx playwright install --with-deps chromium
2026-10-05T08:54:46.2693856Z [36;1mnpx playwright install --with-deps chromium[0m
2026-10-05T08:54:46.2751499Z shell: /usr/bin/bash -e {0}
2026-10-05T08:54:46.2751735Z ##[endgroup]
2026-10-05T08:54:47.2114079Z Installing dependencies...
2026-10-05T08:54:47.2176710Z Switching to root user to install dependencies...
2026-10-05T08:54:47.3435168Z Get:1 file:/etc/apt/apt-mirrors.txt Mirrorlist [144 B]
2026-10-05T08:54:47.3592469Z Get:6 https://packages.microsoft.com/ubuntu/24.04/prod noble InRelease [3600 B]
2026-10-05T08:54:47.3768121Z Hit:2 http://azure.archive.ubuntu.com/ubuntu noble InRelease
2026-10-05T08:54:47.3789870Z Get:3 http://azure.archive.ubuntu.com/ubuntu noble-updates InRelease [126 kB]
2026-10-05T08:54:47.3815206Z Get:4 http://azure.archive.ubuntu.com/ubuntu noble-backports InRelease [126 kB]
2026-10-05T08:54:47.3863019Z Get:5 http://azure.archive.ubuntu.com/ubuntu noble-security InRelease [126 kB]
2026-10-05T08:54:47.4738965Z Get:7 https://packages.microsoft.com/ubuntu/24.04/prod noble/main arm64 Packages [458 kB]
2026-10-05T08:54:47.4905066Z Get:8 https://packages.microsoft.com/ubuntu/24.04/prod noble/main armhf Packages [12.6 kB]
2026-10-05T08:54:47.4946225Z Get:9 https://packages.microsoft.com/ubuntu/24.04/prod noble/main amd64 Packages [511 kB]
2026-10-05T08:54:47.5752746Z Get:10 http://azure.archive.ubuntu.com/ubuntu noble-updates/main amd64 Packages [1364 kB]
2026-10-05T08:54:47.5810874Z Get:11 http://azure.archive.ubuntu.com/ubuntu noble-updates/main Translation-en [304 kB]
2026-10-05T08:54:47.5856539Z Get:12 http://azure.archive.ubuntu.com/ubuntu noble-updates/main amd64 Components [181 kB]
2026-10-05T08:54:47.5884702Z Get:13 http://azure.archive.ubuntu.com/ubuntu noble-updates/universe amd64 Packages [1699 kB]
2026-10-05T08:54:47.5927059Z Get:14 http://azure.archive.ubuntu.com/ubuntu noble-updates/universe Translation-en [341 kB]
2026-10-05T08:54:47.5946763Z Get:15 http://azure.archive.ubuntu.com/ubuntu noble-updates/universe amd64 Components [388 kB]
2026-10-05T08:54:47.5972502Z Get:16 http://azure.archive.ubuntu.com/ubuntu noble-updates/restricted amd64 Packages [1720 kB]
2026-10-05T08:54:47.6042797Z Get:17 http://azure.archive.ubuntu.com/ubuntu noble-updates/restricted Translation-en [394 kB]
2026-10-05T08:54:47.6065320Z Get:18 http://azure.archive.ubuntu.com/ubuntu noble-updates/multiverse amd64 Components [940 B]
2026-10-05T08:54:47.6332253Z Get:19 http://azure.archive.ubuntu.com/ubuntu noble-backports/main amd64 Components [5776 B]
2026-10-05T08:54:47.6752471Z Get:20 http://azure.archive.ubuntu.com/ubuntu noble-backports/universe amd64 Components [12.6 kB]
2026-10-05T08:54:47.6792905Z Get:21 http://azure.archive.ubuntu.com/ubuntu noble-security/main amd64 Packages [1069 kB]
2026-10-05T08:54:47.6841226Z Get:22 http://azure.archive.ubuntu.com/ubuntu noble-security/main Translation-en [221 kB]
2026-10-05T08:54:47.6854762Z Get:23 http://azure.archive.ubuntu.com/ubuntu noble-security/main amd64 Components [46.4 kB]
2026-10-05T08:54:47.6861672Z Get:24 http://azure.archive.ubuntu.com/ubuntu noble-security/universe amd64 Packages [1216 kB]
2026-10-05T08:54:47.6910070Z Get:25 http://azure.archive.ubuntu.com/ubuntu noble-security/universe Translation-en [244 kB]
2026-10-05T08:54:47.6922761Z Get:26 http://azure.archive.ubuntu.com/ubuntu noble-security/universe amd64 Components [76.4 kB]
2026-10-05T08:54:47.6931198Z Get:27 http://azure.archive.ubuntu.com/ubuntu noble-security/restricted amd64 Packages [1566 kB]
2026-10-05T08:54:47.6992323Z Get:28 http://azure.archive.ubuntu.com/ubuntu noble-security/restricted Translation-en [361 kB]
2026-10-05T08:54:56.8894452Z Fetched 12.6 MB in 1s (10.4 MB/s)
2026-10-05T08:54:57.5477168Z Reading package lists...
2026-10-05T08:54:57.5684328Z Reading package lists...
2026-10-05T08:54:57.7365322Z Building dependency tree...
2026-10-05T08:54:57.7371503Z Reading state information...
2026-10-05T08:54:57.8743835Z libasound2t64 is already the newest version (1.2.11-1ubuntu0.3).
2026-10-05T08:54:57.8744963Z libasound2t64 set to manually installed.
2026-10-05T08:54:57.8745455Z libatk-bridge2.0-0t64 is already the newest version (2.52.0-1build1).
2026-10-05T08:54:57.8745953Z libatk-bridge2.0-0t64 set to manually installed.
2026-10-05T08:54:57.8746406Z libatk1.0-0t64 is already the newest version (2.52.0-1build1).
2026-10-05T08:54:57.8746838Z libatk1.0-0t64 set to manually installed.
2026-10-05T08:54:57.8747281Z libatspi2.0-0t64 is already the newest version (2.52.0-1build1).
2026-10-05T08:54:57.8747739Z libatspi2.0-0t64 set to manually installed.
2026-10-05T08:54:57.8748163Z libcairo2 is already the newest version (1.18.0-3build1).
2026-10-05T08:54:57.8748591Z libcairo2 set to manually installed.
2026-10-05T08:54:57.8749073Z libcups2t64 is already the newest version (2.4.7-1.2ubuntu7.14).
2026-10-05T08:54:57.8749543Z libcups2t64 set to manually installed.
2026-10-05T08:54:57.8750005Z libdbus-1-3 is already the newest version (1.14.10-4ubuntu4.1).
2026-10-05T08:54:57.8750509Z libdbus-1-3 set to manually installed.
2026-10-05T08:54:57.8751003Z libdrm2 is already the newest version (2.4.125-1ubuntu0.1~24.04.2).
2026-10-05T08:54:57.8751466Z libdrm2 set to manually installed.
2026-10-05T08:54:57.8751928Z libglib2.0-0t64 is already the newest version (2.80.0-6ubuntu3.9).
2026-10-05T08:54:57.8752391Z libglib2.0-0t64 set to manually installed.
2026-10-05T08:54:57.8752804Z libnspr4 is already the newest version (2:4.35-1.1build1).
2026-10-05T08:54:57.8753232Z libnspr4 set to manually installed.
2026-10-05T08:54:57.8753732Z libnss3 is already the newest version (2:3.98-1ubuntu0.2).
2026-10-05T08:54:57.8754097Z libnss3 set to manually installed.
2026-10-05T08:54:57.8754478Z libpango-1.0-0 is already the newest version (1.52.1+ds-1build1).
2026-10-05T08:54:57.8754903Z libpango-1.0-0 set to manually installed.
2026-10-05T08:54:57.8755175Z libx11-6 is already the newest version (2:1.8.7-1build1).
2026-10-05T08:54:57.8755435Z libx11-6 set to manually installed.
2026-10-05T08:54:57.8755695Z libxcb1 is already the newest version (1.15-1ubuntu2).
2026-10-05T08:54:57.8755955Z libxcb1 set to manually installed.
2026-10-05T08:54:57.8756230Z libxcomposite1 is already the newest version (1:0.4.5-1build3).
2026-10-05T08:54:57.8756527Z libxcomposite1 set to manually installed.
2026-10-05T08:54:57.8756813Z libxdamage1 is already the newest version (1:1.1.6-1build1).
2026-10-05T08:54:57.8757087Z libxdamage1 set to manually installed.
2026-10-05T08:54:57.8757529Z libxext6 is already the newest version (2:1.3.4-1build2).
2026-10-05T08:54:57.8757831Z libxext6 set to manually installed.
2026-10-05T08:54:57.8758179Z libxfixes3 is already the newest version (1:6.0.0-2build1).
2026-10-05T08:54:57.8758550Z libxfixes3 set to manually installed.
2026-10-05T08:54:57.8758995Z libxkbcommon0 is already the newest version (1.6.0-1build1).
2026-10-05T08:54:57.8759274Z libxkbcommon0 set to manually installed.
2026-10-05T08:54:57.8759538Z libxrandr2 is already the newest version (2:1.5.2-2build1).
2026-10-05T08:54:57.8759799Z libxrandr2 set to manually installed.
2026-10-05T08:54:57.8760049Z xvfb is already the newest version (2:21.1.12-1ubuntu1.8).
2026-10-05T08:54:57.8760411Z fonts-noto-color-emoji is already the newest version (2.047-0ubuntu0.24.04.1).
2026-10-05T08:54:57.8760788Z libfontconfig1 is already the newest version (2.15.0-1.1ubuntu2).
2026-10-05T08:54:57.8761194Z libfontconfig1 set to manually installed.
2026-10-05T08:54:57.8761484Z libfreetype6 is already the newest version (2.13.2+dfsg-1ubuntu0.1).
2026-10-05T08:54:57.8761791Z libfreetype6 set to manually installed.
2026-10-05T08:54:57.8762058Z fonts-liberation is already the newest version (1:2.1.5-3).
2026-10-05T08:54:57.8762337Z fonts-liberation set to manually installed.
2026-10-05T08:54:57.8762624Z The following additional packages will be installed:
2026-10-05T08:54:57.8762980Z   libgl1-mesa-dri libglx-mesa0 mesa-libgallium xfonts-encodings xfonts-utils
2026-10-05T08:54:57.8763306Z Recommended packages:
2026-10-05T08:54:57.8763513Z   fonts-ipafont-mincho fonts-tlwg-loma
2026-10-05T08:54:57.8997273Z The following NEW packages will be installed:
2026-10-05T08:54:57.8998038Z   fonts-freefont-ttf fonts-ipafont-gothic fonts-tlwg-loma-otf fonts-unifont
2026-10-05T08:54:57.9005325Z   fonts-wqy-zenhei xfonts-cyrillic xfonts-encodings xfonts-scalable
2026-10-05T08:54:57.9005805Z   xfonts-utils
2026-10-05T08:54:57.9010001Z The following packages will be upgraded:
2026-10-05T08:54:57.9015166Z   libgbm1 libgl1-mesa-dri libglx-mesa0 mesa-libgallium
2026-10-05T08:54:57.9166340Z 4 upgraded, 9 newly installed, 0 to remove and 21 not upgraded.
2026-10-05T08:54:57.9166883Z Need to get 32.1 MB of archives.
2026-10-05T08:54:57.9167318Z After this operation, 79.5 MB of additional disk space will be used.
2026-10-05T08:54:57.9167881Z Get:1 file:/etc/apt/apt-mirrors.txt Mirrorlist [144 B]
2026-10-05T08:54:58.0020499Z Get:2 http://azure.archive.ubuntu.com/ubuntu noble/universe amd64 fonts-ipafont-gothic all 00303-21ubuntu1 [3513 kB]
2026-10-05T08:54:58.1355424Z Get:3 http://azure.archive.ubuntu.com/ubuntu noble/main amd64 fonts-freefont-ttf all 20211204+svn4273-2 [5641 kB]
2026-10-05T08:54:58.3140561Z Get:4 http://azure.archive.ubuntu.com/ubuntu noble/universe amd64 fonts-tlwg-loma-otf all 1:0.7.3-1 [107 kB]
2026-10-05T08:54:58.3793969Z Get:5 http://azure.archive.ubuntu.com/ubuntu noble/universe amd64 fonts-unifont all 1:15.1.01-1build1 [2993 kB]
2026-10-05T08:54:58.5035245Z Get:6 http://azure.archive.ubuntu.com/ubuntu noble/universe amd64 fonts-wqy-zenhei all 0.9.45-8 [7472 kB]
2026-10-05T08:54:58.7247954Z Get:7 http://azure.archive.ubuntu.com/ubuntu noble-updates/main amd64 libgl1-mesa-dri amd64 25.2.8-0ubuntu0.24.04.4 [38.0 kB]
2026-10-05T08:54:58.7889023Z Get:8 http://azure.archive.ubuntu.com/ubuntu noble-updates/main amd64 libglx-mesa0 amd64 25.2.8-0ubuntu0.24.04.4 [110 kB]
2026-10-05T08:54:58.8540386Z Get:9 http://azure.archive.ubuntu.com/ubuntu noble-updates/main amd64 libgbm1 amd64 25.2.8-0ubuntu0.24.04.4 [34.2 kB]
2026-10-05T08:54:58.9184456Z Get:10 http://azure.archive.ubuntu.com/ubuntu noble-updates/main amd64 mesa-libgallium amd64 25.2.8-0ubuntu0.24.04.4 [10.8 MB]
2026-10-05T08:54:59.2047325Z Get:11 http://azure.archive.ubuntu.com/ubuntu noble/main amd64 xfonts-encodings all 1:1.0.5-0ubuntu2 [578 kB]
2026-10-05T08:54:59.2800825Z Get:12 http://azure.archive.ubuntu.com/ubuntu noble/main amd64 xfonts-utils amd64 1:7.7+6build3 [94.4 kB]
2026-10-05T08:54:59.3459065Z Get:13 http://azure.archive.ubuntu.com/ubuntu noble/universe amd64 xfonts-cyrillic all 1:1.0.5+nmu1 [384 kB]
2026-10-05T08:54:59.4171879Z Get:14 http://azure.archive.ubuntu.com/ubuntu noble/main amd64 xfonts-scalable all 1:1.0.3-1.3 [304 kB]
2026-10-05T08:54:59.6607511Z Fetched 32.1 MB in 2s (21.2 MB/s)
2026-10-05T08:54:59.7711462Z Selecting previously unselected package fonts-ipafont-gothic.
2026-10-05T08:54:59.8043010Z (Reading database ... 
2026-10-05T08:54:59.8043338Z (Reading database ... 5%
2026-10-05T08:54:59.8044088Z (Reading database ... 10%
2026-10-05T08:54:59.8044386Z (Reading database ... 15%
2026-10-05T08:54:59.8044680Z (Reading database ... 20%
2026-10-05T08:54:59.8044919Z (Reading database ... 25%
2026-10-05T08:54:59.8045099Z (Reading database ... 30%
2026-10-05T08:54:59.8045275Z (Reading database ... 35%
2026-10-05T08:54:59.8045461Z (Reading database ... 40%
2026-10-05T08:54:59.8045643Z (Reading database ... 45%
2026-10-05T08:54:59.8045827Z (Reading database ... 50%
2026-10-05T08:54:59.8846767Z (Reading database ... 55%
2026-10-05T08:55:00.7812245Z (Reading database ... 60%
2026-10-05T08:55:01.3598170Z (Reading database ... 65%
2026-10-05T08:55:01.6739656Z (Reading database ... 70%
2026-10-05T08:55:02.0535171Z (Reading database ... 75%
2026-10-05T08:55:02.5038752Z (Reading database ... 80%
2026-10-05T08:55:03.4244604Z (Reading database ... 85%
2026-10-05T08:55:04.2362294Z (Reading database ... 90%
2026-10-05T08:55:05.0601704Z (Reading database ... 95%
2026-10-05T08:55:05.0602085Z (Reading database ... 100%
2026-10-05T08:55:05.0602491Z (Reading database ... 202296 files and directories currently installed.)
2026-10-05T08:55:05.0644682Z Preparing to unpack .../00-fonts-ipafont-gothic_00303-21ubuntu1_all.deb ...
2026-10-05T08:55:05.0719204Z Unpacking fonts-ipafont-gothic (00303-21ubuntu1) ...
2026-10-05T08:55:05.4175931Z Selecting previously unselected package fonts-freefont-ttf.
2026-10-05T08:55:05.4286626Z Preparing to unpack .../01-fonts-freefont-ttf_20211204+svn4273-2_all.deb ...
2026-10-05T08:55:05.4291873Z Unpacking fonts-freefont-ttf (20211204+svn4273-2) ...
2026-10-05T08:55:05.5599232Z Selecting previously unselected package fonts-tlwg-loma-otf.
2026-10-05T08:55:05.5709318Z Preparing to unpack .../02-fonts-tlwg-loma-otf_1%3a0.7.3-1_all.deb ...
2026-10-05T08:55:05.6272237Z Unpacking fonts-tlwg-loma-otf (1:0.7.3-1) ...
2026-10-05T08:55:05.6454021Z Selecting previously unselected package fonts-unifont.
2026-10-05T08:55:05.6564824Z Preparing to unpack .../03-fonts-unifont_1%3a15.1.01-1build1_all.deb ...
2026-10-05T08:55:05.6570161Z Unpacking fonts-unifont (1:15.1.01-1build1) ...
2026-10-05T08:55:05.8477944Z Selecting previously unselected package fonts-wqy-zenhei.
2026-10-05T08:55:05.8587949Z Preparing to unpack .../04-fonts-wqy-zenhei_0.9.45-8_all.deb ...
2026-10-05T08:55:05.8673791Z Unpacking fonts-wqy-zenhei (0.9.45-8) ...
2026-10-05T08:55:06.4379319Z Preparing to unpack .../05-libgl1-mesa-dri_25.2.8-0ubuntu0.24.04.4_amd64.deb ...
2026-10-05T08:55:06.4499909Z Unpacking libgl1-mesa-dri:amd64 (25.2.8-0ubuntu0.24.04.4) over (25.2.8-0ubuntu0.24.04.2) ...
2026-10-05T08:55:06.5093029Z Preparing to unpack .../06-libglx-mesa0_25.2.8-0ubuntu0.24.04.4_amd64.deb ...
2026-10-05T08:55:06.5119583Z Unpacking libglx-mesa0:amd64 (25.2.8-0ubuntu0.24.04.4) over (25.2.8-0ubuntu0.24.04.2) ...
2026-10-05T08:55:06.5436975Z Preparing to unpack .../07-libgbm1_25.2.8-0ubuntu0.24.04.4_amd64.deb ...
2026-10-05T08:55:06.5528848Z Unpacking libgbm1:amd64 (25.2.8-0ubuntu0.24.04.4) over (25.2.8-0ubuntu0.24.04.2) ...
2026-10-05T08:55:06.6034887Z Preparing to unpack .../08-mesa-libgallium_25.2.8-0ubuntu0.24.04.4_amd64.deb ...
2026-10-05T08:55:06.6059215Z Unpacking mesa-libgallium:amd64 (25.2.8-0ubuntu0.24.04.4) over (25.2.8-0ubuntu0.24.04.2) ...
2026-10-05T08:55:06.9424348Z Selecting previously unselected package xfonts-encodings.
2026-10-05T08:55:06.9535219Z Preparing to unpack .../09-xfonts-encodings_1%3a1.0.5-0ubuntu2_all.deb ...
2026-10-05T08:55:06.9541378Z Unpacking xfonts-encodings (1:1.0.5-0ubuntu2) ...
2026-10-05T08:55:06.9827113Z Selecting previously unselected package xfonts-utils.
2026-10-05T08:55:06.9936537Z Preparing to unpack .../10-xfonts-utils_1%3a7.7+6build3_amd64.deb ...
2026-10-05T08:55:06.9941485Z Unpacking xfonts-utils (1:7.7+6build3) ...
2026-10-05T08:55:07.0864076Z Selecting previously unselected package xfonts-cyrillic.
2026-10-05T08:55:07.0976551Z Preparing to unpack .../11-xfonts-cyrillic_1%3a1.0.5+nmu1_all.deb ...
2026-10-05T08:55:07.0982255Z Unpacking xfonts-cyrillic (1:1.0.5+nmu1) ...
2026-10-05T08:55:07.1260320Z Selecting previously unselected package xfonts-scalable.
2026-10-05T08:55:07.1377586Z Preparing to unpack .../12-xfonts-scalable_1%3a1.0.3-1.3_all.deb ...
2026-10-05T08:55:07.1383350Z Unpacking xfonts-scalable (1:1.0.3-1.3) ...
2026-10-05T08:55:07.1808361Z Setting up mesa-libgallium:amd64 (25.2.8-0ubuntu0.24.04.4) ...
2026-10-05T08:55:07.1822412Z Setting up libgbm1:amd64 (25.2.8-0ubuntu0.24.04.4) ...
2026-10-05T08:55:07.1835186Z Setting up libgl1-mesa-dri:amd64 (25.2.8-0ubuntu0.24.04.4) ...
2026-10-05T08:55:07.1898216Z Setting up fonts-wqy-zenhei (0.9.45-8) ...
2026-10-05T08:55:07.1990664Z Setting up fonts-freefont-ttf (20211204+svn4273-2) ...
2026-10-05T08:55:07.2003005Z Setting up fonts-tlwg-loma-otf (1:0.7.3-1) ...
2026-10-05T08:55:07.2016086Z Setting up xfonts-encodings (1:1.0.5-0ubuntu2) ...
2026-10-05T08:55:07.2029994Z Setting up fonts-ipafont-gothic (00303-21ubuntu1) ...
2026-10-05T08:55:07.2087163Z update-alternatives: using /usr/share/fonts/opentype/ipafont-gothic/ipag.ttf to provide /usr/share/fonts/truetype/fonts-japanese-gothic.ttf (fonts-japanese-gothic.ttf) in auto mode
2026-10-05T08:55:07.2099929Z Setting up fonts-unifont (1:15.1.01-1build1) ...
2026-10-05T08:55:07.2113889Z Setting up libglx-mesa0:amd64 (25.2.8-0ubuntu0.24.04.4) ...
2026-10-05T08:55:07.2127039Z Setting up xfonts-utils (1:7.7+6build3) ...
2026-10-05T08:55:07.2158368Z Setting up xfonts-cyrillic (1:1.0.5+nmu1) ...
2026-10-05T08:55:07.2435326Z Setting up xfonts-scalable (1:1.0.3-1.3) ...
2026-10-05T08:55:07.2675185Z Processing triggers for libc-bin (2.39-0ubuntu8.9) ...
2026-10-05T08:55:10.8895713Z Processing triggers for man-db (2.12.0-4build2) ...
2026-10-05T08:55:10.8916189Z Not building database; man-db/auto-update is not 'true'.
2026-10-05T08:55:10.8926828Z Processing triggers for fontconfig (2.15.0-1.1ubuntu2) ...
2026-10-05T08:55:12.4459448Z 
2026-10-05T08:55:12.4460092Z Running kernel seems to be up-to-date.
2026-10-05T08:55:12.4460387Z 
2026-10-05T08:55:12.4460503Z No services need to be restarted.
2026-10-05T08:55:12.4460715Z 
2026-10-05T08:55:12.4460843Z No containers need to be restarted.
2026-10-05T08:55:12.4461049Z 
2026-10-05T08:55:12.4461337Z No user sessions are running outdated binaries.
2026-10-05T08:55:12.4461891Z 
2026-10-05T08:55:12.4462201Z No VM guests are running outdated hypervisor (qemu) binaries on this host.
2026-10-05T08:55:13.2511202Z Downloading Chrome for Testing 153.0.8010.12 (playwright chromium v1243) from https://cdn.playwright.dev/builds/cft/153.0.8010.12/linux64/chrome-linux64.zip
2026-10-05T08:55:13.6249369Z |                                                                                |   0% of 186.8 MiB
2026-10-05T08:55:13.8009508Z |■■■■■■■■                                                                        |  10% of 186.8 MiB
2026-10-05T08:55:13.8996102Z |■■■■■■■■■■■■■■■■                                                                |  20% of 186.8 MiB
2026-10-05T08:55:13.9906181Z |■■■■■■■■■■■■■■■■■■■■■■■■                                                        |  30% of 186.8 MiB
2026-10-05T08:55:14.0713218Z |■■■■■■■■■■■■■■■■■■■■■■■■■■■■■■■■                                                |  40% of 186.8 MiB
2026-10-05T08:55:14.1413133Z |■■■■■■■■■■■■■■■■■■■■■■■■■■■■■■■■■■■■■■■■                                        |  50% of 186.8 MiB
2026-10-05T08:55:14.2075066Z |■■■■■■■■■■■■■■■■■■■■■■■■■■■■■■■■■■■■■■■■■■■■■■■■                                |  60% of 186.8 MiB
2026-10-05T08:55:14.2719429Z |■■■■■■■■■■■■■■■■■■■■■■■■■■■■■■■■■■■■■■■■■■■■■■■■■■■■■■■■                        |  70% of 186.8 MiB
2026-10-05T08:55:14.3505889Z |■■■■■■■■■■■■■■■■■■■■■■■■■■■■■■■■■■■■■■■■■■■■■■■■■■■■■■■■■■■■■■■■                |  80% of 186.8 MiB
2026-10-05T08:55:14.4181611Z |■■■■■■■■■■■■■■■■■■■■■■■■■■■■■■■■■■■■■■■■■■■■■■■■■■■■■■■■■■■■■■■■■■■■■■■■        |  90% of 186.8 MiB
2026-10-05T08:55:14.5130370Z |■■■■■■■■■■■■■■■■■■■■■■■■■■■■■■■■■■■■■■■■■■■■■■■■■■■■■■■■■■■■■■■■■■■■■■■■■■■■■■■■| 100% of 186.8 MiB
2026-10-05T08:55:16.5535281Z Chrome for Testing 153.0.8010.12 (playwright chromium v1243) downloaded to /home/runner/.cache/ms-playwright/chromium-1243
2026-10-05T08:55:16.5538436Z Downloading FFmpeg (playwright ffmpeg v1011) from https://cdn.playwright.dev/dbazure/download/playwright/builds/ffmpeg/1011/ffmpeg-linux.zip
2026-10-05T08:55:16.8574562Z |                                                                                |   0% of 2.3 MiB
2026-10-05T08:55:16.8603053Z |■■■■■■■■                                                                        |  10% of 2.3 MiB
2026-10-05T08:55:16.8703730Z |■■■■■■■■■■■■■■■■                                                                |  20% of 2.3 MiB
2026-10-05T08:55:16.8734917Z |■■■■■■■■■■■■■■■■■■■■■■■■                                                        |  30% of 2.3 MiB
2026-10-05T08:55:16.8735815Z |■■■■■■■■■■■■■■■■■■■■■■■■■■■■■■■■                                                |  40% of 2.3 MiB
2026-10-05T08:55:16.8750046Z |■■■■■■■■■■■■■■■■■■■■■■■■■■■■■■■■■■■■■■■■                                        |  50% of 2.3 MiB
2026-10-05T08:55:16.8757657Z |■■■■■■■■■■■■■■■■■■■■■■■■■■■■■■■■■■■■■■■■■■■■■■■■                                |  60% of 2.3 MiB
2026-10-05T08:55:16.8766473Z |■■■■■■■■■■■■■■■■■■■■■■■■■■■■■■■■■■■■■■■■■■■■■■■■■■■■■■■■                        |  70% of 2.3 MiB
2026-10-05T08:55:16.8776342Z |■■■■■■■■■■■■■■■■■■■■■■■■■■■■■■■■■■■■■■■■■■■■■■■■■■■■■■■■■■■■■■■■                |  80% of 2.3 MiB
2026-10-05T08:55:16.8783968Z |■■■■■■■■■■■■■■■■■■■■■■■■■■■■■■■■■■■■■■■■■■■■■■■■■■■■■■■■■■■■■■■■■■■■■■■■        |  90% of 2.3 MiB
2026-10-05T08:55:16.8793177Z |■■■■■■■■■■■■■■■■■■■■■■■■■■■■■■■■■■■■■■■■■■■■■■■■■■■■■■■■■■■■■■■■■■■■■■■■■■■■■■■■| 100% of 2.3 MiB
2026-10-05T08:55:16.9263491Z FFmpeg (playwright ffmpeg v1011) downloaded to /home/runner/.cache/ms-playwright/ffmpeg-1011
2026-10-05T08:55:16.9265980Z Downloading Chrome Headless Shell 153.0.8010.12 (playwright chromium-headless-shell v1243) from https://cdn.playwright.dev/builds/cft/153.0.8010.12/linux64/chrome-headless-shell-linux64.zip
2026-10-05T08:55:17.2825785Z |                                                                                |   0% of 114.3 MiB
2026-10-05T08:55:17.4228669Z |■■■■■■■■                                                                        |  10% of 114.3 MiB
2026-10-05T08:55:17.4653522Z |■■■■■■■■■■■■■■■■                                                                |  20% of 114.3 MiB
2026-10-05T08:55:17.5063129Z |■■■■■■■■■■■■■■■■■■■■■■■■                                                        |  30% of 114.3 MiB
2026-10-05T08:55:17.5506551Z |■■■■■■■■■■■■■■■■■■■■■■■■■■■■■■■■                                                |  40% of 114.3 MiB
2026-10-05T08:55:17.5899899Z |■■■■■■■■■■■■■■■■■■■■■■■■■■■■■■■■■■■■■■■■                                        |  50% of 114.3 MiB
2026-10-05T08:55:17.6290237Z |■■■■■■■■■■■■■■■■■■■■■■■■■■■■■■■■■■■■■■■■■■■■■■■■                                |  60% of 114.3 MiB
2026-10-05T08:55:17.6749559Z |■■■■■■■■■■■■■■■■■■■■■■■■■■■■■■■■■■■■■■■■■■■■■■■■■■■■■■■■                        |  70% of 114.3 MiB
2026-10-05T08:55:17.7317218Z |■■■■■■■■■■■■■■■■■■■■■■■■■■■■■■■■■■■■■■■■■■■■■■■■■■■■■■■■■■■■■■■■                |  80% of 114.3 MiB
2026-10-05T08:55:17.7863999Z |■■■■■■■■■■■■■■■■■■■■■■■■■■■■■■■■■■■■■■■■■■■■■■■■■■■■■■■■■■■■■■■■■■■■■■■■        |  90% of 114.3 MiB
2026-10-05T08:55:17.8442006Z |■■■■■■■■■■■■■■■■■■■■■■■■■■■■■■■■■■■■■■■■■■■■■■■■■■■■■■■■■■■■■■■■■■■■■■■■■■■■■■■■| 100% of 114.3 MiB
2026-10-05T08:55:19.2861187Z Chrome Headless Shell 153.0.8010.12 (playwright chromium-headless-shell v1243) downloaded to /home/runner/.cache/ms-playwright/chromium_headless_shell-1243
2026-10-05T08:55:19.3079047Z ##[group]Run CF_STATEMENTS=0 TRANSLATE=0 node scripts/update-data.mjs
2026-10-05T08:55:19.3079470Z [36;1mCF_STATEMENTS=0 TRANSLATE=0 node scripts/update-data.mjs[0m
2026-10-05T08:55:19.3137100Z shell: /usr/bin/bash -e {0}
2026-10-05T08:55:19.3137318Z env:
2026-10-05T08:55:19.3140447Z   GITHUB_TOKEN: ***
2026-10-05T08:55:19.3140703Z ##[endgroup]
2026-10-05T08:55:19.4211842Z Discovering daily problem folders...
2026-10-05T08:55:20.7286054Z Found 814 days, syncing the most recent 814.
2026-10-05T08:55:21.4388170Z   2026-10-05: 2 problems
2026-10-05T08:55:21.8668343Z   2026-10-03: 2 problems
2026-10-05T08:55:22.3181071Z   2026-10-02: 2 problems
2026-10-05T08:55:22.7801925Z   2026-10-01: 2 problems
2026-10-05T08:55:23.2482975Z   2026-09-30: 2 problems
2026-10-05T08:55:23.7082371Z   2026-09-29: 2 problems
2026-10-05T08:55:24.1705657Z   2026-09-28: 2 problems
2026-10-05T08:55:24.6202370Z   2026-09-26: 2 problems
2026-10-05T08:55:25.0625952Z   2026-09-25: 2 problems
2026-10-05T08:55:25.5216639Z   2026-09-24: 2 problems
2026-10-05T08:55:25.9970937Z   2026-09-23: 2 problems
2026-10-05T08:55:26.4271053Z   2026-09-22: 2 problems
2026-10-05T08:55:26.9332466Z   2026-09-21: 2 problems
2026-10-05T08:55:27.4787552Z   2026-09-19: 2 problems
2026-10-05T08:55:27.9222125Z   2026-09-18: 2 problems
2026-10-05T08:55:28.3812174Z   2026-09-17: 2 problems
2026-10-05T08:55:28.8458512Z   2026-09-16: 2 problems
2026-10-05T08:55:29.4171630Z   2026-09-15: 2 problems
2026-10-05T08:55:29.7729930Z   2026-09-14: 2 problems
2026-10-05T08:55:30.2182259Z   2026-09-12: 2 problems
2026-10-05T08:55:30.6796737Z   2026-09-11: 2 problems
2026-10-05T08:55:31.1098806Z   2026-09-10: 2 problems
2026-10-05T08:55:31.5338841Z   2026-09-09: 2 problems
2026-10-05T08:55:31.9443293Z   2026-09-08: 2 problems
2026-10-05T08:55:32.3858646Z   2026-09-07: 2 problems
2026-10-05T08:55:32.9043966Z   2026-09-05: 2 problems
2026-10-05T08:55:33.5362000Z   2026-09-04: 2 problems
2026-10-05T08:55:33.9465743Z   2026-09-03: 2 problems
2026-10-05T08:55:34.4447467Z   2026-09-02: 2 problems
2026-10-05T08:55:34.9133384Z   2026-09-01: 2 problems
2026-10-05T08:55:35.3340609Z   2026-08-31: 2 problems
2026-10-05T08:55:35.7625587Z   2026-08-29: 2 problems
2026-10-05T08:55:36.1879965Z   2026-08-28: 2 problems
2026-10-05T08:55:36.6186422Z   2026-08-27: 2 problems
2026-10-05T08:55:37.0351042Z   2026-08-26: 2 problems
2026-10-05T08:55:37.5054246Z   2026-08-25: 2 problems
2026-10-05T08:55:37.9591260Z   2026-08-24: 2 problems
2026-10-05T08:55:38.3725784Z   2026-08-22: 2 problems
2026-10-05T08:55:38.8446653Z   2026-08-21: 2 problems
2026-10-05T08:55:39.2499570Z   2026-08-20: 2 problems
2026-10-05T08:55:39.7067644Z   2026-08-19: 2 problems
2026-10-05T08:55:40.2898521Z   2026-08-18: 2 problems
2026-10-05T08:55:40.7423492Z   2026-08-17: 2 problems
2026-10-05T08:55:41.2785232Z   2026-08-15: 2 problems
2026-10-05T08:55:41.7796798Z   2026-08-14: 2 problems
2026-10-05T08:55:42.3424929Z   2026-08-13: 2 problems
2026-10-05T08:55:42.7677484Z   2026-08-12: 2 problems
2026-10-05T08:55:43.2058420Z   2026-08-11: 2 problems
2026-10-05T08:55:43.6394816Z   2026-08-10: 2 problems
2026-10-05T08:55:44.0715124Z   2026-08-08: 2 problems
2026-10-05T08:55:44.4995371Z   2026-08-07: 2 problems
2026-10-05T08:55:44.9351558Z   2026-08-06: 2 problems
2026-10-05T08:55:45.3441552Z   2026-08-05: 2 problems
2026-10-05T08:55:45.7975113Z   2026-08-04: 2 problems
2026-10-05T08:55:46.2211017Z   2026-08-03: 2 problems
2026-10-05T08:55:46.7356891Z   2026-08-01: 2 problems
2026-10-05T08:55:47.0276925Z   2026-07-31: 2 problems
2026-10-05T08:55:47.5011326Z   2026-07-30: 2 problems
2026-10-05T08:55:47.9408434Z   2026-07-29: 2 problems
2026-10-05T08:55:48.3587737Z   2026-07-28: 2 problems
2026-10-05T08:55:48.8047234Z   2026-07-27: 2 problems
2026-10-05T08:55:49.3869470Z   2026-07-25: 2 problems
2026-10-05T08:55:49.8717645Z   2026-07-24: 2 problems
2026-10-05T08:55:50.3608232Z   2026-07-23: 2 problems
2026-10-05T08:55:50.7769808Z   2026-07-22: 2 problems
2026-10-05T08:55:51.2362867Z   2026-07-21: 2 problems
2026-10-05T08:55:51.6778009Z   2026-07-16: 2 problems
2026-10-05T08:55:52.1397640Z   2026-07-15: 2 problems
2026-10-05T08:55:52.6086954Z   2026-07-14: 2 problems
2026-10-05T08:55:53.0562254Z   2026-07-13: 2 problems
2026-10-05T08:55:53.5695104Z   2026-07-11: 2 problems
2026-10-05T08:55:54.0285498Z   2026-07-10: 2 problems
2026-10-05T08:55:54.5030178Z   2026-07-09: 2 problems
2026-10-05T08:55:55.0360624Z   2026-07-08: 2 problems
2026-10-05T08:55:55.4936128Z   2026-07-07: 2 problems
2026-10-05T08:55:56.0190306Z   2026-07-06: 2 problems
2026-10-05T08:55:56.4604246Z   2026-07-04: 2 problems
2026-10-05T08:55:56.9553258Z   2026-07-03: 2 problems
2026-10-05T08:55:57.4443721Z   2026-07-02: 2 problems
2026-10-05T08:55:57.9297760Z   2026-07-01: 2 problems
2026-10-05T08:55:58.3804903Z   2026-06-30: 2 problems
2026-10-05T08:55:58.8164615Z   2026-06-29: 2 problems
2026-10-05T08:55:59.2943964Z   2026-06-27: 2 problems
2026-10-05T08:55:59.7411413Z   2026-06-26: 2 problems
2026-10-05T08:56:00.1497615Z   2026-06-25: 2 problems
2026-10-05T08:56:00.6105504Z   2026-06-24: 2 problems
2026-10-05T08:56:01.0457006Z   2026-06-23: 2 problems
2026-10-05T08:56:01.4814336Z   2026-06-22: 2 problems
2026-10-05T08:56:01.7934175Z   2026-06-20: 1 problems
2026-10-05T08:56:02.2252755Z   2026-06-19: 2 problems
2026-10-05T08:56:02.6286527Z   2026-06-18: 2 problems
2026-10-05T08:56:03.0479603Z   2026-06-17: 2 problems
2026-10-05T08:56:03.4742932Z   2026-06-16: 2 problems
2026-10-05T08:56:03.9453058Z   2026-06-15: 2 problems
2026-10-05T08:56:04.3805103Z   2026-06-13: 2 problems
2026-10-05T08:56:04.8098799Z   2026-06-12: 2 problems
2026-10-05T08:56:05.2588806Z   2026-06-11: 2 problems
2026-10-05T08:56:05.7154092Z   2026-06-10: 2 problems
2026-10-05T08:56:06.1399237Z   2026-06-09: 2 problems
2026-10-05T08:56:06.5306777Z   2026-06-08: 2 problems
2026-10-05T08:56:06.9226818Z   2026-06-06: 2 problems
2026-10-05T08:56:07.3162263Z   2026-06-05: 2 problems
2026-10-05T08:56:07.6830118Z   2026-06-04: 2 problems
2026-10-05T08:56:07.8028505Z   2026-06-03: 2 problems
2026-10-05T08:56:08.1869202Z   2026-06-02: 2 problems
2026-10-05T08:56:08.5777288Z   2026-06-01: 2 problems
2026-10-05T08:56:08.9565283Z   2026-05-30: 2 problems
2026-10-05T08:56:09.3911533Z   2026-05-29: 2 problems
2026-10-05T08:56:09.9014656Z   2026-05-28: 2 problems
2026-10-05T08:56:10.2941866Z   2026-05-27: 2 problems
2026-10-05T08:56:10.6065249Z   2026-05-26: 2 problems
2026-10-05T08:56:11.0495093Z   2026-05-25: 2 problems
2026-10-05T08:56:11.4308959Z   2026-05-23: 2 problems
2026-10-05T08:56:11.8352113Z   2026-05-22: 2 problems
2026-10-05T08:56:12.4775249Z   2026-05-21: 2 problems
2026-10-05T08:56:12.8858701Z   2026-05-20: 2 problems
2026-10-05T08:56:13.2500703Z   2026-05-19: 2 problems
2026-10-05T08:56:13.6450917Z   2026-05-18: 2 problems
2026-10-05T08:56:14.0155357Z   2026-05-16: 2 problems
2026-10-05T08:56:14.4422542Z   2026-05-15: 2 problems
2026-10-05T08:56:14.8167641Z   2026-05-14: 2 problems
2026-10-05T08:56:15.2447629Z   2026-05-13: 2 problems
2026-10-05T08:56:15.6385000Z   2026-05-12: 2 problems
2026-10-05T08:56:16.0262019Z   2026-05-11: 2 problems
2026-10-05T08:56:16.4223319Z   2026-05-09: 2 problems
2026-10-05T08:56:16.7791405Z   2026-05-08: 2 problems
2026-10-05T08:56:17.5594596Z   2026-05-07: 2 problems
2026-10-05T08:56:17.9917261Z   2026-05-06: 2 problems
2026-10-05T08:56:18.3488322Z   2026-05-05: 2 problems
2026-10-05T08:56:18.7131330Z   2026-05-04: 2 problems
2026-10-05T08:56:19.1402800Z   2026-05-02: 2 problems
2026-10-05T08:56:19.5340611Z   2026-05-01: 2 problems
2026-10-05T08:56:19.8956840Z   2026-04-30: 2 problems
2026-10-05T08:56:20.3252889Z   2026-04-29: 2 problems
2026-10-05T08:56:20.7528459Z   2026-04-28: 2 problems
2026-10-05T08:56:21.1341329Z   2026-04-27: 2 problems
2026-10-05T08:56:21.6938546Z   2026-04-25: 2 problems
2026-10-05T08:56:22.0654761Z   2026-04-24: 2 problems
2026-10-05T08:56:22.4477765Z   2026-04-23: 2 problems
2026-10-05T08:56:22.8692739Z   2026-04-22: 2 problems
2026-10-05T08:56:23.2431264Z   2026-04-21: 2 problems
2026-10-05T08:56:23.6289418Z   2026-04-20: 2 problems
2026-10-05T08:56:24.0283440Z   2026-04-18: 2 problems
2026-10-05T08:56:24.4236689Z   2026-04-17: 2 problems
2026-10-05T08:56:24.8845064Z   2026-04-16: 2 problems
2026-10-05T08:56:25.2864093Z   2026-04-15: 2 problems
2026-10-05T08:56:25.6844450Z   2026-04-14: 2 problems
2026-10-05T08:56:26.0621305Z   2026-04-13: 2 problems
2026-10-05T08:56:26.4688514Z   2026-04-11: 2 problems
2026-10-05T08:56:26.8719607Z   2026-04-10: 2 problems
2026-10-05T08:56:27.3187643Z   2026-04-09: 2 problems
2026-10-05T08:56:27.6158044Z   2026-04-08: 2 problems
2026-10-05T08:56:27.9694921Z   2026-04-07: 2 problems
2026-10-05T08:56:28.3880225Z   2026-04-06: 2 problems
2026-10-05T08:56:28.7712002Z   2026-04-04: 2 problems
2026-10-05T08:56:29.1374335Z   2026-04-03: 2 problems
2026-10-05T08:56:29.5329352Z   2026-04-02: 2 problems
2026-10-05T08:56:29.9394213Z   2026-04-01: 2 problems
2026-10-05T08:56:30.3224267Z   2026-03-31: 2 problems
2026-10-05T08:56:30.7177400Z   2026-03-30: 2 problems
2026-10-05T08:56:31.2276803Z   2026-03-28: 2 problems
2026-10-05T08:56:31.5968238Z   2026-03-27: 2 problems
2026-10-05T08:56:32.0290874Z   2026-03-26: 2 problems
2026-10-05T08:56:32.4388376Z   2026-03-25: 2 problems
2026-10-05T08:56:32.8385030Z   2026-03-24: 2 problems
2026-10-05T08:56:33.2375512Z   2026-03-23: 2 problems
2026-10-05T08:56:33.6503408Z   2026-03-21: 2 problems
2026-10-05T08:56:34.0644082Z   2026-03-20: 2 problems
2026-10-05T08:56:34.4707021Z   2026-03-19: 2 problems
2026-10-05T08:56:34.8749667Z   2026-03-18: 2 problems
2026-10-05T08:56:35.4151507Z   2026-03-17: 2 problems
2026-10-05T08:56:36.0495433Z   2026-03-16: 2 problems
2026-10-05T08:56:36.4921488Z   2026-03-14: 2 problems
2026-10-05T08:56:36.9395263Z   2026-03-13: 2 problems
2026-10-05T08:56:37.4050083Z   2026-03-12: 2 problems
2026-10-05T08:56:37.9158332Z   2026-03-11: 2 problems
2026-10-05T08:56:38.5550121Z   2026-03-10: 2 problems
2026-10-05T08:56:39.1018729Z   2026-03-09: 2 problems
2026-10-05T08:56:39.5291737Z   2026-03-07: 2 problems
2026-10-05T08:56:39.9679532Z   2026-03-06: 2 problems
2026-10-05T08:56:40.4160116Z   2026-03-05: 2 problems
2026-10-05T08:56:40.8836301Z   2026-03-04: 2 problems
2026-10-05T08:56:41.3921532Z   2026-03-03: 2 problems
2026-10-05T08:56:41.8295207Z   2026-03-02: 2 problems
2026-10-05T08:56:42.2735947Z   2026-02-28: 2 problems
2026-10-05T08:56:42.7697551Z   2026-02-27: 2 problems
2026-10-05T08:56:43.1680920Z   2026-02-26: 2 problems
2026-10-05T08:56:43.5759260Z   2026-02-25: 2 problems
2026-10-05T08:56:44.0846578Z   2026-02-24: 2 problems
2026-10-05T08:56:44.5236964Z   2026-02-23: 2 problems
2026-10-05T08:56:44.9366653Z   2026-02-21: 2 problems
2026-10-05T08:56:45.3646982Z   2026-02-20: 2 problems
2026-10-05T08:56:45.7962523Z   2026-02-19: 2 problems
2026-10-05T08:56:46.3217682Z   2026-02-18: 2 problems
2026-10-05T08:56:46.7452855Z   2026-02-17: 2 problems
2026-10-05T08:56:47.1911637Z   2026-02-16: 2 problems
2026-10-05T08:56:47.6216495Z   2026-02-14: 2 problems
2026-10-05T08:56:48.1052138Z   2026-02-13: 2 problems
2026-10-05T08:56:48.5157397Z   2026-02-12: 2 problems
2026-10-05T08:56:48.9568569Z   2026-02-11: 2 problems
2026-10-05T08:56:49.4016082Z   2026-02-10: 2 problems
2026-10-05T08:56:49.8116298Z   2026-02-09: 2 problems
2026-10-05T08:56:50.2636797Z   2026-02-07: 2 problems
2026-10-05T08:56:50.6916210Z   2026-02-06: 2 problems
2026-10-05T08:56:51.1451993Z   2026-02-05: 2 problems
2026-10-05T08:56:51.5734683Z   2026-02-04: 2 problems
2026-10-05T08:56:52.0037804Z   2026-02-03: 2 problems
2026-10-05T08:56:52.4791246Z   2026-02-02: 2 problems
2026-10-05T08:56:53.1154570Z   2026-01-31: 2 problems
2026-10-05T08:56:53.6079260Z   2026-01-30: 2 problems
2026-10-05T08:56:54.0034573Z   2026-01-29: 2 problems
2026-10-05T08:56:54.4801418Z   2026-01-28: 2 problems
2026-10-05T08:56:54.9062995Z   2026-01-27: 2 problems
2026-10-05T08:56:55.3635630Z   2026-01-26: 2 problems
2026-10-05T08:56:55.8091360Z   2026-01-24: 2 problems
2026-10-05T08:56:56.2483324Z   2026-01-23: 2 problems
2026-10-05T08:56:56.5434910Z   2026-01-22: 2 problems
2026-10-05T08:56:57.2025720Z   2026-01-21: 2 problems
2026-10-05T08:56:57.6697880Z   2026-01-20: 2 problems
2026-10-05T08:56:58.0997428Z   2026-01-19: 2 problems
2026-10-05T08:56:58.5224803Z   2026-01-17: 2 problems
2026-10-05T08:56:58.9629709Z   2026-01-16: 2 problems
2026-10-05T08:56:59.4630364Z   2026-01-15: 2 problems
2026-10-05T08:56:59.9084509Z   2026-01-14: 2 problems
2026-10-05T08:57:00.4095205Z   2026-01-13: 2 problems
2026-10-05T08:57:00.8464576Z   2026-01-12: 2 problems
2026-10-05T08:57:01.3282338Z   2026-01-10: 2 problems
2026-10-05T08:57:01.9938404Z   2026-01-09: 2 problems
2026-10-05T08:57:02.5978509Z   2026-01-08: 2 problems
2026-10-05T08:57:03.0291014Z   2026-01-07: 2 problems
2026-10-05T08:57:03.4879409Z   2026-01-06: 2 problems
2026-10-05T08:57:03.9317864Z   2026-01-05: 2 problems
2026-10-05T08:57:04.4046604Z   2026-01-03: 2 problems
2026-10-05T08:57:04.8094475Z   2026-01-02: 2 problems
2026-10-05T08:57:05.3033980Z   2026-01-01: 2 problems
2026-10-05T08:57:05.8335938Z   2025-12-31: 2 problems
2026-10-05T08:57:06.2357672Z   2025-12-30: 2 problems
2026-10-05T08:57:06.6499732Z   2025-12-29: 2 problems
2026-10-05T08:57:07.1179767Z   2025-12-27: 2 problems
2026-10-05T08:57:07.5413966Z   2025-12-26: 2 problems
2026-10-05T08:57:07.9692700Z   2025-12-25: 2 problems
2026-10-05T08:57:08.4119294Z   2025-12-24: 2 problems
2026-10-05T08:57:08.8934770Z   2025-12-23: 2 problems
2026-10-05T08:57:09.3566989Z   2025-12-22: 2 problems
2026-10-05T08:57:09.7637712Z   2025-12-20: 2 problems
2026-10-05T08:57:10.2547045Z   2025-12-19: 2 problems
2026-10-05T08:57:10.6717721Z   2025-12-18: 2 problems
2026-10-05T08:57:11.0764360Z   2025-12-17: 2 problems
2026-10-05T08:57:11.5052430Z   2025-12-16: 2 problems
2026-10-05T08:57:12.0333904Z   2025-12-15: 2 problems
2026-10-05T08:57:12.4966452Z   2025-12-13: 2 problems
2026-10-05T08:57:12.9198222Z   2025-12-12: 2 problems
2026-10-05T08:57:13.3902389Z   2025-12-11: 2 problems
2026-10-05T08:57:13.8819078Z   2025-12-10: 2 problems
2026-10-05T08:57:14.4029874Z   2025-12-09: 2 problems
2026-10-05T08:57:14.6860206Z   2025-12-08: 2 problems
2026-10-05T08:57:15.1314233Z   2025-12-06: 2 problems
2026-10-05T08:57:15.5407479Z   2025-12-05: 2 problems
2026-10-05T08:57:16.0494499Z   2025-12-04: 2 problems
2026-10-05T08:57:16.4610832Z   2025-12-03: 2 problems
2026-10-05T08:57:16.9585078Z   2025-12-02: 2 problems
2026-10-05T08:57:17.4078160Z   2025-12-01: 2 problems
2026-10-05T08:57:17.8517290Z   2025-11-29: 2 problems
2026-10-05T08:57:18.3180114Z   2025-11-28: 2 problems
2026-10-05T08:57:18.7269100Z   2025-11-27: 2 problems
2026-10-05T08:57:19.1946567Z   2025-11-26: 2 problems
2026-10-05T08:57:19.6232802Z   2025-11-25: 2 problems
2026-10-05T08:57:20.0464510Z   2025-11-24: 2 problems
2026-10-05T08:57:20.5450380Z   2025-11-22: 2 problems
2026-10-05T08:57:20.9688779Z   2025-11-21: 2 problems
2026-10-05T08:57:21.3779169Z   2025-11-20: 2 problems
2026-10-05T08:57:21.7954226Z   2025-11-19: 2 problems
2026-10-05T08:57:22.2432728Z   2025-11-18: 2 problems
2026-10-05T08:57:22.6556274Z   2025-11-17: 2 problems
2026-10-05T08:57:23.1042943Z   2025-11-15: 2 problems
2026-10-05T08:57:23.5304578Z   2025-11-14: 2 problems
2026-10-05T08:57:24.0006198Z   2025-11-13: 2 problems
2026-10-05T08:57:24.5319644Z   2025-11-12: 2 problems
2026-10-05T08:57:24.9572121Z   2025-11-11: 2 problems
2026-10-05T08:57:25.4398189Z   2025-11-10: 2 problems
2026-10-05T08:57:25.8748271Z   2025-11-08: 2 problems
2026-10-05T08:57:26.3435016Z   2025-11-07: 2 problems
2026-10-05T08:57:26.7978796Z   2025-11-06: 2 problems
2026-10-05T08:57:27.2464070Z   2025-11-05: 2 problems
2026-10-05T08:57:27.7038817Z   2025-11-04: 2 problems
2026-10-05T08:57:28.1905640Z   2025-11-03: 2 problems
2026-10-05T08:57:28.6270002Z   2025-11-01: 2 problems
2026-10-05T08:57:28.9153823Z   2025-10-31: 2 problems
2026-10-05T08:57:29.3497422Z   2025-10-30: 2 problems
2026-10-05T08:57:29.8048007Z   2025-10-29: 2 problems
2026-10-05T08:57:30.2381058Z   2025-10-28: 2 problems
2026-10-05T08:57:30.6818453Z   2025-10-27: 2 problems
2026-10-05T08:57:31.1221776Z   2025-10-25: 2 problems
2026-10-05T08:57:31.6904167Z   2025-10-24: 2 problems
2026-10-05T08:57:32.3404227Z   2025-10-23: 2 problems
2026-10-05T08:57:32.7874059Z   2025-10-22: 2 problems
2026-10-05T08:57:33.2348981Z   2025-10-21: 2 problems
2026-10-05T08:57:33.6491629Z   2025-10-20: 2 problems
2026-10-05T08:57:34.1169497Z   2025-10-18: 2 problems
2026-10-05T08:57:34.5443854Z   2025-10-17: 2 problems
2026-10-05T08:57:34.9688029Z   2025-10-16: 2 problems
2026-10-05T08:57:35.4410044Z   2025-10-15: 2 problems
2026-10-05T08:57:35.8759735Z   2025-10-14: 2 problems
2026-10-05T08:57:36.3607037Z   2025-10-13: 2 problems
2026-10-05T08:57:37.3810703Z   2025-10-11: 2 problems
2026-10-05T08:57:37.8131377Z   2025-10-10: 2 problems
2026-10-05T08:57:38.2064974Z   2025-10-09: 2 problems
2026-10-05T08:57:38.6777430Z   2025-10-08: 2 problems
2026-10-05T08:57:39.1566928Z   2025-10-07: 2 problems
2026-10-05T08:57:39.5707880Z   2025-10-06: 2 problems
2026-10-05T08:57:39.9773744Z   2025-10-04: 2 problems
2026-10-05T08:57:40.3768094Z   2025-10-03: 2 problems
2026-10-05T08:57:40.8242688Z   2025-10-02: 2 problems
2026-10-05T08:57:41.2279561Z   2025-10-01: 2 problems
2026-10-05T08:57:41.6772401Z   2025-09-30: 2 problems
2026-10-05T08:57:42.1060662Z   2025-09-29: 2 problems
2026-10-05T08:57:42.5440295Z   2025-09-27: 2 problems
2026-10-05T08:57:42.9940365Z   2025-09-26: 2 problems
2026-10-05T08:57:43.5612843Z   2025-09-25: 2 problems
2026-10-05T08:57:43.9709377Z   2025-09-24: 2 problems
2026-10-05T08:57:44.4041452Z   2025-09-23: 2 problems
2026-10-05T08:57:44.8495108Z   2025-09-22: 2 problems
2026-10-05T08:57:45.2591982Z   2025-09-20: 2 problems
2026-10-05T08:57:45.6723025Z   2025-09-19: 2 problems
2026-10-05T08:57:46.1823695Z   2025-09-18: 2 problems
2026-10-05T08:57:46.6305174Z   2025-09-17: 2 problems
2026-10-05T08:57:47.0543957Z   2025-09-16: 2 problems
2026-10-05T08:57:47.4900888Z   2025-09-15: 2 problems
2026-10-05T08:57:47.9525442Z   2025-09-13: 2 problems
2026-10-05T08:57:48.3676778Z   2025-09-12: 2 problems
2026-10-05T08:57:48.7696653Z   2025-09-11: 2 problems
2026-10-05T08:57:49.2005069Z   2025-09-10: 2 problems
2026-10-05T08:57:49.6414865Z   2025-09-09: 2 problems
2026-10-05T08:57:50.0754330Z   2025-09-08: 2 problems
2026-10-05T08:57:50.4750287Z   2025-09-06: 2 problems
2026-10-05T08:57:50.9638218Z   2025-09-05: 2 problems
2026-10-05T08:57:51.4154095Z   2025-09-04: 2 problems
2026-10-05T08:57:51.8507883Z   2025-09-03: 2 problems
2026-10-05T08:57:52.3198685Z   2025-09-02: 2 problems
2026-10-05T08:57:52.8125038Z   2025-09-01: 2 problems
2026-10-05T08:57:53.2642802Z   2025-08-30: 2 problems
2026-10-05T08:57:53.6646356Z   2025-08-29: 2 problems
2026-10-05T08:57:54.0947879Z   2025-08-28: 2 problems
2026-10-05T08:57:54.5241501Z   2025-08-27: 2 problems
2026-10-05T08:57:54.9852166Z   2025-08-26: 2 problems
2026-10-05T08:57:55.4122829Z   2025-08-25: 2 problems
2026-10-05T08:57:55.8838506Z   2025-08-23: 2 problems
2026-10-05T08:57:56.3590350Z   2025-08-22: 2 problems
2026-10-05T08:57:56.8367610Z   2025-08-21: 2 problems
2026-10-05T08:57:57.2881570Z   2025-08-20: 2 problems
2026-10-05T08:57:57.7744402Z   2025-08-19: 2 problems
2026-10-05T08:57:58.2735043Z   2025-08-18: 2 problems
2026-10-05T08:57:58.7871493Z   2025-08-16: 2 problems
2026-10-05T08:57:59.2444448Z   2025-08-15: 2 problems
2026-10-05T08:57:59.6929227Z   2025-08-14: 2 problems
2026-10-05T08:58:00.2618173Z   2025-08-13: 2 problems
2026-10-05T08:58:00.7012273Z   2025-08-12: 2 problems
2026-10-05T08:58:01.1318228Z   2025-08-11: 2 problems
2026-10-05T08:58:01.5665158Z   2025-08-09: 2 problems
2026-10-05T08:58:01.9894278Z   2025-08-08: 2 problems
2026-10-05T08:58:02.4498857Z   2025-08-07: 2 problems
2026-10-05T08:58:02.8760782Z   2025-08-06: 2 problems
2026-10-05T08:58:03.2953910Z   2025-08-05: 2 problems
2026-10-05T08:58:03.7854523Z   2025-08-04: 2 problems
2026-10-05T08:58:04.1882457Z   2025-08-02: 2 problems
2026-10-05T08:58:04.6252627Z   2025-08-01: 2 problems
2026-10-05T08:58:05.0443919Z   2025-07-31: 2 problems
2026-10-05T08:58:05.4709214Z   2025-07-30: 2 problems
2026-10-05T08:58:05.9465806Z   2025-07-29: 2 problems
2026-10-05T08:58:06.3569271Z   2025-07-28: 2 problems
2026-10-05T08:58:06.7896039Z   2025-07-26: 2 problems
2026-10-05T08:58:07.2063245Z   2025-07-25: 2 problems
2026-10-05T08:58:07.6141415Z   2025-07-24: 2 problems
2026-10-05T08:58:08.0904859Z   2025-07-23: 2 problems
2026-10-05T08:58:08.5207385Z   2025-07-22: 2 problems
2026-10-05T08:58:08.9240108Z   2025-07-21: 2 problems
2026-10-05T08:58:09.3614890Z   2025-07-19: 2 problems
2026-10-05T08:58:09.7745677Z   2025-07-18: 2 problems
2026-10-05T08:58:10.2001849Z   2025-07-17: 2 problems
2026-10-05T08:58:10.7005472Z   2025-07-16: 2 problems
2026-10-05T08:58:11.1388691Z   2025-07-15: 2 problems
2026-10-05T08:58:11.5848017Z   2025-07-14: 2 problems
2026-10-05T08:58:12.0444062Z   2025-07-12: 2 problems
2026-10-05T08:58:12.6874282Z   2025-07-11: 2 problems
2026-10-05T08:58:13.1092895Z   2025-07-10: 2 problems
2026-10-05T08:58:13.5680618Z   2025-07-09: 2 problems
2026-10-05T08:58:14.0283396Z   2025-07-08: 2 problems
2026-10-05T08:58:14.4644494Z   2025-07-07: 2 problems
2026-10-05T08:58:14.9361530Z   2025-07-05: 2 problems
2026-10-05T08:58:15.4638392Z   2025-07-04: 2 problems
2026-10-05T08:58:15.9357127Z   2025-07-03: 2 problems
2026-10-05T08:58:16.4922106Z   2025-07-02: 2 problems
2026-10-05T08:58:17.2216185Z   2025-07-01: 2 problems
2026-10-05T08:58:17.6735874Z   2025-06-30: 2 problems
2026-10-05T08:58:18.1267816Z   2025-06-28: 2 problems
2026-10-05T08:58:18.6014676Z   2025-06-27: 2 problems
2026-10-05T08:58:19.0335942Z   2025-06-26: 2 problems
2026-10-05T08:58:19.5596628Z   2025-06-25: 2 problems
2026-10-05T08:58:20.0255459Z   2025-06-24: 2 problems
2026-10-05T08:58:20.4678611Z   2025-06-23: 2 problems
2026-10-05T08:58:20.7863466Z   2025-06-21: 2 problems
2026-10-05T08:58:21.2094340Z   2025-06-20: 2 problems
2026-10-05T08:58:21.6599970Z   2025-06-19: 2 problems
2026-10-05T08:58:22.1377049Z   2025-06-18: 2 problems
2026-10-05T08:58:22.6375043Z   2025-06-17: 2 problems
2026-10-05T08:58:23.0808272Z   2025-06-16: 2 problems
2026-10-05T08:58:23.5134893Z   2025-06-14: 2 problems
2026-10-05T08:58:23.9678806Z   2025-06-13: 2 problems
2026-10-05T08:58:24.4361013Z   2025-06-12: 2 problems
2026-10-05T08:58:24.8776215Z   2025-06-11: 2 problems
2026-10-05T08:58:25.3178147Z   2025-06-10: 2 problems
2026-10-05T08:58:25.7831782Z   2025-06-09: 2 problems
2026-10-05T08:58:26.1951874Z   2025-06-07: 2 problems
2026-10-05T08:58:26.6176024Z   2025-06-06: 2 problems
2026-10-05T08:58:27.1291992Z   2025-06-05: 2 problems
2026-10-05T08:58:27.6141317Z   2025-06-04: 2 problems
2026-10-05T08:58:28.1023401Z   2025-06-03: 2 problems
2026-10-05T08:58:28.5505836Z   2025-06-02: 2 problems
2026-10-05T08:58:28.9565665Z   2025-05-31: 2 problems
2026-10-05T08:58:29.3882063Z   2025-05-30: 2 problems
2026-10-05T08:58:29.8311403Z   2025-05-29: 2 problems
2026-10-05T08:58:30.3112363Z   2025-05-28: 2 problems
2026-10-05T08:58:30.7751072Z   2025-05-27: 2 problems
2026-10-05T08:58:31.2043346Z   2025-05-26: 2 problems
2026-10-05T08:58:31.6399138Z   2025-05-24: 2 problems
2026-10-05T08:58:32.0679736Z   2025-05-23: 2 problems
2026-10-05T08:58:32.4806156Z   2025-05-22: 2 problems
2026-10-05T08:58:32.8915671Z   2025-05-21: 2 problems
2026-10-05T08:58:33.3032768Z   2025-05-20: 2 problems
2026-10-05T08:58:33.7317560Z   2025-05-19: 2 problems
2026-10-05T08:58:34.1518730Z   2025-05-17: 2 problems
2026-10-05T08:58:34.6000599Z   2025-05-16: 2 problems
2026-10-05T08:58:35.0112587Z   2025-05-15: 2 problems
2026-10-05T08:58:35.5250355Z   2025-05-14: 2 problems
2026-10-05T08:58:36.0476595Z   2025-05-13: 2 problems
2026-10-05T08:58:36.4870697Z   2025-05-12: 2 problems
2026-10-05T08:58:36.9415150Z   2025-05-10: 2 problems
2026-10-05T08:58:37.3466366Z   2025-05-09: 2 problems
2026-10-05T08:58:37.7770981Z   2025-05-08: 2 problems
2026-10-05T08:58:38.2675803Z   2025-05-07: 2 problems
2026-10-05T08:58:38.7931321Z   2025-05-06: 2 problems
2026-10-05T08:58:39.2475944Z   2025-05-05: 2 problems
2026-10-05T08:58:39.6662883Z   2025-05-03: 2 problems
2026-10-05T08:58:40.1217507Z   2025-05-02: 2 problems
2026-10-05T08:58:40.5540970Z   2025-05-01: 2 problems
2026-10-05T08:58:41.0490802Z   2025-04-30: 2 problems
2026-10-05T08:58:41.4766942Z   2025-04-29: 2 problems
2026-10-05T08:58:41.9977071Z   2025-04-28: 2 problems
2026-10-05T08:58:42.3959375Z   2025-04-26: 2 problems
2026-10-05T08:58:42.8710018Z   2025-04-25: 2 problems
2026-10-05T08:58:43.3264126Z   2025-04-24: 2 problems
2026-10-05T08:58:43.7650674Z   2025-04-23: 2 problems
2026-10-05T08:58:44.2012664Z   2025-04-22: 2 problems
2026-10-05T08:58:44.6636633Z   2025-04-21: 2 problems
2026-10-05T08:58:45.1850193Z   2025-04-19: 2 problems
2026-10-05T08:58:45.6345945Z   2025-04-18: 2 problems
2026-10-05T08:58:46.0452408Z   2025-04-17: 2 problems
2026-10-05T08:58:46.4630871Z   2025-04-16: 2 problems
2026-10-05T08:58:46.9067126Z   2025-04-15: 2 problems
2026-10-05T08:58:47.4182190Z   2025-04-14: 2 problems
2026-10-05T08:58:48.1089391Z   2025-04-12: 2 problems
2026-10-05T08:58:48.5727746Z   2025-04-11: 2 problems
2026-10-05T08:58:49.1065886Z   2025-04-10: 2 problems
2026-10-05T08:58:49.6469717Z   2025-04-09: 2 problems
2026-10-05T08:58:50.6182970Z   2025-04-08: 2 problems
2026-10-05T08:58:51.0790403Z   2025-04-07: 2 problems
2026-10-05T08:58:51.5404931Z   2025-04-05: 2 problems
2026-10-05T08:58:51.9929030Z   2025-04-04: 2 problems
2026-10-05T08:58:52.4549722Z   2025-04-03: 2 problems
2026-10-05T08:58:52.8953436Z   2025-04-02: 2 problems
2026-10-05T08:58:53.3360070Z   2025-04-01: 2 problems
2026-10-05T08:58:53.7751320Z   2025-03-31: 2 problems
2026-10-05T08:58:54.1962499Z   2025-03-29: 2 problems
2026-10-05T08:58:54.9103046Z   2025-03-28: 2 problems
2026-10-05T08:58:55.4011174Z   2025-03-27: 2 problems
2026-10-05T08:58:55.8494209Z   2025-03-26: 2 problems
2026-10-05T08:58:56.3234274Z   2025-03-25: 2 problems
2026-10-05T08:58:56.7430508Z   2025-03-24: 2 problems
2026-10-05T08:58:57.1608458Z   2025-03-22: 2 problems
2026-10-05T08:58:57.5965337Z   2025-03-21: 2 problems
2026-10-05T08:58:58.0144566Z   2025-03-20: 2 problems
2026-10-05T08:58:58.4112431Z   2025-03-19: 2 problems
2026-10-05T08:58:58.8293726Z   2025-03-18: 2 problems
2026-10-05T08:58:59.3858497Z   2025-03-17: 2 problems
2026-10-05T08:58:59.7946612Z   2025-03-15: 2 problems
2026-10-05T08:59:00.3739060Z   2025-03-14: 2 problems
2026-10-05T08:59:00.7924311Z   2025-03-13: 2 problems
2026-10-05T08:59:01.1946756Z   2025-03-12: 2 problems
2026-10-05T08:59:01.6508180Z   2025-03-11: 2 problems
2026-10-05T08:59:02.0521183Z   2025-03-10: 2 problems
2026-10-05T08:59:02.4871315Z   2025-03-08: 2 problems
2026-10-05T08:59:02.9294230Z   2025-03-07: 2 problems
2026-10-05T08:59:03.3571125Z   2025-03-06: 2 problems
2026-10-05T08:59:03.8121561Z   2025-03-05: 2 problems
2026-10-05T08:59:04.2250689Z   2025-03-04: 2 problems
2026-10-05T08:59:04.6878368Z   2025-03-03: 2 problems
2026-10-05T08:59:05.1359747Z   2025-03-01: 2 problems
2026-10-05T08:59:05.6068037Z   2025-02-28: 2 problems
2026-10-05T08:59:06.0664168Z   2025-02-27: 2 problems
2026-10-05T08:59:06.4810328Z   2025-02-26: 2 problems
2026-10-05T08:59:06.9382124Z   2025-02-25: 2 problems
2026-10-05T08:59:07.3952951Z   2025-02-24: 2 problems
2026-10-05T08:59:07.8100009Z   2025-02-22: 2 problems
2026-10-05T08:59:08.2480569Z   2025-02-21: 2 problems
2026-10-05T08:59:08.6534689Z   2025-02-20: 2 problems
2026-10-05T08:59:09.1192554Z   2025-02-19: 2 problems
2026-10-05T08:59:09.5992035Z   2025-02-18: 2 problems
2026-10-05T08:59:10.0750542Z   2025-02-17: 2 problems
2026-10-05T08:59:10.5786595Z   2025-02-15: 2 problems
2026-10-05T08:59:10.9809313Z   2025-02-14: 2 problems
2026-10-05T08:59:11.4198686Z   2025-02-13: 2 problems
2026-10-05T08:59:11.8674820Z   2025-02-12: 2 problems
2026-10-05T08:59:12.3392779Z   2025-02-11: 2 problems
2026-10-05T08:59:12.7653519Z   2025-02-10: 2 problems
2026-10-05T08:59:13.2453905Z   2025-02-08: 2 problems
2026-10-05T08:59:13.6853399Z   2025-02-07: 2 problems
2026-10-05T08:59:14.1190624Z   2025-02-06: 2 problems
2026-10-05T08:59:14.5594327Z   2025-02-05: 2 problems
2026-10-05T08:59:15.0400374Z   2025-02-04: 2 problems
2026-10-05T08:59:15.4920092Z   2025-02-03: 2 problems
2026-10-05T08:59:15.9069725Z   2025-02-01: 2 problems
2026-10-05T08:59:16.6190070Z   2025-01-31: 2 problems
2026-10-05T08:59:17.0987770Z   2025-01-30: 2 problems
2026-10-05T08:59:17.5734483Z   2025-01-29: 2 problems
2026-10-05T08:59:18.0203546Z   2025-01-28: 2 problems
2026-10-05T08:59:18.4613773Z   2025-01-27: 2 problems
2026-10-05T08:59:18.9202882Z   2025-01-25: 2 problems
2026-10-05T08:59:19.3483511Z   2025-01-24: 2 problems
2026-10-05T08:59:19.8051475Z   2025-01-23: 2 problems
2026-10-05T08:59:20.2460107Z   2025-01-22: 2 problems
2026-10-05T08:59:20.6707627Z   2025-01-21: 2 problems
2026-10-05T08:59:21.1154119Z   2025-01-20: 2 problems
2026-10-05T08:59:21.5364432Z   2025-01-18: 2 problems
2026-10-05T08:59:21.9625468Z   2025-01-17: 2 problems
2026-10-05T08:59:22.4253146Z   2025-01-16: 2 problems
2026-10-05T08:59:22.8788227Z   2025-01-15: 2 problems
2026-10-05T08:59:23.3075797Z   2025-01-14: 2 problems
2026-10-05T08:59:23.7720953Z   2025-01-13: 2 problems
2026-10-05T08:59:24.1910615Z   2025-01-11: 2 problems
2026-10-05T08:59:25.6768839Z   2025-01-10: 2 problems
2026-10-05T08:59:26.1053063Z   2025-01-09: 2 problems
2026-10-05T08:59:26.5735579Z   2025-01-08: 2 problems
2026-10-05T08:59:27.0076344Z   2025-01-07: 2 problems
2026-10-05T08:59:27.4766966Z   2025-01-06: 2 problems
2026-10-05T08:59:28.4359145Z   2025-01-04: 2 problems
2026-10-05T08:59:28.8587693Z   2025-01-03: 2 problems
2026-10-05T08:59:29.3223263Z   2025-01-02: 2 problems
2026-10-05T08:59:29.7369821Z   2025-01-01: 2 problems
2026-10-05T08:59:30.2640866Z   2024-12-31: 2 problems
2026-10-05T08:59:30.7004021Z   2024-12-30: 2 problems
2026-10-05T08:59:31.1334248Z   2024-12-28: 2 problems
2026-10-05T08:59:31.6360855Z   2024-12-27: 2 problems
2026-10-05T08:59:32.0929302Z   2024-12-26: 2 problems
2026-10-05T08:59:32.5423957Z   2024-12-25: 2 problems
2026-10-05T08:59:32.9484097Z   2024-12-24: 2 problems
2026-10-05T08:59:33.4988480Z   2024-12-23: 2 problems
2026-10-05T08:59:33.9211407Z   2024-12-21: 2 problems
2026-10-05T08:59:34.3707304Z   2024-12-20: 2 problems
2026-10-05T08:59:34.8109136Z   2024-12-19: 2 problems
2026-10-05T08:59:35.2086367Z   2024-12-18: 2 problems
2026-10-05T08:59:35.7681330Z   2024-12-17: 2 problems
2026-10-05T08:59:36.1342260Z   2024-12-16: 2 problems
2026-10-05T08:59:36.5501177Z   2024-12-14: 2 problems
2026-10-05T08:59:36.9581107Z   2024-12-13: 2 problems
2026-10-05T08:59:37.3873055Z   2024-12-12: 2 problems
2026-10-05T08:59:37.8392949Z   2024-12-11: 2 problems
2026-10-05T08:59:38.2324961Z   2024-12-10: 2 problems
2026-10-05T08:59:38.6172621Z   2024-12-09: 2 problems
2026-10-05T08:59:38.9909874Z   2024-12-07: 2 problems
2026-10-05T08:59:39.3900776Z   2024-12-06: 2 problems
2026-10-05T08:59:39.7596839Z   2024-12-05: 2 problems
2026-10-05T08:59:40.1634931Z   2024-12-04: 2 problems
2026-10-05T08:59:40.5639458Z   2024-12-03: 2 problems
2026-10-05T08:59:40.9699063Z   2024-12-02: 2 problems
2026-10-05T08:59:41.4057106Z   2024-11-30: 2 problems
2026-10-05T08:59:41.8247405Z   2024-11-29: 2 problems
2026-10-05T08:59:42.3085934Z   2024-11-28: 2 problems
2026-10-05T08:59:42.7607445Z   2024-11-27: 2 problems
2026-10-05T08:59:43.2424254Z   2024-11-26: 2 problems
2026-10-05T08:59:43.6856775Z   2024-11-25: 2 problems
2026-10-05T08:59:44.1106958Z   2024-11-23: 2 problems
2026-10-05T08:59:44.5394138Z   2024-11-22: 2 problems
2026-10-05T08:59:44.7947942Z   2024-11-21: 2 problems
2026-10-05T08:59:45.1690538Z   2024-11-20: 2 problems
2026-10-05T08:59:45.5718576Z   2024-11-19: 2 problems
2026-10-05T08:59:45.9774130Z   2024-11-18: 2 problems
2026-10-05T08:59:46.4524633Z   2024-11-16: 2 problems
2026-10-05T08:59:46.8598534Z   2024-11-15: 2 problems
2026-10-05T08:59:47.3051012Z   2024-11-14: 2 problems
2026-10-05T08:59:47.7156117Z   2024-11-13: 2 problems
2026-10-05T08:59:48.0876789Z   2024-11-12: 2 problems
2026-10-05T08:59:48.4847795Z   2024-11-11: 2 problems
2026-10-05T08:59:48.8828395Z   2024-11-09: 2 problems
2026-10-05T08:59:49.2778186Z   2024-11-08: 2 problems
2026-10-05T08:59:49.6946461Z   2024-11-07: 2 problems
2026-10-05T08:59:50.1111238Z   2024-11-06: 2 problems
2026-10-05T08:59:50.4895094Z   2024-11-05: 2 problems
2026-10-05T08:59:50.9740888Z   2024-11-04: 2 problems
2026-10-05T08:59:51.3326356Z   2024-11-02: 2 problems
2026-10-05T08:59:51.7007750Z   2024-11-01: 2 problems
2026-10-05T08:59:52.0992221Z   2024-10-31: 2 problems
2026-10-05T08:59:52.5049771Z   2024-10-30: 2 problems
2026-10-05T08:59:52.8983945Z   2024-10-29: 2 problems
2026-10-05T08:59:53.3037188Z   2024-10-28: 2 problems
2026-10-05T08:59:53.6890833Z   2024-10-26: 2 problems
2026-10-05T08:59:54.0789559Z   2024-10-25: 2 problems
2026-10-05T08:59:54.4920287Z   2024-10-24: 2 problems
2026-10-05T08:59:54.8780146Z   2024-10-23: 2 problems
2026-10-05T08:59:55.2612547Z   2024-10-22: 2 problems
2026-10-05T08:59:55.8095170Z   2024-10-21: 2 problems
2026-10-05T08:59:56.1989023Z   2024-10-19: 2 problems
2026-10-05T08:59:56.5929930Z   2024-10-18: 2 problems
2026-10-05T08:59:56.9779014Z   2024-10-17: 2 problems
2026-10-05T08:59:57.4022870Z   2024-10-16: 2 problems
2026-10-05T08:59:57.7958450Z   2024-10-15: 2 problems
2026-10-05T08:59:58.1892122Z   2024-10-14: 2 problems
2026-10-05T08:59:58.5728644Z   2024-10-12: 2 problems
2026-10-05T08:59:58.9746149Z   2024-10-11: 2 problems
2026-10-05T08:59:59.3599056Z   2024-10-10: 2 problems
2026-10-05T08:59:59.7558439Z   2024-10-09: 2 problems
2026-10-05T09:00:00.2125532Z   2024-10-08: 2 problems
2026-10-05T09:00:00.6013825Z   2024-10-07: 2 problems
2026-10-05T09:00:01.0540493Z   2024-10-05: 2 problems
2026-10-05T09:00:01.5225497Z   2024-10-04: 2 problems
2026-10-05T09:00:01.9070566Z   2024-10-03: 2 problems
2026-10-05T09:00:02.4135402Z   2024-10-02: 2 problems
2026-10-05T09:00:02.7939322Z   2024-10-01: 2 problems
2026-10-05T09:00:03.1637086Z   2024-09-30: 2 problems
2026-10-05T09:00:03.5765976Z   2024-09-28: 2 problems
2026-10-05T09:00:04.0298818Z   2024-09-27: 2 problems
2026-10-05T09:00:04.4883426Z   2024-09-26: 2 problems
2026-10-05T09:00:04.8746794Z   2024-09-25: 2 problems
2026-10-05T09:00:05.1228572Z   2024-09-24: 2 problems
2026-10-05T09:00:05.6314043Z   2024-09-23: 2 problems
2026-10-05T09:00:06.4265037Z   2024-09-21: 2 problems
2026-10-05T09:00:06.9156917Z   2024-09-20: 2 problems
2026-10-05T09:00:07.9245827Z   2024-09-19: 2 problems
2026-10-05T09:00:08.4073519Z   2024-09-18: 2 problems
2026-10-05T09:00:08.8376245Z   2024-09-17: 2 problems
2026-10-05T09:00:09.3312803Z   2024-09-16: 2 problems
2026-10-05T09:00:09.8766634Z   2024-09-14: 2 problems
2026-10-05T09:00:10.4110989Z   2024-09-13: 2 problems
2026-10-05T09:00:10.8472499Z   2024-09-12: 2 problems
2026-10-05T09:00:11.2697861Z   2024-09-11: 2 problems
2026-10-05T09:00:11.7251275Z   2024-09-10: 2 problems
2026-10-05T09:00:12.2131863Z   2024-09-09: 2 problems
2026-10-05T09:00:12.6810450Z   2024-09-07: 2 problems
2026-10-05T09:00:13.1818796Z   2024-09-06: 2 problems
2026-10-05T09:00:13.6130920Z   2024-09-05: 2 problems
2026-10-05T09:00:14.0567666Z   2024-09-04: 2 problems
2026-10-05T09:00:14.5501443Z   2024-09-03: 2 problems
2026-10-05T09:00:15.0303790Z   2024-09-02: 2 problems
2026-10-05T09:00:15.4960158Z   2024-08-31: 2 problems
2026-10-05T09:00:15.9302026Z   2024-08-30: 2 problems
2026-10-05T09:00:16.3345054Z   2024-08-29: 2 problems
2026-10-05T09:00:16.7440597Z   2024-08-28: 2 problems
2026-10-05T09:00:17.1687246Z   2024-08-27: 2 problems
2026-10-05T09:00:17.6212695Z   2024-08-26: 2 problems
2026-10-05T09:00:18.1520772Z   2024-08-24: 2 problems
2026-10-05T09:00:18.5906242Z   2024-08-23: 2 problems
2026-10-05T09:00:19.0804307Z   2024-08-22: 2 problems
2026-10-05T09:00:19.5758634Z   2024-08-21: 2 problems
2026-10-05T09:00:20.0231979Z   2024-08-20: 2 problems
2026-10-05T09:00:20.5388724Z   2024-08-19: 2 problems
2026-10-05T09:00:21.0474064Z   2024-08-17: 2 problems
2026-10-05T09:00:21.4892505Z   2024-08-16: 2 problems
2026-10-05T09:00:21.9335592Z   2024-08-15: 2 problems
2026-10-05T09:00:22.4582421Z   2024-08-14: 2 problems
2026-10-05T09:00:23.1627366Z   2024-08-13: 2 problems
2026-10-05T09:00:23.8150387Z   2024-08-12: 2 problems
2026-10-05T09:00:24.4527674Z   2024-08-10: 2 problems
2026-10-05T09:00:24.9797706Z   2024-08-09: 2 problems
2026-10-05T09:00:25.4509416Z   2024-08-08: 2 problems
2026-10-05T09:00:25.9101135Z   2024-08-07: 2 problems
2026-10-05T09:00:26.3807880Z   2024-08-06: 2 problems
2026-10-05T09:00:26.8723439Z   2024-08-05: 2 problems
2026-10-05T09:00:27.3687180Z   2024-08-03: 2 problems
2026-10-05T09:00:27.8164444Z   2024-08-02: 2 problems
2026-10-05T09:00:28.4853860Z   2024-08-01: 2 problems
2026-10-05T09:00:29.0540356Z   2024-07-31: 2 problems
2026-10-05T09:00:29.5769507Z   2024-07-30: 2 problems
2026-10-05T09:00:30.1738639Z   2024-07-29: 2 problems
2026-10-05T09:00:30.7335542Z   2024-07-27: 2 problems
2026-10-05T09:00:31.2642269Z   2024-07-26: 2 problems
2026-10-05T09:00:31.6816331Z   2024-07-25: 2 problems
2026-10-05T09:00:32.2124190Z   2024-07-24: 2 problems
2026-10-05T09:00:32.6697445Z   2024-07-23: 2 problems
2026-10-05T09:00:33.2341251Z   2024-07-22: 2 problems
2026-10-05T09:00:33.6952041Z   2024-07-20: 2 problems
2026-10-05T09:00:34.2213725Z   2024-07-19: 2 problems
2026-10-05T09:00:35.3115736Z   2024-07-18: 2 problems
2026-10-05T09:00:35.9343140Z   2024-07-17: 2 problems
2026-10-05T09:00:36.3610723Z   2024-07-16: 2 problems
2026-10-05T09:00:36.8021565Z   2024-07-15: 2 problems
2026-10-05T09:00:37.2943215Z   2024-07-13: 2 problems
2026-10-05T09:00:37.5691613Z   2024-07-12: 2 problems
2026-10-05T09:00:38.0144461Z   2024-07-11: 2 problems
2026-10-05T09:00:38.4054791Z   2024-07-10: 2 problems
2026-10-05T09:00:38.8218363Z   2024-07-09: 2 problems
2026-10-05T09:00:39.2596177Z   2024-07-08: 2 problems
2026-10-05T09:00:39.7296578Z   2024-07-06: 2 problems
2026-10-05T09:00:40.1724433Z   2024-07-05: 2 problems
2026-10-05T09:00:40.5971625Z   2024-07-04: 2 problems
2026-10-05T09:00:41.0130861Z   2024-07-03: 2 problems
2026-10-05T09:00:41.3915392Z   2024-07-02: 2 problems
2026-10-05T09:00:41.8067873Z   2024-07-01: 2 problems
2026-10-05T09:00:42.1785662Z   2024-06-29: 2 problems
2026-10-05T09:00:42.5834534Z   2024-06-28: 2 problems
2026-10-05T09:00:42.9962945Z   2024-06-27: 2 problems
2026-10-05T09:00:43.4350954Z   2024-06-26: 2 problems
2026-10-05T09:00:43.8288776Z   2024-06-25: 2 problems
2026-10-05T09:00:44.2305609Z   2024-06-24: 2 problems
2026-10-05T09:00:44.6486035Z   2024-06-22: 2 problems
2026-10-05T09:00:45.1434940Z   2024-06-21: 2 problems
2026-10-05T09:00:45.5959704Z   2024-06-20: 2 problems
2026-10-05T09:00:46.0283545Z   2024-06-19: 2 problems
2026-10-05T09:00:46.6347264Z   2024-06-18: 2 problems
2026-10-05T09:00:47.0494608Z   2024-06-17: 2 problems
2026-10-05T09:00:47.4329213Z   2024-06-15: 2 problems
2026-10-05T09:00:47.8434512Z   2024-06-14: 2 problems
2026-10-05T09:00:48.2359255Z   2024-06-13: 2 problems
2026-10-05T09:00:48.7392953Z   2024-06-12: 2 problems
2026-10-05T09:00:49.1452476Z   2024-06-11: 2 problems
2026-10-05T09:00:49.5439855Z   2024-06-10: 2 problems
2026-10-05T09:00:50.2836731Z   2024-06-08: 2 problems
2026-10-05T09:00:50.6917631Z   2024-06-07: 2 problems
2026-10-05T09:00:51.1051671Z   2024-06-06: 2 problems
2026-10-05T09:00:51.5303094Z   2024-06-05: 2 problems
2026-10-05T09:00:51.9560497Z   2024-06-04: 2 problems
2026-10-05T09:00:52.4694493Z   2024-06-03: 2 problems
2026-10-05T09:00:52.8834196Z   2024-06-01: 2 problems
2026-10-05T09:00:53.3044660Z   2024-05-31: 2 problems
2026-10-05T09:00:53.6881033Z   2024-05-30: 2 problems
2026-10-05T09:00:54.0663174Z   2024-05-29: 2 problems
2026-10-05T09:00:54.5104363Z   2024-05-28: 2 problems
2026-10-05T09:00:54.9179874Z   2024-05-27: 2 problems
2026-10-05T09:00:55.3228460Z   2024-05-25: 2 problems
2026-10-05T09:00:55.6929368Z   2024-05-24: 2 problems
2026-10-05T09:00:56.1226574Z   2024-05-23: 2 problems
2026-10-05T09:00:56.5257647Z   2024-05-22: 2 problems
2026-10-05T09:00:56.9087871Z   2024-05-21: 2 problems
2026-10-05T09:00:57.2950936Z   2024-05-20: 2 problems
2026-10-05T09:00:57.6736665Z   2024-05-18: 2 problems
2026-10-05T09:00:58.0738837Z   2024-05-17: 2 problems
2026-10-05T09:00:58.4959213Z   2024-05-16: 2 problems
2026-10-05T09:00:58.9850938Z   2024-05-15: 2 problems
2026-10-05T09:00:59.4348750Z   2024-05-14: 2 problems
2026-10-05T09:00:59.9182123Z   2024-05-13: 2 problems
2026-10-05T09:01:00.3329343Z   2024-05-11: 2 problems
2026-10-05T09:01:00.7424881Z   2024-05-10: 2 problems
2026-10-05T09:01:01.4948944Z   2024-05-09: 2 problems
2026-10-05T09:01:02.0162778Z   2024-05-08: 2 problems
2026-10-05T09:01:02.5244744Z   2024-05-07: 2 problems
2026-10-05T09:01:03.0020745Z   2024-05-06: 2 problems
2026-10-05T09:01:03.5207736Z   2024-05-04: 2 problems
2026-10-05T09:01:03.9011213Z   2024-05-03: 2 problems
2026-10-05T09:01:04.2762454Z   2024-05-02: 2 problems
2026-10-05T09:01:04.6936587Z   2024-05-01: 2 problems
2026-10-05T09:01:05.1047031Z   2024-04-30: 2 problems
2026-10-05T09:01:05.6240236Z   2024-04-29: 2 problems
2026-10-05T09:01:06.0811423Z   2024-04-27: 2 problems
2026-10-05T09:01:06.5456057Z   2024-04-26: 2 problems
2026-10-05T09:01:06.9859891Z   2024-04-25: 2 problems
2026-10-05T09:01:07.4233070Z   2024-04-24: 2 problems
2026-10-05T09:01:07.8134405Z   2024-04-23: 2 problems
2026-10-05T09:01:08.3079775Z   2024-04-22: 2 problems
2026-10-05T09:01:08.7184233Z   2024-04-20: 2 problems
2026-10-05T09:01:09.0841895Z   2024-04-19: 2 problems
2026-10-05T09:01:09.5924669Z   2024-04-18: 2 problems
2026-10-05T09:01:09.9986311Z   2024-04-17: 2 problems
2026-10-05T09:01:10.3850343Z   2024-04-16: 2 problems
2026-10-05T09:01:10.7618718Z   2024-04-15: 2 problems
2026-10-05T09:01:11.1598668Z   2024-04-13: 2 problems
2026-10-05T09:01:11.5645085Z   2024-04-12: 2 problems
2026-10-05T09:01:11.9546082Z   2024-04-11: 2 problems
2026-10-05T09:01:12.3874812Z   2024-04-10: 2 problems
2026-10-05T09:01:12.8354559Z   2024-04-09: 2 problems
2026-10-05T09:01:13.2433491Z   2024-04-08: 2 problems
2026-10-05T09:01:13.6394652Z   2024-04-06: 2 problems
2026-10-05T09:01:14.0287977Z   2024-04-05: 2 problems
2026-10-05T09:01:14.4854487Z   2024-04-04: 2 problems
2026-10-05T09:01:14.8845653Z   2024-04-03: 2 problems
2026-10-05T09:01:15.3166081Z   2024-04-02: 2 problems
2026-10-05T09:01:15.6975637Z   2024-04-01: 2 problems
2026-10-05T09:01:16.1250525Z   2024-03-30: 2 problems
2026-10-05T09:01:16.4946416Z   2024-03-29: 2 problems
2026-10-05T09:01:16.8593918Z   2024-03-28: 2 problems
2026-10-05T09:01:17.4460805Z   2024-03-27: 2 problems
2026-10-05T09:01:17.9284006Z   2024-03-26: 2 problems
2026-10-05T09:01:18.3489115Z   2024-03-25: 2 problems
2026-10-05T09:01:18.7297678Z   2024-03-23: 2 problems
2026-10-05T09:01:19.1389628Z   2024-03-22: 2 problems
2026-10-05T09:01:19.5063850Z   2024-03-21: 2 problems
2026-10-05T09:01:19.9278688Z   2024-03-20: 2 problems
2026-10-05T09:01:20.3548817Z   2024-03-19: 2 problems
2026-10-05T09:01:20.8349393Z   2024-03-18: 2 problems
2026-10-05T09:01:21.2949492Z   2024-03-16: 2 problems
2026-10-05T09:01:21.6916818Z   2024-03-15: 2 problems
2026-10-05T09:01:22.0882008Z   2024-03-14: 2 problems
2026-10-05T09:01:22.4929634Z   2024-03-13: 2 problems
2026-10-05T09:01:22.8505512Z   2024-03-12: 2 problems
2026-10-05T09:01:23.2676349Z   2024-03-11: 2 problems
2026-10-05T09:01:23.6674054Z   2024-03-09: 2 problems
2026-10-05T09:01:24.0503501Z   2024-03-08: 2 problems
2026-10-05T09:01:24.4428687Z   2024-03-07: 2 problems
2026-10-05T09:01:24.8915456Z   2024-03-06: 2 problems
2026-10-05T09:01:25.2986184Z   2024-03-05: 2 problems
2026-10-05T09:01:25.6800358Z   2024-03-04: 2 problems
2026-10-05T09:01:26.0948926Z   2024-03-02: 2 problems
2026-10-05T09:01:26.6910631Z   2024-03-01: 2 problems
2026-10-05T09:01:27.0941192Z   2024-02-29: 2 problems
2026-10-05T09:01:27.5685597Z   2024-02-28: 2 problems
2026-10-05T09:01:27.9588781Z   2024-02-27: 2 problems
2026-10-05T09:01:28.3248390Z   2024-02-26: 2 problems
2026-10-05T09:01:28.3250013Z Building categories...
2026-10-05T09:01:31.8006200Z Wrote /home/runner/work/ys_problem_web/ys_problem_web/data/daily.json (814 days, 21 categories).
2026-10-05T09:01:31.8007005Z Syncing leaderboard (records.js from gh-pages)...
2026-10-05T09:01:31.9418810Z   ✓ 361 players, data through 2026-10-03
2026-10-05T09:01:31.9571855Z ##[group]Run xvfb-run -a node scripts/fetch-statements.mjs --limit 4 --delay 6000
2026-10-05T09:01:31.9572322Z [36;1mxvfb-run -a node scripts/fetch-statements.mjs --limit 4 --delay 6000[0m
2026-10-05T09:01:31.9626324Z shell: /usr/bin/bash -e {0}
2026-10-05T09:01:31.9626530Z env:
2026-10-05T09:01:31.9626703Z   CF_START_MODE: chrome-headful
2026-10-05T09:01:31.9626906Z ##[endgroup]
2026-10-05T09:01:32.4195981Z Statements on disk: 1599; missing in archive: 26; needs limits: 0; fetching: 4
2026-10-05T09:01:54.4617370Z   [1/4] ✗ GYM106259I — fetch/parse failed
2026-10-05T09:02:02.6201240Z   2 consecutive failures — cooling down 240s…
2026-10-05T09:06:03.6958128Z   [2/4] ✗ GYM105746C — fetch/parse failed
2026-10-05T09:06:19.7607066Z   [3/4] ✗ GYM106225C — fetch/parse failed
2026-10-05T09:06:34.7764941Z   2 consecutive failures — cooling down 240s…
2026-10-05T09:10:43.9620595Z   [4/4] ✗ GYM103575B — fetch/parse failed
2026-10-05T09:10:44.0435618Z 
2026-10-05T09:10:44.0437869Z Done: 0 saved, 4 failed.
2026-10-05T09:10:44.0438365Z Failed codes (rerun this script to retry):
2026-10-05T09:10:44.0438734Z   GYM106259I, GYM105746C, GYM106225C, GYM103575B
2026-10-05T09:10:44.1608639Z ##[group]Run OUT=$(xvfb-run -a node scripts/repair-zsmj.mjs --limit 200 --delay 6000)
2026-10-05T09:10:44.1609126Z [36;1mOUT=$(xvfb-run -a node scripts/repair-zsmj.mjs --limit 200 --delay 6000)[0m
2026-10-05T09:10:44.1609457Z [36;1mecho "$OUT"[0m
2026-10-05T09:10:44.1609774Z [36;1mREPAIRED=$(echo "$OUT" | grep -oE 'Done: [0-9]+ repaired' | grep -oE '[0-9]+' || echo 0)[0m
2026-10-05T09:10:44.1610243Z [36;1mREMAINING=$(grep -l '%%ZSMJ' data/statements/*.json 2>/dev/null | wc -l | tr -d ' ')[0m
2026-10-05T09:10:44.1610650Z [36;1mecho "repaired=$REPAIRED" >> "$GITHUB_OUTPUT"[0m
2026-10-05T09:10:44.1610929Z [36;1mecho "remaining=$REMAINING" >> "$GITHUB_OUTPUT"[0m
2026-10-05T09:10:44.1665451Z shell: /usr/bin/bash -e {0}
2026-10-05T09:10:44.1665660Z env:
2026-10-05T09:10:44.1665838Z   CF_START_MODE: chrome-headful
2026-10-05T09:10:44.1666046Z ##[endgroup]
2026-10-05T09:10:44.4229093Z Statements to repair: 0
2026-10-05T09:10:44.4406205Z ##[group]Run CF_STATEMENTS=0 TRANSLATE=0 node scripts/update-data.mjs
2026-10-05T09:10:44.4406598Z [36;1mCF_STATEMENTS=0 TRANSLATE=0 node scripts/update-data.mjs[0m
2026-10-05T09:10:44.4460383Z shell: /usr/bin/bash -e {0}
2026-10-05T09:10:44.4460598Z ##[endgroup]
2026-10-05T09:10:44.5521230Z Discovering daily problem folders...
2026-10-05T09:10:45.7710542Z Found 814 days, syncing the most recent 814.
2026-10-05T09:10:46.2671511Z   2026-10-05: 2 problems
2026-10-05T09:10:46.5584638Z   2026-10-03: 2 problems
2026-10-05T09:10:46.8529823Z   2026-10-02: 2 problems
2026-10-05T09:10:47.1415667Z   2026-10-01: 2 problems
2026-10-05T09:10:47.4095538Z   2026-09-30: 2 problems
2026-10-05T09:10:47.7304185Z   2026-09-29: 2 problems
2026-10-05T09:10:48.0581328Z   2026-09-28: 2 problems
2026-10-05T09:10:48.3433125Z   2026-09-26: 2 problems
2026-10-05T09:10:48.6321773Z   2026-09-25: 2 problems
2026-10-05T09:10:48.9125072Z   2026-09-24: 2 problems
2026-10-05T09:10:49.2039451Z   2026-09-23: 2 problems
2026-10-05T09:10:49.4746621Z   2026-09-22: 2 problems
2026-10-05T09:10:49.7398154Z   2026-09-21: 2 problems
2026-10-05T09:10:50.0043019Z   2026-09-19: 2 problems
2026-10-05T09:10:50.3057087Z   2026-09-18: 2 problems
2026-10-05T09:10:50.6043424Z   2026-09-17: 2 problems
2026-10-05T09:10:50.8859868Z   2026-09-16: 2 problems
2026-10-05T09:10:51.1587204Z   2026-09-15: 2 problems
2026-10-05T09:10:51.3433339Z   2026-09-14: 2 problems
2026-10-05T09:10:51.6217325Z   2026-09-12: 2 problems
2026-10-05T09:10:51.9801837Z   2026-09-11: 2 problems
2026-10-05T09:10:52.2484048Z   2026-09-10: 2 problems
2026-10-05T09:10:52.5194512Z   2026-09-09: 2 problems
2026-10-05T09:10:52.7867562Z   2026-09-08: 2 problems
2026-10-05T09:10:53.0677773Z   2026-09-07: 2 problems
2026-10-05T09:10:53.3308838Z   2026-09-05: 2 problems
2026-10-05T09:10:53.6166851Z   2026-09-04: 2 problems
2026-10-05T09:10:53.8782387Z   2026-09-03: 2 problems
2026-10-05T09:10:54.1300358Z   2026-09-02: 2 problems
2026-10-05T09:10:54.4640319Z   2026-09-01: 2 problems
2026-10-05T09:10:54.7488790Z   2026-08-31: 2 problems
2026-10-05T09:10:55.0066789Z   2026-08-29: 2 problems
2026-10-05T09:10:55.2588131Z   2026-08-28: 2 problems
2026-10-05T09:10:55.5836311Z   2026-08-27: 2 problems
2026-10-05T09:10:55.8455054Z   2026-08-26: 2 problems
2026-10-05T09:10:56.1397374Z   2026-08-25: 2 problems
2026-10-05T09:10:56.3995017Z   2026-08-24: 2 problems
2026-10-05T09:10:56.6661370Z   2026-08-22: 2 problems
2026-10-05T09:10:56.9498321Z   2026-08-21: 2 problems
2026-10-05T09:10:57.2462586Z   2026-08-20: 2 problems
2026-10-05T09:10:57.5970639Z   2026-08-19: 2 problems
2026-10-05T09:10:57.8643485Z   2026-08-18: 2 problems
2026-10-05T09:10:58.1439706Z   2026-08-17: 2 problems
2026-10-05T09:10:58.4108938Z   2026-08-15: 2 problems
2026-10-05T09:10:58.6655650Z   2026-08-14: 2 problems
2026-10-05T09:10:58.9333435Z   2026-08-13: 2 problems
2026-10-05T09:10:59.2088430Z   2026-08-12: 2 problems
2026-10-05T09:10:59.4734066Z   2026-08-11: 2 problems
2026-10-05T09:10:59.7854936Z   2026-08-10: 2 problems
2026-10-05T09:11:00.0315873Z   2026-08-08: 2 problems
2026-10-05T09:11:00.3236523Z   2026-08-07: 2 problems
2026-10-05T09:11:00.5816819Z   2026-08-06: 2 problems
2026-10-05T09:11:00.8516860Z   2026-08-05: 2 problems
2026-10-05T09:11:01.1145416Z   2026-08-04: 2 problems
2026-10-05T09:11:01.4080638Z   2026-08-03: 2 problems
2026-10-05T09:11:01.6807474Z   2026-08-01: 2 problems
2026-10-05T09:11:01.9317213Z   2026-07-31: 2 problems
2026-10-05T09:11:02.2116572Z   2026-07-30: 2 problems
2026-10-05T09:11:02.4856169Z   2026-07-29: 2 problems
2026-10-05T09:11:02.7769574Z   2026-07-28: 2 problems
2026-10-05T09:11:03.0593316Z   2026-07-27: 2 problems
2026-10-05T09:11:03.3402639Z   2026-07-25: 2 problems
2026-10-05T09:11:03.6047607Z   2026-07-24: 2 problems
2026-10-05T09:11:03.8742459Z   2026-07-23: 2 problems
2026-10-05T09:11:04.1273768Z   2026-07-22: 2 problems
2026-10-05T09:11:04.4133517Z   2026-07-21: 2 problems
2026-10-05T09:11:04.6729612Z   2026-07-16: 2 problems
2026-10-05T09:11:04.9641278Z   2026-07-15: 2 problems
2026-10-05T09:11:05.2337174Z   2026-07-14: 2 problems
2026-10-05T09:11:05.5335019Z   2026-07-13: 2 problems
2026-10-05T09:11:05.7954762Z   2026-07-11: 2 problems
2026-10-05T09:11:06.0661386Z   2026-07-10: 2 problems
2026-10-05T09:11:06.3259892Z   2026-07-09: 2 problems
2026-10-05T09:11:06.5967809Z   2026-07-08: 2 problems
2026-10-05T09:11:06.8772185Z   2026-07-07: 2 problems
2026-10-05T09:11:07.1494882Z   2026-07-06: 2 problems
2026-10-05T09:11:07.5569769Z   2026-07-04: 2 problems
2026-10-05T09:11:08.0535006Z   2026-07-03: 2 problems
2026-10-05T09:11:08.3907510Z   2026-07-02: 2 problems
2026-10-05T09:11:08.7395260Z   2026-07-01: 2 problems
2026-10-05T09:11:09.1398391Z   2026-06-30: 2 problems
2026-10-05T09:11:09.6611830Z   2026-06-29: 2 problems
2026-10-05T09:11:09.9857835Z   2026-06-27: 2 problems
2026-10-05T09:11:10.3460567Z   2026-06-26: 2 problems
2026-10-05T09:11:10.6601347Z   2026-06-25: 2 problems
2026-10-05T09:11:10.9913365Z   2026-06-24: 2 problems
2026-10-05T09:11:11.4941141Z   2026-06-23: 2 problems
2026-10-05T09:11:11.8123423Z   2026-06-22: 2 problems
2026-10-05T09:11:12.0374900Z   2026-06-20: 1 problems
2026-10-05T09:11:12.5228930Z   2026-06-19: 2 problems
2026-10-05T09:11:12.8563101Z   2026-06-18: 2 problems
2026-10-05T09:11:13.3854264Z   2026-06-17: 2 problems
2026-10-05T09:11:13.7009346Z   2026-06-16: 2 problems
2026-10-05T09:11:14.0251323Z   2026-06-15: 2 problems
2026-10-05T09:11:14.3564483Z   2026-06-13: 2 problems
2026-10-05T09:11:14.7031185Z   2026-06-12: 2 problems
2026-10-05T09:11:15.0526107Z   2026-06-11: 2 problems
2026-10-05T09:11:15.3874087Z   2026-06-10: 2 problems
2026-10-05T09:11:15.6910597Z   2026-06-09: 2 problems
2026-10-05T09:11:16.0578431Z   2026-06-08: 2 problems
2026-10-05T09:11:16.3616618Z   2026-06-06: 2 problems
2026-10-05T09:11:16.6649276Z   2026-06-05: 2 problems
2026-10-05T09:11:16.9908803Z   2026-06-04: 2 problems
2026-10-05T09:11:17.1448694Z   2026-06-03: 2 problems
2026-10-05T09:11:17.5091172Z   2026-06-02: 2 problems
2026-10-05T09:11:17.8149840Z   2026-06-01: 2 problems
2026-10-05T09:11:18.1517268Z   2026-05-30: 2 problems
2026-10-05T09:11:18.4888298Z   2026-05-29: 2 problems
2026-10-05T09:11:18.7931569Z   2026-05-28: 2 problems
2026-10-05T09:11:19.1403160Z   2026-05-27: 2 problems
2026-10-05T09:11:19.3713227Z   2026-05-26: 2 problems
2026-10-05T09:11:19.6761572Z   2026-05-25: 2 problems
2026-10-05T09:11:20.0185493Z   2026-05-23: 2 problems
2026-10-05T09:11:20.3431700Z   2026-05-22: 2 problems
2026-10-05T09:11:20.7104218Z   2026-05-21: 2 problems
2026-10-05T09:11:21.0442981Z   2026-05-20: 2 problems
2026-10-05T09:11:21.3531039Z   2026-05-19: 2 problems
2026-10-05T09:11:21.6903526Z   2026-05-18: 2 problems
2026-10-05T09:11:22.0270663Z   2026-05-16: 2 problems
2026-10-05T09:11:22.3797036Z   2026-05-15: 2 problems
2026-10-05T09:11:22.7061466Z   2026-05-14: 2 problems
2026-10-05T09:11:23.0516986Z   2026-05-13: 2 problems
2026-10-05T09:11:23.4108867Z   2026-05-12: 2 problems
2026-10-05T09:11:23.7167118Z   2026-05-11: 2 problems
2026-10-05T09:11:24.0286439Z   2026-05-09: 2 problems
2026-10-05T09:11:24.3811832Z   2026-05-08: 2 problems
2026-10-05T09:11:24.6875650Z   2026-05-07: 2 problems
2026-10-05T09:11:25.0072232Z   2026-05-06: 2 problems
2026-10-05T09:11:25.3143902Z   2026-05-05: 2 problems
2026-10-05T09:11:25.6412068Z   2026-05-04: 2 problems
2026-10-05T09:11:25.9574498Z   2026-05-02: 2 problems
2026-10-05T09:11:26.2903789Z   2026-05-01: 2 problems
2026-10-05T09:11:26.6202157Z   2026-04-30: 2 problems
2026-10-05T09:11:26.9491893Z   2026-04-29: 2 problems
2026-10-05T09:11:27.2666614Z   2026-04-28: 2 problems
2026-10-05T09:11:27.5674872Z   2026-04-27: 2 problems
2026-10-05T09:11:27.9082979Z   2026-04-25: 2 problems
2026-10-05T09:11:28.2270526Z   2026-04-24: 2 problems
2026-10-05T09:11:28.5432219Z   2026-04-23: 2 problems
2026-10-05T09:11:28.8492160Z   2026-04-22: 2 problems
2026-10-05T09:11:29.1617879Z   2026-04-21: 2 problems
2026-10-05T09:11:29.4997452Z   2026-04-20: 2 problems
2026-10-05T09:11:29.8183239Z   2026-04-18: 2 problems
2026-10-05T09:11:30.1545015Z   2026-04-17: 2 problems
2026-10-05T09:11:30.4734262Z   2026-04-16: 2 problems
2026-10-05T09:11:30.7740786Z   2026-04-15: 2 problems
2026-10-05T09:11:31.0926972Z   2026-04-14: 2 problems
2026-10-05T09:11:31.4302450Z   2026-04-13: 2 problems
2026-10-05T09:11:31.7421239Z   2026-04-11: 2 problems
2026-10-05T09:11:32.0709863Z   2026-04-10: 2 problems
2026-10-05T09:11:32.3886686Z   2026-04-09: 2 problems
2026-10-05T09:11:32.6049189Z   2026-04-08: 2 problems
2026-10-05T09:11:32.9424108Z   2026-04-07: 2 problems
2026-10-05T09:11:33.2763072Z   2026-04-06: 2 problems
2026-10-05T09:11:33.5920491Z   2026-04-04: 2 problems
2026-10-05T09:11:33.9280848Z   2026-04-03: 2 problems
2026-10-05T09:11:34.2544063Z   2026-04-02: 2 problems
2026-10-05T09:11:34.5649493Z   2026-04-01: 2 problems
2026-10-05T09:11:34.9122667Z   2026-03-31: 2 problems
2026-10-05T09:11:35.2309111Z   2026-03-30: 2 problems
2026-10-05T09:11:35.5509859Z   2026-03-28: 2 problems
2026-10-05T09:11:35.8835475Z   2026-03-27: 2 problems
2026-10-05T09:11:36.2201739Z   2026-03-26: 2 problems
2026-10-05T09:11:36.5239446Z   2026-03-25: 2 problems
2026-10-05T09:11:36.8706162Z   2026-03-24: 2 problems
2026-10-05T09:11:37.1895435Z   2026-03-23: 2 problems
2026-10-05T09:11:37.5232511Z   2026-03-21: 2 problems
2026-10-05T09:11:37.8298225Z   2026-03-20: 2 problems
2026-10-05T09:11:38.1803362Z   2026-03-19: 2 problems
2026-10-05T09:11:38.4863361Z   2026-03-18: 2 problems
2026-10-05T09:11:38.8162326Z   2026-03-17: 2 problems
2026-10-05T09:11:39.1709338Z   2026-03-16: 2 problems
2026-10-05T09:11:39.4991689Z   2026-03-14: 2 problems
2026-10-05T09:11:39.8057972Z   2026-03-13: 2 problems
2026-10-05T09:11:40.1468655Z   2026-03-12: 2 problems
2026-10-05T09:11:40.4862079Z   2026-03-11: 2 problems
2026-10-05T09:11:40.8268287Z   2026-03-10: 2 problems
2026-10-05T09:11:41.1319658Z   2026-03-09: 2 problems
2026-10-05T09:11:41.4611903Z   2026-03-07: 2 problems
2026-10-05T09:11:41.8187237Z   2026-03-06: 2 problems
2026-10-05T09:11:42.1477316Z   2026-03-05: 2 problems
2026-10-05T09:11:42.4770590Z   2026-03-04: 2 problems
2026-10-05T09:11:42.8021172Z   2026-03-03: 2 problems
2026-10-05T09:11:43.1122427Z   2026-03-02: 2 problems
2026-10-05T09:11:43.4316643Z   2026-02-28: 2 problems
2026-10-05T09:11:43.7464660Z   2026-02-27: 2 problems
2026-10-05T09:11:44.0574525Z   2026-02-26: 2 problems
2026-10-05T09:11:44.3849622Z   2026-02-25: 2 problems
2026-10-05T09:11:44.7448118Z   2026-02-24: 2 problems
2026-10-05T09:11:45.0889774Z   2026-02-23: 2 problems
2026-10-05T09:11:45.4135703Z   2026-02-21: 2 problems
2026-10-05T09:11:45.7410593Z   2026-02-20: 2 problems
2026-10-05T09:11:46.0792985Z   2026-02-19: 2 problems
2026-10-05T09:11:46.4027900Z   2026-02-18: 2 problems
2026-10-05T09:11:46.7156725Z   2026-02-17: 2 problems
2026-10-05T09:11:47.0371356Z   2026-02-16: 2 problems
2026-10-05T09:11:47.3480506Z   2026-02-14: 2 problems
2026-10-05T09:11:47.6936255Z   2026-02-13: 2 problems
2026-10-05T09:11:48.0155802Z   2026-02-12: 2 problems
2026-10-05T09:11:48.3345917Z   2026-02-11: 2 problems
2026-10-05T09:11:48.6368013Z   2026-02-10: 2 problems
2026-10-05T09:11:48.9629251Z   2026-02-09: 2 problems
2026-10-05T09:11:49.2652063Z   2026-02-07: 2 problems
2026-10-05T09:11:49.6316616Z   2026-02-06: 2 problems
2026-10-05T09:11:49.9758614Z   2026-02-05: 2 problems
2026-10-05T09:11:50.2727940Z   2026-02-04: 2 problems
2026-10-05T09:11:50.5921445Z   2026-02-03: 2 problems
2026-10-05T09:11:50.9360632Z   2026-02-02: 2 problems
2026-10-05T09:11:51.2476611Z   2026-01-31: 2 problems
2026-10-05T09:11:51.5858037Z   2026-01-30: 2 problems
2026-10-05T09:11:51.9421524Z   2026-01-29: 2 problems
2026-10-05T09:11:52.2711869Z   2026-01-28: 2 problems
2026-10-05T09:11:52.6003022Z   2026-01-27: 2 problems
2026-10-05T09:11:52.9500216Z   2026-01-26: 2 problems
2026-10-05T09:11:53.2907146Z   2026-01-24: 2 problems
2026-10-05T09:11:53.6331567Z   2026-01-23: 2 problems
2026-10-05T09:11:53.8448485Z   2026-01-22: 2 problems
2026-10-05T09:11:54.1693808Z   2026-01-21: 2 problems
2026-10-05T09:11:54.4956452Z   2026-01-20: 2 problems
2026-10-05T09:11:54.8510939Z   2026-01-19: 2 problems
2026-10-05T09:11:55.1669237Z   2026-01-17: 2 problems
2026-10-05T09:11:55.5155761Z   2026-01-16: 2 problems
2026-10-05T09:11:55.8640747Z   2026-01-15: 2 problems
2026-10-05T09:11:56.1786668Z   2026-01-14: 2 problems
2026-10-05T09:11:56.4947776Z   2026-01-13: 2 problems
2026-10-05T09:11:56.8139016Z   2026-01-12: 2 problems
2026-10-05T09:11:57.1640776Z   2026-01-10: 2 problems
2026-10-05T09:11:57.4700876Z   2026-01-09: 2 problems
2026-10-05T09:11:57.7989302Z   2026-01-08: 2 problems
2026-10-05T09:11:58.1183742Z   2026-01-07: 2 problems
2026-10-05T09:11:58.4347802Z   2026-01-06: 2 problems
2026-10-05T09:11:58.7669935Z   2026-01-05: 2 problems
2026-10-05T09:11:59.0817307Z   2026-01-03: 2 problems
2026-10-05T09:11:59.4589848Z   2026-01-02: 2 problems
2026-10-05T09:11:59.7887025Z   2026-01-01: 2 problems
2026-10-05T09:12:00.1056313Z   2025-12-31: 2 problems
2026-10-05T09:12:00.4150149Z   2025-12-30: 2 problems
2026-10-05T09:12:00.7510090Z   2025-12-29: 2 problems
2026-10-05T09:12:01.1031984Z   2025-12-27: 2 problems
2026-10-05T09:12:01.4398211Z   2025-12-26: 2 problems
2026-10-05T09:12:01.7824163Z   2025-12-25: 2 problems
2026-10-05T09:12:02.1613317Z   2025-12-24: 2 problems
2026-10-05T09:12:02.5169649Z   2025-12-23: 2 problems
2026-10-05T09:12:02.8857593Z   2025-12-22: 2 problems
2026-10-05T09:12:03.3076645Z   2025-12-20: 2 problems
2026-10-05T09:12:03.6180719Z   2025-12-19: 2 problems
2026-10-05T09:12:03.9581756Z   2025-12-18: 2 problems
2026-10-05T09:12:04.2734703Z   2025-12-17: 2 problems
2026-10-05T09:12:04.6037431Z   2025-12-16: 2 problems
2026-10-05T09:12:04.9374002Z   2025-12-15: 2 problems
2026-10-05T09:12:05.2674759Z   2025-12-13: 2 problems
2026-10-05T09:12:05.5985187Z   2025-12-12: 2 problems
2026-10-05T09:12:05.9163313Z   2025-12-11: 2 problems
2026-10-05T09:12:06.2306802Z   2025-12-10: 2 problems
2026-10-05T09:12:06.5513904Z   2025-12-09: 2 problems
2026-10-05T09:12:06.7607308Z   2025-12-08: 2 problems
2026-10-05T09:12:07.0902508Z   2025-12-06: 2 problems
2026-10-05T09:12:07.4305650Z   2025-12-05: 2 problems
2026-10-05T09:12:07.7659746Z   2025-12-04: 2 problems
2026-10-05T09:12:08.0895854Z   2025-12-03: 2 problems
2026-10-05T09:12:08.4208365Z   2025-12-02: 2 problems
2026-10-05T09:12:08.7695900Z   2025-12-01: 2 problems
2026-10-05T09:12:09.1128960Z   2025-11-29: 2 problems
2026-10-05T09:12:09.4258879Z   2025-11-28: 2 problems
2026-10-05T09:12:09.7427380Z   2025-11-27: 2 problems
2026-10-05T09:12:10.0512920Z   2025-11-26: 2 problems
2026-10-05T09:12:10.3587736Z   2025-11-25: 2 problems
2026-10-05T09:12:10.6699865Z   2025-11-24: 2 problems
2026-10-05T09:12:10.9954104Z   2025-11-22: 2 problems
2026-10-05T09:12:11.3068867Z   2025-11-21: 2 problems
2026-10-05T09:12:11.6166940Z   2025-11-20: 2 problems
2026-10-05T09:12:11.9286516Z   2025-11-19: 2 problems
2026-10-05T09:12:12.2594916Z   2025-11-18: 2 problems
2026-10-05T09:12:12.5904638Z   2025-11-17: 2 problems
2026-10-05T09:12:12.9620851Z   2025-11-15: 2 problems
2026-10-05T09:12:13.2999744Z   2025-11-14: 2 problems
2026-10-05T09:12:13.6088302Z   2025-11-13: 2 problems
2026-10-05T09:12:14.0024970Z   2025-11-12: 2 problems
2026-10-05T09:12:14.3173516Z   2025-11-11: 2 problems
2026-10-05T09:12:14.6925604Z   2025-11-10: 2 problems
2026-10-05T09:12:15.0124795Z   2025-11-08: 2 problems
2026-10-05T09:12:15.3321185Z   2025-11-07: 2 problems
2026-10-05T09:12:15.6764099Z   2025-11-06: 2 problems
2026-10-05T09:12:16.0342617Z   2025-11-05: 2 problems
2026-10-05T09:12:16.3658651Z   2025-11-04: 2 problems
2026-10-05T09:12:16.6702390Z   2025-11-03: 2 problems
2026-10-05T09:12:16.9713445Z   2025-11-01: 2 problems
2026-10-05T09:12:17.1787177Z   2025-10-31: 2 problems
2026-10-05T09:12:17.5024951Z   2025-10-30: 2 problems
2026-10-05T09:12:17.8658836Z   2025-10-29: 2 problems
2026-10-05T09:12:18.1922463Z   2025-10-28: 2 problems
2026-10-05T09:12:18.5116350Z   2025-10-27: 2 problems
2026-10-05T09:12:18.8432532Z   2025-10-25: 2 problems
2026-10-05T09:12:19.2661614Z   2025-10-24: 2 problems
2026-10-05T09:12:19.6023221Z   2025-10-23: 2 problems
2026-10-05T09:12:19.9308703Z   2025-10-22: 2 problems
2026-10-05T09:12:20.2552082Z   2025-10-21: 2 problems
2026-10-05T09:12:20.5774388Z   2025-10-20: 2 problems
2026-10-05T09:12:20.8913353Z   2025-10-18: 2 problems
2026-10-05T09:12:21.2502151Z   2025-10-17: 2 problems
2026-10-05T09:12:21.5585664Z   2025-10-16: 2 problems
2026-10-05T09:12:21.8704374Z   2025-10-15: 2 problems
2026-10-05T09:12:22.1855238Z   2025-10-14: 2 problems
2026-10-05T09:12:22.5062931Z   2025-10-13: 2 problems
2026-10-05T09:12:22.8519879Z   2025-10-11: 2 problems
2026-10-05T09:12:23.1877633Z   2025-10-10: 2 problems
2026-10-05T09:12:23.5370108Z   2025-10-09: 2 problems
2026-10-05T09:12:23.8713408Z   2025-10-08: 2 problems
2026-10-05T09:12:24.2279940Z   2025-10-07: 2 problems
2026-10-05T09:12:24.5415264Z   2025-10-06: 2 problems
2026-10-05T09:12:24.8723551Z   2025-10-04: 2 problems
2026-10-05T09:12:25.1870377Z   2025-10-03: 2 problems
2026-10-05T09:12:25.5215899Z   2025-10-02: 2 problems
2026-10-05T09:12:25.8567801Z   2025-10-01: 2 problems
2026-10-05T09:12:26.1655771Z   2025-09-30: 2 problems
2026-10-05T09:12:26.4760883Z   2025-09-29: 2 problems
2026-10-05T09:12:26.8064860Z   2025-09-27: 2 problems
2026-10-05T09:12:27.1263503Z   2025-09-26: 2 problems
2026-10-05T09:12:27.4415557Z   2025-09-25: 2 problems
2026-10-05T09:12:27.7743279Z   2025-09-24: 2 problems
2026-10-05T09:12:28.1128533Z   2025-09-23: 2 problems
2026-10-05T09:12:28.4341276Z   2025-09-22: 2 problems
2026-10-05T09:12:28.8370738Z   2025-09-20: 2 problems
2026-10-05T09:12:29.2122686Z   2025-09-19: 2 problems
2026-10-05T09:12:29.5400000Z   2025-09-18: 2 problems
2026-10-05T09:12:29.8861142Z   2025-09-17: 2 problems
2026-10-05T09:12:30.2010215Z   2025-09-16: 2 problems
2026-10-05T09:12:30.5186781Z   2025-09-15: 2 problems
2026-10-05T09:12:30.8316858Z   2025-09-13: 2 problems
2026-10-05T09:12:31.1679447Z   2025-09-12: 2 problems
2026-10-05T09:12:31.5055679Z   2025-09-11: 2 problems
2026-10-05T09:12:31.8350402Z   2025-09-10: 2 problems
2026-10-05T09:12:32.1537082Z   2025-09-09: 2 problems
2026-10-05T09:12:32.4818365Z   2025-09-08: 2 problems
2026-10-05T09:12:32.7969393Z   2025-09-06: 2 problems
2026-10-05T09:12:33.1369833Z   2025-09-05: 2 problems
2026-10-05T09:12:33.4575719Z   2025-09-04: 2 problems
2026-10-05T09:12:33.7704627Z   2025-09-03: 2 problems
2026-10-05T09:12:34.0774352Z   2025-09-02: 2 problems
2026-10-05T09:12:34.4038928Z   2025-09-01: 2 problems
2026-10-05T09:12:34.7435540Z   2025-08-30: 2 problems
2026-10-05T09:12:35.0789658Z   2025-08-29: 2 problems
2026-10-05T09:12:35.4294420Z   2025-08-28: 2 problems
2026-10-05T09:12:35.7594189Z   2025-08-27: 2 problems
2026-10-05T09:12:36.1017979Z   2025-08-26: 2 problems
2026-10-05T09:12:36.4101405Z   2025-08-25: 2 problems
2026-10-05T09:12:36.7450551Z   2025-08-23: 2 problems
2026-10-05T09:12:37.1317093Z   2025-08-22: 2 problems
2026-10-05T09:12:37.4575978Z   2025-08-21: 2 problems
2026-10-05T09:12:37.7966102Z   2025-08-20: 2 problems
2026-10-05T09:12:38.1131190Z   2025-08-19: 2 problems
2026-10-05T09:12:38.4940421Z   2025-08-18: 2 problems
2026-10-05T09:12:38.8157619Z   2025-08-16: 2 problems
2026-10-05T09:12:39.1338861Z   2025-08-15: 2 problems
2026-10-05T09:12:39.4774682Z   2025-08-14: 2 problems
2026-10-05T09:12:39.7994082Z   2025-08-13: 2 problems
2026-10-05T09:12:40.1050386Z   2025-08-12: 2 problems
2026-10-05T09:12:40.4355339Z   2025-08-11: 2 problems
2026-10-05T09:12:40.7693929Z   2025-08-09: 2 problems
2026-10-05T09:12:41.1006203Z   2025-08-08: 2 problems
2026-10-05T09:12:41.4084139Z   2025-08-07: 2 problems
2026-10-05T09:12:41.7795039Z   2025-08-06: 2 problems
2026-10-05T09:12:42.1013374Z   2025-08-05: 2 problems
2026-10-05T09:12:42.4594736Z   2025-08-04: 2 problems
2026-10-05T09:12:42.7828241Z   2025-08-02: 2 problems
2026-10-05T09:12:43.1711887Z   2025-08-01: 2 problems
2026-10-05T09:12:43.5371322Z   2025-07-31: 2 problems
2026-10-05T09:12:43.8521544Z   2025-07-30: 2 problems
2026-10-05T09:12:44.1975481Z   2025-07-29: 2 problems
2026-10-05T09:12:44.5170163Z   2025-07-28: 2 problems
2026-10-05T09:12:44.8354579Z   2025-07-26: 2 problems
2026-10-05T09:12:45.1404462Z   2025-07-25: 2 problems
2026-10-05T09:12:45.4577557Z   2025-07-24: 2 problems
2026-10-05T09:12:45.7696634Z   2025-07-23: 2 problems
2026-10-05T09:12:46.1083178Z   2025-07-22: 2 problems
2026-10-05T09:12:46.4318380Z   2025-07-21: 2 problems
2026-10-05T09:12:46.8511741Z   2025-07-19: 2 problems
2026-10-05T09:12:47.1799673Z   2025-07-18: 2 problems
2026-10-05T09:12:47.4924625Z   2025-07-17: 2 problems
2026-10-05T09:12:47.7986565Z   2025-07-16: 2 problems
2026-10-05T09:12:48.1164328Z   2025-07-15: 2 problems
2026-10-05T09:12:48.4221833Z   2025-07-14: 2 problems
2026-10-05T09:12:48.7426471Z   2025-07-12: 2 problems
2026-10-05T09:12:49.0688134Z   2025-07-11: 2 problems
2026-10-05T09:12:49.4107028Z   2025-07-10: 2 problems
2026-10-05T09:12:49.7451990Z   2025-07-09: 2 problems
2026-10-05T09:12:50.0712025Z   2025-07-08: 2 problems
2026-10-05T09:12:50.3846139Z   2025-07-07: 2 problems
2026-10-05T09:12:50.7031203Z   2025-07-05: 2 problems
2026-10-05T09:12:51.0572020Z   2025-07-04: 2 problems
2026-10-05T09:12:51.3950665Z   2025-07-03: 2 problems
2026-10-05T09:12:51.6930787Z   2025-07-02: 2 problems
2026-10-05T09:12:52.0152143Z   2025-07-01: 2 problems
2026-10-05T09:12:52.3317418Z   2025-06-30: 2 problems
2026-10-05T09:12:52.6664601Z   2025-06-28: 2 problems
2026-10-05T09:12:52.9761914Z   2025-06-27: 2 problems
2026-10-05T09:12:53.2822950Z   2025-06-26: 2 problems
2026-10-05T09:12:53.6207294Z   2025-06-25: 2 problems
2026-10-05T09:12:53.9273145Z   2025-06-24: 2 problems
2026-10-05T09:12:54.2839723Z   2025-06-23: 2 problems
2026-10-05T09:12:54.4880525Z   2025-06-21: 2 problems
2026-10-05T09:12:54.8007199Z   2025-06-20: 2 problems
2026-10-05T09:12:55.1123336Z   2025-06-19: 2 problems
2026-10-05T09:12:55.4602595Z   2025-06-18: 2 problems
2026-10-05T09:12:55.7786988Z   2025-06-17: 2 problems
2026-10-05T09:12:56.1026478Z   2025-06-16: 2 problems
2026-10-05T09:12:56.4562072Z   2025-06-14: 2 problems
2026-10-05T09:12:56.7788044Z   2025-06-13: 2 problems
2026-10-05T09:12:57.0825020Z   2025-06-12: 2 problems
2026-10-05T09:12:57.4573361Z   2025-06-11: 2 problems
2026-10-05T09:12:57.7738403Z   2025-06-10: 2 problems
2026-10-05T09:12:58.1457700Z   2025-06-09: 2 problems
2026-10-05T09:12:58.4878780Z   2025-06-07: 2 problems
2026-10-05T09:12:58.8103171Z   2025-06-06: 2 problems
2026-10-05T09:12:59.1614139Z   2025-06-05: 2 problems
2026-10-05T09:12:59.4751334Z   2025-06-04: 2 problems
2026-10-05T09:12:59.7929903Z   2025-06-03: 2 problems
2026-10-05T09:13:00.1070326Z   2025-06-02: 2 problems
2026-10-05T09:13:00.4256793Z   2025-05-31: 2 problems
2026-10-05T09:13:00.7878953Z   2025-05-30: 2 problems
2026-10-05T09:13:01.1325273Z   2025-05-29: 2 problems
2026-10-05T09:13:01.4618969Z   2025-05-28: 2 problems
2026-10-05T09:13:01.8163890Z   2025-05-27: 2 problems
2026-10-05T09:13:02.1242758Z   2025-05-26: 2 problems
2026-10-05T09:13:02.4727747Z   2025-05-24: 2 problems
2026-10-05T09:13:02.8006500Z   2025-05-23: 2 problems
2026-10-05T09:13:03.1614734Z   2025-05-22: 2 problems
2026-10-05T09:13:03.4928240Z   2025-05-21: 2 problems
2026-10-05T09:13:03.8179944Z   2025-05-20: 2 problems
2026-10-05T09:13:04.1226141Z   2025-05-19: 2 problems
2026-10-05T09:13:04.4326794Z   2025-05-17: 2 problems
2026-10-05T09:13:04.7969044Z   2025-05-16: 2 problems
2026-10-05T09:13:05.1161242Z   2025-05-15: 2 problems
2026-10-05T09:13:05.4401666Z   2025-05-14: 2 problems
2026-10-05T09:13:05.7596117Z   2025-05-13: 2 problems
2026-10-05T09:13:06.1218376Z   2025-05-12: 2 problems
2026-10-05T09:13:06.4684112Z   2025-05-10: 2 problems
2026-10-05T09:13:06.7959570Z   2025-05-09: 2 problems
2026-10-05T09:13:07.1349772Z   2025-05-08: 2 problems
2026-10-05T09:13:07.4810575Z   2025-05-07: 2 problems
2026-10-05T09:13:07.8447437Z   2025-05-06: 2 problems
2026-10-05T09:13:08.2014653Z   2025-05-05: 2 problems
2026-10-05T09:13:08.4629592Z   2025-05-03: 2 problems
2026-10-05T09:13:08.7487298Z   2025-05-02: 2 problems
2026-10-05T09:13:09.0137606Z   2025-05-01: 2 problems
2026-10-05T09:13:09.3460458Z   2025-04-30: 2 problems
2026-10-05T09:13:09.6204434Z   2025-04-29: 2 problems
2026-10-05T09:13:09.8940748Z   2025-04-28: 2 problems
2026-10-05T09:13:10.1957805Z   2025-04-26: 2 problems
2026-10-05T09:13:10.4823880Z   2025-04-25: 2 problems
2026-10-05T09:13:10.7674301Z   2025-04-24: 2 problems
2026-10-05T09:13:11.0959109Z   2025-04-23: 2 problems
2026-10-05T09:13:11.4184886Z   2025-04-22: 2 problems
2026-10-05T09:13:11.6773092Z   2025-04-21: 2 problems
2026-10-05T09:13:11.9607533Z   2025-04-19: 2 problems
2026-10-05T09:13:12.2120928Z   2025-04-18: 2 problems
2026-10-05T09:13:12.4773992Z   2025-04-17: 2 problems
2026-10-05T09:13:12.7721993Z   2025-04-16: 2 problems
2026-10-05T09:13:13.0589887Z   2025-04-15: 2 problems
2026-10-05T09:13:13.3826909Z   2025-04-14: 2 problems
2026-10-05T09:13:13.6566862Z   2025-04-12: 2 problems
2026-10-05T09:13:13.9743078Z   2025-04-11: 2 problems
2026-10-05T09:13:14.2760385Z   2025-04-10: 2 problems
2026-10-05T09:13:14.5337436Z   2025-04-09: 2 problems
2026-10-05T09:13:14.8615336Z   2025-04-08: 2 problems
2026-10-05T09:13:15.1360597Z   2025-04-07: 2 problems
2026-10-05T09:13:15.4275159Z   2025-04-05: 2 problems
2026-10-05T09:13:15.7190422Z   2025-04-04: 2 problems
2026-10-05T09:13:15.9700430Z   2025-04-03: 2 problems
2026-10-05T09:13:16.2638843Z   2025-04-02: 2 problems
2026-10-05T09:13:16.5362811Z   2025-04-01: 2 problems
2026-10-05T09:13:16.8145662Z   2025-03-31: 2 problems
2026-10-05T09:13:17.0789739Z   2025-03-29: 2 problems
2026-10-05T09:13:17.3819802Z   2025-03-28: 2 problems
2026-10-05T09:13:17.6636022Z   2025-03-27: 2 problems
2026-10-05T09:13:17.9463446Z   2025-03-26: 2 problems
2026-10-05T09:13:18.2434558Z   2025-03-25: 2 problems
2026-10-05T09:13:18.5238727Z   2025-03-24: 2 problems
2026-10-05T09:13:18.7708379Z   2025-03-22: 2 problems
2026-10-05T09:13:19.0796154Z   2025-03-21: 2 problems
2026-10-05T09:13:19.3854629Z   2025-03-20: 2 problems
2026-10-05T09:13:19.6488000Z   2025-03-19: 2 problems
2026-10-05T09:13:19.9440475Z   2025-03-18: 2 problems
2026-10-05T09:13:20.2498234Z   2025-03-17: 2 problems
2026-10-05T09:13:20.5551485Z   2025-03-15: 2 problems
2026-10-05T09:13:20.8477542Z   2025-03-14: 2 problems
2026-10-05T09:13:21.1261623Z   2025-03-13: 2 problems
2026-10-05T09:13:21.4786490Z   2025-03-12: 2 problems
2026-10-05T09:13:21.7560701Z   2025-03-11: 2 problems
2026-10-05T09:13:22.0504445Z   2025-03-10: 2 problems
2026-10-05T09:13:22.3350892Z   2025-03-08: 2 problems
2026-10-05T09:13:22.6087941Z   2025-03-07: 2 problems
2026-10-05T09:13:22.9096097Z   2025-03-06: 2 problems
2026-10-05T09:13:23.1958129Z   2025-03-05: 2 problems
2026-10-05T09:13:23.5208457Z   2025-03-04: 2 problems
2026-10-05T09:13:23.8307060Z   2025-03-03: 2 problems
2026-10-05T09:13:24.0940368Z   2025-03-01: 2 problems
2026-10-05T09:13:24.3735835Z   2025-02-28: 2 problems
2026-10-05T09:13:24.7070620Z   2025-02-27: 2 problems
2026-10-05T09:13:24.9718851Z   2025-02-26: 2 problems
2026-10-05T09:13:25.2402942Z   2025-02-25: 2 problems
2026-10-05T09:13:25.5130212Z   2025-02-24: 2 problems
2026-10-05T09:13:25.8041369Z   2025-02-22: 2 problems
2026-10-05T09:13:26.1020911Z   2025-02-21: 2 problems
2026-10-05T09:13:26.3644811Z   2025-02-20: 2 problems
2026-10-05T09:13:26.6829048Z   2025-02-19: 2 problems
2026-10-05T09:13:26.9760320Z   2025-02-18: 2 problems
2026-10-05T09:13:27.2613418Z   2025-02-17: 2 problems
2026-10-05T09:13:27.5378562Z   2025-02-15: 2 problems
2026-10-05T09:13:27.8072456Z   2025-02-14: 2 problems
2026-10-05T09:13:28.0717063Z   2025-02-13: 2 problems
2026-10-05T09:13:28.3370678Z   2025-02-12: 2 problems
2026-10-05T09:13:28.6201773Z   2025-02-11: 2 problems
2026-10-05T09:13:28.8932112Z   2025-02-10: 2 problems
2026-10-05T09:13:29.1499285Z   2025-02-08: 2 problems
2026-10-05T09:13:29.4070580Z   2025-02-07: 2 problems
2026-10-05T09:13:29.6637079Z   2025-02-06: 2 problems
2026-10-05T09:13:30.0034819Z   2025-02-05: 2 problems
2026-10-05T09:13:30.3015033Z   2025-02-04: 2 problems
2026-10-05T09:13:30.5789987Z   2025-02-03: 2 problems
2026-10-05T09:13:30.8290413Z   2025-02-01: 2 problems
2026-10-05T09:13:31.1139642Z   2025-01-31: 2 problems
2026-10-05T09:13:31.3692892Z   2025-01-30: 2 problems
2026-10-05T09:13:31.6250364Z   2025-01-29: 2 problems
2026-10-05T09:13:31.9038302Z   2025-01-28: 2 problems
2026-10-05T09:13:32.1696798Z   2025-01-27: 2 problems
2026-10-05T09:13:32.4462576Z   2025-01-25: 2 problems
2026-10-05T09:13:32.7285925Z   2025-01-24: 2 problems
2026-10-05T09:13:33.0238822Z   2025-01-23: 2 problems
2026-10-05T09:13:33.3658345Z   2025-01-22: 2 problems
2026-10-05T09:13:33.6195264Z   2025-01-21: 2 problems
2026-10-05T09:13:33.8999142Z   2025-01-20: 2 problems
2026-10-05T09:13:34.2077608Z   2025-01-18: 2 problems
2026-10-05T09:13:34.4618964Z   2025-01-17: 2 problems
2026-10-05T09:13:34.7491426Z   2025-01-16: 2 problems
2026-10-05T09:13:35.0097721Z   2025-01-15: 2 problems
2026-10-05T09:13:35.2852998Z   2025-01-14: 2 problems
2026-10-05T09:13:35.5438725Z   2025-01-13: 2 problems
2026-10-05T09:13:35.8111005Z   2025-01-11: 2 problems
2026-10-05T09:13:36.0684223Z   2025-01-10: 2 problems
2026-10-05T09:13:36.3654074Z   2025-01-09: 2 problems
2026-10-05T09:13:36.6298473Z   2025-01-08: 2 problems
2026-10-05T09:13:36.8889989Z   2025-01-07: 2 problems
2026-10-05T09:13:37.1908530Z   2025-01-06: 2 problems
2026-10-05T09:13:37.5983369Z   2025-01-04: 2 problems
2026-10-05T09:13:38.1144523Z   2025-01-03: 2 problems
2026-10-05T09:13:38.5608645Z   2025-01-02: 2 problems
2026-10-05T09:13:38.9758937Z   2025-01-01: 2 problems
2026-10-05T09:13:39.3974691Z   2024-12-31: 2 problems
2026-10-05T09:13:39.8450326Z   2024-12-30: 2 problems
2026-10-05T09:13:40.1770501Z   2024-12-28: 2 problems
2026-10-05T09:13:40.5921967Z   2024-12-27: 2 problems
2026-10-05T09:13:40.9948511Z   2024-12-26: 2 problems
2026-10-05T09:13:41.3331645Z   2024-12-25: 2 problems
2026-10-05T09:13:41.7676676Z   2024-12-24: 2 problems
2026-10-05T09:13:42.0963096Z   2024-12-23: 2 problems
2026-10-05T09:13:42.4950243Z   2024-12-21: 2 problems
2026-10-05T09:13:42.7967650Z   2024-12-20: 2 problems
2026-10-05T09:13:43.1258049Z   2024-12-19: 2 problems
2026-10-05T09:13:43.4609698Z   2024-12-18: 2 problems
2026-10-05T09:13:43.7859702Z   2024-12-17: 2 problems
2026-10-05T09:13:44.0944035Z   2024-12-16: 2 problems
2026-10-05T09:13:44.4018038Z   2024-12-14: 2 problems
2026-10-05T09:13:44.8214083Z   2024-12-13: 2 problems
2026-10-05T09:13:45.1305892Z   2024-12-12: 2 problems
2026-10-05T09:13:45.4511407Z   2024-12-11: 2 problems
2026-10-05T09:13:45.7857793Z   2024-12-10: 2 problems
2026-10-05T09:13:46.1270830Z   2024-12-09: 2 problems
2026-10-05T09:13:46.4420946Z   2024-12-07: 2 problems
2026-10-05T09:13:46.7584696Z   2024-12-06: 2 problems
2026-10-05T09:13:47.0916370Z   2024-12-05: 2 problems
2026-10-05T09:13:47.4448974Z   2024-12-04: 2 problems
2026-10-05T09:13:47.7719360Z   2024-12-03: 2 problems
2026-10-05T09:13:48.0689088Z   2024-12-02: 2 problems
2026-10-05T09:13:48.3810400Z   2024-11-30: 2 problems
2026-10-05T09:13:48.6849934Z   2024-11-29: 2 problems
2026-10-05T09:13:49.1137839Z   2024-11-28: 2 problems
2026-10-05T09:13:49.4350018Z   2024-11-27: 2 problems
2026-10-05T09:13:49.7679524Z   2024-11-26: 2 problems
2026-10-05T09:13:50.1220798Z   2024-11-25: 2 problems
2026-10-05T09:13:50.4346479Z   2024-11-23: 2 problems
2026-10-05T09:13:50.7566032Z   2024-11-22: 2 problems
2026-10-05T09:13:50.9684697Z   2024-11-21: 2 problems
2026-10-05T09:13:51.3095243Z   2024-11-20: 2 problems
2026-10-05T09:13:51.7434279Z   2024-11-19: 2 problems
2026-10-05T09:13:52.0510246Z   2024-11-18: 2 problems
2026-10-05T09:13:52.3748010Z   2024-11-16: 2 problems
2026-10-05T09:13:52.7389091Z   2024-11-15: 2 problems
2026-10-05T09:13:53.0439469Z   2024-11-14: 2 problems
2026-10-05T09:13:53.3464307Z   2024-11-13: 2 problems
2026-10-05T09:13:53.6752363Z   2024-11-12: 2 problems
2026-10-05T09:13:54.0373154Z   2024-11-11: 2 problems
2026-10-05T09:13:54.3578228Z   2024-11-09: 2 problems
2026-10-05T09:13:54.6705110Z   2024-11-08: 2 problems
2026-10-05T09:13:55.0200757Z   2024-11-07: 2 problems
2026-10-05T09:13:55.3312663Z   2024-11-06: 2 problems
2026-10-05T09:13:55.6523743Z   2024-11-05: 2 problems
2026-10-05T09:13:55.9709477Z   2024-11-04: 2 problems
2026-10-05T09:13:56.2800123Z   2024-11-02: 2 problems
2026-10-05T09:13:56.5954667Z   2024-11-01: 2 problems
2026-10-05T09:13:56.9241969Z   2024-10-31: 2 problems
2026-10-05T09:13:57.3074936Z   2024-10-30: 2 problems
2026-10-05T09:13:57.6188934Z   2024-10-29: 2 problems
2026-10-05T09:13:57.9565414Z   2024-10-28: 2 problems
2026-10-05T09:13:58.2931309Z   2024-10-26: 2 problems
2026-10-05T09:13:58.5978092Z   2024-10-25: 2 problems
2026-10-05T09:13:58.9433140Z   2024-10-24: 2 problems
2026-10-05T09:13:59.2987182Z   2024-10-23: 2 problems
2026-10-05T09:13:59.6433305Z   2024-10-22: 2 problems
2026-10-05T09:13:59.9686888Z   2024-10-21: 2 problems
2026-10-05T09:14:00.3068928Z   2024-10-19: 2 problems
2026-10-05T09:14:00.6060474Z   2024-10-18: 2 problems
2026-10-05T09:14:00.9401292Z   2024-10-17: 2 problems
2026-10-05T09:14:01.3310106Z   2024-10-16: 2 problems
2026-10-05T09:14:01.6299830Z   2024-10-15: 2 problems
2026-10-05T09:14:01.9551700Z   2024-10-14: 2 problems
2026-10-05T09:14:02.2669832Z   2024-10-12: 2 problems
2026-10-05T09:14:02.6080145Z   2024-10-11: 2 problems
2026-10-05T09:14:02.9311405Z   2024-10-10: 2 problems
2026-10-05T09:14:03.2478656Z   2024-10-09: 2 problems
2026-10-05T09:14:03.5517525Z   2024-10-08: 2 problems
2026-10-05T09:14:03.8868657Z   2024-10-07: 2 problems
2026-10-05T09:14:04.2409001Z   2024-10-05: 2 problems
2026-10-05T09:14:04.6751095Z   2024-10-04: 2 problems
2026-10-05T09:14:05.0031003Z   2024-10-03: 2 problems
2026-10-05T09:14:05.3597000Z   2024-10-02: 2 problems
2026-10-05T09:14:05.7550996Z   2024-10-01: 2 problems
2026-10-05T09:14:06.1037785Z   2024-09-30: 2 problems
2026-10-05T09:14:06.4157841Z   2024-09-28: 2 problems
2026-10-05T09:14:06.7312048Z   2024-09-27: 2 problems
2026-10-05T09:14:07.0628895Z   2024-09-26: 2 problems
2026-10-05T09:14:07.3916650Z   2024-09-25: 2 problems
2026-10-05T09:14:07.6050602Z   2024-09-24: 2 problems
2026-10-05T09:14:07.9141916Z   2024-09-23: 2 problems
2026-10-05T09:14:08.2337275Z   2024-09-21: 2 problems
2026-10-05T09:14:08.5759176Z   2024-09-20: 2 problems
2026-10-05T09:14:08.8972064Z   2024-09-19: 2 problems
2026-10-05T09:14:09.2546024Z   2024-09-18: 2 problems
2026-10-05T09:14:09.5862268Z   2024-09-17: 2 problems
2026-10-05T09:14:09.9250789Z   2024-09-16: 2 problems
2026-10-05T09:14:10.2479068Z   2024-09-14: 2 problems
2026-10-05T09:14:10.5488880Z   2024-09-13: 2 problems
2026-10-05T09:14:10.8777104Z   2024-09-12: 2 problems
2026-10-05T09:14:11.1947477Z   2024-09-11: 2 problems
2026-10-05T09:14:11.5206889Z   2024-09-10: 2 problems
2026-10-05T09:14:11.8250263Z   2024-09-09: 2 problems
2026-10-05T09:14:12.1840979Z   2024-09-07: 2 problems
2026-10-05T09:14:12.5650889Z   2024-09-06: 2 problems
2026-10-05T09:14:12.8957580Z   2024-09-05: 2 problems
2026-10-05T09:14:13.2384493Z   2024-09-04: 2 problems
2026-10-05T09:14:13.5580009Z   2024-09-03: 2 problems
2026-10-05T09:14:13.9068117Z   2024-09-02: 2 problems
2026-10-05T09:14:14.2334994Z   2024-08-31: 2 problems
2026-10-05T09:14:14.5737380Z   2024-08-30: 2 problems
2026-10-05T09:14:14.8843378Z   2024-08-29: 2 problems
2026-10-05T09:14:15.1985530Z   2024-08-28: 2 problems
2026-10-05T09:14:15.5354414Z   2024-08-27: 2 problems
2026-10-05T09:14:15.8506512Z   2024-08-26: 2 problems
2026-10-05T09:14:16.1709991Z   2024-08-24: 2 problems
2026-10-05T09:14:16.4863336Z   2024-08-23: 2 problems
2026-10-05T09:14:16.7952795Z   2024-08-22: 2 problems
2026-10-05T09:14:17.2019636Z   2024-08-21: 2 problems
2026-10-05T09:14:17.5438067Z   2024-08-20: 2 problems
2026-10-05T09:14:17.8716661Z   2024-08-19: 2 problems
2026-10-05T09:14:18.2139559Z   2024-08-17: 2 problems
2026-10-05T09:14:18.5222887Z   2024-08-16: 2 problems
2026-10-05T09:14:18.8374060Z   2024-08-15: 2 problems
2026-10-05T09:14:19.3446338Z   2024-08-14: 2 problems
2026-10-05T09:14:19.6820688Z   2024-08-13: 2 problems
2026-10-05T09:14:20.0076489Z   2024-08-12: 2 problems
2026-10-05T09:14:20.3484347Z   2024-08-10: 2 problems
2026-10-05T09:14:20.6566309Z   2024-08-09: 2 problems
2026-10-05T09:14:20.9608011Z   2024-08-08: 2 problems
2026-10-05T09:14:21.2599178Z   2024-08-07: 2 problems
2026-10-05T09:14:21.5733120Z   2024-08-06: 2 problems
2026-10-05T09:14:21.8870021Z   2024-08-05: 2 problems
2026-10-05T09:14:22.2015716Z   2024-08-03: 2 problems
2026-10-05T09:14:22.5362992Z   2024-08-02: 2 problems
2026-10-05T09:14:22.8451693Z   2024-08-01: 2 problems
2026-10-05T09:14:23.1707089Z   2024-07-31: 2 problems
2026-10-05T09:14:23.4754227Z   2024-07-30: 2 problems
2026-10-05T09:14:23.8048755Z   2024-07-29: 2 problems
2026-10-05T09:14:24.1259347Z   2024-07-27: 2 problems
2026-10-05T09:14:24.4787606Z   2024-07-26: 2 problems
2026-10-05T09:14:24.8317490Z   2024-07-25: 2 problems
2026-10-05T09:14:25.1350616Z   2024-07-24: 2 problems
2026-10-05T09:14:25.4380846Z   2024-07-23: 2 problems
2026-10-05T09:14:25.7558967Z   2024-07-22: 2 problems
2026-10-05T09:14:26.0856609Z   2024-07-20: 2 problems
2026-10-05T09:14:26.4116984Z   2024-07-19: 2 problems
2026-10-05T09:14:26.7311518Z   2024-07-18: 2 problems
2026-10-05T09:14:27.0499546Z   2024-07-17: 2 problems
2026-10-05T09:14:27.3652598Z   2024-07-16: 2 problems
2026-10-05T09:14:27.6762494Z   2024-07-15: 2 problems
2026-10-05T09:14:27.9878101Z   2024-07-13: 2 problems
2026-10-05T09:14:28.1915411Z   2024-07-12: 2 problems
2026-10-05T09:14:28.5237428Z   2024-07-11: 2 problems
2026-10-05T09:14:28.8506653Z   2024-07-10: 2 problems
2026-10-05T09:14:29.1636747Z   2024-07-09: 2 problems
2026-10-05T09:14:29.4958542Z   2024-07-08: 2 problems
2026-10-05T09:14:29.8046933Z   2024-07-06: 2 problems
2026-10-05T09:14:30.1369645Z   2024-07-05: 2 problems
2026-10-05T09:14:30.4409577Z   2024-07-04: 2 problems
2026-10-05T09:14:30.7582995Z   2024-07-03: 2 problems
2026-10-05T09:14:31.0849411Z   2024-07-02: 2 problems
2026-10-05T09:14:31.4172187Z   2024-07-01: 2 problems
2026-10-05T09:14:31.7590526Z   2024-06-29: 2 problems
2026-10-05T09:14:32.1001601Z   2024-06-28: 2 problems
2026-10-05T09:14:32.4020716Z   2024-06-27: 2 problems
2026-10-05T09:14:32.7157590Z   2024-06-26: 2 problems
2026-10-05T09:14:33.0537996Z   2024-06-25: 2 problems
2026-10-05T09:14:33.3884610Z   2024-06-24: 2 problems
2026-10-05T09:14:33.7220436Z   2024-06-22: 2 problems
2026-10-05T09:14:34.0456092Z   2024-06-21: 2 problems
2026-10-05T09:14:34.4016929Z   2024-06-20: 2 problems
2026-10-05T09:14:34.7655533Z   2024-06-19: 2 problems
2026-10-05T09:14:35.0761789Z   2024-06-18: 2 problems
2026-10-05T09:14:35.4313216Z   2024-06-17: 2 problems
2026-10-05T09:14:35.7579434Z   2024-06-15: 2 problems
2026-10-05T09:14:36.0827498Z   2024-06-14: 2 problems
2026-10-05T09:14:36.3878876Z   2024-06-13: 2 problems
2026-10-05T09:14:36.7294416Z   2024-06-12: 2 problems
2026-10-05T09:14:37.0657763Z   2024-06-11: 2 problems
2026-10-05T09:14:37.3924940Z   2024-06-10: 2 problems
2026-10-05T09:14:37.7655396Z   2024-06-08: 2 problems
2026-10-05T09:14:38.0838837Z   2024-06-07: 2 problems
2026-10-05T09:14:38.3929733Z   2024-06-06: 2 problems
2026-10-05T09:14:38.6980949Z   2024-06-05: 2 problems
2026-10-05T09:14:39.0071490Z   2024-06-04: 2 problems
2026-10-05T09:14:39.3049415Z   2024-06-03: 2 problems
2026-10-05T09:14:39.6475413Z   2024-06-01: 2 problems
2026-10-05T09:14:39.9656635Z   2024-05-31: 2 problems
2026-10-05T09:14:40.3002934Z   2024-05-30: 2 problems
2026-10-05T09:14:40.6468357Z   2024-05-29: 2 problems
2026-10-05T09:14:40.9912274Z   2024-05-28: 2 problems
2026-10-05T09:14:41.3045257Z   2024-05-27: 2 problems
2026-10-05T09:14:41.6017184Z   2024-05-25: 2 problems
2026-10-05T09:14:41.9083156Z   2024-05-24: 2 problems
2026-10-05T09:14:42.2472549Z   2024-05-23: 2 problems
2026-10-05T09:14:42.5644235Z   2024-05-22: 2 problems
2026-10-05T09:14:42.8713146Z   2024-05-21: 2 problems
2026-10-05T09:14:43.1773023Z   2024-05-20: 2 problems
2026-10-05T09:14:43.4914404Z   2024-05-18: 2 problems
2026-10-05T09:14:43.7913005Z   2024-05-17: 2 problems
2026-10-05T09:14:44.1330283Z   2024-05-16: 2 problems
2026-10-05T09:14:44.4773834Z   2024-05-15: 2 problems
2026-10-05T09:14:44.7890918Z   2024-05-14: 2 problems
2026-10-05T09:14:45.1042702Z   2024-05-13: 2 problems
2026-10-05T09:14:45.4310318Z   2024-05-11: 2 problems
2026-10-05T09:14:45.7389265Z   2024-05-10: 2 problems
2026-10-05T09:14:46.0719908Z   2024-05-09: 2 problems
2026-10-05T09:14:46.3831062Z   2024-05-08: 2 problems
2026-10-05T09:14:46.7140325Z   2024-05-07: 2 problems
2026-10-05T09:14:47.0279289Z   2024-05-06: 2 problems
2026-10-05T09:14:47.3467853Z   2024-05-04: 2 problems
2026-10-05T09:14:47.6804767Z   2024-05-03: 2 problems
2026-10-05T09:14:47.9834537Z   2024-05-02: 2 problems
2026-10-05T09:14:48.3220208Z   2024-05-01: 2 problems
2026-10-05T09:14:48.6336334Z   2024-04-30: 2 problems
2026-10-05T09:14:48.9432065Z   2024-04-29: 2 problems
2026-10-05T09:14:49.2934970Z   2024-04-27: 2 problems
2026-10-05T09:14:49.6175225Z   2024-04-26: 2 problems
2026-10-05T09:14:49.9419859Z   2024-04-25: 2 problems
2026-10-05T09:14:50.2817472Z   2024-04-24: 2 problems
2026-10-05T09:14:50.5967346Z   2024-04-23: 2 problems
2026-10-05T09:14:50.9707179Z   2024-04-22: 2 problems
2026-10-05T09:14:51.3351522Z   2024-04-20: 2 problems
2026-10-05T09:14:51.6354841Z   2024-04-19: 2 problems
2026-10-05T09:14:51.9681013Z   2024-04-18: 2 problems
2026-10-05T09:14:52.3015252Z   2024-04-17: 2 problems
2026-10-05T09:14:52.6569810Z   2024-04-16: 2 problems
2026-10-05T09:14:52.9901356Z   2024-04-15: 2 problems
2026-10-05T09:14:53.3348601Z   2024-04-13: 2 problems
2026-10-05T09:14:53.6562001Z   2024-04-12: 2 problems
2026-10-05T09:14:53.9650895Z   2024-04-11: 2 problems
2026-10-05T09:14:54.2665581Z   2024-04-10: 2 problems
2026-10-05T09:14:54.5636979Z   2024-04-09: 2 problems
2026-10-05T09:14:55.0451970Z   2024-04-08: 2 problems
2026-10-05T09:14:55.3544082Z   2024-04-06: 2 problems
2026-10-05T09:14:55.6801824Z   2024-04-05: 2 problems
2026-10-05T09:14:55.9871085Z   2024-04-04: 2 problems
2026-10-05T09:14:56.3041622Z   2024-04-03: 2 problems
2026-10-05T09:14:56.6154981Z   2024-04-02: 2 problems
2026-10-05T09:14:56.9655588Z   2024-04-01: 2 problems
2026-10-05T09:14:57.2817973Z   2024-03-30: 2 problems
2026-10-05T09:14:57.5817336Z   2024-03-29: 2 problems
2026-10-05T09:14:57.9166671Z   2024-03-28: 2 problems
2026-10-05T09:14:58.3017846Z   2024-03-27: 2 problems
2026-10-05T09:14:58.6130466Z   2024-03-26: 2 problems
2026-10-05T09:14:58.9368610Z   2024-03-25: 2 problems
2026-10-05T09:14:59.2393471Z   2024-03-23: 2 problems
2026-10-05T09:14:59.5787121Z   2024-03-22: 2 problems
2026-10-05T09:14:59.8966002Z   2024-03-21: 2 problems
2026-10-05T09:15:00.2178010Z   2024-03-20: 2 problems
2026-10-05T09:15:00.5313073Z   2024-03-19: 2 problems
2026-10-05T09:15:00.8944732Z   2024-03-18: 2 problems
2026-10-05T09:15:01.2332863Z   2024-03-16: 2 problems
2026-10-05T09:15:01.5559084Z   2024-03-15: 2 problems
2026-10-05T09:15:01.8905743Z   2024-03-14: 2 problems
2026-10-05T09:15:02.2170949Z   2024-03-13: 2 problems
2026-10-05T09:15:02.5514401Z   2024-03-12: 2 problems
2026-10-05T09:15:02.8574478Z   2024-03-11: 2 problems
2026-10-05T09:15:03.2020038Z   2024-03-09: 2 problems
2026-10-05T09:15:03.5703944Z   2024-03-08: 2 problems
2026-10-05T09:15:03.9179250Z   2024-03-07: 2 problems
2026-10-05T09:15:04.2259725Z   2024-03-06: 2 problems
2026-10-05T09:15:04.5601142Z   2024-03-05: 2 problems
2026-10-05T09:15:04.8842376Z   2024-03-04: 2 problems
2026-10-05T09:15:05.1986374Z   2024-03-02: 2 problems
2026-10-05T09:15:05.5668813Z   2024-03-01: 2 problems
2026-10-05T09:15:05.8802298Z   2024-02-29: 2 problems
2026-10-05T09:15:06.5386821Z   2024-02-28: 2 problems
2026-10-05T09:15:06.8738548Z   2024-02-27: 2 problems
2026-10-05T09:15:07.2308144Z   2024-02-26: 2 problems
2026-10-05T09:15:07.2309563Z Building categories...
2026-10-05T09:15:10.1411468Z Wrote /home/runner/work/ys_problem_web/ys_problem_web/data/daily.json (814 days, 21 categories).
2026-10-05T09:15:10.1412207Z Syncing leaderboard (records.js from gh-pages)...
2026-10-05T09:15:10.2457808Z   ✓ 361 players, data through 2026-10-03
2026-10-05T09:15:10.2596849Z ##[group]Run node scripts/translate-ai.mjs
2026-10-05T09:15:10.2597146Z [36;1mnode scripts/translate-ai.mjs[0m
2026-10-05T09:15:10.2651653Z shell: /usr/bin/bash -e {0}
2026-10-05T09:15:10.2651865Z env:
2026-10-05T09:15:10.2652193Z   AI_BASE_URL: ***
2026-10-05T09:15:10.2652458Z   AI_API_KEY: ***
2026-10-05T09:15:10.2652639Z   AI_MODEL: deepseek-v4-flash
2026-10-05T09:15:10.2652841Z   AI_TRANSLATE_LIMIT: 60
2026-10-05T09:15:10.2653026Z ##[endgroup]
2026-10-05T09:15:10.2949787Z (node:3706) [MODULE_TYPELESS_PACKAGE_JSON] Warning: Module type of file:///home/runner/work/ys_problem_web/ys_problem_web/lib/mt-protect.js is not specified and it doesn't parse as CommonJS.
2026-10-05T09:15:10.2951009Z Reparsing as ES module because module syntax was detected. This incurs a performance overhead.
2026-10-05T09:15:10.2951835Z To eliminate this warning, add "type": "module" to /home/runner/work/ys_problem_web/ys_problem_web/package.json.
2026-10-05T09:15:10.2954216Z (Use `node --trace-warnings ...` to show where the warning was created)
2026-10-05T09:15:10.3788057Z GYM106197H: 1 segment(s) to translate
2026-10-05T09:15:14.3690780Z   ✓ note[2]: 你只发送了 `![](https://espresso.codeforces.com/ccf03… [tokens in=105 out=196]
2026-10-05T09:15:14.6710209Z GYM103426B: 8 segment(s) to translate
2026-10-05T09:15:22.5256446Z   ✓ output[0]: 输出两个整数——添加一个排列后能够得到的最大列排列数；以及为达到最大列排列数而可以添加的排列数对… [tokens in=147 out=860]
2026-10-05T09:15:26.9335837Z   ✓ note[0]: 在第一个例子中，第一列和第四列都需要 $$$2$$$ 为一个排列，第三列需要 $$$1$$$。M… [tokens in=140 out=195]
2026-10-05T09:15:31.4565694Z   ✓ note[1]: $$$2,3,1,4$$$;… [tokens in=105 out=199]
2026-10-05T09:15:35.1985387Z   ✓ note[2]: $$$2,4,1,3$$$;… [tokens in=105 out=90]
2026-10-05T09:15:39.1169286Z   ✓ note[3]: $$$3,4,1,2$$$;… [tokens in=105 out=117]
2026-10-05T09:15:42.2206570Z   ✗ note[4] — placeholder mangled
2026-10-05T09:15:59.2205323Z   ✓ note[5]: 以得到两个列的排列。不可能得到有三个列的排列的结果，因为第 $$$n$$$ 个排列不能包含两个 … [tokens in=140 out=1727]
2026-10-05T09:16:03.8317920Z   ✓ note[6]: 在第二个样例中，无论 Manya 添加什么排列，都不会有任何一列是合法排列。这意味着列排列的最大… [tokens in=156 out=309]
2026-10-05T09:16:04.1336145Z GYM103464C: 15 segment(s) to translate
2026-10-05T09:16:07.7882344Z   ✓ title[0]: C. 受保护的字符串… [tokens in=106 out=92]
2026-10-05T09:16:12.2895018Z   ✓ legend[0]: Alexandrik 是一位知名的安全软件开发者。今天他觉得自己被黑了，于是决定更新他所有账户的… [tokens in=133 out=176]
2026-10-05T09:16:29.4732044Z   ✓ legend[1]: 为此，Alexandrik 发明了一个特殊的、难以破解的字符串 $$$s$$$，出于某种原因，它… [tokens in=257 out=2054]
2026-10-05T09:16:36.3802401Z   ✓ legend[2]: 如果一个字符串的每个字符都与它的“反转”版本（即把原字符串的字符按相反顺序写成的字符串）中对应位… [tokens in=172 out=526]
2026-10-05T09:16:40.0457354Z   ✓ legend[3]: abaabbab… [tokens in=105 out=159]
2026-10-05T09:16:44.8662688Z   ✓ legend[4]: babbaabaaba… [tokens in=106 out=207]
2026-10-05T09:17:12.3070047Z   ✓ legend[5]: 在每个字符上都不同。同时，字符串 aaabaabb 不是「完美保护」的，因为它的「反转」版本（b… [tokens in=149 out=3917]
2026-10-05T09:17:17.3871657Z   ✓ legend[6]: 那么，帮 Alexandrik 找出他字符串中最长的「完全受保护」子串。… [tokens in=122 out=319]
2026-10-05T09:17:21.8448333Z   ✓ input[0]: 输入的第一行包含一个整数 $$$n$$$——即字符串 $$$s$$$($$$2 \le n \l… [tokens in=131 out=310]
2026-10-05T09:17:32.6037489Z   ✓ input[1]: 输入数据的第二行包含字符串 $$$s$$$ 本身，由字母 a' 和 b' 组成。… [tokens in=126 out=1223]
2026-10-05T09:17:41.8930759Z   ✓ output[0]: 输出一个非负整数——字符串 $$$s$$$ 中最长的「完美保护」子串的长度。… [tokens in=128 out=936]
2026-10-05T09:17:46.7256502Z   ✓ output[1]: 本题设有子任务得分。只有当一个子任务的所有测试点都通过时，该子任务的分数才会被计入。子任务如下表… [tokens in=140 out=210]
2026-10-05T09:17:50.5067779Z   ✓ note[0]: 例如，在第一个测试用例中，可以选择 baba 作为子串。… [tokens in=120 out=125]
2026-10-05T09:17:54.1139738Z   ✓ note[1]: 在第二个测试用例中，例如，bbaabbaa 可以作为一个子串被选出。… [tokens in=123 out=97]
2026-10-05T09:17:58.9507978Z   ✓ note[2]: 例如，在第三个测试用例中，可以选择 bbaa 作为子串。… [tokens in=121 out=208]
2026-10-05T09:17:59.2516110Z GYM105492I: 10 segment(s) to translate
2026-10-05T09:18:04.1273876Z   ✓ title[0]: I. Interrail 通票… [tokens in=107 out=302]
2026-10-05T09:18:16.7388763Z   ✓ legend[0]: Interrail 通票是游览更多欧洲的有趣且便宜的方式，尤其是当你把火车旅行与务实且省钱的算计… [tokens in=192 out=1452]
2026-10-05T09:18:26.9891256Z   ✓ legend[1]: 有 $$$k$$$ 种不同类型的 Interrail 通票，费用各不相同。每种 Interrai… [tokens in=218 out=1217]
2026-10-05T09:18:34.1373311Z   ✓ legend[2]: 举个例子，考虑第四个样例输入，如下图所示。购买 Interrail 通票肯定比支付 $$$4$$… [tokens in=163 out=708]
2026-10-05T09:18:37.9044792Z   ✓ legend[3]: ![](https://espresso.codeforces.com/13d89bb7b237… [tokens in=105 out=78]
2026-10-05T09:18:41.3052452Z   ✓ input[0]: 输入包含：… [tokens in=107 out=97]
2026-10-05T09:18:46.0032237Z   ✓ input[1]: 一行包含两个整数 $$$n$$$ 和 $$$k$$$($$$1\leq n\leq 10\,00… [tokens in=142 out=296]
2026-10-05T09:18:58.8701762Z   ✓ input[2]: $$$n$$$ 行，每行两个整数 $$$t$$$ 和 $$$f$$$($$$0\leq t \l… [tokens in=154 out=1410]
2026-10-05T09:19:12.6595380Z   ✓ input[3]: $$$k$$$ 行，每行包含三个整数 $$$p$$$、$$$d$$$ 和 $$$c$$$($$$… [tokens in=175 out=1669]
2026-10-05T09:19:16.4856844Z   ✓ output[0]: 输出覆盖所有计划旅行所需的最小花费。… [tokens in=117 out=158]
2026-10-05T09:19:16.7878830Z GYM106103D: 2 segment(s) to translate
2026-10-05T09:19:20.5913411Z   ✓ title[0]: D. 立方体… [tokens in=105 out=148]
2026-10-05T09:19:24.5676916Z   ✓ legend[0]: ![](https://espresso.codeforces.com/2b1ccb5c6b58… [tokens in=105 out=147]
2026-10-05T09:19:24.8682359Z GYM105055B: 10 segment(s) to translate
2026-10-05T09:19:33.5732474Z   ✓ title[0]: B. 位网球… [tokens in=106 out=816]
2026-10-05T09:19:41.6913462Z   ✓ legend[0]: 在坎皮纳斯参加完 MFP（乒乓球决赛选手对决）后，Giovana 和 Julia 厌倦了打乒乓球… [tokens in=189 out=733]
2026-10-05T09:19:46.8470233Z   ✓ legend[1]: 游戏开始时有一个字符串 $$$S$$$，其长度为 $$$N$$$，表示一个二进制数；… [tokens in=125 out=374]
2026-10-05T09:19:52.0386429Z   ✓ legend[2]: Giovana 开始游戏，此后 Julia 和她轮流行动；… [tokens in=118 out=322]
2026-10-05T09:19:57.8576471Z   ✓ legend[3]: 每轮中，当前玩家可以在字符串的末尾或开头添加一个数字（"0" 或 "1"）：例如，如果字符串是 … [tokens in=164 out=519]
2026-10-05T09:20:04.2667016Z   ✓ legend[4]: 如果每位玩家进行 $$$K$$$ 回合后，该数字是 3 的倍数，则 Julia 获胜。否则，Gi… [tokens in=132 out=339]
2026-10-05T09:20:10.5440385Z   ✓ legend[5]: 两人很快都学会了最优策略，并且在玩了几次之后，他们注意到游戏的结果甚至在第一步操作之前就已经确定… [tokens in=165 out=504]
2026-10-05T09:20:16.3482281Z   ✓ input[0]: 输入的第一行由整数 $$$N$$$ $$$(1 \leq N \leq 10^5)$$$(字符串… [tokens in=149 out=437]
2026-10-05T09:20:20.6224462Z   ✓ input[1]: 第二行包含字符串 $$$S$$$，它表示游戏开始时的二进制数，从最高有效位到最低有效位。… [tokens in=132 out=213]
2026-10-05T09:20:25.0825592Z   ✓ output[0]: 输出 "GIOVANA" 或 "JULIA"，即双方均采取最优策略时游戏获胜者的名字。… [tokens in=128 out=298]
2026-10-05T09:20:25.3832944Z GYM102894F: 8 segment(s) to translate
2026-10-05T09:20:30.2495081Z   ✓ title[0]: F. Hotel Chevalier… [tokens in=108 out=193]
2026-10-05T09:20:38.0832942Z   ✓ legend[0]: 新开张的 Hotel Chevalier 正在接待游客。酒店拥有 $$$n$$$ 个大小各异的房… [tokens in=209 out=700]
2026-10-05T09:20:44.1592586Z   ✓ legend[1]: 不幸的是，酒店可能没有足够大，无法容纳所有团体。请通过最优地为各团体分配房间，帮助酒店经理使酒店… [tokens in=140 out=237]
2026-10-05T09:20:48.3958361Z   ✓ input[0]: 第一行包含两个整数 $$$n$$$，$$$k$$$ $$$(1 \le n, k \le 150… [tokens in=135 out=198]
2026-10-05T09:20:52.3436161Z   ✓ input[1]: 第二行包含 $$$n$$$ 个整数 $$$c_i$$$ $$$(1 \le c_i \le 10… [tokens in=124 out=134]
2026-10-05T09:20:57.3604303Z   ✓ input[2]: 第三行包含 $$$k$$$ 个整数 $$$p_i$$$ $$$(1 \le p_i \le 10… [tokens in=128 out=204]
2026-10-05T09:21:01.6795153Z   ✓ input[3]: 第四行包含 $$$k$$$ 个整数 $$$m_i$$$ $$$(1 \le m_i \le 10… [tokens in=134 out=121]
2026-10-05T09:21:05.9968354Z   ✓ output[0]: 输出一个数——将房间出租给旅游团后，酒店最多可能赚到的金额。… [tokens in=125 out=195]
2026-10-05T09:21:06.2982150Z GYM106687C: 14 segment(s) to translate
2026-10-05T09:21:09.9559397Z   ✓ title[0]: C. 构造长方体投影… [tokens in=109 out=198]
2026-10-05T09:21:13.4932514Z   ✓ legend[0]: 对于一个正整数 $$$$$$d$$$$$$，令 $$$$$$[d]=\{1,2,\dots,d\… [tokens in=125 out=161]
2026-10-05T09:21:19.1895202Z   ✓ legend[1]: 构造一个满足以下所有条件的整数三元组集合 $$$S\subseteq[a]\times[b]\t… [tokens in=120 out=404]
2026-10-05T09:21:22.7381985Z   ✓ legend[2]: 对于每个 $$$(x,y)\in[a]\times[b]$$$，至少有一个三元组 $$$(x,y… [tokens in=122 out=116]
2026-10-05T09:21:27.6914054Z   ✓ legend[3]: 对于每个 $$$(x,z)\in[a]\times[c]$$$，至少有一个三元组 $$$(x,y… [tokens in=122 out=189]
2026-10-05T09:21:32.0232923Z   ✓ legend[4]: 对于每个 $$$(y,z)\in[b]\times[c]$$$，至少有一个三元组 $$$(x,y… [tokens in=122 out=251]
2026-10-05T09:21:32.3235133Z Done: 59 segment(s) translated (hit limit 60).
2026-10-05T09:21:32.3235752Z ── AI Token 用量（本次运行）──
2026-10-05T09:21:32.3236054Z   模型 deepseek-v4-flash · 请求成功 59 / 失败 1
2026-10-05T09:21:32.3338236Z   输入 7,963 + 输出 29,790 = 合计 37,753 tokens
2026-10-05T09:21:32.3345576Z TOKEN-USAGE {"model":"deepseek-v4-flash","ok":59,"fail":1,"in":7963,"out":29790,"segments":[{"code":"GYM106197H","seg":"note[2]","in":105,"out":196},{"code":"GYM103426B","seg":"output[0]","in":147,"out":860},{"code":"GYM103426B","seg":"note[0]","in":140,"out":195},{"code":"GYM103426B","seg":"note[1]","in":105,"out":199},{"code":"GYM103426B","seg":"note[2]","in":105,"out":90},{"code":"GYM103426B","seg":"note[3]","in":105,"out":117},{"code":"GYM103426B","seg":"note[5]","in":140,"out":1727},{"code":"GYM103426B","seg":"note[6]","in":156,"out":309},{"code":"GYM103464C","seg":"title[0]","in":106,"out":92},{"code":"GYM103464C","seg":"legend[0]","in":133,"out":176},{"code":"GYM103464C","seg":"legend[1]","in":257,"out":2054},{"code":"GYM103464C","seg":"legend[2]","in":172,"out":526},{"code":"GYM103464C","seg":"legend[3]","in":105,"out":159},{"code":"GYM103464C","seg":"legend[4]","in":106,"out":207},{"code":"GYM103464C","seg":"legend[5]","in":149,"out":3917},{"code":"GYM103464C","seg":"legend[6]","in":122,"out":319},{"code":"GYM103464C","seg":"input[0]","in":131,"out":310},{"code":"GYM103464C","seg":"input[1]","in":126,"out":1223},{"code":"GYM103464C","seg":"output[0]","in":128,"out":936},{"code":"GYM103464C","seg":"output[1]","in":140,"out":210},{"code":"GYM103464C","seg":"note[0]","in":120,"out":125},{"code":"GYM103464C","seg":"note[1]","in":123,"out":97},{"code":"GYM103464C","seg":"note[2]","in":121,"out":208},{"code":"GYM105492I","seg":"title[0]","in":107,"out":302},{"code":"GYM105492I","seg":"legend[0]","in":192,"out":1452},{"code":"GYM105492I","seg":"legend[1]","in":218,"out":1217},{"code":"GYM105492I","seg":"legend[2]","in":163,"out":708},{"code":"GYM105492I","seg":"legend[3]","in":105,"out":78},{"code":"GYM105492I","seg":"input[0]","in":107,"out":97},{"code":"GYM105492I","seg":"input[1]","in":142,"out":296},{"code":"GYM105492I","seg":"input[2]","in":154,"out":1410},{"code":"GYM105492I","seg":"input[3]","in":175,"out":1669},{"code":"GYM105492I","seg":"output[0]","in":117,"out":158},{"code":"GYM106103D","seg":"title[0]","in":105,"out":148},{"code":"GYM106103D","seg":"legend[0]","in":105,"out":147},{"code":"GYM105055B","seg":"title[0]","in":106,"out":816},{"code":"GYM105055B","seg":"legend[0]","in":189,"out":733},{"code":"GYM105055B","seg":"legend[1]","in":125,"out":374},{"code":"GYM105055B","seg":"legend[2]","in":118,"out":322},{"code":"GYM105055B","seg":"legend[3]","in":164,"out":519},{"code":"GYM105055B","seg":"legend[4]","in":132,"out":339},{"code":"GYM105055B","seg":"legend[5]","in":165,"out":504},{"code":"GYM105055B","seg":"input[0]","in":149,"out":437},{"code":"GYM105055B","seg":"input[1]","in":132,"out":213},{"code":"GYM105055B","seg":"output[0]","in":128,"out":298},{"code":"GYM102894F","seg":"title[0]","in":108,"out":193},{"code":"GYM102894F","seg":"legend[0]","in":209,"out":700},{"code":"GYM102894F","seg":"legend[1]","in":140,"out":237},{"code":"GYM102894F","seg":"input[0]","in":135,"out":198},{"code":"GYM102894F","seg":"input[1]","in":124,"out":134},{"code":"GYM102894F","seg":"input[2]","in":128,"out":204},{"code":"GYM102894F","seg":"input[3]","in":134,"out":121},{"code":"GYM102894F","seg":"output[0]","in":125,"out":195},{"code":"GYM106687C","seg":"title[0]","in":109,"out":198},{"code":"GYM106687C","seg":"legend[0]","in":125,"out":161},{"code":"GYM106687C","seg":"legend[1]","in":120,"out":404},{"code":"GYM106687C","seg":"legend[2]","in":122,"out":116},{"code":"GYM106687C","seg":"legend[3]","in":122,"out":189},{"code":"GYM106687C","seg":"legend[4]","in":122,"out":251}],"totalTokens":37753}
2026-10-05T09:21:32.3446063Z ##[group]Run CF_STATEMENTS=0 TRANSLATE=0 node scripts/update-data.mjs
2026-10-05T09:21:32.3446464Z [36;1mCF_STATEMENTS=0 TRANSLATE=0 node scripts/update-data.mjs[0m
2026-10-05T09:21:32.3500651Z shell: /usr/bin/bash -e {0}
2026-10-05T09:21:32.3500870Z env:
2026-10-05T09:21:32.3502898Z   GITHUB_TOKEN: ***
2026-10-05T09:21:32.3503083Z ##[endgroup]
2026-10-05T09:21:32.4548017Z Discovering daily problem folders...
2026-10-05T09:21:34.0511722Z Found 814 days, syncing the most recent 814.
2026-10-05T09:21:34.5968870Z   2026-10-05: 2 problems
2026-10-05T09:21:34.9133321Z   2026-10-03: 2 problems
2026-10-05T09:21:35.3290375Z   2026-10-02: 2 problems
2026-10-05T09:21:35.6542533Z   2026-10-01: 2 problems
2026-10-05T09:21:35.9570910Z   2026-09-30: 2 problems
2026-10-05T09:21:36.2884365Z   2026-09-29: 2 problems
2026-10-05T09:21:36.5831551Z   2026-09-28: 2 problems
2026-10-05T09:21:36.8917843Z   2026-09-26: 2 problems
2026-10-05T09:21:37.1891814Z   2026-09-25: 2 problems
2026-10-05T09:21:37.5370611Z   2026-09-24: 2 problems
2026-10-05T09:21:37.8593492Z   2026-09-23: 2 problems
2026-10-05T09:21:38.1524065Z   2026-09-22: 2 problems
2026-10-05T09:21:38.4770900Z   2026-09-21: 2 problems
2026-10-05T09:21:38.7639686Z   2026-09-19: 2 problems
2026-10-05T09:21:39.1182093Z   2026-09-18: 2 problems
2026-10-05T09:21:39.4185392Z   2026-09-17: 2 problems
2026-10-05T09:21:39.7748346Z   2026-09-16: 2 problems
2026-10-05T09:21:40.0928823Z   2026-09-15: 2 problems
2026-10-05T09:21:40.2986173Z   2026-09-14: 2 problems
2026-10-05T09:21:40.6198181Z   2026-09-12: 2 problems
2026-10-05T09:21:40.9868154Z   2026-09-11: 2 problems
2026-10-05T09:21:41.2990598Z   2026-09-10: 2 problems
2026-10-05T09:21:41.6809086Z   2026-09-09: 2 problems
2026-10-05T09:21:41.9987007Z   2026-09-08: 2 problems
2026-10-05T09:21:42.3216144Z   2026-09-07: 2 problems
2026-10-05T09:21:42.6566947Z   2026-09-05: 2 problems
2026-10-05T09:21:42.9979902Z   2026-09-04: 2 problems
2026-10-05T09:21:43.3774687Z   2026-09-03: 2 problems
2026-10-05T09:21:43.7222665Z   2026-09-02: 2 problems
2026-10-05T09:21:44.0241320Z   2026-09-01: 2 problems
2026-10-05T09:21:44.3260410Z   2026-08-31: 2 problems
2026-10-05T09:21:44.6230781Z   2026-08-29: 2 problems
2026-10-05T09:21:45.0316442Z   2026-08-28: 2 problems
2026-10-05T09:21:45.3671682Z   2026-08-27: 2 problems
2026-10-05T09:21:45.7905181Z   2026-08-26: 2 problems
2026-10-05T09:21:46.0785568Z   2026-08-25: 2 problems
2026-10-05T09:21:46.4301308Z   2026-08-24: 2 problems
2026-10-05T09:21:46.7360323Z   2026-08-22: 2 problems
2026-10-05T09:21:47.0370160Z   2026-08-21: 2 problems
2026-10-05T09:21:47.3564502Z   2026-08-20: 2 problems
2026-10-05T09:21:47.6660242Z   2026-08-19: 2 problems
2026-10-05T09:21:47.9709608Z   2026-08-18: 2 problems
2026-10-05T09:21:48.2956196Z   2026-08-17: 2 problems
2026-10-05T09:21:48.6121423Z   2026-08-15: 2 problems
2026-10-05T09:21:48.9652809Z   2026-08-14: 2 problems
2026-10-05T09:21:49.3213020Z   2026-08-13: 2 problems
2026-10-05T09:21:49.6718874Z   2026-08-12: 2 problems
2026-10-05T09:21:50.0258612Z   2026-08-11: 2 problems
2026-10-05T09:21:50.4109199Z   2026-08-10: 2 problems
2026-10-05T09:21:50.7251800Z   2026-08-08: 2 problems
2026-10-05T09:21:51.0449520Z   2026-08-07: 2 problems
2026-10-05T09:21:51.3769538Z   2026-08-06: 2 problems
2026-10-05T09:21:51.6786934Z   2026-08-05: 2 problems
2026-10-05T09:21:51.9882956Z   2026-08-04: 2 problems
2026-10-05T09:21:52.2791282Z   2026-08-03: 2 problems
2026-10-05T09:21:52.6804714Z   2026-08-01: 2 problems
2026-10-05T09:21:52.8830327Z   2026-07-31: 2 problems
2026-10-05T09:21:53.2056098Z   2026-07-30: 2 problems
2026-10-05T09:21:53.5190391Z   2026-07-29: 2 problems
2026-10-05T09:21:53.8612574Z   2026-07-28: 2 problems
2026-10-05T09:21:54.2163863Z   2026-07-27: 2 problems
2026-10-05T09:21:54.5416088Z   2026-07-25: 2 problems
2026-10-05T09:21:54.9091384Z   2026-07-24: 2 problems
2026-10-05T09:21:55.2453033Z   2026-07-23: 2 problems
2026-10-05T09:21:55.5889692Z   2026-07-22: 2 problems
2026-10-05T09:21:55.9554446Z   2026-07-21: 2 problems
2026-10-05T09:21:56.3754876Z   2026-07-16: 2 problems
2026-10-05T09:21:56.7004037Z   2026-07-15: 2 problems
2026-10-05T09:21:57.0009061Z   2026-07-14: 2 problems
2026-10-05T09:21:57.3146039Z   2026-07-13: 2 problems
2026-10-05T09:21:57.6652629Z   2026-07-11: 2 problems
2026-10-05T09:21:57.9729797Z   2026-07-10: 2 problems
2026-10-05T09:21:58.3177051Z   2026-07-09: 2 problems
2026-10-05T09:21:58.6465835Z   2026-07-08: 2 problems
2026-10-05T09:21:58.9453996Z   2026-07-07: 2 problems
2026-10-05T09:21:59.2772616Z   2026-07-06: 2 problems
2026-10-05T09:21:59.6840876Z   2026-07-04: 2 problems
2026-10-05T09:22:00.0355130Z   2026-07-03: 2 problems
2026-10-05T09:22:00.4343459Z   2026-07-02: 2 problems
2026-10-05T09:22:00.7447251Z   2026-07-01: 2 problems
2026-10-05T09:22:01.0803284Z   2026-06-30: 2 problems
2026-10-05T09:22:01.3778437Z   2026-06-29: 2 problems
2026-10-05T09:22:01.6927412Z   2026-06-27: 2 problems
2026-10-05T09:22:01.9948824Z   2026-06-26: 2 problems
2026-10-05T09:22:02.3819503Z   2026-06-25: 2 problems
2026-10-05T09:22:02.6988893Z   2026-06-24: 2 problems
2026-10-05T09:22:03.0530832Z   2026-06-23: 2 problems
2026-10-05T09:22:03.3626194Z   2026-06-22: 2 problems
2026-10-05T09:22:03.5806630Z   2026-06-20: 1 problems
2026-10-05T09:22:03.9000022Z   2026-06-19: 2 problems
2026-10-05T09:22:04.2072004Z   2026-06-18: 2 problems
2026-10-05T09:22:04.5127185Z   2026-06-17: 2 problems
2026-10-05T09:22:04.8363393Z   2026-06-16: 2 problems
2026-10-05T09:22:05.1629985Z   2026-06-15: 2 problems
2026-10-05T09:22:05.5100173Z   2026-06-13: 2 problems
2026-10-05T09:22:05.8263737Z   2026-06-12: 2 problems
2026-10-05T09:22:06.1744514Z   2026-06-11: 2 problems
2026-10-05T09:22:06.5116666Z   2026-06-10: 2 problems
2026-10-05T09:22:06.8219956Z   2026-06-09: 2 problems
2026-10-05T09:22:07.1665099Z   2026-06-08: 2 problems
2026-10-05T09:22:07.4957111Z   2026-06-06: 2 problems
2026-10-05T09:22:07.7887556Z   2026-06-05: 2 problems
2026-10-05T09:22:08.0907668Z   2026-06-04: 2 problems
2026-10-05T09:22:08.2090987Z   2026-06-03: 2 problems
2026-10-05T09:22:08.5659580Z   2026-06-02: 2 problems
2026-10-05T09:22:08.8667240Z   2026-06-01: 2 problems
2026-10-05T09:22:09.2125182Z   2026-05-30: 2 problems
2026-10-05T09:22:09.6985880Z   2026-05-29: 2 problems
2026-10-05T09:22:10.0023031Z   2026-05-28: 2 problems
2026-10-05T09:22:10.3063331Z   2026-05-27: 2 problems
2026-10-05T09:22:10.5166961Z   2026-05-26: 2 problems
2026-10-05T09:22:10.8137215Z   2026-05-25: 2 problems
2026-10-05T09:22:11.1092863Z   2026-05-23: 2 problems
2026-10-05T09:22:11.4665959Z   2026-05-22: 2 problems
2026-10-05T09:22:11.8258809Z   2026-05-21: 2 problems
2026-10-05T09:22:12.1208909Z   2026-05-20: 2 problems
2026-10-05T09:22:12.4524705Z   2026-05-19: 2 problems
2026-10-05T09:22:12.7587413Z   2026-05-18: 2 problems
2026-10-05T09:22:13.0712468Z   2026-05-16: 2 problems
2026-10-05T09:22:13.3835829Z   2026-05-15: 2 problems
2026-10-05T09:22:13.6988081Z   2026-05-14: 2 problems
2026-10-05T09:22:14.0567941Z   2026-05-13: 2 problems
2026-10-05T09:22:14.3682691Z   2026-05-12: 2 problems
2026-10-05T09:22:14.7321551Z   2026-05-11: 2 problems
2026-10-05T09:22:15.0598517Z   2026-05-09: 2 problems
2026-10-05T09:22:15.3562781Z   2026-05-08: 2 problems
2026-10-05T09:22:15.6711315Z   2026-05-07: 2 problems
2026-10-05T09:22:16.0443711Z   2026-05-06: 2 problems
2026-10-05T09:22:16.3809499Z   2026-05-05: 2 problems
2026-10-05T09:22:16.6927398Z   2026-05-04: 2 problems
2026-10-05T09:22:17.0318695Z   2026-05-02: 2 problems
2026-10-05T09:22:17.3380018Z   2026-05-01: 2 problems
2026-10-05T09:22:17.6305975Z   2026-04-30: 2 problems
2026-10-05T09:22:17.9480496Z   2026-04-29: 2 problems
2026-10-05T09:22:18.2385658Z   2026-04-28: 2 problems
2026-10-05T09:22:18.5692332Z   2026-04-27: 2 problems
2026-10-05T09:22:18.9245075Z   2026-04-25: 2 problems
2026-10-05T09:22:19.8463783Z   2026-04-24: 2 problems
2026-10-05T09:22:21.1159891Z   2026-04-23: 2 problems
2026-10-05T09:22:22.0057381Z   2026-04-22: 2 problems
2026-10-05T09:22:23.7213815Z   2026-04-21: 2 problems
2026-10-05T09:22:25.7775525Z   2026-04-20: 2 problems
2026-10-05T09:22:26.6279956Z   2026-04-18: 2 problems
2026-10-05T09:22:27.9175005Z   2026-04-17: 2 problems
2026-10-05T09:22:29.2221404Z   2026-04-16: 2 problems
2026-10-05T09:22:30.0865597Z   2026-04-15: 2 problems
2026-10-05T09:22:30.9953327Z   2026-04-14: 2 problems
2026-10-05T09:22:31.9588549Z   2026-04-13: 2 problems
2026-10-05T09:22:32.8032082Z   2026-04-11: 2 problems
2026-10-05T09:22:33.7004490Z   2026-04-10: 2 problems
2026-10-05T09:22:34.6015187Z   2026-04-09: 2 problems
2026-10-05T09:22:35.2028527Z   2026-04-08: 2 problems
2026-10-05T09:22:36.0598289Z   2026-04-07: 2 problems
2026-10-05T09:22:36.9310499Z   2026-04-06: 2 problems
2026-10-05T09:22:37.8479861Z   2026-04-04: 2 problems
2026-10-05T09:22:38.7556332Z   2026-04-03: 2 problems
2026-10-05T09:22:39.6104631Z   2026-04-02: 2 problems
2026-10-05T09:22:40.5761610Z   2026-04-01: 2 problems
2026-10-05T09:22:41.4868836Z   2026-03-31: 2 problems
2026-10-05T09:22:42.4216985Z   2026-03-30: 2 problems
2026-10-05T09:22:43.3267242Z   2026-03-28: 2 problems
2026-10-05T09:22:44.2845686Z   2026-03-27: 2 problems
2026-10-05T09:22:45.1532958Z   2026-03-26: 2 problems
2026-10-05T09:22:46.0881016Z   2026-03-25: 2 problems
2026-10-05T09:22:46.9836469Z   2026-03-24: 2 problems
2026-10-05T09:22:47.9007039Z   2026-03-23: 2 problems
2026-10-05T09:22:48.7959225Z   2026-03-21: 2 problems
2026-10-05T09:22:49.6676124Z   2026-03-20: 2 problems
2026-10-05T09:22:50.5092150Z   2026-03-19: 2 problems
2026-10-05T09:22:51.3906612Z   2026-03-18: 2 problems
2026-10-05T09:22:52.2819706Z   2026-03-17: 2 problems
2026-10-05T09:22:53.1389297Z   2026-03-16: 2 problems
2026-10-05T09:22:54.0265987Z   2026-03-14: 2 problems
2026-10-05T09:22:54.9598282Z   2026-03-13: 2 problems
2026-10-05T09:22:55.8582265Z   2026-03-12: 2 problems
2026-10-05T09:22:56.7161848Z   2026-03-11: 2 problems
2026-10-05T09:22:57.5762623Z   2026-03-10: 2 problems
2026-10-05T09:22:58.4741668Z   2026-03-09: 2 problems
2026-10-05T09:22:59.3405918Z   2026-03-07: 2 problems
2026-10-05T09:23:00.3480860Z   2026-03-06: 2 problems
2026-10-05T09:23:01.2389889Z   2026-03-05: 2 problems
2026-10-05T09:23:02.2612890Z   2026-03-04: 2 problems
2026-10-05T09:23:03.1664976Z   2026-03-03: 2 problems
2026-10-05T09:23:04.0180070Z   2026-03-02: 2 problems
2026-10-05T09:23:04.8721714Z   2026-02-28: 2 problems
2026-10-05T09:23:05.7388127Z   2026-02-27: 2 problems
2026-10-05T09:23:06.5918916Z   2026-02-26: 2 problems
2026-10-05T09:23:07.5124960Z   2026-02-25: 2 problems
2026-10-05T09:23:08.3683769Z   2026-02-24: 2 problems
2026-10-05T09:23:09.2212818Z   2026-02-23: 2 problems
2026-10-05T09:23:10.0621079Z   2026-02-21: 2 problems
2026-10-05T09:23:10.9652318Z   2026-02-20: 2 problems
2026-10-05T09:23:11.8283828Z   2026-02-19: 2 problems
2026-10-05T09:23:12.6971729Z   2026-02-18: 2 problems
2026-10-05T09:23:13.5801571Z   2026-02-17: 2 problems
2026-10-05T09:23:14.5534451Z   2026-02-16: 2 problems
2026-10-05T09:23:15.4762837Z   2026-02-14: 2 problems
2026-10-05T09:23:16.3357356Z   2026-02-13: 2 problems
2026-10-05T09:23:17.2041766Z   2026-02-12: 2 problems
2026-10-05T09:23:18.0898050Z   2026-02-11: 2 problems
2026-10-05T09:23:18.9898843Z   2026-02-10: 2 problems
2026-10-05T09:23:19.5490997Z   2026-02-09: 2 problems
2026-10-05T09:23:19.9904484Z   2026-02-07: 2 problems
2026-10-05T09:23:20.3570343Z   2026-02-06: 2 problems
2026-10-05T09:23:20.6454235Z   2026-02-05: 2 problems
2026-10-05T09:23:20.9847364Z   2026-02-04: 2 problems
2026-10-05T09:23:21.3241627Z   2026-02-03: 2 problems
2026-10-05T09:23:21.6562104Z   2026-02-02: 2 problems
2026-10-05T09:23:21.9729635Z   2026-01-31: 2 problems
2026-10-05T09:23:22.3014568Z   2026-01-30: 2 problems
2026-10-05T09:23:22.6361843Z   2026-01-29: 2 problems
2026-10-05T09:23:22.9619969Z   2026-01-28: 2 problems
2026-10-05T09:23:23.2636557Z   2026-01-27: 2 problems
2026-10-05T09:23:23.5637943Z   2026-01-26: 2 problems
2026-10-05T09:23:23.8633528Z   2026-01-24: 2 problems
2026-10-05T09:23:24.1922951Z   2026-01-23: 2 problems
2026-10-05T09:23:24.4041064Z   2026-01-22: 2 problems
2026-10-05T09:23:24.7411774Z   2026-01-21: 2 problems
2026-10-05T09:23:25.0689376Z   2026-01-20: 2 problems
2026-10-05T09:23:25.4066553Z   2026-01-19: 2 problems
2026-10-05T09:23:25.7140720Z   2026-01-17: 2 problems
2026-10-05T09:23:26.0682792Z   2026-01-16: 2 problems
2026-10-05T09:23:26.3802353Z   2026-01-15: 2 problems
2026-10-05T09:23:26.6848306Z   2026-01-14: 2 problems
2026-10-05T09:23:27.0138808Z   2026-01-13: 2 problems
2026-10-05T09:23:27.3450381Z   2026-01-12: 2 problems
2026-10-05T09:23:27.6971017Z   2026-01-10: 2 problems
2026-10-05T09:23:27.9847133Z   2026-01-09: 2 problems
2026-10-05T09:23:28.3689854Z   2026-01-08: 2 problems
2026-10-05T09:23:28.6593410Z   2026-01-07: 2 problems
2026-10-05T09:23:29.0231757Z   2026-01-06: 2 problems
2026-10-05T09:23:29.3271773Z   2026-01-05: 2 problems
2026-10-05T09:23:29.6299842Z   2026-01-03: 2 problems
2026-10-05T09:23:29.9457390Z   2026-01-02: 2 problems
2026-10-05T09:23:30.2794438Z   2026-01-01: 2 problems
2026-10-05T09:23:30.6194806Z   2025-12-31: 2 problems
2026-10-05T09:23:30.9403246Z   2025-12-30: 2 problems
2026-10-05T09:23:31.2768685Z   2025-12-29: 2 problems
2026-10-05T09:23:31.5881731Z   2025-12-27: 2 problems
2026-10-05T09:23:31.9133237Z   2025-12-26: 2 problems
2026-10-05T09:23:32.2122226Z   2025-12-25: 2 problems
2026-10-05T09:23:32.5299550Z   2025-12-24: 2 problems
2026-10-05T09:23:32.8724485Z   2025-12-23: 2 problems
2026-10-05T09:23:33.2414014Z   2025-12-22: 2 problems
2026-10-05T09:23:33.5314374Z   2025-12-20: 2 problems
2026-10-05T09:23:33.8905211Z   2025-12-19: 2 problems
2026-10-05T09:23:34.2328067Z   2025-12-18: 2 problems
2026-10-05T09:23:34.7348308Z   2025-12-17: 2 problems
2026-10-05T09:23:35.5224574Z   2025-12-16: 2 problems
2026-10-05T09:23:35.9138508Z   2025-12-15: 2 problems
2026-10-05T09:23:36.1980910Z   2025-12-13: 2 problems
2026-10-05T09:23:36.4927388Z   2025-12-12: 2 problems
2026-10-05T09:23:36.8759149Z   2025-12-11: 2 problems
2026-10-05T09:23:37.2067560Z   2025-12-10: 2 problems
2026-10-05T09:23:37.5027050Z   2025-12-09: 2 problems
2026-10-05T09:23:37.7040737Z   2025-12-08: 2 problems
2026-10-05T09:23:38.0499636Z   2025-12-06: 2 problems
2026-10-05T09:23:38.3645434Z   2025-12-05: 2 problems
2026-10-05T09:23:38.6783819Z   2025-12-04: 2 problems
2026-10-05T09:23:38.9853537Z   2025-12-03: 2 problems
2026-10-05T09:23:39.4516299Z   2025-12-02: 2 problems
2026-10-05T09:23:39.7593498Z   2025-12-01: 2 problems
2026-10-05T09:23:40.0908690Z   2025-11-29: 2 problems
2026-10-05T09:23:40.4227454Z   2025-11-28: 2 problems
2026-10-05T09:23:40.7274938Z   2025-11-27: 2 problems
2026-10-05T09:23:41.0065039Z   2025-11-26: 2 problems
2026-10-05T09:23:41.3201210Z   2025-11-25: 2 problems
2026-10-05T09:23:41.6028208Z   2025-11-24: 2 problems
2026-10-05T09:23:41.9656320Z   2025-11-22: 2 problems
2026-10-05T09:23:42.2787175Z   2025-11-21: 2 problems
2026-10-05T09:23:42.6491118Z   2025-11-20: 2 problems
2026-10-05T09:23:42.9672356Z   2025-11-19: 2 problems
2026-10-05T09:23:43.2771854Z   2025-11-18: 2 problems
2026-10-05T09:23:43.5919309Z   2025-11-17: 2 problems
2026-10-05T09:23:43.8813300Z   2025-11-15: 2 problems
2026-10-05T09:23:44.1808702Z   2025-11-14: 2 problems
2026-10-05T09:23:44.4844396Z   2025-11-13: 2 problems
2026-10-05T09:23:44.8359808Z   2025-11-12: 2 problems
2026-10-05T09:23:45.2412425Z   2025-11-11: 2 problems
2026-10-05T09:23:45.5470171Z   2025-11-10: 2 problems
2026-10-05T09:23:45.8701330Z   2025-11-08: 2 problems
2026-10-05T09:23:46.2598136Z   2025-11-07: 2 problems
2026-10-05T09:23:46.5757038Z   2025-11-06: 2 problems
2026-10-05T09:23:46.9714356Z   2025-11-05: 2 problems
2026-10-05T09:23:47.2984413Z   2025-11-04: 2 problems
2026-10-05T09:23:47.6161072Z   2025-11-03: 2 problems
2026-10-05T09:23:47.9117655Z   2025-11-01: 2 problems
2026-10-05T09:23:48.1392850Z   2025-10-31: 2 problems
2026-10-05T09:23:48.4412882Z   2025-10-30: 2 problems
2026-10-05T09:23:48.7618885Z   2025-10-29: 2 problems
2026-10-05T09:23:49.1437203Z   2025-10-28: 2 problems
2026-10-05T09:23:50.8068520Z   2025-10-27: 2 problems
2026-10-05T09:23:52.2560067Z   2025-10-25: 2 problems
2026-10-05T09:23:53.8310737Z   2025-10-24: 2 problems
2026-10-05T09:23:54.6645733Z   2025-10-23: 2 problems
2026-10-05T09:23:55.5317521Z   2025-10-22: 2 problems
2026-10-05T09:23:56.3807843Z   2025-10-21: 2 problems
2026-10-05T09:23:57.2345103Z   2025-10-20: 2 problems
2026-10-05T09:23:58.1383483Z   2025-10-18: 2 problems
2026-10-05T09:23:59.0001825Z   2025-10-17: 2 problems
2026-10-05T09:23:59.8642407Z   2025-10-16: 2 problems
2026-10-05T09:24:00.7075028Z   2025-10-15: 2 problems
2026-10-05T09:24:01.5960672Z   2025-10-14: 2 problems
2026-10-05T09:24:02.4485443Z   2025-10-13: 2 problems
2026-10-05T09:24:03.3055175Z   2025-10-11: 2 problems
2026-10-05T09:24:04.5720260Z   2025-10-10: 2 problems
2026-10-05T09:24:05.4736871Z   2025-10-09: 2 problems
2026-10-05T09:24:06.3152047Z   2025-10-08: 2 problems
2026-10-05T09:24:07.2199912Z   2025-10-07: 2 problems
2026-10-05T09:24:08.0808608Z   2025-10-06: 2 problems
2026-10-05T09:24:09.3631942Z   2025-10-04: 2 problems
2026-10-05T09:24:10.3185250Z   2025-10-03: 2 problems
2026-10-05T09:24:11.2469758Z   2025-10-02: 2 problems
2026-10-05T09:24:12.1160892Z   2025-10-01: 2 problems
2026-10-05T09:24:12.9669469Z   2025-09-30: 2 problems
2026-10-05T09:24:14.2411238Z   2025-09-29: 2 problems
2026-10-05T09:24:15.0936407Z   2025-09-27: 2 problems
2026-10-05T09:24:15.9534868Z   2025-09-26: 2 problems
2026-10-05T09:24:16.8015614Z   2025-09-25: 2 problems
2026-10-05T09:24:17.6555975Z   2025-09-24: 2 problems
2026-10-05T09:24:18.5429308Z   2025-09-23: 2 problems
2026-10-05T09:24:19.3788653Z   2025-09-22: 2 problems
2026-10-05T09:24:20.2055475Z   2025-09-20: 2 problems
2026-10-05T09:24:21.0810426Z   2025-09-19: 2 problems
2026-10-05T09:24:22.3567297Z   2025-09-18: 2 problems
2026-10-05T09:24:23.2469367Z   2025-09-17: 2 problems
2026-10-05T09:24:24.1643281Z   2025-09-16: 2 problems
2026-10-05T09:24:25.0179603Z   2025-09-15: 2 problems
2026-10-05T09:24:25.8922232Z   2025-09-13: 2 problems
2026-10-05T09:24:26.8289627Z   2025-09-12: 2 problems
2026-10-05T09:24:27.6874666Z   2025-09-11: 2 problems
2026-10-05T09:24:29.0713318Z   2025-09-10: 2 problems
2026-10-05T09:24:29.9352261Z   2025-09-09: 2 problems
2026-10-05T09:24:30.8241467Z   2025-09-08: 2 problems
2026-10-05T09:24:31.6666869Z   2025-09-06: 2 problems
2026-10-05T09:24:32.5239128Z   2025-09-05: 2 problems
2026-10-05T09:24:33.3857661Z   2025-09-04: 2 problems
2026-10-05T09:24:34.2660283Z   2025-09-03: 2 problems
2026-10-05T09:24:35.1136617Z   2025-09-02: 2 problems
2026-10-05T09:24:36.0063462Z   2025-09-01: 2 problems
2026-10-05T09:24:36.8877134Z   2025-08-30: 2 problems
2026-10-05T09:24:37.7404198Z   2025-08-29: 2 problems
2026-10-05T09:24:38.6404635Z   2025-08-28: 2 problems
2026-10-05T09:24:39.5508307Z   2025-08-27: 2 problems
2026-10-05T09:24:40.4377800Z   2025-08-26: 2 problems
2026-10-05T09:24:41.2826237Z   2025-08-25: 2 problems
2026-10-05T09:24:42.1570956Z   2025-08-23: 2 problems
2026-10-05T09:24:42.9976212Z   2025-08-22: 2 problems
2026-10-05T09:24:43.8690077Z   2025-08-21: 2 problems
2026-10-05T09:24:44.7381492Z   2025-08-20: 2 problems
2026-10-05T09:24:45.6481284Z   2025-08-19: 2 problems
2026-10-05T09:24:46.7539296Z   2025-08-18: 2 problems
2026-10-05T09:24:47.6273481Z   2025-08-16: 2 problems
2026-10-05T09:24:48.4759041Z   2025-08-15: 2 problems
2026-10-05T09:24:49.3968148Z   2025-08-14: 2 problems
2026-10-05T09:24:50.2496932Z   2025-08-13: 2 problems
2026-10-05T09:24:51.1199983Z   2025-08-12: 2 problems
2026-10-05T09:24:51.9845182Z   2025-08-11: 2 problems
2026-10-05T09:24:52.8755391Z   2025-08-09: 2 problems
2026-10-05T09:24:53.7409349Z   2025-08-08: 2 problems
2026-10-05T09:24:54.6168906Z   2025-08-07: 2 problems
2026-10-05T09:24:55.4986604Z   2025-08-06: 2 problems
2026-10-05T09:24:56.4350698Z   2025-08-05: 2 problems
2026-10-05T09:24:57.2781689Z   2025-08-04: 2 problems
2026-10-05T09:24:58.1439371Z   2025-08-02: 2 problems
2026-10-05T09:24:59.0250337Z   2025-08-01: 2 problems
2026-10-05T09:24:59.9012967Z   2025-07-31: 2 problems
2026-10-05T09:25:00.7444767Z   2025-07-30: 2 problems
2026-10-05T09:25:01.5886083Z   2025-07-29: 2 problems
2026-10-05T09:25:02.4662656Z   2025-07-28: 2 problems
2026-10-05T09:25:03.3090776Z   2025-07-26: 2 problems
2026-10-05T09:25:04.1885931Z   2025-07-25: 2 problems
2026-10-05T09:25:05.0680052Z   2025-07-24: 2 problems
2026-10-05T09:25:05.9481111Z   2025-07-23: 2 problems
2026-10-05T09:25:07.0587240Z   2025-07-22: 2 problems
2026-10-05T09:25:07.8991875Z   2025-07-21: 2 problems
2026-10-05T09:25:08.7435341Z   2025-07-19: 2 problems
2026-10-05T09:25:09.6685569Z   2025-07-18: 2 problems
2026-10-05T09:25:10.6339985Z   2025-07-17: 2 problems
2026-10-05T09:25:11.4831674Z   2025-07-16: 2 problems
2026-10-05T09:25:12.3693225Z   2025-07-15: 2 problems
2026-10-05T09:25:13.2254858Z   2025-07-14: 2 problems
2026-10-05T09:25:14.0622383Z   2025-07-12: 2 problems
2026-10-05T09:25:14.9822095Z   2025-07-11: 2 problems
2026-10-05T09:25:15.8277094Z   2025-07-10: 2 problems
2026-10-05T09:25:16.6669876Z   2025-07-09: 2 problems
2026-10-05T09:25:17.5374230Z   2025-07-08: 2 problems
2026-10-05T09:25:18.4029264Z   2025-07-07: 2 problems
2026-10-05T09:25:19.3101987Z   2025-07-05: 2 problems
2026-10-05T09:25:20.1535652Z   2025-07-04: 2 problems
2026-10-05T09:25:21.0690003Z   2025-07-03: 2 problems
2026-10-05T09:25:21.9436311Z   2025-07-02: 2 problems
2026-10-05T09:25:22.8954172Z   2025-07-01: 2 problems
2026-10-05T09:25:23.8642341Z   2025-06-30: 2 problems
2026-10-05T09:25:24.7041157Z   2025-06-28: 2 problems
2026-10-05T09:25:25.5728965Z   2025-06-27: 2 problems
2026-10-05T09:25:26.4097015Z   2025-06-26: 2 problems
2026-10-05T09:25:27.2679465Z   2025-06-25: 2 problems
2026-10-05T09:25:28.1362797Z   2025-06-24: 2 problems
2026-10-05T09:25:29.0557013Z   2025-06-23: 2 problems
2026-10-05T09:25:29.6191949Z   2025-06-21: 2 problems
2026-10-05T09:25:30.4981660Z   2025-06-20: 2 problems
2026-10-05T09:25:31.3567277Z   2025-06-19: 2 problems
2026-10-05T09:25:32.2309590Z   2025-06-18: 2 problems
2026-10-05T09:25:33.0897141Z   2025-06-17: 2 problems
2026-10-05T09:25:33.9493313Z   2025-06-16: 2 problems
2026-10-05T09:25:34.7864840Z   2025-06-14: 2 problems
2026-10-05T09:25:35.6456981Z   2025-06-13: 2 problems
2026-10-05T09:25:36.5256602Z   2025-06-12: 2 problems
2026-10-05T09:25:37.3974147Z   2025-06-11: 2 problems
2026-10-05T09:25:38.2746843Z   2025-06-10: 2 problems
2026-10-05T09:25:39.1240629Z   2025-06-09: 2 problems
2026-10-05T09:25:39.9550477Z   2025-06-07: 2 problems
2026-10-05T09:25:40.8206787Z   2025-06-06: 2 problems
2026-10-05T09:25:41.6790065Z   2025-06-05: 2 problems
2026-10-05T09:25:42.5344808Z   2025-06-04: 2 problems
2026-10-05T09:25:43.3865356Z   2025-06-03: 2 problems
2026-10-05T09:25:44.3853347Z   2025-06-02: 2 problems
2026-10-05T09:25:45.2679226Z   2025-05-31: 2 problems
2026-10-05T09:25:46.1533320Z   2025-05-30: 2 problems
2026-10-05T09:25:47.0034123Z   2025-05-29: 2 problems
2026-10-05T09:25:47.9148931Z   2025-05-28: 2 problems
2026-10-05T09:25:48.7466914Z   2025-05-27: 2 problems
2026-10-05T09:25:49.6247285Z   2025-05-26: 2 problems
2026-10-05T09:25:50.4687739Z   2025-05-24: 2 problems
2026-10-05T09:25:51.3107124Z   2025-05-23: 2 problems
2026-10-05T09:25:52.1927222Z   2025-05-22: 2 problems
2026-10-05T09:25:53.0400289Z   2025-05-21: 2 problems
2026-10-05T09:25:54.2818312Z   2025-05-20: 2 problems
2026-10-05T09:25:55.2158332Z   2025-05-19: 2 problems
2026-10-05T09:25:56.1145533Z   2025-05-17: 2 problems
2026-10-05T09:25:56.9604576Z   2025-05-16: 2 problems
2026-10-05T09:25:57.8199389Z   2025-05-15: 2 problems
2026-10-05T09:25:58.6789396Z   2025-05-14: 2 problems
2026-10-05T09:25:59.5383251Z   2025-05-13: 2 problems
2026-10-05T09:26:00.4084138Z   2025-05-12: 2 problems
2026-10-05T09:26:01.2606754Z   2025-05-10: 2 problems
2026-10-05T09:26:02.1037919Z   2025-05-09: 2 problems
2026-10-05T09:26:02.9729270Z   2025-05-08: 2 problems
2026-10-05T09:26:03.8224260Z   2025-05-07: 2 problems
2026-10-05T09:26:04.6647567Z   2025-05-06: 2 problems
2026-10-05T09:26:05.5124987Z   2025-05-05: 2 problems
2026-10-05T09:26:06.3901218Z   2025-05-03: 2 problems
2026-10-05T09:26:07.2521339Z   2025-05-02: 2 problems
2026-10-05T09:26:08.1414673Z   2025-05-01: 2 problems
2026-10-05T09:26:09.0238199Z   2025-04-30: 2 problems
2026-10-05T09:26:09.8966901Z   2025-04-29: 2 problems
2026-10-05T09:26:10.7645692Z   2025-04-28: 2 problems
2026-10-05T09:26:11.6453845Z   2025-04-26: 2 problems
2026-10-05T09:26:12.5335914Z   2025-04-25: 2 problems
2026-10-05T09:26:13.3897342Z   2025-04-24: 2 problems
2026-10-05T09:26:14.7056923Z   2025-04-23: 2 problems
2026-10-05T09:26:15.5995396Z   2025-04-22: 2 problems
2026-10-05T09:26:16.4836380Z   2025-04-21: 2 problems
2026-10-05T09:26:17.3137063Z   2025-04-19: 2 problems
2026-10-05T09:26:18.2508392Z   2025-04-18: 2 problems
2026-10-05T09:26:19.0882132Z   2025-04-17: 2 problems
2026-10-05T09:26:19.9527675Z   2025-04-16: 2 problems
2026-10-05T09:26:20.7913191Z   2025-04-15: 2 problems
2026-10-05T09:26:21.7366669Z   2025-04-14: 2 problems
2026-10-05T09:26:22.5875498Z   2025-04-12: 2 problems
2026-10-05T09:26:23.4797213Z   2025-04-11: 2 problems
2026-10-05T09:26:24.3420920Z   2025-04-10: 2 problems
2026-10-05T09:26:25.2110275Z   2025-04-09: 2 problems
2026-10-05T09:26:26.0925808Z   2025-04-08: 2 problems
2026-10-05T09:26:26.9475942Z   2025-04-07: 2 problems
2026-10-05T09:26:27.8111615Z   2025-04-05: 2 problems
2026-10-05T09:26:28.8283832Z   2025-04-04: 2 problems
2026-10-05T09:26:30.3083749Z   2025-04-03: 2 problems
2026-10-05T09:26:31.1465988Z   2025-04-02: 2 problems
2026-10-05T09:26:32.0368724Z   2025-04-01: 2 problems
2026-10-05T09:26:32.9060387Z   2025-03-31: 2 problems
2026-10-05T09:26:33.7712950Z   2025-03-29: 2 problems
2026-10-05T09:26:34.6558719Z   2025-03-28: 2 problems
2026-10-05T09:26:35.5633521Z   2025-03-27: 2 problems
2026-10-05T09:26:36.4592927Z   2025-03-26: 2 problems
2026-10-05T09:26:37.3138301Z   2025-03-25: 2 problems
2026-10-05T09:26:38.2772011Z   2025-03-24: 2 problems
2026-10-05T09:26:39.1189881Z   2025-03-22: 2 problems
2026-10-05T09:26:39.9804027Z   2025-03-21: 2 problems
2026-10-05T09:26:40.8952734Z   2025-03-20: 2 problems
2026-10-05T09:26:41.7518303Z   2025-03-19: 2 problems
2026-10-05T09:26:42.6242645Z   2025-03-18: 2 problems
2026-10-05T09:26:43.4963997Z   2025-03-17: 2 problems
2026-10-05T09:26:44.3806303Z   2025-03-15: 2 problems
2026-10-05T09:26:45.2319625Z   2025-03-14: 2 problems
2026-10-05T09:26:46.2455612Z   2025-03-13: 2 problems
2026-10-05T09:26:47.1093678Z   2025-03-12: 2 problems
2026-10-05T09:26:47.9648519Z   2025-03-11: 2 problems
2026-10-05T09:26:48.7892597Z   2025-03-10: 2 problems
2026-10-05T09:26:49.7265116Z   2025-03-08: 2 problems
2026-10-05T09:26:50.5860618Z   2025-03-07: 2 problems
2026-10-05T09:26:51.4460104Z   2025-03-06: 2 problems
2026-10-05T09:26:52.3343297Z   2025-03-05: 2 problems
2026-10-05T09:26:53.2252622Z   2025-03-04: 2 problems
2026-10-05T09:26:54.1168651Z   2025-03-03: 2 problems
2026-10-05T09:26:54.9669033Z   2025-03-01: 2 problems
2026-10-05T09:26:55.8597522Z   2025-02-28: 2 problems
2026-10-05T09:26:56.7144895Z   2025-02-27: 2 problems
2026-10-05T09:26:57.5565821Z   2025-02-26: 2 problems
2026-10-05T09:26:58.9321580Z   2025-02-25: 2 problems
2026-10-05T09:26:59.8378628Z   2025-02-24: 2 problems
2026-10-05T09:27:00.7705584Z   2025-02-22: 2 problems
2026-10-05T09:27:01.6286149Z   2025-02-21: 2 problems
2026-10-05T09:27:02.4714517Z   2025-02-20: 2 problems
2026-10-05T09:27:03.3576651Z   2025-02-19: 2 problems
2026-10-05T09:27:04.2392388Z   2025-02-18: 2 problems
2026-10-05T09:27:05.0876812Z   2025-02-17: 2 problems
2026-10-05T09:27:05.9459586Z   2025-02-15: 2 problems
2026-10-05T09:27:06.8115397Z   2025-02-14: 2 problems
2026-10-05T09:27:07.6894073Z   2025-02-13: 2 problems
2026-10-05T09:27:08.5797145Z   2025-02-12: 2 problems
2026-10-05T09:27:09.4643148Z   2025-02-11: 2 problems
2026-10-05T09:27:10.3471582Z   2025-02-10: 2 problems
2026-10-05T09:27:11.2865167Z   2025-02-08: 2 problems
2026-10-05T09:27:12.1731465Z   2025-02-07: 2 problems
2026-10-05T09:27:13.0205617Z   2025-02-06: 2 problems
2026-10-05T09:27:13.8787805Z   2025-02-05: 2 problems
2026-10-05T09:27:14.7258174Z   2025-02-04: 2 problems
2026-10-05T09:27:15.5926865Z   2025-02-03: 2 problems
2026-10-05T09:27:16.4518997Z   2025-02-01: 2 problems
2026-10-05T09:27:17.3688676Z   2025-01-31: 2 problems
2026-10-05T09:27:18.2129578Z   2025-01-30: 2 problems
2026-10-05T09:27:19.1217572Z   2025-01-29: 2 problems
2026-10-05T09:27:20.0129930Z   2025-01-28: 2 problems
2026-10-05T09:27:20.8860887Z   2025-01-27: 2 problems
2026-10-05T09:27:21.7453363Z   2025-01-25: 2 problems
2026-10-05T09:27:22.6220500Z   2025-01-24: 2 problems
2026-10-05T09:27:23.4897628Z   2025-01-23: 2 problems
2026-10-05T09:27:24.3509743Z   2025-01-22: 2 problems
2026-10-05T09:27:25.2346452Z   2025-01-21: 2 problems
2026-10-05T09:27:26.1138932Z   2025-01-20: 2 problems
2026-10-05T09:27:26.9921436Z   2025-01-18: 2 problems
2026-10-05T09:27:27.8701632Z   2025-01-17: 2 problems
2026-10-05T09:27:28.7356564Z   2025-01-16: 2 problems
2026-10-05T09:27:29.6069547Z   2025-01-15: 2 problems
2026-10-05T09:27:30.4848214Z   2025-01-14: 2 problems
2026-10-05T09:27:31.3513484Z   2025-01-13: 2 problems
2026-10-05T09:27:32.2638903Z   2025-01-11: 2 problems
2026-10-05T09:27:33.1165820Z   2025-01-10: 2 problems
2026-10-05T09:27:33.9638279Z   2025-01-09: 2 problems
2026-10-05T09:27:34.8308863Z   2025-01-08: 2 problems
2026-10-05T09:27:35.7261581Z   2025-01-07: 2 problems
2026-10-05T09:27:36.6024301Z   2025-01-06: 2 problems
2026-10-05T09:27:37.5455845Z   2025-01-04: 2 problems
2026-10-05T09:27:38.4610861Z   2025-01-03: 2 problems
2026-10-05T09:27:39.3467903Z   2025-01-02: 2 problems
2026-10-05T09:27:40.2124447Z   2025-01-01: 2 problems
2026-10-05T09:27:41.0800158Z   2024-12-31: 2 problems
2026-10-05T09:27:41.9442594Z   2024-12-30: 2 problems
2026-10-05T09:27:43.0769978Z   2024-12-28: 2 problems
2026-10-05T09:27:43.9094294Z   2024-12-27: 2 problems
2026-10-05T09:27:44.7843416Z   2024-12-26: 2 problems
2026-10-05T09:27:45.7067486Z   2024-12-25: 2 problems
2026-10-05T09:27:46.5578790Z   2024-12-24: 2 problems
2026-10-05T09:27:47.4306785Z   2024-12-23: 2 problems
2026-10-05T09:27:48.2777242Z   2024-12-21: 2 problems
2026-10-05T09:27:49.1138726Z   2024-12-20: 2 problems
2026-10-05T09:27:49.9783032Z   2024-12-19: 2 problems
2026-10-05T09:27:50.8212628Z   2024-12-18: 2 problems
2026-10-05T09:27:51.6981228Z   2024-12-17: 2 problems
2026-10-05T09:27:52.6435626Z   2024-12-16: 2 problems
2026-10-05T09:27:53.4961506Z   2024-12-14: 2 problems
2026-10-05T09:27:54.3678677Z   2024-12-13: 2 problems
2026-10-05T09:27:55.2074561Z   2024-12-12: 2 problems
2026-10-05T09:27:56.0773506Z   2024-12-11: 2 problems
2026-10-05T09:27:56.9211835Z   2024-12-10: 2 problems
2026-10-05T09:27:57.7788468Z   2024-12-09: 2 problems
2026-10-05T09:27:58.6480901Z   2024-12-07: 2 problems
2026-10-05T09:27:59.5226902Z   2024-12-06: 2 problems
2026-10-05T09:28:00.4322935Z   2024-12-05: 2 problems
2026-10-05T09:28:01.4170995Z   2024-12-04: 2 problems
2026-10-05T09:28:02.3063826Z   2024-12-03: 2 problems
2026-10-05T09:28:03.1676866Z   2024-12-02: 2 problems
2026-10-05T09:28:04.1406919Z   2024-11-30: 2 problems
2026-10-05T09:28:05.0110651Z   2024-11-29: 2 problems
2026-10-05T09:28:05.9066171Z   2024-11-28: 2 problems
2026-10-05T09:28:06.7489420Z   2024-11-27: 2 problems
2026-10-05T09:28:07.6387746Z   2024-11-26: 2 problems
2026-10-05T09:28:08.5671813Z   2024-11-25: 2 problems
2026-10-05T09:28:09.4356151Z   2024-11-23: 2 problems
2026-10-05T09:28:10.3054463Z   2024-11-22: 2 problems
2026-10-05T09:28:10.8869897Z   2024-11-21: 2 problems
2026-10-05T09:28:11.7490974Z   2024-11-20: 2 problems
2026-10-05T09:28:12.6282665Z   2024-11-19: 2 problems
2026-10-05T09:28:13.5234875Z   2024-11-18: 2 problems
2026-10-05T09:28:14.3814473Z   2024-11-16: 2 problems
2026-10-05T09:28:15.2634666Z   2024-11-15: 2 problems
2026-10-05T09:28:16.4578664Z   2024-11-14: 2 problems
2026-10-05T09:28:17.3969470Z   2024-11-13: 2 problems
2026-10-05T09:28:18.2856922Z   2024-11-12: 2 problems
2026-10-05T09:28:19.1729886Z   2024-11-11: 2 problems
2026-10-05T09:28:20.0205375Z   2024-11-09: 2 problems
2026-10-05T09:28:20.8666762Z   2024-11-08: 2 problems
2026-10-05T09:28:21.7552276Z   2024-11-07: 2 problems
2026-10-05T09:28:22.6445689Z   2024-11-06: 2 problems
2026-10-05T09:28:23.4973991Z   2024-11-05: 2 problems
2026-10-05T09:28:24.3801918Z   2024-11-04: 2 problems
2026-10-05T09:28:25.2532735Z   2024-11-02: 2 problems
2026-10-05T09:28:26.1059922Z   2024-11-01: 2 problems
2026-10-05T09:28:26.9602169Z   2024-10-31: 2 problems
2026-10-05T09:28:27.8027665Z   2024-10-30: 2 problems
2026-10-05T09:28:28.7137545Z   2024-10-29: 2 problems
2026-10-05T09:28:29.5598549Z   2024-10-28: 2 problems
2026-10-05T09:28:30.4167541Z   2024-10-26: 2 problems
2026-10-05T09:28:31.3481169Z   2024-10-25: 2 problems
2026-10-05T09:28:32.3122756Z   2024-10-24: 2 problems
2026-10-05T09:28:33.1618897Z   2024-10-23: 2 problems
2026-10-05T09:28:34.0448114Z   2024-10-22: 2 problems
2026-10-05T09:28:34.8852631Z   2024-10-21: 2 problems
2026-10-05T09:28:35.7224502Z   2024-10-19: 2 problems
2026-10-05T09:28:36.5775051Z   2024-10-18: 2 problems
2026-10-05T09:28:37.4496268Z   2024-10-17: 2 problems
2026-10-05T09:28:38.3212385Z   2024-10-16: 2 problems
2026-10-05T09:28:39.5882621Z   2024-10-15: 2 problems
2026-10-05T09:28:40.4774645Z   2024-10-14: 2 problems
2026-10-05T09:28:41.3466179Z   2024-10-12: 2 problems
2026-10-05T09:28:42.2336815Z   2024-10-11: 2 problems
2026-10-05T09:28:43.1039873Z   2024-10-10: 2 problems
2026-10-05T09:28:43.9992931Z   2024-10-09: 2 problems
2026-10-05T09:28:44.8764090Z   2024-10-08: 2 problems
2026-10-05T09:28:45.7173929Z   2024-10-07: 2 problems
2026-10-05T09:28:46.5968525Z   2024-10-05: 2 problems
2026-10-05T09:28:47.8683288Z   2024-10-04: 2 problems
2026-10-05T09:28:48.7702225Z   2024-10-03: 2 problems
2026-10-05T09:28:49.6359141Z   2024-10-02: 2 problems
2026-10-05T09:28:50.6206541Z   2024-10-01: 2 problems
2026-10-05T09:28:51.4705123Z   2024-09-30: 2 problems
2026-10-05T09:28:52.3145487Z   2024-09-28: 2 problems
2026-10-05T09:28:53.1924120Z   2024-09-27: 2 problems
2026-10-05T09:28:54.0388630Z   2024-09-26: 2 problems
2026-10-05T09:28:54.9107355Z   2024-09-25: 2 problems
2026-10-05T09:28:55.4668495Z   2024-09-24: 2 problems
2026-10-05T09:28:56.3421930Z   2024-09-23: 2 problems
2026-10-05T09:28:57.2212423Z   2024-09-21: 2 problems
2026-10-05T09:28:58.0832374Z   2024-09-20: 2 problems
2026-10-05T09:28:58.9271951Z   2024-09-19: 2 problems
2026-10-05T09:28:59.7833124Z   2024-09-18: 2 problems
2026-10-05T09:29:00.6525391Z   2024-09-17: 2 problems
2026-10-05T09:29:01.6025227Z   2024-09-16: 2 problems
2026-10-05T09:29:02.4592674Z   2024-09-14: 2 problems
2026-10-05T09:29:03.3662213Z   2024-09-13: 2 problems
2026-10-05T09:29:04.2345007Z   2024-09-12: 2 problems
2026-10-05T09:29:05.2646225Z   2024-09-11: 2 problems
2026-10-05T09:29:06.1820550Z   2024-09-10: 2 problems
2026-10-05T09:29:07.0317673Z   2024-09-09: 2 problems
2026-10-05T09:29:07.8819623Z   2024-09-07: 2 problems
2026-10-05T09:29:08.7279859Z   2024-09-06: 2 problems
2026-10-05T09:29:09.6718980Z   2024-09-05: 2 problems
2026-10-05T09:29:10.5474744Z   2024-09-04: 2 problems
2026-10-05T09:29:11.4312419Z   2024-09-03: 2 problems
2026-10-05T09:29:12.3079000Z   2024-09-02: 2 problems
2026-10-05T09:29:13.1485578Z   2024-08-31: 2 problems
2026-10-05T09:29:14.0490292Z   2024-08-30: 2 problems
2026-10-05T09:29:14.9057487Z   2024-08-29: 2 problems
2026-10-05T09:29:15.8230451Z   2024-08-28: 2 problems
2026-10-05T09:29:16.6767260Z   2024-08-27: 2 problems
2026-10-05T09:29:17.5516523Z   2024-08-26: 2 problems
2026-10-05T09:29:18.4391430Z   2024-08-24: 2 problems
2026-10-05T09:29:19.3191945Z   2024-08-23: 2 problems
2026-10-05T09:29:20.1943524Z   2024-08-22: 2 problems
2026-10-05T09:29:21.0431432Z   2024-08-21: 2 problems
2026-10-05T09:29:21.8876207Z   2024-08-20: 2 problems
2026-10-05T09:29:22.8046868Z   2024-08-19: 2 problems
2026-10-05T09:29:23.7178163Z   2024-08-17: 2 problems
2026-10-05T09:29:24.5811400Z   2024-08-16: 2 problems
2026-10-05T09:29:25.5058604Z   2024-08-15: 2 problems
2026-10-05T09:29:26.3597729Z   2024-08-14: 2 problems
2026-10-05T09:29:27.2428005Z   2024-08-13: 2 problems
2026-10-05T09:29:28.1214139Z   2024-08-12: 2 problems
2026-10-05T09:29:28.9815850Z   2024-08-10: 2 problems
2026-10-05T09:29:29.8442897Z   2024-08-09: 2 problems
2026-10-05T09:29:30.6911651Z   2024-08-08: 2 problems
2026-10-05T09:29:31.5695271Z   2024-08-07: 2 problems
2026-10-05T09:29:32.4364072Z   2024-08-06: 2 problems
2026-10-05T09:29:33.2887596Z   2024-08-05: 2 problems
2026-10-05T09:29:34.1609113Z   2024-08-03: 2 problems
2026-10-05T09:29:35.0353048Z   2024-08-02: 2 problems
2026-10-05T09:29:35.8650667Z   2024-08-01: 2 problems
2026-10-05T09:29:36.7311020Z   2024-07-31: 2 problems
2026-10-05T09:29:37.7024014Z   2024-07-30: 2 problems
2026-10-05T09:29:38.6628272Z   2024-07-29: 2 problems
2026-10-05T09:29:39.4989223Z   2024-07-27: 2 problems
2026-10-05T09:29:40.3603156Z   2024-07-26: 2 problems
2026-10-05T09:29:41.6365643Z   2024-07-25: 2 problems
2026-10-05T09:29:42.4737769Z   2024-07-24: 2 problems
2026-10-05T09:29:43.3540440Z   2024-07-23: 2 problems
2026-10-05T09:29:44.2488756Z   2024-07-22: 2 problems
2026-10-05T09:29:45.1069072Z   2024-07-20: 2 problems
2026-10-05T09:29:45.9765739Z   2024-07-19: 2 problems
2026-10-05T09:29:46.8357467Z   2024-07-18: 2 problems
2026-10-05T09:29:47.6996252Z   2024-07-17: 2 problems
2026-10-05T09:29:48.5909724Z   2024-07-16: 2 problems
2026-10-05T09:29:49.4345297Z   2024-07-15: 2 problems
2026-10-05T09:29:50.2813868Z   2024-07-13: 2 problems
2026-10-05T09:29:50.8666639Z   2024-07-12: 2 problems
2026-10-05T09:29:51.7426966Z   2024-07-11: 2 problems
2026-10-05T09:29:52.5796912Z   2024-07-10: 2 problems
2026-10-05T09:29:53.4631117Z   2024-07-09: 2 problems
2026-10-05T09:29:54.3335808Z   2024-07-08: 2 problems
2026-10-05T09:29:55.2288265Z   2024-07-06: 2 problems
2026-10-05T09:29:56.0971477Z   2024-07-05: 2 problems
2026-10-05T09:29:57.0099083Z   2024-07-04: 2 problems
2026-10-05T09:29:57.8887787Z   2024-07-03: 2 problems
2026-10-05T09:29:58.7665814Z   2024-07-02: 2 problems
2026-10-05T09:29:59.6170401Z   2024-07-01: 2 problems
2026-10-05T09:30:00.4907827Z   2024-06-29: 2 problems
2026-10-05T09:30:01.3719171Z   2024-06-28: 2 problems
2026-10-05T09:30:02.2377691Z   2024-06-27: 2 problems
2026-10-05T09:30:03.0764829Z   2024-06-26: 2 problems
2026-10-05T09:30:03.9041434Z   2024-06-25: 2 problems
2026-10-05T09:30:04.7940552Z   2024-06-24: 2 problems
2026-10-05T09:30:05.7476770Z   2024-06-22: 2 problems
2026-10-05T09:30:06.6082479Z   2024-06-21: 2 problems
2026-10-05T09:30:07.7451274Z   2024-06-20: 2 problems
2026-10-05T09:30:08.6003092Z   2024-06-19: 2 problems
2026-10-05T09:30:09.5447219Z   2024-06-18: 2 problems
2026-10-05T09:30:10.5530346Z   2024-06-17: 2 problems
2026-10-05T09:30:11.4249667Z   2024-06-15: 2 problems
2026-10-05T09:30:12.3520541Z   2024-06-14: 2 problems
2026-10-05T09:30:13.2163217Z   2024-06-13: 2 problems
2026-10-05T09:30:14.1674483Z   2024-06-12: 2 problems
2026-10-05T09:30:15.0192795Z   2024-06-11: 2 problems
2026-10-05T09:30:15.8661972Z   2024-06-10: 2 problems
2026-10-05T09:30:16.7409950Z   2024-06-08: 2 problems
2026-10-05T09:30:17.6069380Z   2024-06-07: 2 problems
2026-10-05T09:30:18.5252007Z   2024-06-06: 2 problems
2026-10-05T09:30:19.3536360Z   2024-06-05: 2 problems
2026-10-05T09:30:20.2107532Z   2024-06-04: 2 problems
2026-10-05T09:30:21.0682448Z   2024-06-03: 2 problems
2026-10-05T09:30:21.9522321Z   2024-06-01: 2 problems
2026-10-05T09:30:22.8481173Z   2024-05-31: 2 problems
2026-10-05T09:30:23.6965403Z   2024-05-30: 2 problems
2026-10-05T09:30:24.6129800Z   2024-05-29: 2 problems
2026-10-05T09:30:25.4980118Z   2024-05-28: 2 problems
2026-10-05T09:30:26.3795632Z   2024-05-27: 2 problems
2026-10-05T09:30:27.2872876Z   2024-05-25: 2 problems
2026-10-05T09:30:28.1569343Z   2024-05-24: 2 problems
2026-10-05T09:30:29.0711691Z   2024-05-23: 2 problems
2026-10-05T09:30:29.9486744Z   2024-05-22: 2 problems
2026-10-05T09:30:31.2377198Z   2024-05-21: 2 problems
2026-10-05T09:30:32.1142752Z   2024-05-20: 2 problems
2026-10-05T09:30:32.9958879Z   2024-05-18: 2 problems
2026-10-05T09:30:33.8473769Z   2024-05-17: 2 problems
2026-10-05T09:30:34.7301698Z   2024-05-16: 2 problems
2026-10-05T09:30:35.6244959Z   2024-05-15: 2 problems
2026-10-05T09:30:36.5760524Z   2024-05-14: 2 problems
2026-10-05T09:30:37.6755994Z   2024-05-13: 2 problems
2026-10-05T09:30:38.5419461Z   2024-05-11: 2 problems
2026-10-05T09:30:39.4879628Z   2024-05-10: 2 problems
2026-10-05T09:30:40.3617529Z   2024-05-09: 2 problems
2026-10-05T09:30:41.3546232Z   2024-05-08: 2 problems
2026-10-05T09:30:42.2408575Z   2024-05-07: 2 problems
2026-10-05T09:30:43.1877505Z   2024-05-06: 2 problems
2026-10-05T09:30:44.0437619Z   2024-05-04: 2 problems
2026-10-05T09:30:44.9093134Z   2024-05-03: 2 problems
2026-10-05T09:30:45.7926109Z   2024-05-02: 2 problems
2026-10-05T09:30:46.6536858Z   2024-05-01: 2 problems
2026-10-05T09:30:47.5399818Z   2024-04-30: 2 problems
2026-10-05T09:30:48.4756096Z   2024-04-29: 2 problems
2026-10-05T09:30:49.4986344Z   2024-04-27: 2 problems
2026-10-05T09:30:50.3848221Z   2024-04-26: 2 problems
2026-10-05T09:30:51.2655657Z   2024-04-25: 2 problems
2026-10-05T09:30:52.1576311Z   2024-04-24: 2 problems
2026-10-05T09:30:53.0314963Z   2024-04-23: 2 problems
2026-10-05T09:30:54.0117759Z   2024-04-22: 2 problems
2026-10-05T09:30:54.8675968Z   2024-04-20: 2 problems
2026-10-05T09:30:55.7311196Z   2024-04-19: 2 problems
2026-10-05T09:30:56.5957214Z   2024-04-18: 2 problems
2026-10-05T09:30:57.4226088Z   2024-04-17: 2 problems
2026-10-05T09:30:58.2844902Z   2024-04-16: 2 problems
2026-10-05T09:30:59.1695421Z   2024-04-15: 2 problems
2026-10-05T09:31:00.0318722Z   2024-04-13: 2 problems
2026-10-05T09:31:00.8744665Z   2024-04-12: 2 problems
2026-10-05T09:31:01.7375949Z   2024-04-11: 2 problems
2026-10-05T09:31:02.6220098Z   2024-04-10: 2 problems
2026-10-05T09:31:03.4862739Z   2024-04-09: 2 problems
2026-10-05T09:31:04.3935279Z   2024-04-08: 2 problems
2026-10-05T09:31:05.3005373Z   2024-04-06: 2 problems
2026-10-05T09:31:06.1881928Z   2024-04-05: 2 problems
2026-10-05T09:31:07.0255767Z   2024-04-04: 2 problems
2026-10-05T09:31:07.9060299Z   2024-04-03: 2 problems
2026-10-05T09:31:08.7912795Z   2024-04-02: 2 problems
2026-10-05T09:31:09.6776724Z   2024-04-01: 2 problems
2026-10-05T09:31:10.6220245Z   2024-03-30: 2 problems
2026-10-05T09:31:11.5100781Z   2024-03-29: 2 problems
2026-10-05T09:31:12.3912883Z   2024-03-28: 2 problems
2026-10-05T09:31:13.2442606Z   2024-03-27: 2 problems
2026-10-05T09:31:14.1696847Z   2024-03-26: 2 problems
2026-10-05T09:31:15.0159553Z   2024-03-25: 2 problems
2026-10-05T09:31:15.8942272Z   2024-03-23: 2 problems
2026-10-05T09:31:16.7762904Z   2024-03-22: 2 problems
2026-10-05T09:31:17.6611016Z   2024-03-21: 2 problems
2026-10-05T09:31:18.5035262Z   2024-03-20: 2 problems
2026-10-05T09:31:19.3974532Z   2024-03-19: 2 problems
2026-10-05T09:31:20.2651476Z   2024-03-18: 2 problems
2026-10-05T09:31:21.1499690Z   2024-03-16: 2 problems
2026-10-05T09:31:22.0326961Z   2024-03-15: 2 problems
2026-10-05T09:31:22.9044568Z   2024-03-14: 2 problems
2026-10-05T09:31:23.7936473Z   2024-03-13: 2 problems
2026-10-05T09:31:24.6772602Z   2024-03-12: 2 problems
2026-10-05T09:31:25.5614360Z   2024-03-11: 2 problems
2026-10-05T09:31:26.4500729Z   2024-03-09: 2 problems
2026-10-05T09:31:27.2884870Z   2024-03-08: 2 problems
2026-10-05T09:31:28.1600679Z   2024-03-07: 2 problems
2026-10-05T09:31:29.0168733Z   2024-03-06: 2 problems
2026-10-05T09:31:29.9339579Z   2024-03-05: 2 problems
2026-10-05T09:31:30.8157561Z   2024-03-04: 2 problems
2026-10-05T09:31:31.6989905Z   2024-03-02: 2 problems
2026-10-05T09:31:32.5778817Z   2024-03-01: 2 problems
2026-10-05T09:31:33.4955450Z   2024-02-29: 2 problems
2026-10-05T09:31:34.4049794Z   2024-02-28: 2 problems
2026-10-05T09:31:35.2690510Z   2024-02-27: 2 problems
2026-10-05T09:31:36.1584437Z   2024-02-26: 2 problems
2026-10-05T09:31:36.1586395Z Building categories...
2026-10-05T09:31:43.9956995Z Wrote /home/runner/work/ys_problem_web/ys_problem_web/data/daily.json (814 days, 21 categories).
2026-10-05T09:31:43.9957575Z Syncing leaderboard (records.js from gh-pages)...
2026-10-05T09:31:44.2871121Z   ✓ 361 players, data through 2026-10-03
2026-10-05T09:31:44.3031418Z ##[group]Run if [ -n "df9be3de0702598c38dbeac536ac5b3462bf957c" ]; then
2026-10-05T09:31:44.3031820Z [36;1mif [ -n "df9be3de0702598c38dbeac536ac5b3462bf957c" ]; then[0m
2026-10-05T09:31:44.3032183Z [36;1m  echo "df9be3de0702598c38dbeac536ac5b3462bf957c" > data/.upstream-sha[0m
2026-10-05T09:31:44.3032484Z [36;1mfi[0m
2026-10-05T09:31:44.3086586Z shell: /usr/bin/bash -e {0}
2026-10-05T09:31:44.3086802Z ##[endgroup]
2026-10-05T09:31:44.3177875Z ##[group]Run git config user.name "github-actions[bot]"
2026-10-05T09:31:44.3178224Z [36;1mgit config user.name "github-actions[bot]"[0m
2026-10-05T09:31:44.3178573Z [36;1mgit config user.email "41898282+github-actions[bot]@users.noreply.github.com"[0m
2026-10-05T09:31:44.3178896Z [36;1mgit add data/[0m
2026-10-05T09:31:44.3179107Z [36;1mif ! git diff --cached --quiet; then[0m
2026-10-05T09:31:44.3179384Z [36;1m  git commit -m "chore: sync daily problems data"[0m
2026-10-05T09:31:44.3179631Z [36;1mfi[0m
2026-10-05T09:31:44.3179875Z [36;1m# A repair batch runs ~45 min; anything pushed to main in that[0m
2026-10-05T09:31:44.3180227Z [36;1m# window (local work, the log job) rejects the push. Rebase over[0m
2026-10-05T09:31:44.3180519Z [36;1m# it and retry a few times.[0m
2026-10-05T09:31:44.3180724Z [36;1mfor i in 1 2 3; do[0m
2026-10-05T09:31:44.3180955Z [36;1m  if git pull --rebase origin main && git push; then[0m
2026-10-05T09:31:44.3181226Z [36;1m    exit 0[0m
2026-10-05T09:31:44.3181392Z [36;1m  fi[0m
2026-10-05T09:31:44.3181604Z [36;1m  echo "push attempt $i failed, retrying after rebase"[0m
2026-10-05T09:31:44.3181857Z [36;1m  sleep 15[0m
2026-10-05T09:31:44.3182029Z [36;1mdone[0m
2026-10-05T09:31:44.3182182Z [36;1mexit 1[0m
2026-10-05T09:31:44.3229886Z shell: /usr/bin/bash -e {0}
2026-10-05T09:31:44.3230099Z ##[endgroup]
2026-10-05T09:31:44.6211631Z [main 57a2c76] chore: sync daily problems data
2026-10-05T09:31:44.6212156Z  11 files changed, 239 insertions(+), 121 deletions(-)
2026-10-05T09:31:45.0155416Z From https://github.com/Sam5440/ys_problem_web
2026-10-05T09:31:45.0155833Z  * branch            main       -> FETCH_HEAD
2026-10-05T09:31:45.0244831Z Current branch main is up to date.
2026-10-05T09:31:47.5111084Z To https://github.com/Sam5440/ys_problem_web
2026-10-05T09:31:47.5111409Z    1070c2a..57a2c76  main -> main
2026-10-05T09:31:47.5249267Z Post job cleanup.
2026-10-05T09:31:47.5967260Z [command]/usr/bin/git version
2026-10-05T09:31:47.6004070Z git version 2.55.0
2026-10-05T09:31:47.6036406Z Temporarily overriding HOME='/home/runner/work/_temp/bc0066c0-eaa6-4d8c-b14b-41e0b3bb5e73' before making global git config changes
2026-10-05T09:31:47.6037632Z Adding repository directory to the temporary git global config as a safe directory
2026-10-05T09:31:47.6040619Z [command]/usr/bin/git config --global --add safe.directory /home/runner/work/ys_problem_web/ys_problem_web
2026-10-05T09:31:47.6073398Z [command]/usr/bin/git config --local --name-only --get-regexp core\.sshCommand
2026-10-05T09:31:47.6101384Z [command]/usr/bin/git submodule foreach --recursive sh -c "git config --local --name-only --get-regexp 'core\.sshCommand' && git config --local --unset-all 'core.sshCommand' || :"
2026-10-05T09:31:47.6307019Z [command]/usr/bin/git config --local --name-only --get-regexp http\.https\:\/\/github\.com\/\.extraheader
2026-10-05T09:31:47.6331407Z http.https://github.com/.extraheader
2026-10-05T09:31:47.6340056Z [command]/usr/bin/git config --local --unset-all http.https://github.com/.extraheader
2026-10-05T09:31:47.6371138Z [command]/usr/bin/git submodule foreach --recursive sh -c "git config --local --name-only --get-regexp 'http\.https\:\/\/github\.com\/\.extraheader' && git config --local --unset-all 'http.https://github.com/.extraheader' || :"
2026-10-05T09:31:47.6590206Z [command]/usr/bin/git config --local --name-only --get-regexp ^includeIf\.gitdir:
2026-10-05T09:31:47.6623364Z [command]/usr/bin/git submodule foreach --recursive git config --local --show-origin --name-only --get-regexp remote.origin.url
2026-10-05T09:31:47.6948344Z Evaluate and set job outputs
2026-10-05T09:31:47.6952832Z Set output 'changed'
2026-10-05T09:31:47.6954745Z Cleaning up orphan processes
2026-10-05T09:31:47.7200170Z ##[warning]Node.js 20 is deprecated. The following actions target Node.js 20 but are being forced to run on Node.js 24: actions/checkout@v4. For more information see: https://github.blog/changelog/2025-09-19-deprecation-of-node-20-on-github-actions-runners/

