<!--YSLOG {"runId":37398365367,"event":"schedule","startedAt":"2026-10-06T01:17:02Z","savedAt":"2026-10-06T01:47:22.905Z","url":"https://github.com/Sam5440/ys_problem_web/actions/runs/37398365367","jobName":"update"}-->
2026-10-06T01:17:03.6399867Z Current runner version: '2.337.0'
2026-10-06T01:17:03.6426668Z ##[group]Runner Image Provisioner
2026-10-06T01:17:03.6427569Z Hosted Compute Agent
2026-10-06T01:17:03.6428281Z Version: 20260901.588
2026-10-06T01:17:03.6429078Z Commit: f88ec8081b781fac6c440065ac7ff9e710ce3d0b
2026-10-06T01:17:03.6429845Z Build Date: 2026-09-01T19:56:44Z
2026-10-06T01:17:03.6430835Z Worker ID: {64a01bba-532f-47d4-ad96-1b8f28dd33e0}
2026-10-06T01:17:03.6431604Z Azure Region: westus
2026-10-06T01:17:03.6432368Z ##[endgroup]
2026-10-06T01:17:03.6433975Z ##[group]Operating System
2026-10-06T01:17:03.6435132Z Ubuntu
2026-10-06T01:17:03.6435815Z 24.04.5
2026-10-06T01:17:03.6436465Z LTS
2026-10-06T01:17:03.6437084Z ##[endgroup]
2026-10-06T01:17:03.6437700Z ##[group]Runner Image
2026-10-06T01:17:03.6438375Z Image: ubuntu-24.04
2026-10-06T01:17:03.6439213Z Version: 20260927.320.1
2026-10-06T01:17:03.6440882Z Included Software: https://github.com/actions/runner-images/blob/ubuntu24/20260927.320/images/ubuntu/Ubuntu2404-Readme.md
2026-10-06T01:17:03.6442523Z Image Release: https://github.com/actions/runner-images/releases/tag/ubuntu24%2F20260927.320
2026-10-06T01:17:03.6443575Z ##[endgroup]
2026-10-06T01:17:03.6444932Z ##[group]GITHUB_TOKEN Permissions
2026-10-06T01:17:03.6447270Z Actions: write
2026-10-06T01:17:03.6447985Z Contents: write
2026-10-06T01:17:03.6448575Z Metadata: read
2026-10-06T01:17:03.6449251Z ##[endgroup]
2026-10-06T01:17:03.6451751Z Secret source: Actions
2026-10-06T01:17:03.6452894Z Cache mode: write
2026-10-06T01:17:03.6453692Z Prepare workflow directory
2026-10-06T01:17:03.6794799Z Prepare all required actions
2026-10-06T01:17:03.6864747Z Getting action download info
2026-10-06T01:17:04.0311250Z Download action repository 'actions/checkout@v4' (SHA:11d5960a326750d5838078e36cf38b85af677262)
2026-10-06T01:17:04.2463539Z Complete job name: update
2026-10-06T01:17:04.3295681Z ##[group]Run actions/checkout@v4
2026-10-06T01:17:04.3296525Z with:
2026-10-06T01:17:04.3297060Z   repository: Sam5440/ys_problem_web
2026-10-06T01:17:04.3301136Z   token: ***
2026-10-06T01:17:04.3301594Z   ssh-strict: true
2026-10-06T01:17:04.3302054Z   ssh-user: git
2026-10-06T01:17:04.3302530Z   persist-credentials: true
2026-10-06T01:17:04.3303047Z   clean: true
2026-10-06T01:17:04.3303514Z   sparse-checkout-cone-mode: true
2026-10-06T01:17:04.3304051Z   fetch-depth: 1
2026-10-06T01:17:04.3304504Z   fetch-tags: false
2026-10-06T01:17:04.3304968Z   show-progress: true
2026-10-06T01:17:04.3305432Z   lfs: false
2026-10-06T01:17:04.3305857Z   submodules: false
2026-10-06T01:17:04.3306322Z   set-safe-directory: true
2026-10-06T01:17:04.3306855Z   allow-unsafe-pr-checkout: false
2026-10-06T01:17:04.3307583Z ##[endgroup]
2026-10-06T01:17:04.4350787Z Syncing repository: Sam5440/ys_problem_web
2026-10-06T01:17:04.4353470Z ##[group]Getting Git version info
2026-10-06T01:17:04.4354819Z Working directory is '/home/runner/work/ys_problem_web/ys_problem_web'
2026-10-06T01:17:04.4356614Z [command]/usr/bin/git version
2026-10-06T01:17:04.4401885Z git version 2.55.0
2026-10-06T01:17:04.4424868Z ##[endgroup]
2026-10-06T01:17:04.4440921Z Temporarily overriding HOME='/home/runner/work/_temp/58341cf6-5c8b-4a15-9e81-4ba5ebded888' before making global git config changes
2026-10-06T01:17:04.4443393Z Adding repository directory to the temporary git global config as a safe directory
2026-10-06T01:17:04.4446389Z [command]/usr/bin/git config --global --add safe.directory /home/runner/work/ys_problem_web/ys_problem_web
2026-10-06T01:17:04.4509115Z Deleting the contents of '/home/runner/work/ys_problem_web/ys_problem_web'
2026-10-06T01:17:04.4515508Z ##[group]Initializing the repository
2026-10-06T01:17:04.4521437Z [command]/usr/bin/git init /home/runner/work/ys_problem_web/ys_problem_web
2026-10-06T01:17:04.4597909Z hint: Using 'master' as the name for the initial branch. This default branch name
2026-10-06T01:17:04.4600211Z hint: will change to "main" in Git 3.0. To configure the initial branch name
2026-10-06T01:17:04.4603520Z hint: to use in all of your new repositories, which will suppress this warning,
2026-10-06T01:17:04.4605554Z hint: call:
2026-10-06T01:17:04.4607060Z hint:
2026-10-06T01:17:04.4608161Z hint: 	git config --global init.defaultBranch <name>
2026-10-06T01:17:04.4609319Z hint:
2026-10-06T01:17:04.4610985Z hint: Names commonly chosen instead of 'master' are 'main', 'trunk' and
2026-10-06T01:17:04.4612800Z hint: 'development'. The just-created branch can be renamed via this command:
2026-10-06T01:17:04.4614303Z hint:
2026-10-06T01:17:04.4615206Z hint: 	git branch -m <name>
2026-10-06T01:17:04.4616160Z hint:
2026-10-06T01:17:04.4617341Z hint: Disable this message with "git config set advice.defaultBranchName false"
2026-10-06T01:17:04.4619337Z Initialized empty Git repository in /home/runner/work/ys_problem_web/ys_problem_web/.git/
2026-10-06T01:17:04.4623218Z [command]/usr/bin/git remote add origin https://github.com/Sam5440/ys_problem_web
2026-10-06T01:17:04.4666538Z ##[endgroup]
2026-10-06T01:17:04.4667740Z ##[group]Disabling automatic garbage collection
2026-10-06T01:17:04.4670322Z [command]/usr/bin/git config --local gc.auto 0
2026-10-06T01:17:04.4704957Z ##[endgroup]
2026-10-06T01:17:04.4706191Z ##[group]Setting up auth
2026-10-06T01:17:04.4711975Z [command]/usr/bin/git config --local --name-only --get-regexp core\.sshCommand
2026-10-06T01:17:04.4747099Z [command]/usr/bin/git submodule foreach --recursive sh -c "git config --local --name-only --get-regexp 'core\.sshCommand' && git config --local --unset-all 'core.sshCommand' || :"
2026-10-06T01:17:04.5099451Z [command]/usr/bin/git config --local --name-only --get-regexp http\.https\:\/\/github\.com\/\.extraheader
2026-10-06T01:17:04.5139687Z [command]/usr/bin/git submodule foreach --recursive sh -c "git config --local --name-only --get-regexp 'http\.https\:\/\/github\.com\/\.extraheader' && git config --local --unset-all 'http.https://github.com/.extraheader' || :"
2026-10-06T01:17:04.5403690Z [command]/usr/bin/git config --local --name-only --get-regexp ^includeIf\.gitdir:
2026-10-06T01:17:04.5443477Z [command]/usr/bin/git submodule foreach --recursive git config --local --show-origin --name-only --get-regexp remote.origin.url
2026-10-06T01:17:04.5692321Z [command]/usr/bin/git config --local http.https://github.com/.extraheader AUTHORIZATION: basic ***
2026-10-06T01:17:04.5736683Z ##[endgroup]
2026-10-06T01:17:04.5737716Z ##[group]Fetching the repository
2026-10-06T01:17:04.5747162Z [command]/usr/bin/git -c protocol.version=2 fetch --no-tags --prune --no-recurse-submodules --depth=1 origin +a385b01e5a14e1ae28629925e87c2fd97981c42e:refs/remotes/origin/main
2026-10-06T01:17:04.9796920Z From https://github.com/Sam5440/ys_problem_web
2026-10-06T01:17:04.9798394Z  * [new ref]         a385b01e5a14e1ae28629925e87c2fd97981c42e -> origin/main
2026-10-06T01:17:04.9801434Z ##[endgroup]
2026-10-06T01:17:04.9802614Z ##[group]Determining the checkout info
2026-10-06T01:17:04.9804690Z ##[endgroup]
2026-10-06T01:17:04.9811322Z [command]/usr/bin/git sparse-checkout disable
2026-10-06T01:17:04.9868873Z [command]/usr/bin/git config --local --unset-all extensions.worktreeConfig
2026-10-06T01:17:04.9912233Z ##[group]Checking out the ref
2026-10-06T01:17:04.9913233Z [command]/usr/bin/git checkout --progress --force -B main refs/remotes/origin/main
2026-10-06T01:17:05.0028321Z Switched to a new branch 'main'
2026-10-06T01:17:05.0032992Z branch 'main' set up to track 'origin/main'.
2026-10-06T01:17:05.0040171Z ##[endgroup]
2026-10-06T01:17:05.0088742Z [command]/usr/bin/git log -1 --format=%H
2026-10-06T01:17:05.0119254Z a385b01e5a14e1ae28629925e87c2fd97981c42e
2026-10-06T01:17:05.0382565Z ##[group]Run node scripts/restore-data.mjs --misc
2026-10-06T01:17:05.0383402Z [36;1mnode scripts/restore-data.mjs --misc[0m
2026-10-06T01:17:05.0620371Z shell: /usr/bin/bash -e {0}
2026-10-06T01:17:05.0621199Z ##[endgroup]
2026-10-06T01:17:06.3890014Z misc: restored data/leaderboard.json, data/.upstream-sha, data/.leaderboard-sha, data/.history-backfill-failed.json, public/ci-logs from data/misc-2026-10-05
2026-10-06T01:17:06.3992766Z ##[group]Run CHANGED=false
2026-10-06T01:17:06.3993362Z [36;1mCHANGED=false[0m
2026-10-06T01:17:06.3993667Z [36;1mLB_CHANGED=false[0m
2026-10-06T01:17:06.3994400Z [36;1mif UPSTREAM_SHA=$(git ls-remote https://github.com/Yawn-Sean/Daily_CF_Problems.git HEAD | cut -f1) && [ -n "$UPSTREAM_SHA" ]; then[0m
2026-10-06T01:17:06.3995173Z [36;1m  LAST_SHA=$(cat data/.upstream-sha 2>/dev/null || true)[0m
2026-10-06T01:17:06.3995647Z [36;1m  [ "$UPSTREAM_SHA" != "$LAST_SHA" ] && CHANGED=true[0m
2026-10-06T01:17:06.3996026Z [36;1melse[0m
2026-10-06T01:17:06.4071556Z [36;1m  # check itself failed — fall through to a full run (safe fallback)[0m
2026-10-06T01:17:06.4072142Z [36;1m  CHANGED=true[0m
2026-10-06T01:17:06.4072476Z [36;1mfi[0m
2026-10-06T01:17:06.4072944Z [36;1m# empty output = gh-pages missing → nothing to sync; a failure here[0m
2026-10-06T01:17:06.4073613Z [36;1m# is covered by the main-branch fallback above (same network)[0m
2026-10-06T01:17:06.4074487Z [36;1mLB_SHA=$(git ls-remote https://github.com/Yawn-Sean/Daily_CF_Problems.git gh-pages | cut -f1 || true)[0m
2026-10-06T01:17:06.4075070Z [36;1mif [ -n "$LB_SHA" ]; then[0m
2026-10-06T01:17:06.4075519Z [36;1m  LAST_LB_SHA=$(cat data/.leaderboard-sha 2>/dev/null || true)[0m
2026-10-06T01:17:06.4075988Z [36;1m  [ "$LB_SHA" != "$LAST_LB_SHA" ] && LB_CHANGED=true[0m
2026-10-06T01:17:06.4076357Z [36;1mfi[0m
2026-10-06T01:17:06.4076666Z [36;1mecho "changed=$CHANGED" >> "$GITHUB_OUTPUT"[0m
2026-10-06T01:17:06.4077108Z [36;1mecho "lb_changed=$LB_CHANGED" >> "$GITHUB_OUTPUT"[0m
2026-10-06T01:17:06.4077534Z [36;1mecho "sha=$UPSTREAM_SHA" >> "$GITHUB_OUTPUT"[0m
2026-10-06T01:17:06.4077924Z [36;1mecho "lb_sha=$LB_SHA" >> "$GITHUB_OUTPUT"[0m
2026-10-06T01:17:06.4150004Z shell: /usr/bin/bash -e {0}
2026-10-06T01:17:06.4150382Z ##[endgroup]
2026-10-06T01:17:07.3895297Z ##[group]Run node scripts/restore-data.mjs --statements --daily
2026-10-06T01:17:07.3895866Z [36;1mnode scripts/restore-data.mjs --statements --daily[0m
2026-10-06T01:17:07.3969438Z shell: /usr/bin/bash -e {0}
2026-10-06T01:17:07.3969823Z ##[endgroup]
2026-10-06T01:17:09.5119332Z statements: restored data/statements from data/problems
2026-10-06T01:17:10.8783670Z daily: restored data/daily.json from deploy
2026-10-06T01:17:10.8877688Z ##[group]Run npm ci
2026-10-06T01:17:10.8878030Z [36;1mnpm ci[0m
2026-10-06T01:17:10.8945824Z shell: /usr/bin/bash -e {0}
2026-10-06T01:17:10.8946112Z ##[endgroup]
2026-10-06T01:17:18.9313443Z 
2026-10-06T01:17:18.9314815Z added 66 packages, and audited 67 packages in 8s
2026-10-06T01:17:18.9315239Z 
2026-10-06T01:17:18.9315401Z 14 packages are looking for funding
2026-10-06T01:17:18.9315825Z   run `npm fund` for details
2026-10-06T01:17:18.9683689Z 
2026-10-06T01:17:18.9684499Z 3 vulnerabilities (1 low, 1 moderate, 1 high)
2026-10-06T01:17:18.9684822Z 
2026-10-06T01:17:18.9685008Z To address all issues (including breaking changes), run:
2026-10-06T01:17:18.9685410Z   npm audit fix --force
2026-10-06T01:17:18.9685615Z 
2026-10-06T01:17:18.9685733Z Run `npm audit` for details.
2026-10-06T01:17:19.0342836Z ##[group]Run npx playwright install --with-deps chromium
2026-10-06T01:17:19.0343294Z [36;1mnpx playwright install --with-deps chromium[0m
2026-10-06T01:17:19.0411786Z shell: /usr/bin/bash -e {0}
2026-10-06T01:17:19.0412073Z ##[endgroup]
2026-10-06T01:17:19.8561628Z Installing dependencies...
2026-10-06T01:17:19.8632444Z Switching to root user to install dependencies...
2026-10-06T01:17:19.9762559Z Get:1 file:/etc/apt/apt-mirrors.txt Mirrorlist [144 B]
2026-10-06T01:17:19.9953212Z Get:6 https://packages.microsoft.com/ubuntu/24.04/prod noble InRelease [3600 B]
2026-10-06T01:17:20.0721624Z Get:7 https://packages.microsoft.com/ubuntu/24.04/prod noble/main amd64 Packages [515 kB]
2026-10-06T01:17:20.0902995Z Get:8 https://packages.microsoft.com/ubuntu/24.04/prod noble/main arm64 Packages [458 kB]
2026-10-06T01:17:20.1111411Z Get:9 https://packages.microsoft.com/ubuntu/24.04/prod noble/main armhf Packages [12.6 kB]
2026-10-06T01:17:20.1445298Z Hit:2 http://azure.archive.ubuntu.com/ubuntu noble InRelease
2026-10-06T01:17:20.1454362Z Get:3 http://azure.archive.ubuntu.com/ubuntu noble-updates InRelease [126 kB]
2026-10-06T01:17:20.1478089Z Get:4 http://azure.archive.ubuntu.com/ubuntu noble-backports InRelease [126 kB]
2026-10-06T01:17:20.1494699Z Get:5 http://azure.archive.ubuntu.com/ubuntu noble-security InRelease [126 kB]
2026-10-06T01:17:20.2625811Z Get:10 http://azure.archive.ubuntu.com/ubuntu noble-updates/main amd64 Packages [1370 kB]
2026-10-06T01:17:20.2713289Z Get:11 http://azure.archive.ubuntu.com/ubuntu noble-updates/main Translation-en [305 kB]
2026-10-06T01:17:20.2737250Z Get:12 http://azure.archive.ubuntu.com/ubuntu noble-updates/main amd64 Components [181 kB]
2026-10-06T01:17:20.2753332Z Get:13 http://azure.archive.ubuntu.com/ubuntu noble-updates/universe amd64 Packages [1701 kB]
2026-10-06T01:17:20.2881091Z Get:14 http://azure.archive.ubuntu.com/ubuntu noble-updates/universe Translation-en [341 kB]
2026-10-06T01:17:20.2891490Z Get:15 http://azure.archive.ubuntu.com/ubuntu noble-updates/universe amd64 Components [388 kB]
2026-10-06T01:17:20.2921149Z Get:16 http://azure.archive.ubuntu.com/ubuntu noble-updates/restricted amd64 Packages [1728 kB]
2026-10-06T01:17:20.3056900Z Get:17 http://azure.archive.ubuntu.com/ubuntu noble-updates/restricted Translation-en [395 kB]
2026-10-06T01:17:20.3120836Z Get:18 http://azure.archive.ubuntu.com/ubuntu noble-updates/multiverse Translation-en [13.3 kB]
2026-10-06T01:17:20.3122632Z Get:19 http://azure.archive.ubuntu.com/ubuntu noble-updates/multiverse amd64 Components [940 B]
2026-10-06T01:17:20.3844766Z Get:20 http://azure.archive.ubuntu.com/ubuntu noble-backports/main amd64 Components [5764 B]
2026-10-06T01:17:20.3857877Z Get:21 http://azure.archive.ubuntu.com/ubuntu noble-backports/universe amd64 Components [12.6 kB]
2026-10-06T01:17:20.4064422Z Get:22 http://azure.archive.ubuntu.com/ubuntu noble-security/main amd64 Packages [1071 kB]
2026-10-06T01:17:20.4125424Z Get:23 http://azure.archive.ubuntu.com/ubuntu noble-security/main Translation-en [222 kB]
2026-10-06T01:17:20.4142407Z Get:24 http://azure.archive.ubuntu.com/ubuntu noble-security/main amd64 Components [46.4 kB]
2026-10-06T01:17:20.4153651Z Get:25 http://azure.archive.ubuntu.com/ubuntu noble-security/universe amd64 Packages [1216 kB]
2026-10-06T01:17:20.4241479Z Get:26 http://azure.archive.ubuntu.com/ubuntu noble-security/universe Translation-en [244 kB]
2026-10-06T01:17:20.4251823Z Get:27 http://azure.archive.ubuntu.com/ubuntu noble-security/universe amd64 Components [76.3 kB]
2026-10-06T01:17:20.4291490Z Get:28 http://azure.archive.ubuntu.com/ubuntu noble-security/restricted amd64 Packages [1566 kB]
2026-10-06T01:17:20.4343868Z Get:29 http://azure.archive.ubuntu.com/ubuntu noble-security/restricted Translation-en [361 kB]
2026-10-06T01:17:26.3429056Z Fetched 12.6 MB in 2s (7984 kB/s)
2026-10-06T01:17:27.2171661Z Reading package lists...
2026-10-06T01:17:27.2437121Z Reading package lists...
2026-10-06T01:17:27.4932821Z Building dependency tree...
2026-10-06T01:17:27.4941353Z Reading state information...
2026-10-06T01:17:27.6778877Z libasound2t64 is already the newest version (1.2.11-1ubuntu0.3).
2026-10-06T01:17:27.6779916Z libasound2t64 set to manually installed.
2026-10-06T01:17:27.6780834Z libatk-bridge2.0-0t64 is already the newest version (2.52.0-1build1).
2026-10-06T01:17:27.6781552Z libatk-bridge2.0-0t64 set to manually installed.
2026-10-06T01:17:27.6782233Z libatk1.0-0t64 is already the newest version (2.52.0-1build1).
2026-10-06T01:17:27.6782873Z libatk1.0-0t64 set to manually installed.
2026-10-06T01:17:27.6783498Z libatspi2.0-0t64 is already the newest version (2.52.0-1build1).
2026-10-06T01:17:27.6784152Z libatspi2.0-0t64 set to manually installed.
2026-10-06T01:17:27.6784837Z libcairo2 is already the newest version (1.18.0-3build1).
2026-10-06T01:17:27.6785443Z libcairo2 set to manually installed.
2026-10-06T01:17:27.6786118Z libcups2t64 is already the newest version (2.4.7-1.2ubuntu7.14).
2026-10-06T01:17:27.6786831Z libcups2t64 set to manually installed.
2026-10-06T01:17:27.6788039Z libdbus-1-3 is already the newest version (1.14.10-4ubuntu4.1).
2026-10-06T01:17:27.6788701Z libdbus-1-3 set to manually installed.
2026-10-06T01:17:27.6789322Z libdrm2 is already the newest version (2.4.125-1ubuntu0.1~24.04.2).
2026-10-06T01:17:27.6789964Z libdrm2 set to manually installed.
2026-10-06T01:17:27.6790711Z libglib2.0-0t64 is already the newest version (2.80.0-6ubuntu3.9).
2026-10-06T01:17:27.6791293Z libglib2.0-0t64 set to manually installed.
2026-10-06T01:17:27.6791838Z libnspr4 is already the newest version (2:4.35-1.1build1).
2026-10-06T01:17:27.6792380Z libnspr4 set to manually installed.
2026-10-06T01:17:27.6792884Z libnss3 is already the newest version (2:3.98-1ubuntu0.2).
2026-10-06T01:17:27.6793392Z libnss3 set to manually installed.
2026-10-06T01:17:27.6793932Z libpango-1.0-0 is already the newest version (1.52.1+ds-1build1).
2026-10-06T01:17:27.6794505Z libpango-1.0-0 set to manually installed.
2026-10-06T01:17:27.6795041Z libx11-6 is already the newest version (2:1.8.7-1build1).
2026-10-06T01:17:27.6795558Z libx11-6 set to manually installed.
2026-10-06T01:17:27.6796052Z libxcb1 is already the newest version (1.15-1ubuntu2).
2026-10-06T01:17:27.6796556Z libxcb1 set to manually installed.
2026-10-06T01:17:27.6797127Z libxcomposite1 is already the newest version (1:0.4.5-1build3).
2026-10-06T01:17:27.6797743Z libxcomposite1 set to manually installed.
2026-10-06T01:17:27.6798329Z libxdamage1 is already the newest version (1:1.1.6-1build1).
2026-10-06T01:17:27.6798926Z libxdamage1 set to manually installed.
2026-10-06T01:17:27.6799486Z libxext6 is already the newest version (2:1.3.4-1build2).
2026-10-06T01:17:27.6800040Z libxext6 set to manually installed.
2026-10-06T01:17:27.6800796Z libxfixes3 is already the newest version (1:6.0.0-2build1).
2026-10-06T01:17:27.6801414Z libxfixes3 set to manually installed.
2026-10-06T01:17:27.6802013Z libxkbcommon0 is already the newest version (1.6.0-1build1).
2026-10-06T01:17:27.6802616Z libxkbcommon0 set to manually installed.
2026-10-06T01:17:27.6803231Z libxrandr2 is already the newest version (2:1.5.2-2build1).
2026-10-06T01:17:27.6803836Z libxrandr2 set to manually installed.
2026-10-06T01:17:27.6804409Z xvfb is already the newest version (2:21.1.12-1ubuntu1.8).
2026-10-06T01:17:27.6805213Z fonts-noto-color-emoji is already the newest version (2.047-0ubuntu0.24.04.1).
2026-10-06T01:17:27.6806063Z libfontconfig1 is already the newest version (2.15.0-1.1ubuntu2).
2026-10-06T01:17:27.6806725Z libfontconfig1 set to manually installed.
2026-10-06T01:17:27.6807395Z libfreetype6 is already the newest version (2.13.2+dfsg-1ubuntu0.1).
2026-10-06T01:17:27.6808063Z libfreetype6 set to manually installed.
2026-10-06T01:17:27.6808667Z fonts-liberation is already the newest version (1:2.1.5-3).
2026-10-06T01:17:27.6809308Z fonts-liberation set to manually installed.
2026-10-06T01:17:27.6809915Z The following additional packages will be installed:
2026-10-06T01:17:27.6810985Z   libgl1-mesa-dri libglx-mesa0 mesa-libgallium xfonts-encodings xfonts-utils
2026-10-06T01:17:27.6812021Z Recommended packages:
2026-10-06T01:17:27.6812469Z   fonts-ipafont-mincho fonts-tlwg-loma
2026-10-06T01:17:27.7018459Z The following NEW packages will be installed:
2026-10-06T01:17:27.7019105Z   fonts-freefont-ttf fonts-ipafont-gothic fonts-tlwg-loma-otf fonts-unifont
2026-10-06T01:17:27.7027430Z   fonts-wqy-zenhei xfonts-cyrillic xfonts-encodings xfonts-scalable
2026-10-06T01:17:27.7028142Z   xfonts-utils
2026-10-06T01:17:27.7034151Z The following packages will be upgraded:
2026-10-06T01:17:27.7040842Z   libgbm1 libgl1-mesa-dri libglx-mesa0 mesa-libgallium
2026-10-06T01:17:27.7227982Z 4 upgraded, 9 newly installed, 0 to remove and 21 not upgraded.
2026-10-06T01:17:27.7228625Z Need to get 32.1 MB of archives.
2026-10-06T01:17:27.7229209Z After this operation, 79.5 MB of additional disk space will be used.
2026-10-06T01:17:27.7229912Z Get:1 file:/etc/apt/apt-mirrors.txt Mirrorlist [144 B]
2026-10-06T01:17:27.8093345Z Get:2 http://azure.archive.ubuntu.com/ubuntu noble/universe amd64 fonts-ipafont-gothic all 00303-21ubuntu1 [3513 kB]
2026-10-06T01:17:27.9565411Z Get:3 http://azure.archive.ubuntu.com/ubuntu noble/main amd64 fonts-freefont-ttf all 20211204+svn4273-2 [5641 kB]
2026-10-06T01:17:28.1502927Z Get:4 http://azure.archive.ubuntu.com/ubuntu noble/universe amd64 fonts-tlwg-loma-otf all 1:0.7.3-1 [107 kB]
2026-10-06T01:17:28.2212694Z Get:5 http://azure.archive.ubuntu.com/ubuntu noble/universe amd64 fonts-unifont all 1:15.1.01-1build1 [2993 kB]
2026-10-06T01:17:28.3560013Z Get:6 http://azure.archive.ubuntu.com/ubuntu noble/universe amd64 fonts-wqy-zenhei all 0.9.45-8 [7472 kB]
2026-10-06T01:17:28.5905146Z Get:7 http://azure.archive.ubuntu.com/ubuntu noble-updates/main amd64 libgl1-mesa-dri amd64 25.2.8-0ubuntu0.24.04.4 [38.0 kB]
2026-10-06T01:17:28.6604972Z Get:8 http://azure.archive.ubuntu.com/ubuntu noble-updates/main amd64 libglx-mesa0 amd64 25.2.8-0ubuntu0.24.04.4 [110 kB]
2026-10-06T01:17:28.7314534Z Get:9 http://azure.archive.ubuntu.com/ubuntu noble-updates/main amd64 libgbm1 amd64 25.2.8-0ubuntu0.24.04.4 [34.2 kB]
2026-10-06T01:17:28.8037853Z Get:10 http://azure.archive.ubuntu.com/ubuntu noble-updates/main amd64 mesa-libgallium amd64 25.2.8-0ubuntu0.24.04.4 [10.8 MB]
2026-10-06T01:17:29.1331691Z Get:11 http://azure.archive.ubuntu.com/ubuntu noble/main amd64 xfonts-encodings all 1:1.0.5-0ubuntu2 [578 kB]
2026-10-06T01:17:29.2198686Z Get:12 http://azure.archive.ubuntu.com/ubuntu noble/main amd64 xfonts-utils amd64 1:7.7+6build3 [94.4 kB]
2026-10-06T01:17:29.2903826Z Get:13 http://azure.archive.ubuntu.com/ubuntu noble/universe amd64 xfonts-cyrillic all 1:1.0.5+nmu1 [384 kB]
2026-10-06T01:17:29.3675091Z Get:14 http://azure.archive.ubuntu.com/ubuntu noble/main amd64 xfonts-scalable all 1:1.0.3-1.3 [304 kB]
2026-10-06T01:17:29.6376894Z Fetched 32.1 MB in 2s (19.3 MB/s)
2026-10-06T01:17:29.6618449Z Selecting previously unselected package fonts-ipafont-gothic.
2026-10-06T01:17:29.6901745Z (Reading database ... 
2026-10-06T01:17:29.6902167Z (Reading database ... 5%
2026-10-06T01:17:29.6902607Z (Reading database ... 10%
2026-10-06T01:17:29.6902853Z (Reading database ... 15%
2026-10-06T01:17:29.6903090Z (Reading database ... 20%
2026-10-06T01:17:29.6903315Z (Reading database ... 25%
2026-10-06T01:17:29.6903543Z (Reading database ... 30%
2026-10-06T01:17:29.6903777Z (Reading database ... 35%
2026-10-06T01:17:29.6904015Z (Reading database ... 40%
2026-10-06T01:17:29.6904245Z (Reading database ... 45%
2026-10-06T01:17:29.6904479Z (Reading database ... 50%
2026-10-06T01:17:29.6968923Z (Reading database ... 55%
2026-10-06T01:17:29.7795878Z (Reading database ... 60%
2026-10-06T01:17:29.9818425Z (Reading database ... 65%
2026-10-06T01:17:30.1844635Z (Reading database ... 70%
2026-10-06T01:17:30.3310300Z (Reading database ... 75%
2026-10-06T01:17:30.4871857Z (Reading database ... 80%
2026-10-06T01:17:30.6737281Z (Reading database ... 85%
2026-10-06T01:17:30.8411662Z (Reading database ... 90%
2026-10-06T01:17:30.9872809Z (Reading database ... 95%
2026-10-06T01:17:30.9873154Z (Reading database ... 100%
2026-10-06T01:17:30.9873849Z (Reading database ... 202296 files and directories currently installed.)
2026-10-06T01:17:30.9919525Z Preparing to unpack .../00-fonts-ipafont-gothic_00303-21ubuntu1_all.deb ...
2026-10-06T01:17:31.0056164Z Unpacking fonts-ipafont-gothic (00303-21ubuntu1) ...
2026-10-06T01:17:31.2536420Z Selecting previously unselected package fonts-freefont-ttf.
2026-10-06T01:17:31.2669151Z Preparing to unpack .../01-fonts-freefont-ttf_20211204+svn4273-2_all.deb ...
2026-10-06T01:17:31.2674431Z Unpacking fonts-freefont-ttf (20211204+svn4273-2) ...
2026-10-06T01:17:31.3503170Z Selecting previously unselected package fonts-tlwg-loma-otf.
2026-10-06T01:17:31.3635256Z Preparing to unpack .../02-fonts-tlwg-loma-otf_1%3a0.7.3-1_all.deb ...
2026-10-06T01:17:31.3641397Z Unpacking fonts-tlwg-loma-otf (1:0.7.3-1) ...
2026-10-06T01:17:31.3852038Z Selecting previously unselected package fonts-unifont.
2026-10-06T01:17:31.3984752Z Preparing to unpack .../03-fonts-unifont_1%3a15.1.01-1build1_all.deb ...
2026-10-06T01:17:31.3990272Z Unpacking fonts-unifont (1:15.1.01-1build1) ...
2026-10-06T01:17:31.5113881Z Selecting previously unselected package fonts-wqy-zenhei.
2026-10-06T01:17:31.5247456Z Preparing to unpack .../04-fonts-wqy-zenhei_0.9.45-8_all.deb ...
2026-10-06T01:17:31.5352017Z Unpacking fonts-wqy-zenhei (0.9.45-8) ...
2026-10-06T01:17:32.0291329Z Preparing to unpack .../05-libgl1-mesa-dri_25.2.8-0ubuntu0.24.04.4_amd64.deb ...
2026-10-06T01:17:32.0436813Z Unpacking libgl1-mesa-dri:amd64 (25.2.8-0ubuntu0.24.04.4) over (25.2.8-0ubuntu0.24.04.2) ...
2026-10-06T01:17:32.0947692Z Preparing to unpack .../06-libglx-mesa0_25.2.8-0ubuntu0.24.04.4_amd64.deb ...
2026-10-06T01:17:32.0970821Z Unpacking libglx-mesa0:amd64 (25.2.8-0ubuntu0.24.04.4) over (25.2.8-0ubuntu0.24.04.2) ...
2026-10-06T01:17:32.1335804Z Preparing to unpack .../07-libgbm1_25.2.8-0ubuntu0.24.04.4_amd64.deb ...
2026-10-06T01:17:32.1353217Z Unpacking libgbm1:amd64 (25.2.8-0ubuntu0.24.04.4) over (25.2.8-0ubuntu0.24.04.2) ...
2026-10-06T01:17:32.1723376Z Preparing to unpack .../08-mesa-libgallium_25.2.8-0ubuntu0.24.04.4_amd64.deb ...
2026-10-06T01:17:32.1742927Z Unpacking mesa-libgallium:amd64 (25.2.8-0ubuntu0.24.04.4) over (25.2.8-0ubuntu0.24.04.2) ...
2026-10-06T01:17:32.3525511Z Selecting previously unselected package xfonts-encodings.
2026-10-06T01:17:32.3659650Z Preparing to unpack .../09-xfonts-encodings_1%3a1.0.5-0ubuntu2_all.deb ...
2026-10-06T01:17:32.3665102Z Unpacking xfonts-encodings (1:1.0.5-0ubuntu2) ...
2026-10-06T01:17:32.3956039Z Selecting previously unselected package xfonts-utils.
2026-10-06T01:17:32.4089757Z Preparing to unpack .../10-xfonts-utils_1%3a7.7+6build3_amd64.deb ...
2026-10-06T01:17:32.4096243Z Unpacking xfonts-utils (1:7.7+6build3) ...
2026-10-06T01:17:32.4416553Z Selecting previously unselected package xfonts-cyrillic.
2026-10-06T01:17:32.4549080Z Preparing to unpack .../11-xfonts-cyrillic_1%3a1.0.5+nmu1_all.deb ...
2026-10-06T01:17:32.4555134Z Unpacking xfonts-cyrillic (1:1.0.5+nmu1) ...
2026-10-06T01:17:32.4879002Z Selecting previously unselected package xfonts-scalable.
2026-10-06T01:17:32.5013062Z Preparing to unpack .../12-xfonts-scalable_1%3a1.0.3-1.3_all.deb ...
2026-10-06T01:17:32.5021017Z Unpacking xfonts-scalable (1:1.0.3-1.3) ...
2026-10-06T01:17:32.5471679Z Setting up mesa-libgallium:amd64 (25.2.8-0ubuntu0.24.04.4) ...
2026-10-06T01:17:32.5486963Z Setting up libgbm1:amd64 (25.2.8-0ubuntu0.24.04.4) ...
2026-10-06T01:17:32.5500656Z Setting up libgl1-mesa-dri:amd64 (25.2.8-0ubuntu0.24.04.4) ...
2026-10-06T01:17:32.5577040Z Setting up fonts-wqy-zenhei (0.9.45-8) ...
2026-10-06T01:17:32.5697411Z Setting up fonts-freefont-ttf (20211204+svn4273-2) ...
2026-10-06T01:17:32.5710188Z Setting up fonts-tlwg-loma-otf (1:0.7.3-1) ...
2026-10-06T01:17:32.5723491Z Setting up xfonts-encodings (1:1.0.5-0ubuntu2) ...
2026-10-06T01:17:32.5736278Z Setting up fonts-ipafont-gothic (00303-21ubuntu1) ...
2026-10-06T01:17:32.5803670Z update-alternatives: using /usr/share/fonts/opentype/ipafont-gothic/ipag.ttf to provide /usr/share/fonts/truetype/fonts-japanese-gothic.ttf (fonts-japanese-gothic.ttf) in auto mode
2026-10-06T01:17:32.5815840Z Setting up fonts-unifont (1:15.1.01-1build1) ...
2026-10-06T01:17:32.5829376Z Setting up libglx-mesa0:amd64 (25.2.8-0ubuntu0.24.04.4) ...
2026-10-06T01:17:32.5843156Z Setting up xfonts-utils (1:7.7+6build3) ...
2026-10-06T01:17:32.5880933Z Setting up xfonts-cyrillic (1:1.0.5+nmu1) ...
2026-10-06T01:17:32.6181687Z Setting up xfonts-scalable (1:1.0.3-1.3) ...
2026-10-06T01:17:32.6473141Z Processing triggers for libc-bin (2.39-0ubuntu8.9) ...
2026-10-06T01:17:32.6748446Z Processing triggers for man-db (2.12.0-4build2) ...
2026-10-06T01:17:32.6768659Z Not building database; man-db/auto-update is not 'true'.
2026-10-06T01:17:32.6784357Z Processing triggers for fontconfig (2.15.0-1.1ubuntu2) ...
2026-10-06T01:17:33.3629502Z 
2026-10-06T01:17:33.3630233Z Running kernel seems to be up-to-date.
2026-10-06T01:17:33.3630721Z 
2026-10-06T01:17:33.3630838Z No services need to be restarted.
2026-10-06T01:17:33.3631032Z 
2026-10-06T01:17:33.3631508Z No containers need to be restarted.
2026-10-06T01:17:33.3631705Z 
2026-10-06T01:17:33.3631840Z No user sessions are running outdated binaries.
2026-10-06T01:17:33.3632052Z 
2026-10-06T01:17:33.3632257Z No VM guests are running outdated hypervisor (qemu) binaries on this host.
2026-10-06T01:17:34.4322555Z Downloading Chrome for Testing 153.0.8010.12 (playwright chromium v1243) from https://cdn.playwright.dev/builds/cft/153.0.8010.12/linux64/chrome-linux64.zip
2026-10-06T01:17:34.8708702Z |                                                                                |   0% of 186.8 MiB
2026-10-06T01:17:35.0343490Z |■■■■■■■■                                                                        |  10% of 186.8 MiB
2026-10-06T01:17:35.1697130Z |■■■■■■■■■■■■■■■■                                                                |  20% of 186.8 MiB
2026-10-06T01:17:35.2699910Z |■■■■■■■■■■■■■■■■■■■■■■■■                                                        |  30% of 186.8 MiB
2026-10-06T01:17:35.4034531Z |■■■■■■■■■■■■■■■■■■■■■■■■■■■■■■■■                                                |  40% of 186.8 MiB
2026-10-06T01:17:35.5377238Z |■■■■■■■■■■■■■■■■■■■■■■■■■■■■■■■■■■■■■■■■                                        |  50% of 186.8 MiB
2026-10-06T01:17:35.6618367Z |■■■■■■■■■■■■■■■■■■■■■■■■■■■■■■■■■■■■■■■■■■■■■■■■                                |  60% of 186.8 MiB
2026-10-06T01:17:35.7732736Z |■■■■■■■■■■■■■■■■■■■■■■■■■■■■■■■■■■■■■■■■■■■■■■■■■■■■■■■■                        |  70% of 186.8 MiB
2026-10-06T01:17:35.8851741Z |■■■■■■■■■■■■■■■■■■■■■■■■■■■■■■■■■■■■■■■■■■■■■■■■■■■■■■■■■■■■■■■■                |  80% of 186.8 MiB
2026-10-06T01:17:36.0213011Z |■■■■■■■■■■■■■■■■■■■■■■■■■■■■■■■■■■■■■■■■■■■■■■■■■■■■■■■■■■■■■■■■■■■■■■■■        |  90% of 186.8 MiB
2026-10-06T01:17:36.1529135Z |■■■■■■■■■■■■■■■■■■■■■■■■■■■■■■■■■■■■■■■■■■■■■■■■■■■■■■■■■■■■■■■■■■■■■■■■■■■■■■■■| 100% of 186.8 MiB
2026-10-06T01:17:38.7859252Z Chrome for Testing 153.0.8010.12 (playwright chromium v1243) downloaded to /home/runner/.cache/ms-playwright/chromium-1243
2026-10-06T01:17:38.7863196Z Downloading FFmpeg (playwright ffmpeg v1011) from https://cdn.playwright.dev/dbazure/download/playwright/builds/ffmpeg/1011/ffmpeg-linux.zip
2026-10-06T01:17:39.2816221Z |                                                                                |   0% of 2.3 MiB
2026-10-06T01:17:39.2862611Z |■■■■■■■■                                                                        |  10% of 2.3 MiB
2026-10-06T01:17:39.2989245Z |■■■■■■■■■■■■■■■■                                                                |  20% of 2.3 MiB
2026-10-06T01:17:39.3256878Z |■■■■■■■■■■■■■■■■■■■■■■■■                                                        |  30% of 2.3 MiB
2026-10-06T01:17:39.3356141Z |■■■■■■■■■■■■■■■■■■■■■■■■■■■■■■■■                                                |  40% of 2.3 MiB
2026-10-06T01:17:39.3566364Z |■■■■■■■■■■■■■■■■■■■■■■■■■■■■■■■■■■■■■■■■                                        |  50% of 2.3 MiB
2026-10-06T01:17:39.3692459Z |■■■■■■■■■■■■■■■■■■■■■■■■■■■■■■■■■■■■■■■■■■■■■■■■                                |  60% of 2.3 MiB
2026-10-06T01:17:39.3749700Z |■■■■■■■■■■■■■■■■■■■■■■■■■■■■■■■■■■■■■■■■■■■■■■■■■■■■■■■■                        |  70% of 2.3 MiB
2026-10-06T01:17:39.3871220Z |■■■■■■■■■■■■■■■■■■■■■■■■■■■■■■■■■■■■■■■■■■■■■■■■■■■■■■■■■■■■■■■■                |  80% of 2.3 MiB
2026-10-06T01:17:39.4163276Z |■■■■■■■■■■■■■■■■■■■■■■■■■■■■■■■■■■■■■■■■■■■■■■■■■■■■■■■■■■■■■■■■■■■■■■■■        |  90% of 2.3 MiB
2026-10-06T01:17:39.4292505Z |■■■■■■■■■■■■■■■■■■■■■■■■■■■■■■■■■■■■■■■■■■■■■■■■■■■■■■■■■■■■■■■■■■■■■■■■■■■■■■■■| 100% of 2.3 MiB
2026-10-06T01:17:39.4849100Z FFmpeg (playwright ffmpeg v1011) downloaded to /home/runner/.cache/ms-playwright/ffmpeg-1011
2026-10-06T01:17:39.4853168Z Downloading Chrome Headless Shell 153.0.8010.12 (playwright chromium-headless-shell v1243) from https://cdn.playwright.dev/builds/cft/153.0.8010.12/linux64/chrome-headless-shell-linux64.zip
2026-10-06T01:17:39.9134380Z |                                                                                |   0% of 114.3 MiB
2026-10-06T01:17:40.0218240Z |■■■■■■■■                                                                        |  10% of 114.3 MiB
2026-10-06T01:17:40.1020988Z |■■■■■■■■■■■■■■■■                                                                |  20% of 114.3 MiB
2026-10-06T01:17:40.2257420Z |■■■■■■■■■■■■■■■■■■■■■■■■                                                        |  30% of 114.3 MiB
2026-10-06T01:17:40.3291967Z |■■■■■■■■■■■■■■■■■■■■■■■■■■■■■■■■                                                |  40% of 114.3 MiB
2026-10-06T01:17:40.4140877Z |■■■■■■■■■■■■■■■■■■■■■■■■■■■■■■■■■■■■■■■■                                        |  50% of 114.3 MiB
2026-10-06T01:17:40.4944144Z |■■■■■■■■■■■■■■■■■■■■■■■■■■■■■■■■■■■■■■■■■■■■■■■■                                |  60% of 114.3 MiB
2026-10-06T01:17:40.5915949Z |■■■■■■■■■■■■■■■■■■■■■■■■■■■■■■■■■■■■■■■■■■■■■■■■■■■■■■■■                        |  70% of 114.3 MiB
2026-10-06T01:17:40.6646924Z |■■■■■■■■■■■■■■■■■■■■■■■■■■■■■■■■■■■■■■■■■■■■■■■■■■■■■■■■■■■■■■■■                |  80% of 114.3 MiB
2026-10-06T01:17:40.7767016Z |■■■■■■■■■■■■■■■■■■■■■■■■■■■■■■■■■■■■■■■■■■■■■■■■■■■■■■■■■■■■■■■■■■■■■■■■        |  90% of 114.3 MiB
2026-10-06T01:17:40.8524186Z |■■■■■■■■■■■■■■■■■■■■■■■■■■■■■■■■■■■■■■■■■■■■■■■■■■■■■■■■■■■■■■■■■■■■■■■■■■■■■■■■| 100% of 114.3 MiB
2026-10-06T01:17:42.6892665Z Chrome Headless Shell 153.0.8010.12 (playwright chromium-headless-shell v1243) downloaded to /home/runner/.cache/ms-playwright/chromium_headless_shell-1243
2026-10-06T01:17:42.7175833Z ##[group]Run CF_STATEMENTS=0 TRANSLATE=0 node scripts/update-data.mjs
2026-10-06T01:17:42.7176364Z [36;1mCF_STATEMENTS=0 TRANSLATE=0 node scripts/update-data.mjs[0m
2026-10-06T01:17:42.7244930Z shell: /usr/bin/bash -e {0}
2026-10-06T01:17:42.7245205Z env:
2026-10-06T01:17:42.7248109Z   GITHUB_TOKEN: ***
2026-10-06T01:17:42.7248355Z ##[endgroup]
2026-10-06T01:17:42.8603573Z Discovering daily problem folders...
2026-10-06T01:17:45.0957791Z Found 815 days, syncing the most recent 815.
2026-10-06T01:17:45.7492982Z   2026-10-06: 2 problems
2026-10-06T01:17:46.1068914Z   2026-10-05: 2 problems
2026-10-06T01:17:46.4845279Z   2026-10-03: 2 problems
2026-10-06T01:17:46.8948179Z   2026-10-02: 2 problems
2026-10-06T01:17:47.2528701Z   2026-10-01: 2 problems
2026-10-06T01:17:47.6489270Z   2026-09-30: 2 problems
2026-10-06T01:17:48.0406174Z   2026-09-29: 2 problems
2026-10-06T01:17:48.4124816Z   2026-09-28: 2 problems
2026-10-06T01:17:48.7745575Z   2026-09-26: 2 problems
2026-10-06T01:17:49.1435695Z   2026-09-25: 2 problems
2026-10-06T01:17:49.5458797Z   2026-09-24: 2 problems
2026-10-06T01:17:49.9170300Z   2026-09-23: 2 problems
2026-10-06T01:17:50.2733498Z   2026-09-22: 2 problems
2026-10-06T01:17:50.6549030Z   2026-09-21: 2 problems
2026-10-06T01:17:51.0258003Z   2026-09-19: 2 problems
2026-10-06T01:17:51.4459094Z   2026-09-18: 2 problems
2026-10-06T01:17:51.8141619Z   2026-09-17: 2 problems
2026-10-06T01:17:52.1669762Z   2026-09-16: 2 problems
2026-10-06T01:17:52.5347050Z   2026-09-15: 2 problems
2026-10-06T01:17:52.7891456Z   2026-09-14: 2 problems
2026-10-06T01:17:53.4343700Z   2026-09-12: 2 problems
2026-10-06T01:17:54.0178099Z   2026-09-11: 2 problems
2026-10-06T01:17:54.4544303Z   2026-09-10: 2 problems
2026-10-06T01:17:54.8635415Z   2026-09-09: 2 problems
2026-10-06T01:17:55.2533867Z   2026-09-08: 2 problems
2026-10-06T01:17:55.6617218Z   2026-09-07: 2 problems
2026-10-06T01:17:56.0677085Z   2026-09-05: 2 problems
2026-10-06T01:17:56.4329178Z   2026-09-04: 2 problems
2026-10-06T01:17:56.7889684Z   2026-09-03: 2 problems
2026-10-06T01:17:57.1382708Z   2026-09-02: 2 problems
2026-10-06T01:17:57.5665682Z   2026-09-01: 2 problems
2026-10-06T01:17:57.9193281Z   2026-08-31: 2 problems
2026-10-06T01:17:58.2865116Z   2026-08-29: 2 problems
2026-10-06T01:17:58.6599460Z   2026-08-28: 2 problems
2026-10-06T01:17:59.0546512Z   2026-08-27: 2 problems
2026-10-06T01:17:59.4074986Z   2026-08-26: 2 problems
2026-10-06T01:17:59.8229310Z   2026-08-25: 2 problems
2026-10-06T01:18:00.1904330Z   2026-08-24: 2 problems
2026-10-06T01:18:00.5529174Z   2026-08-22: 2 problems
2026-10-06T01:18:00.9280369Z   2026-08-21: 2 problems
2026-10-06T01:18:01.3448314Z   2026-08-20: 2 problems
2026-10-06T01:18:01.8549600Z   2026-08-19: 2 problems
2026-10-06T01:18:02.3188663Z   2026-08-18: 2 problems
2026-10-06T01:18:02.6966023Z   2026-08-17: 2 problems
2026-10-06T01:18:03.1174191Z   2026-08-15: 2 problems
2026-10-06T01:18:03.5175924Z   2026-08-14: 2 problems
2026-10-06T01:18:03.9067724Z   2026-08-13: 2 problems
2026-10-06T01:18:04.3195772Z   2026-08-12: 2 problems
2026-10-06T01:18:04.6848808Z   2026-08-11: 2 problems
2026-10-06T01:18:05.0422902Z   2026-08-10: 2 problems
2026-10-06T01:18:05.4425721Z   2026-08-08: 2 problems
2026-10-06T01:18:05.8164501Z   2026-08-07: 2 problems
2026-10-06T01:18:06.1758455Z   2026-08-06: 2 problems
2026-10-06T01:18:06.5761603Z   2026-08-05: 2 problems
2026-10-06T01:18:06.9433717Z   2026-08-04: 2 problems
2026-10-06T01:18:07.3173832Z   2026-08-03: 2 problems
2026-10-06T01:18:07.6921803Z   2026-08-01: 2 problems
2026-10-06T01:18:07.9488445Z   2026-07-31: 2 problems
2026-10-06T01:18:08.3429274Z   2026-07-30: 2 problems
2026-10-06T01:18:08.7523652Z   2026-07-29: 2 problems
2026-10-06T01:18:09.0984411Z   2026-07-28: 2 problems
2026-10-06T01:18:09.4673436Z   2026-07-27: 2 problems
2026-10-06T01:18:09.8408667Z   2026-07-25: 2 problems
2026-10-06T01:18:10.1916904Z   2026-07-24: 2 problems
2026-10-06T01:18:10.6111939Z   2026-07-23: 2 problems
2026-10-06T01:18:11.0646803Z   2026-07-22: 2 problems
2026-10-06T01:18:11.4921594Z   2026-07-21: 2 problems
2026-10-06T01:18:11.9242000Z   2026-07-16: 2 problems
2026-10-06T01:18:12.3060328Z   2026-07-15: 2 problems
2026-10-06T01:18:12.6867092Z   2026-07-14: 2 problems
2026-10-06T01:18:13.0856980Z   2026-07-13: 2 problems
2026-10-06T01:18:13.4804444Z   2026-07-11: 2 problems
2026-10-06T01:18:13.8848522Z   2026-07-10: 2 problems
2026-10-06T01:18:14.2934383Z   2026-07-09: 2 problems
2026-10-06T01:18:14.6971055Z   2026-07-08: 2 problems
2026-10-06T01:18:15.0798187Z   2026-07-07: 2 problems
2026-10-06T01:18:15.4521907Z   2026-07-06: 2 problems
2026-10-06T01:18:15.8336336Z   2026-07-04: 2 problems
2026-10-06T01:18:16.2061500Z   2026-07-03: 2 problems
2026-10-06T01:18:16.5570026Z   2026-07-02: 2 problems
2026-10-06T01:18:16.9066434Z   2026-07-01: 2 problems
2026-10-06T01:18:17.2998038Z   2026-06-30: 2 problems
2026-10-06T01:18:17.6489296Z   2026-06-29: 2 problems
2026-10-06T01:18:18.0680310Z   2026-06-27: 2 problems
2026-10-06T01:18:18.4536550Z   2026-06-26: 2 problems
2026-10-06T01:18:18.9315994Z   2026-06-25: 2 problems
2026-10-06T01:18:19.3894857Z   2026-06-24: 2 problems
2026-10-06T01:18:19.8299810Z   2026-06-23: 2 problems
2026-10-06T01:18:20.4638661Z   2026-06-22: 2 problems
2026-10-06T01:18:20.7683705Z   2026-06-20: 1 problems
2026-10-06T01:18:21.3193311Z   2026-06-19: 2 problems
2026-10-06T01:18:21.8582798Z   2026-06-18: 2 problems
2026-10-06T01:18:22.4589304Z   2026-06-17: 2 problems
2026-10-06T01:18:22.8980069Z   2026-06-16: 2 problems
2026-10-06T01:18:23.4879478Z   2026-06-15: 2 problems
2026-10-06T01:18:23.9502068Z   2026-06-13: 2 problems
2026-10-06T01:18:24.4956356Z   2026-06-12: 2 problems
2026-10-06T01:18:24.9445908Z   2026-06-11: 2 problems
2026-10-06T01:18:25.4096450Z   2026-06-10: 2 problems
2026-10-06T01:18:25.8749532Z   2026-06-09: 2 problems
2026-10-06T01:18:26.3220819Z   2026-06-08: 2 problems
2026-10-06T01:18:26.7712162Z   2026-06-06: 2 problems
2026-10-06T01:18:27.2557506Z   2026-06-05: 2 problems
2026-10-06T01:18:27.6914823Z   2026-06-04: 2 problems
2026-10-06T01:18:27.8407150Z   2026-06-03: 2 problems
2026-10-06T01:18:28.3096958Z   2026-06-02: 2 problems
2026-10-06T01:18:28.7475254Z   2026-06-01: 2 problems
2026-10-06T01:18:29.2017324Z   2026-05-30: 2 problems
2026-10-06T01:18:29.6769305Z   2026-05-29: 2 problems
2026-10-06T01:18:30.1500204Z   2026-05-28: 2 problems
2026-10-06T01:18:30.6376557Z   2026-05-27: 2 problems
2026-10-06T01:18:30.9533342Z   2026-05-26: 2 problems
2026-10-06T01:18:31.4417460Z   2026-05-25: 2 problems
2026-10-06T01:18:31.9984908Z   2026-05-23: 2 problems
2026-10-06T01:18:32.4855821Z   2026-05-22: 2 problems
2026-10-06T01:18:32.9668687Z   2026-05-21: 2 problems
2026-10-06T01:18:33.4663421Z   2026-05-20: 2 problems
2026-10-06T01:18:33.9262730Z   2026-05-19: 2 problems
2026-10-06T01:18:34.3971332Z   2026-05-18: 2 problems
2026-10-06T01:18:35.0310700Z   2026-05-16: 2 problems
2026-10-06T01:18:35.5267372Z   2026-05-15: 2 problems
2026-10-06T01:18:35.9838402Z   2026-05-14: 2 problems
2026-10-06T01:18:36.4875108Z   2026-05-13: 2 problems
2026-10-06T01:18:36.9397151Z   2026-05-12: 2 problems
2026-10-06T01:18:37.4254122Z   2026-05-11: 2 problems
2026-10-06T01:18:38.1026443Z   2026-05-09: 2 problems
2026-10-06T01:18:38.5314304Z   2026-05-08: 2 problems
2026-10-06T01:18:39.0398743Z   2026-05-07: 2 problems
2026-10-06T01:18:39.5289287Z   2026-05-06: 2 problems
2026-10-06T01:18:39.9881879Z   2026-05-05: 2 problems
2026-10-06T01:18:40.4911040Z   2026-05-04: 2 problems
2026-10-06T01:18:40.9676373Z   2026-05-02: 2 problems
2026-10-06T01:18:41.4297305Z   2026-05-01: 2 problems
2026-10-06T01:18:41.8857254Z   2026-04-30: 2 problems
2026-10-06T01:18:42.3530226Z   2026-04-29: 2 problems
2026-10-06T01:18:42.8042935Z   2026-04-28: 2 problems
2026-10-06T01:18:43.4251488Z   2026-04-27: 2 problems
2026-10-06T01:18:43.9142209Z   2026-04-25: 2 problems
2026-10-06T01:18:44.3541001Z   2026-04-24: 2 problems
2026-10-06T01:18:44.7660786Z   2026-04-23: 2 problems
2026-10-06T01:18:45.2080307Z   2026-04-22: 2 problems
2026-10-06T01:18:45.6549127Z   2026-04-21: 2 problems
2026-10-06T01:18:46.1369486Z   2026-04-20: 2 problems
2026-10-06T01:18:46.5838706Z   2026-04-18: 2 problems
2026-10-06T01:18:47.0091359Z   2026-04-17: 2 problems
2026-10-06T01:18:47.5024743Z   2026-04-16: 2 problems
2026-10-06T01:18:48.0077404Z   2026-04-15: 2 problems
2026-10-06T01:18:48.4214324Z   2026-04-14: 2 problems
2026-10-06T01:18:48.8908627Z   2026-04-13: 2 problems
2026-10-06T01:18:49.3090903Z   2026-04-11: 2 problems
2026-10-06T01:18:49.7567662Z   2026-04-10: 2 problems
2026-10-06T01:18:50.3042041Z   2026-04-09: 2 problems
2026-10-06T01:18:50.6156331Z   2026-04-08: 2 problems
2026-10-06T01:18:51.0844603Z   2026-04-07: 2 problems
2026-10-06T01:18:51.4521736Z   2026-04-06: 2 problems
2026-10-06T01:18:51.8357036Z   2026-04-04: 2 problems
2026-10-06T01:18:52.2221067Z   2026-04-03: 2 problems
2026-10-06T01:18:52.6114307Z   2026-04-02: 2 problems
2026-10-06T01:18:53.0112021Z   2026-04-01: 2 problems
2026-10-06T01:18:53.5394020Z   2026-03-31: 2 problems
2026-10-06T01:18:54.0078648Z   2026-03-30: 2 problems
2026-10-06T01:18:54.4007453Z   2026-03-28: 2 problems
2026-10-06T01:18:54.7847469Z   2026-03-27: 2 problems
2026-10-06T01:18:55.1857001Z   2026-03-26: 2 problems
2026-10-06T01:18:55.5619232Z   2026-03-25: 2 problems
2026-10-06T01:18:55.9086949Z   2026-03-24: 2 problems
2026-10-06T01:18:56.2761471Z   2026-03-23: 2 problems
2026-10-06T01:18:56.6537423Z   2026-03-21: 2 problems
2026-10-06T01:18:57.0063155Z   2026-03-20: 2 problems
2026-10-06T01:18:57.3795346Z   2026-03-19: 2 problems
2026-10-06T01:18:57.7574981Z   2026-03-18: 2 problems
2026-10-06T01:18:58.1824470Z   2026-03-17: 2 problems
2026-10-06T01:18:58.6651221Z   2026-03-16: 2 problems
2026-10-06T01:18:59.0512308Z   2026-03-14: 2 problems
2026-10-06T01:18:59.4597342Z   2026-03-13: 2 problems
2026-10-06T01:18:59.8343596Z   2026-03-12: 2 problems
2026-10-06T01:19:00.2312908Z   2026-03-11: 2 problems
2026-10-06T01:19:00.6065453Z   2026-03-10: 2 problems
2026-10-06T01:19:01.0047748Z   2026-03-09: 2 problems
2026-10-06T01:19:01.4080686Z   2026-03-07: 2 problems
2026-10-06T01:19:01.7705091Z   2026-03-06: 2 problems
2026-10-06T01:19:02.1662824Z   2026-03-05: 2 problems
2026-10-06T01:19:02.6176220Z   2026-03-04: 2 problems
2026-10-06T01:19:03.1250795Z   2026-03-03: 2 problems
2026-10-06T01:19:03.5332727Z   2026-03-02: 2 problems
2026-10-06T01:19:03.9609076Z   2026-02-28: 2 problems
2026-10-06T01:19:04.3485941Z   2026-02-27: 2 problems
2026-10-06T01:19:04.8213384Z   2026-02-26: 2 problems
2026-10-06T01:19:05.2218761Z   2026-02-25: 2 problems
2026-10-06T01:19:05.6024265Z   2026-02-24: 2 problems
2026-10-06T01:19:06.0377969Z   2026-02-23: 2 problems
2026-10-06T01:19:06.3998647Z   2026-02-21: 2 problems
2026-10-06T01:19:06.7630822Z   2026-02-20: 2 problems
2026-10-06T01:19:07.1408417Z   2026-02-19: 2 problems
2026-10-06T01:19:07.5404770Z   2026-02-18: 2 problems
2026-10-06T01:19:07.9492518Z   2026-02-17: 2 problems
2026-10-06T01:19:08.3501224Z   2026-02-16: 2 problems
2026-10-06T01:19:08.7138175Z   2026-02-14: 2 problems
2026-10-06T01:19:09.0720697Z   2026-02-13: 2 problems
2026-10-06T01:19:09.4189786Z   2026-02-12: 2 problems
2026-10-06T01:19:09.7866830Z   2026-02-11: 2 problems
2026-10-06T01:19:10.2051037Z   2026-02-10: 2 problems
2026-10-06T01:19:10.6076170Z   2026-02-09: 2 problems
2026-10-06T01:19:10.9852377Z   2026-02-07: 2 problems
2026-10-06T01:19:11.3721824Z   2026-02-06: 2 problems
2026-10-06T01:19:11.7296100Z   2026-02-05: 2 problems
2026-10-06T01:19:12.1231358Z   2026-02-04: 2 problems
2026-10-06T01:19:12.5215690Z   2026-02-03: 2 problems
2026-10-06T01:19:12.8947524Z   2026-02-02: 2 problems
2026-10-06T01:19:13.2797493Z   2026-01-31: 2 problems
2026-10-06T01:19:13.6477704Z   2026-01-30: 2 problems
2026-10-06T01:19:14.0196166Z   2026-01-29: 2 problems
2026-10-06T01:19:14.3848271Z   2026-01-28: 2 problems
2026-10-06T01:19:14.7430203Z   2026-01-27: 2 problems
2026-10-06T01:19:15.1098439Z   2026-01-26: 2 problems
2026-10-06T01:19:15.5121031Z   2026-01-24: 2 problems
2026-10-06T01:19:15.8821825Z   2026-01-23: 2 problems
2026-10-06T01:19:16.1304947Z   2026-01-22: 2 problems
2026-10-06T01:19:16.5218502Z   2026-01-21: 2 problems
2026-10-06T01:19:16.8993519Z   2026-01-20: 2 problems
2026-10-06T01:19:17.2892679Z   2026-01-19: 2 problems
2026-10-06T01:19:17.6600793Z   2026-01-17: 2 problems
2026-10-06T01:19:18.0547834Z   2026-01-16: 2 problems
2026-10-06T01:19:18.4556241Z   2026-01-15: 2 problems
2026-10-06T01:19:18.8214660Z   2026-01-14: 2 problems
2026-10-06T01:19:19.2138980Z   2026-01-13: 2 problems
2026-10-06T01:19:19.6383460Z   2026-01-12: 2 problems
2026-10-06T01:19:20.1530942Z   2026-01-10: 2 problems
2026-10-06T01:19:20.7335106Z   2026-01-09: 2 problems
2026-10-06T01:19:21.1957296Z   2026-01-08: 2 problems
2026-10-06T01:19:21.6997142Z   2026-01-07: 2 problems
2026-10-06T01:19:22.1976440Z   2026-01-06: 2 problems
2026-10-06T01:19:22.6709517Z   2026-01-05: 2 problems
2026-10-06T01:19:23.2074397Z   2026-01-03: 2 problems
2026-10-06T01:19:23.6922423Z   2026-01-02: 2 problems
2026-10-06T01:19:24.2029708Z   2026-01-01: 2 problems
2026-10-06T01:19:24.8119089Z   2025-12-31: 2 problems
2026-10-06T01:19:25.2575142Z   2025-12-30: 2 problems
2026-10-06T01:19:25.6734758Z   2025-12-29: 2 problems
2026-10-06T01:19:26.1252612Z   2025-12-27: 2 problems
2026-10-06T01:19:26.5951080Z   2025-12-26: 2 problems
2026-10-06T01:19:27.0997278Z   2025-12-25: 2 problems
2026-10-06T01:19:27.5530798Z   2025-12-24: 2 problems
2026-10-06T01:19:28.0361406Z   2025-12-23: 2 problems
2026-10-06T01:19:28.4815431Z   2025-12-22: 2 problems
2026-10-06T01:19:28.9467369Z   2025-12-20: 2 problems
2026-10-06T01:19:29.3843421Z   2025-12-19: 2 problems
2026-10-06T01:19:29.8298707Z   2025-12-18: 2 problems
2026-10-06T01:19:30.3341365Z   2025-12-17: 2 problems
2026-10-06T01:19:30.7952896Z   2025-12-16: 2 problems
2026-10-06T01:19:31.2537738Z   2025-12-15: 2 problems
2026-10-06T01:19:31.7393203Z   2025-12-13: 2 problems
2026-10-06T01:19:32.2209895Z   2025-12-12: 2 problems
2026-10-06T01:19:32.6628645Z   2025-12-11: 2 problems
2026-10-06T01:19:33.1362947Z   2025-12-10: 2 problems
2026-10-06T01:19:33.6152515Z   2025-12-09: 2 problems
2026-10-06T01:19:33.9151274Z   2025-12-08: 2 problems
2026-10-06T01:19:34.3900057Z   2025-12-06: 2 problems
2026-10-06T01:19:34.8237458Z   2025-12-05: 2 problems
2026-10-06T01:19:35.3006371Z   2025-12-04: 2 problems
2026-10-06T01:19:35.7349631Z   2025-12-03: 2 problems
2026-10-06T01:19:36.1578439Z   2025-12-02: 2 problems
2026-10-06T01:19:36.6314365Z   2025-12-01: 2 problems
2026-10-06T01:19:37.0960847Z   2025-11-29: 2 problems
2026-10-06T01:19:37.5509116Z   2025-11-28: 2 problems
2026-10-06T01:19:37.9655921Z   2025-11-27: 2 problems
2026-10-06T01:19:38.4041174Z   2025-11-26: 2 problems
2026-10-06T01:19:38.8348635Z   2025-11-25: 2 problems
2026-10-06T01:19:39.3220185Z   2025-11-24: 2 problems
2026-10-06T01:19:39.7468848Z   2025-11-22: 2 problems
2026-10-06T01:19:40.2153780Z   2025-11-21: 2 problems
2026-10-06T01:19:40.6651722Z   2025-11-20: 2 problems
2026-10-06T01:19:41.1797060Z   2025-11-19: 2 problems
2026-10-06T01:19:41.6463856Z   2025-11-18: 2 problems
2026-10-06T01:19:42.1436237Z   2025-11-17: 2 problems
2026-10-06T01:19:42.6050245Z   2025-11-15: 2 problems
2026-10-06T01:19:43.1253052Z   2025-11-14: 2 problems
2026-10-06T01:19:43.5774258Z   2025-11-13: 2 problems
2026-10-06T01:19:44.0620952Z   2025-11-12: 2 problems
2026-10-06T01:19:44.5158883Z   2025-11-11: 2 problems
2026-10-06T01:19:44.9616568Z   2025-11-10: 2 problems
2026-10-06T01:19:45.3867289Z   2025-11-08: 2 problems
2026-10-06T01:19:45.8521879Z   2025-11-07: 2 problems
2026-10-06T01:19:46.3087609Z   2025-11-06: 2 problems
2026-10-06T01:19:46.8005590Z   2025-11-05: 2 problems
2026-10-06T01:19:47.2399126Z   2025-11-04: 2 problems
2026-10-06T01:19:47.7054256Z   2025-11-03: 2 problems
2026-10-06T01:19:48.2040893Z   2025-11-01: 2 problems
2026-10-06T01:19:48.4788526Z   2025-10-31: 2 problems
2026-10-06T01:19:48.8978152Z   2025-10-30: 2 problems
2026-10-06T01:19:49.3675338Z   2025-10-29: 2 problems
2026-10-06T01:19:49.8266305Z   2025-10-28: 2 problems
2026-10-06T01:19:50.3405824Z   2025-10-27: 2 problems
2026-10-06T01:19:50.7842373Z   2025-10-25: 2 problems
2026-10-06T01:19:51.2748221Z   2025-10-24: 2 problems
2026-10-06T01:19:51.6299364Z   2025-10-23: 2 problems
2026-10-06T01:19:52.0751306Z   2025-10-22: 2 problems
2026-10-06T01:19:52.5123379Z   2025-10-21: 2 problems
2026-10-06T01:19:52.9447483Z   2025-10-20: 2 problems
2026-10-06T01:19:53.3644377Z   2025-10-18: 2 problems
2026-10-06T01:19:53.7129451Z   2025-10-17: 2 problems
2026-10-06T01:19:54.1120919Z   2025-10-16: 2 problems
2026-10-06T01:19:54.4687656Z   2025-10-15: 2 problems
2026-10-06T01:19:54.8902917Z   2025-10-14: 2 problems
2026-10-06T01:19:55.2628832Z   2025-10-13: 2 problems
2026-10-06T01:19:55.6268511Z   2025-10-11: 2 problems
2026-10-06T01:19:56.0310848Z   2025-10-10: 2 problems
2026-10-06T01:19:56.4862832Z   2025-10-09: 2 problems
2026-10-06T01:19:56.8543819Z   2025-10-08: 2 problems
2026-10-06T01:19:57.2331660Z   2025-10-07: 2 problems
2026-10-06T01:19:57.6002900Z   2025-10-06: 2 problems
2026-10-06T01:19:57.9922253Z   2025-10-04: 2 problems
2026-10-06T01:19:58.3837084Z   2025-10-03: 2 problems
2026-10-06T01:19:58.7597077Z   2025-10-02: 2 problems
2026-10-06T01:19:59.2214730Z   2025-10-01: 2 problems
2026-10-06T01:19:59.5826433Z   2025-09-30: 2 problems
2026-10-06T01:19:59.9696953Z   2025-09-29: 2 problems
2026-10-06T01:20:00.3923943Z   2025-09-27: 2 problems
2026-10-06T01:20:00.7603354Z   2025-09-26: 2 problems
2026-10-06T01:20:01.1381664Z   2025-09-25: 2 problems
2026-10-06T01:20:01.5855492Z   2025-09-24: 2 problems
2026-10-06T01:20:01.9524717Z   2025-09-23: 2 problems
2026-10-06T01:20:02.3672804Z   2025-09-22: 2 problems
2026-10-06T01:20:02.7436922Z   2025-09-20: 2 problems
2026-10-06T01:20:03.1772746Z   2025-09-19: 2 problems
2026-10-06T01:20:03.5506545Z   2025-09-18: 2 problems
2026-10-06T01:20:03.9080653Z   2025-09-17: 2 problems
2026-10-06T01:20:04.3261917Z   2025-09-16: 2 problems
2026-10-06T01:20:04.7076230Z   2025-09-15: 2 problems
2026-10-06T01:20:05.1027624Z   2025-09-13: 2 problems
2026-10-06T01:20:05.4866934Z   2025-09-12: 2 problems
2026-10-06T01:20:05.8598058Z   2025-09-11: 2 problems
2026-10-06T01:20:06.2630946Z   2025-09-10: 2 problems
2026-10-06T01:20:06.6661286Z   2025-09-09: 2 problems
2026-10-06T01:20:07.0575161Z   2025-09-08: 2 problems
2026-10-06T01:20:07.4844027Z   2025-09-06: 2 problems
2026-10-06T01:20:07.8877817Z   2025-09-05: 2 problems
2026-10-06T01:20:08.3102545Z   2025-09-04: 2 problems
2026-10-06T01:20:08.6580199Z   2025-09-03: 2 problems
2026-10-06T01:20:09.0201395Z   2025-09-02: 2 problems
2026-10-06T01:20:09.3805748Z   2025-09-01: 2 problems
2026-10-06T01:20:09.7464392Z   2025-08-30: 2 problems
2026-10-06T01:20:10.0985467Z   2025-08-29: 2 problems
2026-10-06T01:20:10.4534919Z   2025-08-28: 2 problems
2026-10-06T01:20:10.8248282Z   2025-08-27: 2 problems
2026-10-06T01:20:11.1897737Z   2025-08-26: 2 problems
2026-10-06T01:20:11.5922035Z   2025-08-25: 2 problems
2026-10-06T01:20:11.9964979Z   2025-08-23: 2 problems
2026-10-06T01:20:12.8666222Z   2025-08-22: 2 problems
2026-10-06T01:20:13.2663426Z   2025-08-21: 2 problems
2026-10-06T01:20:13.7012177Z   2025-08-20: 2 problems
2026-10-06T01:20:14.0680048Z   2025-08-19: 2 problems
2026-10-06T01:20:14.4190641Z   2025-08-18: 2 problems
2026-10-06T01:20:14.7991488Z   2025-08-16: 2 problems
2026-10-06T01:20:15.1813201Z   2025-08-15: 2 problems
2026-10-06T01:20:15.5305168Z   2025-08-14: 2 problems
2026-10-06T01:20:15.9611835Z   2025-08-13: 2 problems
2026-10-06T01:20:16.3601393Z   2025-08-12: 2 problems
2026-10-06T01:20:16.7821924Z   2025-08-11: 2 problems
2026-10-06T01:20:17.1642704Z   2025-08-09: 2 problems
2026-10-06T01:20:17.5821136Z   2025-08-08: 2 problems
2026-10-06T01:20:17.9518779Z   2025-08-07: 2 problems
2026-10-06T01:20:18.3195455Z   2025-08-06: 2 problems
2026-10-06T01:20:18.6794461Z   2025-08-05: 2 problems
2026-10-06T01:20:19.0606507Z   2025-08-04: 2 problems
2026-10-06T01:20:19.4513012Z   2025-08-02: 2 problems
2026-10-06T01:20:19.8355084Z   2025-08-01: 2 problems
2026-10-06T01:20:20.1933855Z   2025-07-31: 2 problems
2026-10-06T01:20:20.5582897Z   2025-07-30: 2 problems
2026-10-06T01:20:20.9394309Z   2025-07-29: 2 problems
2026-10-06T01:20:21.3131734Z   2025-07-28: 2 problems
2026-10-06T01:20:21.6800887Z   2025-07-26: 2 problems
2026-10-06T01:20:22.0452709Z   2025-07-25: 2 problems
2026-10-06T01:20:22.4250312Z   2025-07-24: 2 problems
2026-10-06T01:20:22.7899165Z   2025-07-23: 2 problems
2026-10-06T01:20:23.1756492Z   2025-07-22: 2 problems
2026-10-06T01:20:23.5614786Z   2025-07-21: 2 problems
2026-10-06T01:20:23.9485252Z   2025-07-19: 2 problems
2026-10-06T01:20:24.3181463Z   2025-07-18: 2 problems
2026-10-06T01:20:24.7207996Z   2025-07-17: 2 problems
2026-10-06T01:20:25.1292267Z   2025-07-16: 2 problems
2026-10-06T01:20:25.4749421Z   2025-07-15: 2 problems
2026-10-06T01:20:25.8942278Z   2025-07-14: 2 problems
2026-10-06T01:20:26.2919514Z   2025-07-12: 2 problems
2026-10-06T01:20:26.6977167Z   2025-07-11: 2 problems
2026-10-06T01:20:27.0651193Z   2025-07-10: 2 problems
2026-10-06T01:20:27.5159809Z   2025-07-09: 2 problems
2026-10-06T01:20:27.9035651Z   2025-07-08: 2 problems
2026-10-06T01:20:28.2757546Z   2025-07-07: 2 problems
2026-10-06T01:20:28.6931114Z   2025-07-05: 2 problems
2026-10-06T01:20:29.0659377Z   2025-07-04: 2 problems
2026-10-06T01:20:29.4352631Z   2025-07-03: 2 problems
2026-10-06T01:20:29.7966179Z   2025-07-02: 2 problems
2026-10-06T01:20:30.1784308Z   2025-07-01: 2 problems
2026-10-06T01:20:30.5731628Z   2025-06-30: 2 problems
2026-10-06T01:20:30.9501820Z   2025-06-28: 2 problems
2026-10-06T01:20:31.3425531Z   2025-06-27: 2 problems
2026-10-06T01:20:31.7615690Z   2025-06-26: 2 problems
2026-10-06T01:20:32.1691185Z   2025-06-25: 2 problems
2026-10-06T01:20:32.5366414Z   2025-06-24: 2 problems
2026-10-06T01:20:32.8992967Z   2025-06-23: 2 problems
2026-10-06T01:20:33.1666594Z   2025-06-21: 2 problems
2026-10-06T01:20:33.5615496Z   2025-06-20: 2 problems
2026-10-06T01:20:34.0786058Z   2025-06-19: 2 problems
2026-10-06T01:20:34.5147572Z   2025-06-18: 2 problems
2026-10-06T01:20:34.9129853Z   2025-06-17: 2 problems
2026-10-06T01:20:35.3017052Z   2025-06-16: 2 problems
2026-10-06T01:20:35.6582732Z   2025-06-14: 2 problems
2026-10-06T01:20:36.0303184Z   2025-06-13: 2 problems
2026-10-06T01:20:36.9921413Z   2025-06-12: 2 problems
2026-10-06T01:20:37.3782519Z   2025-06-11: 2 problems
2026-10-06T01:20:37.7549473Z   2025-06-10: 2 problems
2026-10-06T01:20:38.1256627Z   2025-06-09: 2 problems
2026-10-06T01:20:38.6053187Z   2025-06-07: 2 problems
2026-10-06T01:20:39.0604446Z   2025-06-06: 2 problems
2026-10-06T01:20:39.4289543Z   2025-06-05: 2 problems
2026-10-06T01:20:39.8112846Z   2025-06-04: 2 problems
2026-10-06T01:20:40.2087678Z   2025-06-03: 2 problems
2026-10-06T01:20:40.6110668Z   2025-06-02: 2 problems
2026-10-06T01:20:41.0874715Z   2025-05-31: 2 problems
2026-10-06T01:20:41.4822939Z   2025-05-30: 2 problems
2026-10-06T01:20:41.8854117Z   2025-05-29: 2 problems
2026-10-06T01:20:42.2714353Z   2025-05-28: 2 problems
2026-10-06T01:20:42.6684654Z   2025-05-27: 2 problems
2026-10-06T01:20:43.0417600Z   2025-05-26: 2 problems
2026-10-06T01:20:43.4480301Z   2025-05-24: 2 problems
2026-10-06T01:20:43.8706021Z   2025-05-23: 2 problems
2026-10-06T01:20:44.2393852Z   2025-05-22: 2 problems
2026-10-06T01:20:44.6128829Z   2025-05-21: 2 problems
2026-10-06T01:20:44.9954876Z   2025-05-20: 2 problems
2026-10-06T01:20:45.3721117Z   2025-05-19: 2 problems
2026-10-06T01:20:45.7502448Z   2025-05-17: 2 problems
2026-10-06T01:20:46.1276574Z   2025-05-16: 2 problems
2026-10-06T01:20:46.5071420Z   2025-05-15: 2 problems
2026-10-06T01:20:46.8558285Z   2025-05-14: 2 problems
2026-10-06T01:20:47.3698996Z   2025-05-13: 2 problems
2026-10-06T01:20:47.7770732Z   2025-05-12: 2 problems
2026-10-06T01:20:48.1403171Z   2025-05-10: 2 problems
2026-10-06T01:20:48.5078181Z   2025-05-09: 2 problems
2026-10-06T01:20:48.8635297Z   2025-05-08: 2 problems
2026-10-06T01:20:49.2813749Z   2025-05-07: 2 problems
2026-10-06T01:20:49.6676928Z   2025-05-06: 2 problems
2026-10-06T01:20:50.1576443Z   2025-05-05: 2 problems
2026-10-06T01:20:50.6915411Z   2025-05-03: 2 problems
2026-10-06T01:20:51.2944716Z   2025-05-02: 2 problems
2026-10-06T01:20:51.7563513Z   2025-05-01: 2 problems
2026-10-06T01:20:52.2341063Z   2025-04-30: 2 problems
2026-10-06T01:20:52.7235799Z   2025-04-29: 2 problems
2026-10-06T01:20:53.2133502Z   2025-04-28: 2 problems
2026-10-06T01:20:53.8757613Z   2025-04-26: 2 problems
2026-10-06T01:20:54.4570158Z   2025-04-25: 2 problems
2026-10-06T01:20:54.8837259Z   2025-04-24: 2 problems
2026-10-06T01:20:55.3664165Z   2025-04-23: 2 problems
2026-10-06T01:20:55.8667755Z   2025-04-22: 2 problems
2026-10-06T01:20:56.3495417Z   2025-04-21: 2 problems
2026-10-06T01:20:56.8539663Z   2025-04-19: 2 problems
2026-10-06T01:20:57.3068007Z   2025-04-18: 2 problems
2026-10-06T01:20:57.7650301Z   2025-04-17: 2 problems
2026-10-06T01:20:58.2091347Z   2025-04-16: 2 problems
2026-10-06T01:20:58.7032849Z   2025-04-15: 2 problems
2026-10-06T01:20:59.1671127Z   2025-04-14: 2 problems
2026-10-06T01:20:59.6653987Z   2025-04-12: 2 problems
2026-10-06T01:21:00.0992719Z   2025-04-11: 2 problems
2026-10-06T01:21:00.5829227Z   2025-04-10: 2 problems
2026-10-06T01:21:01.0057922Z   2025-04-09: 2 problems
2026-10-06T01:21:01.4978175Z   2025-04-08: 2 problems
2026-10-06T01:21:02.0444572Z   2025-04-07: 2 problems
2026-10-06T01:21:02.5389506Z   2025-04-05: 2 problems
2026-10-06T01:21:03.0491333Z   2025-04-04: 2 problems
2026-10-06T01:21:03.5502814Z   2025-04-03: 2 problems
2026-10-06T01:21:03.9940659Z   2025-04-02: 2 problems
2026-10-06T01:21:04.4334425Z   2025-04-01: 2 problems
2026-10-06T01:21:04.9004881Z   2025-03-31: 2 problems
2026-10-06T01:21:05.3996609Z   2025-03-29: 2 problems
2026-10-06T01:21:05.8673676Z   2025-03-28: 2 problems
2026-10-06T01:21:06.3434474Z   2025-03-27: 2 problems
2026-10-06T01:21:06.7937761Z   2025-03-26: 2 problems
2026-10-06T01:21:07.3263616Z   2025-03-25: 2 problems
2026-10-06T01:21:07.7656689Z   2025-03-24: 2 problems
2026-10-06T01:21:08.2301279Z   2025-03-22: 2 problems
2026-10-06T01:21:08.6895848Z   2025-03-21: 2 problems
2026-10-06T01:21:09.1563414Z   2025-03-20: 2 problems
2026-10-06T01:21:09.6242780Z   2025-03-19: 2 problems
2026-10-06T01:21:10.0751701Z   2025-03-18: 2 problems
2026-10-06T01:21:10.5106194Z   2025-03-17: 2 problems
2026-10-06T01:21:10.9573820Z   2025-03-15: 2 problems
2026-10-06T01:21:11.4107230Z   2025-03-14: 2 problems
2026-10-06T01:21:11.8860257Z   2025-03-13: 2 problems
2026-10-06T01:21:12.3399147Z   2025-03-12: 2 problems
2026-10-06T01:21:12.7565838Z   2025-03-11: 2 problems
2026-10-06T01:21:13.2261489Z   2025-03-10: 2 problems
2026-10-06T01:21:13.7004426Z   2025-03-08: 2 problems
2026-10-06T01:21:14.1500041Z   2025-03-07: 2 problems
2026-10-06T01:21:14.6115070Z   2025-03-06: 2 problems
2026-10-06T01:21:15.0478948Z   2025-03-05: 2 problems
2026-10-06T01:21:15.5145962Z   2025-03-04: 2 problems
2026-10-06T01:21:15.9475360Z   2025-03-03: 2 problems
2026-10-06T01:21:16.4338020Z   2025-03-01: 2 problems
2026-10-06T01:21:16.9052324Z   2025-02-28: 2 problems
2026-10-06T01:21:17.3203634Z   2025-02-27: 2 problems
2026-10-06T01:21:17.8046244Z   2025-02-26: 2 problems
2026-10-06T01:21:18.3169279Z   2025-02-25: 2 problems
2026-10-06T01:21:18.7892733Z   2025-02-24: 2 problems
2026-10-06T01:21:19.2912061Z   2025-02-22: 2 problems
2026-10-06T01:21:19.7191642Z   2025-02-21: 2 problems
2026-10-06T01:21:20.2058438Z   2025-02-20: 2 problems
2026-10-06T01:21:20.8147629Z   2025-02-19: 2 problems
2026-10-06T01:21:21.2922365Z   2025-02-18: 2 problems
2026-10-06T01:21:21.7432034Z   2025-02-17: 2 problems
2026-10-06T01:21:22.1328272Z   2025-02-15: 2 problems
2026-10-06T01:21:22.6012165Z   2025-02-14: 2 problems
2026-10-06T01:21:23.0497270Z   2025-02-13: 2 problems
2026-10-06T01:21:23.4291297Z   2025-02-12: 2 problems
2026-10-06T01:21:23.8941482Z   2025-02-11: 2 problems
2026-10-06T01:21:24.2814875Z   2025-02-10: 2 problems
2026-10-06T01:21:24.6492393Z   2025-02-08: 2 problems
2026-10-06T01:21:25.1249031Z   2025-02-07: 2 problems
2026-10-06T01:21:25.5183195Z   2025-02-06: 2 problems
2026-10-06T01:21:26.0910786Z   2025-02-05: 2 problems
2026-10-06T01:21:26.4691209Z   2025-02-04: 2 problems
2026-10-06T01:21:26.8517748Z   2025-02-03: 2 problems
2026-10-06T01:21:27.2271209Z   2025-02-01: 2 problems
2026-10-06T01:21:27.5915925Z   2025-01-31: 2 problems
2026-10-06T01:21:27.9891558Z   2025-01-30: 2 problems
2026-10-06T01:21:28.4071455Z   2025-01-29: 2 problems
2026-10-06T01:21:28.8106952Z   2025-01-28: 2 problems
2026-10-06T01:21:29.1789499Z   2025-01-27: 2 problems
2026-10-06T01:21:29.5560674Z   2025-01-25: 2 problems
2026-10-06T01:21:30.0706665Z   2025-01-24: 2 problems
2026-10-06T01:21:30.4618298Z   2025-01-23: 2 problems
2026-10-06T01:21:30.8446686Z   2025-01-22: 2 problems
2026-10-06T01:21:31.2805213Z   2025-01-21: 2 problems
2026-10-06T01:21:31.6807283Z   2025-01-20: 2 problems
2026-10-06T01:21:32.0690233Z   2025-01-18: 2 problems
2026-10-06T01:21:32.4505069Z   2025-01-17: 2 problems
2026-10-06T01:21:32.8311834Z   2025-01-16: 2 problems
2026-10-06T01:21:33.2059236Z   2025-01-15: 2 problems
2026-10-06T01:21:33.5781960Z   2025-01-14: 2 problems
2026-10-06T01:21:33.9425041Z   2025-01-13: 2 problems
2026-10-06T01:21:34.3071041Z   2025-01-11: 2 problems
2026-10-06T01:21:34.6793312Z   2025-01-10: 2 problems
2026-10-06T01:21:35.0293334Z   2025-01-09: 2 problems
2026-10-06T01:21:35.4010760Z   2025-01-08: 2 problems
2026-10-06T01:21:35.7777675Z   2025-01-07: 2 problems
2026-10-06T01:21:36.1496013Z   2025-01-06: 2 problems
2026-10-06T01:21:36.5203006Z   2025-01-04: 2 problems
2026-10-06T01:21:36.9173892Z   2025-01-03: 2 problems
2026-10-06T01:21:37.2955994Z   2025-01-02: 2 problems
2026-10-06T01:21:37.6567347Z   2025-01-01: 2 problems
2026-10-06T01:21:38.0603062Z   2024-12-31: 2 problems
2026-10-06T01:21:38.4567240Z   2024-12-30: 2 problems
2026-10-06T01:21:38.8270238Z   2024-12-28: 2 problems
2026-10-06T01:21:39.2470877Z   2024-12-27: 2 problems
2026-10-06T01:21:39.6115470Z   2024-12-26: 2 problems
2026-10-06T01:21:39.9694767Z   2024-12-25: 2 problems
2026-10-06T01:21:40.3839306Z   2024-12-24: 2 problems
2026-10-06T01:21:40.8249857Z   2024-12-23: 2 problems
2026-10-06T01:21:41.2169885Z   2024-12-21: 2 problems
2026-10-06T01:21:41.7819137Z   2024-12-20: 2 problems
2026-10-06T01:21:42.1713204Z   2024-12-19: 2 problems
2026-10-06T01:21:42.5580931Z   2024-12-18: 2 problems
2026-10-06T01:21:42.9490298Z   2024-12-17: 2 problems
2026-10-06T01:21:43.3383337Z   2024-12-16: 2 problems
2026-10-06T01:21:43.7106907Z   2024-12-14: 2 problems
2026-10-06T01:21:44.1014311Z   2024-12-13: 2 problems
2026-10-06T01:21:44.5103093Z   2024-12-12: 2 problems
2026-10-06T01:21:44.8766019Z   2024-12-11: 2 problems
2026-10-06T01:21:45.2261286Z   2024-12-10: 2 problems
2026-10-06T01:21:45.6216318Z   2024-12-09: 2 problems
2026-10-06T01:21:46.0293219Z   2024-12-07: 2 problems
2026-10-06T01:21:46.4694840Z   2024-12-06: 2 problems
2026-10-06T01:21:46.8689477Z   2024-12-05: 2 problems
2026-10-06T01:21:47.2312739Z   2024-12-04: 2 problems
2026-10-06T01:21:47.5984657Z   2024-12-03: 2 problems
2026-10-06T01:21:47.9899354Z   2024-12-02: 2 problems
2026-10-06T01:21:48.3983034Z   2024-11-30: 2 problems
2026-10-06T01:21:48.7762513Z   2024-11-29: 2 problems
2026-10-06T01:21:49.1366551Z   2024-11-28: 2 problems
2026-10-06T01:21:49.4958950Z   2024-11-27: 2 problems
2026-10-06T01:21:49.8801877Z   2024-11-26: 2 problems
2026-10-06T01:21:50.2427000Z   2024-11-25: 2 problems
2026-10-06T01:21:50.6048659Z   2024-11-23: 2 problems
2026-10-06T01:21:50.9606048Z   2024-11-22: 2 problems
2026-10-06T01:21:51.2319162Z   2024-11-21: 2 problems
2026-10-06T01:21:51.5848927Z   2024-11-20: 2 problems
2026-10-06T01:21:51.9835542Z   2024-11-19: 2 problems
2026-10-06T01:21:52.4054498Z   2024-11-18: 2 problems
2026-10-06T01:21:52.7777772Z   2024-11-16: 2 problems
2026-10-06T01:21:53.1819522Z   2024-11-15: 2 problems
2026-10-06T01:21:53.5541695Z   2024-11-14: 2 problems
2026-10-06T01:21:53.9482280Z   2024-11-13: 2 problems
2026-10-06T01:21:54.3071824Z   2024-11-12: 2 problems
2026-10-06T01:21:54.6741820Z   2024-11-11: 2 problems
2026-10-06T01:21:55.0703661Z   2024-11-09: 2 problems
2026-10-06T01:21:55.4532368Z   2024-11-08: 2 problems
2026-10-06T01:21:55.8207708Z   2024-11-07: 2 problems
2026-10-06T01:21:56.2030622Z   2024-11-06: 2 problems
2026-10-06T01:21:56.5643836Z   2024-11-05: 2 problems
2026-10-06T01:21:56.9647902Z   2024-11-04: 2 problems
2026-10-06T01:21:57.3391623Z   2024-11-02: 2 problems
2026-10-06T01:21:57.7027808Z   2024-11-01: 2 problems
2026-10-06T01:21:58.1282157Z   2024-10-31: 2 problems
2026-10-06T01:21:58.6759161Z   2024-10-30: 2 problems
2026-10-06T01:21:59.0730765Z   2024-10-29: 2 problems
2026-10-06T01:21:59.4365387Z   2024-10-28: 2 problems
2026-10-06T01:21:59.7957461Z   2024-10-26: 2 problems
2026-10-06T01:22:00.1583359Z   2024-10-25: 2 problems
2026-10-06T01:22:00.5355955Z   2024-10-24: 2 problems
2026-10-06T01:22:00.9466543Z   2024-10-23: 2 problems
2026-10-06T01:22:01.3798444Z   2024-10-22: 2 problems
2026-10-06T01:22:01.8006676Z   2024-10-21: 2 problems
2026-10-06T01:22:02.1778724Z   2024-10-19: 2 problems
2026-10-06T01:22:02.5573777Z   2024-10-18: 2 problems
2026-10-06T01:22:02.9855446Z   2024-10-17: 2 problems
2026-10-06T01:22:03.5696197Z   2024-10-16: 2 problems
2026-10-06T01:22:04.0160846Z   2024-10-15: 2 problems
2026-10-06T01:22:04.4122015Z   2024-10-14: 2 problems
2026-10-06T01:22:04.7993802Z   2024-10-12: 2 problems
2026-10-06T01:22:05.1639304Z   2024-10-11: 2 problems
2026-10-06T01:22:05.5529538Z   2024-10-10: 2 problems
2026-10-06T01:22:05.9363767Z   2024-10-09: 2 problems
2026-10-06T01:22:06.3161938Z   2024-10-08: 2 problems
2026-10-06T01:22:06.6756640Z   2024-10-07: 2 problems
2026-10-06T01:22:07.0666037Z   2024-10-05: 2 problems
2026-10-06T01:22:07.4253520Z   2024-10-04: 2 problems
2026-10-06T01:22:07.8002262Z   2024-10-03: 2 problems
2026-10-06T01:22:08.2071453Z   2024-10-02: 2 problems
2026-10-06T01:22:08.6208411Z   2024-10-01: 2 problems
2026-10-06T01:22:08.9965976Z   2024-09-30: 2 problems
2026-10-06T01:22:09.3861454Z   2024-09-28: 2 problems
2026-10-06T01:22:09.9227562Z   2024-09-27: 2 problems
2026-10-06T01:22:10.4340011Z   2024-09-26: 2 problems
2026-10-06T01:22:10.8606071Z   2024-09-25: 2 problems
2026-10-06T01:22:11.1207679Z   2024-09-24: 2 problems
2026-10-06T01:22:11.5019487Z   2024-09-23: 2 problems
2026-10-06T01:22:11.8633555Z   2024-09-21: 2 problems
2026-10-06T01:22:12.2358045Z   2024-09-20: 2 problems
2026-10-06T01:22:12.6446712Z   2024-09-19: 2 problems
2026-10-06T01:22:13.2034397Z   2024-09-18: 2 problems
2026-10-06T01:22:13.6267843Z   2024-09-17: 2 problems
2026-10-06T01:22:14.0195163Z   2024-09-16: 2 problems
2026-10-06T01:22:14.3834804Z   2024-09-14: 2 problems
2026-10-06T01:22:14.7627356Z   2024-09-13: 2 problems
2026-10-06T01:22:15.1390668Z   2024-09-12: 2 problems
2026-10-06T01:22:15.5262391Z   2024-09-11: 2 problems
2026-10-06T01:22:15.9261656Z   2024-09-10: 2 problems
2026-10-06T01:22:16.3188726Z   2024-09-09: 2 problems
2026-10-06T01:22:16.7040603Z   2024-09-07: 2 problems
2026-10-06T01:22:17.1040908Z   2024-09-06: 2 problems
2026-10-06T01:22:17.5114976Z   2024-09-05: 2 problems
2026-10-06T01:22:17.8694995Z   2024-09-04: 2 problems
2026-10-06T01:22:18.3806061Z   2024-09-03: 2 problems
2026-10-06T01:22:18.7501206Z   2024-09-02: 2 problems
2026-10-06T01:22:19.1461870Z   2024-08-31: 2 problems
2026-10-06T01:22:19.5142419Z   2024-08-30: 2 problems
2026-10-06T01:22:19.8929883Z   2024-08-29: 2 problems
2026-10-06T01:22:20.2823464Z   2024-08-28: 2 problems
2026-10-06T01:22:20.6484463Z   2024-08-27: 2 problems
2026-10-06T01:22:21.0219298Z   2024-08-26: 2 problems
2026-10-06T01:22:21.4377730Z   2024-08-24: 2 problems
2026-10-06T01:22:21.8253230Z   2024-08-23: 2 problems
2026-10-06T01:22:22.2489675Z   2024-08-22: 2 problems
2026-10-06T01:22:22.6481604Z   2024-08-21: 2 problems
2026-10-06T01:22:23.0215890Z   2024-08-20: 2 problems
2026-10-06T01:22:23.4560602Z   2024-08-19: 2 problems
2026-10-06T01:22:23.9064696Z   2024-08-17: 2 problems
2026-10-06T01:22:24.7969055Z   2024-08-16: 2 problems
2026-10-06T01:22:25.1907448Z   2024-08-15: 2 problems
2026-10-06T01:22:25.5511119Z   2024-08-14: 2 problems
2026-10-06T01:22:25.9138649Z   2024-08-13: 2 problems
2026-10-06T01:22:26.2874127Z   2024-08-12: 2 problems
2026-10-06T01:22:26.7784956Z   2024-08-10: 2 problems
2026-10-06T01:22:27.1579336Z   2024-08-09: 2 problems
2026-10-06T01:22:27.5526864Z   2024-08-08: 2 problems
2026-10-06T01:22:27.9375786Z   2024-08-07: 2 problems
2026-10-06T01:22:28.3266375Z   2024-08-06: 2 problems
2026-10-06T01:22:28.7027544Z   2024-08-05: 2 problems
2026-10-06T01:22:29.0556707Z   2024-08-03: 2 problems
2026-10-06T01:22:29.5068871Z   2024-08-02: 2 problems
2026-10-06T01:22:30.3947767Z   2024-08-01: 2 problems
2026-10-06T01:22:30.8066700Z   2024-07-31: 2 problems
2026-10-06T01:22:31.2186035Z   2024-07-30: 2 problems
2026-10-06T01:22:31.5914929Z   2024-07-29: 2 problems
2026-10-06T01:22:31.9827097Z   2024-07-27: 2 problems
2026-10-06T01:22:32.3498171Z   2024-07-26: 2 problems
2026-10-06T01:22:32.7326992Z   2024-07-25: 2 problems
2026-10-06T01:22:33.1076534Z   2024-07-24: 2 problems
2026-10-06T01:22:33.4861967Z   2024-07-23: 2 problems
2026-10-06T01:22:33.8373905Z   2024-07-22: 2 problems
2026-10-06T01:22:34.2330365Z   2024-07-20: 2 problems
2026-10-06T01:22:34.6265428Z   2024-07-19: 2 problems
2026-10-06T01:22:34.9962066Z   2024-07-18: 2 problems
2026-10-06T01:22:35.3784427Z   2024-07-17: 2 problems
2026-10-06T01:22:35.7622915Z   2024-07-16: 2 problems
2026-10-06T01:22:36.1575302Z   2024-07-15: 2 problems
2026-10-06T01:22:36.5478652Z   2024-07-13: 2 problems
2026-10-06T01:22:36.8248214Z   2024-07-12: 2 problems
2026-10-06T01:22:37.2061234Z   2024-07-11: 2 problems
2026-10-06T01:22:37.5722169Z   2024-07-10: 2 problems
2026-10-06T01:22:37.9824478Z   2024-07-09: 2 problems
2026-10-06T01:22:38.3582515Z   2024-07-08: 2 problems
2026-10-06T01:22:38.7367265Z   2024-07-06: 2 problems
2026-10-06T01:22:39.1471920Z   2024-07-05: 2 problems
2026-10-06T01:22:39.5240747Z   2024-07-04: 2 problems
2026-10-06T01:22:39.8910964Z   2024-07-03: 2 problems
2026-10-06T01:22:40.2831644Z   2024-07-02: 2 problems
2026-10-06T01:22:40.7249307Z   2024-07-01: 2 problems
2026-10-06T01:22:41.1120790Z   2024-06-29: 2 problems
2026-10-06T01:22:41.5039752Z   2024-06-28: 2 problems
2026-10-06T01:22:41.8953164Z   2024-06-27: 2 problems
2026-10-06T01:22:42.3160250Z   2024-06-26: 2 problems
2026-10-06T01:22:42.7258640Z   2024-06-25: 2 problems
2026-10-06T01:22:43.1023864Z   2024-06-24: 2 problems
2026-10-06T01:22:43.4920152Z   2024-06-22: 2 problems
2026-10-06T01:22:43.8635257Z   2024-06-21: 2 problems
2026-10-06T01:22:44.2294539Z   2024-06-20: 2 problems
2026-10-06T01:22:44.6148138Z   2024-06-19: 2 problems
2026-10-06T01:22:44.9989539Z   2024-06-18: 2 problems
2026-10-06T01:22:45.3906816Z   2024-06-17: 2 problems
2026-10-06T01:22:45.7545337Z   2024-06-15: 2 problems
2026-10-06T01:22:46.1258663Z   2024-06-14: 2 problems
2026-10-06T01:22:46.5063367Z   2024-06-13: 2 problems
2026-10-06T01:22:46.8953023Z   2024-06-12: 2 problems
2026-10-06T01:22:47.2537082Z   2024-06-11: 2 problems
2026-10-06T01:22:47.6117936Z   2024-06-10: 2 problems
2026-10-06T01:22:47.9923295Z   2024-06-08: 2 problems
2026-10-06T01:22:48.3701177Z   2024-06-07: 2 problems
2026-10-06T01:22:48.7879504Z   2024-06-06: 2 problems
2026-10-06T01:22:49.1844025Z   2024-06-05: 2 problems
2026-10-06T01:22:49.5533804Z   2024-06-04: 2 problems
2026-10-06T01:22:50.1291304Z   2024-06-03: 2 problems
2026-10-06T01:22:50.6191507Z   2024-06-01: 2 problems
2026-10-06T01:22:50.9929666Z   2024-05-31: 2 problems
2026-10-06T01:22:51.4341772Z   2024-05-30: 2 problems
2026-10-06T01:22:51.8090943Z   2024-05-29: 2 problems
2026-10-06T01:22:52.2354131Z   2024-05-28: 2 problems
2026-10-06T01:22:52.6732167Z   2024-05-27: 2 problems
2026-10-06T01:22:53.0533261Z   2024-05-25: 2 problems
2026-10-06T01:22:53.4465706Z   2024-05-24: 2 problems
2026-10-06T01:22:53.8171949Z   2024-05-23: 2 problems
2026-10-06T01:22:54.1973399Z   2024-05-22: 2 problems
2026-10-06T01:22:54.5944022Z   2024-05-21: 2 problems
2026-10-06T01:22:55.0100035Z   2024-05-20: 2 problems
2026-10-06T01:22:55.3791104Z   2024-05-18: 2 problems
2026-10-06T01:22:55.7611003Z   2024-05-17: 2 problems
2026-10-06T01:22:56.1319237Z   2024-05-16: 2 problems
2026-10-06T01:22:56.5483418Z   2024-05-15: 2 problems
2026-10-06T01:22:56.9479729Z   2024-05-14: 2 problems
2026-10-06T01:22:57.3336594Z   2024-05-13: 2 problems
2026-10-06T01:22:57.7290885Z   2024-05-11: 2 problems
2026-10-06T01:22:58.1271574Z   2024-05-10: 2 problems
2026-10-06T01:22:58.5065867Z   2024-05-09: 2 problems
2026-10-06T01:22:58.8805557Z   2024-05-08: 2 problems
2026-10-06T01:22:59.2413166Z   2024-05-07: 2 problems
2026-10-06T01:22:59.6093377Z   2024-05-06: 2 problems
2026-10-06T01:22:59.9736208Z   2024-05-04: 2 problems
2026-10-06T01:23:00.4275042Z   2024-05-03: 2 problems
2026-10-06T01:23:00.8245762Z   2024-05-02: 2 problems
2026-10-06T01:23:01.7612440Z   2024-05-01: 2 problems
2026-10-06T01:23:02.1551832Z   2024-04-30: 2 problems
2026-10-06T01:23:02.5285217Z   2024-04-29: 2 problems
2026-10-06T01:23:02.9218018Z   2024-04-27: 2 problems
2026-10-06T01:23:03.2769863Z   2024-04-26: 2 problems
2026-10-06T01:23:03.6591787Z   2024-04-25: 2 problems
2026-10-06T01:23:04.0306403Z   2024-04-24: 2 problems
2026-10-06T01:23:04.4071223Z   2024-04-23: 2 problems
2026-10-06T01:23:04.7944680Z   2024-04-22: 2 problems
2026-10-06T01:23:05.1773817Z   2024-04-20: 2 problems
2026-10-06T01:23:05.6041839Z   2024-04-19: 2 problems
2026-10-06T01:23:06.0963028Z   2024-04-18: 2 problems
2026-10-06T01:23:06.5266412Z   2024-04-17: 2 problems
2026-10-06T01:23:06.9203479Z   2024-04-16: 2 problems
2026-10-06T01:23:07.2936399Z   2024-04-15: 2 problems
2026-10-06T01:23:07.6799547Z   2024-04-13: 2 problems
2026-10-06T01:23:08.0618858Z   2024-04-12: 2 problems
2026-10-06T01:23:08.4302004Z   2024-04-11: 2 problems
2026-10-06T01:23:08.8080632Z   2024-04-10: 2 problems
2026-10-06T01:23:09.2271694Z   2024-04-09: 2 problems
2026-10-06T01:23:09.6323952Z   2024-04-08: 2 problems
2026-10-06T01:23:10.0090175Z   2024-04-06: 2 problems
2026-10-06T01:23:10.3842576Z   2024-04-05: 2 problems
2026-10-06T01:23:10.7549550Z   2024-04-04: 2 problems
2026-10-06T01:23:11.1303103Z   2024-04-03: 2 problems
2026-10-06T01:23:11.4952164Z   2024-04-02: 2 problems
2026-10-06T01:23:11.8528917Z   2024-04-01: 2 problems
2026-10-06T01:23:12.2360380Z   2024-03-30: 2 problems
2026-10-06T01:23:12.6339340Z   2024-03-29: 2 problems
2026-10-06T01:23:12.9861366Z   2024-03-28: 2 problems
2026-10-06T01:23:13.3686477Z   2024-03-27: 2 problems
2026-10-06T01:23:13.7669132Z   2024-03-26: 2 problems
2026-10-06T01:23:14.1535534Z   2024-03-25: 2 problems
2026-10-06T01:23:14.5308738Z   2024-03-23: 2 problems
2026-10-06T01:23:14.9652883Z   2024-03-22: 2 problems
2026-10-06T01:23:15.3332659Z   2024-03-21: 2 problems
2026-10-06T01:23:15.7074905Z   2024-03-20: 2 problems
2026-10-06T01:23:16.1039247Z   2024-03-19: 2 problems
2026-10-06T01:23:16.6654110Z   2024-03-18: 2 problems
2026-10-06T01:23:17.1770190Z   2024-03-16: 2 problems
2026-10-06T01:23:17.5494656Z   2024-03-15: 2 problems
2026-10-06T01:23:17.9180648Z   2024-03-14: 2 problems
2026-10-06T01:23:18.2905604Z   2024-03-13: 2 problems
2026-10-06T01:23:18.7097160Z   2024-03-12: 2 problems
2026-10-06T01:23:19.0788458Z   2024-03-11: 2 problems
2026-10-06T01:23:19.4405825Z   2024-03-09: 2 problems
2026-10-06T01:23:19.8075211Z   2024-03-08: 2 problems
2026-10-06T01:23:20.1739897Z   2024-03-07: 2 problems
2026-10-06T01:23:20.5514793Z   2024-03-06: 2 problems
2026-10-06T01:23:20.9467789Z   2024-03-05: 2 problems
2026-10-06T01:23:21.3007073Z   2024-03-04: 2 problems
2026-10-06T01:23:21.6677955Z   2024-03-02: 2 problems
2026-10-06T01:23:22.0429419Z   2024-03-01: 2 problems
2026-10-06T01:23:22.5128681Z   2024-02-29: 2 problems
2026-10-06T01:23:22.9017792Z   2024-02-28: 2 problems
2026-10-06T01:23:23.2637102Z   2024-02-27: 2 problems
2026-10-06T01:23:23.6711726Z   2024-02-26: 2 problems
2026-10-06T01:23:23.6714023Z Building categories...
2026-10-06T01:23:26.7488504Z Wrote /home/runner/work/ys_problem_web/ys_problem_web/data/daily.json (815 days, 21 categories).
2026-10-06T01:23:26.7489405Z Syncing leaderboard (records.js from gh-pages)...
2026-10-06T01:23:26.9038000Z   ✓ 361 players, data through 2026-10-03 (unchanged)
2026-10-06T01:23:26.9038760Z LEADERBOARD-SYNC {"changed":false,"players":361,"currentDate":"2026-10-03"}
2026-10-06T01:23:26.9205352Z ##[group]Run xvfb-run -a node scripts/fetch-statements.mjs --limit 4 --delay 6000
2026-10-06T01:23:26.9206055Z [36;1mxvfb-run -a node scripts/fetch-statements.mjs --limit 4 --delay 6000[0m
2026-10-06T01:23:26.9273606Z shell: /usr/bin/bash -e {0}
2026-10-06T01:23:26.9273867Z env:
2026-10-06T01:23:26.9274095Z   CF_START_MODE: chrome-headful
2026-10-06T01:23:26.9274359Z ##[endgroup]
2026-10-06T01:23:27.1149278Z Statements on disk: 1601; missing in archive: 26; needs limits: 0; fetching: 4
2026-10-06T01:23:45.3291489Z   [1/4] ✗ GYM106259I — fetch/parse failed
2026-10-06T01:23:53.6142711Z   2 consecutive failures — cooling down 240s…
2026-10-06T01:27:54.9208509Z   [2/4] ✗ GYM105746C — fetch/parse failed
2026-10-06T01:28:10.4975959Z   [3/4] ✗ GYM106225C — fetch/parse failed
2026-10-06T01:28:26.1015354Z   2 consecutive failures — cooling down 240s…
2026-10-06T01:32:35.0203812Z   [4/4] ✗ GYM103575B — fetch/parse failed
2026-10-06T01:32:35.1081853Z 
2026-10-06T01:32:35.1082539Z Done: 0 saved, 4 failed.
2026-10-06T01:32:35.1083144Z Failed codes (rerun this script to retry):
2026-10-06T01:32:35.1083689Z   GYM106259I, GYM105746C, GYM106225C, GYM103575B
2026-10-06T01:32:35.2307946Z ##[group]Run OUT=$(xvfb-run -a node scripts/repair-zsmj.mjs --limit 200 --delay 6000)
2026-10-06T01:32:35.2308929Z [36;1mOUT=$(xvfb-run -a node scripts/repair-zsmj.mjs --limit 200 --delay 6000)[0m
2026-10-06T01:32:35.2309572Z [36;1mecho "$OUT"[0m
2026-10-06T01:32:35.2310185Z [36;1mREPAIRED=$(echo "$OUT" | grep -oE 'Done: [0-9]+ repaired' | grep -oE '[0-9]+' || echo 0)[0m
2026-10-06T01:32:35.2311357Z [36;1mREMAINING=$(grep -l '%%ZSMJ' data/statements/*.json 2>/dev/null | wc -l | tr -d ' ')[0m
2026-10-06T01:32:35.2312185Z [36;1mecho "repaired=$REPAIRED" >> "$GITHUB_OUTPUT"[0m
2026-10-06T01:32:35.2312779Z [36;1mecho "remaining=$REMAINING" >> "$GITHUB_OUTPUT"[0m
2026-10-06T01:32:35.2392948Z shell: /usr/bin/bash -e {0}
2026-10-06T01:32:35.2393354Z env:
2026-10-06T01:32:35.2393693Z   CF_START_MODE: chrome-headful
2026-10-06T01:32:35.2394103Z ##[endgroup]
2026-10-06T01:32:35.5737785Z Statements to repair: 0
2026-10-06T01:32:35.5962016Z ##[group]Run CF_STATEMENTS=0 TRANSLATE=0 node scripts/update-data.mjs
2026-10-06T01:32:35.5962530Z [36;1mCF_STATEMENTS=0 TRANSLATE=0 node scripts/update-data.mjs[0m
2026-10-06T01:32:35.6029198Z shell: /usr/bin/bash -e {0}
2026-10-06T01:32:35.6029475Z ##[endgroup]
2026-10-06T01:32:35.7378595Z Discovering daily problem folders...
2026-10-06T01:32:36.6243373Z Found 815 days, syncing the most recent 815.
2026-10-06T01:32:37.2313600Z   2026-10-06: 2 problems
2026-10-06T01:32:37.5467449Z   2026-10-05: 2 problems
2026-10-06T01:32:37.9467085Z   2026-10-03: 2 problems
2026-10-06T01:32:38.3326821Z   2026-10-02: 2 problems
2026-10-06T01:32:38.6741255Z   2026-10-01: 2 problems
2026-10-06T01:32:38.9887687Z   2026-09-30: 2 problems
2026-10-06T01:32:39.4337378Z   2026-09-29: 2 problems
2026-10-06T01:32:39.7204337Z   2026-09-28: 2 problems
2026-10-06T01:32:40.1921183Z   2026-09-26: 2 problems
2026-10-06T01:32:40.5137998Z   2026-09-25: 2 problems
2026-10-06T01:32:40.8092650Z   2026-09-24: 2 problems
2026-10-06T01:32:41.1499528Z   2026-09-23: 2 problems
2026-10-06T01:32:41.4854218Z   2026-09-22: 2 problems
2026-10-06T01:32:42.3420301Z   2026-09-21: 2 problems
2026-10-06T01:32:42.6682051Z   2026-09-19: 2 problems
2026-10-06T01:32:43.0116788Z   2026-09-18: 2 problems
2026-10-06T01:32:43.3065796Z   2026-09-17: 2 problems
2026-10-06T01:32:43.6129872Z   2026-09-16: 2 problems
2026-10-06T01:32:43.9101197Z   2026-09-15: 2 problems
2026-10-06T01:32:44.1229519Z   2026-09-14: 2 problems
2026-10-06T01:32:44.4167973Z   2026-09-12: 2 problems
2026-10-06T01:32:44.7355878Z   2026-09-11: 2 problems
2026-10-06T01:32:45.1877016Z   2026-09-10: 2 problems
2026-10-06T01:32:45.4918278Z   2026-09-09: 2 problems
2026-10-06T01:32:45.8138622Z   2026-09-08: 2 problems
2026-10-06T01:32:46.1354769Z   2026-09-07: 2 problems
2026-10-06T01:32:46.4692242Z   2026-09-05: 2 problems
2026-10-06T01:32:46.7941948Z   2026-09-04: 2 problems
2026-10-06T01:32:47.0952854Z   2026-09-03: 2 problems
2026-10-06T01:32:47.4008934Z   2026-09-02: 2 problems
2026-10-06T01:32:47.7242355Z   2026-09-01: 2 problems
2026-10-06T01:32:48.0635048Z   2026-08-31: 2 problems
2026-10-06T01:32:48.3912516Z   2026-08-29: 2 problems
2026-10-06T01:32:48.7178508Z   2026-08-28: 2 problems
2026-10-06T01:32:49.0337118Z   2026-08-27: 2 problems
2026-10-06T01:32:49.3592680Z   2026-08-26: 2 problems
2026-10-06T01:32:49.6637352Z   2026-08-25: 2 problems
2026-10-06T01:32:49.9762765Z   2026-08-24: 2 problems
2026-10-06T01:32:50.3241158Z   2026-08-22: 2 problems
2026-10-06T01:32:50.6476621Z   2026-08-21: 2 problems
2026-10-06T01:32:50.9605346Z   2026-08-20: 2 problems
2026-10-06T01:32:51.2647765Z   2026-08-19: 2 problems
2026-10-06T01:32:51.6062625Z   2026-08-18: 2 problems
2026-10-06T01:32:51.9702689Z   2026-08-17: 2 problems
2026-10-06T01:32:52.3104862Z   2026-08-15: 2 problems
2026-10-06T01:32:52.6082439Z   2026-08-14: 2 problems
2026-10-06T01:32:52.9181677Z   2026-08-13: 2 problems
2026-10-06T01:32:53.3450325Z   2026-08-12: 2 problems
2026-10-06T01:32:53.6392503Z   2026-08-11: 2 problems
2026-10-06T01:32:54.0913531Z   2026-08-10: 2 problems
2026-10-06T01:32:54.3996298Z   2026-08-08: 2 problems
2026-10-06T01:32:54.8977346Z   2026-08-07: 2 problems
2026-10-06T01:32:55.1924538Z   2026-08-06: 2 problems
2026-10-06T01:32:55.4903865Z   2026-08-05: 2 problems
2026-10-06T01:32:55.8632996Z   2026-08-04: 2 problems
2026-10-06T01:32:56.1639434Z   2026-08-03: 2 problems
2026-10-06T01:32:56.4798236Z   2026-08-01: 2 problems
2026-10-06T01:32:56.7493724Z   2026-07-31: 2 problems
2026-10-06T01:32:57.0654991Z   2026-07-30: 2 problems
2026-10-06T01:32:57.4119356Z   2026-07-29: 2 problems
2026-10-06T01:32:57.7301936Z   2026-07-28: 2 problems
2026-10-06T01:32:58.0493174Z   2026-07-27: 2 problems
2026-10-06T01:32:58.3480179Z   2026-07-25: 2 problems
2026-10-06T01:32:58.6560178Z   2026-07-24: 2 problems
2026-10-06T01:32:58.9667323Z   2026-07-23: 2 problems
2026-10-06T01:32:59.2960613Z   2026-07-22: 2 problems
2026-10-06T01:32:59.5859932Z   2026-07-21: 2 problems
2026-10-06T01:32:59.8890896Z   2026-07-16: 2 problems
2026-10-06T01:33:00.2441968Z   2026-07-15: 2 problems
2026-10-06T01:33:00.5423567Z   2026-07-14: 2 problems
2026-10-06T01:33:00.8600980Z   2026-07-13: 2 problems
2026-10-06T01:33:01.8758363Z   2026-07-11: 2 problems
2026-10-06T01:33:02.1844317Z   2026-07-10: 2 problems
2026-10-06T01:33:02.5085652Z   2026-07-09: 2 problems
2026-10-06T01:33:02.8252126Z   2026-07-08: 2 problems
2026-10-06T01:33:03.1418518Z   2026-07-07: 2 problems
2026-10-06T01:33:03.5363145Z   2026-07-06: 2 problems
2026-10-06T01:33:03.8519627Z   2026-07-04: 2 problems
2026-10-06T01:33:04.1619700Z   2026-07-03: 2 problems
2026-10-06T01:33:04.5068863Z   2026-07-02: 2 problems
2026-10-06T01:33:04.7968573Z   2026-07-01: 2 problems
2026-10-06T01:33:05.1102609Z   2026-06-30: 2 problems
2026-10-06T01:33:05.4224822Z   2026-06-29: 2 problems
2026-10-06T01:33:05.7241915Z   2026-06-27: 2 problems
2026-10-06T01:33:06.0314243Z   2026-06-26: 2 problems
2026-10-06T01:33:06.3648902Z   2026-06-25: 2 problems
2026-10-06T01:33:06.7056692Z   2026-06-24: 2 problems
2026-10-06T01:33:07.0629892Z   2026-06-23: 2 problems
2026-10-06T01:33:07.4411568Z   2026-06-22: 2 problems
2026-10-06T01:33:07.6993834Z   2026-06-20: 1 problems
2026-10-06T01:33:08.1113673Z   2026-06-19: 2 problems
2026-10-06T01:33:08.4945293Z   2026-06-18: 2 problems
2026-10-06T01:33:08.9083423Z   2026-06-17: 2 problems
2026-10-06T01:33:09.2562477Z   2026-06-16: 2 problems
2026-10-06T01:33:09.6889621Z   2026-06-15: 2 problems
2026-10-06T01:33:10.0828195Z   2026-06-13: 2 problems
2026-10-06T01:33:10.4868990Z   2026-06-12: 2 problems
2026-10-06T01:33:10.8735347Z   2026-06-11: 2 problems
2026-10-06T01:33:11.2389622Z   2026-06-10: 2 problems
2026-10-06T01:33:11.6005109Z   2026-06-09: 2 problems
2026-10-06T01:33:11.9931356Z   2026-06-08: 2 problems
2026-10-06T01:33:12.3905981Z   2026-06-06: 2 problems
2026-10-06T01:33:12.7962955Z   2026-06-05: 2 problems
2026-10-06T01:33:13.1558285Z   2026-06-04: 2 problems
2026-10-06T01:33:13.2890113Z   2026-06-03: 2 problems
2026-10-06T01:33:13.6465101Z   2026-06-02: 2 problems
2026-10-06T01:33:14.0064119Z   2026-06-01: 2 problems
2026-10-06T01:33:14.4147373Z   2026-05-30: 2 problems
2026-10-06T01:33:14.7953806Z   2026-05-29: 2 problems
2026-10-06T01:33:15.1582854Z   2026-05-28: 2 problems
2026-10-06T01:33:15.5902134Z   2026-05-27: 2 problems
2026-10-06T01:33:15.8410355Z   2026-05-26: 2 problems
2026-10-06T01:33:16.2099236Z   2026-05-25: 2 problems
2026-10-06T01:33:16.6188706Z   2026-05-23: 2 problems
2026-10-06T01:33:16.9847309Z   2026-05-22: 2 problems
2026-10-06T01:33:17.3879062Z   2026-05-21: 2 problems
2026-10-06T01:33:17.7907745Z   2026-05-20: 2 problems
2026-10-06T01:33:18.1796967Z   2026-05-19: 2 problems
2026-10-06T01:33:18.5594794Z   2026-05-18: 2 problems
2026-10-06T01:33:18.9509886Z   2026-05-16: 2 problems
2026-10-06T01:33:19.3500856Z   2026-05-15: 2 problems
2026-10-06T01:33:19.7264023Z   2026-05-14: 2 problems
2026-10-06T01:33:20.1457367Z   2026-05-13: 2 problems
2026-10-06T01:33:20.7047304Z   2026-05-12: 2 problems
2026-10-06T01:33:21.1065264Z   2026-05-11: 2 problems
2026-10-06T01:33:21.6105746Z   2026-05-09: 2 problems
2026-10-06T01:33:22.3173583Z   2026-05-08: 2 problems
2026-10-06T01:33:22.7993357Z   2026-05-07: 2 problems
2026-10-06T01:33:23.1823506Z   2026-05-06: 2 problems
2026-10-06T01:33:23.5352686Z   2026-05-05: 2 problems
2026-10-06T01:33:23.9033079Z   2026-05-04: 2 problems
2026-10-06T01:33:24.2983829Z   2026-05-02: 2 problems
2026-10-06T01:33:24.7517606Z   2026-05-01: 2 problems
2026-10-06T01:33:25.1211563Z   2026-04-30: 2 problems
2026-10-06T01:33:25.5236770Z   2026-04-29: 2 problems
2026-10-06T01:33:25.9238552Z   2026-04-28: 2 problems
2026-10-06T01:33:26.3719917Z   2026-04-27: 2 problems
2026-10-06T01:33:26.7429243Z   2026-04-25: 2 problems
2026-10-06T01:33:27.1257030Z   2026-04-24: 2 problems
2026-10-06T01:33:27.5288108Z   2026-04-23: 2 problems
2026-10-06T01:33:27.8814685Z   2026-04-22: 2 problems
2026-10-06T01:33:28.2857719Z   2026-04-21: 2 problems
2026-10-06T01:33:28.6739390Z   2026-04-20: 2 problems
2026-10-06T01:33:29.0500236Z   2026-04-18: 2 problems
2026-10-06T01:33:29.4381047Z   2026-04-17: 2 problems
2026-10-06T01:33:29.9155825Z   2026-04-16: 2 problems
2026-10-06T01:33:30.6524083Z   2026-04-15: 2 problems
2026-10-06T01:33:31.0311573Z   2026-04-14: 2 problems
2026-10-06T01:33:32.9878284Z   2026-04-13: 2 problems
2026-10-06T01:33:33.3744000Z   2026-04-11: 2 problems
2026-10-06T01:33:33.9410617Z   2026-04-10: 2 problems
2026-10-06T01:33:34.3471265Z   2026-04-09: 2 problems
2026-10-06T01:33:34.9573362Z   2026-04-08: 2 problems
2026-10-06T01:33:35.2495927Z   2026-04-07: 2 problems
2026-10-06T01:33:35.5506079Z   2026-04-06: 2 problems
2026-10-06T01:33:35.8862974Z   2026-04-04: 2 problems
2026-10-06T01:33:36.1827340Z   2026-04-03: 2 problems
2026-10-06T01:33:36.5037676Z   2026-04-02: 2 problems
2026-10-06T01:33:36.8461456Z   2026-04-01: 2 problems
2026-10-06T01:33:37.2102202Z   2026-03-31: 2 problems
2026-10-06T01:33:37.7257591Z   2026-03-30: 2 problems
2026-10-06T01:33:38.0759977Z   2026-03-28: 2 problems
2026-10-06T01:33:38.3745094Z   2026-03-27: 2 problems
2026-10-06T01:33:38.6671261Z   2026-03-26: 2 problems
2026-10-06T01:33:38.9693358Z   2026-03-25: 2 problems
2026-10-06T01:33:39.2602016Z   2026-03-24: 2 problems
2026-10-06T01:33:39.5445411Z   2026-03-23: 2 problems
2026-10-06T01:33:39.9441328Z   2026-03-21: 2 problems
2026-10-06T01:33:40.2407240Z   2026-03-20: 2 problems
2026-10-06T01:33:40.6239987Z   2026-03-19: 2 problems
2026-10-06T01:33:40.9632529Z   2026-03-18: 2 problems
2026-10-06T01:33:41.2603028Z   2026-03-17: 2 problems
2026-10-06T01:33:41.6079116Z   2026-03-16: 2 problems
2026-10-06T01:33:41.9481238Z   2026-03-14: 2 problems
2026-10-06T01:33:42.2508846Z   2026-03-13: 2 problems
2026-10-06T01:33:42.6187711Z   2026-03-12: 2 problems
2026-10-06T01:33:42.9388552Z   2026-03-11: 2 problems
2026-10-06T01:33:43.2669786Z   2026-03-10: 2 problems
2026-10-06T01:33:43.5722947Z   2026-03-09: 2 problems
2026-10-06T01:33:43.8916952Z   2026-03-07: 2 problems
2026-10-06T01:33:44.2020640Z   2026-03-06: 2 problems
2026-10-06T01:33:44.5137884Z   2026-03-05: 2 problems
2026-10-06T01:33:44.8246548Z   2026-03-04: 2 problems
2026-10-06T01:33:45.1061176Z   2026-03-03: 2 problems
2026-10-06T01:33:45.4039107Z   2026-03-02: 2 problems
2026-10-06T01:33:45.7741859Z   2026-02-28: 2 problems
2026-10-06T01:33:46.0852370Z   2026-02-27: 2 problems
2026-10-06T01:33:46.3937642Z   2026-02-26: 2 problems
2026-10-06T01:33:46.7032161Z   2026-02-25: 2 problems
2026-10-06T01:33:47.0257761Z   2026-02-24: 2 problems
2026-10-06T01:33:47.3289806Z   2026-02-23: 2 problems
2026-10-06T01:33:47.6118810Z   2026-02-21: 2 problems
2026-10-06T01:33:47.9254336Z   2026-02-20: 2 problems
2026-10-06T01:33:48.2171002Z   2026-02-19: 2 problems
2026-10-06T01:33:48.5846116Z   2026-02-18: 2 problems
2026-10-06T01:33:48.8857174Z   2026-02-17: 2 problems
2026-10-06T01:33:49.1795989Z   2026-02-16: 2 problems
2026-10-06T01:33:49.5186171Z   2026-02-14: 2 problems
2026-10-06T01:33:49.8547430Z   2026-02-13: 2 problems
2026-10-06T01:33:50.2238550Z   2026-02-12: 2 problems
2026-10-06T01:33:50.5445810Z   2026-02-11: 2 problems
2026-10-06T01:33:50.8746221Z   2026-02-10: 2 problems
2026-10-06T01:33:51.1737342Z   2026-02-09: 2 problems
2026-10-06T01:33:51.4542752Z   2026-02-07: 2 problems
2026-10-06T01:33:51.9626217Z   2026-02-06: 2 problems
2026-10-06T01:33:52.5229247Z   2026-02-05: 2 problems
2026-10-06T01:33:52.8197471Z   2026-02-04: 2 problems
2026-10-06T01:33:53.1905870Z   2026-02-03: 2 problems
2026-10-06T01:33:53.4944917Z   2026-02-02: 2 problems
2026-10-06T01:33:53.7838249Z   2026-01-31: 2 problems
2026-10-06T01:33:54.1549200Z   2026-01-30: 2 problems
2026-10-06T01:33:54.4482765Z   2026-01-29: 2 problems
2026-10-06T01:33:54.8381106Z   2026-01-28: 2 problems
2026-10-06T01:33:55.1997662Z   2026-01-27: 2 problems
2026-10-06T01:33:55.4924905Z   2026-01-26: 2 problems
2026-10-06T01:33:55.7853011Z   2026-01-24: 2 problems
2026-10-06T01:33:56.0811577Z   2026-01-23: 2 problems
2026-10-06T01:33:56.2805202Z   2026-01-22: 2 problems
2026-10-06T01:33:56.5798644Z   2026-01-21: 2 problems
2026-10-06T01:33:56.8674607Z   2026-01-20: 2 problems
2026-10-06T01:33:57.1776470Z   2026-01-19: 2 problems
2026-10-06T01:33:57.4648330Z   2026-01-17: 2 problems
2026-10-06T01:33:57.7538906Z   2026-01-16: 2 problems
2026-10-06T01:33:58.0474231Z   2026-01-15: 2 problems
2026-10-06T01:33:58.3463196Z   2026-01-14: 2 problems
2026-10-06T01:33:58.6984175Z   2026-01-13: 2 problems
2026-10-06T01:33:59.0560196Z   2026-01-12: 2 problems
2026-10-06T01:33:59.3790805Z   2026-01-10: 2 problems
2026-10-06T01:33:59.8705644Z   2026-01-09: 2 problems
2026-10-06T01:34:00.2427532Z   2026-01-08: 2 problems
2026-10-06T01:34:00.5969778Z   2026-01-07: 2 problems
2026-10-06T01:34:00.9498791Z   2026-01-06: 2 problems
2026-10-06T01:34:01.3453227Z   2026-01-05: 2 problems
2026-10-06T01:34:01.7007552Z   2026-01-03: 2 problems
2026-10-06T01:34:02.0624844Z   2026-01-02: 2 problems
2026-10-06T01:34:02.4425255Z   2026-01-01: 2 problems
2026-10-06T01:34:02.9139761Z   2025-12-31: 2 problems
2026-10-06T01:34:03.2801237Z   2025-12-30: 2 problems
2026-10-06T01:34:03.6230628Z   2025-12-29: 2 problems
2026-10-06T01:34:04.0309439Z   2025-12-27: 2 problems
2026-10-06T01:34:04.4146373Z   2025-12-26: 2 problems
2026-10-06T01:34:04.8577490Z   2025-12-25: 2 problems
2026-10-06T01:34:05.2294625Z   2025-12-24: 2 problems
2026-10-06T01:34:05.6071535Z   2025-12-23: 2 problems
2026-10-06T01:34:05.9707064Z   2025-12-22: 2 problems
2026-10-06T01:34:06.4163107Z   2025-12-20: 2 problems
2026-10-06T01:34:06.7502629Z   2025-12-19: 2 problems
2026-10-06T01:34:07.1342574Z   2025-12-18: 2 problems
2026-10-06T01:34:07.6459848Z   2025-12-17: 2 problems
2026-10-06T01:34:08.0064855Z   2025-12-16: 2 problems
2026-10-06T01:34:08.3888643Z   2025-12-15: 2 problems
2026-10-06T01:34:08.7489960Z   2025-12-13: 2 problems
2026-10-06T01:34:09.1211909Z   2025-12-12: 2 problems
2026-10-06T01:34:09.4962030Z   2025-12-11: 2 problems
2026-10-06T01:34:09.8626022Z   2025-12-10: 2 problems
2026-10-06T01:34:10.2465907Z   2025-12-09: 2 problems
2026-10-06T01:34:10.5025333Z   2025-12-08: 2 problems
2026-10-06T01:34:10.8569327Z   2025-12-06: 2 problems
2026-10-06T01:34:11.2318610Z   2025-12-05: 2 problems
2026-10-06T01:34:11.6268964Z   2025-12-04: 2 problems
2026-10-06T01:34:12.1014774Z   2025-12-03: 2 problems
2026-10-06T01:34:12.4192661Z   2025-12-02: 2 problems
2026-10-06T01:34:12.7679634Z   2025-12-01: 2 problems
2026-10-06T01:34:13.1585533Z   2025-11-29: 2 problems
2026-10-06T01:34:13.5063643Z   2025-11-28: 2 problems
2026-10-06T01:34:13.8980032Z   2025-11-27: 2 problems
2026-10-06T01:34:14.2651526Z   2025-11-26: 2 problems
2026-10-06T01:34:14.6459994Z   2025-11-25: 2 problems
2026-10-06T01:34:15.0117994Z   2025-11-24: 2 problems
2026-10-06T01:34:15.3871645Z   2025-11-22: 2 problems
2026-10-06T01:34:15.7535564Z   2025-11-21: 2 problems
2026-10-06T01:34:16.1315462Z   2025-11-20: 2 problems
2026-10-06T01:34:16.6369119Z   2025-11-19: 2 problems
2026-10-06T01:34:17.0061304Z   2025-11-18: 2 problems
2026-10-06T01:34:17.3767541Z   2025-11-17: 2 problems
2026-10-06T01:34:17.7519172Z   2025-11-15: 2 problems
2026-10-06T01:34:18.0948207Z   2025-11-14: 2 problems
2026-10-06T01:34:18.5352587Z   2025-11-13: 2 problems
2026-10-06T01:34:18.9280683Z   2025-11-12: 2 problems
2026-10-06T01:34:19.3332326Z   2025-11-11: 2 problems
2026-10-06T01:34:19.6952851Z   2025-11-10: 2 problems
2026-10-06T01:34:20.0577875Z   2025-11-08: 2 problems
2026-10-06T01:34:20.5361228Z   2025-11-07: 2 problems
2026-10-06T01:34:20.9065972Z   2025-11-06: 2 problems
2026-10-06T01:34:21.2617065Z   2025-11-05: 2 problems
2026-10-06T01:34:21.6549848Z   2025-11-04: 2 problems
2026-10-06T01:34:22.0303576Z   2025-11-03: 2 problems
2026-10-06T01:34:22.3872066Z   2025-11-01: 2 problems
2026-10-06T01:34:22.6410595Z   2025-10-31: 2 problems
2026-10-06T01:34:23.0265011Z   2025-10-30: 2 problems
2026-10-06T01:34:23.5195321Z   2025-10-29: 2 problems
2026-10-06T01:34:24.0807563Z   2025-10-28: 2 problems
2026-10-06T01:34:24.4681177Z   2025-10-27: 2 problems
2026-10-06T01:34:24.7619666Z   2025-10-25: 2 problems
2026-10-06T01:34:25.0610376Z   2025-10-24: 2 problems
2026-10-06T01:34:25.3637850Z   2025-10-23: 2 problems
2026-10-06T01:34:25.7023074Z   2025-10-22: 2 problems
2026-10-06T01:34:26.0273059Z   2025-10-21: 2 problems
2026-10-06T01:34:26.3329649Z   2025-10-20: 2 problems
2026-10-06T01:34:26.6316169Z   2025-10-18: 2 problems
2026-10-06T01:34:26.9517108Z   2025-10-17: 2 problems
2026-10-06T01:34:27.2823548Z   2025-10-16: 2 problems
2026-10-06T01:34:27.5820119Z   2025-10-15: 2 problems
2026-10-06T01:34:27.8831545Z   2025-10-14: 2 problems
2026-10-06T01:34:28.2062259Z   2025-10-13: 2 problems
2026-10-06T01:34:28.5018669Z   2025-10-11: 2 problems
2026-10-06T01:34:28.8457743Z   2025-10-10: 2 problems
2026-10-06T01:34:29.1550068Z   2025-10-09: 2 problems
2026-10-06T01:34:29.5009262Z   2025-10-08: 2 problems
2026-10-06T01:34:29.8073037Z   2025-10-07: 2 problems
2026-10-06T01:34:30.1140559Z   2025-10-06: 2 problems
2026-10-06T01:34:30.4463871Z   2025-10-04: 2 problems
2026-10-06T01:34:30.7430094Z   2025-10-03: 2 problems
2026-10-06T01:34:31.0426589Z   2025-10-02: 2 problems
2026-10-06T01:34:31.3890686Z   2025-10-01: 2 problems
2026-10-06T01:34:31.6927796Z   2025-09-30: 2 problems
2026-10-06T01:34:31.9824391Z   2025-09-29: 2 problems
2026-10-06T01:34:32.2789101Z   2025-09-27: 2 problems
2026-10-06T01:34:32.5821083Z   2025-09-26: 2 problems
2026-10-06T01:34:32.8812659Z   2025-09-25: 2 problems
2026-10-06T01:34:33.1883931Z   2025-09-24: 2 problems
2026-10-06T01:34:33.4790642Z   2025-09-23: 2 problems
2026-10-06T01:34:33.7821607Z   2025-09-22: 2 problems
2026-10-06T01:34:34.0618619Z   2025-09-20: 2 problems
2026-10-06T01:34:34.3779317Z   2025-09-19: 2 problems
2026-10-06T01:34:34.6976014Z   2025-09-18: 2 problems
2026-10-06T01:34:35.0349745Z   2025-09-17: 2 problems
2026-10-06T01:34:35.3579063Z   2025-09-16: 2 problems
2026-10-06T01:34:35.6491477Z   2025-09-15: 2 problems
2026-10-06T01:34:35.9783690Z   2025-09-13: 2 problems
2026-10-06T01:34:36.2676734Z   2025-09-12: 2 problems
2026-10-06T01:34:36.6471569Z   2025-09-11: 2 problems
2026-10-06T01:34:36.9461286Z   2025-09-10: 2 problems
2026-10-06T01:34:37.3189572Z   2025-09-09: 2 problems
2026-10-06T01:34:37.6188706Z   2025-09-08: 2 problems
2026-10-06T01:34:37.9128927Z   2025-09-06: 2 problems
2026-10-06T01:34:38.2347235Z   2025-09-05: 2 problems
2026-10-06T01:34:38.6837494Z   2025-09-04: 2 problems
2026-10-06T01:34:39.0338036Z   2025-09-03: 2 problems
2026-10-06T01:34:39.3482904Z   2025-09-02: 2 problems
2026-10-06T01:34:39.6781695Z   2025-09-01: 2 problems
2026-10-06T01:34:39.9729054Z   2025-08-30: 2 problems
2026-10-06T01:34:40.2541481Z   2025-08-29: 2 problems
2026-10-06T01:34:40.5423617Z   2025-08-28: 2 problems
2026-10-06T01:34:40.8370304Z   2025-08-27: 2 problems
2026-10-06T01:34:41.1423634Z   2025-08-26: 2 problems
2026-10-06T01:34:41.4524452Z   2025-08-25: 2 problems
2026-10-06T01:34:41.7489378Z   2025-08-23: 2 problems
2026-10-06T01:34:42.0600293Z   2025-08-22: 2 problems
2026-10-06T01:34:42.4075356Z   2025-08-21: 2 problems
2026-10-06T01:34:42.8062861Z   2025-08-20: 2 problems
2026-10-06T01:34:43.3071979Z   2025-08-19: 2 problems
2026-10-06T01:34:43.6669638Z   2025-08-18: 2 problems
2026-10-06T01:34:43.9693186Z   2025-08-16: 2 problems
2026-10-06T01:34:44.2864052Z   2025-08-15: 2 problems
2026-10-06T01:34:44.5823221Z   2025-08-14: 2 problems
2026-10-06T01:34:44.8807110Z   2025-08-13: 2 problems
2026-10-06T01:34:45.1741050Z   2025-08-12: 2 problems
2026-10-06T01:34:45.4776703Z   2025-08-11: 2 problems
2026-10-06T01:34:45.7827571Z   2025-08-09: 2 problems
2026-10-06T01:34:46.0768991Z   2025-08-08: 2 problems
2026-10-06T01:34:46.4028751Z   2025-08-07: 2 problems
2026-10-06T01:34:46.7330887Z   2025-08-06: 2 problems
2026-10-06T01:34:47.0787742Z   2025-08-05: 2 problems
2026-10-06T01:34:47.4350987Z   2025-08-04: 2 problems
2026-10-06T01:34:47.7603372Z   2025-08-02: 2 problems
2026-10-06T01:34:48.0915581Z   2025-08-01: 2 problems
2026-10-06T01:34:48.4296031Z   2025-07-31: 2 problems
2026-10-06T01:34:48.7352701Z   2025-07-30: 2 problems
2026-10-06T01:34:49.0512080Z   2025-07-29: 2 problems
2026-10-06T01:34:49.3757057Z   2025-07-28: 2 problems
2026-10-06T01:34:49.6677849Z   2025-07-26: 2 problems
2026-10-06T01:34:49.9779060Z   2025-07-25: 2 problems
2026-10-06T01:34:50.2920263Z   2025-07-24: 2 problems
2026-10-06T01:34:50.7016255Z   2025-07-23: 2 problems
2026-10-06T01:34:50.9977383Z   2025-07-22: 2 problems
2026-10-06T01:34:51.3560032Z   2025-07-21: 2 problems
2026-10-06T01:34:51.6461011Z   2025-07-19: 2 problems
2026-10-06T01:34:51.9402196Z   2025-07-18: 2 problems
2026-10-06T01:34:52.2342968Z   2025-07-17: 2 problems
2026-10-06T01:34:52.5181993Z   2025-07-16: 2 problems
2026-10-06T01:34:52.8060043Z   2025-07-15: 2 problems
2026-10-06T01:34:53.1338886Z   2025-07-14: 2 problems
2026-10-06T01:34:53.4894811Z   2025-07-12: 2 problems
2026-10-06T01:34:53.8741343Z   2025-07-11: 2 problems
2026-10-06T01:34:54.1805087Z   2025-07-10: 2 problems
2026-10-06T01:34:54.5134747Z   2025-07-09: 2 problems
2026-10-06T01:34:54.8172166Z   2025-07-08: 2 problems
2026-10-06T01:34:55.1162536Z   2025-07-07: 2 problems
2026-10-06T01:34:55.4924664Z   2025-07-05: 2 problems
2026-10-06T01:34:55.7897836Z   2025-07-04: 2 problems
2026-10-06T01:34:56.1284573Z   2025-07-03: 2 problems
2026-10-06T01:34:56.4345760Z   2025-07-02: 2 problems
2026-10-06T01:34:56.7527619Z   2025-07-01: 2 problems
2026-10-06T01:34:57.0719842Z   2025-06-30: 2 problems
2026-10-06T01:34:57.4023700Z   2025-06-28: 2 problems
2026-10-06T01:34:57.7401165Z   2025-06-27: 2 problems
2026-10-06T01:34:58.0349471Z   2025-06-26: 2 problems
2026-10-06T01:34:58.3399571Z   2025-06-25: 2 problems
2026-10-06T01:34:58.6496825Z   2025-06-24: 2 problems
2026-10-06T01:34:59.0174302Z   2025-06-23: 2 problems
2026-10-06T01:34:59.2351103Z   2025-06-21: 2 problems
2026-10-06T01:34:59.5321687Z   2025-06-20: 2 problems
2026-10-06T01:34:59.8167028Z   2025-06-19: 2 problems
2026-10-06T01:35:00.1292209Z   2025-06-18: 2 problems
2026-10-06T01:35:00.4687076Z   2025-06-17: 2 problems
2026-10-06T01:35:00.7573020Z   2025-06-16: 2 problems
2026-10-06T01:35:01.0904173Z   2025-06-14: 2 problems
2026-10-06T01:35:01.4265777Z   2025-06-13: 2 problems
2026-10-06T01:35:01.8011654Z   2025-06-12: 2 problems
2026-10-06T01:35:02.3298417Z   2025-06-11: 2 problems
2026-10-06T01:35:02.6187669Z   2025-06-10: 2 problems
2026-10-06T01:35:02.9301069Z   2025-06-09: 2 problems
2026-10-06T01:35:03.3201567Z   2025-06-07: 2 problems
2026-10-06T01:35:03.6742916Z   2025-06-06: 2 problems
2026-10-06T01:35:04.0282025Z   2025-06-05: 2 problems
2026-10-06T01:35:04.3724658Z   2025-06-04: 2 problems
2026-10-06T01:35:04.6830308Z   2025-06-03: 2 problems
2026-10-06T01:35:05.0074572Z   2025-06-02: 2 problems
2026-10-06T01:35:05.3038722Z   2025-05-31: 2 problems
2026-10-06T01:35:05.5989673Z   2025-05-30: 2 problems
2026-10-06T01:35:05.9065387Z   2025-05-29: 2 problems
2026-10-06T01:35:06.2063950Z   2025-05-28: 2 problems
2026-10-06T01:35:06.4981780Z   2025-05-27: 2 problems
2026-10-06T01:35:06.8053569Z   2025-05-26: 2 problems
2026-10-06T01:35:07.0998758Z   2025-05-24: 2 problems
2026-10-06T01:35:07.4659780Z   2025-05-23: 2 problems
2026-10-06T01:35:08.0428539Z   2025-05-22: 2 problems
2026-10-06T01:35:08.3838398Z   2025-05-21: 2 problems
2026-10-06T01:35:08.6913496Z   2025-05-20: 2 problems
2026-10-06T01:35:09.0372854Z   2025-05-19: 2 problems
2026-10-06T01:35:09.3591597Z   2025-05-17: 2 problems
2026-10-06T01:35:09.7075220Z   2025-05-16: 2 problems
2026-10-06T01:35:10.0243369Z   2025-05-15: 2 problems
2026-10-06T01:35:10.3617804Z   2025-05-14: 2 problems
2026-10-06T01:35:10.6794148Z   2025-05-13: 2 problems
2026-10-06T01:35:11.0020021Z   2025-05-12: 2 problems
2026-10-06T01:35:11.3599917Z   2025-05-10: 2 problems
2026-10-06T01:35:11.7197618Z   2025-05-09: 2 problems
2026-10-06T01:35:12.0351798Z   2025-05-08: 2 problems
2026-10-06T01:35:12.8867546Z   2025-05-07: 2 problems
2026-10-06T01:35:13.2788031Z   2025-05-06: 2 problems
2026-10-06T01:35:13.5876343Z   2025-05-05: 2 problems
2026-10-06T01:35:13.9740243Z   2025-05-03: 2 problems
2026-10-06T01:35:14.3571688Z   2025-05-02: 2 problems
2026-10-06T01:35:14.7674798Z   2025-05-01: 2 problems
2026-10-06T01:35:15.1919047Z   2025-04-30: 2 problems
2026-10-06T01:35:15.6460922Z   2025-04-29: 2 problems
2026-10-06T01:35:16.0163984Z   2025-04-28: 2 problems
2026-10-06T01:35:16.4470256Z   2025-04-26: 2 problems
2026-10-06T01:35:16.8030217Z   2025-04-25: 2 problems
2026-10-06T01:35:17.1608125Z   2025-04-24: 2 problems
2026-10-06T01:35:17.5281577Z   2025-04-23: 2 problems
2026-10-06T01:35:17.9635116Z   2025-04-22: 2 problems
2026-10-06T01:35:18.8334079Z   2025-04-21: 2 problems
2026-10-06T01:35:19.2575827Z   2025-04-19: 2 problems
2026-10-06T01:35:19.6512723Z   2025-04-18: 2 problems
2026-10-06T01:35:20.0135969Z   2025-04-17: 2 problems
2026-10-06T01:35:20.4035502Z   2025-04-16: 2 problems
2026-10-06T01:35:20.7837597Z   2025-04-15: 2 problems
2026-10-06T01:35:21.1350598Z   2025-04-14: 2 problems
2026-10-06T01:35:21.5411432Z   2025-04-12: 2 problems
2026-10-06T01:35:21.9605947Z   2025-04-11: 2 problems
2026-10-06T01:35:22.3668250Z   2025-04-10: 2 problems
2026-10-06T01:35:22.8021010Z   2025-04-09: 2 problems
2026-10-06T01:35:23.1945398Z   2025-04-08: 2 problems
2026-10-06T01:35:23.6732894Z   2025-04-07: 2 problems
2026-10-06T01:35:24.0460201Z   2025-04-05: 2 problems
2026-10-06T01:35:24.4472658Z   2025-04-04: 2 problems
2026-10-06T01:35:24.8160982Z   2025-04-03: 2 problems
2026-10-06T01:35:25.1739455Z   2025-04-02: 2 problems
2026-10-06T01:35:25.5351825Z   2025-04-01: 2 problems
2026-10-06T01:35:25.9031090Z   2025-03-31: 2 problems
2026-10-06T01:35:26.2738941Z   2025-03-29: 2 problems
2026-10-06T01:35:26.6914736Z   2025-03-28: 2 problems
2026-10-06T01:35:27.0496934Z   2025-03-27: 2 problems
2026-10-06T01:35:27.3969011Z   2025-03-26: 2 problems
2026-10-06T01:35:27.8071729Z   2025-03-25: 2 problems
2026-10-06T01:35:28.1728034Z   2025-03-24: 2 problems
2026-10-06T01:35:28.5504003Z   2025-03-22: 2 problems
2026-10-06T01:35:28.9491678Z   2025-03-21: 2 problems
2026-10-06T01:35:29.3052966Z   2025-03-20: 2 problems
2026-10-06T01:35:29.6766852Z   2025-03-19: 2 problems
2026-10-06T01:35:30.0514963Z   2025-03-18: 2 problems
2026-10-06T01:35:30.4178509Z   2025-03-17: 2 problems
2026-10-06T01:35:30.7619272Z   2025-03-15: 2 problems
2026-10-06T01:35:31.1862700Z   2025-03-14: 2 problems
2026-10-06T01:35:31.5755659Z   2025-03-13: 2 problems
2026-10-06T01:35:31.9448520Z   2025-03-12: 2 problems
2026-10-06T01:35:32.3446931Z   2025-03-11: 2 problems
2026-10-06T01:35:32.7145422Z   2025-03-10: 2 problems
2026-10-06T01:35:33.0753057Z   2025-03-08: 2 problems
2026-10-06T01:35:33.4417936Z   2025-03-07: 2 problems
2026-10-06T01:35:33.8141510Z   2025-03-06: 2 problems
2026-10-06T01:35:34.2421587Z   2025-03-05: 2 problems
2026-10-06T01:35:34.6392702Z   2025-03-04: 2 problems
2026-10-06T01:35:35.2191656Z   2025-03-03: 2 problems
2026-10-06T01:35:35.6543624Z   2025-03-01: 2 problems
2026-10-06T01:35:36.0570927Z   2025-02-28: 2 problems
2026-10-06T01:35:36.4167236Z   2025-02-27: 2 problems
2026-10-06T01:35:36.7816922Z   2025-02-26: 2 problems
2026-10-06T01:35:37.1441181Z   2025-02-25: 2 problems
2026-10-06T01:35:37.5255168Z   2025-02-24: 2 problems
2026-10-06T01:35:38.2171908Z   2025-02-22: 2 problems
2026-10-06T01:35:38.6311710Z   2025-02-21: 2 problems
2026-10-06T01:35:39.2326505Z   2025-02-20: 2 problems
2026-10-06T01:35:39.7820383Z   2025-02-19: 2 problems
2026-10-06T01:35:40.3115758Z   2025-02-18: 2 problems
2026-10-06T01:35:40.7836938Z   2025-02-17: 2 problems
2026-10-06T01:35:41.2450228Z   2025-02-15: 2 problems
2026-10-06T01:35:41.7321728Z   2025-02-14: 2 problems
2026-10-06T01:35:42.2149329Z   2025-02-13: 2 problems
2026-10-06T01:35:42.6686291Z   2025-02-12: 2 problems
2026-10-06T01:35:43.2083930Z   2025-02-11: 2 problems
2026-10-06T01:35:43.6853416Z   2025-02-10: 2 problems
2026-10-06T01:35:44.1288379Z   2025-02-08: 2 problems
2026-10-06T01:35:44.6364968Z   2025-02-07: 2 problems
2026-10-06T01:35:45.0551651Z   2025-02-06: 2 problems
2026-10-06T01:35:45.5514465Z   2025-02-05: 2 problems
2026-10-06T01:35:46.0942773Z   2025-02-04: 2 problems
2026-10-06T01:35:46.5862006Z   2025-02-03: 2 problems
2026-10-06T01:35:47.0430822Z   2025-02-01: 2 problems
2026-10-06T01:35:47.5208739Z   2025-01-31: 2 problems
2026-10-06T01:35:48.0270873Z   2025-01-30: 2 problems
2026-10-06T01:35:48.5322104Z   2025-01-29: 2 problems
2026-10-06T01:35:49.0503096Z   2025-01-28: 2 problems
2026-10-06T01:35:49.5475918Z   2025-01-27: 2 problems
2026-10-06T01:35:50.0233888Z   2025-01-25: 2 problems
2026-10-06T01:35:50.6874789Z   2025-01-24: 2 problems
2026-10-06T01:35:51.1714269Z   2025-01-23: 2 problems
2026-10-06T01:35:51.6593298Z   2025-01-22: 2 problems
2026-10-06T01:35:52.1313343Z   2025-01-21: 2 problems
2026-10-06T01:35:52.6398706Z   2025-01-20: 2 problems
2026-10-06T01:35:53.1369155Z   2025-01-18: 2 problems
2026-10-06T01:35:53.6120341Z   2025-01-17: 2 problems
2026-10-06T01:35:54.0859084Z   2025-01-16: 2 problems
2026-10-06T01:35:54.5705972Z   2025-01-15: 2 problems
2026-10-06T01:35:55.0441057Z   2025-01-14: 2 problems
2026-10-06T01:35:55.5590063Z   2025-01-13: 2 problems
2026-10-06T01:35:56.0627264Z   2025-01-11: 2 problems
2026-10-06T01:35:56.5511123Z   2025-01-10: 2 problems
2026-10-06T01:35:57.0222682Z   2025-01-09: 2 problems
2026-10-06T01:35:57.4780994Z   2025-01-08: 2 problems
2026-10-06T01:35:57.9401544Z   2025-01-07: 2 problems
2026-10-06T01:35:58.4288228Z   2025-01-06: 2 problems
2026-10-06T01:35:58.8932248Z   2025-01-04: 2 problems
2026-10-06T01:35:59.3592074Z   2025-01-03: 2 problems
2026-10-06T01:35:59.8463780Z   2025-01-02: 2 problems
2026-10-06T01:36:00.3216695Z   2025-01-01: 2 problems
2026-10-06T01:36:00.7911978Z   2024-12-31: 2 problems
2026-10-06T01:36:01.2802970Z   2024-12-30: 2 problems
2026-10-06T01:36:01.7579814Z   2024-12-28: 2 problems
2026-10-06T01:36:02.2531623Z   2024-12-27: 2 problems
2026-10-06T01:36:02.7170940Z   2024-12-26: 2 problems
2026-10-06T01:36:03.1774432Z   2024-12-25: 2 problems
2026-10-06T01:36:03.6731260Z   2024-12-24: 2 problems
2026-10-06T01:36:04.1793658Z   2024-12-23: 2 problems
2026-10-06T01:36:04.6400966Z   2024-12-21: 2 problems
2026-10-06T01:36:05.1195449Z   2024-12-20: 2 problems
2026-10-06T01:36:05.6287138Z   2024-12-19: 2 problems
2026-10-06T01:36:06.0971408Z   2024-12-18: 2 problems
2026-10-06T01:36:06.6198396Z   2024-12-17: 2 problems
2026-10-06T01:36:07.0468159Z   2024-12-16: 2 problems
2026-10-06T01:36:07.4891934Z   2024-12-14: 2 problems
2026-10-06T01:36:08.1820035Z   2024-12-13: 2 problems
2026-10-06T01:36:08.7054810Z   2024-12-12: 2 problems
2026-10-06T01:36:09.0918028Z   2024-12-11: 2 problems
2026-10-06T01:36:09.4282303Z   2024-12-10: 2 problems
2026-10-06T01:36:09.7618947Z   2024-12-09: 2 problems
2026-10-06T01:36:10.0485480Z   2024-12-07: 2 problems
2026-10-06T01:36:10.4194599Z   2024-12-06: 2 problems
2026-10-06T01:36:10.7987488Z   2024-12-05: 2 problems
2026-10-06T01:36:11.1202261Z   2024-12-04: 2 problems
2026-10-06T01:36:11.4620277Z   2024-12-03: 2 problems
2026-10-06T01:36:11.9251841Z   2024-12-02: 2 problems
2026-10-06T01:36:12.2443065Z   2024-11-30: 2 problems
2026-10-06T01:36:12.5543790Z   2024-11-29: 2 problems
2026-10-06T01:36:12.8606193Z   2024-11-28: 2 problems
2026-10-06T01:36:13.2300055Z   2024-11-27: 2 problems
2026-10-06T01:36:13.5742995Z   2024-11-26: 2 problems
2026-10-06T01:36:13.8895026Z   2024-11-25: 2 problems
2026-10-06T01:36:14.3159594Z   2024-11-23: 2 problems
2026-10-06T01:36:14.6582531Z   2024-11-22: 2 problems
2026-10-06T01:36:14.9129592Z   2024-11-21: 2 problems
2026-10-06T01:36:15.2384680Z   2024-11-20: 2 problems
2026-10-06T01:36:15.6065923Z   2024-11-19: 2 problems
2026-10-06T01:36:16.0493109Z   2024-11-18: 2 problems
2026-10-06T01:36:16.3974195Z   2024-11-16: 2 problems
2026-10-06T01:36:16.6859927Z   2024-11-15: 2 problems
2026-10-06T01:36:16.9806298Z   2024-11-14: 2 problems
2026-10-06T01:36:17.3061899Z   2024-11-13: 2 problems
2026-10-06T01:36:17.6124998Z   2024-11-12: 2 problems
2026-10-06T01:36:17.9176831Z   2024-11-11: 2 problems
2026-10-06T01:36:18.2407365Z   2024-11-09: 2 problems
2026-10-06T01:36:18.5624761Z   2024-11-08: 2 problems
2026-10-06T01:36:18.8747391Z   2024-11-07: 2 problems
2026-10-06T01:36:19.1665409Z   2024-11-06: 2 problems
2026-10-06T01:36:19.4809950Z   2024-11-05: 2 problems
2026-10-06T01:36:19.8274485Z   2024-11-04: 2 problems
2026-10-06T01:36:20.1269763Z   2024-11-02: 2 problems
2026-10-06T01:36:20.4644368Z   2024-11-01: 2 problems
2026-10-06T01:36:20.7769563Z   2024-10-31: 2 problems
2026-10-06T01:36:21.2111355Z   2024-10-30: 2 problems
2026-10-06T01:36:21.5569730Z   2024-10-29: 2 problems
2026-10-06T01:36:21.8643106Z   2024-10-28: 2 problems
2026-10-06T01:36:22.1700854Z   2024-10-26: 2 problems
2026-10-06T01:36:22.5431282Z   2024-10-25: 2 problems
2026-10-06T01:36:22.8429271Z   2024-10-24: 2 problems
2026-10-06T01:36:23.1779911Z   2024-10-23: 2 problems
2026-10-06T01:36:23.4875824Z   2024-10-22: 2 problems
2026-10-06T01:36:23.8094061Z   2024-10-21: 2 problems
2026-10-06T01:36:24.1949488Z   2024-10-19: 2 problems
2026-10-06T01:36:24.4956810Z   2024-10-18: 2 problems
2026-10-06T01:36:24.8193833Z   2024-10-17: 2 problems
2026-10-06T01:36:25.1326430Z   2024-10-16: 2 problems
2026-10-06T01:36:25.5963846Z   2024-10-15: 2 problems
2026-10-06T01:36:25.9236183Z   2024-10-14: 2 problems
2026-10-06T01:36:26.2158600Z   2024-10-12: 2 problems
2026-10-06T01:36:26.5279331Z   2024-10-11: 2 problems
2026-10-06T01:36:26.8237157Z   2024-10-10: 2 problems
2026-10-06T01:36:27.1537822Z   2024-10-09: 2 problems
2026-10-06T01:36:27.4521746Z   2024-10-08: 2 problems
2026-10-06T01:36:27.7435369Z   2024-10-07: 2 problems
2026-10-06T01:36:28.0708844Z   2024-10-05: 2 problems
2026-10-06T01:36:28.3714700Z   2024-10-04: 2 problems
2026-10-06T01:36:28.6920147Z   2024-10-03: 2 problems
2026-10-06T01:36:29.0528352Z   2024-10-02: 2 problems
2026-10-06T01:36:29.3830842Z   2024-10-01: 2 problems
2026-10-06T01:36:29.7965422Z   2024-09-30: 2 problems
2026-10-06T01:36:30.1147849Z   2024-09-28: 2 problems
2026-10-06T01:36:30.4440802Z   2024-09-27: 2 problems
2026-10-06T01:36:30.7403263Z   2024-09-26: 2 problems
2026-10-06T01:36:31.0972845Z   2024-09-25: 2 problems
2026-10-06T01:36:31.3031056Z   2024-09-24: 2 problems
2026-10-06T01:36:31.6374820Z   2024-09-23: 2 problems
2026-10-06T01:36:31.9899987Z   2024-09-21: 2 problems
2026-10-06T01:36:32.3066734Z   2024-09-20: 2 problems
2026-10-06T01:36:32.6251407Z   2024-09-19: 2 problems
2026-10-06T01:36:33.0154300Z   2024-09-18: 2 problems
2026-10-06T01:36:33.3654731Z   2024-09-17: 2 problems
2026-10-06T01:36:33.6831104Z   2024-09-16: 2 problems
2026-10-06T01:36:34.0161658Z   2024-09-14: 2 problems
2026-10-06T01:36:34.3331612Z   2024-09-13: 2 problems
2026-10-06T01:36:34.6447974Z   2024-09-12: 2 problems
2026-10-06T01:36:34.9425646Z   2024-09-11: 2 problems
2026-10-06T01:36:35.2389175Z   2024-09-10: 2 problems
2026-10-06T01:36:35.5615029Z   2024-09-09: 2 problems
2026-10-06T01:36:35.8617332Z   2024-09-07: 2 problems
2026-10-06T01:36:36.1545833Z   2024-09-06: 2 problems
2026-10-06T01:36:36.4486389Z   2024-09-05: 2 problems
2026-10-06T01:36:36.7583914Z   2024-09-04: 2 problems
2026-10-06T01:36:37.0766098Z   2024-09-03: 2 problems
2026-10-06T01:36:37.4103084Z   2024-09-02: 2 problems
2026-10-06T01:36:37.7315525Z   2024-08-31: 2 problems
2026-10-06T01:36:38.0621495Z   2024-08-30: 2 problems
2026-10-06T01:36:38.3763906Z   2024-08-29: 2 problems
2026-10-06T01:36:38.6699888Z   2024-08-28: 2 problems
2026-10-06T01:36:38.9752258Z   2024-08-27: 2 problems
2026-10-06T01:36:39.3431038Z   2024-08-26: 2 problems
2026-10-06T01:36:39.6619743Z   2024-08-24: 2 problems
2026-10-06T01:36:39.9933737Z   2024-08-23: 2 problems
2026-10-06T01:36:40.3320724Z   2024-08-22: 2 problems
2026-10-06T01:36:40.6486028Z   2024-08-21: 2 problems
2026-10-06T01:36:40.9391495Z   2024-08-20: 2 problems
2026-10-06T01:36:41.2474412Z   2024-08-19: 2 problems
2026-10-06T01:36:41.5713745Z   2024-08-17: 2 problems
2026-10-06T01:36:41.9033057Z   2024-08-16: 2 problems
2026-10-06T01:36:42.2044304Z   2024-08-15: 2 problems
2026-10-06T01:36:42.5276701Z   2024-08-14: 2 problems
2026-10-06T01:36:42.8279014Z   2024-08-13: 2 problems
2026-10-06T01:36:43.1349203Z   2024-08-12: 2 problems
2026-10-06T01:36:43.4471635Z   2024-08-10: 2 problems
2026-10-06T01:36:43.8571467Z   2024-08-09: 2 problems
2026-10-06T01:36:44.1829000Z   2024-08-08: 2 problems
2026-10-06T01:36:44.5044268Z   2024-08-07: 2 problems
2026-10-06T01:36:44.8542620Z   2024-08-06: 2 problems
2026-10-06T01:36:45.2147477Z   2024-08-05: 2 problems
2026-10-06T01:36:45.5114472Z   2024-08-03: 2 problems
2026-10-06T01:36:45.7977081Z   2024-08-02: 2 problems
2026-10-06T01:36:46.1090765Z   2024-08-01: 2 problems
2026-10-06T01:36:46.4083649Z   2024-07-31: 2 problems
2026-10-06T01:36:46.7327487Z   2024-07-30: 2 problems
2026-10-06T01:36:47.0633228Z   2024-07-29: 2 problems
2026-10-06T01:36:47.3744466Z   2024-07-27: 2 problems
2026-10-06T01:36:47.7359231Z   2024-07-26: 2 problems
2026-10-06T01:36:48.1233690Z   2024-07-25: 2 problems
2026-10-06T01:36:48.4635326Z   2024-07-24: 2 problems
2026-10-06T01:36:48.7972279Z   2024-07-23: 2 problems
2026-10-06T01:36:49.1068302Z   2024-07-22: 2 problems
2026-10-06T01:36:49.4103694Z   2024-07-20: 2 problems
2026-10-06T01:36:49.7544311Z   2024-07-19: 2 problems
2026-10-06T01:36:50.0680024Z   2024-07-18: 2 problems
2026-10-06T01:36:50.4537739Z   2024-07-17: 2 problems
2026-10-06T01:36:50.7999453Z   2024-07-16: 2 problems
2026-10-06T01:36:51.1168652Z   2024-07-15: 2 problems
2026-10-06T01:36:51.4701428Z   2024-07-13: 2 problems
2026-10-06T01:36:51.6907141Z   2024-07-12: 2 problems
2026-10-06T01:36:52.0095784Z   2024-07-11: 2 problems
2026-10-06T01:36:52.3786594Z   2024-07-10: 2 problems
2026-10-06T01:36:52.7634967Z   2024-07-09: 2 problems
2026-10-06T01:36:53.1239360Z   2024-07-08: 2 problems
2026-10-06T01:36:53.5781196Z   2024-07-06: 2 problems
2026-10-06T01:36:54.0101544Z   2024-07-05: 2 problems
2026-10-06T01:36:54.3187796Z   2024-07-04: 2 problems
2026-10-06T01:36:54.6012122Z   2024-07-03: 2 problems
2026-10-06T01:36:54.8891777Z   2024-07-02: 2 problems
2026-10-06T01:36:55.2299015Z   2024-07-01: 2 problems
2026-10-06T01:36:55.5431285Z   2024-06-29: 2 problems
2026-10-06T01:36:55.8461586Z   2024-06-28: 2 problems
2026-10-06T01:36:56.2010592Z   2024-06-27: 2 problems
2026-10-06T01:36:56.5198440Z   2024-06-26: 2 problems
2026-10-06T01:36:56.8528377Z   2024-06-25: 2 problems
2026-10-06T01:36:57.1521996Z   2024-06-24: 2 problems
2026-10-06T01:36:57.4605570Z   2024-06-22: 2 problems
2026-10-06T01:36:58.1117316Z   2024-06-21: 2 problems
2026-10-06T01:36:58.4194200Z   2024-06-20: 2 problems
2026-10-06T01:36:58.7369429Z   2024-06-19: 2 problems
2026-10-06T01:36:59.0454128Z   2024-06-18: 2 problems
2026-10-06T01:36:59.3566170Z   2024-06-17: 2 problems
2026-10-06T01:36:59.6572115Z   2024-06-15: 2 problems
2026-10-06T01:36:59.9634705Z   2024-06-14: 2 problems
2026-10-06T01:37:00.2947376Z   2024-06-13: 2 problems
2026-10-06T01:37:00.6406377Z   2024-06-12: 2 problems
2026-10-06T01:37:00.9489182Z   2024-06-11: 2 problems
2026-10-06T01:37:01.2569425Z   2024-06-10: 2 problems
2026-10-06T01:37:01.5578677Z   2024-06-08: 2 problems
2026-10-06T01:37:01.8749572Z   2024-06-07: 2 problems
2026-10-06T01:37:02.2213964Z   2024-06-06: 2 problems
2026-10-06T01:37:02.5238427Z   2024-06-05: 2 problems
2026-10-06T01:37:02.8421650Z   2024-06-04: 2 problems
2026-10-06T01:37:03.1789768Z   2024-06-03: 2 problems
2026-10-06T01:37:03.4841763Z   2024-06-01: 2 problems
2026-10-06T01:37:03.7845777Z   2024-05-31: 2 problems
2026-10-06T01:37:04.1320668Z   2024-05-30: 2 problems
2026-10-06T01:37:04.5486937Z   2024-05-29: 2 problems
2026-10-06T01:37:04.8628869Z   2024-05-28: 2 problems
2026-10-06T01:37:05.1875237Z   2024-05-27: 2 problems
2026-10-06T01:37:05.5291955Z   2024-05-25: 2 problems
2026-10-06T01:37:05.8252974Z   2024-05-24: 2 problems
2026-10-06T01:37:06.1189675Z   2024-05-23: 2 problems
2026-10-06T01:37:06.4261581Z   2024-05-22: 2 problems
2026-10-06T01:37:06.7377965Z   2024-05-21: 2 problems
2026-10-06T01:37:07.0825543Z   2024-05-20: 2 problems
2026-10-06T01:37:07.3883358Z   2024-05-18: 2 problems
2026-10-06T01:37:07.6873061Z   2024-05-17: 2 problems
2026-10-06T01:37:08.0497846Z   2024-05-16: 2 problems
2026-10-06T01:37:08.3631416Z   2024-05-15: 2 problems
2026-10-06T01:37:08.6641185Z   2024-05-14: 2 problems
2026-10-06T01:37:09.0128910Z   2024-05-13: 2 problems
2026-10-06T01:37:09.3431526Z   2024-05-11: 2 problems
2026-10-06T01:37:09.6452132Z   2024-05-10: 2 problems
2026-10-06T01:37:10.0534693Z   2024-05-09: 2 problems
2026-10-06T01:37:10.3500600Z   2024-05-08: 2 problems
2026-10-06T01:37:10.6668671Z   2024-05-07: 2 problems
2026-10-06T01:37:10.9560158Z   2024-05-06: 2 problems
2026-10-06T01:37:11.2671600Z   2024-05-04: 2 problems
2026-10-06T01:37:11.5651896Z   2024-05-03: 2 problems
2026-10-06T01:37:11.8740690Z   2024-05-02: 2 problems
2026-10-06T01:37:12.2190971Z   2024-05-01: 2 problems
2026-10-06T01:37:12.5372790Z   2024-04-30: 2 problems
2026-10-06T01:37:12.8577553Z   2024-04-29: 2 problems
2026-10-06T01:37:13.1729833Z   2024-04-27: 2 problems
2026-10-06T01:37:13.4635086Z   2024-04-26: 2 problems
2026-10-06T01:37:13.7552498Z   2024-04-25: 2 problems
2026-10-06T01:37:14.0552708Z   2024-04-24: 2 problems
2026-10-06T01:37:14.3602720Z   2024-04-23: 2 problems
2026-10-06T01:37:14.6603849Z   2024-04-22: 2 problems
2026-10-06T01:37:14.9751679Z   2024-04-20: 2 problems
2026-10-06T01:37:15.3404322Z   2024-04-19: 2 problems
2026-10-06T01:37:15.7474413Z   2024-04-18: 2 problems
2026-10-06T01:37:16.0620312Z   2024-04-17: 2 problems
2026-10-06T01:37:16.3724955Z   2024-04-16: 2 problems
2026-10-06T01:37:16.7035664Z   2024-04-15: 2 problems
2026-10-06T01:37:17.0346012Z   2024-04-13: 2 problems
2026-10-06T01:37:17.3302371Z   2024-04-12: 2 problems
2026-10-06T01:37:17.6687068Z   2024-04-11: 2 problems
2026-10-06T01:37:17.9737248Z   2024-04-10: 2 problems
2026-10-06T01:37:18.2913964Z   2024-04-09: 2 problems
2026-10-06T01:37:18.5926083Z   2024-04-08: 2 problems
2026-10-06T01:37:18.9169713Z   2024-04-06: 2 problems
2026-10-06T01:37:19.2140095Z   2024-04-05: 2 problems
2026-10-06T01:37:19.5228322Z   2024-04-04: 2 problems
2026-10-06T01:37:19.8454817Z   2024-04-03: 2 problems
2026-10-06T01:37:20.1746540Z   2024-04-02: 2 problems
2026-10-06T01:37:20.4746985Z   2024-04-01: 2 problems
2026-10-06T01:37:20.7881548Z   2024-03-30: 2 problems
2026-10-06T01:37:21.0921514Z   2024-03-29: 2 problems
2026-10-06T01:37:21.4095541Z   2024-03-28: 2 problems
2026-10-06T01:37:21.7095009Z   2024-03-27: 2 problems
2026-10-06T01:37:22.0202253Z   2024-03-26: 2 problems
2026-10-06T01:37:22.3446955Z   2024-03-25: 2 problems
2026-10-06T01:37:22.6487881Z   2024-03-23: 2 problems
2026-10-06T01:37:23.0246646Z   2024-03-22: 2 problems
2026-10-06T01:37:23.3230211Z   2024-03-21: 2 problems
2026-10-06T01:37:23.6582159Z   2024-03-20: 2 problems
2026-10-06T01:37:23.9694760Z   2024-03-19: 2 problems
2026-10-06T01:37:24.2573917Z   2024-03-18: 2 problems
2026-10-06T01:37:24.5424877Z   2024-03-16: 2 problems
2026-10-06T01:37:24.8538949Z   2024-03-15: 2 problems
2026-10-06T01:37:25.1825126Z   2024-03-14: 2 problems
2026-10-06T01:37:25.5174806Z   2024-03-13: 2 problems
2026-10-06T01:37:25.8950389Z   2024-03-12: 2 problems
2026-10-06T01:37:26.1904911Z   2024-03-11: 2 problems
2026-10-06T01:37:26.4941262Z   2024-03-09: 2 problems
2026-10-06T01:37:26.7981946Z   2024-03-08: 2 problems
2026-10-06T01:37:27.1042989Z   2024-03-07: 2 problems
2026-10-06T01:37:27.4159402Z   2024-03-06: 2 problems
2026-10-06T01:37:27.8080742Z   2024-03-05: 2 problems
2026-10-06T01:37:28.1124480Z   2024-03-04: 2 problems
2026-10-06T01:37:28.4160347Z   2024-03-02: 2 problems
2026-10-06T01:37:28.7147738Z   2024-03-01: 2 problems
2026-10-06T01:37:29.1095027Z   2024-02-29: 2 problems
2026-10-06T01:37:29.4129577Z   2024-02-28: 2 problems
2026-10-06T01:37:29.7112921Z   2024-02-27: 2 problems
2026-10-06T01:37:30.1253289Z   2024-02-26: 2 problems
2026-10-06T01:37:30.1255358Z Building categories...
2026-10-06T01:37:32.7024423Z Wrote /home/runner/work/ys_problem_web/ys_problem_web/data/daily.json (815 days, 21 categories).
2026-10-06T01:37:32.7025137Z Syncing leaderboard (records.js from gh-pages)...
2026-10-06T01:37:32.8115292Z   ✓ 361 players, data through 2026-10-03 (unchanged)
2026-10-06T01:37:32.8115802Z LEADERBOARD-SYNC {"changed":false,"players":361,"currentDate":"2026-10-03"}
2026-10-06T01:37:32.8292787Z ##[group]Run node scripts/translate-ai.mjs
2026-10-06T01:37:32.8293153Z [36;1mnode scripts/translate-ai.mjs[0m
2026-10-06T01:37:32.8359914Z shell: /usr/bin/bash -e {0}
2026-10-06T01:37:32.8360189Z env:
2026-10-06T01:37:32.8360783Z   AI_BASE_URL: ***
2026-10-06T01:37:32.8361139Z   AI_API_KEY: ***
2026-10-06T01:37:32.8361369Z   AI_MODEL: deepseek-v4-flash
2026-10-06T01:37:32.8361630Z   AI_TRANSLATE_LIMIT: 60
2026-10-06T01:37:32.8361862Z ##[endgroup]
2026-10-06T01:37:32.8761950Z (node:4033) [MODULE_TYPELESS_PACKAGE_JSON] Warning: Module type of file:///home/runner/work/ys_problem_web/ys_problem_web/lib/mt-protect.js is not specified and it doesn't parse as CommonJS.
2026-10-06T01:37:32.8763013Z Reparsing as ES module because module syntax was detected. This incurs a performance overhead.
2026-10-06T01:37:32.8763689Z To eliminate this warning, add "type": "module" to /home/runner/work/ys_problem_web/ys_problem_web/package.json.
2026-10-06T01:37:32.8764397Z (Use `node --trace-warnings ...` to show where the warning was created)
2026-10-06T01:37:32.9733892Z GYM103627C: 1 segment(s) to translate
2026-10-06T01:37:44.4697816Z   ✓ legend[1]: 给定一个由非负整数组成、长度为 2N$$$2^N$$$ 的数组 A0,A1,…,A2N−1$$$… [tokens in=193 out=1380 cached=0]
2026-10-06T01:37:44.7822662Z GYM103426B: 1 segment(s) to translate
2026-10-06T01:37:48.2957717Z   ✓ note[4]: $$$4,3,1,2$$$;… [tokens in=105 out=125 cached=0]
2026-10-06T01:37:48.5979818Z GYM106687C: 8 segment(s) to translate
2026-10-06T01:37:56.3396512Z   ✓ legend[5]: 换句话说，从 $$$S$$$ 中的三元组里删去任意一个坐标，都必须能产生另外两个坐标的所有可能组… [tokens in=143 out=848 cached=0]
2026-10-06T01:38:00.5324018Z   ✓ input[0]: 第一行包含一个整数 $$$T$$$($$$1\le T\le 100$$$)，表示测试用例的数量… [tokens in=122 out=147 cached=0]
2026-10-06T01:38:05.4060090Z   ✓ input[1]: 对于每个测试用例，一行包含三个整数 $$$a,b,c$$$ ($$$1\le a\le 100$… [tokens in=128 out=426 cached=0]
2026-10-06T01:38:11.3201235Z   ✓ output[0]: 对于每个测试用例，输出若干行：… [tokens in=111 out=103 cached=0]
2026-10-06T01:38:15.2959463Z   ✓ output[1]: 第一行包含一个整数 $$$m$$$，即 $$$|S|$$$ 的最小可能值。… [tokens in=121 out=212 cached=0]
2026-10-06T01:38:20.6885205Z   ✓ output[2]: 接下来的 $$$m$$$ 行每行包含三个整数 $$$x,y,z$$$，描述 $$$S$$$ 中的… [tokens in=126 out=250 cached=0]
2026-10-06T01:38:26.1446264Z   ✓ output[3]: $$$m$$$ 三元组必须两两不同。它们的顺序无关紧要。如果有多个最小大小的集合合法，输出其中任… [tokens in=134 out=399 cached=0]
2026-10-06T01:38:30.3048375Z   ✓ note[0]: 样例输出是一种可能的答案。其他合法的最小规模集合也被接受。… [tokens in=119 out=203 cached=0]
2026-10-06T01:38:30.6066452Z GYM106687E: 15 segment(s) to translate
2026-10-06T01:38:34.3324997Z   ✓ title[0]: E. 编码最短路… [tokens in=110 out=180 cached=0]
2026-10-06T01:38:38.5738728Z   ✓ legend[0]: 给定一张无向图，包含 $$$n$$$ 个编号从 $$$1$$$ 到 $$$n$$$ 的顶点和 $… [tokens in=161 out=257 cached=0]
2026-10-06T01:38:46.6755018Z   ✓ legend[1]: 考虑一条从顶点 $$$1$$$ 出发，并按此顺序经过权重为 $$$w_1,w_2,\dots,w… [tokens in=150 out=630 cached=0]
2026-10-06T01:38:53.0576984Z   ✓ legend[2]: $$$$$$ w_1\cdot k^{L-1}+w_2\cdot k^{L-2}+\cdots+… [tokens in=107 out=234 cached=0]
2026-10-06T01:38:57.7581819Z   ✓ legend[3]: 空途径的总权重为 $$$0$$$。… [tokens in=112 out=203 cached=0]
2026-10-06T01:39:02.7981331Z   ✓ legend[4]: 对于每个顶点 $$$v$$$，令 $$$\mathrm{dist}(v)$$$ 为从顶点 $$$… [tokens in=147 out=310 cached=0]
2026-10-06T01:39:07.4645140Z   ✓ legend[5]: 对于每个顶点 $$$v$$$，求 $$$\mathrm{dist}(v)$$$ 模 $$$998… [tokens in=119 out=402 cached=0]
2026-10-06T01:39:11.5702117Z   ✓ input[0]: 第一行包含一个整数 $$$T$$$($$$1\le T\le10^4$$$)，表示测试用例的数量… [tokens in=122 out=243 cached=0]
2026-10-06T01:39:15.2669462Z   ✓ input[1]: 对于每个测试用例：… [tokens in=107 out=119 cached=0]
2026-10-06T01:39:20.1761860Z   ✓ input[2]: 第一行包含三个整数 $$$n$$$、$$$m$$$ 和 $$$k$$$($$$1\le n\le… [tokens in=157 out=217 cached=0]
2026-10-06T01:39:23.6534237Z   ✓ input[3]: 接下来的 $$$m$$$ 行每行包含三个整数 $$$u$$$、$$$v$$$ 和 $$$w$$$… [tokens in=161 out=170 cached=0]
2026-10-06T01:39:26.6349379Z   ✓ input[4]: 保证所有测试用例的 $$$n$$$ 之和不超过 $$$2\times10^5$$$，且所有测试用… [tokens in=143 out=57 cached=0]
2026-10-06T01:39:33.8512973Z   ✓ output[0]: 对于每个测试用例，输出一行，包含 $$$n$$$ 个整数。对于每个 $$$1\le i\le n… [tokens in=161 out=479 cached=0]
2026-10-06T01:39:51.4880877Z   ✓ note[0]: 在样例中，空游走给出 $$$\mathrm{dist}(1)=0$$$。含一条边的游走给出 $$… [tokens in=128 out=2239 cached=0]
2026-10-06T01:39:56.7868782Z   ✓ note[1]: 从顶点 $$$1$$$ 到顶点 $$$4$$$ 有两条长度为 2 的途径，它们的总权重分别为 $… [tokens in=152 out=356 cached=0]
2026-10-06T01:39:57.0884187Z GYM106598M: 13 segment(s) to translate
2026-10-06T01:40:01.8063659Z   ✓ title[0]: M. 多词… [tokens in=106 out=171 cached=0]
2026-10-06T01:40:09.2901771Z   ✓ legend[0]: 在穿越圣保罗的漫长公交旅途中，米格尔喜欢透过车窗观察街道标牌。路线似乎永无止境：公交车穿过如 A… [tokens in=179 out=357 cached=0]
2026-10-06T01:40:14.0137788Z   ✗ legend[1] — placeholder mangled
2026-10-06T01:40:20.3922451Z   ✓ legend[2]: 在旅途中的某一时刻，当他穿过城市的一个区域时，他看到相同的字母序列 $$$s$$$ 重复了 $$… [tokens in=158 out=222 cached=0]
2026-10-06T01:40:27.4763517Z   ✓ legend[3]: 然而，在回家的路上，路线却不同：首先出现写有 $$$t$$$ 的标牌，重复 $$$q$$$ 次，… [tokens in=175 out=611 cached=0]
2026-10-06T01:40:32.7677993Z   ✓ legend[4]: 给定一个字符串 $$$u$$$ 和一个非负整数 $$$k$$$，令 $$$u^k$$$ 为将 $… [tokens in=152 out=454 cached=0]
2026-10-06T01:40:37.6091662Z   ✓ legend[5]: 回忆一下，在字典序中，如果在第一个不同的位置上，$$$a$$$ 的字符比 $$$b$$$ 的字符… [tokens in=173 out=273 cached=0]
2026-10-06T01:40:42.9266947Z   ✓ legend[6]: 你的任务是以字典序比较字符串 $$$s^p t^q$$$ 和 $$$t^q s^p$$$。… [tokens in=121 out=179 cached=0]
2026-10-06T01:40:48.0730778Z   ✓ input[0]: 输入的第一行包含字符串 $$$s$$$ 和 $$$t$$$。… [tokens in=120 out=167 cached=0]
2026-10-06T01:40:52.6424792Z   ✓ input[1]: 第二行包含整数 $$$p$$$ 和 $$$q$$$。… [tokens in=117 out=157 cached=0]
2026-10-06T01:40:57.3283445Z   ✓ input[2]: 字符串 $$$s$$$ 和 $$$t$$$ 非空，且仅由小写英文字母组成，满足 $$$1 \le… [tokens in=129 out=341 cached=0]
2026-10-06T01:41:00.9082477Z   ✓ input[3]: 整数满足 $$$0 \leq p, q \leq 10^9$$$。… [tokens in=109 out=118 cached=0]
2026-10-06T01:41:05.6289604Z   ✓ output[0]: 输出必须包含一行，其中有一个字符：如果 $$$s^p t^q$$$ 和 $$$t^q s^p$$… [tokens in=152 out=353 cached=0]
2026-10-06T01:41:05.9298349Z GYM102201A: 12 segment(s) to translate
2026-10-06T01:41:10.4666634Z   ✓ title[0]: A. A 加等于 B… [tokens in=109 out=226 cached=0]
2026-10-06T01:41:15.1020686Z   ✓ legend[0]: A + B 是一道用来考查竞赛编程基础知识的题目。下面是它的又一个无聊变体。… [tokens in=130 out=295 cached=0]
2026-10-06T01:41:19.9453423Z   ✓ legend[1]: 你有两个整数 A 和 B。你希望使它们相等。为此，你可以执行若干步骤，其中每一步是以下操作之一：… [tokens in=137 out=244 cached=0]
2026-10-06T01:41:24.1370712Z   ✓ legend[2]: A+=A… [tokens in=105 out=157 cached=0]
2026-10-06T01:41:28.1905310Z   ✓ legend[3]: A+=B… [tokens in=105 out=138 cached=0]
2026-10-06T01:41:32.5866050Z   ✓ legend[4]: B+=… [tokens in=105 out=110 cached=0]
2026-10-06T01:41:35.9768595Z   ✓ legend[5]: B+=B… [tokens in=105 out=49 cached=0]
2026-10-06T01:41:41.4677345Z   ✓ legend[6]: 不幸的是，A + B 对我们来说是一个难题，所以你最多只能进行 5000 步。… [tokens in=129 out=290 cached=0]
2026-10-06T01:41:46.5116266Z   ✓ input[0]: 给定两个整数 A, B。(1 ≤ A, B ≤ 1018)。… [tokens in=126 out=161 cached=0]
2026-10-06T01:41:50.6141056Z   ✓ output[0]: 第一行输出一个整数 n (0 ≤ n ≤ 5000)，表示步数。… [tokens in=130 out=188 cached=0]
2026-10-06T01:41:56.2327873Z   ✓ output[1]: 接下来 n 行中，输出以下字符串之一来表示你想要的操作："A+=A"，"A+=B"，"B+=A"… [tokens in=140 out=314 cached=0]
2026-10-06T01:42:00.3070134Z   ✓ output[2]: 任何能得到所需结果的步骤序列都会被判定为正确。… [tokens in=116 out=209 cached=0]
2026-10-06T01:42:00.6085309Z GYM102254H: 8 segment(s) to translate
2026-10-06T01:42:07.3997685Z   ✓ title[0]: H. 高期望… [tokens in=107 out=488 cached=0]
2026-10-06T01:42:13.1819367Z   ✓ legend[0]: 在非常遥远的未来，在IME毕业的最后一年，VFs来找César，他又一次拿到了低分。想要不超过$… [tokens in=166 out=286 cached=0]
2026-10-06T01:42:25.2235088Z   ✓ legend[1]: 教授给出了一份习题列表(为了提高 VE 成绩)，但这次他变得太恶毒了。为了解决这份列表，Césa… [tokens in=195 out=1268 cached=0]
2026-10-06T01:42:35.0580101Z   ✓ legend[2]: 完成这些计算，就是他交上名单所需要的全部。由于塞萨尔在所有其他科目上都需要超过 $$$4$$$ … [tokens in=148 out=954 cached=0]
2026-10-06T01:42:40.9106071Z   ✓ input[0]: 输入的第一行包含一个整数 $$$q$$$ ($$$1 \le q \le 10^5$$$) ——… [tokens in=126 out=456 cached=0]
2026-10-06T01:42:46.4308260Z   ✓ input[1]: 接下来 $$$q$$$ 行，每行包含两个整数 $$${n_i}$$$ 和 $$${m_i}$$$… [tokens in=150 out=263 cached=0]
2026-10-06T01:42:50.6548830Z   ✓ output[0]: 对于输入中的每个 $$$n_i$$$ 和 $$$m_i$$$，输出一个整数 $$$x_i$$$(… [tokens in=134 out=216 cached=0]
2026-10-06T01:42:55.2612680Z   ✓ output[1]: 如果不存在，输出 $$$-1$$$。… [tokens in=113 out=148 cached=0]
2026-10-06T01:42:55.5634803Z GYM102873F: 12 segment(s) to translate
2026-10-06T01:42:58.9260105Z   ✓ title[0]: F. 网格上的博弈… [tokens in=107 out=145 cached=0]
2026-10-06T01:43:08.9722830Z   ✓ legend[0]: Alice 和 Bob 正在一个由方格组成的 $$$n\times n$$$ 网格上玩游戏。他们… [tokens in=145 out=964 cached=0]
2026-10-06T01:43:09.2725257Z Done: 59 segment(s) translated (hit limit 60).
2026-10-06T01:43:09.2725931Z ── AI Token 用量（本次运行）──
2026-10-06T01:43:09.2726303Z   模型 deepseek-v4-flash · 请求成功 59 / 失败 1
2026-10-06T01:43:09.2859647Z   输入 7,858 + 输出 21,161 = 合计 29,019 tokens
2026-10-06T01:43:09.2860189Z   其中缓存命中 0 tokens（计费远低于未命中输入）
2026-10-06T01:43:09.2871820Z TOKEN-USAGE {"model":"deepseek-v4-flash","ok":59,"fail":1,"in":7858,"out":21161,"cached":0,"segments":[{"code":"GYM103627C","seg":"legend[1]","in":193,"out":1380,"cached":0},{"code":"GYM103426B","seg":"note[4]","in":105,"out":125,"cached":0},{"code":"GYM106687C","seg":"legend[5]","in":143,"out":848,"cached":0},{"code":"GYM106687C","seg":"input[0]","in":122,"out":147,"cached":0},{"code":"GYM106687C","seg":"input[1]","in":128,"out":426,"cached":0},{"code":"GYM106687C","seg":"output[0]","in":111,"out":103,"cached":0},{"code":"GYM106687C","seg":"output[1]","in":121,"out":212,"cached":0},{"code":"GYM106687C","seg":"output[2]","in":126,"out":250,"cached":0},{"code":"GYM106687C","seg":"output[3]","in":134,"out":399,"cached":0},{"code":"GYM106687C","seg":"note[0]","in":119,"out":203,"cached":0},{"code":"GYM106687E","seg":"title[0]","in":110,"out":180,"cached":0},{"code":"GYM106687E","seg":"legend[0]","in":161,"out":257,"cached":0},{"code":"GYM106687E","seg":"legend[1]","in":150,"out":630,"cached":0},{"code":"GYM106687E","seg":"legend[2]","in":107,"out":234,"cached":0},{"code":"GYM106687E","seg":"legend[3]","in":112,"out":203,"cached":0},{"code":"GYM106687E","seg":"legend[4]","in":147,"out":310,"cached":0},{"code":"GYM106687E","seg":"legend[5]","in":119,"out":402,"cached":0},{"code":"GYM106687E","seg":"input[0]","in":122,"out":243,"cached":0},{"code":"GYM106687E","seg":"input[1]","in":107,"out":119,"cached":0},{"code":"GYM106687E","seg":"input[2]","in":157,"out":217,"cached":0},{"code":"GYM106687E","seg":"input[3]","in":161,"out":170,"cached":0},{"code":"GYM106687E","seg":"input[4]","in":143,"out":57,"cached":0},{"code":"GYM106687E","seg":"output[0]","in":161,"out":479,"cached":0},{"code":"GYM106687E","seg":"note[0]","in":128,"out":2239,"cached":0},{"code":"GYM106687E","seg":"note[1]","in":152,"out":356,"cached":0},{"code":"GYM106598M","seg":"title[0]","in":106,"out":171,"cached":0},{"code":"GYM106598M","seg":"legend[0]","in":179,"out":357,"cached":0},{"code":"GYM106598M","seg":"legend[2]","in":158,"out":222,"cached":0},{"code":"GYM106598M","seg":"legend[3]","in":175,"out":611,"cached":0},{"code":"GYM106598M","seg":"legend[4]","in":152,"out":454,"cached":0},{"code":"GYM106598M","seg":"legend[5]","in":173,"out":273,"cached":0},{"code":"GYM106598M","seg":"legend[6]","in":121,"out":179,"cached":0},{"code":"GYM106598M","seg":"input[0]","in":120,"out":167,"cached":0},{"code":"GYM106598M","seg":"input[1]","in":117,"out":157,"cached":0},{"code":"GYM106598M","seg":"input[2]","in":129,"out":341,"cached":0},{"code":"GYM106598M","seg":"input[3]","in":109,"out":118,"cached":0},{"code":"GYM106598M","seg":"output[0]","in":152,"out":353,"cached":0},{"code":"GYM102201A","seg":"title[0]","in":109,"out":226,"cached":0},{"code":"GYM102201A","seg":"legend[0]","in":130,"out":295,"cached":0},{"code":"GYM102201A","seg":"legend[1]","in":137,"out":244,"cached":0},{"code":"GYM102201A","seg":"legend[2]","in":105,"out":157,"cached":0},{"code":"GYM102201A","seg":"legend[3]","in":105,"out":138,"cached":0},{"code":"GYM102201A","seg":"legend[4]","in":105,"out":110,"cached":0},{"code":"GYM102201A","seg":"legend[5]","in":105,"out":49,"cached":0},{"code":"GYM102201A","seg":"legend[6]","in":129,"out":290,"cached":0},{"code":"GYM102201A","seg":"input[0]","in":126,"out":161,"cached":0},{"code":"GYM102201A","seg":"output[0]","in":130,"out":188,"cached":0},{"code":"GYM102201A","seg":"output[1]","in":140,"out":314,"cached":0},{"code":"GYM102201A","seg":"output[2]","in":116,"out":209,"cached":0},{"code":"GYM102254H","seg":"title[0]","in":107,"out":488,"cached":0},{"code":"GYM102254H","seg":"legend[0]","in":166,"out":286,"cached":0},{"code":"GYM102254H","seg":"legend[1]","in":195,"out":1268,"cached":0},{"code":"GYM102254H","seg":"legend[2]","in":148,"out":954,"cached":0},{"code":"GYM102254H","seg":"input[0]","in":126,"out":456,"cached":0},{"code":"GYM102254H","seg":"input[1]","in":150,"out":263,"cached":0},{"code":"GYM102254H","seg":"output[0]","in":134,"out":216,"cached":0},{"code":"GYM102254H","seg":"output[1]","in":113,"out":148,"cached":0},{"code":"GYM102873F","seg":"title[0]","in":107,"out":145,"cached":0},{"code":"GYM102873F","seg":"legend[0]","in":145,"out":964,"cached":0}],"totalTokens":29019}
2026-10-06T01:43:09.2992067Z ##[group]Run CF_STATEMENTS=0 TRANSLATE=0 node scripts/update-data.mjs
2026-10-06T01:43:09.2992586Z [36;1mCF_STATEMENTS=0 TRANSLATE=0 node scripts/update-data.mjs[0m
2026-10-06T01:43:09.3061737Z shell: /usr/bin/bash -e {0}
2026-10-06T01:43:09.3062009Z env:
2026-10-06T01:43:09.3064920Z   GITHUB_TOKEN: ***
2026-10-06T01:43:09.3065164Z ##[endgroup]
2026-10-06T01:43:09.4420287Z Discovering daily problem folders...
2026-10-06T01:43:10.3409411Z Found 815 days, syncing the most recent 815.
2026-10-06T01:43:11.0593287Z   2026-10-06: 2 problems
2026-10-06T01:43:11.5175106Z   2026-10-05: 2 problems
2026-10-06T01:43:11.9482794Z   2026-10-03: 2 problems
2026-10-06T01:43:12.3996607Z   2026-10-02: 2 problems
2026-10-06T01:43:12.8698406Z   2026-10-01: 2 problems
2026-10-06T01:43:13.3019533Z   2026-09-30: 2 problems
2026-10-06T01:43:13.7233596Z   2026-09-29: 2 problems
2026-10-06T01:43:14.1677833Z   2026-09-28: 2 problems
2026-10-06T01:43:14.6008904Z   2026-09-26: 2 problems
2026-10-06T01:43:14.9734162Z   2026-09-25: 2 problems
2026-10-06T01:43:15.4011270Z   2026-09-24: 2 problems
2026-10-06T01:43:15.8153426Z   2026-09-23: 2 problems
2026-10-06T01:43:16.2627173Z   2026-09-22: 2 problems
2026-10-06T01:43:16.7074967Z   2026-09-21: 2 problems
2026-10-06T01:43:17.1578507Z   2026-09-19: 2 problems
2026-10-06T01:43:17.5619122Z   2026-09-18: 2 problems
2026-10-06T01:43:17.9781268Z   2026-09-17: 2 problems
2026-10-06T01:43:18.4301630Z   2026-09-16: 2 problems
2026-10-06T01:43:18.8698227Z   2026-09-15: 2 problems
2026-10-06T01:43:19.1638175Z   2026-09-14: 2 problems
2026-10-06T01:43:19.6313071Z   2026-09-12: 2 problems
2026-10-06T01:43:20.1048209Z   2026-09-11: 2 problems
2026-10-06T01:43:20.5193645Z   2026-09-10: 2 problems
2026-10-06T01:43:20.8977247Z   2026-09-09: 2 problems
2026-10-06T01:43:21.3176098Z   2026-09-08: 2 problems
2026-10-06T01:43:21.6347430Z   2026-09-07: 2 problems
2026-10-06T01:43:21.8996438Z   2026-09-05: 2 problems
2026-10-06T01:43:22.1645646Z   2026-09-04: 2 problems
2026-10-06T01:43:22.4386850Z   2026-09-03: 2 problems
2026-10-06T01:43:22.7476198Z   2026-09-02: 2 problems
2026-10-06T01:43:23.0118305Z   2026-09-01: 2 problems
2026-10-06T01:43:23.3291061Z   2026-08-31: 2 problems
2026-10-06T01:43:23.6031027Z   2026-08-29: 2 problems
2026-10-06T01:43:23.8637105Z   2026-08-28: 2 problems
2026-10-06T01:43:24.2192742Z   2026-08-27: 2 problems
2026-10-06T01:43:24.4842013Z   2026-08-26: 2 problems
2026-10-06T01:43:24.7428010Z   2026-08-25: 2 problems
2026-10-06T01:43:25.1348466Z   2026-08-24: 2 problems
2026-10-06T01:43:25.4077030Z   2026-08-22: 2 problems
2026-10-06T01:43:25.7135338Z   2026-08-21: 2 problems
2026-10-06T01:43:26.0234182Z   2026-08-20: 2 problems
2026-10-06T01:43:26.2763597Z   2026-08-19: 2 problems
2026-10-06T01:43:26.6085228Z   2026-08-18: 2 problems
2026-10-06T01:43:26.8724419Z   2026-08-17: 2 problems
2026-10-06T01:43:27.1498250Z   2026-08-15: 2 problems
2026-10-06T01:43:27.4270909Z   2026-08-14: 2 problems
2026-10-06T01:43:27.6833940Z   2026-08-13: 2 problems
2026-10-06T01:43:27.9423269Z   2026-08-12: 2 problems
2026-10-06T01:43:28.1955383Z   2026-08-11: 2 problems
2026-10-06T01:43:28.5383025Z   2026-08-10: 2 problems
2026-10-06T01:43:28.7978889Z   2026-08-08: 2 problems
2026-10-06T01:43:29.0598954Z   2026-08-07: 2 problems
2026-10-06T01:43:29.3249240Z   2026-08-06: 2 problems
2026-10-06T01:43:29.5838807Z   2026-08-05: 2 problems
2026-10-06T01:43:29.8406177Z   2026-08-04: 2 problems
2026-10-06T01:43:30.0920876Z   2026-08-03: 2 problems
2026-10-06T01:43:30.3831440Z   2026-08-01: 2 problems
2026-10-06T01:43:30.5606020Z   2026-07-31: 2 problems
2026-10-06T01:43:30.8448295Z   2026-07-30: 2 problems
2026-10-06T01:43:31.1607395Z   2026-07-29: 2 problems
2026-10-06T01:43:31.4516666Z   2026-07-28: 2 problems
2026-10-06T01:43:31.7048360Z   2026-07-27: 2 problems
2026-10-06T01:43:31.9814231Z   2026-07-25: 2 problems
2026-10-06T01:43:32.2436583Z   2026-07-24: 2 problems
2026-10-06T01:43:32.5005083Z   2026-07-23: 2 problems
2026-10-06T01:43:32.7737364Z   2026-07-22: 2 problems
2026-10-06T01:43:33.0268542Z   2026-07-21: 2 problems
2026-10-06T01:43:33.2793415Z   2026-07-16: 2 problems
2026-10-06T01:43:33.5614395Z   2026-07-15: 2 problems
2026-10-06T01:43:33.8550207Z   2026-07-14: 2 problems
2026-10-06T01:43:34.1205289Z   2026-07-13: 2 problems
2026-10-06T01:43:34.4123628Z   2026-07-11: 2 problems
2026-10-06T01:43:34.6695756Z   2026-07-10: 2 problems
2026-10-06T01:43:34.9299576Z   2026-07-09: 2 problems
2026-10-06T01:43:35.1924440Z   2026-07-08: 2 problems
2026-10-06T01:43:35.4601332Z   2026-07-07: 2 problems
2026-10-06T01:43:35.7438813Z   2026-07-06: 2 problems
2026-10-06T01:43:36.0141826Z   2026-07-04: 2 problems
2026-10-06T01:43:36.2676148Z   2026-07-03: 2 problems
2026-10-06T01:43:36.5890306Z   2026-07-02: 2 problems
2026-10-06T01:43:36.8537870Z   2026-07-01: 2 problems
2026-10-06T01:43:37.1086224Z   2026-06-30: 2 problems
2026-10-06T01:43:37.3934406Z   2026-06-29: 2 problems
2026-10-06T01:43:37.6609195Z   2026-06-27: 2 problems
2026-10-06T01:43:37.9202182Z   2026-06-26: 2 problems
2026-10-06T01:43:38.1695002Z   2026-06-25: 2 problems
2026-10-06T01:43:38.4435492Z   2026-06-24: 2 problems
2026-10-06T01:43:38.6957572Z   2026-06-23: 2 problems
2026-10-06T01:43:38.9604725Z   2026-06-22: 2 problems
2026-10-06T01:43:39.1375465Z   2026-06-20: 1 problems
2026-10-06T01:43:39.4241988Z   2026-06-19: 2 problems
2026-10-06T01:43:39.6801121Z   2026-06-18: 2 problems
2026-10-06T01:43:39.9422564Z   2026-06-17: 2 problems
2026-10-06T01:43:40.1938925Z   2026-06-16: 2 problems
2026-10-06T01:43:40.4475831Z   2026-06-15: 2 problems
2026-10-06T01:43:40.7359643Z   2026-06-13: 2 problems
2026-10-06T01:43:40.9895551Z   2026-06-12: 2 problems
2026-10-06T01:43:41.2621898Z   2026-06-11: 2 problems
2026-10-06T01:43:41.5340959Z   2026-06-10: 2 problems
2026-10-06T01:43:41.8020658Z   2026-06-09: 2 problems
2026-10-06T01:43:42.0803708Z   2026-06-08: 2 problems
2026-10-06T01:43:42.3381256Z   2026-06-06: 2 problems
2026-10-06T01:43:42.5973183Z   2026-06-05: 2 problems
2026-10-06T01:43:42.8689880Z   2026-06-04: 2 problems
2026-10-06T01:43:42.9544449Z   2026-06-03: 2 problems
2026-10-06T01:43:43.2147738Z   2026-06-02: 2 problems
2026-10-06T01:43:43.5094084Z   2026-06-01: 2 problems
2026-10-06T01:43:43.7711651Z   2026-05-30: 2 problems
2026-10-06T01:43:44.0584044Z   2026-05-29: 2 problems
2026-10-06T01:43:44.3507115Z   2026-05-28: 2 problems
2026-10-06T01:43:44.5996890Z   2026-05-27: 2 problems
2026-10-06T01:43:44.8422435Z   2026-05-26: 2 problems
2026-10-06T01:43:45.1049377Z   2026-05-25: 2 problems
2026-10-06T01:43:45.3632331Z   2026-05-23: 2 problems
2026-10-06T01:43:45.7177941Z   2026-05-22: 2 problems
2026-10-06T01:43:45.9742105Z   2026-05-21: 2 problems
2026-10-06T01:43:46.2783533Z   2026-05-20: 2 problems
2026-10-06T01:43:46.5801368Z   2026-05-19: 2 problems
2026-10-06T01:43:46.8721976Z   2026-05-18: 2 problems
2026-10-06T01:43:47.1421106Z   2026-05-16: 2 problems
2026-10-06T01:43:47.4463594Z   2026-05-15: 2 problems
2026-10-06T01:43:47.7215683Z   2026-05-14: 2 problems
2026-10-06T01:43:47.9933673Z   2026-05-13: 2 problems
2026-10-06T01:43:48.2565542Z   2026-05-12: 2 problems
2026-10-06T01:43:48.5199777Z   2026-05-11: 2 problems
2026-10-06T01:43:48.7835143Z   2026-05-09: 2 problems
2026-10-06T01:43:49.0351416Z   2026-05-08: 2 problems
2026-10-06T01:43:49.2986622Z   2026-05-07: 2 problems
2026-10-06T01:43:49.5619865Z   2026-05-06: 2 problems
2026-10-06T01:43:49.8282077Z   2026-05-05: 2 problems
2026-10-06T01:43:50.1015758Z   2026-05-04: 2 problems
2026-10-06T01:43:50.3680034Z   2026-05-02: 2 problems
2026-10-06T01:43:50.6261282Z   2026-05-01: 2 problems
2026-10-06T01:43:50.8894908Z   2026-04-30: 2 problems
2026-10-06T01:43:51.1452112Z   2026-04-29: 2 problems
2026-10-06T01:43:51.4072086Z   2026-04-28: 2 problems
2026-10-06T01:43:51.6829404Z   2026-04-27: 2 problems
2026-10-06T01:43:51.9425680Z   2026-04-25: 2 problems
2026-10-06T01:43:52.2038020Z   2026-04-24: 2 problems
2026-10-06T01:43:52.4711773Z   2026-04-23: 2 problems
2026-10-06T01:43:52.7432541Z   2026-04-22: 2 problems
2026-10-06T01:43:53.0190362Z   2026-04-21: 2 problems
2026-10-06T01:43:53.2771428Z   2026-04-20: 2 problems
2026-10-06T01:43:53.5521541Z   2026-04-18: 2 problems
2026-10-06T01:43:53.7968711Z   2026-04-17: 2 problems
2026-10-06T01:43:54.0774340Z   2026-04-16: 2 problems
2026-10-06T01:43:54.3405714Z   2026-04-15: 2 problems
2026-10-06T01:43:54.6244756Z   2026-04-14: 2 problems
2026-10-06T01:43:54.8996823Z   2026-04-13: 2 problems
2026-10-06T01:43:55.1711421Z   2026-04-11: 2 problems
2026-10-06T01:43:55.4289150Z   2026-04-10: 2 problems
2026-10-06T01:43:55.7057830Z   2026-04-09: 2 problems
2026-10-06T01:43:55.8734914Z   2026-04-08: 2 problems
2026-10-06T01:43:56.1306574Z   2026-04-07: 2 problems
2026-10-06T01:43:56.3945024Z   2026-04-06: 2 problems
2026-10-06T01:43:56.6563438Z   2026-04-04: 2 problems
2026-10-06T01:43:56.9195145Z   2026-04-03: 2 problems
2026-10-06T01:43:57.1844305Z   2026-04-02: 2 problems
2026-10-06T01:43:57.4417908Z   2026-04-01: 2 problems
2026-10-06T01:43:57.6945074Z   2026-03-31: 2 problems
2026-10-06T01:43:57.9493477Z   2026-03-30: 2 problems
2026-10-06T01:43:58.1999897Z   2026-03-28: 2 problems
2026-10-06T01:43:58.4739116Z   2026-03-27: 2 problems
2026-10-06T01:43:58.7295120Z   2026-03-26: 2 problems
2026-10-06T01:43:59.0003285Z   2026-03-25: 2 problems
2026-10-06T01:43:59.2580326Z   2026-03-24: 2 problems
2026-10-06T01:43:59.5399958Z   2026-03-23: 2 problems
2026-10-06T01:43:59.7987998Z   2026-03-21: 2 problems
2026-10-06T01:44:00.1076797Z   2026-03-20: 2 problems
2026-10-06T01:44:00.3776869Z   2026-03-19: 2 problems
2026-10-06T01:44:00.6495939Z   2026-03-18: 2 problems
2026-10-06T01:44:00.9044226Z   2026-03-17: 2 problems
2026-10-06T01:44:01.1752679Z   2026-03-16: 2 problems
2026-10-06T01:44:01.4553044Z   2026-03-14: 2 problems
2026-10-06T01:44:01.7210328Z   2026-03-13: 2 problems
2026-10-06T01:44:02.0377729Z   2026-03-12: 2 problems
2026-10-06T01:44:02.3071403Z   2026-03-11: 2 problems
2026-10-06T01:44:02.6045928Z   2026-03-10: 2 problems
2026-10-06T01:44:02.8501017Z   2026-03-09: 2 problems
2026-10-06T01:44:03.1259638Z   2026-03-07: 2 problems
2026-10-06T01:44:03.3946022Z   2026-03-06: 2 problems
2026-10-06T01:44:03.6535935Z   2026-03-05: 2 problems
2026-10-06T01:44:03.9236730Z   2026-03-04: 2 problems
2026-10-06T01:44:04.1907488Z   2026-03-03: 2 problems
2026-10-06T01:44:04.4486854Z   2026-03-02: 2 problems
2026-10-06T01:44:04.7190578Z   2026-02-28: 2 problems
2026-10-06T01:44:05.0354961Z   2026-02-27: 2 problems
2026-10-06T01:44:05.2996043Z   2026-02-26: 2 problems
2026-10-06T01:44:05.5954745Z   2026-02-25: 2 problems
2026-10-06T01:44:05.8469627Z   2026-02-24: 2 problems
2026-10-06T01:44:06.1067087Z   2026-02-23: 2 problems
2026-10-06T01:44:06.3685777Z   2026-02-21: 2 problems
2026-10-06T01:44:06.6353988Z   2026-02-20: 2 problems
2026-10-06T01:44:06.8946850Z   2026-02-19: 2 problems
2026-10-06T01:44:07.1642293Z   2026-02-18: 2 problems
2026-10-06T01:44:07.4511543Z   2026-02-17: 2 problems
2026-10-06T01:44:07.7064304Z   2026-02-16: 2 problems
2026-10-06T01:44:07.9911844Z   2026-02-14: 2 problems
2026-10-06T01:44:08.3171259Z   2026-02-13: 2 problems
2026-10-06T01:44:08.5780945Z   2026-02-12: 2 problems
2026-10-06T01:44:08.8466945Z   2026-02-11: 2 problems
2026-10-06T01:44:09.1205920Z   2026-02-10: 2 problems
2026-10-06T01:44:09.3947849Z   2026-02-09: 2 problems
2026-10-06T01:44:09.6818122Z   2026-02-07: 2 problems
2026-10-06T01:44:09.9668352Z   2026-02-06: 2 problems
2026-10-06T01:44:10.2318295Z   2026-02-05: 2 problems
2026-10-06T01:44:10.5317275Z   2026-02-04: 2 problems
2026-10-06T01:44:10.8096705Z   2026-02-03: 2 problems
2026-10-06T01:44:11.0808735Z   2026-02-02: 2 problems
2026-10-06T01:44:11.3656769Z   2026-01-31: 2 problems
2026-10-06T01:44:11.6425808Z   2026-01-30: 2 problems
2026-10-06T01:44:11.9044040Z   2026-01-29: 2 problems
2026-10-06T01:44:12.1716415Z   2026-01-28: 2 problems
2026-10-06T01:44:12.4996197Z   2026-01-27: 2 problems
2026-10-06T01:44:12.7659538Z   2026-01-26: 2 problems
2026-10-06T01:44:13.0333604Z   2026-01-24: 2 problems
2026-10-06T01:44:13.2963611Z   2026-01-23: 2 problems
2026-10-06T01:44:13.4765916Z   2026-01-22: 2 problems
2026-10-06T01:44:13.7335953Z   2026-01-21: 2 problems
2026-10-06T01:44:13.9967692Z   2026-01-20: 2 problems
2026-10-06T01:44:14.2799113Z   2026-01-19: 2 problems
2026-10-06T01:44:14.5431179Z   2026-01-17: 2 problems
2026-10-06T01:44:14.8026771Z   2026-01-16: 2 problems
2026-10-06T01:44:15.1262804Z   2026-01-15: 2 problems
2026-10-06T01:44:15.4471852Z   2026-01-14: 2 problems
2026-10-06T01:44:15.7198513Z   2026-01-13: 2 problems
2026-10-06T01:44:15.9891108Z   2026-01-12: 2 problems
2026-10-06T01:44:16.2455518Z   2026-01-10: 2 problems
2026-10-06T01:44:16.4965925Z   2026-01-09: 2 problems
2026-10-06T01:44:16.7794382Z   2026-01-08: 2 problems
2026-10-06T01:44:17.0435749Z   2026-01-07: 2 problems
2026-10-06T01:44:17.3052152Z   2026-01-06: 2 problems
2026-10-06T01:44:17.5875060Z   2026-01-05: 2 problems
2026-10-06T01:44:17.8429377Z   2026-01-03: 2 problems
2026-10-06T01:44:18.0985672Z   2026-01-02: 2 problems
2026-10-06T01:44:18.3606922Z   2026-01-01: 2 problems
2026-10-06T01:44:18.6267769Z   2025-12-31: 2 problems
2026-10-06T01:44:18.9565149Z   2025-12-30: 2 problems
2026-10-06T01:44:19.2316926Z   2025-12-29: 2 problems
2026-10-06T01:44:19.4864549Z   2025-12-27: 2 problems
2026-10-06T01:44:19.7470802Z   2025-12-26: 2 problems
2026-10-06T01:44:20.0310743Z   2025-12-25: 2 problems
2026-10-06T01:44:20.2934256Z   2025-12-24: 2 problems
2026-10-06T01:44:20.5689975Z   2025-12-23: 2 problems
2026-10-06T01:44:20.8410975Z   2025-12-22: 2 problems
2026-10-06T01:44:21.1076748Z   2025-12-20: 2 problems
2026-10-06T01:44:21.3638466Z   2025-12-19: 2 problems
2026-10-06T01:44:21.6248682Z   2025-12-18: 2 problems
2026-10-06T01:44:21.8963358Z   2025-12-17: 2 problems
2026-10-06T01:44:22.1764089Z   2025-12-16: 2 problems
2026-10-06T01:44:22.4274313Z   2025-12-15: 2 problems
2026-10-06T01:44:22.6906391Z   2025-12-13: 2 problems
2026-10-06T01:44:22.9635091Z   2025-12-12: 2 problems
2026-10-06T01:44:23.2704993Z   2025-12-11: 2 problems
2026-10-06T01:44:23.5591092Z   2025-12-10: 2 problems
2026-10-06T01:44:23.8094371Z   2025-12-09: 2 problems
2026-10-06T01:44:23.9911742Z   2025-12-08: 2 problems
2026-10-06T01:44:24.2767696Z   2025-12-06: 2 problems
2026-10-06T01:44:24.5587165Z   2025-12-05: 2 problems
2026-10-06T01:44:24.8224652Z   2025-12-04: 2 problems
2026-10-06T01:44:25.0902837Z   2025-12-03: 2 problems
2026-10-06T01:44:25.3405286Z   2025-12-02: 2 problems
2026-10-06T01:44:25.6052371Z   2025-12-01: 2 problems
2026-10-06T01:44:25.8700080Z   2025-11-29: 2 problems
2026-10-06T01:44:26.1436725Z   2025-11-28: 2 problems
2026-10-06T01:44:26.4062186Z   2025-11-27: 2 problems
2026-10-06T01:44:26.6761209Z   2025-11-26: 2 problems
2026-10-06T01:44:26.9528437Z   2025-11-25: 2 problems
2026-10-06T01:44:27.2227523Z   2025-11-24: 2 problems
2026-10-06T01:44:27.4851851Z   2025-11-22: 2 problems
2026-10-06T01:44:27.7850345Z   2025-11-21: 2 problems
2026-10-06T01:44:28.0687717Z   2025-11-20: 2 problems
2026-10-06T01:44:28.3343996Z   2025-11-19: 2 problems
2026-10-06T01:44:28.5873686Z   2025-11-18: 2 problems
2026-10-06T01:44:28.8336376Z   2025-11-17: 2 problems
2026-10-06T01:44:29.0912420Z   2025-11-15: 2 problems
2026-10-06T01:44:29.3578756Z   2025-11-14: 2 problems
2026-10-06T01:44:29.6151615Z   2025-11-13: 2 problems
2026-10-06T01:44:29.8764366Z   2025-11-12: 2 problems
2026-10-06T01:44:30.1457232Z   2025-11-11: 2 problems
2026-10-06T01:44:30.4206608Z   2025-11-10: 2 problems
2026-10-06T01:44:30.6809267Z   2025-11-08: 2 problems
2026-10-06T01:44:30.9639843Z   2025-11-07: 2 problems
2026-10-06T01:44:31.2400105Z   2025-11-06: 2 problems
2026-10-06T01:44:31.5032313Z   2025-11-05: 2 problems
2026-10-06T01:44:31.7827852Z   2025-11-04: 2 problems
2026-10-06T01:44:32.0413718Z   2025-11-03: 2 problems
2026-10-06T01:44:32.3130272Z   2025-11-01: 2 problems
2026-10-06T01:44:32.4848485Z   2025-10-31: 2 problems
2026-10-06T01:44:32.7422072Z   2025-10-30: 2 problems
2026-10-06T01:44:32.9963156Z   2025-10-29: 2 problems
2026-10-06T01:44:33.2567021Z   2025-10-28: 2 problems
2026-10-06T01:44:33.5164023Z   2025-10-27: 2 problems
2026-10-06T01:44:33.7667588Z   2025-10-25: 2 problems
2026-10-06T01:44:34.0506655Z   2025-10-24: 2 problems
2026-10-06T01:44:34.3182764Z   2025-10-23: 2 problems
2026-10-06T01:44:34.5741020Z   2025-10-22: 2 problems
2026-10-06T01:44:34.8499912Z   2025-10-21: 2 problems
2026-10-06T01:44:35.1065517Z   2025-10-20: 2 problems
2026-10-06T01:44:35.3647768Z   2025-10-18: 2 problems
2026-10-06T01:44:35.6261262Z   2025-10-17: 2 problems
2026-10-06T01:44:35.8846614Z   2025-10-16: 2 problems
2026-10-06T01:44:36.1416335Z   2025-10-15: 2 problems
2026-10-06T01:44:36.4124044Z   2025-10-14: 2 problems
2026-10-06T01:44:36.6743181Z   2025-10-13: 2 problems
2026-10-06T01:44:36.9395408Z   2025-10-11: 2 problems
2026-10-06T01:44:37.1956175Z   2025-10-10: 2 problems
2026-10-06T01:44:37.4548798Z   2025-10-09: 2 problems
2026-10-06T01:44:37.7296191Z   2025-10-08: 2 problems
2026-10-06T01:44:37.9882780Z   2025-10-07: 2 problems
2026-10-06T01:44:38.2522384Z   2025-10-06: 2 problems
2026-10-06T01:44:38.5233521Z   2025-10-04: 2 problems
2026-10-06T01:44:38.7814472Z   2025-10-03: 2 problems
2026-10-06T01:44:39.0410908Z   2025-10-02: 2 problems
2026-10-06T01:44:39.3304506Z   2025-10-01: 2 problems
2026-10-06T01:44:39.6211413Z   2025-09-30: 2 problems
2026-10-06T01:44:39.8777791Z   2025-09-29: 2 problems
2026-10-06T01:44:40.1250035Z   2025-09-27: 2 problems
2026-10-06T01:44:40.3731867Z   2025-09-26: 2 problems
2026-10-06T01:44:40.6389344Z   2025-09-25: 2 problems
2026-10-06T01:44:40.9089746Z   2025-09-24: 2 problems
2026-10-06T01:44:41.1676218Z   2025-09-23: 2 problems
2026-10-06T01:44:41.4308241Z   2025-09-22: 2 problems
2026-10-06T01:44:41.7101676Z   2025-09-20: 2 problems
2026-10-06T01:44:41.9641139Z   2025-09-19: 2 problems
2026-10-06T01:44:42.2506157Z   2025-09-18: 2 problems
2026-10-06T01:44:42.5042860Z   2025-09-17: 2 problems
2026-10-06T01:44:42.7620819Z   2025-09-16: 2 problems
2026-10-06T01:44:43.0219652Z   2025-09-15: 2 problems
2026-10-06T01:44:43.2809381Z   2025-09-13: 2 problems
2026-10-06T01:44:43.5437054Z   2025-09-12: 2 problems
2026-10-06T01:44:43.8025291Z   2025-09-11: 2 problems
2026-10-06T01:44:44.0530217Z   2025-09-10: 2 problems
2026-10-06T01:44:44.3428271Z   2025-09-09: 2 problems
2026-10-06T01:44:44.5933554Z   2025-09-08: 2 problems
2026-10-06T01:44:44.8482029Z   2025-09-06: 2 problems
2026-10-06T01:44:45.0969703Z   2025-09-05: 2 problems
2026-10-06T01:44:45.3785797Z   2025-09-04: 2 problems
2026-10-06T01:44:45.6341599Z   2025-09-03: 2 problems
2026-10-06T01:44:45.8868089Z   2025-09-02: 2 problems
2026-10-06T01:44:46.1473047Z   2025-09-01: 2 problems
2026-10-06T01:44:46.4047854Z   2025-08-30: 2 problems
2026-10-06T01:44:46.6538350Z   2025-08-29: 2 problems
2026-10-06T01:44:46.9466273Z   2025-08-28: 2 problems
2026-10-06T01:44:47.2389397Z   2025-08-27: 2 problems
2026-10-06T01:44:47.5042694Z   2025-08-26: 2 problems
2026-10-06T01:44:47.7601505Z   2025-08-25: 2 problems
2026-10-06T01:44:48.0314181Z   2025-08-23: 2 problems
2026-10-06T01:44:48.3048407Z   2025-08-22: 2 problems
2026-10-06T01:44:48.5962544Z   2025-08-21: 2 problems
2026-10-06T01:44:48.8564794Z   2025-08-20: 2 problems
2026-10-06T01:44:49.1441031Z   2025-08-19: 2 problems
2026-10-06T01:44:49.4059833Z   2025-08-18: 2 problems
2026-10-06T01:44:49.6734505Z   2025-08-16: 2 problems
2026-10-06T01:44:49.9708339Z   2025-08-15: 2 problems
2026-10-06T01:44:50.2320103Z   2025-08-14: 2 problems
2026-10-06T01:44:50.5216985Z   2025-08-13: 2 problems
2026-10-06T01:44:50.9336539Z   2025-08-12: 2 problems
2026-10-06T01:44:51.4268810Z   2025-08-11: 2 problems
2026-10-06T01:44:51.7656247Z   2025-08-09: 2 problems
2026-10-06T01:44:52.0963925Z   2025-08-08: 2 problems
2026-10-06T01:44:52.3719840Z   2025-08-07: 2 problems
2026-10-06T01:44:52.6733534Z   2025-08-06: 2 problems
2026-10-06T01:44:52.9247030Z   2025-08-05: 2 problems
2026-10-06T01:44:53.2118809Z   2025-08-04: 2 problems
2026-10-06T01:44:53.5149413Z   2025-08-02: 2 problems
2026-10-06T01:44:53.8519492Z   2025-08-01: 2 problems
2026-10-06T01:44:54.1245896Z   2025-07-31: 2 problems
2026-10-06T01:44:54.4642259Z   2025-07-30: 2 problems
2026-10-06T01:44:54.7269608Z   2025-07-29: 2 problems
2026-10-06T01:44:54.9870666Z   2025-07-28: 2 problems
2026-10-06T01:44:55.2601200Z   2025-07-26: 2 problems
2026-10-06T01:44:55.5374530Z   2025-07-25: 2 problems
2026-10-06T01:44:55.7919025Z   2025-07-24: 2 problems
2026-10-06T01:44:56.0479652Z   2025-07-23: 2 problems
2026-10-06T01:44:56.3170796Z   2025-07-22: 2 problems
2026-10-06T01:44:56.5768277Z   2025-07-21: 2 problems
2026-10-06T01:44:56.8460127Z   2025-07-19: 2 problems
2026-10-06T01:44:57.1468789Z   2025-07-18: 2 problems
2026-10-06T01:44:57.3984425Z   2025-07-17: 2 problems
2026-10-06T01:44:57.6599278Z   2025-07-16: 2 problems
2026-10-06T01:44:57.9339427Z   2025-07-15: 2 problems
2026-10-06T01:44:58.1973623Z   2025-07-14: 2 problems
2026-10-06T01:44:58.4815157Z   2025-07-12: 2 problems
2026-10-06T01:44:58.7460798Z   2025-07-11: 2 problems
2026-10-06T01:44:59.0131834Z   2025-07-10: 2 problems
2026-10-06T01:44:59.2771265Z   2025-07-09: 2 problems
2026-10-06T01:44:59.5407198Z   2025-07-08: 2 problems
2026-10-06T01:44:59.8450160Z   2025-07-07: 2 problems
2026-10-06T01:45:00.0987515Z   2025-07-05: 2 problems
2026-10-06T01:45:00.3648591Z   2025-07-04: 2 problems
2026-10-06T01:45:00.6281107Z   2025-07-03: 2 problems
2026-10-06T01:45:00.9045905Z   2025-07-02: 2 problems
2026-10-06T01:45:01.1718830Z   2025-07-01: 2 problems
2026-10-06T01:45:01.4368489Z   2025-06-30: 2 problems
2026-10-06T01:45:01.7026767Z   2025-06-28: 2 problems
2026-10-06T01:45:01.9727923Z   2025-06-27: 2 problems
2026-10-06T01:45:02.3187899Z   2025-06-26: 2 problems
2026-10-06T01:45:02.5834592Z   2025-06-25: 2 problems
2026-10-06T01:45:02.8848994Z   2025-06-24: 2 problems
2026-10-06T01:45:03.1475642Z   2025-06-23: 2 problems
2026-10-06T01:45:03.3182813Z   2025-06-21: 2 problems
2026-10-06T01:45:03.6048377Z   2025-06-20: 2 problems
2026-10-06T01:45:03.8709903Z   2025-06-19: 2 problems
2026-10-06T01:45:04.1462034Z   2025-06-18: 2 problems
2026-10-06T01:45:04.4090046Z   2025-06-17: 2 problems
2026-10-06T01:45:04.7566744Z   2025-06-16: 2 problems
2026-10-06T01:45:05.0259497Z   2025-06-14: 2 problems
2026-10-06T01:45:05.3123977Z   2025-06-13: 2 problems
2026-10-06T01:45:05.5788921Z   2025-06-12: 2 problems
2026-10-06T01:45:05.8539602Z   2025-06-11: 2 problems
2026-10-06T01:45:06.1352463Z   2025-06-10: 2 problems
2026-10-06T01:45:06.3989936Z   2025-06-09: 2 problems
2026-10-06T01:45:06.6704900Z   2025-06-07: 2 problems
2026-10-06T01:45:06.9311926Z   2025-06-06: 2 problems
2026-10-06T01:45:07.1839665Z   2025-06-05: 2 problems
2026-10-06T01:45:07.4528246Z   2025-06-04: 2 problems
2026-10-06T01:45:07.7158041Z   2025-06-03: 2 problems
2026-10-06T01:45:08.0075368Z   2025-06-02: 2 problems
2026-10-06T01:45:08.2580353Z   2025-05-31: 2 problems
2026-10-06T01:45:08.5108003Z   2025-05-30: 2 problems
2026-10-06T01:45:08.7996282Z   2025-05-29: 2 problems
2026-10-06T01:45:09.0985412Z   2025-05-28: 2 problems
2026-10-06T01:45:09.3844742Z   2025-05-27: 2 problems
2026-10-06T01:45:09.6939483Z   2025-05-26: 2 problems
2026-10-06T01:45:09.9704351Z   2025-05-24: 2 problems
2026-10-06T01:45:10.2710042Z   2025-05-23: 2 problems
2026-10-06T01:45:10.5355009Z   2025-05-22: 2 problems
2026-10-06T01:45:10.7979408Z   2025-05-21: 2 problems
2026-10-06T01:45:11.0545692Z   2025-05-20: 2 problems
2026-10-06T01:45:11.3308776Z   2025-05-19: 2 problems
2026-10-06T01:45:11.6272040Z   2025-05-17: 2 problems
2026-10-06T01:45:11.9195950Z   2025-05-16: 2 problems
2026-10-06T01:45:12.2895812Z   2025-05-15: 2 problems
2026-10-06T01:45:12.5663107Z   2025-05-14: 2 problems
2026-10-06T01:45:12.8475238Z   2025-05-13: 2 problems
2026-10-06T01:45:13.1118108Z   2025-05-12: 2 problems
2026-10-06T01:45:13.3981326Z   2025-05-10: 2 problems
2026-10-06T01:45:13.6636873Z   2025-05-09: 2 problems
2026-10-06T01:45:13.9518201Z   2025-05-08: 2 problems
2026-10-06T01:45:14.2093214Z   2025-05-07: 2 problems
2026-10-06T01:45:14.4753053Z   2025-05-06: 2 problems
2026-10-06T01:45:14.7852015Z   2025-05-05: 2 problems
2026-10-06T01:45:15.0497298Z   2025-05-03: 2 problems
2026-10-06T01:45:15.3056419Z   2025-05-02: 2 problems
2026-10-06T01:45:15.5625567Z   2025-05-01: 2 problems
2026-10-06T01:45:15.9038838Z   2025-04-30: 2 problems
2026-10-06T01:45:16.1765764Z   2025-04-29: 2 problems
2026-10-06T01:45:16.4491010Z   2025-04-28: 2 problems
2026-10-06T01:45:16.7387657Z   2025-04-26: 2 problems
2026-10-06T01:45:17.0447299Z   2025-04-25: 2 problems
2026-10-06T01:45:17.3176516Z   2025-04-24: 2 problems
2026-10-06T01:45:17.5886114Z   2025-04-23: 2 problems
2026-10-06T01:45:17.8840313Z   2025-04-22: 2 problems
2026-10-06T01:45:18.1525804Z   2025-04-21: 2 problems
2026-10-06T01:45:18.4548302Z   2025-04-19: 2 problems
2026-10-06T01:45:18.7176700Z   2025-04-18: 2 problems
2026-10-06T01:45:19.0426703Z   2025-04-17: 2 problems
2026-10-06T01:45:19.3171630Z   2025-04-16: 2 problems
2026-10-06T01:45:19.6032857Z   2025-04-15: 2 problems
2026-10-06T01:45:19.8625380Z   2025-04-14: 2 problems
2026-10-06T01:45:20.1811067Z   2025-04-12: 2 problems
2026-10-06T01:45:20.4422295Z   2025-04-11: 2 problems
2026-10-06T01:45:20.7131244Z   2025-04-10: 2 problems
2026-10-06T01:45:20.9821563Z   2025-04-09: 2 problems
2026-10-06T01:45:21.2633317Z   2025-04-08: 2 problems
2026-10-06T01:45:21.5441419Z   2025-04-07: 2 problems
2026-10-06T01:45:21.8066619Z   2025-04-05: 2 problems
2026-10-06T01:45:22.0871649Z   2025-04-04: 2 problems
2026-10-06T01:45:22.3683526Z   2025-04-03: 2 problems
2026-10-06T01:45:22.6388310Z   2025-04-02: 2 problems
2026-10-06T01:45:22.9015763Z   2025-04-01: 2 problems
2026-10-06T01:45:23.1630132Z   2025-03-31: 2 problems
2026-10-06T01:45:23.4264015Z   2025-03-29: 2 problems
2026-10-06T01:45:23.6803119Z   2025-03-28: 2 problems
2026-10-06T01:45:23.9665598Z   2025-03-27: 2 problems
2026-10-06T01:45:24.2292396Z   2025-03-26: 2 problems
2026-10-06T01:45:24.4853645Z   2025-03-25: 2 problems
2026-10-06T01:45:24.7593221Z   2025-03-24: 2 problems
2026-10-06T01:45:25.0202864Z   2025-03-22: 2 problems
2026-10-06T01:45:25.2782001Z   2025-03-21: 2 problems
2026-10-06T01:45:25.5779024Z   2025-03-20: 2 problems
2026-10-06T01:45:25.8502492Z   2025-03-19: 2 problems
2026-10-06T01:45:26.1222907Z   2025-03-18: 2 problems
2026-10-06T01:45:26.3749060Z   2025-03-17: 2 problems
2026-10-06T01:45:26.6392167Z   2025-03-15: 2 problems
2026-10-06T01:45:26.9265935Z   2025-03-14: 2 problems
2026-10-06T01:45:27.2034027Z   2025-03-13: 2 problems
2026-10-06T01:45:27.4884551Z   2025-03-12: 2 problems
2026-10-06T01:45:27.7620813Z   2025-03-11: 2 problems
2026-10-06T01:45:28.0366164Z   2025-03-10: 2 problems
2026-10-06T01:45:28.3111140Z   2025-03-08: 2 problems
2026-10-06T01:45:28.5786025Z   2025-03-07: 2 problems
2026-10-06T01:45:28.8342514Z   2025-03-06: 2 problems
2026-10-06T01:45:29.0919323Z   2025-03-05: 2 problems
2026-10-06T01:45:29.3557272Z   2025-03-04: 2 problems
2026-10-06T01:45:29.6280813Z   2025-03-03: 2 problems
2026-10-06T01:45:29.9060367Z   2025-03-01: 2 problems
2026-10-06T01:45:30.1947163Z   2025-02-28: 2 problems
2026-10-06T01:45:30.4567594Z   2025-02-27: 2 problems
2026-10-06T01:45:30.7252833Z   2025-02-26: 2 problems
2026-10-06T01:45:30.9849727Z   2025-02-25: 2 problems
2026-10-06T01:45:31.2482814Z   2025-02-24: 2 problems
2026-10-06T01:45:31.5850959Z   2025-02-22: 2 problems
2026-10-06T01:45:31.9281677Z   2025-02-21: 2 problems
2026-10-06T01:45:32.2218051Z   2025-02-20: 2 problems
2026-10-06T01:45:32.5086211Z   2025-02-19: 2 problems
2026-10-06T01:45:32.7996907Z   2025-02-18: 2 problems
2026-10-06T01:45:33.0774409Z   2025-02-17: 2 problems
2026-10-06T01:45:33.3461743Z   2025-02-15: 2 problems
2026-10-06T01:45:33.6268907Z   2025-02-14: 2 problems
2026-10-06T01:45:33.9014976Z   2025-02-13: 2 problems
2026-10-06T01:45:34.1641615Z   2025-02-12: 2 problems
2026-10-06T01:45:34.4188399Z   2025-02-11: 2 problems
2026-10-06T01:45:34.6992150Z   2025-02-10: 2 problems
2026-10-06T01:45:34.9555467Z   2025-02-08: 2 problems
2026-10-06T01:45:35.2155530Z   2025-02-07: 2 problems
2026-10-06T01:45:35.4836143Z   2025-02-06: 2 problems
2026-10-06T01:45:35.7724409Z   2025-02-05: 2 problems
2026-10-06T01:45:36.0573226Z   2025-02-04: 2 problems
2026-10-06T01:45:36.3169141Z   2025-02-03: 2 problems
2026-10-06T01:45:36.5949383Z   2025-02-01: 2 problems
2026-10-06T01:45:36.8681258Z   2025-01-31: 2 problems
2026-10-06T01:45:37.1400630Z   2025-01-30: 2 problems
2026-10-06T01:45:37.4009016Z   2025-01-29: 2 problems
2026-10-06T01:45:37.6634492Z   2025-01-28: 2 problems
2026-10-06T01:45:37.9230612Z   2025-01-27: 2 problems
2026-10-06T01:45:38.2039989Z   2025-01-25: 2 problems
2026-10-06T01:45:38.4694454Z   2025-01-24: 2 problems
2026-10-06T01:45:38.7368301Z   2025-01-23: 2 problems
2026-10-06T01:45:39.0318831Z   2025-01-22: 2 problems
2026-10-06T01:45:39.3123003Z   2025-01-21: 2 problems
2026-10-06T01:45:39.5906189Z   2025-01-20: 2 problems
2026-10-06T01:45:39.8638309Z   2025-01-18: 2 problems
2026-10-06T01:45:40.1276281Z   2025-01-17: 2 problems
2026-10-06T01:45:40.3873858Z   2025-01-16: 2 problems
2026-10-06T01:45:40.6594669Z   2025-01-15: 2 problems
2026-10-06T01:45:40.9222921Z   2025-01-14: 2 problems
2026-10-06T01:45:41.1878907Z   2025-01-13: 2 problems
2026-10-06T01:45:41.4464931Z   2025-01-11: 2 problems
2026-10-06T01:45:41.7350246Z   2025-01-10: 2 problems
2026-10-06T01:45:42.0028616Z   2025-01-09: 2 problems
2026-10-06T01:45:42.2618354Z   2025-01-08: 2 problems
2026-10-06T01:45:42.5311005Z   2025-01-07: 2 problems
2026-10-06T01:45:42.8167690Z   2025-01-06: 2 problems
2026-10-06T01:45:43.0811944Z   2025-01-04: 2 problems
2026-10-06T01:45:43.3571722Z   2025-01-03: 2 problems
2026-10-06T01:45:43.6233930Z   2025-01-02: 2 problems
2026-10-06T01:45:43.8883350Z   2025-01-01: 2 problems
2026-10-06T01:45:44.1576194Z   2024-12-31: 2 problems
2026-10-06T01:45:44.4251529Z   2024-12-30: 2 problems
2026-10-06T01:45:44.6855519Z   2024-12-28: 2 problems
2026-10-06T01:45:44.9611181Z   2024-12-27: 2 problems
2026-10-06T01:45:45.2204476Z   2024-12-26: 2 problems
2026-10-06T01:45:45.5096757Z   2024-12-25: 2 problems
2026-10-06T01:45:45.7658263Z   2024-12-24: 2 problems
2026-10-06T01:45:46.0301193Z   2024-12-23: 2 problems
2026-10-06T01:45:46.2890819Z   2024-12-21: 2 problems
2026-10-06T01:45:46.5515657Z   2024-12-20: 2 problems
2026-10-06T01:45:46.8073772Z   2024-12-19: 2 problems
2026-10-06T01:45:47.0824508Z   2024-12-18: 2 problems
2026-10-06T01:45:47.3439690Z   2024-12-17: 2 problems
2026-10-06T01:45:47.6216702Z   2024-12-16: 2 problems
2026-10-06T01:45:47.9122823Z   2024-12-14: 2 problems
2026-10-06T01:45:48.1861374Z   2024-12-13: 2 problems
2026-10-06T01:45:48.4908860Z   2024-12-12: 2 problems
2026-10-06T01:45:48.7708826Z   2024-12-11: 2 problems
2026-10-06T01:45:49.0676890Z   2024-12-10: 2 problems
2026-10-06T01:45:49.3203064Z   2024-12-09: 2 problems
2026-10-06T01:45:49.5937943Z   2024-12-07: 2 problems
2026-10-06T01:45:49.8525544Z   2024-12-06: 2 problems
2026-10-06T01:45:50.1171212Z   2024-12-05: 2 problems
2026-10-06T01:45:50.3781373Z   2024-12-04: 2 problems
2026-10-06T01:45:50.6440182Z   2024-12-03: 2 problems
2026-10-06T01:45:50.9145733Z   2024-12-02: 2 problems
2026-10-06T01:45:51.1838359Z   2024-11-30: 2 problems
2026-10-06T01:45:51.4462596Z   2024-11-29: 2 problems
2026-10-06T01:45:51.7170972Z   2024-11-28: 2 problems
2026-10-06T01:45:51.9926018Z   2024-11-27: 2 problems
2026-10-06T01:45:52.2632816Z   2024-11-26: 2 problems
2026-10-06T01:45:52.5259492Z   2024-11-25: 2 problems
2026-10-06T01:45:52.7973164Z   2024-11-23: 2 problems
2026-10-06T01:45:53.0738003Z   2024-11-22: 2 problems
2026-10-06T01:45:53.2624991Z   2024-11-21: 2 problems
2026-10-06T01:45:53.5198057Z   2024-11-20: 2 problems
2026-10-06T01:45:53.8125368Z   2024-11-19: 2 problems
2026-10-06T01:45:54.0798541Z   2024-11-18: 2 problems
2026-10-06T01:45:54.3555922Z   2024-11-16: 2 problems
2026-10-06T01:45:54.6534107Z   2024-11-15: 2 problems
2026-10-06T01:45:54.9222731Z   2024-11-14: 2 problems
2026-10-06T01:45:55.1863161Z   2024-11-13: 2 problems
2026-10-06T01:45:55.4617070Z   2024-11-12: 2 problems
2026-10-06T01:45:55.7276810Z   2024-11-11: 2 problems
2026-10-06T01:45:55.9936551Z   2024-11-09: 2 problems
2026-10-06T01:45:56.2551481Z   2024-11-08: 2 problems
2026-10-06T01:45:56.5148110Z   2024-11-07: 2 problems
2026-10-06T01:45:56.7762802Z   2024-11-06: 2 problems
2026-10-06T01:45:57.0404932Z   2024-11-05: 2 problems
2026-10-06T01:45:57.3010913Z   2024-11-04: 2 problems
2026-10-06T01:45:57.5642271Z   2024-11-02: 2 problems
2026-10-06T01:45:57.8353570Z   2024-11-01: 2 problems
2026-10-06T01:45:58.1282159Z   2024-10-31: 2 problems
2026-10-06T01:45:58.4150672Z   2024-10-30: 2 problems
2026-10-06T01:45:58.6969693Z   2024-10-29: 2 problems
2026-10-06T01:45:58.9653020Z   2024-10-28: 2 problems
2026-10-06T01:45:59.2423442Z   2024-10-26: 2 problems
2026-10-06T01:45:59.5134411Z   2024-10-25: 2 problems
2026-10-06T01:45:59.8091595Z   2024-10-24: 2 problems
2026-10-06T01:46:00.0622520Z   2024-10-23: 2 problems
2026-10-06T01:46:00.3397956Z   2024-10-22: 2 problems
2026-10-06T01:46:00.6065194Z   2024-10-21: 2 problems
2026-10-06T01:46:00.8624071Z   2024-10-19: 2 problems
2026-10-06T01:46:01.1260840Z   2024-10-18: 2 problems
2026-10-06T01:46:01.4179143Z   2024-10-17: 2 problems
2026-10-06T01:46:01.6925294Z   2024-10-16: 2 problems
2026-10-06T01:46:01.9680827Z   2024-10-15: 2 problems
2026-10-06T01:46:02.2473879Z   2024-10-14: 2 problems
2026-10-06T01:46:02.5149868Z   2024-10-12: 2 problems
2026-10-06T01:46:02.7914977Z   2024-10-11: 2 problems
2026-10-06T01:46:03.0663518Z   2024-10-10: 2 problems
2026-10-06T01:46:03.3581502Z   2024-10-09: 2 problems
2026-10-06T01:46:03.6361704Z   2024-10-08: 2 problems
2026-10-06T01:46:03.9112996Z   2024-10-07: 2 problems
2026-10-06T01:46:04.1767118Z   2024-10-05: 2 problems
2026-10-06T01:46:04.4678222Z   2024-10-04: 2 problems
2026-10-06T01:46:04.7362222Z   2024-10-03: 2 problems
2026-10-06T01:46:04.9911163Z   2024-10-02: 2 problems
2026-10-06T01:46:05.2539927Z   2024-10-01: 2 problems
2026-10-06T01:46:05.5230879Z   2024-09-30: 2 problems
2026-10-06T01:46:05.7781377Z   2024-09-28: 2 problems
2026-10-06T01:46:06.0443778Z   2024-09-27: 2 problems
2026-10-06T01:46:06.3013180Z   2024-09-26: 2 problems
2026-10-06T01:46:06.5650177Z   2024-09-25: 2 problems
2026-10-06T01:46:06.7680726Z   2024-09-24: 2 problems
2026-10-06T01:46:07.0522404Z   2024-09-23: 2 problems
2026-10-06T01:46:07.3117730Z   2024-09-21: 2 problems
2026-10-06T01:46:07.5922196Z   2024-09-20: 2 problems
2026-10-06T01:46:07.8574560Z   2024-09-19: 2 problems
2026-10-06T01:46:08.1435802Z   2024-09-18: 2 problems
2026-10-06T01:46:08.4190256Z   2024-09-17: 2 problems
2026-10-06T01:46:08.7393664Z   2024-09-16: 2 problems
2026-10-06T01:46:09.0045699Z   2024-09-14: 2 problems
2026-10-06T01:46:09.2926533Z   2024-09-13: 2 problems
2026-10-06T01:46:09.5573388Z   2024-09-12: 2 problems
2026-10-06T01:46:09.8266987Z   2024-09-11: 2 problems
2026-10-06T01:46:10.1064779Z   2024-09-10: 2 problems
2026-10-06T01:46:10.3871083Z   2024-09-09: 2 problems
2026-10-06T01:46:10.6524144Z   2024-09-07: 2 problems
2026-10-06T01:46:10.9716332Z   2024-09-06: 2 problems
2026-10-06T01:46:11.3290678Z   2024-09-05: 2 problems
2026-10-06T01:46:11.5984323Z   2024-09-04: 2 problems
2026-10-06T01:46:11.9101843Z   2024-09-03: 2 problems
2026-10-06T01:46:12.1991967Z   2024-09-02: 2 problems
2026-10-06T01:46:12.4906994Z   2024-08-31: 2 problems
2026-10-06T01:46:12.7881636Z   2024-08-30: 2 problems
2026-10-06T01:46:13.0502636Z   2024-08-29: 2 problems
2026-10-06T01:46:13.3305796Z   2024-08-28: 2 problems
2026-10-06T01:46:13.6061322Z   2024-08-27: 2 problems
2026-10-06T01:46:13.8821922Z   2024-08-26: 2 problems
2026-10-06T01:46:14.1700220Z   2024-08-24: 2 problems
2026-10-06T01:46:14.4248963Z   2024-08-23: 2 problems
2026-10-06T01:46:14.7001552Z   2024-08-22: 2 problems
2026-10-06T01:46:14.9823389Z   2024-08-21: 2 problems
2026-10-06T01:46:15.2600144Z   2024-08-20: 2 problems
2026-10-06T01:46:15.5406678Z   2024-08-19: 2 problems
2026-10-06T01:46:15.8065225Z   2024-08-17: 2 problems
2026-10-06T01:46:16.0753171Z   2024-08-16: 2 problems
2026-10-06T01:46:16.3585504Z   2024-08-15: 2 problems
2026-10-06T01:46:16.6222531Z   2024-08-14: 2 problems
2026-10-06T01:46:16.8755569Z   2024-08-13: 2 problems
2026-10-06T01:46:17.1236751Z   2024-08-12: 2 problems
2026-10-06T01:46:17.4038333Z   2024-08-10: 2 problems
2026-10-06T01:46:17.6630785Z   2024-08-09: 2 problems
2026-10-06T01:46:17.9299966Z   2024-08-08: 2 problems
2026-10-06T01:46:18.2010898Z   2024-08-07: 2 problems
2026-10-06T01:46:18.4909272Z   2024-08-06: 2 problems
2026-10-06T01:46:18.7472882Z   2024-08-05: 2 problems
2026-10-06T01:46:19.0165247Z   2024-08-03: 2 problems
2026-10-06T01:46:19.2801166Z   2024-08-02: 2 problems
2026-10-06T01:46:19.5558892Z   2024-08-01: 2 problems
2026-10-06T01:46:19.8133284Z   2024-07-31: 2 problems
2026-10-06T01:46:20.0884544Z   2024-07-30: 2 problems
2026-10-06T01:46:20.3646009Z   2024-07-29: 2 problems
2026-10-06T01:46:20.6427210Z   2024-07-27: 2 problems
2026-10-06T01:46:20.9217810Z   2024-07-26: 2 problems
2026-10-06T01:46:21.1809384Z   2024-07-25: 2 problems
2026-10-06T01:46:21.4413371Z   2024-07-24: 2 problems
2026-10-06T01:46:21.7199768Z   2024-07-23: 2 problems
2026-10-06T01:46:22.0014088Z   2024-07-22: 2 problems
2026-10-06T01:46:22.2618426Z   2024-07-20: 2 problems
2026-10-06T01:46:22.5254481Z   2024-07-19: 2 problems
2026-10-06T01:46:22.7868042Z   2024-07-18: 2 problems
2026-10-06T01:46:23.0519383Z   2024-07-17: 2 problems
2026-10-06T01:46:23.3317846Z   2024-07-16: 2 problems
2026-10-06T01:46:23.6101018Z   2024-07-15: 2 problems
2026-10-06T01:46:23.8864402Z   2024-07-13: 2 problems
2026-10-06T01:46:24.0573164Z   2024-07-12: 2 problems
2026-10-06T01:46:24.3347798Z   2024-07-11: 2 problems
2026-10-06T01:46:24.6035544Z   2024-07-10: 2 problems
2026-10-06T01:46:24.8661441Z   2024-07-09: 2 problems
2026-10-06T01:46:25.1274162Z   2024-07-08: 2 problems
2026-10-06T01:46:25.3903059Z   2024-07-06: 2 problems
2026-10-06T01:46:25.6596846Z   2024-07-05: 2 problems
2026-10-06T01:46:25.9360361Z   2024-07-04: 2 problems
2026-10-06T01:46:26.2060382Z   2024-07-03: 2 problems
2026-10-06T01:46:26.4755811Z   2024-07-02: 2 problems
2026-10-06T01:46:26.7335716Z   2024-07-01: 2 problems
2026-10-06T01:46:27.0070872Z   2024-06-29: 2 problems
2026-10-06T01:46:27.2737485Z   2024-06-28: 2 problems
2026-10-06T01:46:27.5601504Z   2024-06-27: 2 problems
2026-10-06T01:46:27.8262310Z   2024-06-26: 2 problems
2026-10-06T01:46:28.0919025Z   2024-06-25: 2 problems
2026-10-06T01:46:28.3720718Z   2024-06-24: 2 problems
2026-10-06T01:46:28.6393455Z   2024-06-22: 2 problems
2026-10-06T01:46:28.9007147Z   2024-06-21: 2 problems
2026-10-06T01:46:29.1626407Z   2024-06-20: 2 problems
2026-10-06T01:46:29.4321544Z   2024-06-19: 2 problems
2026-10-06T01:46:29.7107230Z   2024-06-18: 2 problems
2026-10-06T01:46:29.9753218Z   2024-06-17: 2 problems
2026-10-06T01:46:30.2472228Z   2024-06-15: 2 problems
2026-10-06T01:46:30.5164459Z   2024-06-14: 2 problems
2026-10-06T01:46:30.7771269Z   2024-06-13: 2 problems
2026-10-06T01:46:31.0344948Z   2024-06-12: 2 problems
2026-10-06T01:46:31.3140160Z   2024-06-11: 2 problems
2026-10-06T01:46:31.5847661Z   2024-06-10: 2 problems
2026-10-06T01:46:31.8595834Z   2024-06-08: 2 problems
2026-10-06T01:46:32.1357951Z   2024-06-07: 2 problems
2026-10-06T01:46:32.4105373Z   2024-06-06: 2 problems
2026-10-06T01:46:32.6965673Z   2024-06-05: 2 problems
2026-10-06T01:46:32.9607063Z   2024-06-04: 2 problems
2026-10-06T01:46:33.2323379Z   2024-06-03: 2 problems
2026-10-06T01:46:33.4891134Z   2024-06-01: 2 problems
2026-10-06T01:46:33.7884263Z   2024-05-31: 2 problems
2026-10-06T01:46:34.0760800Z   2024-05-30: 2 problems
2026-10-06T01:46:34.3350865Z   2024-05-29: 2 problems
2026-10-06T01:46:34.6438702Z   2024-05-28: 2 problems
2026-10-06T01:46:34.9123788Z   2024-05-27: 2 problems
2026-10-06T01:46:35.2057905Z   2024-05-25: 2 problems
2026-10-06T01:46:35.4797227Z   2024-05-24: 2 problems
2026-10-06T01:46:35.7500628Z   2024-05-23: 2 problems
2026-10-06T01:46:36.0188087Z   2024-05-22: 2 problems
2026-10-06T01:46:36.2975590Z   2024-05-21: 2 problems
2026-10-06T01:46:36.5939105Z   2024-05-20: 2 problems
2026-10-06T01:46:36.8661850Z   2024-05-18: 2 problems
2026-10-06T01:46:37.1268609Z   2024-05-17: 2 problems
2026-10-06T01:46:37.4330112Z   2024-05-16: 2 problems
2026-10-06T01:46:37.7003857Z   2024-05-15: 2 problems
2026-10-06T01:46:37.9771944Z   2024-05-14: 2 problems
2026-10-06T01:46:38.2398914Z   2024-05-13: 2 problems
2026-10-06T01:46:38.4974946Z   2024-05-11: 2 problems
2026-10-06T01:46:38.7639462Z   2024-05-10: 2 problems
2026-10-06T01:46:39.0260989Z   2024-05-09: 2 problems
2026-10-06T01:46:39.3471739Z   2024-05-08: 2 problems
2026-10-06T01:46:39.6066714Z   2024-05-07: 2 problems
2026-10-06T01:46:39.8840818Z   2024-05-06: 2 problems
2026-10-06T01:46:40.1442536Z   2024-05-04: 2 problems
2026-10-06T01:46:40.4050578Z   2024-05-03: 2 problems
2026-10-06T01:46:40.6705639Z   2024-05-02: 2 problems
2026-10-06T01:46:40.9473133Z   2024-05-01: 2 problems
2026-10-06T01:46:41.2063452Z   2024-04-30: 2 problems
2026-10-06T01:46:41.4743518Z   2024-04-29: 2 problems
2026-10-06T01:46:41.7457386Z   2024-04-27: 2 problems
2026-10-06T01:46:42.0391956Z   2024-04-26: 2 problems
2026-10-06T01:46:42.3021113Z   2024-04-25: 2 problems
2026-10-06T01:46:42.5926535Z   2024-04-24: 2 problems
2026-10-06T01:46:42.8629632Z   2024-04-23: 2 problems
2026-10-06T01:46:43.1261530Z   2024-04-22: 2 problems
2026-10-06T01:46:43.4223291Z   2024-04-20: 2 problems
2026-10-06T01:46:43.7046103Z   2024-04-19: 2 problems
2026-10-06T01:46:43.9621718Z   2024-04-18: 2 problems
2026-10-06T01:46:44.2366783Z   2024-04-17: 2 problems
2026-10-06T01:46:44.5228958Z   2024-04-16: 2 problems
2026-10-06T01:46:44.7829856Z   2024-04-15: 2 problems
2026-10-06T01:46:45.0487750Z   2024-04-13: 2 problems
2026-10-06T01:46:45.3155111Z   2024-04-12: 2 problems
2026-10-06T01:46:45.5872535Z   2024-04-11: 2 problems
2026-10-06T01:46:45.8566024Z   2024-04-10: 2 problems
2026-10-06T01:46:46.1161919Z   2024-04-09: 2 problems
2026-10-06T01:46:46.3827317Z   2024-04-08: 2 problems
2026-10-06T01:46:46.6453436Z   2024-04-06: 2 problems
2026-10-06T01:46:46.9295377Z   2024-04-05: 2 problems
2026-10-06T01:46:47.2091857Z   2024-04-04: 2 problems
2026-10-06T01:46:47.4877344Z   2024-04-03: 2 problems
2026-10-06T01:46:47.7580246Z   2024-04-02: 2 problems
2026-10-06T01:46:48.0252515Z   2024-04-01: 2 problems
2026-10-06T01:46:48.2996194Z   2024-03-30: 2 problems
2026-10-06T01:46:48.5536387Z   2024-03-29: 2 problems
2026-10-06T01:46:48.8199051Z   2024-03-28: 2 problems
2026-10-06T01:46:49.0779132Z   2024-03-27: 2 problems
2026-10-06T01:46:49.3415612Z   2024-03-26: 2 problems
2026-10-06T01:46:49.6112067Z   2024-03-25: 2 problems
2026-10-06T01:46:49.8818120Z   2024-03-23: 2 problems
2026-10-06T01:46:50.1540751Z   2024-03-22: 2 problems
2026-10-06T01:46:50.4358018Z   2024-03-21: 2 problems
2026-10-06T01:46:50.8359714Z   2024-03-20: 2 problems
2026-10-06T01:46:51.4766902Z   2024-03-19: 2 problems
2026-10-06T01:46:51.9781627Z   2024-03-18: 2 problems
2026-10-06T01:46:52.5514568Z   2024-03-16: 2 problems
2026-10-06T01:46:53.0256391Z   2024-03-15: 2 problems
2026-10-06T01:46:53.5386905Z   2024-03-14: 2 problems
2026-10-06T01:46:53.9905736Z   2024-03-13: 2 problems
2026-10-06T01:46:54.5144113Z   2024-03-12: 2 problems
2026-10-06T01:46:54.9757920Z   2024-03-11: 2 problems
2026-10-06T01:46:55.4454276Z   2024-03-09: 2 problems
2026-10-06T01:46:55.8798098Z   2024-03-08: 2 problems
2026-10-06T01:46:56.3288590Z   2024-03-07: 2 problems
2026-10-06T01:46:56.7754377Z   2024-03-06: 2 problems
2026-10-06T01:46:57.2161731Z   2024-03-05: 2 problems
2026-10-06T01:46:57.6158873Z   2024-03-04: 2 problems
2026-10-06T01:46:58.0163431Z   2024-03-02: 2 problems
2026-10-06T01:46:58.4592027Z   2024-03-01: 2 problems
2026-10-06T01:46:58.9071706Z   2024-02-29: 2 problems
2026-10-06T01:46:59.3537616Z   2024-02-28: 2 problems
2026-10-06T01:46:59.8118398Z   2024-02-27: 2 problems
2026-10-06T01:47:00.2641732Z   2024-02-26: 2 problems
2026-10-06T01:47:00.2643104Z Building categories...
2026-10-06T01:47:03.6354699Z Wrote /home/runner/work/ys_problem_web/ys_problem_web/data/daily.json (815 days, 21 categories).
2026-10-06T01:47:03.6355372Z Syncing leaderboard (records.js from gh-pages)...
2026-10-06T01:47:03.8010577Z   ✓ 361 players, data through 2026-10-03 (unchanged)
2026-10-06T01:47:03.8011163Z LEADERBOARD-SYNC {"changed":false,"players":361,"currentDate":"2026-10-03"}
2026-10-06T01:47:03.8215839Z ##[group]Run if [ -n "45e74fd58842b8b893b192172eb3f375692dc13c" ]; then
2026-10-06T01:47:03.8216373Z [36;1mif [ -n "45e74fd58842b8b893b192172eb3f375692dc13c" ]; then[0m
2026-10-06T01:47:03.8216848Z [36;1m  echo "45e74fd58842b8b893b192172eb3f375692dc13c" > data/.upstream-sha[0m
2026-10-06T01:47:03.8217241Z [36;1mfi[0m
2026-10-06T01:47:03.8217516Z [36;1mif [ -n "345321d10d7fb150063e9186fb7703f8dbec74d2" ]; then[0m
2026-10-06T01:47:03.8217967Z [36;1m  echo "345321d10d7fb150063e9186fb7703f8dbec74d2" > data/.leaderboard-sha[0m
2026-10-06T01:47:03.8218355Z [36;1mfi[0m
2026-10-06T01:47:03.8284414Z shell: /usr/bin/bash -e {0}
2026-10-06T01:47:03.8284685Z ##[endgroup]
2026-10-06T01:47:03.8405050Z ##[group]Run node scripts/push-data-branches.mjs --problems --misc --prune
2026-10-06T01:47:03.8405619Z [36;1mnode scripts/push-data-branches.mjs --problems --misc --prune[0m
2026-10-06T01:47:03.8406032Z [36;1mnode scripts/publish-deploy.mjs[0m
2026-10-06T01:47:03.8469399Z shell: /usr/bin/bash -e {0}
2026-10-06T01:47:03.8469678Z ##[endgroup]
2026-10-06T01:47:04.9183818Z data/problems: overlaid data/statements from remote tip
2026-10-06T01:47:05.0259390Z data/problems: unchanged (tree 5f7c9759197b) — nothing to push
2026-10-06T01:47:07.5784977Z data/misc-2026-10-06: pushed 2513bfc501cb (new branch)
2026-10-06T01:47:08.0939679Z prune: no data/misc-* branch older than 60 days
2026-10-06T01:47:11.1446380Z deploy: force-pushed orphan 1e2475a8301a (tree bd09adeecb7d), replaced 0d5e8549fec6
2026-10-06T01:47:11.1620811Z Post job cleanup.
2026-10-06T01:47:11.2517737Z [command]/usr/bin/git version
2026-10-06T01:47:11.2564019Z git version 2.55.0
2026-10-06T01:47:11.2606221Z Temporarily overriding HOME='/home/runner/work/_temp/2bfba771-f93d-4e31-8f45-2080d403063a' before making global git config changes
2026-10-06T01:47:11.2607460Z Adding repository directory to the temporary git global config as a safe directory
2026-10-06T01:47:11.2612496Z [command]/usr/bin/git config --global --add safe.directory /home/runner/work/ys_problem_web/ys_problem_web
2026-10-06T01:47:11.2656045Z [command]/usr/bin/git config --local --name-only --get-regexp core\.sshCommand
2026-10-06T01:47:11.2692861Z [command]/usr/bin/git submodule foreach --recursive sh -c "git config --local --name-only --get-regexp 'core\.sshCommand' && git config --local --unset-all 'core.sshCommand' || :"
2026-10-06T01:47:11.2961417Z [command]/usr/bin/git config --local --name-only --get-regexp http\.https\:\/\/github\.com\/\.extraheader
2026-10-06T01:47:11.2991149Z http.https://github.com/.extraheader
2026-10-06T01:47:11.3003123Z [command]/usr/bin/git config --local --unset-all http.https://github.com/.extraheader
2026-10-06T01:47:11.3043339Z [command]/usr/bin/git submodule foreach --recursive sh -c "git config --local --name-only --get-regexp 'http\.https\:\/\/github\.com\/\.extraheader' && git config --local --unset-all 'http.https://github.com/.extraheader' || :"
2026-10-06T01:47:11.3320360Z [command]/usr/bin/git config --local --name-only --get-regexp ^includeIf\.gitdir:
2026-10-06T01:47:11.3360991Z [command]/usr/bin/git submodule foreach --recursive git config --local --show-origin --name-only --get-regexp remote.origin.url
2026-10-06T01:47:11.3772373Z Evaluate and set job outputs
2026-10-06T01:47:11.3778121Z Set output 'changed'
2026-10-06T01:47:11.3779683Z Set output 'lb_changed'
2026-10-06T01:47:11.3780810Z Cleaning up orphan processes
2026-10-06T01:47:11.4095476Z ##[warning]Node.js 20 is deprecated. The following actions target Node.js 20 but are being forced to run on Node.js 24: actions/checkout@v4. For more information see: https://github.blog/changelog/2025-09-19-deprecation-of-node-20-on-github-actions-runners/

