<!--YSLOG {"runId":37199366075,"event":"workflow_dispatch","startedAt":"2026-10-04T11:37:46Z","savedAt":"2026-10-04T12:29:57.788Z","url":"https://github.com/Sam5440/ys_problem_web/actions/runs/37199366075","jobName":"update"}-->
2026-10-04T11:37:47.7484341Z Current runner version: '2.337.0'
2026-10-04T11:37:47.7511331Z ##[group]Runner Image Provisioner
2026-10-04T11:37:47.7512586Z Hosted Compute Agent
2026-10-04T11:37:47.7513261Z Version: 20260901.588
2026-10-04T11:37:47.7514002Z Commit: f88ec8081b781fac6c440065ac7ff9e710ce3d0b
2026-10-04T11:37:47.7514761Z Build Date: 2026-09-01T19:56:44Z
2026-10-04T11:37:47.7515604Z Worker ID: {b6fe5fa7-78aa-4ab6-add3-212f8e6190b4}
2026-10-04T11:37:47.7516372Z Azure Region: westus
2026-10-04T11:37:47.7516992Z ##[endgroup]
2026-10-04T11:37:47.7518730Z ##[group]Operating System
2026-10-04T11:37:47.7519433Z Ubuntu
2026-10-04T11:37:47.7520071Z 24.04.5
2026-10-04T11:37:47.7520628Z LTS
2026-10-04T11:37:47.7521841Z ##[endgroup]
2026-10-04T11:37:47.7522522Z ##[group]Runner Image
2026-10-04T11:37:47.7523159Z Image: ubuntu-24.04
2026-10-04T11:37:47.7523832Z Version: 20260927.320.1
2026-10-04T11:37:47.7525158Z Included Software: https://github.com/actions/runner-images/blob/ubuntu24/20260927.320/images/ubuntu/Ubuntu2404-Readme.md
2026-10-04T11:37:47.7526993Z Image Release: https://github.com/actions/runner-images/releases/tag/ubuntu24%2F20260927.320
2026-10-04T11:37:47.7528053Z ##[endgroup]
2026-10-04T11:37:47.7529320Z ##[group]GITHUB_TOKEN Permissions
2026-10-04T11:37:47.7531926Z Actions: write
2026-10-04T11:37:47.7532643Z Contents: write
2026-10-04T11:37:47.7533285Z Metadata: read
2026-10-04T11:37:47.7533992Z ##[endgroup]
2026-10-04T11:37:47.7536226Z Secret source: Actions
2026-10-04T11:37:47.7537399Z Cache mode: write
2026-10-04T11:37:47.7538240Z Prepare workflow directory
2026-10-04T11:37:47.7892974Z Prepare all required actions
2026-10-04T11:37:47.7944047Z Getting action download info
2026-10-04T11:37:48.1507969Z Download action repository 'actions/checkout@v4' (SHA:11d5960a326750d5838078e36cf38b85af677262)
2026-10-04T11:37:48.3648787Z Complete job name: update
2026-10-04T11:37:48.4496361Z ##[group]Run actions/checkout@v4
2026-10-04T11:37:48.4497312Z with:
2026-10-04T11:37:48.4497795Z   repository: Sam5440/ys_problem_web
2026-10-04T11:37:48.4502235Z   token: ***
2026-10-04T11:37:48.4502711Z   ssh-strict: true
2026-10-04T11:37:48.4503172Z   ssh-user: git
2026-10-04T11:37:48.4503644Z   persist-credentials: true
2026-10-04T11:37:48.4504163Z   clean: true
2026-10-04T11:37:48.4504636Z   sparse-checkout-cone-mode: true
2026-10-04T11:37:48.4505195Z   fetch-depth: 1
2026-10-04T11:37:48.4505654Z   fetch-tags: false
2026-10-04T11:37:48.4506128Z   show-progress: true
2026-10-04T11:37:48.4506603Z   lfs: false
2026-10-04T11:37:48.4507036Z   submodules: false
2026-10-04T11:37:48.4507509Z   set-safe-directory: true
2026-10-04T11:37:48.4508047Z   allow-unsafe-pr-checkout: false
2026-10-04T11:37:48.4508887Z ##[endgroup]
2026-10-04T11:37:48.5627501Z Syncing repository: Sam5440/ys_problem_web
2026-10-04T11:37:48.5629793Z ##[group]Getting Git version info
2026-10-04T11:37:48.5630733Z Working directory is '/home/runner/work/ys_problem_web/ys_problem_web'
2026-10-04T11:37:48.5632527Z [command]/usr/bin/git version
2026-10-04T11:37:48.5691607Z git version 2.55.0
2026-10-04T11:37:48.5719213Z ##[endgroup]
2026-10-04T11:37:48.5738586Z Temporarily overriding HOME='/home/runner/work/_temp/d66997cf-07fb-4b4c-af3b-816d23a63fd2' before making global git config changes
2026-10-04T11:37:48.5740344Z Adding repository directory to the temporary git global config as a safe directory
2026-10-04T11:37:48.5745682Z [command]/usr/bin/git config --global --add safe.directory /home/runner/work/ys_problem_web/ys_problem_web
2026-10-04T11:37:48.5807430Z Deleting the contents of '/home/runner/work/ys_problem_web/ys_problem_web'
2026-10-04T11:37:48.5809428Z ##[group]Initializing the repository
2026-10-04T11:37:48.5810623Z [command]/usr/bin/git init /home/runner/work/ys_problem_web/ys_problem_web
2026-10-04T11:37:48.5934952Z hint: Using 'master' as the name for the initial branch. This default branch name
2026-10-04T11:37:48.5936842Z hint: will change to "main" in Git 3.0. To configure the initial branch name
2026-10-04T11:37:48.5938602Z hint: to use in all of your new repositories, which will suppress this warning,
2026-10-04T11:37:48.5940277Z hint: call:
2026-10-04T11:37:48.5941295Z hint:
2026-10-04T11:37:48.5942489Z hint: 	git config --global init.defaultBranch <name>
2026-10-04T11:37:48.5943763Z hint:
2026-10-04T11:37:48.5945092Z hint: Names commonly chosen instead of 'master' are 'main', 'trunk' and
2026-10-04T11:37:48.5947109Z hint: 'development'. The just-created branch can be renamed via this command:
2026-10-04T11:37:48.5948713Z hint:
2026-10-04T11:37:48.5949613Z hint: 	git branch -m <name>
2026-10-04T11:37:48.5950592Z hint:
2026-10-04T11:37:48.5952104Z hint: Disable this message with "git config set advice.defaultBranchName false"
2026-10-04T11:37:48.5954469Z Initialized empty Git repository in /home/runner/work/ys_problem_web/ys_problem_web/.git/
2026-10-04T11:37:48.5958613Z [command]/usr/bin/git remote add origin https://github.com/Sam5440/ys_problem_web
2026-10-04T11:37:48.6015505Z ##[endgroup]
2026-10-04T11:37:48.6016879Z ##[group]Disabling automatic garbage collection
2026-10-04T11:37:48.6018100Z [command]/usr/bin/git config --local gc.auto 0
2026-10-04T11:37:48.6052922Z ##[endgroup]
2026-10-04T11:37:48.6054179Z ##[group]Setting up auth
2026-10-04T11:37:48.6060416Z [command]/usr/bin/git config --local --name-only --get-regexp core\.sshCommand
2026-10-04T11:37:48.6101796Z [command]/usr/bin/git submodule foreach --recursive sh -c "git config --local --name-only --get-regexp 'core\.sshCommand' && git config --local --unset-all 'core.sshCommand' || :"
2026-10-04T11:37:48.6487836Z [command]/usr/bin/git config --local --name-only --get-regexp http\.https\:\/\/github\.com\/\.extraheader
2026-10-04T11:37:48.6531268Z [command]/usr/bin/git submodule foreach --recursive sh -c "git config --local --name-only --get-regexp 'http\.https\:\/\/github\.com\/\.extraheader' && git config --local --unset-all 'http.https://github.com/.extraheader' || :"
2026-10-04T11:37:48.6768032Z [command]/usr/bin/git config --local --name-only --get-regexp ^includeIf\.gitdir:
2026-10-04T11:37:48.6806514Z [command]/usr/bin/git submodule foreach --recursive git config --local --show-origin --name-only --get-regexp remote.origin.url
2026-10-04T11:37:48.7039305Z [command]/usr/bin/git config --local http.https://github.com/.extraheader AUTHORIZATION: basic ***
2026-10-04T11:37:48.7082063Z ##[endgroup]
2026-10-04T11:37:48.7083236Z ##[group]Fetching the repository
2026-10-04T11:37:48.7093160Z [command]/usr/bin/git -c protocol.version=2 fetch --no-tags --prune --no-recurse-submodules --depth=1 origin +b0a493d851cb2fc652ec117279be2e9a7abfbc38:refs/remotes/origin/main
2026-10-04T11:37:50.2055921Z From https://github.com/Sam5440/ys_problem_web
2026-10-04T11:37:50.2059446Z  * [new ref]         b0a493d851cb2fc652ec117279be2e9a7abfbc38 -> origin/main
2026-10-04T11:37:50.2067038Z ##[endgroup]
2026-10-04T11:37:50.2069967Z ##[group]Determining the checkout info
2026-10-04T11:37:50.2072921Z ##[endgroup]
2026-10-04T11:37:50.2074700Z [command]/usr/bin/git sparse-checkout disable
2026-10-04T11:37:50.2135241Z [command]/usr/bin/git config --local --unset-all extensions.worktreeConfig
2026-10-04T11:37:50.2174355Z ##[group]Checking out the ref
2026-10-04T11:37:50.2179060Z [command]/usr/bin/git checkout --progress --force -B main refs/remotes/origin/main
2026-10-04T11:37:50.3745921Z Switched to a new branch 'main'
2026-10-04T11:37:50.3751009Z branch 'main' set up to track 'origin/main'.
2026-10-04T11:37:50.3807127Z ##[endgroup]
2026-10-04T11:37:50.3810481Z [command]/usr/bin/git log -1 --format=%H
2026-10-04T11:37:50.3839613Z b0a493d851cb2fc652ec117279be2e9a7abfbc38
2026-10-04T11:37:50.4121762Z ##[group]Run UPSTREAM_SHA=$(git ls-remote https://github.com/Yawn-Sean/Daily_CF_Problems.git HEAD | cut -f1)
2026-10-04T11:37:50.4125315Z [36;1mUPSTREAM_SHA=$(git ls-remote https://github.com/Yawn-Sean/Daily_CF_Problems.git HEAD | cut -f1)[0m
2026-10-04T11:37:50.4127975Z [36;1mLAST_SHA=$(cat data/.upstream-sha 2>/dev/null || true)[0m
2026-10-04T11:37:50.4130039Z [36;1mif [ -n "$UPSTREAM_SHA" ] && [ "$UPSTREAM_SHA" = "$LAST_SHA" ]; then[0m
2026-10-04T11:37:50.4132748Z [36;1m  echo "Upstream unchanged since last sync — skipping heavy steps."[0m
2026-10-04T11:37:50.4134805Z [36;1m  echo "changed=false" >> "$GITHUB_OUTPUT"[0m
2026-10-04T11:37:50.4136299Z [36;1melse[0m
2026-10-04T11:37:50.4137473Z [36;1m  echo "changed=true" >> "$GITHUB_OUTPUT"[0m
2026-10-04T11:37:50.4138937Z [36;1mfi[0m
2026-10-04T11:37:50.4140148Z [36;1mecho "sha=$UPSTREAM_SHA" >> "$GITHUB_OUTPUT"[0m
2026-10-04T11:37:50.4428368Z shell: /usr/bin/bash -e {0}
2026-10-04T11:37:50.4429827Z ##[endgroup]
2026-10-04T11:37:50.9040614Z ##[group]Run npm ci
2026-10-04T11:37:50.9040954Z [36;1mnpm ci[0m
2026-10-04T11:37:50.9107238Z shell: /usr/bin/bash -e {0}
2026-10-04T11:37:50.9107653Z ##[endgroup]
2026-10-04T11:38:01.8778116Z 
2026-10-04T11:38:01.8790076Z added 66 packages, and audited 67 packages in 10s
2026-10-04T11:38:01.8790880Z 
2026-10-04T11:38:01.8791787Z 14 packages are looking for funding
2026-10-04T11:38:01.8792809Z   run `npm fund` for details
2026-10-04T11:38:01.9171840Z 
2026-10-04T11:38:01.9172778Z 2 vulnerabilities (1 moderate, 1 high)
2026-10-04T11:38:01.9173163Z 
2026-10-04T11:38:01.9173394Z To address all issues (including breaking changes), run:
2026-10-04T11:38:01.9173928Z   npm audit fix --force
2026-10-04T11:38:01.9174162Z 
2026-10-04T11:38:01.9174313Z Run `npm audit` for details.
2026-10-04T11:38:01.9969375Z ##[group]Run npx playwright install --with-deps chromium
2026-10-04T11:38:01.9969858Z [36;1mnpx playwright install --with-deps chromium[0m
2026-10-04T11:38:02.0047382Z shell: /usr/bin/bash -e {0}
2026-10-04T11:38:02.0047881Z ##[endgroup]
2026-10-04T11:38:03.5103660Z Installing dependencies...
2026-10-04T11:38:03.7362801Z Switching to root user to install dependencies...
2026-10-04T11:38:04.2183175Z Get:1 file:/etc/apt/apt-mirrors.txt Mirrorlist [144 B]
2026-10-04T11:38:04.2523087Z Get:6 https://packages.microsoft.com/ubuntu/24.04/prod noble InRelease [3600 B]
2026-10-04T11:38:04.3495699Z Get:7 https://packages.microsoft.com/ubuntu/24.04/prod noble/main amd64 Packages [511 kB]
2026-10-04T11:38:04.3703752Z Get:8 https://packages.microsoft.com/ubuntu/24.04/prod noble/main arm64 Packages [458 kB]
2026-10-04T11:38:04.3763949Z Hit:2 http://azure.archive.ubuntu.com/ubuntu noble InRelease
2026-10-04T11:38:04.3786884Z Get:3 http://azure.archive.ubuntu.com/ubuntu noble-updates InRelease [126 kB]
2026-10-04T11:38:04.3834240Z Get:4 http://azure.archive.ubuntu.com/ubuntu noble-backports InRelease [126 kB]
2026-10-04T11:38:04.3854430Z Get:5 http://azure.archive.ubuntu.com/ubuntu noble-security InRelease [126 kB]
2026-10-04T11:38:04.3917702Z Get:9 https://packages.microsoft.com/ubuntu/24.04/prod noble/main armhf Packages [12.6 kB]
2026-10-04T11:38:04.4951818Z Get:10 http://azure.archive.ubuntu.com/ubuntu noble-updates/main amd64 Packages [1364 kB]
2026-10-04T11:38:04.5041003Z Get:11 http://azure.archive.ubuntu.com/ubuntu noble-updates/main Translation-en [304 kB]
2026-10-04T11:38:04.5064607Z Get:12 http://azure.archive.ubuntu.com/ubuntu noble-updates/main amd64 Components [181 kB]
2026-10-04T11:38:04.5112643Z Get:13 http://azure.archive.ubuntu.com/ubuntu noble-updates/universe amd64 Packages [1699 kB]
2026-10-04T11:38:04.5179659Z Get:14 http://azure.archive.ubuntu.com/ubuntu noble-updates/universe Translation-en [341 kB]
2026-10-04T11:38:04.5200622Z Get:15 http://azure.archive.ubuntu.com/ubuntu noble-updates/universe amd64 Components [388 kB]
2026-10-04T11:38:04.5227309Z Get:16 http://azure.archive.ubuntu.com/ubuntu noble-updates/restricted amd64 Packages [1720 kB]
2026-10-04T11:38:04.5314912Z Get:17 http://azure.archive.ubuntu.com/ubuntu noble-updates/restricted Translation-en [394 kB]
2026-10-04T11:38:04.5336794Z Get:18 http://azure.archive.ubuntu.com/ubuntu noble-updates/multiverse amd64 Components [940 B]
2026-10-04T11:38:04.5648562Z Get:19 http://azure.archive.ubuntu.com/ubuntu noble-backports/main amd64 Components [5736 B]
2026-10-04T11:38:04.6098655Z Get:20 http://azure.archive.ubuntu.com/ubuntu noble-backports/universe amd64 Components [12.6 kB]
2026-10-04T11:38:04.6213722Z Get:21 http://azure.archive.ubuntu.com/ubuntu noble-security/main amd64 Packages [1069 kB]
2026-10-04T11:38:04.6259727Z Get:22 http://azure.archive.ubuntu.com/ubuntu noble-security/main Translation-en [221 kB]
2026-10-04T11:38:04.6275574Z Get:23 http://azure.archive.ubuntu.com/ubuntu noble-security/main amd64 Components [46.5 kB]
2026-10-04T11:38:04.6284573Z Get:24 http://azure.archive.ubuntu.com/ubuntu noble-security/universe amd64 Packages [1216 kB]
2026-10-04T11:38:04.6342798Z Get:25 http://azure.archive.ubuntu.com/ubuntu noble-security/universe Translation-en [244 kB]
2026-10-04T11:38:04.6357705Z Get:26 http://azure.archive.ubuntu.com/ubuntu noble-security/universe amd64 Components [76.3 kB]
2026-10-04T11:38:04.6366873Z Get:27 http://azure.archive.ubuntu.com/ubuntu noble-security/restricted amd64 Packages [1566 kB]
2026-10-04T11:38:04.6438902Z Get:28 http://azure.archive.ubuntu.com/ubuntu noble-security/restricted Translation-en [361 kB]
2026-10-04T11:38:09.3638746Z Fetched 12.6 MB in 1s (8706 kB/s)
2026-10-04T11:38:10.3469792Z Reading package lists...
2026-10-04T11:38:10.3725508Z Reading package lists...
2026-10-04T11:38:10.6162909Z Building dependency tree...
2026-10-04T11:38:10.6171023Z Reading state information...
2026-10-04T11:38:10.8412366Z libasound2t64 is already the newest version (1.2.11-1ubuntu0.3).
2026-10-04T11:38:10.8413909Z libasound2t64 set to manually installed.
2026-10-04T11:38:10.8414585Z libatk-bridge2.0-0t64 is already the newest version (2.52.0-1build1).
2026-10-04T11:38:10.8415327Z libatk-bridge2.0-0t64 set to manually installed.
2026-10-04T11:38:10.8415962Z libatk1.0-0t64 is already the newest version (2.52.0-1build1).
2026-10-04T11:38:10.8416588Z libatk1.0-0t64 set to manually installed.
2026-10-04T11:38:10.8417191Z libatspi2.0-0t64 is already the newest version (2.52.0-1build1).
2026-10-04T11:38:10.8417835Z libatspi2.0-0t64 set to manually installed.
2026-10-04T11:38:10.8418394Z libcairo2 is already the newest version (1.18.0-3build1).
2026-10-04T11:38:10.8418984Z libcairo2 set to manually installed.
2026-10-04T11:38:10.8419586Z libcups2t64 is already the newest version (2.4.7-1.2ubuntu7.14).
2026-10-04T11:38:10.8420286Z libcups2t64 set to manually installed.
2026-10-04T11:38:10.8420882Z libdbus-1-3 is already the newest version (1.14.10-4ubuntu4.1).
2026-10-04T11:38:10.8421703Z libdbus-1-3 set to manually installed.
2026-10-04T11:38:10.8422275Z libdrm2 is already the newest version (2.4.125-1ubuntu0.1~24.04.2).
2026-10-04T11:38:10.8422878Z libdrm2 set to manually installed.
2026-10-04T11:38:10.8423446Z libglib2.0-0t64 is already the newest version (2.80.0-6ubuntu3.9).
2026-10-04T11:38:10.8424055Z libglib2.0-0t64 set to manually installed.
2026-10-04T11:38:10.8424664Z libnspr4 is already the newest version (2:4.35-1.1build1).
2026-10-04T11:38:10.8425276Z libnspr4 set to manually installed.
2026-10-04T11:38:10.8425861Z libnss3 is already the newest version (2:3.98-1ubuntu0.2).
2026-10-04T11:38:10.8426406Z libnss3 set to manually installed.
2026-10-04T11:38:10.8427028Z libpango-1.0-0 is already the newest version (1.52.1+ds-1build1).
2026-10-04T11:38:10.8427649Z libpango-1.0-0 set to manually installed.
2026-10-04T11:38:10.8428211Z libx11-6 is already the newest version (2:1.8.7-1build1).
2026-10-04T11:38:10.8428765Z libx11-6 set to manually installed.
2026-10-04T11:38:10.8429281Z libxcb1 is already the newest version (1.15-1ubuntu2).
2026-10-04T11:38:10.8429782Z libxcb1 set to manually installed.
2026-10-04T11:38:10.8430315Z libxcomposite1 is already the newest version (1:0.4.5-1build3).
2026-10-04T11:38:10.8430766Z libxcomposite1 set to manually installed.
2026-10-04T11:38:10.8431142Z libxdamage1 is already the newest version (1:1.1.6-1build1).
2026-10-04T11:38:10.8431979Z libxdamage1 set to manually installed.
2026-10-04T11:38:10.8432334Z libxext6 is already the newest version (2:1.3.4-1build2).
2026-10-04T11:38:10.8432674Z libxext6 set to manually installed.
2026-10-04T11:38:10.8433001Z libxfixes3 is already the newest version (1:6.0.0-2build1).
2026-10-04T11:38:10.8433354Z libxfixes3 set to manually installed.
2026-10-04T11:38:10.8434139Z libxkbcommon0 is already the newest version (1.6.0-1build1).
2026-10-04T11:38:10.8434499Z libxkbcommon0 set to manually installed.
2026-10-04T11:38:10.8434844Z libxrandr2 is already the newest version (2:1.5.2-2build1).
2026-10-04T11:38:10.8435189Z libxrandr2 set to manually installed.
2026-10-04T11:38:10.8435517Z xvfb is already the newest version (2:21.1.12-1ubuntu1.8).
2026-10-04T11:38:10.8435974Z fonts-noto-color-emoji is already the newest version (2.047-0ubuntu0.24.04.1).
2026-10-04T11:38:10.8436464Z libfontconfig1 is already the newest version (2.15.0-1.1ubuntu2).
2026-10-04T11:38:10.8436836Z libfontconfig1 set to manually installed.
2026-10-04T11:38:10.8437320Z libfreetype6 is already the newest version (2.13.2+dfsg-1ubuntu0.1).
2026-10-04T11:38:10.8437697Z libfreetype6 set to manually installed.
2026-10-04T11:38:10.8438044Z fonts-liberation is already the newest version (1:2.1.5-3).
2026-10-04T11:38:10.8438409Z fonts-liberation set to manually installed.
2026-10-04T11:38:10.8438763Z The following additional packages will be installed:
2026-10-04T11:38:10.8439223Z   libgl1-mesa-dri libglx-mesa0 mesa-libgallium xfonts-encodings xfonts-utils
2026-10-04T11:38:10.8439725Z Recommended packages:
2026-10-04T11:38:10.8439983Z   fonts-ipafont-mincho fonts-tlwg-loma
2026-10-04T11:38:10.8653090Z The following NEW packages will be installed:
2026-10-04T11:38:10.8653958Z   fonts-freefont-ttf fonts-ipafont-gothic fonts-tlwg-loma-otf fonts-unifont
2026-10-04T11:38:10.8660405Z   fonts-wqy-zenhei xfonts-cyrillic xfonts-encodings xfonts-scalable
2026-10-04T11:38:10.8661106Z   xfonts-utils
2026-10-04T11:38:10.8665060Z The following packages will be upgraded:
2026-10-04T11:38:10.8669871Z   libgbm1 libgl1-mesa-dri libglx-mesa0 mesa-libgallium
2026-10-04T11:38:10.8850029Z 4 upgraded, 9 newly installed, 0 to remove and 21 not upgraded.
2026-10-04T11:38:10.8850695Z Need to get 32.1 MB of archives.
2026-10-04T11:38:10.8851297Z After this operation, 79.5 MB of additional disk space will be used.
2026-10-04T11:38:10.8852291Z Get:1 file:/etc/apt/apt-mirrors.txt Mirrorlist [144 B]
2026-10-04T11:38:11.1822016Z Get:2 http://azure.archive.ubuntu.com/ubuntu noble/universe amd64 fonts-ipafont-gothic all 00303-21ubuntu1 [3513 kB]
2026-10-04T11:38:11.8523678Z Get:3 http://azure.archive.ubuntu.com/ubuntu noble/main amd64 fonts-freefont-ttf all 20211204+svn4273-2 [5641 kB]
2026-10-04T11:38:12.0317057Z Get:4 http://azure.archive.ubuntu.com/ubuntu noble/universe amd64 fonts-tlwg-loma-otf all 1:0.7.3-1 [107 kB]
2026-10-04T11:38:12.1071077Z Get:5 http://azure.archive.ubuntu.com/ubuntu noble/universe amd64 fonts-unifont all 1:15.1.01-1build1 [2993 kB]
2026-10-04T11:38:12.2003563Z Get:6 http://azure.archive.ubuntu.com/ubuntu noble/universe amd64 fonts-wqy-zenhei all 0.9.45-8 [7472 kB]
2026-10-04T11:38:12.4276072Z Get:7 http://azure.archive.ubuntu.com/ubuntu noble-updates/main amd64 libgl1-mesa-dri amd64 25.2.8-0ubuntu0.24.04.4 [38.0 kB]
2026-10-04T11:38:12.4999871Z Get:8 http://azure.archive.ubuntu.com/ubuntu noble-updates/main amd64 libglx-mesa0 amd64 25.2.8-0ubuntu0.24.04.4 [110 kB]
2026-10-04T11:38:12.5726168Z Get:9 http://azure.archive.ubuntu.com/ubuntu noble-updates/main amd64 libgbm1 amd64 25.2.8-0ubuntu0.24.04.4 [34.2 kB]
2026-10-04T11:38:12.6490357Z Get:10 http://azure.archive.ubuntu.com/ubuntu noble-updates/main amd64 mesa-libgallium amd64 25.2.8-0ubuntu0.24.04.4 [10.8 MB]
2026-10-04T11:38:12.9687686Z Get:11 http://azure.archive.ubuntu.com/ubuntu noble/main amd64 xfonts-encodings all 1:1.0.5-0ubuntu2 [578 kB]
2026-10-04T11:38:13.0535967Z Get:12 http://azure.archive.ubuntu.com/ubuntu noble/main amd64 xfonts-utils amd64 1:7.7+6build3 [94.4 kB]
2026-10-04T11:38:13.1278609Z Get:13 http://azure.archive.ubuntu.com/ubuntu noble/universe amd64 xfonts-cyrillic all 1:1.0.5+nmu1 [384 kB]
2026-10-04T11:38:13.2079573Z Get:14 http://azure.archive.ubuntu.com/ubuntu noble/main amd64 xfonts-scalable all 1:1.0.3-1.3 [304 kB]
2026-10-04T11:38:13.4955519Z Fetched 32.1 MB in 2s (13.7 MB/s)
2026-10-04T11:38:13.5212365Z Selecting previously unselected package fonts-ipafont-gothic.
2026-10-04T11:38:13.5500990Z (Reading database ... 
2026-10-04T11:38:13.5501754Z (Reading database ... 5%
2026-10-04T11:38:13.5502177Z (Reading database ... 10%
2026-10-04T11:38:13.5502487Z (Reading database ... 15%
2026-10-04T11:38:13.5502903Z (Reading database ... 20%
2026-10-04T11:38:13.5503352Z (Reading database ... 25%
2026-10-04T11:38:13.5503736Z (Reading database ... 30%
2026-10-04T11:38:13.5504033Z (Reading database ... 35%
2026-10-04T11:38:13.5504570Z (Reading database ... 40%
2026-10-04T11:38:13.5504981Z (Reading database ... 45%
2026-10-04T11:38:13.5505400Z (Reading database ... 50%
2026-10-04T11:38:13.5542532Z (Reading database ... 55%
2026-10-04T11:38:13.6955609Z (Reading database ... 60%
2026-10-04T11:38:13.9025740Z (Reading database ... 65%
2026-10-04T11:38:14.0924194Z (Reading database ... 70%
2026-10-04T11:38:14.2543144Z (Reading database ... 75%
2026-10-04T11:38:14.4324811Z (Reading database ... 80%
2026-10-04T11:38:14.5968748Z (Reading database ... 85%
2026-10-04T11:38:14.8038496Z (Reading database ... 90%
2026-10-04T11:38:14.9913959Z (Reading database ... 95%
2026-10-04T11:38:14.9914460Z (Reading database ... 100%
2026-10-04T11:38:14.9915002Z (Reading database ... 202296 files and directories currently installed.)
2026-10-04T11:38:14.9960117Z Preparing to unpack .../00-fonts-ipafont-gothic_00303-21ubuntu1_all.deb ...
2026-10-04T11:38:15.0050534Z Unpacking fonts-ipafont-gothic (00303-21ubuntu1) ...
2026-10-04T11:38:15.2382819Z Selecting previously unselected package fonts-freefont-ttf.
2026-10-04T11:38:15.2513799Z Preparing to unpack .../01-fonts-freefont-ttf_20211204+svn4273-2_all.deb ...
2026-10-04T11:38:15.2522082Z Unpacking fonts-freefont-ttf (20211204+svn4273-2) ...
2026-10-04T11:38:15.3407005Z Selecting previously unselected package fonts-tlwg-loma-otf.
2026-10-04T11:38:15.3539664Z Preparing to unpack .../02-fonts-tlwg-loma-otf_1%3a0.7.3-1_all.deb ...
2026-10-04T11:38:15.3547929Z Unpacking fonts-tlwg-loma-otf (1:0.7.3-1) ...
2026-10-04T11:38:15.3766023Z Selecting previously unselected package fonts-unifont.
2026-10-04T11:38:15.3902766Z Preparing to unpack .../03-fonts-unifont_1%3a15.1.01-1build1_all.deb ...
2026-10-04T11:38:15.3911908Z Unpacking fonts-unifont (1:15.1.01-1build1) ...
2026-10-04T11:38:15.4988622Z Selecting previously unselected package fonts-wqy-zenhei.
2026-10-04T11:38:15.5120819Z Preparing to unpack .../04-fonts-wqy-zenhei_0.9.45-8_all.deb ...
2026-10-04T11:38:15.5248766Z Unpacking fonts-wqy-zenhei (0.9.45-8) ...
2026-10-04T11:38:16.0136892Z Preparing to unpack .../05-libgl1-mesa-dri_25.2.8-0ubuntu0.24.04.4_amd64.deb ...
2026-10-04T11:38:16.0285187Z Unpacking libgl1-mesa-dri:amd64 (25.2.8-0ubuntu0.24.04.4) over (25.2.8-0ubuntu0.24.04.2) ...
2026-10-04T11:38:16.0783160Z Preparing to unpack .../06-libglx-mesa0_25.2.8-0ubuntu0.24.04.4_amd64.deb ...
2026-10-04T11:38:16.0812059Z Unpacking libglx-mesa0:amd64 (25.2.8-0ubuntu0.24.04.4) over (25.2.8-0ubuntu0.24.04.2) ...
2026-10-04T11:38:16.1183251Z Preparing to unpack .../07-libgbm1_25.2.8-0ubuntu0.24.04.4_amd64.deb ...
2026-10-04T11:38:16.1204990Z Unpacking libgbm1:amd64 (25.2.8-0ubuntu0.24.04.4) over (25.2.8-0ubuntu0.24.04.2) ...
2026-10-04T11:38:16.1584547Z Preparing to unpack .../08-mesa-libgallium_25.2.8-0ubuntu0.24.04.4_amd64.deb ...
2026-10-04T11:38:16.1605285Z Unpacking mesa-libgallium:amd64 (25.2.8-0ubuntu0.24.04.4) over (25.2.8-0ubuntu0.24.04.2) ...
2026-10-04T11:38:16.3299548Z Selecting previously unselected package xfonts-encodings.
2026-10-04T11:38:16.3435242Z Preparing to unpack .../09-xfonts-encodings_1%3a1.0.5-0ubuntu2_all.deb ...
2026-10-04T11:38:16.3442510Z Unpacking xfonts-encodings (1:1.0.5-0ubuntu2) ...
2026-10-04T11:38:16.3726386Z Selecting previously unselected package xfonts-utils.
2026-10-04T11:38:16.3861218Z Preparing to unpack .../10-xfonts-utils_1%3a7.7+6build3_amd64.deb ...
2026-10-04T11:38:16.3869540Z Unpacking xfonts-utils (1:7.7+6build3) ...
2026-10-04T11:38:16.4328832Z Selecting previously unselected package xfonts-cyrillic.
2026-10-04T11:38:16.4459243Z Preparing to unpack .../11-xfonts-cyrillic_1%3a1.0.5+nmu1_all.deb ...
2026-10-04T11:38:16.4468293Z Unpacking xfonts-cyrillic (1:1.0.5+nmu1) ...
2026-10-04T11:38:16.4822514Z Selecting previously unselected package xfonts-scalable.
2026-10-04T11:38:16.4956395Z Preparing to unpack .../12-xfonts-scalable_1%3a1.0.3-1.3_all.deb ...
2026-10-04T11:38:16.4963305Z Unpacking xfonts-scalable (1:1.0.3-1.3) ...
2026-10-04T11:38:16.5462956Z Setting up mesa-libgallium:amd64 (25.2.8-0ubuntu0.24.04.4) ...
2026-10-04T11:38:16.5491366Z Setting up libgbm1:amd64 (25.2.8-0ubuntu0.24.04.4) ...
2026-10-04T11:38:16.5509451Z Setting up libgl1-mesa-dri:amd64 (25.2.8-0ubuntu0.24.04.4) ...
2026-10-04T11:38:16.5588070Z Setting up fonts-wqy-zenhei (0.9.45-8) ...
2026-10-04T11:38:16.5704212Z Setting up fonts-freefont-ttf (20211204+svn4273-2) ...
2026-10-04T11:38:16.5721276Z Setting up fonts-tlwg-loma-otf (1:0.7.3-1) ...
2026-10-04T11:38:16.5741303Z Setting up xfonts-encodings (1:1.0.5-0ubuntu2) ...
2026-10-04T11:38:16.5757900Z Setting up fonts-ipafont-gothic (00303-21ubuntu1) ...
2026-10-04T11:38:16.5825914Z update-alternatives: using /usr/share/fonts/opentype/ipafont-gothic/ipag.ttf to provide /usr/share/fonts/truetype/fonts-japanese-gothic.ttf (fonts-japanese-gothic.ttf) in auto mode
2026-10-04T11:38:16.5840376Z Setting up fonts-unifont (1:15.1.01-1build1) ...
2026-10-04T11:38:16.5856422Z Setting up libglx-mesa0:amd64 (25.2.8-0ubuntu0.24.04.4) ...
2026-10-04T11:38:16.5874615Z Setting up xfonts-utils (1:7.7+6build3) ...
2026-10-04T11:38:16.5919710Z Setting up xfonts-cyrillic (1:1.0.5+nmu1) ...
2026-10-04T11:38:16.6237729Z Setting up xfonts-scalable (1:1.0.3-1.3) ...
2026-10-04T11:38:16.6525825Z Processing triggers for libc-bin (2.39-0ubuntu8.9) ...
2026-10-04T11:38:16.6840960Z Processing triggers for man-db (2.12.0-4build2) ...
2026-10-04T11:38:16.6867125Z Not building database; man-db/auto-update is not 'true'.
2026-10-04T11:38:16.6880100Z Processing triggers for fontconfig (2.15.0-1.1ubuntu2) ...
2026-10-04T11:38:17.4168934Z 
2026-10-04T11:38:17.4169774Z Running kernel seems to be up-to-date.
2026-10-04T11:38:17.4170171Z 
2026-10-04T11:38:17.4170364Z No services need to be restarted.
2026-10-04T11:38:17.4170663Z 
2026-10-04T11:38:17.4170839Z No containers need to be restarted.
2026-10-04T11:38:17.4171152Z 
2026-10-04T11:38:17.4171656Z No user sessions are running outdated binaries.
2026-10-04T11:38:17.4172061Z 
2026-10-04T11:38:17.4172397Z No VM guests are running outdated hypervisor (qemu) binaries on this host.
2026-10-04T11:38:18.5468631Z Downloading Chrome for Testing 153.0.8010.12 (playwright chromium v1243) from https://cdn.playwright.dev/builds/cft/153.0.8010.12/linux64/chrome-linux64.zip
2026-10-04T11:38:19.0446509Z |                                                                                |   0% of 186.8 MiB
2026-10-04T11:38:19.2109615Z |■■■■■■■■                                                                        |  10% of 186.8 MiB
2026-10-04T11:38:19.3162069Z |■■■■■■■■■■■■■■■■                                                                |  20% of 186.8 MiB
2026-10-04T11:38:19.4114544Z |■■■■■■■■■■■■■■■■■■■■■■■■                                                        |  30% of 186.8 MiB
2026-10-04T11:38:19.5193549Z |■■■■■■■■■■■■■■■■■■■■■■■■■■■■■■■■                                                |  40% of 186.8 MiB
2026-10-04T11:38:19.6317741Z |■■■■■■■■■■■■■■■■■■■■■■■■■■■■■■■■■■■■■■■■                                        |  50% of 186.8 MiB
2026-10-04T11:38:19.7632424Z |■■■■■■■■■■■■■■■■■■■■■■■■■■■■■■■■■■■■■■■■■■■■■■■■                                |  60% of 186.8 MiB
2026-10-04T11:38:19.8752066Z |■■■■■■■■■■■■■■■■■■■■■■■■■■■■■■■■■■■■■■■■■■■■■■■■■■■■■■■■                        |  70% of 186.8 MiB
2026-10-04T11:38:19.9757695Z |■■■■■■■■■■■■■■■■■■■■■■■■■■■■■■■■■■■■■■■■■■■■■■■■■■■■■■■■■■■■■■■■                |  80% of 186.8 MiB
2026-10-04T11:38:20.0583143Z |■■■■■■■■■■■■■■■■■■■■■■■■■■■■■■■■■■■■■■■■■■■■■■■■■■■■■■■■■■■■■■■■■■■■■■■■        |  90% of 186.8 MiB
2026-10-04T11:38:20.1448204Z |■■■■■■■■■■■■■■■■■■■■■■■■■■■■■■■■■■■■■■■■■■■■■■■■■■■■■■■■■■■■■■■■■■■■■■■■■■■■■■■■| 100% of 186.8 MiB
2026-10-04T11:38:22.9732998Z Chrome for Testing 153.0.8010.12 (playwright chromium v1243) downloaded to /home/runner/.cache/ms-playwright/chromium-1243
2026-10-04T11:38:22.9737416Z Downloading FFmpeg (playwright ffmpeg v1011) from https://cdn.playwright.dev/dbazure/download/playwright/builds/ffmpeg/1011/ffmpeg-linux.zip
2026-10-04T11:38:23.3320514Z |                                                                                |   0% of 2.3 MiB
2026-10-04T11:38:23.3358591Z |■■■■■■■■                                                                        |  10% of 2.3 MiB
2026-10-04T11:38:23.3388512Z |■■■■■■■■■■■■■■■■                                                                |  20% of 2.3 MiB
2026-10-04T11:38:23.3416396Z |■■■■■■■■■■■■■■■■■■■■■■■■                                                        |  30% of 2.3 MiB
2026-10-04T11:38:23.3439462Z |■■■■■■■■■■■■■■■■■■■■■■■■■■■■■■■■                                                |  40% of 2.3 MiB
2026-10-04T11:38:23.3468230Z |■■■■■■■■■■■■■■■■■■■■■■■■■■■■■■■■■■■■■■■■                                        |  50% of 2.3 MiB
2026-10-04T11:38:23.3486469Z |■■■■■■■■■■■■■■■■■■■■■■■■■■■■■■■■■■■■■■■■■■■■■■■■                                |  60% of 2.3 MiB
2026-10-04T11:38:23.3514186Z |■■■■■■■■■■■■■■■■■■■■■■■■■■■■■■■■■■■■■■■■■■■■■■■■■■■■■■■■                        |  70% of 2.3 MiB
2026-10-04T11:38:23.3530523Z |■■■■■■■■■■■■■■■■■■■■■■■■■■■■■■■■■■■■■■■■■■■■■■■■■■■■■■■■■■■■■■■■                |  80% of 2.3 MiB
2026-10-04T11:38:23.3544542Z |■■■■■■■■■■■■■■■■■■■■■■■■■■■■■■■■■■■■■■■■■■■■■■■■■■■■■■■■■■■■■■■■■■■■■■■■        |  90% of 2.3 MiB
2026-10-04T11:38:23.3555868Z |■■■■■■■■■■■■■■■■■■■■■■■■■■■■■■■■■■■■■■■■■■■■■■■■■■■■■■■■■■■■■■■■■■■■■■■■■■■■■■■■| 100% of 2.3 MiB
2026-10-04T11:38:23.4277916Z FFmpeg (playwright ffmpeg v1011) downloaded to /home/runner/.cache/ms-playwright/ffmpeg-1011
2026-10-04T11:38:23.4281689Z Downloading Chrome Headless Shell 153.0.8010.12 (playwright chromium-headless-shell v1243) from https://cdn.playwright.dev/builds/cft/153.0.8010.12/linux64/chrome-headless-shell-linux64.zip
2026-10-04T11:38:23.8739179Z |                                                                                |   0% of 114.3 MiB
2026-10-04T11:38:24.0127862Z |■■■■■■■■                                                                        |  10% of 114.3 MiB
2026-10-04T11:38:24.0724086Z |■■■■■■■■■■■■■■■■                                                                |  20% of 114.3 MiB
2026-10-04T11:38:24.1238717Z |■■■■■■■■■■■■■■■■■■■■■■■■                                                        |  30% of 114.3 MiB
2026-10-04T11:38:24.1738823Z |■■■■■■■■■■■■■■■■■■■■■■■■■■■■■■■■                                                |  40% of 114.3 MiB
2026-10-04T11:38:24.2306186Z |■■■■■■■■■■■■■■■■■■■■■■■■■■■■■■■■■■■■■■■■                                        |  50% of 114.3 MiB
2026-10-04T11:38:24.2809777Z |■■■■■■■■■■■■■■■■■■■■■■■■■■■■■■■■■■■■■■■■■■■■■■■■                                |  60% of 114.3 MiB
2026-10-04T11:38:24.3349310Z |■■■■■■■■■■■■■■■■■■■■■■■■■■■■■■■■■■■■■■■■■■■■■■■■■■■■■■■■                        |  70% of 114.3 MiB
2026-10-04T11:38:24.3823666Z |■■■■■■■■■■■■■■■■■■■■■■■■■■■■■■■■■■■■■■■■■■■■■■■■■■■■■■■■■■■■■■■■                |  80% of 114.3 MiB
2026-10-04T11:38:24.4353740Z |■■■■■■■■■■■■■■■■■■■■■■■■■■■■■■■■■■■■■■■■■■■■■■■■■■■■■■■■■■■■■■■■■■■■■■■■        |  90% of 114.3 MiB
2026-10-04T11:38:24.4879955Z |■■■■■■■■■■■■■■■■■■■■■■■■■■■■■■■■■■■■■■■■■■■■■■■■■■■■■■■■■■■■■■■■■■■■■■■■■■■■■■■■| 100% of 114.3 MiB
2026-10-04T11:38:26.6113938Z Chrome Headless Shell 153.0.8010.12 (playwright chromium-headless-shell v1243) downloaded to /home/runner/.cache/ms-playwright/chromium_headless_shell-1243
2026-10-04T11:38:26.6410210Z ##[group]Run CF_STATEMENTS=0 TRANSLATE=0 node scripts/update-data.mjs
2026-10-04T11:38:26.6411076Z [36;1mCF_STATEMENTS=0 TRANSLATE=0 node scripts/update-data.mjs[0m
2026-10-04T11:38:26.6495897Z shell: /usr/bin/bash -e {0}
2026-10-04T11:38:26.6496319Z env:
2026-10-04T11:38:26.6501817Z   GITHUB_TOKEN: ***
2026-10-04T11:38:26.6502243Z ##[endgroup]
2026-10-04T11:38:26.7843416Z Discovering daily problem folders...
2026-10-04T11:38:27.7212898Z Found 814 days, syncing the most recent 814.
2026-10-04T11:38:28.4976346Z   2026-10-05: 2 problems
2026-10-04T11:38:28.8701019Z   2026-10-03: 2 problems
2026-10-04T11:38:29.2633524Z   2026-10-02: 2 problems
2026-10-04T11:38:29.6266511Z   2026-10-01: 2 problems
2026-10-04T11:38:30.0285697Z   2026-09-30: 2 problems
2026-10-04T11:38:30.3924061Z   2026-09-29: 2 problems
2026-10-04T11:38:30.7978162Z   2026-09-28: 2 problems
2026-10-04T11:38:31.2084047Z   2026-09-26: 2 problems
2026-10-04T11:38:31.5720546Z   2026-09-25: 2 problems
2026-10-04T11:38:31.9864179Z   2026-09-24: 2 problems
2026-10-04T11:38:32.3934247Z   2026-09-23: 2 problems
2026-10-04T11:38:32.7424581Z   2026-09-22: 2 problems
2026-10-04T11:38:33.1172743Z   2026-09-21: 2 problems
2026-10-04T11:38:33.4810082Z   2026-09-19: 2 problems
2026-10-04T11:38:33.8342828Z   2026-09-18: 2 problems
2026-10-04T11:38:34.2115546Z   2026-09-17: 2 problems
2026-10-04T11:38:34.5694425Z   2026-09-16: 2 problems
2026-10-04T11:38:34.9451020Z   2026-09-15: 2 problems
2026-10-04T11:38:35.1943022Z   2026-09-14: 2 problems
2026-10-04T11:38:35.5379125Z   2026-09-12: 2 problems
2026-10-04T11:38:35.8861141Z   2026-09-11: 2 problems
2026-10-04T11:38:36.2494601Z   2026-09-10: 2 problems
2026-10-04T11:38:36.5986199Z   2026-09-09: 2 problems
2026-10-04T11:38:36.9546183Z   2026-09-08: 2 problems
2026-10-04T11:38:37.3039562Z   2026-09-07: 2 problems
2026-10-04T11:38:37.6849155Z   2026-09-05: 2 problems
2026-10-04T11:38:38.4477175Z   2026-09-04: 2 problems
2026-10-04T11:38:38.8042165Z   2026-09-03: 2 problems
2026-10-04T11:38:39.1507988Z   2026-09-02: 2 problems
2026-10-04T11:38:39.5045963Z   2026-09-01: 2 problems
2026-10-04T11:38:39.9007487Z   2026-08-31: 2 problems
2026-10-04T11:38:40.2602697Z   2026-08-29: 2 problems
2026-10-04T11:38:40.6270821Z   2026-08-28: 2 problems
2026-10-04T11:38:40.9906511Z   2026-08-27: 2 problems
2026-10-04T11:38:41.3485518Z   2026-08-26: 2 problems
2026-10-04T11:38:41.7132877Z   2026-08-25: 2 problems
2026-10-04T11:38:42.0953926Z   2026-08-24: 2 problems
2026-10-04T11:38:42.4449151Z   2026-08-22: 2 problems
2026-10-04T11:38:42.8326085Z   2026-08-21: 2 problems
2026-10-04T11:38:43.1835086Z   2026-08-20: 2 problems
2026-10-04T11:38:43.6723274Z   2026-08-19: 2 problems
2026-10-04T11:38:44.0549118Z   2026-08-18: 2 problems
2026-10-04T11:38:44.4657484Z   2026-08-17: 2 problems
2026-10-04T11:38:44.8399868Z   2026-08-15: 2 problems
2026-10-04T11:38:45.2117394Z   2026-08-14: 2 problems
2026-10-04T11:38:45.5643220Z   2026-08-13: 2 problems
2026-10-04T11:38:45.9502533Z   2026-08-12: 2 problems
2026-10-04T11:38:46.3019289Z   2026-08-11: 2 problems
2026-10-04T11:38:46.6513961Z   2026-08-10: 2 problems
2026-10-04T11:38:47.0041837Z   2026-08-08: 2 problems
2026-10-04T11:38:47.3745419Z   2026-08-07: 2 problems
2026-10-04T11:38:47.7309919Z   2026-08-06: 2 problems
2026-10-04T11:38:48.0909825Z   2026-08-05: 2 problems
2026-10-04T11:38:48.4301499Z   2026-08-04: 2 problems
2026-10-04T11:38:48.7755081Z   2026-08-03: 2 problems
2026-10-04T11:38:49.1596888Z   2026-08-01: 2 problems
2026-10-04T11:38:49.3952601Z   2026-07-31: 2 problems
2026-10-04T11:38:49.7616368Z   2026-07-30: 2 problems
2026-10-04T11:38:50.1045838Z   2026-07-29: 2 problems
2026-10-04T11:38:50.5034124Z   2026-07-28: 2 problems
2026-10-04T11:38:50.8824469Z   2026-07-27: 2 problems
2026-10-04T11:38:51.2660044Z   2026-07-25: 2 problems
2026-10-04T11:38:51.6561045Z   2026-07-24: 2 problems
2026-10-04T11:38:52.0409850Z   2026-07-23: 2 problems
2026-10-04T11:38:52.3884657Z   2026-07-22: 2 problems
2026-10-04T11:38:52.7539529Z   2026-07-21: 2 problems
2026-10-04T11:38:53.1499702Z   2026-07-16: 2 problems
2026-10-04T11:38:53.5132902Z   2026-07-15: 2 problems
2026-10-04T11:38:53.8704255Z   2026-07-14: 2 problems
2026-10-04T11:38:54.2494877Z   2026-07-13: 2 problems
2026-10-04T11:38:54.6415141Z   2026-07-11: 2 problems
2026-10-04T11:38:55.0438748Z   2026-07-10: 2 problems
2026-10-04T11:38:55.4214645Z   2026-07-09: 2 problems
2026-10-04T11:38:55.7727134Z   2026-07-08: 2 problems
2026-10-04T11:38:56.1240744Z   2026-07-07: 2 problems
2026-10-04T11:38:56.4805987Z   2026-07-06: 2 problems
2026-10-04T11:38:56.8326959Z   2026-07-04: 2 problems
2026-10-04T11:38:57.1739471Z   2026-07-03: 2 problems
2026-10-04T11:38:57.5309050Z   2026-07-02: 2 problems
2026-10-04T11:38:57.9133706Z   2026-07-01: 2 problems
2026-10-04T11:38:58.2814820Z   2026-06-30: 2 problems
2026-10-04T11:38:58.7403581Z   2026-06-29: 2 problems
2026-10-04T11:38:59.1800474Z   2026-06-27: 2 problems
2026-10-04T11:38:59.5394535Z   2026-06-26: 2 problems
2026-10-04T11:38:59.9841122Z   2026-06-25: 2 problems
2026-10-04T11:39:00.3695215Z   2026-06-24: 2 problems
2026-10-04T11:39:00.7259882Z   2026-06-23: 2 problems
2026-10-04T11:39:01.1634551Z   2026-06-22: 2 problems
2026-10-04T11:39:01.4197147Z   2026-06-20: 1 problems
2026-10-04T11:39:01.8234796Z   2026-06-19: 2 problems
2026-10-04T11:39:02.1723316Z   2026-06-18: 2 problems
2026-10-04T11:39:02.5519685Z   2026-06-17: 2 problems
2026-10-04T11:39:02.9098492Z   2026-06-16: 2 problems
2026-10-04T11:39:03.2822168Z   2026-06-15: 2 problems
2026-10-04T11:39:03.7627402Z   2026-06-13: 2 problems
2026-10-04T11:39:04.6184848Z   2026-06-12: 2 problems
2026-10-04T11:39:05.0034631Z   2026-06-11: 2 problems
2026-10-04T11:39:05.3799669Z   2026-06-10: 2 problems
2026-10-04T11:39:05.7449816Z   2026-06-09: 2 problems
2026-10-04T11:39:06.1622519Z   2026-06-08: 2 problems
2026-10-04T11:39:06.5462492Z   2026-06-06: 2 problems
2026-10-04T11:39:06.9069813Z   2026-06-05: 2 problems
2026-10-04T11:39:07.2859045Z   2026-06-04: 2 problems
2026-10-04T11:39:07.4052429Z   2026-06-03: 2 problems
2026-10-04T11:39:07.8289011Z   2026-06-02: 2 problems
2026-10-04T11:39:08.1767517Z   2026-06-01: 2 problems
2026-10-04T11:39:08.5362322Z   2026-05-30: 2 problems
2026-10-04T11:39:08.9123019Z   2026-05-29: 2 problems
2026-10-04T11:39:09.2791094Z   2026-05-28: 2 problems
2026-10-04T11:39:09.6319975Z   2026-05-27: 2 problems
2026-10-04T11:39:09.9179362Z   2026-05-26: 2 problems
2026-10-04T11:39:10.2973980Z   2026-05-25: 2 problems
2026-10-04T11:39:10.6585928Z   2026-05-23: 2 problems
2026-10-04T11:39:11.0041036Z   2026-05-22: 2 problems
2026-10-04T11:39:11.3727815Z   2026-05-21: 2 problems
2026-10-04T11:39:11.7361294Z   2026-05-20: 2 problems
2026-10-04T11:39:12.1091483Z   2026-05-19: 2 problems
2026-10-04T11:39:12.4887483Z   2026-05-18: 2 problems
2026-10-04T11:39:12.8383896Z   2026-05-16: 2 problems
2026-10-04T11:39:13.2622459Z   2026-05-15: 2 problems
2026-10-04T11:39:13.6255112Z   2026-05-14: 2 problems
2026-10-04T11:39:13.9957482Z   2026-05-13: 2 problems
2026-10-04T11:39:14.3770560Z   2026-05-12: 2 problems
2026-10-04T11:39:14.7511665Z   2026-05-11: 2 problems
2026-10-04T11:39:15.1199128Z   2026-05-09: 2 problems
2026-10-04T11:39:15.5282545Z   2026-05-08: 2 problems
2026-10-04T11:39:15.8764132Z   2026-05-07: 2 problems
2026-10-04T11:39:16.2596352Z   2026-05-06: 2 problems
2026-10-04T11:39:16.6633895Z   2026-05-05: 2 problems
2026-10-04T11:39:17.0348409Z   2026-05-04: 2 problems
2026-10-04T11:39:17.4099206Z   2026-05-02: 2 problems
2026-10-04T11:39:17.7832671Z   2026-05-01: 2 problems
2026-10-04T11:39:18.1555321Z   2026-04-30: 2 problems
2026-10-04T11:39:18.5226093Z   2026-04-29: 2 problems
2026-10-04T11:39:18.8743546Z   2026-04-28: 2 problems
2026-10-04T11:39:19.2451474Z   2026-04-27: 2 problems
2026-10-04T11:39:19.6624011Z   2026-04-25: 2 problems
2026-10-04T11:39:20.0572483Z   2026-04-24: 2 problems
2026-10-04T11:39:20.4527049Z   2026-04-23: 2 problems
2026-10-04T11:39:20.8347079Z   2026-04-22: 2 problems
2026-10-04T11:39:21.1831163Z   2026-04-21: 2 problems
2026-10-04T11:39:21.5959439Z   2026-04-20: 2 problems
2026-10-04T11:39:21.9795482Z   2026-04-18: 2 problems
2026-10-04T11:39:22.3716937Z   2026-04-17: 2 problems
2026-10-04T11:39:22.7864613Z   2026-04-16: 2 problems
2026-10-04T11:39:23.2691530Z   2026-04-15: 2 problems
2026-10-04T11:39:23.6636971Z   2026-04-14: 2 problems
2026-10-04T11:39:24.0888384Z   2026-04-13: 2 problems
2026-10-04T11:39:24.4241791Z   2026-04-11: 2 problems
2026-10-04T11:39:24.8425882Z   2026-04-10: 2 problems
2026-10-04T11:39:25.1852780Z   2026-04-09: 2 problems
2026-10-04T11:39:25.4164515Z   2026-04-08: 2 problems
2026-10-04T11:39:25.7855126Z   2026-04-07: 2 problems
2026-10-04T11:39:26.1310920Z   2026-04-06: 2 problems
2026-10-04T11:39:26.5126725Z   2026-04-04: 2 problems
2026-10-04T11:39:26.8475006Z   2026-04-03: 2 problems
2026-10-04T11:39:27.2197202Z   2026-04-02: 2 problems
2026-10-04T11:39:27.5894775Z   2026-04-01: 2 problems
2026-10-04T11:39:27.9598965Z   2026-03-31: 2 problems
2026-10-04T11:39:28.3091878Z   2026-03-30: 2 problems
2026-10-04T11:39:28.6897097Z   2026-03-28: 2 problems
2026-10-04T11:39:29.0878007Z   2026-03-27: 2 problems
2026-10-04T11:39:29.4352523Z   2026-03-26: 2 problems
2026-10-04T11:39:29.7885606Z   2026-03-25: 2 problems
2026-10-04T11:39:30.1404792Z   2026-03-24: 2 problems
2026-10-04T11:39:30.5035501Z   2026-03-23: 2 problems
2026-10-04T11:39:30.8412852Z   2026-03-21: 2 problems
2026-10-04T11:39:31.2028796Z   2026-03-20: 2 problems
2026-10-04T11:39:31.5504145Z   2026-03-19: 2 problems
2026-10-04T11:39:31.9074812Z   2026-03-18: 2 problems
2026-10-04T11:39:32.2489788Z   2026-03-17: 2 problems
2026-10-04T11:39:32.6098471Z   2026-03-16: 2 problems
2026-10-04T11:39:32.9537335Z   2026-03-14: 2 problems
2026-10-04T11:39:33.2951649Z   2026-03-13: 2 problems
2026-10-04T11:39:33.6339647Z   2026-03-12: 2 problems
2026-10-04T11:39:34.0788043Z   2026-03-11: 2 problems
2026-10-04T11:39:34.4273262Z   2026-03-10: 2 problems
2026-10-04T11:39:34.7860214Z   2026-03-09: 2 problems
2026-10-04T11:39:35.1673017Z   2026-03-07: 2 problems
2026-10-04T11:39:35.5334904Z   2026-03-06: 2 problems
2026-10-04T11:39:35.8669266Z   2026-03-05: 2 problems
2026-10-04T11:39:36.2171153Z   2026-03-04: 2 problems
2026-10-04T11:39:36.6135074Z   2026-03-03: 2 problems
2026-10-04T11:39:36.9771026Z   2026-03-02: 2 problems
2026-10-04T11:39:37.4089812Z   2026-02-28: 2 problems
2026-10-04T11:39:37.8402172Z   2026-02-27: 2 problems
2026-10-04T11:39:38.2256688Z   2026-02-26: 2 problems
2026-10-04T11:39:38.5611899Z   2026-02-25: 2 problems
2026-10-04T11:39:38.9032530Z   2026-02-24: 2 problems
2026-10-04T11:39:39.2413908Z   2026-02-23: 2 problems
2026-10-04T11:39:39.5758395Z   2026-02-21: 2 problems
2026-10-04T11:39:39.9343016Z   2026-02-20: 2 problems
2026-10-04T11:39:40.2766860Z   2026-02-19: 2 problems
2026-10-04T11:39:40.6351957Z   2026-02-18: 2 problems
2026-10-04T11:39:41.0176480Z   2026-02-17: 2 problems
2026-10-04T11:39:41.3530796Z   2026-02-16: 2 problems
2026-10-04T11:39:41.7203351Z   2026-02-14: 2 problems
2026-10-04T11:39:42.0547416Z   2026-02-13: 2 problems
2026-10-04T11:39:42.4414995Z   2026-02-12: 2 problems
2026-10-04T11:39:42.8057782Z   2026-02-11: 2 problems
2026-10-04T11:39:43.1639037Z   2026-02-10: 2 problems
2026-10-04T11:39:43.5142449Z   2026-02-09: 2 problems
2026-10-04T11:39:43.9035312Z   2026-02-07: 2 problems
2026-10-04T11:39:44.2497726Z   2026-02-06: 2 problems
2026-10-04T11:39:44.6087535Z   2026-02-05: 2 problems
2026-10-04T11:39:44.9584861Z   2026-02-04: 2 problems
2026-10-04T11:39:45.3343393Z   2026-02-03: 2 problems
2026-10-04T11:39:45.6966952Z   2026-02-02: 2 problems
2026-10-04T11:39:46.0411588Z   2026-01-31: 2 problems
2026-10-04T11:39:46.3931694Z   2026-01-30: 2 problems
2026-10-04T11:39:46.7367745Z   2026-01-29: 2 problems
2026-10-04T11:39:47.1353921Z   2026-01-28: 2 problems
2026-10-04T11:39:47.5254217Z   2026-01-27: 2 problems
2026-10-04T11:39:47.8711309Z   2026-01-26: 2 problems
2026-10-04T11:39:48.2743041Z   2026-01-24: 2 problems
2026-10-04T11:39:48.6363723Z   2026-01-23: 2 problems
2026-10-04T11:39:48.8732839Z   2026-01-22: 2 problems
2026-10-04T11:39:49.2219643Z   2026-01-21: 2 problems
2026-10-04T11:39:49.5683283Z   2026-01-20: 2 problems
2026-10-04T11:39:49.9880632Z   2026-01-19: 2 problems
2026-10-04T11:39:50.3731626Z   2026-01-17: 2 problems
2026-10-04T11:39:50.7353890Z   2026-01-16: 2 problems
2026-10-04T11:39:51.0925260Z   2026-01-15: 2 problems
2026-10-04T11:39:51.4337717Z   2026-01-14: 2 problems
2026-10-04T11:39:51.7986545Z   2026-01-13: 2 problems
2026-10-04T11:39:52.1950770Z   2026-01-12: 2 problems
2026-10-04T11:39:52.5315151Z   2026-01-10: 2 problems
2026-10-04T11:39:53.0595957Z   2026-01-09: 2 problems
2026-10-04T11:39:53.5579154Z   2026-01-08: 2 problems
2026-10-04T11:39:53.9126590Z   2026-01-07: 2 problems
2026-10-04T11:39:54.2930639Z   2026-01-06: 2 problems
2026-10-04T11:39:54.6593036Z   2026-01-05: 2 problems
2026-10-04T11:39:55.1240846Z   2026-01-03: 2 problems
2026-10-04T11:39:55.4992351Z   2026-01-02: 2 problems
2026-10-04T11:39:55.8728944Z   2026-01-01: 2 problems
2026-10-04T11:39:56.2293349Z   2025-12-31: 2 problems
2026-10-04T11:39:56.6632812Z   2025-12-30: 2 problems
2026-10-04T11:39:57.0346001Z   2025-12-29: 2 problems
2026-10-04T11:39:57.4105063Z   2025-12-27: 2 problems
2026-10-04T11:39:57.7598926Z   2025-12-26: 2 problems
2026-10-04T11:39:58.1092367Z   2025-12-25: 2 problems
2026-10-04T11:39:58.5113760Z   2025-12-24: 2 problems
2026-10-04T11:39:59.0337305Z   2025-12-23: 2 problems
2026-10-04T11:39:59.3842295Z   2025-12-22: 2 problems
2026-10-04T11:39:59.7549748Z   2025-12-20: 2 problems
2026-10-04T11:40:00.1897106Z   2025-12-19: 2 problems
2026-10-04T11:40:00.5492295Z   2025-12-18: 2 problems
2026-10-04T11:40:00.9057625Z   2025-12-17: 2 problems
2026-10-04T11:40:01.2875931Z   2025-12-16: 2 problems
2026-10-04T11:40:01.6561995Z   2025-12-15: 2 problems
2026-10-04T11:40:02.0002471Z   2025-12-13: 2 problems
2026-10-04T11:40:02.3675784Z   2025-12-12: 2 problems
2026-10-04T11:40:02.7151746Z   2025-12-11: 2 problems
2026-10-04T11:40:03.1032195Z   2025-12-10: 2 problems
2026-10-04T11:40:03.4519141Z   2025-12-09: 2 problems
2026-10-04T11:40:03.7004906Z   2025-12-08: 2 problems
2026-10-04T11:40:04.0520103Z   2025-12-06: 2 problems
2026-10-04T11:40:04.4269630Z   2025-12-05: 2 problems
2026-10-04T11:40:04.7925559Z   2025-12-04: 2 problems
2026-10-04T11:40:05.2392282Z   2025-12-03: 2 problems
2026-10-04T11:40:06.0318309Z   2025-12-02: 2 problems
2026-10-04T11:40:06.4492422Z   2025-12-01: 2 problems
2026-10-04T11:40:06.9229714Z   2025-11-29: 2 problems
2026-10-04T11:40:07.3526022Z   2025-11-28: 2 problems
2026-10-04T11:40:07.7261247Z   2025-11-27: 2 problems
2026-10-04T11:40:08.1020183Z   2025-11-26: 2 problems
2026-10-04T11:40:08.4817090Z   2025-11-25: 2 problems
2026-10-04T11:40:08.8532766Z   2025-11-24: 2 problems
2026-10-04T11:40:09.2302757Z   2025-11-22: 2 problems
2026-10-04T11:40:09.5986786Z   2025-11-21: 2 problems
2026-10-04T11:40:09.9899659Z   2025-11-20: 2 problems
2026-10-04T11:40:10.3448874Z   2025-11-19: 2 problems
2026-10-04T11:40:10.6793038Z   2025-11-18: 2 problems
2026-10-04T11:40:11.0506144Z   2025-11-17: 2 problems
2026-10-04T11:40:11.4276579Z   2025-11-15: 2 problems
2026-10-04T11:40:11.8080322Z   2025-11-14: 2 problems
2026-10-04T11:40:12.1625435Z   2025-11-13: 2 problems
2026-10-04T11:40:12.5558640Z   2025-11-12: 2 problems
2026-10-04T11:40:12.9190691Z   2025-11-11: 2 problems
2026-10-04T11:40:13.2848681Z   2025-11-10: 2 problems
2026-10-04T11:40:13.6358955Z   2025-11-08: 2 problems
2026-10-04T11:40:14.0099887Z   2025-11-07: 2 problems
2026-10-04T11:40:14.3895421Z   2025-11-06: 2 problems
2026-10-04T11:40:14.7681176Z   2025-11-05: 2 problems
2026-10-04T11:40:15.1578964Z   2025-11-04: 2 problems
2026-10-04T11:40:15.5856111Z   2025-11-03: 2 problems
2026-10-04T11:40:15.9358815Z   2025-11-01: 2 problems
2026-10-04T11:40:16.1803549Z   2025-10-31: 2 problems
2026-10-04T11:40:16.5632760Z   2025-10-30: 2 problems
2026-10-04T11:40:16.9666346Z   2025-10-29: 2 problems
2026-10-04T11:40:17.3241115Z   2025-10-28: 2 problems
2026-10-04T11:40:17.7708927Z   2025-10-27: 2 problems
2026-10-04T11:40:18.1382054Z   2025-10-25: 2 problems
2026-10-04T11:40:18.5183818Z   2025-10-24: 2 problems
2026-10-04T11:40:18.9019264Z   2025-10-23: 2 problems
2026-10-04T11:40:19.2622816Z   2025-10-22: 2 problems
2026-10-04T11:40:19.6213052Z   2025-10-21: 2 problems
2026-10-04T11:40:19.9761101Z   2025-10-20: 2 problems
2026-10-04T11:40:20.3225020Z   2025-10-18: 2 problems
2026-10-04T11:40:20.6647340Z   2025-10-17: 2 problems
2026-10-04T11:40:21.0301108Z   2025-10-16: 2 problems
2026-10-04T11:40:21.3759301Z   2025-10-15: 2 problems
2026-10-04T11:40:21.7482958Z   2025-10-14: 2 problems
2026-10-04T11:40:22.1222408Z   2025-10-13: 2 problems
2026-10-04T11:40:22.5064583Z   2025-10-11: 2 problems
2026-10-04T11:40:22.8467766Z   2025-10-10: 2 problems
2026-10-04T11:40:23.2120574Z   2025-10-09: 2 problems
2026-10-04T11:40:23.6058466Z   2025-10-08: 2 problems
2026-10-04T11:40:23.9955333Z   2025-10-07: 2 problems
2026-10-04T11:40:24.3734721Z   2025-10-06: 2 problems
2026-10-04T11:40:24.7577563Z   2025-10-04: 2 problems
2026-10-04T11:40:25.1144876Z   2025-10-03: 2 problems
2026-10-04T11:40:25.4785037Z   2025-10-02: 2 problems
2026-10-04T11:40:25.8385525Z   2025-10-01: 2 problems
2026-10-04T11:40:26.1995779Z   2025-09-30: 2 problems
2026-10-04T11:40:26.5647323Z   2025-09-29: 2 problems
2026-10-04T11:40:26.9231157Z   2025-09-27: 2 problems
2026-10-04T11:40:27.2790444Z   2025-09-26: 2 problems
2026-10-04T11:40:27.6630884Z   2025-09-25: 2 problems
2026-10-04T11:40:28.0153034Z   2025-09-24: 2 problems
2026-10-04T11:40:28.3902202Z   2025-09-23: 2 problems
2026-10-04T11:40:28.7575893Z   2025-09-22: 2 problems
2026-10-04T11:40:29.1105056Z   2025-09-20: 2 problems
2026-10-04T11:40:29.4692451Z   2025-09-19: 2 problems
2026-10-04T11:40:29.8206436Z   2025-09-18: 2 problems
2026-10-04T11:40:30.1827097Z   2025-09-17: 2 problems
2026-10-04T11:40:30.5505757Z   2025-09-16: 2 problems
2026-10-04T11:40:30.9205502Z   2025-09-15: 2 problems
2026-10-04T11:40:31.2675694Z   2025-09-13: 2 problems
2026-10-04T11:40:31.6271758Z   2025-09-12: 2 problems
2026-10-04T11:40:31.9968656Z   2025-09-11: 2 problems
2026-10-04T11:40:32.3681597Z   2025-09-10: 2 problems
2026-10-04T11:40:32.7417932Z   2025-09-09: 2 problems
2026-10-04T11:40:33.1737610Z   2025-09-08: 2 problems
2026-10-04T11:40:33.5192516Z   2025-09-06: 2 problems
2026-10-04T11:40:33.8788196Z   2025-09-05: 2 problems
2026-10-04T11:40:34.2661135Z   2025-09-04: 2 problems
2026-10-04T11:40:34.6680542Z   2025-09-03: 2 problems
2026-10-04T11:40:35.0002742Z   2025-09-02: 2 problems
2026-10-04T11:40:35.3770080Z   2025-09-01: 2 problems
2026-10-04T11:40:35.7313144Z   2025-08-30: 2 problems
2026-10-04T11:40:36.1116779Z   2025-08-29: 2 problems
2026-10-04T11:40:36.4675419Z   2025-08-28: 2 problems
2026-10-04T11:40:36.8049027Z   2025-08-27: 2 problems
2026-10-04T11:40:37.2017619Z   2025-08-26: 2 problems
2026-10-04T11:40:37.6240567Z   2025-08-25: 2 problems
2026-10-04T11:40:37.9789015Z   2025-08-23: 2 problems
2026-10-04T11:40:38.3660988Z   2025-08-22: 2 problems
2026-10-04T11:40:38.7138132Z   2025-08-21: 2 problems
2026-10-04T11:40:39.0523538Z   2025-08-20: 2 problems
2026-10-04T11:40:39.4489515Z   2025-08-19: 2 problems
2026-10-04T11:40:39.7943823Z   2025-08-18: 2 problems
2026-10-04T11:40:40.1652862Z   2025-08-16: 2 problems
2026-10-04T11:40:40.6129953Z   2025-08-15: 2 problems
2026-10-04T11:40:40.9734366Z   2025-08-14: 2 problems
2026-10-04T11:40:41.3362495Z   2025-08-13: 2 problems
2026-10-04T11:40:41.7112672Z   2025-08-12: 2 problems
2026-10-04T11:40:42.1106739Z   2025-08-11: 2 problems
2026-10-04T11:40:42.4767517Z   2025-08-09: 2 problems
2026-10-04T11:40:42.8397725Z   2025-08-08: 2 problems
2026-10-04T11:40:43.1948393Z   2025-08-07: 2 problems
2026-10-04T11:40:43.6570104Z   2025-08-06: 2 problems
2026-10-04T11:40:44.0419237Z   2025-08-05: 2 problems
2026-10-04T11:40:44.4135271Z   2025-08-04: 2 problems
2026-10-04T11:40:44.8043064Z   2025-08-02: 2 problems
2026-10-04T11:40:45.2146010Z   2025-08-01: 2 problems
2026-10-04T11:40:45.5821212Z   2025-07-31: 2 problems
2026-10-04T11:40:45.9408398Z   2025-07-30: 2 problems
2026-10-04T11:40:46.3202129Z   2025-07-29: 2 problems
2026-10-04T11:40:46.6981080Z   2025-07-28: 2 problems
2026-10-04T11:40:47.0495692Z   2025-07-26: 2 problems
2026-10-04T11:40:47.4204092Z   2025-07-25: 2 problems
2026-10-04T11:40:47.7542738Z   2025-07-24: 2 problems
2026-10-04T11:40:48.0951101Z   2025-07-23: 2 problems
2026-10-04T11:40:48.4692161Z   2025-07-22: 2 problems
2026-10-04T11:40:48.8642411Z   2025-07-21: 2 problems
2026-10-04T11:40:49.2599427Z   2025-07-19: 2 problems
2026-10-04T11:40:49.6192533Z   2025-07-18: 2 problems
2026-10-04T11:40:49.9737759Z   2025-07-17: 2 problems
2026-10-04T11:40:50.3535990Z   2025-07-16: 2 problems
2026-10-04T11:40:50.7231700Z   2025-07-15: 2 problems
2026-10-04T11:40:51.0866865Z   2025-07-14: 2 problems
2026-10-04T11:40:51.4487551Z   2025-07-12: 2 problems
2026-10-04T11:40:51.7937095Z   2025-07-11: 2 problems
2026-10-04T11:40:52.1396451Z   2025-07-10: 2 problems
2026-10-04T11:40:52.4874536Z   2025-07-09: 2 problems
2026-10-04T11:40:52.8435497Z   2025-07-08: 2 problems
2026-10-04T11:40:53.2115740Z   2025-07-07: 2 problems
2026-10-04T11:40:53.5585118Z   2025-07-05: 2 problems
2026-10-04T11:40:53.9065889Z   2025-07-04: 2 problems
2026-10-04T11:40:54.2577283Z   2025-07-03: 2 problems
2026-10-04T11:40:54.6369482Z   2025-07-02: 2 problems
2026-10-04T11:40:55.0177667Z   2025-07-01: 2 problems
2026-10-04T11:40:55.3746126Z   2025-06-30: 2 problems
2026-10-04T11:40:55.7274753Z   2025-06-28: 2 problems
2026-10-04T11:40:56.0944917Z   2025-06-27: 2 problems
2026-10-04T11:40:56.4639684Z   2025-06-26: 2 problems
2026-10-04T11:40:56.8349549Z   2025-06-25: 2 problems
2026-10-04T11:40:57.2192840Z   2025-06-24: 2 problems
2026-10-04T11:40:57.5896626Z   2025-06-23: 2 problems
2026-10-04T11:40:57.8252601Z   2025-06-21: 2 problems
2026-10-04T11:40:58.2079213Z   2025-06-20: 2 problems
2026-10-04T11:40:58.5579432Z   2025-06-19: 2 problems
2026-10-04T11:40:58.8939520Z   2025-06-18: 2 problems
2026-10-04T11:40:59.2544805Z   2025-06-17: 2 problems
2026-10-04T11:40:59.6291747Z   2025-06-16: 2 problems
2026-10-04T11:40:59.9715536Z   2025-06-14: 2 problems
2026-10-04T11:41:00.3403233Z   2025-06-13: 2 problems
2026-10-04T11:41:00.7038538Z   2025-06-12: 2 problems
2026-10-04T11:41:01.0602231Z   2025-06-11: 2 problems
2026-10-04T11:41:01.4359160Z   2025-06-10: 2 problems
2026-10-04T11:41:01.7818600Z   2025-06-09: 2 problems
2026-10-04T11:41:02.1248213Z   2025-06-07: 2 problems
2026-10-04T11:41:02.5083863Z   2025-06-06: 2 problems
2026-10-04T11:41:02.8677856Z   2025-06-05: 2 problems
2026-10-04T11:41:03.2736415Z   2025-06-04: 2 problems
2026-10-04T11:41:03.6384621Z   2025-06-03: 2 problems
2026-10-04T11:41:04.0609158Z   2025-06-02: 2 problems
2026-10-04T11:41:04.5948224Z   2025-05-31: 2 problems
2026-10-04T11:41:05.2428554Z   2025-05-30: 2 problems
2026-10-04T11:41:05.6685291Z   2025-05-29: 2 problems
2026-10-04T11:41:06.0185377Z   2025-05-28: 2 problems
2026-10-04T11:41:06.3982896Z   2025-05-27: 2 problems
2026-10-04T11:41:06.7692474Z   2025-05-26: 2 problems
2026-10-04T11:41:07.1195811Z   2025-05-24: 2 problems
2026-10-04T11:41:07.4947265Z   2025-05-23: 2 problems
2026-10-04T11:41:07.8618268Z   2025-05-22: 2 problems
2026-10-04T11:41:08.2315778Z   2025-05-21: 2 problems
2026-10-04T11:41:08.5984841Z   2025-05-20: 2 problems
2026-10-04T11:41:08.9396986Z   2025-05-19: 2 problems
2026-10-04T11:41:09.3691928Z   2025-05-17: 2 problems
2026-10-04T11:41:09.7664655Z   2025-05-16: 2 problems
2026-10-04T11:41:10.2434942Z   2025-05-15: 2 problems
2026-10-04T11:41:10.8718580Z   2025-05-14: 2 problems
2026-10-04T11:41:11.2366148Z   2025-05-13: 2 problems
2026-10-04T11:41:11.5967326Z   2025-05-12: 2 problems
2026-10-04T11:41:12.0166712Z   2025-05-10: 2 problems
2026-10-04T11:41:12.3906121Z   2025-05-09: 2 problems
2026-10-04T11:41:12.7638033Z   2025-05-08: 2 problems
2026-10-04T11:41:13.1109955Z   2025-05-07: 2 problems
2026-10-04T11:41:13.4669684Z   2025-05-06: 2 problems
2026-10-04T11:41:13.8307270Z   2025-05-05: 2 problems
2026-10-04T11:41:14.1920521Z   2025-05-03: 2 problems
2026-10-04T11:41:14.5556100Z   2025-05-02: 2 problems
2026-10-04T11:41:14.9124962Z   2025-05-01: 2 problems
2026-10-04T11:41:15.2859016Z   2025-04-30: 2 problems
2026-10-04T11:41:15.6763419Z   2025-04-29: 2 problems
2026-10-04T11:41:16.0123375Z   2025-04-28: 2 problems
2026-10-04T11:41:16.4156652Z   2025-04-26: 2 problems
2026-10-04T11:41:16.7729568Z   2025-04-25: 2 problems
2026-10-04T11:41:17.1202749Z   2025-04-24: 2 problems
2026-10-04T11:41:17.4933197Z   2025-04-23: 2 problems
2026-10-04T11:41:17.8652011Z   2025-04-22: 2 problems
2026-10-04T11:41:18.2139169Z   2025-04-21: 2 problems
2026-10-04T11:41:18.5721701Z   2025-04-19: 2 problems
2026-10-04T11:41:18.9251167Z   2025-04-18: 2 problems
2026-10-04T11:41:19.3037127Z   2025-04-17: 2 problems
2026-10-04T11:41:19.6743245Z   2025-04-16: 2 problems
2026-10-04T11:41:20.0276003Z   2025-04-15: 2 problems
2026-10-04T11:41:20.4488308Z   2025-04-14: 2 problems
2026-10-04T11:41:20.8168997Z   2025-04-12: 2 problems
2026-10-04T11:41:21.2257218Z   2025-04-11: 2 problems
2026-10-04T11:41:21.6069138Z   2025-04-10: 2 problems
2026-10-04T11:41:21.9697860Z   2025-04-09: 2 problems
2026-10-04T11:41:22.3320401Z   2025-04-08: 2 problems
2026-10-04T11:41:22.7474044Z   2025-04-07: 2 problems
2026-10-04T11:41:23.2059381Z   2025-04-05: 2 problems
2026-10-04T11:41:23.5698057Z   2025-04-04: 2 problems
2026-10-04T11:41:23.9471964Z   2025-04-03: 2 problems
2026-10-04T11:41:24.3186535Z   2025-04-02: 2 problems
2026-10-04T11:41:24.6718851Z   2025-04-01: 2 problems
2026-10-04T11:41:25.0747501Z   2025-03-31: 2 problems
2026-10-04T11:41:25.4146058Z   2025-03-29: 2 problems
2026-10-04T11:41:25.7969142Z   2025-03-28: 2 problems
2026-10-04T11:41:26.1440320Z   2025-03-27: 2 problems
2026-10-04T11:41:26.5327291Z   2025-03-26: 2 problems
2026-10-04T11:41:26.8795046Z   2025-03-25: 2 problems
2026-10-04T11:41:27.2436527Z   2025-03-24: 2 problems
2026-10-04T11:41:27.5971919Z   2025-03-22: 2 problems
2026-10-04T11:41:27.9470497Z   2025-03-21: 2 problems
2026-10-04T11:41:28.2744092Z   2025-03-20: 2 problems
2026-10-04T11:41:28.6133734Z   2025-03-19: 2 problems
2026-10-04T11:41:28.9670779Z   2025-03-18: 2 problems
2026-10-04T11:41:29.3281476Z   2025-03-17: 2 problems
2026-10-04T11:41:29.6850037Z   2025-03-15: 2 problems
2026-10-04T11:41:30.0725868Z   2025-03-14: 2 problems
2026-10-04T11:41:30.4453893Z   2025-03-13: 2 problems
2026-10-04T11:41:30.8191202Z   2025-03-12: 2 problems
2026-10-04T11:41:31.1668256Z   2025-03-11: 2 problems
2026-10-04T11:41:31.5320336Z   2025-03-10: 2 problems
2026-10-04T11:41:31.8761280Z   2025-03-08: 2 problems
2026-10-04T11:41:32.2377483Z   2025-03-07: 2 problems
2026-10-04T11:41:32.6028914Z   2025-03-06: 2 problems
2026-10-04T11:41:32.9560316Z   2025-03-05: 2 problems
2026-10-04T11:41:33.3550477Z   2025-03-04: 2 problems
2026-10-04T11:41:33.7332788Z   2025-03-03: 2 problems
2026-10-04T11:41:34.0820724Z   2025-03-01: 2 problems
2026-10-04T11:41:34.4555891Z   2025-02-28: 2 problems
2026-10-04T11:41:34.8117661Z   2025-02-27: 2 problems
2026-10-04T11:41:35.1709221Z   2025-02-26: 2 problems
2026-10-04T11:41:35.5668740Z   2025-02-25: 2 problems
2026-10-04T11:41:35.9930785Z   2025-02-24: 2 problems
2026-10-04T11:41:36.3748999Z   2025-02-22: 2 problems
2026-10-04T11:41:36.7475720Z   2025-02-21: 2 problems
2026-10-04T11:41:37.1382650Z   2025-02-20: 2 problems
2026-10-04T11:41:37.5450560Z   2025-02-19: 2 problems
2026-10-04T11:41:37.9060025Z   2025-02-18: 2 problems
2026-10-04T11:41:38.2710488Z   2025-02-17: 2 problems
2026-10-04T11:41:38.6420348Z   2025-02-15: 2 problems
2026-10-04T11:41:39.0097566Z   2025-02-14: 2 problems
2026-10-04T11:41:39.3570250Z   2025-02-13: 2 problems
2026-10-04T11:41:39.7225494Z   2025-02-12: 2 problems
2026-10-04T11:41:40.0781833Z   2025-02-11: 2 problems
2026-10-04T11:41:40.4490620Z   2025-02-10: 2 problems
2026-10-04T11:41:40.7735640Z   2025-02-08: 2 problems
2026-10-04T11:41:41.1203359Z   2025-02-07: 2 problems
2026-10-04T11:41:41.5012588Z   2025-02-06: 2 problems
2026-10-04T11:41:41.8470346Z   2025-02-05: 2 problems
2026-10-04T11:41:42.1917432Z   2025-02-04: 2 problems
2026-10-04T11:41:42.5676377Z   2025-02-03: 2 problems
2026-10-04T11:41:42.9324782Z   2025-02-01: 2 problems
2026-10-04T11:41:43.3032429Z   2025-01-31: 2 problems
2026-10-04T11:41:43.6699733Z   2025-01-30: 2 problems
2026-10-04T11:41:44.0223024Z   2025-01-29: 2 problems
2026-10-04T11:41:44.3709284Z   2025-01-28: 2 problems
2026-10-04T11:41:44.7367149Z   2025-01-27: 2 problems
2026-10-04T11:41:45.0726014Z   2025-01-25: 2 problems
2026-10-04T11:41:45.4784981Z   2025-01-24: 2 problems
2026-10-04T11:41:45.8550319Z   2025-01-23: 2 problems
2026-10-04T11:41:46.2124753Z   2025-01-22: 2 problems
2026-10-04T11:41:46.5545191Z   2025-01-21: 2 problems
2026-10-04T11:41:46.9217959Z   2025-01-20: 2 problems
2026-10-04T11:41:47.2834866Z   2025-01-18: 2 problems
2026-10-04T11:41:47.6355114Z   2025-01-17: 2 problems
2026-10-04T11:41:48.0320097Z   2025-01-16: 2 problems
2026-10-04T11:41:48.4715948Z   2025-01-15: 2 problems
2026-10-04T11:41:48.8893275Z   2025-01-14: 2 problems
2026-10-04T11:41:49.2362428Z   2025-01-13: 2 problems
2026-10-04T11:41:49.6292579Z   2025-01-11: 2 problems
2026-10-04T11:41:50.0105882Z   2025-01-10: 2 problems
2026-10-04T11:41:50.3663338Z   2025-01-09: 2 problems
2026-10-04T11:41:50.7211145Z   2025-01-08: 2 problems
2026-10-04T11:41:51.0797779Z   2025-01-07: 2 problems
2026-10-04T11:41:51.4879922Z   2025-01-06: 2 problems
2026-10-04T11:41:51.8255339Z   2025-01-04: 2 problems
2026-10-04T11:41:52.1759437Z   2025-01-03: 2 problems
2026-10-04T11:41:52.5493126Z   2025-01-02: 2 problems
2026-10-04T11:41:53.1358244Z   2025-01-01: 2 problems
2026-10-04T11:41:53.5971144Z   2024-12-31: 2 problems
2026-10-04T11:41:53.9709751Z   2024-12-30: 2 problems
2026-10-04T11:41:54.3962328Z   2024-12-28: 2 problems
2026-10-04T11:41:54.7588090Z   2024-12-27: 2 problems
2026-10-04T11:41:55.1154757Z   2024-12-26: 2 problems
2026-10-04T11:41:55.5652831Z   2024-12-25: 2 problems
2026-10-04T11:41:55.9399072Z   2024-12-24: 2 problems
2026-10-04T11:41:56.3152919Z   2024-12-23: 2 problems
2026-10-04T11:41:56.6923590Z   2024-12-21: 2 problems
2026-10-04T11:41:57.1668626Z   2024-12-20: 2 problems
2026-10-04T11:41:57.5216249Z   2024-12-19: 2 problems
2026-10-04T11:41:57.9762932Z   2024-12-18: 2 problems
2026-10-04T11:41:58.3446494Z   2024-12-17: 2 problems
2026-10-04T11:41:58.7766775Z   2024-12-16: 2 problems
2026-10-04T11:41:59.2881068Z   2024-12-14: 2 problems
2026-10-04T11:41:59.6527865Z   2024-12-13: 2 problems
2026-10-04T11:42:00.1276713Z   2024-12-12: 2 problems
2026-10-04T11:42:00.4848709Z   2024-12-11: 2 problems
2026-10-04T11:42:00.8985695Z   2024-12-10: 2 problems
2026-10-04T11:42:01.2405247Z   2024-12-09: 2 problems
2026-10-04T11:42:01.6106289Z   2024-12-07: 2 problems
2026-10-04T11:42:01.9631873Z   2024-12-06: 2 problems
2026-10-04T11:42:02.3379593Z   2024-12-05: 2 problems
2026-10-04T11:42:02.7009603Z   2024-12-04: 2 problems
2026-10-04T11:42:03.0766010Z   2024-12-03: 2 problems
2026-10-04T11:42:03.4268750Z   2024-12-02: 2 problems
2026-10-04T11:42:03.7882163Z   2024-11-30: 2 problems
2026-10-04T11:42:04.1489264Z   2024-11-29: 2 problems
2026-10-04T11:42:04.5303941Z   2024-11-28: 2 problems
2026-10-04T11:42:04.9492068Z   2024-11-27: 2 problems
2026-10-04T11:42:05.3307093Z   2024-11-26: 2 problems
2026-10-04T11:42:05.7280461Z   2024-11-25: 2 problems
2026-10-04T11:42:06.1351861Z   2024-11-23: 2 problems
2026-10-04T11:42:06.4770223Z   2024-11-22: 2 problems
2026-10-04T11:42:06.7109070Z   2024-11-21: 2 problems
2026-10-04T11:42:07.0681410Z   2024-11-20: 2 problems
2026-10-04T11:42:07.4307531Z   2024-11-19: 2 problems
2026-10-04T11:42:07.7931267Z   2024-11-18: 2 problems
2026-10-04T11:42:08.1952837Z   2024-11-16: 2 problems
2026-10-04T11:42:08.6616764Z   2024-11-15: 2 problems
2026-10-04T11:42:09.2252608Z   2024-11-14: 2 problems
2026-10-04T11:42:09.6469729Z   2024-11-13: 2 problems
2026-10-04T11:42:10.0324182Z   2024-11-12: 2 problems
2026-10-04T11:42:10.4593793Z   2024-11-11: 2 problems
2026-10-04T11:42:10.8599003Z   2024-11-09: 2 problems
2026-10-04T11:42:11.7698767Z   2024-11-08: 2 problems
2026-10-04T11:42:12.1317163Z   2024-11-07: 2 problems
2026-10-04T11:42:12.5125769Z   2024-11-06: 2 problems
2026-10-04T11:42:12.8850486Z   2024-11-05: 2 problems
2026-10-04T11:42:13.2929410Z   2024-11-04: 2 problems
2026-10-04T11:42:13.6658081Z   2024-11-02: 2 problems
2026-10-04T11:42:14.0581586Z   2024-11-01: 2 problems
2026-10-04T11:42:14.4421920Z   2024-10-31: 2 problems
2026-10-04T11:42:14.8060792Z   2024-10-30: 2 problems
2026-10-04T11:42:15.1646406Z   2024-10-29: 2 problems
2026-10-04T11:42:15.5249045Z   2024-10-28: 2 problems
2026-10-04T11:42:15.9740487Z   2024-10-26: 2 problems
2026-10-04T11:42:16.4142795Z   2024-10-25: 2 problems
2026-10-04T11:42:16.8147468Z   2024-10-24: 2 problems
2026-10-04T11:42:17.1870086Z   2024-10-23: 2 problems
2026-10-04T11:42:17.5655184Z   2024-10-22: 2 problems
2026-10-04T11:42:18.0369671Z   2024-10-21: 2 problems
2026-10-04T11:42:18.4132107Z   2024-10-19: 2 problems
2026-10-04T11:42:18.8162812Z   2024-10-18: 2 problems
2026-10-04T11:42:19.1963932Z   2024-10-17: 2 problems
2026-10-04T11:42:19.5706586Z   2024-10-16: 2 problems
2026-10-04T11:42:19.9423111Z   2024-10-15: 2 problems
2026-10-04T11:42:20.3662652Z   2024-10-14: 2 problems
2026-10-04T11:42:20.7566466Z   2024-10-12: 2 problems
2026-10-04T11:42:21.1329799Z   2024-10-11: 2 problems
2026-10-04T11:42:21.5051117Z   2024-10-10: 2 problems
2026-10-04T11:42:21.9049167Z   2024-10-09: 2 problems
2026-10-04T11:42:22.2653105Z   2024-10-08: 2 problems
2026-10-04T11:42:22.6664308Z   2024-10-07: 2 problems
2026-10-04T11:42:23.0502452Z   2024-10-05: 2 problems
2026-10-04T11:42:23.4181097Z   2024-10-04: 2 problems
2026-10-04T11:42:23.8157751Z   2024-10-03: 2 problems
2026-10-04T11:42:24.1822880Z   2024-10-02: 2 problems
2026-10-04T11:42:24.5656843Z   2024-10-01: 2 problems
2026-10-04T11:42:24.9550877Z   2024-09-30: 2 problems
2026-10-04T11:42:25.3038009Z   2024-09-28: 2 problems
2026-10-04T11:42:25.6912682Z   2024-09-27: 2 problems
2026-10-04T11:42:26.0820017Z   2024-09-26: 2 problems
2026-10-04T11:42:26.4595857Z   2024-09-25: 2 problems
2026-10-04T11:42:26.7164275Z   2024-09-24: 2 problems
2026-10-04T11:42:27.0884070Z   2024-09-23: 2 problems
2026-10-04T11:42:27.5006836Z   2024-09-21: 2 problems
2026-10-04T11:42:27.9332894Z   2024-09-20: 2 problems
2026-10-04T11:42:28.3127732Z   2024-09-19: 2 problems
2026-10-04T11:42:28.6899051Z   2024-09-18: 2 problems
2026-10-04T11:42:29.2420078Z   2024-09-17: 2 problems
2026-10-04T11:42:29.5968016Z   2024-09-16: 2 problems
2026-10-04T11:42:29.9478241Z   2024-09-14: 2 problems
2026-10-04T11:42:30.3126146Z   2024-09-13: 2 problems
2026-10-04T11:42:30.6886387Z   2024-09-12: 2 problems
2026-10-04T11:42:31.0410880Z   2024-09-11: 2 problems
2026-10-04T11:42:31.4029001Z   2024-09-10: 2 problems
2026-10-04T11:42:31.7576947Z   2024-09-09: 2 problems
2026-10-04T11:42:32.1240795Z   2024-09-07: 2 problems
2026-10-04T11:42:32.5137212Z   2024-09-06: 2 problems
2026-10-04T11:42:32.8755618Z   2024-09-05: 2 problems
2026-10-04T11:42:33.2546272Z   2024-09-04: 2 problems
2026-10-04T11:42:33.6458913Z   2024-09-03: 2 problems
2026-10-04T11:42:34.0148771Z   2024-09-02: 2 problems
2026-10-04T11:42:34.3906297Z   2024-08-31: 2 problems
2026-10-04T11:42:34.8100769Z   2024-08-30: 2 problems
2026-10-04T11:42:35.1774306Z   2024-08-29: 2 problems
2026-10-04T11:42:35.5644857Z   2024-08-28: 2 problems
2026-10-04T11:42:35.9486056Z   2024-08-27: 2 problems
2026-10-04T11:42:36.3060123Z   2024-08-26: 2 problems
2026-10-04T11:42:36.6693333Z   2024-08-24: 2 problems
2026-10-04T11:42:37.0440375Z   2024-08-23: 2 problems
2026-10-04T11:42:37.4074325Z   2024-08-22: 2 problems
2026-10-04T11:42:37.7762778Z   2024-08-21: 2 problems
2026-10-04T11:42:38.1539675Z   2024-08-20: 2 problems
2026-10-04T11:42:38.5089759Z   2024-08-19: 2 problems
2026-10-04T11:42:38.8752550Z   2024-08-17: 2 problems
2026-10-04T11:42:39.2782263Z   2024-08-16: 2 problems
2026-10-04T11:42:39.6314658Z   2024-08-15: 2 problems
2026-10-04T11:42:40.0240059Z   2024-08-14: 2 problems
2026-10-04T11:42:40.3882275Z   2024-08-13: 2 problems
2026-10-04T11:42:40.7456528Z   2024-08-12: 2 problems
2026-10-04T11:42:41.1191242Z   2024-08-10: 2 problems
2026-10-04T11:42:41.4702164Z   2024-08-09: 2 problems
2026-10-04T11:42:41.8154226Z   2024-08-08: 2 problems
2026-10-04T11:42:42.1733361Z   2024-08-07: 2 problems
2026-10-04T11:42:42.5725299Z   2024-08-06: 2 problems
2026-10-04T11:42:42.9428254Z   2024-08-05: 2 problems
2026-10-04T11:42:43.2974818Z   2024-08-03: 2 problems
2026-10-04T11:42:43.6718635Z   2024-08-02: 2 problems
2026-10-04T11:42:44.0061283Z   2024-08-01: 2 problems
2026-10-04T11:42:44.3627109Z   2024-07-31: 2 problems
2026-10-04T11:42:44.7094552Z   2024-07-30: 2 problems
2026-10-04T11:42:45.0642348Z   2024-07-29: 2 problems
2026-10-04T11:42:45.4640891Z   2024-07-27: 2 problems
2026-10-04T11:42:45.8176399Z   2024-07-26: 2 problems
2026-10-04T11:42:46.1928661Z   2024-07-25: 2 problems
2026-10-04T11:42:46.5439165Z   2024-07-24: 2 problems
2026-10-04T11:42:47.0183494Z   2024-07-23: 2 problems
2026-10-04T11:42:47.4050969Z   2024-07-22: 2 problems
2026-10-04T11:42:47.8212790Z   2024-07-20: 2 problems
2026-10-04T11:42:48.1819390Z   2024-07-19: 2 problems
2026-10-04T11:42:48.5807614Z   2024-07-18: 2 problems
2026-10-04T11:42:48.9646077Z   2024-07-17: 2 problems
2026-10-04T11:42:49.3492780Z   2024-07-16: 2 problems
2026-10-04T11:42:49.8068725Z   2024-07-15: 2 problems
2026-10-04T11:42:50.1793164Z   2024-07-13: 2 problems
2026-10-04T11:42:50.4059400Z   2024-07-12: 2 problems
2026-10-04T11:42:50.7671564Z   2024-07-11: 2 problems
2026-10-04T11:42:51.1300131Z   2024-07-10: 2 problems
2026-10-04T11:42:51.4909943Z   2024-07-09: 2 problems
2026-10-04T11:42:51.8462848Z   2024-07-08: 2 problems
2026-10-04T11:42:52.2425642Z   2024-07-06: 2 problems
2026-10-04T11:42:52.6373016Z   2024-07-05: 2 problems
2026-10-04T11:42:52.9879317Z   2024-07-04: 2 problems
2026-10-04T11:42:53.3912885Z   2024-07-03: 2 problems
2026-10-04T11:42:53.8148418Z   2024-07-02: 2 problems
2026-10-04T11:42:54.1696142Z   2024-07-01: 2 problems
2026-10-04T11:42:54.5270942Z   2024-06-29: 2 problems
2026-10-04T11:42:54.8866226Z   2024-06-28: 2 problems
2026-10-04T11:42:55.2926301Z   2024-06-27: 2 problems
2026-10-04T11:42:55.6618126Z   2024-06-26: 2 problems
2026-10-04T11:42:56.0507360Z   2024-06-25: 2 problems
2026-10-04T11:42:56.4162901Z   2024-06-24: 2 problems
2026-10-04T11:42:56.7880323Z   2024-06-22: 2 problems
2026-10-04T11:42:57.1681942Z   2024-06-21: 2 problems
2026-10-04T11:42:57.5426040Z   2024-06-20: 2 problems
2026-10-04T11:42:57.9317724Z   2024-06-19: 2 problems
2026-10-04T11:42:58.2978560Z   2024-06-18: 2 problems
2026-10-04T11:42:58.7202744Z   2024-06-17: 2 problems
2026-10-04T11:42:59.1859584Z   2024-06-15: 2 problems
2026-10-04T11:42:59.5777464Z   2024-06-14: 2 problems
2026-10-04T11:42:59.9349334Z   2024-06-13: 2 problems
2026-10-04T11:43:00.2907184Z   2024-06-12: 2 problems
2026-10-04T11:43:00.6465327Z   2024-06-11: 2 problems
2026-10-04T11:43:01.0325365Z   2024-06-10: 2 problems
2026-10-04T11:43:01.4117189Z   2024-06-08: 2 problems
2026-10-04T11:43:01.7773747Z   2024-06-07: 2 problems
2026-10-04T11:43:02.1673237Z   2024-06-06: 2 problems
2026-10-04T11:43:02.6252548Z   2024-06-05: 2 problems
2026-10-04T11:43:03.0092236Z   2024-06-04: 2 problems
2026-10-04T11:43:03.3697351Z   2024-06-03: 2 problems
2026-10-04T11:43:03.7259706Z   2024-06-01: 2 problems
2026-10-04T11:43:04.1045019Z   2024-05-31: 2 problems
2026-10-04T11:43:04.5038975Z   2024-05-30: 2 problems
2026-10-04T11:43:04.8731707Z   2024-05-29: 2 problems
2026-10-04T11:43:05.2615838Z   2024-05-28: 2 problems
2026-10-04T11:43:05.6320890Z   2024-05-27: 2 problems
2026-10-04T11:43:05.9834563Z   2024-05-25: 2 problems
2026-10-04T11:43:06.3545154Z   2024-05-24: 2 problems
2026-10-04T11:43:06.7462709Z   2024-05-23: 2 problems
2026-10-04T11:43:07.1367804Z   2024-05-22: 2 problems
2026-10-04T11:43:07.4763394Z   2024-05-21: 2 problems
2026-10-04T11:43:07.8307920Z   2024-05-20: 2 problems
2026-10-04T11:43:08.2056030Z   2024-05-18: 2 problems
2026-10-04T11:43:08.5775899Z   2024-05-17: 2 problems
2026-10-04T11:43:08.9282757Z   2024-05-16: 2 problems
2026-10-04T11:43:09.2904738Z   2024-05-15: 2 problems
2026-10-04T11:43:09.6486732Z   2024-05-14: 2 problems
2026-10-04T11:43:10.0603554Z   2024-05-13: 2 problems
2026-10-04T11:43:10.4848096Z   2024-05-11: 2 problems
2026-10-04T11:43:10.8917752Z   2024-05-10: 2 problems
2026-10-04T11:43:11.2439258Z   2024-05-09: 2 problems
2026-10-04T11:43:11.6207247Z   2024-05-08: 2 problems
2026-10-04T11:43:11.9867133Z   2024-05-07: 2 problems
2026-10-04T11:43:12.3416384Z   2024-05-06: 2 problems
2026-10-04T11:43:12.6997161Z   2024-05-04: 2 problems
2026-10-04T11:43:13.0678315Z   2024-05-03: 2 problems
2026-10-04T11:43:13.6064176Z   2024-05-02: 2 problems
2026-10-04T11:43:13.9666172Z   2024-05-01: 2 problems
2026-10-04T11:43:14.3484499Z   2024-04-30: 2 problems
2026-10-04T11:43:14.7136451Z   2024-04-29: 2 problems
2026-10-04T11:43:15.0670042Z   2024-04-27: 2 problems
2026-10-04T11:43:15.4099592Z   2024-04-26: 2 problems
2026-10-04T11:43:15.7592398Z   2024-04-25: 2 problems
2026-10-04T11:43:16.1282005Z   2024-04-24: 2 problems
2026-10-04T11:43:16.5023155Z   2024-04-23: 2 problems
2026-10-04T11:43:16.9045254Z   2024-04-22: 2 problems
2026-10-04T11:43:17.2769446Z   2024-04-20: 2 problems
2026-10-04T11:43:17.6664639Z   2024-04-19: 2 problems
2026-10-04T11:43:18.0701137Z   2024-04-18: 2 problems
2026-10-04T11:43:18.4243692Z   2024-04-17: 2 problems
2026-10-04T11:43:18.7929981Z   2024-04-16: 2 problems
2026-10-04T11:43:19.1673053Z   2024-04-15: 2 problems
2026-10-04T11:43:19.5232356Z   2024-04-13: 2 problems
2026-10-04T11:43:19.8705961Z   2024-04-12: 2 problems
2026-10-04T11:43:20.2486899Z   2024-04-11: 2 problems
2026-10-04T11:43:20.6092792Z   2024-04-10: 2 problems
2026-10-04T11:43:20.9589710Z   2024-04-09: 2 problems
2026-10-04T11:43:21.3494196Z   2024-04-08: 2 problems
2026-10-04T11:43:21.7953042Z   2024-04-06: 2 problems
2026-10-04T11:43:22.1772687Z   2024-04-05: 2 problems
2026-10-04T11:43:22.5575286Z   2024-04-04: 2 problems
2026-10-04T11:43:22.9358849Z   2024-04-03: 2 problems
2026-10-04T11:43:23.2895232Z   2024-04-02: 2 problems
2026-10-04T11:43:23.6549702Z   2024-04-01: 2 problems
2026-10-04T11:43:24.0429624Z   2024-03-30: 2 problems
2026-10-04T11:43:24.4042559Z   2024-03-29: 2 problems
2026-10-04T11:43:24.7545082Z   2024-03-28: 2 problems
2026-10-04T11:43:25.1215502Z   2024-03-27: 2 problems
2026-10-04T11:43:25.5139062Z   2024-03-26: 2 problems
2026-10-04T11:43:25.8756465Z   2024-03-25: 2 problems
2026-10-04T11:43:26.2691361Z   2024-03-23: 2 problems
2026-10-04T11:43:26.6460050Z   2024-03-22: 2 problems
2026-10-04T11:43:27.0117319Z   2024-03-21: 2 problems
2026-10-04T11:43:27.4002249Z   2024-03-20: 2 problems
2026-10-04T11:43:27.7594934Z   2024-03-19: 2 problems
2026-10-04T11:43:28.1190293Z   2024-03-18: 2 problems
2026-10-04T11:43:28.4963978Z   2024-03-16: 2 problems
2026-10-04T11:43:28.8565258Z   2024-03-15: 2 problems
2026-10-04T11:43:29.2083983Z   2024-03-14: 2 problems
2026-10-04T11:43:29.5714180Z   2024-03-13: 2 problems
2026-10-04T11:43:29.9422893Z   2024-03-12: 2 problems
2026-10-04T11:43:30.3340135Z   2024-03-11: 2 problems
2026-10-04T11:43:30.7118255Z   2024-03-09: 2 problems
2026-10-04T11:43:31.0967609Z   2024-03-08: 2 problems
2026-10-04T11:43:31.4474783Z   2024-03-07: 2 problems
2026-10-04T11:43:31.8210790Z   2024-03-06: 2 problems
2026-10-04T11:43:32.1698167Z   2024-03-05: 2 problems
2026-10-04T11:43:32.5172302Z   2024-03-04: 2 problems
2026-10-04T11:43:32.8968592Z   2024-03-02: 2 problems
2026-10-04T11:43:33.2928237Z   2024-03-01: 2 problems
2026-10-04T11:43:33.6462487Z   2024-02-29: 2 problems
2026-10-04T11:43:34.0172340Z   2024-02-28: 2 problems
2026-10-04T11:43:34.3630781Z   2024-02-27: 2 problems
2026-10-04T11:43:34.7126879Z   2024-02-26: 2 problems
2026-10-04T11:43:34.7128726Z Building categories...
2026-10-04T11:43:37.8343662Z Wrote /home/runner/work/ys_problem_web/ys_problem_web/data/daily.json (814 days, 21 categories).
2026-10-04T11:43:37.8344780Z Syncing leaderboard (records.js from gh-pages)...
2026-10-04T11:43:38.0011071Z   ✓ 361 players, data through 2026-10-03
2026-10-04T11:43:38.0192233Z ##[group]Run xvfb-run -a node scripts/fetch-statements.mjs --limit 4 --delay 6000
2026-10-04T11:43:38.0192904Z [36;1mxvfb-run -a node scripts/fetch-statements.mjs --limit 4 --delay 6000[0m
2026-10-04T11:43:38.0255169Z shell: /usr/bin/bash -e {0}
2026-10-04T11:43:38.0255436Z env:
2026-10-04T11:43:38.0255656Z   CF_START_MODE: chrome-headful
2026-10-04T11:43:38.0255916Z ##[endgroup]
2026-10-04T11:43:38.2169689Z Statements on disk: 1597; missing in archive: 28; needs limits: 0; fetching: 4
2026-10-04T11:43:48.6513145Z   [1/4] ✓ GYM101047M — M. Removing coins in Kem Kadrãn (1 samples)
2026-10-04T11:43:57.3000943Z   [2/4] ✓ GYM101047D — D. Random walks in Thailand (1 samples)
2026-10-04T11:44:13.7395130Z   [3/4] ✗ GYM106259I — fetch/parse failed
2026-10-04T11:44:22.2103074Z   2 consecutive failures — cooling down 240s…
2026-10-04T11:48:23.4214501Z   [4/4] ✗ GYM105746C — fetch/parse failed
2026-10-04T11:48:23.5150318Z 
2026-10-04T11:48:23.5150868Z Done: 2 saved, 2 failed.
2026-10-04T11:48:23.5153351Z Failed codes (rerun this script to retry):
2026-10-04T11:48:23.5153912Z   GYM106259I, GYM105746C
2026-10-04T11:48:23.6359303Z ##[group]Run OUT=$(xvfb-run -a node scripts/repair-zsmj.mjs --limit 200 --delay 6000)
2026-10-04T11:48:23.6359948Z [36;1mOUT=$(xvfb-run -a node scripts/repair-zsmj.mjs --limit 200 --delay 6000)[0m
2026-10-04T11:48:23.6360374Z [36;1mecho "$OUT"[0m
2026-10-04T11:48:23.6360755Z [36;1mREPAIRED=$(echo "$OUT" | grep -oE 'Done: [0-9]+ repaired' | grep -oE '[0-9]+' || echo 0)[0m
2026-10-04T11:48:23.6361347Z [36;1mREMAINING=$(grep -l '%%ZSMJ' data/statements/*.json 2>/dev/null | wc -l | tr -d ' ')[0m
2026-10-04T11:48:23.6362274Z [36;1mecho "repaired=$REPAIRED" >> "$GITHUB_OUTPUT"[0m
2026-10-04T11:48:23.6362647Z [36;1mecho "remaining=$REMAINING" >> "$GITHUB_OUTPUT"[0m
2026-10-04T11:48:23.6431781Z shell: /usr/bin/bash -e {0}
2026-10-04T11:48:23.6432061Z env:
2026-10-04T11:48:23.6432277Z   CF_START_MODE: chrome-headful
2026-10-04T11:48:23.6432545Z ##[endgroup]
2026-10-04T12:15:54.6487060Z Statements to repair: 200
2026-10-04T12:15:54.6488306Z   [1/200] ✓ GYM105900M — 3 段重译(0 段保留译文)
2026-10-04T12:15:54.6489046Z   [2/200] ✓ GYM105925J — 7 段重译(0 段保留译文)
2026-10-04T12:15:54.6489688Z   [3/200] ✓ GYM105930E — 8 段重译(0 段保留译文)
2026-10-04T12:15:54.6490182Z   [4/200] ✓ GYM105934C — 6 段重译(0 段保留译文)
2026-10-04T12:15:54.6490732Z   [5/200] ✓ GYM105948H — 12 段重译(0 段保留译文)
2026-10-04T12:15:54.6491281Z   [6/200] ✓ GYM105950O — 9 段重译(0 段保留译文)
2026-10-04T12:15:54.6492349Z   [7/200] ✓ GYM105962C — 8 段重译(0 段保留译文)
2026-10-04T12:15:54.6492908Z   [8/200] ✓ GYM105971E — 13 段重译(0 段保留译文)
2026-10-04T12:15:54.6493903Z   [9/200] ✓ GYM105972M — 5 段重译(0 段保留译文)
2026-10-04T12:15:54.6494499Z   [10/200] ✓ GYM105973C — 11 段重译(0 段保留译文)
2026-10-04T12:15:54.6495133Z   [11/200] ✓ GYM105979J — 6 段重译(0 段保留译文)
2026-10-04T12:15:54.6495740Z   [12/200] ✓ GYM106007C — 13 段重译(0 段保留译文)
2026-10-04T12:15:54.6496277Z   [13/200] ✓ GYM106007D — 13 段重译(0 段保留译文)
2026-10-04T12:15:54.6496860Z   [14/200] ✓ GYM106007E — 14 段重译(0 段保留译文)
2026-10-04T12:15:54.6497388Z   [15/200] ✓ GYM106007L — 10 段重译(0 段保留译文)
2026-10-04T12:15:54.6498102Z   [16/200] ✓ GYM106015K — 6 段重译(0 段保留译文)
2026-10-04T12:15:54.6498705Z   [17/200] ✓ GYM106020A — 6 段重译(0 段保留译文)
2026-10-04T12:15:54.6499227Z   [18/200] ✓ GYM106020C — 8 段重译(0 段保留译文)
2026-10-04T12:15:54.6499755Z   [19/200] ✓ GYM106020F — 15 段重译(0 段保留译文)
2026-10-04T12:15:54.6500276Z   [20/200] ✓ GYM106020G — 13 段重译(0 段保留译文)
2026-10-04T12:15:54.6500767Z   [21/200] ✓ GYM106020H — 3 段重译(0 段保留译文)
2026-10-04T12:15:54.6501309Z   [22/200] ✓ GYM106020J — 9 段重译(0 段保留译文)
2026-10-04T12:15:54.6502106Z   [23/200] ✓ GYM106020K — 9 段重译(0 段保留译文)
2026-10-04T12:15:54.6502713Z   [24/200] ✓ GYM106032J — 16 段重译(0 段保留译文)
2026-10-04T12:15:54.6503311Z   [25/200] ✓ GYM106033I — 10 段重译(0 段保留译文)
2026-10-04T12:15:54.6503911Z   [26/200] ✓ GYM106035C — 5 段重译(0 段保留译文)
2026-10-04T12:15:54.6504481Z   [27/200] ✓ GYM106039F — 8 段重译(0 段保留译文)
2026-10-04T12:15:54.6505008Z   [28/200] ✓ GYM106039J — 4 段重译(0 段保留译文)
2026-10-04T12:15:54.6505476Z   [29/200] ✓ GYM106039L — 12 段重译(0 段保留译文)
2026-10-04T12:15:54.6505782Z   [30/200] ✓ GYM106042D — 9 段重译(0 段保留译文)
2026-10-04T12:15:54.6506098Z   [31/200] ✓ GYM106043C — 16 段重译(0 段保留译文)
2026-10-04T12:15:54.6506406Z   [32/200] ✓ GYM106045D — 9 段重译(0 段保留译文)
2026-10-04T12:15:54.6506707Z   [33/200] ✓ GYM106049E — 10 段重译(0 段保留译文)
2026-10-04T12:15:54.6506999Z   [34/200] ✓ GYM106049G — 15 段重译(0 段保留译文)
2026-10-04T12:15:54.6507292Z   [35/200] ✓ GYM106052C — 7 段重译(0 段保留译文)
2026-10-04T12:15:54.6507587Z   [36/200] ✓ GYM106054B — 10 段重译(0 段保留译文)
2026-10-04T12:15:54.6507883Z   [37/200] ✓ GYM106054C — 12 段重译(0 段保留译文)
2026-10-04T12:15:54.6508192Z   [38/200] ✓ GYM106054D — 2 段重译(0 段保留译文)
2026-10-04T12:15:54.6508479Z   [39/200] ✓ GYM106054J — 10 段重译(0 段保留译文)
2026-10-04T12:15:54.6508771Z   [40/200] ✓ GYM106054M — 11 段重译(0 段保留译文)
2026-10-04T12:15:54.6509071Z   [41/200] ✓ GYM106068H — 11 段重译(0 段保留译文)
2026-10-04T12:15:54.6509366Z   [42/200] ✓ GYM106073F — 6 段重译(0 段保留译文)
2026-10-04T12:15:54.6509657Z   [43/200] ✓ GYM106082J — 6 段重译(0 段保留译文)
2026-10-04T12:15:54.6509950Z   [44/200] ✓ GYM106094B — 12 段重译(0 段保留译文)
2026-10-04T12:15:54.6510526Z   [45/200] ✓ GYM106094C — 8 段重译(0 段保留译文)
2026-10-04T12:15:54.6510836Z   [46/200] ✓ GYM106098H — 7 段重译(0 段保留译文)
2026-10-04T12:15:54.6511124Z   [47/200] ✓ GYM106100F — 9 段重译(0 段保留译文)
2026-10-04T12:15:54.6511679Z   [48/200] ✓ GYM106107B — 10 段重译(0 段保留译文)
2026-10-04T12:15:54.6512132Z   [49/200] ✓ GYM106124D — 5 段重译(0 段保留译文)
2026-10-04T12:15:54.6512437Z   [50/200] ✓ GYM106125E — 6 段重译(0 段保留译文)
2026-10-04T12:15:54.6512726Z   [51/200] ✓ GYM106125F — 4 段重译(0 段保留译文)
2026-10-04T12:15:54.6513013Z   [52/200] ✓ GYM106129F — 4 段重译(0 段保留译文)
2026-10-04T12:15:54.6513496Z   [53/200] ✓ GYM106132C — 5 段重译(0 段保留译文)
2026-10-04T12:15:54.6513796Z   [54/200] ✓ GYM106141L — 6 段重译(0 段保留译文)
2026-10-04T12:15:54.6514085Z   [55/200] ✓ GYM106144F — 6 段重译(0 段保留译文)
2026-10-04T12:15:54.6514377Z   [56/200] ✓ GYM106147B — 13 段重译(0 段保留译文)
2026-10-04T12:15:54.6514668Z   [57/200] ✓ GYM106151E — 7 段重译(0 段保留译文)
2026-10-04T12:15:54.6514962Z   [58/200] ✓ GYM106157E — 4 段重译(0 段保留译文)
2026-10-04T12:15:54.6515253Z   [59/200] ✓ GYM106157F — 5 段重译(0 段保留译文)
2026-10-04T12:15:54.6515629Z   [60/200] ✓ GYM106159D — 9 段重译(0 段保留译文)
2026-10-04T12:15:54.6516045Z   [61/200] ✓ GYM106160A — 5 段重译(0 段保留译文)
2026-10-04T12:15:54.6516346Z   [62/200] ✓ GYM106164B — 10 段重译(0 段保留译文)
2026-10-04T12:15:54.6516640Z   [63/200] ✓ GYM106164C — 7 段重译(0 段保留译文)
2026-10-04T12:15:54.6516931Z   [64/200] ✓ GYM106164D — 17 段重译(0 段保留译文)
2026-10-04T12:15:54.6517513Z   [65/200] ✓ GYM106164E — 15 段重译(0 段保留译文)
2026-10-04T12:15:54.6518187Z   [66/200] ✓ GYM106164F — 12 段重译(0 段保留译文)
2026-10-04T12:15:54.6518759Z   [67/200] ✓ GYM106164G — 7 段重译(0 段保留译文)
2026-10-04T12:15:54.6519355Z   [68/200] ✓ GYM106164L — 11 段重译(0 段保留译文)
2026-10-04T12:15:54.6519918Z   [69/200] ✓ GYM106170A — 13 段重译(0 段保留译文)
2026-10-04T12:15:54.6520473Z   [70/200] ✓ GYM106170K — 13 段重译(0 段保留译文)
2026-10-04T12:15:54.6521010Z   [71/200] ✓ GYM106174C — 5 段重译(0 段保留译文)
2026-10-04T12:15:54.6522241Z   [72/200] ✓ GYM106177F — 8 段重译(0 段保留译文)
2026-10-04T12:15:54.6522586Z   [73/200] ✓ GYM106178B — 5 段重译(0 段保留译文)
2026-10-04T12:15:54.6522924Z   [74/200] ✓ GYM106179C — 8 段重译(0 段保留译文)
2026-10-04T12:15:54.6523229Z   [75/200] ✓ GYM106179D — 12 段重译(0 段保留译文)
2026-10-04T12:15:54.6523558Z   [76/200] ✓ GYM106185I — 3 段重译(0 段保留译文)
2026-10-04T12:15:54.6523859Z   [77/200] ✓ GYM106186C — 13 段重译(0 段保留译文)
2026-10-04T12:15:54.6524156Z   [78/200] ✓ GYM106186D — 7 段重译(0 段保留译文)
2026-10-04T12:15:54.6524449Z   [79/200] ✓ GYM106188G — 6 段重译(0 段保留译文)
2026-10-04T12:15:54.6525185Z   [80/200] ✓ GYM106189I — 4 段重译(0 段保留译文)
2026-10-04T12:15:54.6525806Z   [81/200] ✓ GYM106189J — 3 段重译(0 段保留译文)
2026-10-04T12:15:54.6526438Z   [82/200] ✓ GYM106191E — 8 段重译(0 段保留译文)
2026-10-04T12:15:54.6527006Z   [83/200] ✓ GYM106191F — 5 段重译(0 段保留译文)
2026-10-04T12:15:54.6527317Z   [84/200] ✓ GYM106197C — 12 段重译(0 段保留译文)
2026-10-04T12:15:54.6527640Z   [85/200] ✓ GYM106197F — 16 段重译(0 段保留译文)
2026-10-04T12:15:54.6527937Z   [86/200] ✓ GYM106197G — 9 段重译(0 段保留译文)
2026-10-04T12:15:54.6528233Z   [87/200] ✓ GYM106197L — 7 段重译(0 段保留译文)
2026-10-04T12:15:54.6528521Z   [88/200] ✓ GYM106208A — 14 段重译(0 段保留译文)
2026-10-04T12:15:54.6529055Z   [89/200] ✓ GYM106225F — 12 段重译(0 段保留译文)
2026-10-04T12:15:54.6529369Z   [90/200] ✓ GYM106241F — 11 段重译(0 段保留译文)
2026-10-04T12:15:54.6529754Z   [91/200] ✓ GYM106241G — 6 段重译(0 段保留译文)
2026-10-04T12:15:54.6530129Z   [92/200] ✓ GYM106247B — 3 段重译(0 段保留译文)
2026-10-04T12:15:54.6530454Z   [93/200] ✓ GYM106247D — 7 段重译(0 段保留译文)
2026-10-04T12:15:54.6530741Z   [94/200] ✓ GYM106251G — 10 段重译(0 段保留译文)
2026-10-04T12:15:54.6531031Z   [95/200] ✓ GYM106251H — 13 段重译(0 段保留译文)
2026-10-04T12:15:54.6531322Z   [96/200] ✓ GYM106259A — 8 段重译(0 段保留译文)
2026-10-04T12:15:54.6532331Z   [97/200] ✓ GYM106259B — 15 段重译(0 段保留译文)
2026-10-04T12:15:54.6532665Z   [98/200] ✓ GYM106259D — 13 段重译(0 段保留译文)
2026-10-04T12:15:54.6532972Z   [99/200] ✓ GYM106259F — 13 段重译(0 段保留译文)
2026-10-04T12:15:54.6533274Z   [100/200] ✓ GYM106259H — 15 段重译(0 段保留译文)
2026-10-04T12:15:54.6533574Z   [101/200] ✓ GYM106259J — 10 段重译(0 段保留译文)
2026-10-04T12:15:54.6534143Z   [102/200] ✓ GYM106260A — 12 段重译(0 段保留译文)
2026-10-04T12:15:54.6534707Z   [103/200] ✓ GYM106270E — 13 段重译(0 段保留译文)
2026-10-04T12:15:54.6535243Z   [104/200] ✓ GYM106270H — 16 段重译(0 段保留译文)
2026-10-04T12:15:54.6535780Z   [105/200] ✓ GYM106296C — 14 段重译(0 段保留译文)
2026-10-04T12:15:54.6536347Z   [106/200] ✓ GYM106296F — 8 段重译(0 段保留译文)
2026-10-04T12:15:54.6536797Z   [107/200] ✓ GYM106298D — 11 段重译(0 段保留译文)
2026-10-04T12:15:54.6537269Z   [108/200] ✓ GYM106351K — 5 段重译(0 段保留译文)
2026-10-04T12:15:54.6537799Z   [109/200] ✓ GYM106363E — 4 段重译(0 段保留译文)
2026-10-04T12:15:54.6538350Z   [110/200] ✓ GYM106363F — 5 段重译(0 段保留译文)
2026-10-04T12:15:54.6538942Z   [111/200] ✓ GYM106367G — 8 段重译(0 段保留译文)
2026-10-04T12:15:54.6539492Z   [112/200] ✓ GYM106369D — 9 段重译(0 段保留译文)
2026-10-04T12:15:54.6540148Z   [113/200] ✓ GYM106369F — 2 段重译(0 段保留译文)
2026-10-04T12:15:54.6540730Z   [114/200] ✓ GYM106390B — 10 段重译(0 段保留译文)
2026-10-04T12:15:54.6541301Z   [115/200] ✓ GYM106391B — 13 段重译(0 段保留译文)
2026-10-04T12:15:54.6542138Z   [116/200] ✓ GYM106394D — 14 段重译(0 段保留译文)
2026-10-04T12:15:54.6542681Z   [117/200] ✓ GYM106404H — 11 段重译(0 段保留译文)
2026-10-04T12:15:54.6543288Z   [118/200] ✓ GYM106404J — 17 段重译(0 段保留译文)
2026-10-04T12:15:54.6543861Z   [119/200] ✓ GYM106407A — 5 段重译(0 段保留译文)
2026-10-04T12:15:54.6544436Z   [120/200] ✓ GYM106407B — 11 段重译(0 段保留译文)
2026-10-04T12:15:54.6544998Z   [121/200] ✓ GYM106409D — 6 段重译(0 段保留译文)
2026-10-04T12:15:54.6545560Z   [122/200] ✓ GYM106409E — 4 段重译(0 段保留译文)
2026-10-04T12:15:54.6546118Z   [123/200] ✓ GYM106414A — 4 段重译(0 段保留译文)
2026-10-04T12:15:54.6546615Z   [124/200] ✓ GYM106414B — 9 段重译(0 段保留译文)
2026-10-04T12:15:54.6546950Z   [125/200] ✓ GYM106414D — 23 段重译(0 段保留译文)
2026-10-04T12:15:54.6547247Z   [126/200] ✓ GYM106414F — 9 段重译(0 段保留译文)
2026-10-04T12:15:54.6547551Z   [127/200] ✓ GYM106414G — 12 段重译(0 段保留译文)
2026-10-04T12:15:54.6547846Z   [128/200] ✓ GYM106414J — 10 段重译(0 段保留译文)
2026-10-04T12:15:54.6548145Z   [129/200] ✓ GYM106414K — 6 段重译(0 段保留译文)
2026-10-04T12:15:54.6548435Z   [130/200] ✓ GYM106414L — 17 段重译(0 段保留译文)
2026-10-04T12:15:54.6548735Z   [131/200] ✓ GYM106415F — 15 段重译(0 段保留译文)
2026-10-04T12:15:54.6549210Z   [132/200] ✓ GYM106421G — 6 段重译(0 段保留译文)
2026-10-04T12:15:54.6549532Z   [133/200] ✓ GYM106430B — 14 段重译(0 段保留译文)
2026-10-04T12:15:54.6549834Z   [134/200] ✓ GYM106430H — 5 段重译(0 段保留译文)
2026-10-04T12:15:54.6550130Z   [135/200] ✓ GYM106433B — 9 段重译(0 段保留译文)
2026-10-04T12:15:54.6550422Z   [136/200] ✓ GYM106433D — 11 段重译(0 段保留译文)
2026-10-04T12:15:54.6550718Z   [137/200] ✓ GYM106439B — 11 段重译(0 段保留译文)
2026-10-04T12:15:54.6551011Z   [138/200] ✓ GYM106439F — 14 段重译(0 段保留译文)
2026-10-04T12:15:54.6551307Z   [139/200] ✓ GYM106439M — 9 段重译(0 段保留译文)
2026-10-04T12:15:54.6552100Z   [140/200] ✓ GYM106439N — 8 段重译(0 段保留译文)
2026-10-04T12:15:54.6552404Z   [141/200] ✓ GYM106439O — 9 段重译(0 段保留译文)
2026-10-04T12:15:54.6552694Z   [142/200] ✓ GYM106443D — 4 段重译(0 段保留译文)
2026-10-04T12:15:54.6552989Z   [143/200] ✓ GYM106443F — 7 段重译(0 段保留译文)
2026-10-04T12:15:54.6553282Z   [144/200] ✓ GYM106443G — 3 段重译(0 段保留译文)
2026-10-04T12:15:54.6553582Z   [145/200] ✓ GYM106443H — 6 段重译(0 段保留译文)
2026-10-04T12:15:54.6553898Z   [146/200] ✓ GYM106443I — 6 段重译(0 段保留译文)
2026-10-04T12:15:54.6554193Z   [147/200] ✓ GYM106443M — 7 段重译(0 段保留译文)
2026-10-04T12:15:54.6554493Z   [148/200] ✓ GYM106457D — 10 段重译(0 段保留译文)
2026-10-04T12:15:54.6554790Z   [149/200] ✓ GYM106457F — 13 段重译(0 段保留译文)
2026-10-04T12:15:54.6555083Z   [150/200] ✓ GYM106457J — 7 段重译(0 段保留译文)
2026-10-04T12:15:54.6555374Z   [151/200] ✓ GYM106457K — 13 段重译(0 段保留译文)
2026-10-04T12:15:54.6555671Z   [152/200] ✓ GYM106463A — 24 段重译(0 段保留译文)
2026-10-04T12:15:54.6556005Z   [153/200] ✓ GYM106463B — 25 段重译(0 段保留译文)
2026-10-04T12:15:54.6556314Z   [154/200] ✓ GYM106494B — 9 段重译(0 段保留译文)
2026-10-04T12:15:54.6556606Z   [155/200] ✓ GYM106494C — 7 段重译(0 段保留译文)
2026-10-04T12:15:54.6556907Z   [156/200] ✓ GYM106494D — 8 段重译(0 段保留译文)
2026-10-04T12:15:54.6557198Z   [157/200] ✓ GYM106494F — 13 段重译(0 段保留译文)
2026-10-04T12:15:54.6557493Z   [158/200] ✓ GYM106495E — 5 段重译(0 段保留译文)
2026-10-04T12:15:54.6557782Z   [159/200] ✓ GYM106495H — 9 段重译(0 段保留译文)
2026-10-04T12:15:54.6558078Z   [160/200] ✓ GYM106495J — 5 段重译(0 段保留译文)
2026-10-04T12:15:54.6558385Z   [161/200] ✓ GYM106495K — 11 段重译(0 段保留译文)
2026-10-04T12:15:54.6558679Z   [162/200] ✓ GYM106500B — 2 段重译(0 段保留译文)
2026-10-04T12:15:54.6558974Z   [163/200] ✓ GYM106500F — 3 段重译(0 段保留译文)
2026-10-04T12:15:54.6559274Z   [164/200] ✓ GYM106500J — 3 段重译(0 段保留译文)
2026-10-04T12:15:54.6559561Z   [165/200] ✓ GYM106501H — 8 段重译(0 段保留译文)
2026-10-04T12:15:54.6559850Z   [166/200] ✓ GYM106501K — 13 段重译(0 段保留译文)
2026-10-04T12:15:54.6560149Z   [167/200] ✓ GYM106507B — 12 段重译(0 段保留译文)
2026-10-04T12:15:54.6560466Z   [168/200] ✓ GYM106507D — 13 段重译(0 段保留译文)
2026-10-04T12:15:54.6560762Z   [169/200] ✓ GYM106507H — 19 段重译(0 段保留译文)
2026-10-04T12:15:54.6561057Z   [170/200] ✓ GYM106507K — 19 段重译(0 段保留译文)
2026-10-04T12:15:54.6561565Z   [171/200] ✓ GYM106511D — 5 段重译(0 段保留译文)
2026-10-04T12:15:54.6561888Z   [172/200] ✓ GYM106511F — 9 段重译(0 段保留译文)
2026-10-04T12:15:54.6562180Z   [173/200] ✓ GYM106511G — 11 段重译(0 段保留译文)
2026-10-04T12:15:54.6562478Z   [174/200] ✓ GYM106511I — 13 段重译(0 段保留译文)
2026-10-04T12:15:54.6562909Z   [175/200] ✓ GYM106511J — 10 段重译(0 段保留译文)
2026-10-04T12:15:54.6563220Z   [176/200] ✓ GYM106511K — 10 段重译(0 段保留译文)
2026-10-04T12:15:54.6563531Z   [177/200] ✓ GYM106523H — 19 段重译(0 段保留译文)
2026-10-04T12:15:54.6563837Z   [178/200] ✓ GYM106523M — 9 段重译(0 段保留译文)
2026-10-04T12:15:54.6564138Z   [179/200] ✓ GYM106527C — 8 段重译(0 段保留译文)
2026-10-04T12:15:54.6564435Z   [180/200] ✓ GYM106527D — 6 段重译(0 段保留译文)
2026-10-04T12:15:54.6564734Z   [181/200] ✓ GYM106531D — 17 段重译(0 段保留译文)
2026-10-04T12:15:54.6565031Z   [182/200] ✓ GYM106531E — 14 段重译(0 段保留译文)
2026-10-04T12:15:54.6565463Z   [183/200] ✓ GYM106531H — 9 段重译(0 段保留译文)
2026-10-04T12:15:54.6565756Z   [184/200] ✓ GYM106539D — 22 段重译(0 段保留译文)
2026-10-04T12:15:54.6566056Z   [185/200] ✓ GYM106540A — 5 段重译(0 段保留译文)
2026-10-04T12:15:54.6566347Z   [186/200] ✓ GYM106552I — 9 段重译(0 段保留译文)
2026-10-04T12:15:54.6566641Z   [187/200] ✓ GYM106575B — 12 段重译(0 段保留译文)
2026-10-04T12:15:54.6566938Z   [188/200] ✓ GYM106575N — 11 段重译(0 段保留译文)
2026-10-04T12:15:54.6567257Z   [189/200] ✓ GYM106592C — 10 段重译(0 段保留译文)
2026-10-04T12:15:54.6567551Z   [190/200] ✓ GYM106592E — 5 段重译(0 段保留译文)
2026-10-04T12:15:54.6567844Z   [191/200] ✓ GYM106601K — 10 段重译(0 段保留译文)
2026-10-04T12:15:54.6568138Z   [192/200] ✓ GYM106601L — 6 段重译(0 段保留译文)
2026-10-04T12:15:54.6568521Z   [193/200] ✓ GYM106607A — 9 段重译(0 段保留译文)
2026-10-04T12:15:54.6568816Z   [194/200] ✓ GYM106607B — 11 段重译(0 段保留译文)
2026-10-04T12:15:54.6569117Z   [195/200] ✓ GYM106607E — 12 段重译(0 段保留译文)
2026-10-04T12:15:54.6569407Z   [196/200] ✓ GYM106607F — 9 段重译(0 段保留译文)
2026-10-04T12:15:54.6569718Z   [197/200] ✓ GYM106607G — 10 段重译(0 段保留译文)
2026-10-04T12:15:54.6570014Z   [198/200] ✓ GYM106607K — 11 段重译(0 段保留译文)
2026-10-04T12:15:54.6570314Z   [199/200] ✓ GYM106608H — 10 段重译(0 段保留译文)
2026-10-04T12:15:54.6570609Z   [200/200] ✓ GYM106619B — 12 段重译(0 段保留译文)
2026-10-04T12:15:54.6570777Z 
2026-10-04T12:15:54.6570961Z Done: 200 repaired, 0 failed; translations: 1904 cleared, 0 kept.
2026-10-04T12:15:54.6719360Z ##[group]Run CF_STATEMENTS=0 TRANSLATE=0 node scripts/update-data.mjs
2026-10-04T12:15:54.6719884Z [36;1mCF_STATEMENTS=0 TRANSLATE=0 node scripts/update-data.mjs[0m
2026-10-04T12:15:54.6781714Z shell: /usr/bin/bash -e {0}
2026-10-04T12:15:54.6781987Z ##[endgroup]
2026-10-04T12:15:54.8055365Z Discovering daily problem folders...
2026-10-04T12:15:55.6125612Z Found 814 days, syncing the most recent 814.
2026-10-04T12:15:56.2248785Z   2026-10-05: 2 problems
2026-10-04T12:15:56.4955374Z   2026-10-03: 2 problems
2026-10-04T12:15:56.7495421Z   2026-10-02: 2 problems
2026-10-04T12:15:57.0231656Z   2026-10-01: 2 problems
2026-10-04T12:15:57.3016138Z   2026-09-30: 2 problems
2026-10-04T12:15:57.5803014Z   2026-09-29: 2 problems
2026-10-04T12:15:57.8418780Z   2026-09-28: 2 problems
2026-10-04T12:15:58.1072959Z   2026-09-26: 2 problems
2026-10-04T12:15:58.3546397Z   2026-09-25: 2 problems
2026-10-04T12:15:58.7867144Z   2026-09-24: 2 problems
2026-10-04T12:15:59.2021883Z   2026-09-23: 2 problems
2026-10-04T12:15:59.5578845Z   2026-09-22: 2 problems
2026-10-04T12:15:59.8966948Z   2026-09-21: 2 problems
2026-10-04T12:16:00.1575698Z   2026-09-19: 2 problems
2026-10-04T12:16:00.4129400Z   2026-09-18: 2 problems
2026-10-04T12:16:00.6773793Z   2026-09-17: 2 problems
2026-10-04T12:16:00.9477564Z   2026-09-16: 2 problems
2026-10-04T12:16:01.2255211Z   2026-09-15: 2 problems
2026-10-04T12:16:01.4022716Z   2026-09-14: 2 problems
2026-10-04T12:16:01.6872584Z   2026-09-12: 2 problems
2026-10-04T12:16:01.9550197Z   2026-09-11: 2 problems
2026-10-04T12:16:02.2258238Z   2026-09-10: 2 problems
2026-10-04T12:16:02.5017851Z   2026-09-09: 2 problems
2026-10-04T12:16:02.7834263Z   2026-09-08: 2 problems
2026-10-04T12:16:03.0637714Z   2026-09-07: 2 problems
2026-10-04T12:16:03.4129672Z   2026-09-05: 2 problems
2026-10-04T12:16:03.6653371Z   2026-09-04: 2 problems
2026-10-04T12:16:03.9322888Z   2026-09-03: 2 problems
2026-10-04T12:16:04.2131251Z   2026-09-02: 2 problems
2026-10-04T12:16:04.5685358Z   2026-09-01: 2 problems
2026-10-04T12:16:04.8549164Z   2026-08-31: 2 problems
2026-10-04T12:16:05.1128006Z   2026-08-29: 2 problems
2026-10-04T12:16:05.3832703Z   2026-08-28: 2 problems
2026-10-04T12:16:05.7315467Z   2026-08-27: 2 problems
2026-10-04T12:16:05.9946158Z   2026-08-26: 2 problems
2026-10-04T12:16:06.2553974Z   2026-08-25: 2 problems
2026-10-04T12:16:06.5108812Z   2026-08-24: 2 problems
2026-10-04T12:16:06.7876471Z   2026-08-22: 2 problems
2026-10-04T12:16:07.0912778Z   2026-08-21: 2 problems
2026-10-04T12:16:07.3607205Z   2026-08-20: 2 problems
2026-10-04T12:16:07.6530686Z   2026-08-19: 2 problems
2026-10-04T12:16:07.9307525Z   2026-08-18: 2 problems
2026-10-04T12:16:08.2057026Z   2026-08-17: 2 problems
2026-10-04T12:16:08.4629061Z   2026-08-15: 2 problems
2026-10-04T12:16:08.7151932Z   2026-08-14: 2 problems
2026-10-04T12:16:09.0199196Z   2026-08-13: 2 problems
2026-10-04T12:16:09.3088279Z   2026-08-12: 2 problems
2026-10-04T12:16:09.5806869Z   2026-08-11: 2 problems
2026-10-04T12:16:09.8375975Z   2026-08-10: 2 problems
2026-10-04T12:16:10.1083842Z   2026-08-08: 2 problems
2026-10-04T12:16:10.3939887Z   2026-08-07: 2 problems
2026-10-04T12:16:10.6680183Z   2026-08-06: 2 problems
2026-10-04T12:16:10.9500816Z   2026-08-05: 2 problems
2026-10-04T12:16:11.2091213Z   2026-08-04: 2 problems
2026-10-04T12:16:11.4670909Z   2026-08-03: 2 problems
2026-10-04T12:16:11.7481453Z   2026-08-01: 2 problems
2026-10-04T12:16:11.9172711Z   2026-07-31: 2 problems
2026-10-04T12:16:12.2394551Z   2026-07-30: 2 problems
2026-10-04T12:16:12.4980486Z   2026-07-29: 2 problems
2026-10-04T12:16:12.7554896Z   2026-07-28: 2 problems
2026-10-04T12:16:13.0222678Z   2026-07-27: 2 problems
2026-10-04T12:16:13.2804131Z   2026-07-25: 2 problems
2026-10-04T12:16:13.5383025Z   2026-07-24: 2 problems
2026-10-04T12:16:13.8050014Z   2026-07-23: 2 problems
2026-10-04T12:16:14.0917880Z   2026-07-22: 2 problems
2026-10-04T12:16:14.3682558Z   2026-07-21: 2 problems
2026-10-04T12:16:14.6440273Z   2026-07-16: 2 problems
2026-10-04T12:16:14.9259674Z   2026-07-15: 2 problems
2026-10-04T12:16:15.1875531Z   2026-07-14: 2 problems
2026-10-04T12:16:15.4549003Z   2026-07-13: 2 problems
2026-10-04T12:16:15.7292302Z   2026-07-11: 2 problems
2026-10-04T12:16:15.9831275Z   2026-07-10: 2 problems
2026-10-04T12:16:16.2587970Z   2026-07-09: 2 problems
2026-10-04T12:16:16.5267628Z   2026-07-08: 2 problems
2026-10-04T12:16:16.8197841Z   2026-07-07: 2 problems
2026-10-04T12:16:17.1136033Z   2026-07-06: 2 problems
2026-10-04T12:16:17.4058940Z   2026-07-04: 2 problems
2026-10-04T12:16:17.6742760Z   2026-07-03: 2 problems
2026-10-04T12:16:17.9384447Z   2026-07-02: 2 problems
2026-10-04T12:16:18.1997971Z   2026-07-01: 2 problems
2026-10-04T12:16:18.4625768Z   2026-06-30: 2 problems
2026-10-04T12:16:18.7275401Z   2026-06-29: 2 problems
2026-10-04T12:16:18.9855212Z   2026-06-27: 2 problems
2026-10-04T12:16:19.2520433Z   2026-06-26: 2 problems
2026-10-04T12:16:19.5288185Z   2026-06-25: 2 problems
2026-10-04T12:16:19.7984190Z   2026-06-24: 2 problems
2026-10-04T12:16:20.0737791Z   2026-06-23: 2 problems
2026-10-04T12:16:20.3489902Z   2026-06-22: 2 problems
2026-10-04T12:16:20.5450390Z   2026-06-20: 1 problems
2026-10-04T12:16:20.8124402Z   2026-06-19: 2 problems
2026-10-04T12:16:21.0871786Z   2026-06-18: 2 problems
2026-10-04T12:16:21.3513788Z   2026-06-17: 2 problems
2026-10-04T12:16:21.6324920Z   2026-06-16: 2 problems
2026-10-04T12:16:21.9205257Z   2026-06-15: 2 problems
2026-10-04T12:16:22.1801339Z   2026-06-13: 2 problems
2026-10-04T12:16:22.4364106Z   2026-06-12: 2 problems
2026-10-04T12:16:22.7234427Z   2026-06-11: 2 problems
2026-10-04T12:16:23.0046249Z   2026-06-10: 2 problems
2026-10-04T12:16:23.2628027Z   2026-06-09: 2 problems
2026-10-04T12:16:23.5353756Z   2026-06-08: 2 problems
2026-10-04T12:16:23.8377598Z   2026-06-06: 2 problems
2026-10-04T12:16:24.1058875Z   2026-06-05: 2 problems
2026-10-04T12:16:24.3867218Z   2026-06-04: 2 problems
2026-10-04T12:16:24.4854216Z   2026-06-03: 2 problems
2026-10-04T12:16:24.7755426Z   2026-06-02: 2 problems
2026-10-04T12:16:25.0326182Z   2026-06-01: 2 problems
2026-10-04T12:16:25.3036669Z   2026-05-30: 2 problems
2026-10-04T12:16:25.5957745Z   2026-05-29: 2 problems
2026-10-04T12:16:25.8613862Z   2026-05-28: 2 problems
2026-10-04T12:16:26.1399173Z   2026-05-27: 2 problems
2026-10-04T12:16:26.3116982Z   2026-05-26: 2 problems
2026-10-04T12:16:26.5845175Z   2026-05-25: 2 problems
2026-10-04T12:16:26.8874678Z   2026-05-23: 2 problems
2026-10-04T12:16:27.1477437Z   2026-05-22: 2 problems
2026-10-04T12:16:27.4022313Z   2026-05-21: 2 problems
2026-10-04T12:16:27.6845739Z   2026-05-20: 2 problems
2026-10-04T12:16:27.9422878Z   2026-05-19: 2 problems
2026-10-04T12:16:28.2084774Z   2026-05-18: 2 problems
2026-10-04T12:16:28.4687972Z   2026-05-16: 2 problems
2026-10-04T12:16:28.7408669Z   2026-05-15: 2 problems
2026-10-04T12:16:29.0094367Z   2026-05-14: 2 problems
2026-10-04T12:16:29.2832091Z   2026-05-13: 2 problems
2026-10-04T12:16:29.5884256Z   2026-05-12: 2 problems
2026-10-04T12:16:29.8949959Z   2026-05-11: 2 problems
2026-10-04T12:16:30.1461945Z   2026-05-09: 2 problems
2026-10-04T12:16:30.4309155Z   2026-05-08: 2 problems
2026-10-04T12:16:30.7047070Z   2026-05-07: 2 problems
2026-10-04T12:16:30.9809533Z   2026-05-06: 2 problems
2026-10-04T12:16:31.2668264Z   2026-05-05: 2 problems
2026-10-04T12:16:31.5659306Z   2026-05-04: 2 problems
2026-10-04T12:16:31.8293881Z   2026-05-02: 2 problems
2026-10-04T12:16:32.1062923Z   2026-05-01: 2 problems
2026-10-04T12:16:32.3702369Z   2026-04-30: 2 problems
2026-10-04T12:16:32.6387449Z   2026-04-29: 2 problems
2026-10-04T12:16:32.9161837Z   2026-04-28: 2 problems
2026-10-04T12:16:33.1730390Z   2026-04-27: 2 problems
2026-10-04T12:16:33.4453431Z   2026-04-25: 2 problems
2026-10-04T12:16:33.7084683Z   2026-04-24: 2 problems
2026-10-04T12:16:33.9700411Z   2026-04-23: 2 problems
2026-10-04T12:16:34.2523192Z   2026-04-22: 2 problems
2026-10-04T12:16:34.5089826Z   2026-04-21: 2 problems
2026-10-04T12:16:34.7652654Z   2026-04-20: 2 problems
2026-10-04T12:16:35.0199892Z   2026-04-18: 2 problems
2026-10-04T12:16:35.3037025Z   2026-04-17: 2 problems
2026-10-04T12:16:35.5590571Z   2026-04-16: 2 problems
2026-10-04T12:16:35.8284099Z   2026-04-15: 2 problems
2026-10-04T12:16:36.0813754Z   2026-04-14: 2 problems
2026-10-04T12:16:36.3439153Z   2026-04-13: 2 problems
2026-10-04T12:16:36.6227232Z   2026-04-11: 2 problems
2026-10-04T12:16:36.8909492Z   2026-04-10: 2 problems
2026-10-04T12:16:37.1429200Z   2026-04-09: 2 problems
2026-10-04T12:16:37.3185092Z   2026-04-08: 2 problems
2026-10-04T12:16:37.6686995Z   2026-04-07: 2 problems
2026-10-04T12:16:37.9315387Z   2026-04-06: 2 problems
2026-10-04T12:16:38.2072770Z   2026-04-04: 2 problems
2026-10-04T12:16:38.4819745Z   2026-04-03: 2 problems
2026-10-04T12:16:38.7623798Z   2026-04-02: 2 problems
2026-10-04T12:16:39.0208028Z   2026-04-01: 2 problems
2026-10-04T12:16:39.3170737Z   2026-03-31: 2 problems
2026-10-04T12:16:39.5744452Z   2026-03-30: 2 problems
2026-10-04T12:16:39.8313869Z   2026-03-28: 2 problems
2026-10-04T12:16:40.1113951Z   2026-03-27: 2 problems
2026-10-04T12:16:40.3679222Z   2026-03-26: 2 problems
2026-10-04T12:16:40.6565827Z   2026-03-25: 2 problems
2026-10-04T12:16:40.9177440Z   2026-03-24: 2 problems
2026-10-04T12:16:41.1965446Z   2026-03-23: 2 problems
2026-10-04T12:16:41.4628743Z   2026-03-21: 2 problems
2026-10-04T12:16:41.7179432Z   2026-03-20: 2 problems
2026-10-04T12:16:41.9918752Z   2026-03-19: 2 problems
2026-10-04T12:16:42.2589082Z   2026-03-18: 2 problems
2026-10-04T12:16:42.5403799Z   2026-03-17: 2 problems
2026-10-04T12:16:42.8223494Z   2026-03-16: 2 problems
2026-10-04T12:16:43.0779240Z   2026-03-14: 2 problems
2026-10-04T12:16:43.3714539Z   2026-03-13: 2 problems
2026-10-04T12:16:43.6340350Z   2026-03-12: 2 problems
2026-10-04T12:16:43.8905109Z   2026-03-11: 2 problems
2026-10-04T12:16:44.1718330Z   2026-03-10: 2 problems
2026-10-04T12:16:44.4742618Z   2026-03-09: 2 problems
2026-10-04T12:16:44.7403935Z   2026-03-07: 2 problems
2026-10-04T12:16:45.0762980Z   2026-03-06: 2 problems
2026-10-04T12:16:45.3315934Z   2026-03-05: 2 problems
2026-10-04T12:16:45.6276361Z   2026-03-04: 2 problems
2026-10-04T12:16:45.9126688Z   2026-03-03: 2 problems
2026-10-04T12:16:46.1907556Z   2026-03-02: 2 problems
2026-10-04T12:16:46.4505990Z   2026-02-28: 2 problems
2026-10-04T12:16:46.7269044Z   2026-02-27: 2 problems
2026-10-04T12:16:47.0022567Z   2026-02-26: 2 problems
2026-10-04T12:16:47.2657997Z   2026-02-25: 2 problems
2026-10-04T12:16:47.5204127Z   2026-02-24: 2 problems
2026-10-04T12:16:47.7744119Z   2026-02-23: 2 problems
2026-10-04T12:16:48.0456480Z   2026-02-21: 2 problems
2026-10-04T12:16:48.3062935Z   2026-02-20: 2 problems
2026-10-04T12:16:48.5718577Z   2026-02-19: 2 problems
2026-10-04T12:16:48.8454560Z   2026-02-18: 2 problems
2026-10-04T12:16:49.1053507Z   2026-02-17: 2 problems
2026-10-04T12:16:49.3813261Z   2026-02-16: 2 problems
2026-10-04T12:16:49.6683334Z   2026-02-14: 2 problems
2026-10-04T12:16:49.9515232Z   2026-02-13: 2 problems
2026-10-04T12:16:50.2140516Z   2026-02-12: 2 problems
2026-10-04T12:16:50.4927173Z   2026-02-11: 2 problems
2026-10-04T12:16:50.7637957Z   2026-02-10: 2 problems
2026-10-04T12:16:51.0263619Z   2026-02-09: 2 problems
2026-10-04T12:16:51.2865953Z   2026-02-07: 2 problems
2026-10-04T12:16:51.5360818Z   2026-02-06: 2 problems
2026-10-04T12:16:51.8524830Z   2026-02-05: 2 problems
2026-10-04T12:16:52.1213504Z   2026-02-04: 2 problems
2026-10-04T12:16:52.3850691Z   2026-02-03: 2 problems
2026-10-04T12:16:52.6455466Z   2026-02-02: 2 problems
2026-10-04T12:16:52.9355371Z   2026-01-31: 2 problems
2026-10-04T12:16:53.2120284Z   2026-01-30: 2 problems
2026-10-04T12:16:53.4950437Z   2026-01-29: 2 problems
2026-10-04T12:16:53.7582732Z   2026-01-28: 2 problems
2026-10-04T12:16:54.0178017Z   2026-01-27: 2 problems
2026-10-04T12:16:54.2866558Z   2026-01-26: 2 problems
2026-10-04T12:16:54.5684380Z   2026-01-24: 2 problems
2026-10-04T12:16:54.8331997Z   2026-01-23: 2 problems
2026-10-04T12:16:55.0038083Z   2026-01-22: 2 problems
2026-10-04T12:16:55.2801716Z   2026-01-21: 2 problems
2026-10-04T12:16:55.5358253Z   2026-01-20: 2 problems
2026-10-04T12:16:55.7970644Z   2026-01-19: 2 problems
2026-10-04T12:16:56.0662728Z   2026-01-17: 2 problems
2026-10-04T12:16:56.3377901Z   2026-01-16: 2 problems
2026-10-04T12:16:56.6185687Z   2026-01-15: 2 problems
2026-10-04T12:16:56.8757242Z   2026-01-14: 2 problems
2026-10-04T12:16:57.1505970Z   2026-01-13: 2 problems
2026-10-04T12:16:57.4488215Z   2026-01-12: 2 problems
2026-10-04T12:16:57.7521476Z   2026-01-10: 2 problems
2026-10-04T12:16:58.0568716Z   2026-01-09: 2 problems
2026-10-04T12:16:58.3427740Z   2026-01-08: 2 problems
2026-10-04T12:16:58.6276376Z   2026-01-07: 2 problems
2026-10-04T12:16:58.9128425Z   2026-01-06: 2 problems
2026-10-04T12:16:59.1830869Z   2026-01-05: 2 problems
2026-10-04T12:16:59.4376809Z   2026-01-03: 2 problems
2026-10-04T12:16:59.6971752Z   2026-01-02: 2 problems
2026-10-04T12:16:59.9927680Z   2026-01-01: 2 problems
2026-10-04T12:17:00.2608322Z   2025-12-31: 2 problems
2026-10-04T12:17:00.5392686Z   2025-12-30: 2 problems
2026-10-04T12:17:00.8066703Z   2025-12-29: 2 problems
2026-10-04T12:17:01.1007233Z   2025-12-27: 2 problems
2026-10-04T12:17:01.3795645Z   2025-12-26: 2 problems
2026-10-04T12:17:01.6545942Z   2025-12-25: 2 problems
2026-10-04T12:17:01.9701743Z   2025-12-24: 2 problems
2026-10-04T12:17:02.2747376Z   2025-12-23: 2 problems
2026-10-04T12:17:02.5516947Z   2025-12-22: 2 problems
2026-10-04T12:17:02.8324880Z   2025-12-20: 2 problems
2026-10-04T12:17:03.0902897Z   2025-12-19: 2 problems
2026-10-04T12:17:03.3546639Z   2025-12-18: 2 problems
2026-10-04T12:17:03.6389227Z   2025-12-17: 2 problems
2026-10-04T12:17:03.9254590Z   2025-12-16: 2 problems
2026-10-04T12:17:04.2349913Z   2025-12-15: 2 problems
2026-10-04T12:17:04.5150710Z   2025-12-13: 2 problems
2026-10-04T12:17:04.7984319Z   2025-12-12: 2 problems
2026-10-04T12:17:05.0566864Z   2025-12-11: 2 problems
2026-10-04T12:17:05.3211520Z   2025-12-10: 2 problems
2026-10-04T12:17:05.6054538Z   2025-12-09: 2 problems
2026-10-04T12:17:05.7792196Z   2025-12-08: 2 problems
2026-10-04T12:17:06.0785700Z   2025-12-06: 2 problems
2026-10-04T12:17:06.3332577Z   2025-12-05: 2 problems
2026-10-04T12:17:06.5984365Z   2025-12-04: 2 problems
2026-10-04T12:17:06.8579344Z   2025-12-03: 2 problems
2026-10-04T12:17:07.1336340Z   2025-12-02: 2 problems
2026-10-04T12:17:07.4330470Z   2025-12-01: 2 problems
2026-10-04T12:17:07.6857497Z   2025-11-29: 2 problems
2026-10-04T12:17:07.9440713Z   2025-11-28: 2 problems
2026-10-04T12:17:08.2069624Z   2025-11-27: 2 problems
2026-10-04T12:17:08.4854735Z   2025-11-26: 2 problems
2026-10-04T12:17:08.7799905Z   2025-11-25: 2 problems
2026-10-04T12:17:09.0519811Z   2025-11-24: 2 problems
2026-10-04T12:17:09.3369509Z   2025-11-22: 2 problems
2026-10-04T12:17:09.5972065Z   2025-11-21: 2 problems
2026-10-04T12:17:09.8802965Z   2025-11-20: 2 problems
2026-10-04T12:17:10.1406198Z   2025-11-19: 2 problems
2026-10-04T12:17:10.4196540Z   2025-11-18: 2 problems
2026-10-04T12:17:10.6741165Z   2025-11-17: 2 problems
2026-10-04T12:17:10.9570186Z   2025-11-15: 2 problems
2026-10-04T12:17:11.2141833Z   2025-11-14: 2 problems
2026-10-04T12:17:11.4886561Z   2025-11-13: 2 problems
2026-10-04T12:17:11.7659853Z   2025-11-12: 2 problems
2026-10-04T12:17:12.0190982Z   2025-11-11: 2 problems
2026-10-04T12:17:12.2948809Z   2025-11-10: 2 problems
2026-10-04T12:17:12.5799075Z   2025-11-08: 2 problems
2026-10-04T12:17:12.8782812Z   2025-11-07: 2 problems
2026-10-04T12:17:13.1384467Z   2025-11-06: 2 problems
2026-10-04T12:17:13.3968521Z   2025-11-05: 2 problems
2026-10-04T12:17:13.6604541Z   2025-11-04: 2 problems
2026-10-04T12:17:13.9296630Z   2025-11-03: 2 problems
2026-10-04T12:17:14.1840767Z   2025-11-01: 2 problems
2026-10-04T12:17:14.3594392Z   2025-10-31: 2 problems
2026-10-04T12:17:14.6198329Z   2025-10-30: 2 problems
2026-10-04T12:17:14.9007102Z   2025-10-29: 2 problems
2026-10-04T12:17:15.1685994Z   2025-10-28: 2 problems
2026-10-04T12:17:15.4422106Z   2025-10-27: 2 problems
2026-10-04T12:17:15.7270345Z   2025-10-25: 2 problems
2026-10-04T12:17:16.0048043Z   2025-10-24: 2 problems
2026-10-04T12:17:16.2797728Z   2025-10-23: 2 problems
2026-10-04T12:17:16.5668983Z   2025-10-22: 2 problems
2026-10-04T12:17:16.8258253Z   2025-10-21: 2 problems
2026-10-04T12:17:17.1450283Z   2025-10-20: 2 problems
2026-10-04T12:17:17.4221926Z   2025-10-18: 2 problems
2026-10-04T12:17:17.7092676Z   2025-10-17: 2 problems
2026-10-04T12:17:17.9840061Z   2025-10-16: 2 problems
2026-10-04T12:17:18.2361137Z   2025-10-15: 2 problems
2026-10-04T12:17:18.5121089Z   2025-10-14: 2 problems
2026-10-04T12:17:18.7845840Z   2025-10-13: 2 problems
2026-10-04T12:17:19.0831244Z   2025-10-11: 2 problems
2026-10-04T12:17:19.3535330Z   2025-10-10: 2 problems
2026-10-04T12:17:19.6475654Z   2025-10-09: 2 problems
2026-10-04T12:17:19.9237844Z   2025-10-08: 2 problems
2026-10-04T12:17:20.1836506Z   2025-10-07: 2 problems
2026-10-04T12:17:20.4497974Z   2025-10-06: 2 problems
2026-10-04T12:17:20.7186943Z   2025-10-04: 2 problems
2026-10-04T12:17:21.0155701Z   2025-10-03: 2 problems
2026-10-04T12:17:21.2856710Z   2025-10-02: 2 problems
2026-10-04T12:17:21.5516793Z   2025-10-01: 2 problems
2026-10-04T12:17:21.8331472Z   2025-09-30: 2 problems
2026-10-04T12:17:22.1022940Z   2025-09-29: 2 problems
2026-10-04T12:17:22.3550785Z   2025-09-27: 2 problems
2026-10-04T12:17:22.6225762Z   2025-09-26: 2 problems
2026-10-04T12:17:22.8942890Z   2025-09-25: 2 problems
2026-10-04T12:17:23.1793126Z   2025-09-24: 2 problems
2026-10-04T12:17:23.4462825Z   2025-09-23: 2 problems
2026-10-04T12:17:23.7008348Z   2025-09-22: 2 problems
2026-10-04T12:17:23.9640397Z   2025-09-20: 2 problems
2026-10-04T12:17:24.2206089Z   2025-09-19: 2 problems
2026-10-04T12:17:24.4876429Z   2025-09-18: 2 problems
2026-10-04T12:17:24.7437557Z   2025-09-17: 2 problems
2026-10-04T12:17:25.0067467Z   2025-09-16: 2 problems
2026-10-04T12:17:25.2593380Z   2025-09-15: 2 problems
2026-10-04T12:17:25.5528644Z   2025-09-13: 2 problems
2026-10-04T12:17:25.8150429Z   2025-09-12: 2 problems
2026-10-04T12:17:26.0874713Z   2025-09-11: 2 problems
2026-10-04T12:17:26.3478058Z   2025-09-10: 2 problems
2026-10-04T12:17:26.6120808Z   2025-09-09: 2 problems
2026-10-04T12:17:26.8842746Z   2025-09-08: 2 problems
2026-10-04T12:17:27.1576565Z   2025-09-06: 2 problems
2026-10-04T12:17:27.4347677Z   2025-09-05: 2 problems
2026-10-04T12:17:27.6985249Z   2025-09-04: 2 problems
2026-10-04T12:17:27.9699946Z   2025-09-03: 2 problems
2026-10-04T12:17:28.2542793Z   2025-09-02: 2 problems
2026-10-04T12:17:28.5265602Z   2025-09-01: 2 problems
2026-10-04T12:17:28.7881271Z   2025-08-30: 2 problems
2026-10-04T12:17:29.0327908Z   2025-08-29: 2 problems
2026-10-04T12:17:29.3001254Z   2025-08-28: 2 problems
2026-10-04T12:17:29.5614956Z   2025-08-27: 2 problems
2026-10-04T12:17:29.8782938Z   2025-08-26: 2 problems
2026-10-04T12:17:30.1495749Z   2025-08-25: 2 problems
2026-10-04T12:17:30.4110775Z   2025-08-23: 2 problems
2026-10-04T12:17:30.6774759Z   2025-08-22: 2 problems
2026-10-04T12:17:30.9443666Z   2025-08-21: 2 problems
2026-10-04T12:17:31.2335365Z   2025-08-20: 2 problems
2026-10-04T12:17:31.5350725Z   2025-08-19: 2 problems
2026-10-04T12:17:31.8087256Z   2025-08-18: 2 problems
2026-10-04T12:17:32.0645863Z   2025-08-16: 2 problems
2026-10-04T12:17:32.3314980Z   2025-08-15: 2 problems
2026-10-04T12:17:32.6192418Z   2025-08-14: 2 problems
2026-10-04T12:17:32.8735625Z   2025-08-13: 2 problems
2026-10-04T12:17:33.1329279Z   2025-08-12: 2 problems
2026-10-04T12:17:33.4366098Z   2025-08-11: 2 problems
2026-10-04T12:17:33.7019841Z   2025-08-09: 2 problems
2026-10-04T12:17:33.9521102Z   2025-08-08: 2 problems
2026-10-04T12:17:34.2210951Z   2025-08-07: 2 problems
2026-10-04T12:17:34.4974116Z   2025-08-06: 2 problems
2026-10-04T12:17:34.7641287Z   2025-08-05: 2 problems
2026-10-04T12:17:35.0493326Z   2025-08-04: 2 problems
2026-10-04T12:17:35.3238179Z   2025-08-02: 2 problems
2026-10-04T12:17:35.5810469Z   2025-08-01: 2 problems
2026-10-04T12:17:35.8362327Z   2025-07-31: 2 problems
2026-10-04T12:17:36.0972285Z   2025-07-30: 2 problems
2026-10-04T12:17:36.3495299Z   2025-07-29: 2 problems
2026-10-04T12:17:36.6197664Z   2025-07-28: 2 problems
2026-10-04T12:17:36.8789737Z   2025-07-26: 2 problems
2026-10-04T12:17:37.1407869Z   2025-07-25: 2 problems
2026-10-04T12:17:37.3966664Z   2025-07-24: 2 problems
2026-10-04T12:17:37.6466668Z   2025-07-23: 2 problems
2026-10-04T12:17:37.9161007Z   2025-07-22: 2 problems
2026-10-04T12:17:38.1602465Z   2025-07-21: 2 problems
2026-10-04T12:17:38.4120538Z   2025-07-19: 2 problems
2026-10-04T12:17:38.6801974Z   2025-07-18: 2 problems
2026-10-04T12:17:38.9534546Z   2025-07-17: 2 problems
2026-10-04T12:17:39.2209099Z   2025-07-16: 2 problems
2026-10-04T12:17:39.4691271Z   2025-07-15: 2 problems
2026-10-04T12:17:39.7688693Z   2025-07-14: 2 problems
2026-10-04T12:17:40.0454110Z   2025-07-12: 2 problems
2026-10-04T12:17:40.3189210Z   2025-07-11: 2 problems
2026-10-04T12:17:40.5848516Z   2025-07-10: 2 problems
2026-10-04T12:17:40.8771376Z   2025-07-09: 2 problems
2026-10-04T12:17:41.1784780Z   2025-07-08: 2 problems
2026-10-04T12:17:41.4342756Z   2025-07-07: 2 problems
2026-10-04T12:17:41.7006729Z   2025-07-05: 2 problems
2026-10-04T12:17:41.9568549Z   2025-07-04: 2 problems
2026-10-04T12:17:42.2113964Z   2025-07-03: 2 problems
2026-10-04T12:17:42.4940007Z   2025-07-02: 2 problems
2026-10-04T12:17:42.7532759Z   2025-07-01: 2 problems
2026-10-04T12:17:43.0107697Z   2025-06-30: 2 problems
2026-10-04T12:17:43.2734602Z   2025-06-28: 2 problems
2026-10-04T12:17:43.5303325Z   2025-06-27: 2 problems
2026-10-04T12:17:43.7869482Z   2025-06-26: 2 problems
2026-10-04T12:17:44.0516759Z   2025-06-25: 2 problems
2026-10-04T12:17:44.3264743Z   2025-06-24: 2 problems
2026-10-04T12:17:44.5883050Z   2025-06-23: 2 problems
2026-10-04T12:17:44.7730130Z   2025-06-21: 2 problems
2026-10-04T12:17:45.0425844Z   2025-06-20: 2 problems
2026-10-04T12:17:45.3368933Z   2025-06-19: 2 problems
2026-10-04T12:17:45.6020489Z   2025-06-18: 2 problems
2026-10-04T12:17:45.8882698Z   2025-06-17: 2 problems
2026-10-04T12:17:46.1897039Z   2025-06-16: 2 problems
2026-10-04T12:17:46.4485398Z   2025-06-14: 2 problems
2026-10-04T12:17:46.8275535Z   2025-06-13: 2 problems
2026-10-04T12:17:47.0912760Z   2025-06-12: 2 problems
2026-10-04T12:17:47.4263726Z   2025-06-11: 2 problems
2026-10-04T12:17:47.7155398Z   2025-06-10: 2 problems
2026-10-04T12:17:47.9967547Z   2025-06-09: 2 problems
2026-10-04T12:17:48.2629467Z   2025-06-07: 2 problems
2026-10-04T12:17:48.5372730Z   2025-06-06: 2 problems
2026-10-04T12:17:48.8104415Z   2025-06-05: 2 problems
2026-10-04T12:17:49.0980788Z   2025-06-04: 2 problems
2026-10-04T12:17:49.3662671Z   2025-06-03: 2 problems
2026-10-04T12:17:49.6526811Z   2025-06-02: 2 problems
2026-10-04T12:17:49.9308043Z   2025-05-31: 2 problems
2026-10-04T12:17:50.2077022Z   2025-05-30: 2 problems
2026-10-04T12:17:50.4745911Z   2025-05-29: 2 problems
2026-10-04T12:17:50.7420504Z   2025-05-28: 2 problems
2026-10-04T12:17:51.0134133Z   2025-05-27: 2 problems
2026-10-04T12:17:51.2923872Z   2025-05-26: 2 problems
2026-10-04T12:17:51.5716387Z   2025-05-24: 2 problems
2026-10-04T12:17:51.8456725Z   2025-05-23: 2 problems
2026-10-04T12:17:52.1177488Z   2025-05-22: 2 problems
2026-10-04T12:17:52.3843847Z   2025-05-21: 2 problems
2026-10-04T12:17:52.6478317Z   2025-05-20: 2 problems
2026-10-04T12:17:52.9068917Z   2025-05-19: 2 problems
2026-10-04T12:17:53.1907468Z   2025-05-17: 2 problems
2026-10-04T12:17:53.4925972Z   2025-05-16: 2 problems
2026-10-04T12:17:53.7774777Z   2025-05-15: 2 problems
2026-10-04T12:17:54.0506474Z   2025-05-14: 2 problems
2026-10-04T12:17:54.3271014Z   2025-05-13: 2 problems
2026-10-04T12:17:54.5913046Z   2025-05-12: 2 problems
2026-10-04T12:17:54.8698058Z   2025-05-10: 2 problems
2026-10-04T12:17:55.1218722Z   2025-05-09: 2 problems
2026-10-04T12:17:55.3826857Z   2025-05-08: 2 problems
2026-10-04T12:17:55.6374662Z   2025-05-07: 2 problems
2026-10-04T12:17:55.8933269Z   2025-05-06: 2 problems
2026-10-04T12:17:56.1507850Z   2025-05-05: 2 problems
2026-10-04T12:17:56.4590650Z   2025-05-03: 2 problems
2026-10-04T12:17:56.7483797Z   2025-05-02: 2 problems
2026-10-04T12:17:57.0015194Z   2025-05-01: 2 problems
2026-10-04T12:17:57.2782373Z   2025-04-30: 2 problems
2026-10-04T12:17:57.5636910Z   2025-04-29: 2 problems
2026-10-04T12:17:57.8429360Z   2025-04-28: 2 problems
2026-10-04T12:17:58.1036482Z   2025-04-26: 2 problems
2026-10-04T12:17:58.3635144Z   2025-04-25: 2 problems
2026-10-04T12:17:58.6205857Z   2025-04-24: 2 problems
2026-10-04T12:17:58.8788831Z   2025-04-23: 2 problems
2026-10-04T12:17:59.1330323Z   2025-04-22: 2 problems
2026-10-04T12:17:59.3928436Z   2025-04-21: 2 problems
2026-10-04T12:17:59.6845960Z   2025-04-19: 2 problems
2026-10-04T12:17:59.9632695Z   2025-04-18: 2 problems
2026-10-04T12:18:00.2439919Z   2025-04-17: 2 problems
2026-10-04T12:18:00.4965946Z   2025-04-16: 2 problems
2026-10-04T12:18:00.7569830Z   2025-04-15: 2 problems
2026-10-04T12:18:01.0210319Z   2025-04-14: 2 problems
2026-10-04T12:18:01.3184607Z   2025-04-12: 2 problems
2026-10-04T12:18:01.5806744Z   2025-04-11: 2 problems
2026-10-04T12:18:01.8686367Z   2025-04-10: 2 problems
2026-10-04T12:18:02.1359914Z   2025-04-09: 2 problems
2026-10-04T12:18:02.4014698Z   2025-04-08: 2 problems
2026-10-04T12:18:02.6703517Z   2025-04-07: 2 problems
2026-10-04T12:18:02.9189903Z   2025-04-05: 2 problems
2026-10-04T12:18:03.1972319Z   2025-04-04: 2 problems
2026-10-04T12:18:03.4757554Z   2025-04-03: 2 problems
2026-10-04T12:18:03.7403168Z   2025-04-02: 2 problems
2026-10-04T12:18:04.0035309Z   2025-04-01: 2 problems
2026-10-04T12:18:04.2528593Z   2025-03-31: 2 problems
2026-10-04T12:18:04.5239926Z   2025-03-29: 2 problems
2026-10-04T12:18:04.8042128Z   2025-03-28: 2 problems
2026-10-04T12:18:05.0894528Z   2025-03-27: 2 problems
2026-10-04T12:18:05.3581956Z   2025-03-26: 2 problems
2026-10-04T12:18:05.6270230Z   2025-03-25: 2 problems
2026-10-04T12:18:05.8791163Z   2025-03-24: 2 problems
2026-10-04T12:18:06.1459284Z   2025-03-22: 2 problems
2026-10-04T12:18:06.3991969Z   2025-03-21: 2 problems
2026-10-04T12:18:06.6805299Z   2025-03-20: 2 problems
2026-10-04T12:18:06.9419968Z   2025-03-19: 2 problems
2026-10-04T12:18:07.2057016Z   2025-03-18: 2 problems
2026-10-04T12:18:07.4570212Z   2025-03-17: 2 problems
2026-10-04T12:18:07.7067251Z   2025-03-15: 2 problems
2026-10-04T12:18:07.9793288Z   2025-03-14: 2 problems
2026-10-04T12:18:08.2971943Z   2025-03-13: 2 problems
2026-10-04T12:18:08.5553217Z   2025-03-12: 2 problems
2026-10-04T12:18:08.8111798Z   2025-03-11: 2 problems
2026-10-04T12:18:09.0796414Z   2025-03-10: 2 problems
2026-10-04T12:18:09.3472139Z   2025-03-08: 2 problems
2026-10-04T12:18:09.6572616Z   2025-03-07: 2 problems
2026-10-04T12:18:09.9590253Z   2025-03-06: 2 problems
2026-10-04T12:18:10.2323332Z   2025-03-05: 2 problems
2026-10-04T12:18:10.4994843Z   2025-03-04: 2 problems
2026-10-04T12:18:10.7811820Z   2025-03-03: 2 problems
2026-10-04T12:18:11.0509388Z   2025-03-01: 2 problems
2026-10-04T12:18:11.3043221Z   2025-02-28: 2 problems
2026-10-04T12:18:11.5654018Z   2025-02-27: 2 problems
2026-10-04T12:18:11.8348767Z   2025-02-26: 2 problems
2026-10-04T12:18:12.1113748Z   2025-02-25: 2 problems
2026-10-04T12:18:12.3989455Z   2025-02-24: 2 problems
2026-10-04T12:18:12.6571088Z   2025-02-22: 2 problems
2026-10-04T12:18:12.9162416Z   2025-02-21: 2 problems
2026-10-04T12:18:13.1889646Z   2025-02-20: 2 problems
2026-10-04T12:18:13.4714839Z   2025-02-19: 2 problems
2026-10-04T12:18:13.7373651Z   2025-02-18: 2 problems
2026-10-04T12:18:14.0067175Z   2025-02-17: 2 problems
2026-10-04T12:18:14.2787850Z   2025-02-15: 2 problems
2026-10-04T12:18:14.5326536Z   2025-02-14: 2 problems
2026-10-04T12:18:14.8175165Z   2025-02-13: 2 problems
2026-10-04T12:18:15.0914631Z   2025-02-12: 2 problems
2026-10-04T12:18:15.3749469Z   2025-02-11: 2 problems
2026-10-04T12:18:15.6371281Z   2025-02-10: 2 problems
2026-10-04T12:18:15.9117764Z   2025-02-08: 2 problems
2026-10-04T12:18:16.1709998Z   2025-02-07: 2 problems
2026-10-04T12:18:16.4489678Z   2025-02-06: 2 problems
2026-10-04T12:18:16.7164118Z   2025-02-05: 2 problems
2026-10-04T12:18:16.9873798Z   2025-02-04: 2 problems
2026-10-04T12:18:17.2599119Z   2025-02-03: 2 problems
2026-10-04T12:18:17.5102604Z   2025-02-01: 2 problems
2026-10-04T12:18:17.7710155Z   2025-01-31: 2 problems
2026-10-04T12:18:18.0421106Z   2025-01-30: 2 problems
2026-10-04T12:18:18.3018051Z   2025-01-29: 2 problems
2026-10-04T12:18:18.5942599Z   2025-01-28: 2 problems
2026-10-04T12:18:18.8574751Z   2025-01-27: 2 problems
2026-10-04T12:18:19.1321308Z   2025-01-25: 2 problems
2026-10-04T12:18:19.4064816Z   2025-01-24: 2 problems
2026-10-04T12:18:19.6981204Z   2025-01-23: 2 problems
2026-10-04T12:18:19.9607341Z   2025-01-22: 2 problems
2026-10-04T12:18:20.2482466Z   2025-01-21: 2 problems
2026-10-04T12:18:20.5410875Z   2025-01-20: 2 problems
2026-10-04T12:18:20.8152893Z   2025-01-18: 2 problems
2026-10-04T12:18:21.1209836Z   2025-01-17: 2 problems
2026-10-04T12:18:21.3775865Z   2025-01-16: 2 problems
2026-10-04T12:18:21.6363508Z   2025-01-15: 2 problems
2026-10-04T12:18:21.9000700Z   2025-01-14: 2 problems
2026-10-04T12:18:22.1595986Z   2025-01-13: 2 problems
2026-10-04T12:18:22.4190740Z   2025-01-11: 2 problems
2026-10-04T12:18:22.6788425Z   2025-01-10: 2 problems
2026-10-04T12:18:22.9561641Z   2025-01-09: 2 problems
2026-10-04T12:18:23.2351305Z   2025-01-08: 2 problems
2026-10-04T12:18:23.5063928Z   2025-01-07: 2 problems
2026-10-04T12:18:23.7895561Z   2025-01-06: 2 problems
2026-10-04T12:18:24.0522664Z   2025-01-04: 2 problems
2026-10-04T12:18:24.3186328Z   2025-01-03: 2 problems
2026-10-04T12:18:24.5751840Z   2025-01-02: 2 problems
2026-10-04T12:18:24.8447976Z   2025-01-01: 2 problems
2026-10-04T12:18:25.1175821Z   2024-12-31: 2 problems
2026-10-04T12:18:25.4129134Z   2024-12-30: 2 problems
2026-10-04T12:18:25.6687321Z   2024-12-28: 2 problems
2026-10-04T12:18:25.9539978Z   2024-12-27: 2 problems
2026-10-04T12:18:26.2344652Z   2024-12-26: 2 problems
2026-10-04T12:18:26.5036544Z   2024-12-25: 2 problems
2026-10-04T12:18:26.7908707Z   2024-12-24: 2 problems
2026-10-04T12:18:27.0867179Z   2024-12-23: 2 problems
2026-10-04T12:18:27.3405704Z   2024-12-21: 2 problems
2026-10-04T12:18:27.6175641Z   2024-12-20: 2 problems
2026-10-04T12:18:27.8759773Z   2024-12-19: 2 problems
2026-10-04T12:18:28.1552407Z   2024-12-18: 2 problems
2026-10-04T12:18:28.4170272Z   2024-12-17: 2 problems
2026-10-04T12:18:28.7788906Z   2024-12-16: 2 problems
2026-10-04T12:18:29.1025364Z   2024-12-14: 2 problems
2026-10-04T12:18:29.4178061Z   2024-12-13: 2 problems
2026-10-04T12:18:29.7020538Z   2024-12-12: 2 problems
2026-10-04T12:18:30.0295325Z   2024-12-11: 2 problems
2026-10-04T12:18:30.3374310Z   2024-12-10: 2 problems
2026-10-04T12:18:30.5913969Z   2024-12-09: 2 problems
2026-10-04T12:18:30.8526030Z   2024-12-07: 2 problems
2026-10-04T12:18:31.1118673Z   2024-12-06: 2 problems
2026-10-04T12:18:31.3760919Z   2024-12-05: 2 problems
2026-10-04T12:18:31.6396897Z   2024-12-04: 2 problems
2026-10-04T12:18:31.8861190Z   2024-12-03: 2 problems
2026-10-04T12:18:32.1308922Z   2024-12-02: 2 problems
2026-10-04T12:18:32.4401631Z   2024-11-30: 2 problems
2026-10-04T12:18:32.6932791Z   2024-11-29: 2 problems
2026-10-04T12:18:32.9586519Z   2024-11-28: 2 problems
2026-10-04T12:18:33.2144158Z   2024-11-27: 2 problems
2026-10-04T12:18:33.4727173Z   2024-11-26: 2 problems
2026-10-04T12:18:33.7266580Z   2024-11-25: 2 problems
2026-10-04T12:18:33.9800850Z   2024-11-23: 2 problems
2026-10-04T12:18:34.2493219Z   2024-11-22: 2 problems
2026-10-04T12:18:34.4103629Z   2024-11-21: 2 problems
2026-10-04T12:18:34.6694713Z   2024-11-20: 2 problems
2026-10-04T12:18:34.9399386Z   2024-11-19: 2 problems
2026-10-04T12:18:35.1907081Z   2024-11-18: 2 problems
2026-10-04T12:18:35.4682593Z   2024-11-16: 2 problems
2026-10-04T12:18:35.7380925Z   2024-11-15: 2 problems
2026-10-04T12:18:35.9777204Z   2024-11-14: 2 problems
2026-10-04T12:18:36.2261739Z   2024-11-13: 2 problems
2026-10-04T12:18:36.4815956Z   2024-11-12: 2 problems
2026-10-04T12:18:36.7457533Z   2024-11-11: 2 problems
2026-10-04T12:18:36.9924923Z   2024-11-09: 2 problems
2026-10-04T12:18:37.2430067Z   2024-11-08: 2 problems
2026-10-04T12:18:37.5090859Z   2024-11-07: 2 problems
2026-10-04T12:18:37.7726293Z   2024-11-06: 2 problems
2026-10-04T12:18:38.0448301Z   2024-11-05: 2 problems
2026-10-04T12:18:38.3035789Z   2024-11-04: 2 problems
2026-10-04T12:18:38.5553083Z   2024-11-02: 2 problems
2026-10-04T12:18:38.8198408Z   2024-11-01: 2 problems
2026-10-04T12:18:39.0997801Z   2024-10-31: 2 problems
2026-10-04T12:18:39.3690353Z   2024-10-30: 2 problems
2026-10-04T12:18:39.6263954Z   2024-10-29: 2 problems
2026-10-04T12:18:39.8788094Z   2024-10-28: 2 problems
2026-10-04T12:18:40.2037964Z   2024-10-26: 2 problems
2026-10-04T12:18:40.5178875Z   2024-10-25: 2 problems
2026-10-04T12:18:40.7601285Z   2024-10-24: 2 problems
2026-10-04T12:18:41.0775764Z   2024-10-23: 2 problems
2026-10-04T12:18:41.3425922Z   2024-10-22: 2 problems
2026-10-04T12:18:41.5973874Z   2024-10-21: 2 problems
2026-10-04T12:18:41.8631238Z   2024-10-19: 2 problems
2026-10-04T12:18:42.1328587Z   2024-10-18: 2 problems
2026-10-04T12:18:42.4100848Z   2024-10-17: 2 problems
2026-10-04T12:18:42.6876358Z   2024-10-16: 2 problems
2026-10-04T12:18:42.9510836Z   2024-10-15: 2 problems
2026-10-04T12:18:43.2057569Z   2024-10-14: 2 problems
2026-10-04T12:18:43.4663332Z   2024-10-12: 2 problems
2026-10-04T12:18:43.7237096Z   2024-10-11: 2 problems
2026-10-04T12:18:43.9741844Z   2024-10-10: 2 problems
2026-10-04T12:18:44.2334694Z   2024-10-09: 2 problems
2026-10-04T12:18:44.4733138Z   2024-10-08: 2 problems
2026-10-04T12:18:44.7277349Z   2024-10-07: 2 problems
2026-10-04T12:18:44.9774433Z   2024-10-05: 2 problems
2026-10-04T12:18:45.2282502Z   2024-10-04: 2 problems
2026-10-04T12:18:45.4854198Z   2024-10-03: 2 problems
2026-10-04T12:18:45.7326747Z   2024-10-02: 2 problems
2026-10-04T12:18:45.9921501Z   2024-10-01: 2 problems
2026-10-04T12:18:46.2439823Z   2024-09-30: 2 problems
2026-10-04T12:18:46.4911622Z   2024-09-28: 2 problems
2026-10-04T12:18:46.7494535Z   2024-09-27: 2 problems
2026-10-04T12:18:46.9975963Z   2024-09-26: 2 problems
2026-10-04T12:18:47.2516026Z   2024-09-25: 2 problems
2026-10-04T12:18:47.4774450Z   2024-09-24: 2 problems
2026-10-04T12:18:47.7369400Z   2024-09-23: 2 problems
2026-10-04T12:18:48.0015769Z   2024-09-21: 2 problems
2026-10-04T12:18:48.2708962Z   2024-09-20: 2 problems
2026-10-04T12:18:48.5300830Z   2024-09-19: 2 problems
2026-10-04T12:18:48.7861197Z   2024-09-18: 2 problems
2026-10-04T12:18:49.0476733Z   2024-09-17: 2 problems
2026-10-04T12:18:49.3317086Z   2024-09-16: 2 problems
2026-10-04T12:18:49.5769551Z   2024-09-14: 2 problems
2026-10-04T12:18:49.8442308Z   2024-09-13: 2 problems
2026-10-04T12:18:50.1058424Z   2024-09-12: 2 problems
2026-10-04T12:18:50.3615300Z   2024-09-11: 2 problems
2026-10-04T12:18:50.6191635Z   2024-09-10: 2 problems
2026-10-04T12:18:50.8704707Z   2024-09-09: 2 problems
2026-10-04T12:18:51.1542792Z   2024-09-07: 2 problems
2026-10-04T12:18:51.4182485Z   2024-09-06: 2 problems
2026-10-04T12:18:51.6798588Z   2024-09-05: 2 problems
2026-10-04T12:18:51.9307038Z   2024-09-04: 2 problems
2026-10-04T12:18:52.2000116Z   2024-09-03: 2 problems
2026-10-04T12:18:52.4472715Z   2024-09-02: 2 problems
2026-10-04T12:18:52.6948873Z   2024-08-31: 2 problems
2026-10-04T12:18:52.9609972Z   2024-08-30: 2 problems
2026-10-04T12:18:53.2197255Z   2024-08-29: 2 problems
2026-10-04T12:18:53.4746609Z   2024-08-28: 2 problems
2026-10-04T12:18:53.7363877Z   2024-08-27: 2 problems
2026-10-04T12:18:53.9836461Z   2024-08-26: 2 problems
2026-10-04T12:18:54.2402872Z   2024-08-24: 2 problems
2026-10-04T12:18:54.4939078Z   2024-08-23: 2 problems
2026-10-04T12:18:54.7581779Z   2024-08-22: 2 problems
2026-10-04T12:18:55.0300426Z   2024-08-21: 2 problems
2026-10-04T12:18:55.2988826Z   2024-08-20: 2 problems
2026-10-04T12:18:55.5698202Z   2024-08-19: 2 problems
2026-10-04T12:18:55.8539797Z   2024-08-17: 2 problems
2026-10-04T12:18:56.1122709Z   2024-08-16: 2 problems
2026-10-04T12:18:56.3650758Z   2024-08-15: 2 problems
2026-10-04T12:18:56.6328469Z   2024-08-14: 2 problems
2026-10-04T12:18:56.8710618Z   2024-08-13: 2 problems
2026-10-04T12:18:57.1273313Z   2024-08-12: 2 problems
2026-10-04T12:18:57.3736242Z   2024-08-10: 2 problems
2026-10-04T12:18:57.6311819Z   2024-08-09: 2 problems
2026-10-04T12:18:57.8969640Z   2024-08-08: 2 problems
2026-10-04T12:18:58.1541266Z   2024-08-07: 2 problems
2026-10-04T12:18:58.4067969Z   2024-08-06: 2 problems
2026-10-04T12:18:58.8219859Z   2024-08-05: 2 problems
2026-10-04T12:18:59.2745200Z   2024-08-03: 2 problems
2026-10-04T12:18:59.6927732Z   2024-08-02: 2 problems
2026-10-04T12:19:00.0553632Z   2024-08-01: 2 problems
2026-10-04T12:19:00.3166392Z   2024-07-31: 2 problems
2026-10-04T12:19:00.5702970Z   2024-07-30: 2 problems
2026-10-04T12:19:00.8502313Z   2024-07-29: 2 problems
2026-10-04T12:19:01.1125804Z   2024-07-27: 2 problems
2026-10-04T12:19:01.4440709Z   2024-07-26: 2 problems
2026-10-04T12:19:01.7816757Z   2024-07-25: 2 problems
2026-10-04T12:19:02.2141848Z   2024-07-24: 2 problems
2026-10-04T12:19:02.6170626Z   2024-07-23: 2 problems
2026-10-04T12:19:02.9062276Z   2024-07-22: 2 problems
2026-10-04T12:19:03.1819790Z   2024-07-20: 2 problems
2026-10-04T12:19:03.6329542Z   2024-07-19: 2 problems
2026-10-04T12:19:03.9039070Z   2024-07-18: 2 problems
2026-10-04T12:19:04.1681772Z   2024-07-17: 2 problems
2026-10-04T12:19:04.4169349Z   2024-07-16: 2 problems
2026-10-04T12:19:04.7009765Z   2024-07-15: 2 problems
2026-10-04T12:19:04.9655986Z   2024-07-13: 2 problems
2026-10-04T12:19:05.1513113Z   2024-07-12: 2 problems
2026-10-04T12:19:05.4164224Z   2024-07-11: 2 problems
2026-10-04T12:19:05.6663369Z   2024-07-10: 2 problems
2026-10-04T12:19:06.0249875Z   2024-07-09: 2 problems
2026-10-04T12:19:06.2886377Z   2024-07-08: 2 problems
2026-10-04T12:19:06.5621637Z   2024-07-06: 2 problems
2026-10-04T12:19:06.8375903Z   2024-07-05: 2 problems
2026-10-04T12:19:07.1262222Z   2024-07-04: 2 problems
2026-10-04T12:19:07.3900580Z   2024-07-03: 2 problems
2026-10-04T12:19:07.6679149Z   2024-07-02: 2 problems
2026-10-04T12:19:07.9291381Z   2024-07-01: 2 problems
2026-10-04T12:19:08.2129139Z   2024-06-29: 2 problems
2026-10-04T12:19:08.4657422Z   2024-06-28: 2 problems
2026-10-04T12:19:08.7182618Z   2024-06-27: 2 problems
2026-10-04T12:19:08.9759102Z   2024-06-26: 2 problems
2026-10-04T12:19:09.2416546Z   2024-06-25: 2 problems
2026-10-04T12:19:09.5148629Z   2024-06-24: 2 problems
2026-10-04T12:19:09.7840395Z   2024-06-22: 2 problems
2026-10-04T12:19:10.0578257Z   2024-06-21: 2 problems
2026-10-04T12:19:10.3452830Z   2024-06-20: 2 problems
2026-10-04T12:19:10.6392530Z   2024-06-19: 2 problems
2026-10-04T12:19:10.9108740Z   2024-06-18: 2 problems
2026-10-04T12:19:11.2383837Z   2024-06-17: 2 problems
2026-10-04T12:19:11.5009285Z   2024-06-15: 2 problems
2026-10-04T12:19:11.7682746Z   2024-06-14: 2 problems
2026-10-04T12:19:12.0340340Z   2024-06-13: 2 problems
2026-10-04T12:19:12.2947854Z   2024-06-12: 2 problems
2026-10-04T12:19:12.5976289Z   2024-06-11: 2 problems
2026-10-04T12:19:12.8762390Z   2024-06-10: 2 problems
2026-10-04T12:19:13.1564613Z   2024-06-08: 2 problems
2026-10-04T12:19:13.4315047Z   2024-06-07: 2 problems
2026-10-04T12:19:13.6878173Z   2024-06-06: 2 problems
2026-10-04T12:19:13.9402707Z   2024-06-05: 2 problems
2026-10-04T12:19:14.2085803Z   2024-06-04: 2 problems
2026-10-04T12:19:14.4628692Z   2024-06-03: 2 problems
2026-10-04T12:19:14.7282605Z   2024-06-01: 2 problems
2026-10-04T12:19:14.9858672Z   2024-05-31: 2 problems
2026-10-04T12:19:15.2600860Z   2024-05-30: 2 problems
2026-10-04T12:19:15.5193149Z   2024-05-29: 2 problems
2026-10-04T12:19:15.7852562Z   2024-05-28: 2 problems
2026-10-04T12:19:16.0732834Z   2024-05-27: 2 problems
2026-10-04T12:19:16.3329124Z   2024-05-25: 2 problems
2026-10-04T12:19:16.6166587Z   2024-05-24: 2 problems
2026-10-04T12:19:16.8803653Z   2024-05-23: 2 problems
2026-10-04T12:19:17.1705738Z   2024-05-22: 2 problems
2026-10-04T12:19:17.4431675Z   2024-05-21: 2 problems
2026-10-04T12:19:17.7132338Z   2024-05-20: 2 problems
2026-10-04T12:19:17.9675444Z   2024-05-18: 2 problems
2026-10-04T12:19:18.3185702Z   2024-05-17: 2 problems
2026-10-04T12:19:18.5834425Z   2024-05-16: 2 problems
2026-10-04T12:19:18.8437114Z   2024-05-15: 2 problems
2026-10-04T12:19:19.1024554Z   2024-05-14: 2 problems
2026-10-04T12:19:19.4087410Z   2024-05-13: 2 problems
2026-10-04T12:19:19.6617668Z   2024-05-11: 2 problems
2026-10-04T12:19:19.9155394Z   2024-05-10: 2 problems
2026-10-04T12:19:20.1968309Z   2024-05-09: 2 problems
2026-10-04T12:19:20.4779220Z   2024-05-08: 2 problems
2026-10-04T12:19:20.7533974Z   2024-05-07: 2 problems
2026-10-04T12:19:21.0365343Z   2024-05-06: 2 problems
2026-10-04T12:19:21.2888433Z   2024-05-04: 2 problems
2026-10-04T12:19:21.5562349Z   2024-05-03: 2 problems
2026-10-04T12:19:21.8329407Z   2024-05-02: 2 problems
2026-10-04T12:19:22.0995377Z   2024-05-01: 2 problems
2026-10-04T12:19:22.3566392Z   2024-04-30: 2 problems
2026-10-04T12:19:22.6238801Z   2024-04-29: 2 problems
2026-10-04T12:19:22.8963143Z   2024-04-27: 2 problems
2026-10-04T12:19:23.1933817Z   2024-04-26: 2 problems
2026-10-04T12:19:23.4611151Z   2024-04-25: 2 problems
2026-10-04T12:19:23.7410338Z   2024-04-24: 2 problems
2026-10-04T12:19:24.0107469Z   2024-04-23: 2 problems
2026-10-04T12:19:24.3038108Z   2024-04-22: 2 problems
2026-10-04T12:19:24.5712784Z   2024-04-20: 2 problems
2026-10-04T12:19:24.8368252Z   2024-04-19: 2 problems
2026-10-04T12:19:25.0986751Z   2024-04-18: 2 problems
2026-10-04T12:19:25.3719027Z   2024-04-17: 2 problems
2026-10-04T12:19:25.6443235Z   2024-04-16: 2 problems
2026-10-04T12:19:25.9132437Z   2024-04-15: 2 problems
2026-10-04T12:19:26.1870270Z   2024-04-13: 2 problems
2026-10-04T12:19:26.4535901Z   2024-04-12: 2 problems
2026-10-04T12:19:26.7377902Z   2024-04-11: 2 problems
2026-10-04T12:19:27.0637683Z   2024-04-10: 2 problems
2026-10-04T12:19:27.3628585Z   2024-04-09: 2 problems
2026-10-04T12:19:27.6974830Z   2024-04-08: 2 problems
2026-10-04T12:19:27.9684195Z   2024-04-06: 2 problems
2026-10-04T12:19:28.2498031Z   2024-04-05: 2 problems
2026-10-04T12:19:28.5295441Z   2024-04-04: 2 problems
2026-10-04T12:19:28.8054538Z   2024-04-03: 2 problems
2026-10-04T12:19:29.0769402Z   2024-04-02: 2 problems
2026-10-04T12:19:29.3441948Z   2024-04-01: 2 problems
2026-10-04T12:19:29.6138476Z   2024-03-30: 2 problems
2026-10-04T12:19:29.8757068Z   2024-03-29: 2 problems
2026-10-04T12:19:30.1442214Z   2024-03-28: 2 problems
2026-10-04T12:19:30.4063601Z   2024-03-27: 2 problems
2026-10-04T12:19:30.6580136Z   2024-03-26: 2 problems
2026-10-04T12:19:30.9180041Z   2024-03-25: 2 problems
2026-10-04T12:19:31.1772599Z   2024-03-23: 2 problems
2026-10-04T12:19:31.4293086Z   2024-03-22: 2 problems
2026-10-04T12:19:31.7311818Z   2024-03-21: 2 problems
2026-10-04T12:19:31.9877228Z   2024-03-20: 2 problems
2026-10-04T12:19:32.2439406Z   2024-03-19: 2 problems
2026-10-04T12:19:32.5009650Z   2024-03-18: 2 problems
2026-10-04T12:19:32.7557240Z   2024-03-16: 2 problems
2026-10-04T12:19:33.0193612Z   2024-03-15: 2 problems
2026-10-04T12:19:33.3017240Z   2024-03-14: 2 problems
2026-10-04T12:19:33.5627814Z   2024-03-13: 2 problems
2026-10-04T12:19:33.8458556Z   2024-03-12: 2 problems
2026-10-04T12:19:34.1314322Z   2024-03-11: 2 problems
2026-10-04T12:19:34.3882264Z   2024-03-09: 2 problems
2026-10-04T12:19:34.6601097Z   2024-03-08: 2 problems
2026-10-04T12:19:34.9236375Z   2024-03-07: 2 problems
2026-10-04T12:19:35.1851891Z   2024-03-06: 2 problems
2026-10-04T12:19:35.4576406Z   2024-03-05: 2 problems
2026-10-04T12:19:35.7363111Z   2024-03-04: 2 problems
2026-10-04T12:19:35.9999061Z   2024-03-02: 2 problems
2026-10-04T12:19:36.2605588Z   2024-03-01: 2 problems
2026-10-04T12:19:36.5343357Z   2024-02-29: 2 problems
2026-10-04T12:19:36.8059869Z   2024-02-28: 2 problems
2026-10-04T12:19:37.0770934Z   2024-02-27: 2 problems
2026-10-04T12:19:37.3546316Z   2024-02-26: 2 problems
2026-10-04T12:19:37.3549550Z Building categories...
2026-10-04T12:19:39.5691717Z Wrote /home/runner/work/ys_problem_web/ys_problem_web/data/daily.json (814 days, 21 categories).
2026-10-04T12:19:39.5692914Z Syncing leaderboard (records.js from gh-pages)...
2026-10-04T12:19:39.6627870Z   ✓ 361 players, data through 2026-10-03
2026-10-04T12:19:39.6805247Z ##[group]Run node scripts/translate-ai.mjs
2026-10-04T12:19:39.6805609Z [36;1mnode scripts/translate-ai.mjs[0m
2026-10-04T12:19:39.6867108Z shell: /usr/bin/bash -e {0}
2026-10-04T12:19:39.6867372Z env:
2026-10-04T12:19:39.6867814Z   AI_BASE_URL: ***
2026-10-04T12:19:39.6868147Z   AI_API_KEY: ***
2026-10-04T12:19:39.6868371Z   AI_MODEL: deepseek-v4-flash
2026-10-04T12:19:39.6868618Z   AI_TRANSLATE_LIMIT: 60
2026-10-04T12:19:39.6868846Z ##[endgroup]
2026-10-04T12:19:39.7237391Z (node:4183) [MODULE_TYPELESS_PACKAGE_JSON] Warning: Module type of file:///home/runner/work/ys_problem_web/ys_problem_web/lib/mt-protect.js is not specified and it doesn't parse as CommonJS.
2026-10-04T12:19:39.7239778Z Reparsing as ES module because module syntax was detected. This incurs a performance overhead.
2026-10-04T12:19:39.7241677Z To eliminate this warning, add "type": "module" to /home/runner/work/ys_problem_web/ys_problem_web/package.json.
2026-10-04T12:19:39.7243325Z (Use `node --trace-warnings ...` to show where the warning was created)
2026-10-04T12:19:39.8177602Z GYM101047M: 11 segment(s) to translate
2026-10-04T12:19:44.3094622Z   ✓ title[0]: M. 在Kem Kadrãn中移除硬币…
2026-10-04T12:19:50.3344904Z   ✓ legend[0]: Andréh 和他的朋友 Andréas 是桌游爱好者。他们知道许多朋友都想去泰国普吉岛旅行，因…
2026-10-04T12:20:01.3026893Z   ✓ legend[1]: Kem Kradãn（棋盘游戏）自公元 2 世纪起就有人游玩。该游戏使用 N 个棋子，每个棋子有…
2026-10-04T12:20:06.1409500Z   ✓ legend[2]: 在向朋友们发起挑战之前，Andréh 和 Andréas 想确保他们的初始配置有解。为了帮助他们…
2026-10-04T12:20:10.7048368Z   ✓ input[0]: 第一行有一个整数T，表示测试用例的数量。…
2026-10-04T12:20:16.1212322Z   ✓ input[1]: 每个测试用例由一行包含整数 N（棋子数量）以及随后一行包含长度为 N、仅由字母 B（白色面朝上）…
2026-10-04T12:20:20.3138020Z   ✓ input[2]: 限制…
2026-10-04T12:20:23.9997046Z   ✓ input[3]: 1 ≤ T ≤ 100…
2026-10-04T12:20:27.6779572Z   ✓ input[4]: 1 ≤ N ≤ 105…
2026-10-04T12:20:32.8657036Z   ✓ input[5]: 所有测试用例中 N 的总和不会超过 5·105…
2026-10-04T12:20:40.5008691Z   ✓ output[0]: 对于每个测试用例，如果可以从棋盘上移除每个棋子，则输出一行 Y，否则输出 N。如果能够移除所有棋…
2026-10-04T12:20:40.8027306Z GYM101047D: 15 segment(s) to translate
2026-10-04T12:20:44.2667050Z   ✓ title[0]: D. 泰国的随机游走…
2026-10-04T12:20:49.1847383Z   ✓ legend[0]: 泰国由几百座岛屿组成。在每座规模尚可的岛屿上，都有一个供小型飞机使用的机场。然而，对于游客来说，…
2026-10-04T12:21:07.6005631Z   ✓ legend[1]: 渡船非常可靠。例如，你可以从 Ko Khang Khao (เกาะคางคาว) 出发，以合理…
2026-10-04T12:21:13.1353923Z   ✓ legend[2]: 另一方面，飞机驾驶员非常反复无常。一旦你支付了机票费，驾驶员就会把你随机送到一个岛上，每个岛的概…
2026-10-04T12:21:16.4611289Z   ✓ legend[3]: 所以，当你想从一个岛屿到另一个岛屿时，总是有两种选择。乘船前往相邻岛屿，价格根据路线而变化，或者…
2026-10-04T12:21:21.0987791Z   ✓ legend[4]: 岛屿从 1 到 N 编号。你的任务是确定从岛屿 1 到 N 的旅行的最小期望价格。…
2026-10-04T12:21:26.8371103Z   ✓ input[0]: 第一行有一个整数 T，表示测试用例的数量。…
2026-10-04T12:21:30.8163481Z   ✓ input[1]: 每个测试用例的第一行有 3 个整数 N、M 和 K，分别表示岛屿的数量、船的数量以及乘坐航班的费…
2026-10-04T12:21:37.8875897Z   ✓ input[2]: 接下来的 M 行每行包含 3 个整数 A, B, C，表示存在一次船程，花费 C 泰铢，可以从岛…
2026-10-04T12:21:42.3154229Z   ✓ input[3]: 限制…
2026-10-04T12:21:46.2461730Z   ✓ input[4]: 1 ≤ T ≤ 20…
2026-10-04T12:21:51.1159032Z   ✓ input[5]: 1 ≤ N, M ≤ 105…
2026-10-04T12:21:55.1666876Z   ✓ input[6]: 1 ≤ C ≤ 103…
2026-10-04T12:21:59.5400531Z   ✓ input[7]: 1 ≤ K ≤ 103…
2026-10-04T12:22:11.7416540Z   ✓ output[0]: 对于每个实例，输出从岛屿 1 到岛屿 N 的旅行的最小期望值。误差不应超过 10^{-4}。…
2026-10-04T12:22:12.0500793Z GYM105109D: 1 segment(s) to translate
2026-10-04T12:22:15.4995767Z   ✓ legend[0]: ![](https://espresso.codeforces.com/288ad3555358…
2026-10-04T12:22:15.8021273Z GYM106706M: 1 segment(s) to translate
2026-10-04T12:22:19.7165855Z   ✓ input[4]: 保证所有测试用例的 $$$N$$$ 之和不超过 $$$5 \cdot 10^5$$$…
2026-10-04T12:22:20.0175647Z GYM106706N: 1 segment(s) to translate
2026-10-04T12:22:25.0853905Z   ✓ legend[1]: 第 $$$i$$$ 个工人住在坐标 $$$x_i$$$，第 $$$j$$$ 个工厂位于坐标 $$…
2026-10-04T12:22:25.3855281Z GYM106706D: 34 segment(s) to translate
2026-10-04T12:22:29.0118035Z   ✓ legend[16]: 确定每个人的类型，同时最多使用 812 次操作（为了纪念 8/12，T-Land 解放日）。…
2026-10-04T12:22:35.0594936Z   ✓ legend[17]: 保证在 $$$n$$$ 个人中至少有一个 Thowwar、至少有一个 Floul 和至少有一个 …
2026-10-04T12:22:40.1183880Z   ✓ input[0]: 第一行包含一个整数 $$$n$$$($$$3 \le n \le 400$$$)——人数。…
2026-10-04T12:22:45.0327757Z   ✓ input[1]: 输入的第一行包含一个整数 $$$n$$$($$$3 \le n \le 400$$$)——人数。…
2026-10-04T12:22:50.0986566Z   ✓ input[2]: 要询问，请按以下格式输出一行：…
2026-10-04T12:22:53.9793038Z   ✓ input[4]: 其中 $$$2 \le k \le n$$$，所有下标互不相同，且 $$$1 \le i_j \…
2026-10-04T12:22:57.8780785Z   ✓ input[5]: 在打印一次询问后，flush 输出并读入一个整数 $$$x$$$。…
2026-10-04T12:23:02.3499037Z   ✓ input[6]: 假设所选的组包含：…
2026-10-04T12:23:52.2190351Z   ✓ input[7]: $$$T$$$ 革命者，…
2026-10-04T12:23:56.6634963Z   ✓ input[8]: $$$F$$$ Floul,…
2026-10-04T12:24:00.6772305Z   ✓ input[9]: $$$M$$$ Mkaw3een.…
2026-10-04T12:24:04.1252311Z   ✓ input[10]: 交互器按如下方式响应：…
2026-10-04T12:24:08.1217743Z   ✓ input[11]: 若 $$$T = 0$$$，则返回 $$$0$$$。…
2026-10-04T12:24:11.1970779Z   ✓ input[12]: 否则，它返回 $$$T + M$$$。…
2026-10-04T12:24:14.5662069Z   ✓ input[13]: 你最多可以提出 812 次询问。…
2026-10-04T12:24:20.0510536Z   ✓ input[14]: 当你确定了每个人的类型后，输出…
2026-10-04T12:24:31.7732231Z   ✓ input[16]: 其中 $$$s$$$ 是一个长度为 $$$n$$$ 的字符串，且第 $$$i$$$ 个字符为：…
2026-10-04T12:24:36.9957457Z   ✓ input[17]: 如果第 $$$i$$$ 个人是 Thowwar，则输出 T；…
2026-10-04T12:24:44.5591767Z   ✓ input[18]: 如果第 $$$i$$$ 个人是 Floul，则输出 F；…
2026-10-04T12:24:50.5912900Z   ✓ input[19]: 如果第 $$$i$$$ 个人是 Mkaw3，则输出 M。…
2026-10-04T12:24:53.8112025Z   ✓ input[20]: 输出答案后，立即终止你的程序。…
2026-10-04T12:24:59.5857908Z   ✓ input[21]: 如果你的程序进行超过 $$$812$$$ 次查询，或输出无效查询，就会得到 Wrong Answ…
2026-10-04T12:25:03.0142093Z   ✓ input[22]: 记住在每次查询后刷新输出。例如，使用：…
2026-10-04T12:25:07.4326824Z   ✓ input[23]: C/C++ 中的 fflush(stdout)。…
2026-10-04T12:25:12.5944911Z   ✓ input[24]: Java 中的 System.out.flush()；…
2026-10-04T12:25:16.9992938Z   ✓ input[25]: Python 中的 stdout.flush();…
2026-10-04T12:25:20.8326062Z   ✓ input[26]: 在 Python 中 flush(output)。…
2026-10-04T12:25:29.7229943Z   ✓ note[0]: 在样例中，有 $$$n = 5$$$ 个人。隐藏身份为 FMTMF(第 $$$1$$$ 个人和第…
2026-10-04T12:25:34.7031028Z   ✓ note[1]: 交互过程如下：…
2026-10-04T12:25:44.4854925Z   ✓ note[2]: 查询 1(? 5 1 2 3 4 5)：你把所有人都送进房间。该群体包含 $$$1$$$ Tho…
2026-10-04T12:25:59.0556705Z   ✓ note[3]: 询问 2(? 3 1 2 5)：你将人员 $$$1$$$、$$$2$$$ 和 $$$5$$$ 派…
2026-10-04T12:25:59.3571636Z Done: 60 segment(s) translated (hit limit 60).
2026-10-04T12:25:59.3692211Z ##[group]Run CF_STATEMENTS=0 TRANSLATE=0 node scripts/update-data.mjs
2026-10-04T12:25:59.3692751Z [36;1mCF_STATEMENTS=0 TRANSLATE=0 node scripts/update-data.mjs[0m
2026-10-04T12:25:59.3754139Z shell: /usr/bin/bash -e {0}
2026-10-04T12:25:59.3754389Z env:
2026-10-04T12:25:59.3757209Z   GITHUB_TOKEN: ***
2026-10-04T12:25:59.3757439Z ##[endgroup]
2026-10-04T12:25:59.5059649Z Discovering daily problem folders...
2026-10-04T12:26:00.6597288Z Found 814 days, syncing the most recent 814.
2026-10-04T12:26:01.2644932Z   2026-10-05: 2 problems
2026-10-04T12:26:01.5415960Z   2026-10-03: 2 problems
2026-10-04T12:26:01.8282038Z   2026-10-02: 2 problems
2026-10-04T12:26:02.0974973Z   2026-10-01: 2 problems
2026-10-04T12:26:02.3597701Z   2026-09-30: 2 problems
2026-10-04T12:26:02.6408593Z   2026-09-29: 2 problems
2026-10-04T12:26:02.9038883Z   2026-09-28: 2 problems
2026-10-04T12:26:03.1853685Z   2026-09-26: 2 problems
2026-10-04T12:26:03.4698770Z   2026-09-25: 2 problems
2026-10-04T12:26:03.7538384Z   2026-09-24: 2 problems
2026-10-04T12:26:04.0298372Z   2026-09-23: 2 problems
2026-10-04T12:26:04.3338617Z   2026-09-22: 2 problems
2026-10-04T12:26:04.6199187Z   2026-09-21: 2 problems
2026-10-04T12:26:04.8835457Z   2026-09-19: 2 problems
2026-10-04T12:26:05.1802000Z   2026-09-18: 2 problems
2026-10-04T12:26:05.4349255Z   2026-09-17: 2 problems
2026-10-04T12:26:05.7173911Z   2026-09-16: 2 problems
2026-10-04T12:26:05.9938211Z   2026-09-15: 2 problems
2026-10-04T12:26:06.1671730Z   2026-09-14: 2 problems
2026-10-04T12:26:06.4167799Z   2026-09-12: 2 problems
2026-10-04T12:26:06.6726198Z   2026-09-11: 2 problems
2026-10-04T12:26:06.9642405Z   2026-09-10: 2 problems
2026-10-04T12:26:07.2273744Z   2026-09-09: 2 problems
2026-10-04T12:26:07.4935797Z   2026-09-08: 2 problems
2026-10-04T12:26:07.7616434Z   2026-09-07: 2 problems
2026-10-04T12:26:08.0551838Z   2026-09-05: 2 problems
2026-10-04T12:26:08.3232797Z   2026-09-04: 2 problems
2026-10-04T12:26:08.6297307Z   2026-09-03: 2 problems
2026-10-04T12:26:08.8905394Z   2026-09-02: 2 problems
2026-10-04T12:26:09.1586372Z   2026-09-01: 2 problems
2026-10-04T12:26:09.4168747Z   2026-08-31: 2 problems
2026-10-04T12:26:09.7001656Z   2026-08-29: 2 problems
2026-10-04T12:26:09.9516520Z   2026-08-28: 2 problems
2026-10-04T12:26:10.2337957Z   2026-08-27: 2 problems
2026-10-04T12:26:10.4921225Z   2026-08-26: 2 problems
2026-10-04T12:26:10.7620392Z   2026-08-25: 2 problems
2026-10-04T12:26:11.0172705Z   2026-08-24: 2 problems
2026-10-04T12:26:11.2900076Z   2026-08-22: 2 problems
2026-10-04T12:26:11.5934962Z   2026-08-21: 2 problems
2026-10-04T12:26:11.8880973Z   2026-08-20: 2 problems
2026-10-04T12:26:12.1601741Z   2026-08-19: 2 problems
2026-10-04T12:26:12.4323904Z   2026-08-18: 2 problems
2026-10-04T12:26:12.6971817Z   2026-08-17: 2 problems
2026-10-04T12:26:12.9898949Z   2026-08-15: 2 problems
2026-10-04T12:26:13.2619996Z   2026-08-14: 2 problems
2026-10-04T12:26:13.5233141Z   2026-08-13: 2 problems
2026-10-04T12:26:13.7888940Z   2026-08-12: 2 problems
2026-10-04T12:26:14.0565052Z   2026-08-11: 2 problems
2026-10-04T12:26:14.3319878Z   2026-08-10: 2 problems
2026-10-04T12:26:14.5954477Z   2026-08-08: 2 problems
2026-10-04T12:26:14.8648676Z   2026-08-07: 2 problems
2026-10-04T12:26:15.1291991Z   2026-08-06: 2 problems
2026-10-04T12:26:15.3868719Z   2026-08-05: 2 problems
2026-10-04T12:26:15.6536721Z   2026-08-04: 2 problems
2026-10-04T12:26:15.9429826Z   2026-08-03: 2 problems
2026-10-04T12:26:16.1993702Z   2026-08-01: 2 problems
2026-10-04T12:26:16.3758594Z   2026-07-31: 2 problems
2026-10-04T12:26:16.6294352Z   2026-07-30: 2 problems
2026-10-04T12:26:16.8878783Z   2026-07-29: 2 problems
2026-10-04T12:26:17.1707612Z   2026-07-28: 2 problems
2026-10-04T12:26:17.4368311Z   2026-07-27: 2 problems
2026-10-04T12:26:17.7389569Z   2026-07-25: 2 problems
2026-10-04T12:26:18.0047802Z   2026-07-24: 2 problems
2026-10-04T12:26:18.2696544Z   2026-07-23: 2 problems
2026-10-04T12:26:18.5417416Z   2026-07-22: 2 problems
2026-10-04T12:26:18.8286332Z   2026-07-21: 2 problems
2026-10-04T12:26:19.1052001Z   2026-07-16: 2 problems
2026-10-04T12:26:19.3590187Z   2026-07-15: 2 problems
2026-10-04T12:26:19.6199697Z   2026-07-14: 2 problems
2026-10-04T12:26:19.8882719Z   2026-07-13: 2 problems
2026-10-04T12:26:20.1545807Z   2026-07-11: 2 problems
2026-10-04T12:26:20.4229702Z   2026-07-10: 2 problems
2026-10-04T12:26:20.6810841Z   2026-07-09: 2 problems
2026-10-04T12:26:20.9481832Z   2026-07-08: 2 problems
2026-10-04T12:26:21.2191289Z   2026-07-07: 2 problems
2026-10-04T12:26:21.4719528Z   2026-07-06: 2 problems
2026-10-04T12:26:21.7310476Z   2026-07-04: 2 problems
2026-10-04T12:26:21.9922414Z   2026-07-03: 2 problems
2026-10-04T12:26:22.2536642Z   2026-07-02: 2 problems
2026-10-04T12:26:22.6431613Z   2026-07-01: 2 problems
2026-10-04T12:26:22.9091508Z   2026-06-30: 2 problems
2026-10-04T12:26:23.1659157Z   2026-06-29: 2 problems
2026-10-04T12:26:23.4302653Z   2026-06-27: 2 problems
2026-10-04T12:26:23.7004000Z   2026-06-26: 2 problems
2026-10-04T12:26:23.9686505Z   2026-06-25: 2 problems
2026-10-04T12:26:24.2384461Z   2026-06-24: 2 problems
2026-10-04T12:26:24.5249337Z   2026-06-23: 2 problems
2026-10-04T12:26:24.7934837Z   2026-06-22: 2 problems
2026-10-04T12:26:24.9708737Z   2026-06-20: 1 problems
2026-10-04T12:26:25.2804071Z   2026-06-19: 2 problems
2026-10-04T12:26:25.5491141Z   2026-06-18: 2 problems
2026-10-04T12:26:25.8081819Z   2026-06-17: 2 problems
2026-10-04T12:26:26.0640666Z   2026-06-16: 2 problems
2026-10-04T12:26:26.3232165Z   2026-06-15: 2 problems
2026-10-04T12:26:26.6030172Z   2026-06-13: 2 problems
2026-10-04T12:26:26.8633973Z   2026-06-12: 2 problems
2026-10-04T12:26:27.1526481Z   2026-06-11: 2 problems
2026-10-04T12:26:27.4668415Z   2026-06-10: 2 problems
2026-10-04T12:26:27.7219916Z   2026-06-09: 2 problems
2026-10-04T12:26:27.9856189Z   2026-06-08: 2 problems
2026-10-04T12:26:28.2597415Z   2026-06-06: 2 problems
2026-10-04T12:26:28.5353536Z   2026-06-05: 2 problems
2026-10-04T12:26:28.8425338Z   2026-06-04: 2 problems
2026-10-04T12:26:29.0048085Z   2026-06-03: 2 problems
2026-10-04T12:26:29.3112517Z   2026-06-02: 2 problems
2026-10-04T12:26:29.6839636Z   2026-06-01: 2 problems
2026-10-04T12:26:30.0223925Z   2026-05-30: 2 problems
2026-10-04T12:26:30.3417238Z   2026-05-29: 2 problems
2026-10-04T12:26:30.6571206Z   2026-05-28: 2 problems
2026-10-04T12:26:30.9508703Z   2026-05-27: 2 problems
2026-10-04T12:26:31.1372586Z   2026-05-26: 2 problems
2026-10-04T12:26:31.4582569Z   2026-05-25: 2 problems
2026-10-04T12:26:31.7804864Z   2026-05-23: 2 problems
2026-10-04T12:26:32.0664507Z   2026-05-22: 2 problems
2026-10-04T12:26:32.3679247Z   2026-05-21: 2 problems
2026-10-04T12:26:32.6958129Z   2026-05-20: 2 problems
2026-10-04T12:26:32.9481406Z   2026-05-19: 2 problems
2026-10-04T12:26:33.2188265Z   2026-05-18: 2 problems
2026-10-04T12:26:33.5245322Z   2026-05-16: 2 problems
2026-10-04T12:26:33.7813840Z   2026-05-15: 2 problems
2026-10-04T12:26:34.0324810Z   2026-05-14: 2 problems
2026-10-04T12:26:34.3044237Z   2026-05-13: 2 problems
2026-10-04T12:26:34.5775594Z   2026-05-12: 2 problems
2026-10-04T12:26:34.8441740Z   2026-05-11: 2 problems
2026-10-04T12:26:35.0922395Z   2026-05-09: 2 problems
2026-10-04T12:26:35.3536908Z   2026-05-08: 2 problems
2026-10-04T12:26:35.6126796Z   2026-05-07: 2 problems
2026-10-04T12:26:35.8692741Z   2026-05-06: 2 problems
2026-10-04T12:26:36.1174899Z   2026-05-05: 2 problems
2026-10-04T12:26:36.3711141Z   2026-05-04: 2 problems
2026-10-04T12:26:36.6492369Z   2026-05-02: 2 problems
2026-10-04T12:26:36.9252948Z   2026-05-01: 2 problems
2026-10-04T12:26:37.1938530Z   2026-04-30: 2 problems
2026-10-04T12:26:37.4572312Z   2026-04-29: 2 problems
2026-10-04T12:26:37.7087293Z   2026-04-28: 2 problems
2026-10-04T12:26:37.9558919Z   2026-04-27: 2 problems
2026-10-04T12:26:38.2129074Z   2026-04-25: 2 problems
2026-10-04T12:26:38.4749392Z   2026-04-24: 2 problems
2026-10-04T12:26:38.7355675Z   2026-04-23: 2 problems
2026-10-04T12:26:39.0052669Z   2026-04-22: 2 problems
2026-10-04T12:26:39.2564114Z   2026-04-21: 2 problems
2026-10-04T12:26:39.5272868Z   2026-04-20: 2 problems
2026-10-04T12:26:39.7683148Z   2026-04-18: 2 problems
2026-10-04T12:26:40.0465728Z   2026-04-17: 2 problems
2026-10-04T12:26:40.3218858Z   2026-04-16: 2 problems
2026-10-04T12:26:40.5790355Z   2026-04-15: 2 problems
2026-10-04T12:26:40.8287632Z   2026-04-14: 2 problems
2026-10-04T12:26:41.1027946Z   2026-04-13: 2 problems
2026-10-04T12:26:41.4095778Z   2026-04-11: 2 problems
2026-10-04T12:26:41.6766907Z   2026-04-10: 2 problems
2026-10-04T12:26:41.9277593Z   2026-04-09: 2 problems
2026-10-04T12:26:42.0911965Z   2026-04-08: 2 problems
2026-10-04T12:26:42.3404904Z   2026-04-07: 2 problems
2026-10-04T12:26:42.5940973Z   2026-04-06: 2 problems
2026-10-04T12:26:42.8844611Z   2026-04-04: 2 problems
2026-10-04T12:26:43.1377678Z   2026-04-03: 2 problems
2026-10-04T12:26:43.4497954Z   2026-04-02: 2 problems
2026-10-04T12:26:43.6964510Z   2026-04-01: 2 problems
2026-10-04T12:26:43.9590819Z   2026-03-31: 2 problems
2026-10-04T12:26:44.2282444Z   2026-03-30: 2 problems
2026-10-04T12:26:44.4966371Z   2026-03-28: 2 problems
2026-10-04T12:26:44.7818435Z   2026-03-27: 2 problems
2026-10-04T12:26:45.0374256Z   2026-03-26: 2 problems
2026-10-04T12:26:45.2931054Z   2026-03-25: 2 problems
2026-10-04T12:26:45.5632252Z   2026-03-24: 2 problems
2026-10-04T12:26:45.8144428Z   2026-03-23: 2 problems
2026-10-04T12:26:46.0767167Z   2026-03-21: 2 problems
2026-10-04T12:26:46.3278107Z   2026-03-20: 2 problems
2026-10-04T12:26:46.5774836Z   2026-03-19: 2 problems
2026-10-04T12:26:46.8468037Z   2026-03-18: 2 problems
2026-10-04T12:26:47.1170562Z   2026-03-17: 2 problems
2026-10-04T12:26:47.3975478Z   2026-03-16: 2 problems
2026-10-04T12:26:47.6487897Z   2026-03-14: 2 problems
2026-10-04T12:26:47.9064221Z   2026-03-13: 2 problems
2026-10-04T12:26:48.1618679Z   2026-03-12: 2 problems
2026-10-04T12:26:48.4138565Z   2026-03-11: 2 problems
2026-10-04T12:26:48.6778419Z   2026-03-10: 2 problems
2026-10-04T12:26:48.9358042Z   2026-03-09: 2 problems
2026-10-04T12:26:49.1939238Z   2026-03-07: 2 problems
2026-10-04T12:26:49.4498872Z   2026-03-06: 2 problems
2026-10-04T12:26:49.7361775Z   2026-03-05: 2 problems
2026-10-04T12:26:49.9818598Z   2026-03-04: 2 problems
2026-10-04T12:26:50.3088771Z   2026-03-03: 2 problems
2026-10-04T12:26:50.5865437Z   2026-03-02: 2 problems
2026-10-04T12:26:50.9006359Z   2026-02-28: 2 problems
2026-10-04T12:26:51.1537890Z   2026-02-27: 2 problems
2026-10-04T12:26:51.4204554Z   2026-02-26: 2 problems
2026-10-04T12:26:51.6686309Z   2026-02-25: 2 problems
2026-10-04T12:26:51.9281915Z   2026-02-24: 2 problems
2026-10-04T12:26:52.2055411Z   2026-02-23: 2 problems
2026-10-04T12:26:52.4830141Z   2026-02-21: 2 problems
2026-10-04T12:26:52.7355576Z   2026-02-20: 2 problems
2026-10-04T12:26:53.0010491Z   2026-02-19: 2 problems
2026-10-04T12:26:53.2740385Z   2026-02-18: 2 problems
2026-10-04T12:26:53.5555184Z   2026-02-17: 2 problems
2026-10-04T12:26:53.8719985Z   2026-02-16: 2 problems
2026-10-04T12:26:54.1252606Z   2026-02-14: 2 problems
2026-10-04T12:26:54.3698661Z   2026-02-13: 2 problems
2026-10-04T12:26:54.6258704Z   2026-02-12: 2 problems
2026-10-04T12:26:54.8740076Z   2026-02-11: 2 problems
2026-10-04T12:26:55.1403251Z   2026-02-10: 2 problems
2026-10-04T12:26:55.4016414Z   2026-02-09: 2 problems
2026-10-04T12:26:55.6576240Z   2026-02-07: 2 problems
2026-10-04T12:26:55.9532850Z   2026-02-06: 2 problems
2026-10-04T12:26:56.2063745Z   2026-02-05: 2 problems
2026-10-04T12:26:56.4798626Z   2026-02-04: 2 problems
2026-10-04T12:26:56.7440727Z   2026-02-03: 2 problems
2026-10-04T12:26:56.9844083Z   2026-02-02: 2 problems
2026-10-04T12:26:57.2458583Z   2026-01-31: 2 problems
2026-10-04T12:26:57.5221297Z   2026-01-30: 2 problems
2026-10-04T12:26:57.7911500Z   2026-01-29: 2 problems
2026-10-04T12:26:58.0427418Z   2026-01-28: 2 problems
2026-10-04T12:26:58.3204843Z   2026-01-27: 2 problems
2026-10-04T12:26:58.5795890Z   2026-01-26: 2 problems
2026-10-04T12:26:58.9050946Z   2026-01-24: 2 problems
2026-10-04T12:26:59.3454598Z   2026-01-23: 2 problems
2026-10-04T12:26:59.5916447Z   2026-01-22: 2 problems
2026-10-04T12:26:59.9283127Z   2026-01-21: 2 problems
2026-10-04T12:27:00.1970365Z   2026-01-20: 2 problems
2026-10-04T12:27:00.5354671Z   2026-01-19: 2 problems
2026-10-04T12:27:00.8069932Z   2026-01-17: 2 problems
2026-10-04T12:27:01.0714877Z   2026-01-16: 2 problems
2026-10-04T12:27:01.4186671Z   2026-01-15: 2 problems
2026-10-04T12:27:01.7546326Z   2026-01-14: 2 problems
2026-10-04T12:27:02.0185361Z   2026-01-13: 2 problems
2026-10-04T12:27:02.3039691Z   2026-01-12: 2 problems
2026-10-04T12:27:02.5639461Z   2026-01-10: 2 problems
2026-10-04T12:27:02.8569191Z   2026-01-09: 2 problems
2026-10-04T12:27:03.1476314Z   2026-01-08: 2 problems
2026-10-04T12:27:03.4008206Z   2026-01-07: 2 problems
2026-10-04T12:27:03.6880284Z   2026-01-06: 2 problems
2026-10-04T12:27:03.9572092Z   2026-01-05: 2 problems
2026-10-04T12:27:04.2878937Z   2026-01-03: 2 problems
2026-10-04T12:27:04.5649875Z   2026-01-02: 2 problems
2026-10-04T12:27:04.8252502Z   2026-01-01: 2 problems
2026-10-04T12:27:05.1045923Z   2025-12-31: 2 problems
2026-10-04T12:27:05.3796007Z   2025-12-30: 2 problems
2026-10-04T12:27:05.6577691Z   2025-12-29: 2 problems
2026-10-04T12:27:05.9415547Z   2025-12-27: 2 problems
2026-10-04T12:27:06.2066528Z   2025-12-26: 2 problems
2026-10-04T12:27:06.4912855Z   2025-12-25: 2 problems
2026-10-04T12:27:06.7475650Z   2025-12-24: 2 problems
2026-10-04T12:27:07.0074821Z   2025-12-23: 2 problems
2026-10-04T12:27:07.2907445Z   2025-12-22: 2 problems
2026-10-04T12:27:07.5657794Z   2025-12-20: 2 problems
2026-10-04T12:27:07.8449075Z   2025-12-19: 2 problems
2026-10-04T12:27:08.2021162Z   2025-12-18: 2 problems
2026-10-04T12:27:08.4702346Z   2025-12-17: 2 problems
2026-10-04T12:27:08.7274762Z   2025-12-16: 2 problems
2026-10-04T12:27:08.9839034Z   2025-12-15: 2 problems
2026-10-04T12:27:09.2432150Z   2025-12-13: 2 problems
2026-10-04T12:27:09.5027405Z   2025-12-12: 2 problems
2026-10-04T12:27:09.7574605Z   2025-12-11: 2 problems
2026-10-04T12:27:10.0154281Z   2025-12-10: 2 problems
2026-10-04T12:27:10.2800934Z   2025-12-09: 2 problems
2026-10-04T12:27:10.4478988Z   2025-12-08: 2 problems
2026-10-04T12:27:10.7147540Z   2025-12-06: 2 problems
2026-10-04T12:27:10.9914446Z   2025-12-05: 2 problems
2026-10-04T12:27:11.2860421Z   2025-12-04: 2 problems
2026-10-04T12:27:11.6044331Z   2025-12-03: 2 problems
2026-10-04T12:27:11.8685817Z   2025-12-02: 2 problems
2026-10-04T12:27:12.1334456Z   2025-12-01: 2 problems
2026-10-04T12:27:12.4266648Z   2025-11-29: 2 problems
2026-10-04T12:27:12.6997834Z   2025-11-28: 2 problems
2026-10-04T12:27:12.9746671Z   2025-11-27: 2 problems
2026-10-04T12:27:13.2483820Z   2025-11-26: 2 problems
2026-10-04T12:27:13.5211835Z   2025-11-25: 2 problems
2026-10-04T12:27:13.7910154Z   2025-11-24: 2 problems
2026-10-04T12:27:14.0801696Z   2025-11-22: 2 problems
2026-10-04T12:27:14.3508347Z   2025-11-21: 2 problems
2026-10-04T12:27:14.6108472Z   2025-11-20: 2 problems
2026-10-04T12:27:14.8730872Z   2025-11-19: 2 problems
2026-10-04T12:27:15.1385719Z   2025-11-18: 2 problems
2026-10-04T12:27:15.3911328Z   2025-11-17: 2 problems
2026-10-04T12:27:15.6556339Z   2025-11-15: 2 problems
2026-10-04T12:27:15.9382910Z   2025-11-14: 2 problems
2026-10-04T12:27:16.1985622Z   2025-11-13: 2 problems
2026-10-04T12:27:16.4590853Z   2025-11-12: 2 problems
2026-10-04T12:27:16.7632191Z   2025-11-11: 2 problems
2026-10-04T12:27:17.0601229Z   2025-11-10: 2 problems
2026-10-04T12:27:17.3264989Z   2025-11-08: 2 problems
2026-10-04T12:27:17.5947548Z   2025-11-07: 2 problems
2026-10-04T12:27:17.8513512Z   2025-11-06: 2 problems
2026-10-04T12:27:18.1183895Z   2025-11-05: 2 problems
2026-10-04T12:27:18.3871035Z   2025-11-04: 2 problems
2026-10-04T12:27:18.6901289Z   2025-11-03: 2 problems
2026-10-04T12:27:18.9506126Z   2025-11-01: 2 problems
2026-10-04T12:27:19.1295280Z   2025-10-31: 2 problems
2026-10-04T12:27:19.3897323Z   2025-10-30: 2 problems
2026-10-04T12:27:19.6671918Z   2025-10-29: 2 problems
2026-10-04T12:27:19.9517014Z   2025-10-28: 2 problems
2026-10-04T12:27:20.2115680Z   2025-10-27: 2 problems
2026-10-04T12:27:20.4912759Z   2025-10-25: 2 problems
2026-10-04T12:27:20.7603078Z   2025-10-24: 2 problems
2026-10-04T12:27:21.0350981Z   2025-10-23: 2 problems
2026-10-04T12:27:21.3238782Z   2025-10-22: 2 problems
2026-10-04T12:27:21.5960669Z   2025-10-21: 2 problems
2026-10-04T12:27:21.8698009Z   2025-10-20: 2 problems
2026-10-04T12:27:22.1274968Z   2025-10-18: 2 problems
2026-10-04T12:27:22.3963756Z   2025-10-17: 2 problems
2026-10-04T12:27:22.6582458Z   2025-10-16: 2 problems
2026-10-04T12:27:22.9270203Z   2025-10-15: 2 problems
2026-10-04T12:27:23.2075717Z   2025-10-14: 2 problems
2026-10-04T12:27:23.4588662Z   2025-10-13: 2 problems
2026-10-04T12:27:23.7233594Z   2025-10-11: 2 problems
2026-10-04T12:27:23.9789614Z   2025-10-10: 2 problems
2026-10-04T12:27:24.2378252Z   2025-10-09: 2 problems
2026-10-04T12:27:24.5388898Z   2025-10-08: 2 problems
2026-10-04T12:27:24.7928870Z   2025-10-07: 2 problems
2026-10-04T12:27:25.0659228Z   2025-10-06: 2 problems
2026-10-04T12:27:25.3555244Z   2025-10-04: 2 problems
2026-10-04T12:27:25.6320309Z   2025-10-03: 2 problems
2026-10-04T12:27:25.9212648Z   2025-10-02: 2 problems
2026-10-04T12:27:26.1830812Z   2025-10-01: 2 problems
2026-10-04T12:27:26.4415761Z   2025-09-30: 2 problems
2026-10-04T12:27:26.7059878Z   2025-09-29: 2 problems
2026-10-04T12:27:26.9893830Z   2025-09-27: 2 problems
2026-10-04T12:27:27.2509436Z   2025-09-26: 2 problems
2026-10-04T12:27:27.5227065Z   2025-09-25: 2 problems
2026-10-04T12:27:27.7999206Z   2025-09-24: 2 problems
2026-10-04T12:27:28.0789780Z   2025-09-23: 2 problems
2026-10-04T12:27:28.3417385Z   2025-09-22: 2 problems
2026-10-04T12:27:28.6134329Z   2025-09-20: 2 problems
2026-10-04T12:27:28.8671173Z   2025-09-19: 2 problems
2026-10-04T12:27:29.1244619Z   2025-09-18: 2 problems
2026-10-04T12:27:29.3927656Z   2025-09-17: 2 problems
2026-10-04T12:27:29.6553481Z   2025-09-16: 2 problems
2026-10-04T12:27:29.9600317Z   2025-09-15: 2 problems
2026-10-04T12:27:30.2159653Z   2025-09-13: 2 problems
2026-10-04T12:27:30.4878635Z   2025-09-12: 2 problems
2026-10-04T12:27:30.7653853Z   2025-09-11: 2 problems
2026-10-04T12:27:31.0382401Z   2025-09-10: 2 problems
2026-10-04T12:27:31.3098557Z   2025-09-09: 2 problems
2026-10-04T12:27:31.5772488Z   2025-09-08: 2 problems
2026-10-04T12:27:31.8696058Z   2025-09-06: 2 problems
2026-10-04T12:27:32.1626718Z   2025-09-05: 2 problems
2026-10-04T12:27:32.4404828Z   2025-09-04: 2 problems
2026-10-04T12:27:32.7034976Z   2025-09-03: 2 problems
2026-10-04T12:27:32.9657386Z   2025-09-02: 2 problems
2026-10-04T12:27:33.2387961Z   2025-09-01: 2 problems
2026-10-04T12:27:33.4987986Z   2025-08-30: 2 problems
2026-10-04T12:27:33.7658773Z   2025-08-29: 2 problems
2026-10-04T12:27:34.0396665Z   2025-08-28: 2 problems
2026-10-04T12:27:34.2969537Z   2025-08-27: 2 problems
2026-10-04T12:27:34.5496976Z   2025-08-26: 2 problems
2026-10-04T12:27:34.8082171Z   2025-08-25: 2 problems
2026-10-04T12:27:35.0623744Z   2025-08-23: 2 problems
2026-10-04T12:27:35.3291174Z   2025-08-22: 2 problems
2026-10-04T12:27:35.5829560Z   2025-08-21: 2 problems
2026-10-04T12:27:35.8691052Z   2025-08-20: 2 problems
2026-10-04T12:27:36.1412411Z   2025-08-19: 2 problems
2026-10-04T12:27:36.4082545Z   2025-08-18: 2 problems
2026-10-04T12:27:36.6736354Z   2025-08-16: 2 problems
2026-10-04T12:27:36.9440342Z   2025-08-15: 2 problems
2026-10-04T12:27:37.2254526Z   2025-08-14: 2 problems
2026-10-04T12:27:37.5012812Z   2025-08-13: 2 problems
2026-10-04T12:27:37.7554085Z   2025-08-12: 2 problems
2026-10-04T12:27:38.0155579Z   2025-08-11: 2 problems
2026-10-04T12:27:38.3055178Z   2025-08-09: 2 problems
2026-10-04T12:27:38.5908620Z   2025-08-08: 2 problems
2026-10-04T12:27:38.8492813Z   2025-08-07: 2 problems
2026-10-04T12:27:39.1312491Z   2025-08-06: 2 problems
2026-10-04T12:27:39.3849292Z   2025-08-05: 2 problems
2026-10-04T12:27:39.6563153Z   2025-08-04: 2 problems
2026-10-04T12:27:39.9100273Z   2025-08-02: 2 problems
2026-10-04T12:27:40.1711524Z   2025-08-01: 2 problems
2026-10-04T12:27:40.4594973Z   2025-07-31: 2 problems
2026-10-04T12:27:40.7257232Z   2025-07-30: 2 problems
2026-10-04T12:27:40.9857929Z   2025-07-29: 2 problems
2026-10-04T12:27:41.2654808Z   2025-07-28: 2 problems
2026-10-04T12:27:41.5394621Z   2025-07-26: 2 problems
2026-10-04T12:27:41.8139934Z   2025-07-25: 2 problems
2026-10-04T12:27:42.0829352Z   2025-07-24: 2 problems
2026-10-04T12:27:42.3723798Z   2025-07-23: 2 problems
2026-10-04T12:27:42.6334520Z   2025-07-22: 2 problems
2026-10-04T12:27:42.9143563Z   2025-07-21: 2 problems
2026-10-04T12:27:43.1938212Z   2025-07-19: 2 problems
2026-10-04T12:27:43.4622227Z   2025-07-18: 2 problems
2026-10-04T12:27:43.7258595Z   2025-07-17: 2 problems
2026-10-04T12:27:43.9847939Z   2025-07-16: 2 problems
2026-10-04T12:27:44.2392456Z   2025-07-15: 2 problems
2026-10-04T12:27:44.5085865Z   2025-07-14: 2 problems
2026-10-04T12:27:44.7812302Z   2025-07-12: 2 problems
2026-10-04T12:27:45.0350258Z   2025-07-11: 2 problems
2026-10-04T12:27:45.3031694Z   2025-07-10: 2 problems
2026-10-04T12:27:45.5998977Z   2025-07-09: 2 problems
2026-10-04T12:27:45.8681586Z   2025-07-08: 2 problems
2026-10-04T12:27:46.1477099Z   2025-07-07: 2 problems
2026-10-04T12:27:46.4080081Z   2025-07-05: 2 problems
2026-10-04T12:27:46.6833899Z   2025-07-04: 2 problems
2026-10-04T12:27:46.9423547Z   2025-07-03: 2 problems
2026-10-04T12:27:47.2041353Z   2025-07-02: 2 problems
2026-10-04T12:27:47.4720600Z   2025-07-01: 2 problems
2026-10-04T12:27:47.7666517Z   2025-06-30: 2 problems
2026-10-04T12:27:48.0406205Z   2025-06-28: 2 problems
2026-10-04T12:27:48.3028306Z   2025-06-27: 2 problems
2026-10-04T12:27:48.5700784Z   2025-06-26: 2 problems
2026-10-04T12:27:48.8253261Z   2025-06-25: 2 problems
2026-10-04T12:27:49.0935972Z   2025-06-24: 2 problems
2026-10-04T12:27:49.3471888Z   2025-06-23: 2 problems
2026-10-04T12:27:49.5235431Z   2025-06-21: 2 problems
2026-10-04T12:27:49.7844939Z   2025-06-20: 2 problems
2026-10-04T12:27:50.0335977Z   2025-06-19: 2 problems
2026-10-04T12:27:50.3265618Z   2025-06-18: 2 problems
2026-10-04T12:27:50.6169828Z   2025-06-17: 2 problems
2026-10-04T12:27:50.8927436Z   2025-06-16: 2 problems
2026-10-04T12:27:51.1698858Z   2025-06-14: 2 problems
2026-10-04T12:27:51.4255230Z   2025-06-13: 2 problems
2026-10-04T12:27:51.7184116Z   2025-06-12: 2 problems
2026-10-04T12:27:52.0104163Z   2025-06-11: 2 problems
2026-10-04T12:27:52.2986453Z   2025-06-10: 2 problems
2026-10-04T12:27:52.5585624Z   2025-06-09: 2 problems
2026-10-04T12:27:52.8122517Z   2025-06-07: 2 problems
2026-10-04T12:27:53.0915793Z   2025-06-06: 2 problems
2026-10-04T12:27:53.3620569Z   2025-06-05: 2 problems
2026-10-04T12:27:53.6232116Z   2025-06-04: 2 problems
2026-10-04T12:27:53.8871691Z   2025-06-03: 2 problems
2026-10-04T12:27:54.1683913Z   2025-06-02: 2 problems
2026-10-04T12:27:54.4421353Z   2025-05-31: 2 problems
2026-10-04T12:27:54.7039824Z   2025-05-30: 2 problems
2026-10-04T12:27:54.9797141Z   2025-05-29: 2 problems
2026-10-04T12:27:55.2419709Z   2025-05-28: 2 problems
2026-10-04T12:27:55.5248906Z   2025-05-27: 2 problems
2026-10-04T12:27:55.7813869Z   2025-05-26: 2 problems
2026-10-04T12:27:56.0546903Z   2025-05-24: 2 problems
2026-10-04T12:27:56.3332538Z   2025-05-23: 2 problems
2026-10-04T12:27:56.6190777Z   2025-05-22: 2 problems
2026-10-04T12:27:56.8822603Z   2025-05-21: 2 problems
2026-10-04T12:27:57.1821435Z   2025-05-20: 2 problems
2026-10-04T12:27:57.4449484Z   2025-05-19: 2 problems
2026-10-04T12:27:57.6986302Z   2025-05-17: 2 problems
2026-10-04T12:27:57.9550234Z   2025-05-16: 2 problems
2026-10-04T12:27:58.2185259Z   2025-05-15: 2 problems
2026-10-04T12:27:58.4964026Z   2025-05-14: 2 problems
2026-10-04T12:27:58.7617580Z   2025-05-13: 2 problems
2026-10-04T12:27:59.0299119Z   2025-05-12: 2 problems
2026-10-04T12:27:59.2989791Z   2025-05-10: 2 problems
2026-10-04T12:27:59.5554624Z   2025-05-09: 2 problems
2026-10-04T12:27:59.8185477Z   2025-05-08: 2 problems
2026-10-04T12:28:00.0846817Z   2025-05-07: 2 problems
2026-10-04T12:28:00.3746791Z   2025-05-06: 2 problems
2026-10-04T12:28:00.6468330Z   2025-05-05: 2 problems
2026-10-04T12:28:00.9052539Z   2025-05-03: 2 problems
2026-10-04T12:28:01.1737562Z   2025-05-02: 2 problems
2026-10-04T12:28:01.4376101Z   2025-05-01: 2 problems
2026-10-04T12:28:01.7163144Z   2025-04-30: 2 problems
2026-10-04T12:28:01.9882249Z   2025-04-29: 2 problems
2026-10-04T12:28:02.2430287Z   2025-04-28: 2 problems
2026-10-04T12:28:02.5110931Z   2025-04-26: 2 problems
2026-10-04T12:28:02.7806907Z   2025-04-25: 2 problems
2026-10-04T12:28:03.0502667Z   2025-04-24: 2 problems
2026-10-04T12:28:03.3211229Z   2025-04-23: 2 problems
2026-10-04T12:28:03.5949565Z   2025-04-22: 2 problems
2026-10-04T12:28:03.9239297Z   2025-04-21: 2 problems
2026-10-04T12:28:04.3354034Z   2025-04-19: 2 problems
2026-10-04T12:28:04.6645257Z   2025-04-18: 2 problems
2026-10-04T12:28:04.9383259Z   2025-04-17: 2 problems
2026-10-04T12:28:05.2130539Z   2025-04-16: 2 problems
2026-10-04T12:28:05.5325557Z   2025-04-15: 2 problems
2026-10-04T12:28:05.8209757Z   2025-04-14: 2 problems
2026-10-04T12:28:06.0823022Z   2025-04-12: 2 problems
2026-10-04T12:28:06.3472737Z   2025-04-11: 2 problems
2026-10-04T12:28:06.6340930Z   2025-04-10: 2 problems
2026-10-04T12:28:06.8860241Z   2025-04-09: 2 problems
2026-10-04T12:28:07.1689294Z   2025-04-08: 2 problems
2026-10-04T12:28:07.4402343Z   2025-04-07: 2 problems
2026-10-04T12:28:07.7087984Z   2025-04-05: 2 problems
2026-10-04T12:28:08.0068740Z   2025-04-04: 2 problems
2026-10-04T12:28:08.2657955Z   2025-04-03: 2 problems
2026-10-04T12:28:08.5278566Z   2025-04-02: 2 problems
2026-10-04T12:28:08.7880848Z   2025-04-01: 2 problems
2026-10-04T12:28:09.0762850Z   2025-03-31: 2 problems
2026-10-04T12:28:09.3769123Z   2025-03-29: 2 problems
2026-10-04T12:28:09.6448997Z   2025-03-28: 2 problems
2026-10-04T12:28:09.9357171Z   2025-03-27: 2 problems
2026-10-04T12:28:10.1986073Z   2025-03-26: 2 problems
2026-10-04T12:28:10.4759907Z   2025-03-25: 2 problems
2026-10-04T12:28:10.7845174Z   2025-03-24: 2 problems
2026-10-04T12:28:11.0636770Z   2025-03-22: 2 problems
2026-10-04T12:28:11.3390710Z   2025-03-21: 2 problems
2026-10-04T12:28:11.6118476Z   2025-03-20: 2 problems
2026-10-04T12:28:11.8983899Z   2025-03-19: 2 problems
2026-10-04T12:28:12.1555690Z   2025-03-18: 2 problems
2026-10-04T12:28:12.4108376Z   2025-03-17: 2 problems
2026-10-04T12:28:12.6734532Z   2025-03-15: 2 problems
2026-10-04T12:28:12.9825778Z   2025-03-14: 2 problems
2026-10-04T12:28:13.2768408Z   2025-03-13: 2 problems
2026-10-04T12:28:13.5359265Z   2025-03-12: 2 problems
2026-10-04T12:28:13.8355143Z   2025-03-11: 2 problems
2026-10-04T12:28:14.0850517Z   2025-03-10: 2 problems
2026-10-04T12:28:14.3403623Z   2025-03-08: 2 problems
2026-10-04T12:28:14.5976784Z   2025-03-07: 2 problems
2026-10-04T12:28:14.8550476Z   2025-03-06: 2 problems
2026-10-04T12:28:15.1152488Z   2025-03-05: 2 problems
2026-10-04T12:28:15.3682457Z   2025-03-04: 2 problems
2026-10-04T12:28:15.6338856Z   2025-03-03: 2 problems
2026-10-04T12:28:15.8947145Z   2025-03-01: 2 problems
2026-10-04T12:28:16.1550553Z   2025-02-28: 2 problems
2026-10-04T12:28:16.4155758Z   2025-02-27: 2 problems
2026-10-04T12:28:16.7113027Z   2025-02-26: 2 problems
2026-10-04T12:28:17.0699700Z   2025-02-25: 2 problems
2026-10-04T12:28:17.3862693Z   2025-02-24: 2 problems
2026-10-04T12:28:17.6380320Z   2025-02-22: 2 problems
2026-10-04T12:28:17.8972919Z   2025-02-21: 2 problems
2026-10-04T12:28:18.1687271Z   2025-02-20: 2 problems
2026-10-04T12:28:18.4853114Z   2025-02-19: 2 problems
2026-10-04T12:28:18.7518858Z   2025-02-18: 2 problems
2026-10-04T12:28:19.0257908Z   2025-02-17: 2 problems
2026-10-04T12:28:19.2839856Z   2025-02-15: 2 problems
2026-10-04T12:28:19.5501655Z   2025-02-14: 2 problems
2026-10-04T12:28:19.8233224Z   2025-02-13: 2 problems
2026-10-04T12:28:20.0916932Z   2025-02-12: 2 problems
2026-10-04T12:28:20.3495971Z   2025-02-11: 2 problems
2026-10-04T12:28:20.6061367Z   2025-02-10: 2 problems
2026-10-04T12:28:20.9098238Z   2025-02-08: 2 problems
2026-10-04T12:28:21.1627788Z   2025-02-07: 2 problems
2026-10-04T12:28:21.4843795Z   2025-02-06: 2 problems
2026-10-04T12:28:21.7431330Z   2025-02-05: 2 problems
2026-10-04T12:28:21.9926181Z   2025-02-04: 2 problems
2026-10-04T12:28:22.2527329Z   2025-02-03: 2 problems
2026-10-04T12:28:22.5290015Z   2025-02-01: 2 problems
2026-10-04T12:28:22.7968951Z   2025-01-31: 2 problems
2026-10-04T12:28:23.0580464Z   2025-01-30: 2 problems
2026-10-04T12:28:23.3114235Z   2025-01-29: 2 problems
2026-10-04T12:28:23.5701327Z   2025-01-28: 2 problems
2026-10-04T12:28:23.8419403Z   2025-01-27: 2 problems
2026-10-04T12:28:24.1147780Z   2025-01-25: 2 problems
2026-10-04T12:28:24.3706569Z   2025-01-24: 2 problems
2026-10-04T12:28:24.6602216Z   2025-01-23: 2 problems
2026-10-04T12:28:24.9080776Z   2025-01-22: 2 problems
2026-10-04T12:28:25.1627687Z   2025-01-21: 2 problems
2026-10-04T12:28:25.4139386Z   2025-01-20: 2 problems
2026-10-04T12:28:25.6702534Z   2025-01-18: 2 problems
2026-10-04T12:28:25.9557962Z   2025-01-17: 2 problems
2026-10-04T12:28:26.2280119Z   2025-01-16: 2 problems
2026-10-04T12:28:26.4815507Z   2025-01-15: 2 problems
2026-10-04T12:28:26.7504629Z   2025-01-14: 2 problems
2026-10-04T12:28:27.0015336Z   2025-01-13: 2 problems
2026-10-04T12:28:27.2735383Z   2025-01-11: 2 problems
2026-10-04T12:28:27.5284091Z   2025-01-10: 2 problems
2026-10-04T12:28:27.8189428Z   2025-01-09: 2 problems
2026-10-04T12:28:28.0778139Z   2025-01-08: 2 problems
2026-10-04T12:28:28.3362693Z   2025-01-07: 2 problems
2026-10-04T12:28:28.5854847Z   2025-01-06: 2 problems
2026-10-04T12:28:28.8526032Z   2025-01-04: 2 problems
2026-10-04T12:28:29.1129710Z   2025-01-03: 2 problems
2026-10-04T12:28:29.3761957Z   2025-01-02: 2 problems
2026-10-04T12:28:29.6616573Z   2025-01-01: 2 problems
2026-10-04T12:28:29.9235181Z   2024-12-31: 2 problems
2026-10-04T12:28:30.1858967Z   2024-12-30: 2 problems
2026-10-04T12:28:30.4850154Z   2024-12-28: 2 problems
2026-10-04T12:28:30.7422763Z   2024-12-27: 2 problems
2026-10-04T12:28:30.9999829Z   2024-12-26: 2 problems
2026-10-04T12:28:31.2524358Z   2024-12-25: 2 problems
2026-10-04T12:28:31.5580995Z   2024-12-24: 2 problems
2026-10-04T12:28:31.8256099Z   2024-12-23: 2 problems
2026-10-04T12:28:32.0691596Z   2024-12-21: 2 problems
2026-10-04T12:28:32.3391829Z   2024-12-20: 2 problems
2026-10-04T12:28:32.6062590Z   2024-12-19: 2 problems
2026-10-04T12:28:32.8764606Z   2024-12-18: 2 problems
2026-10-04T12:28:33.1507304Z   2024-12-17: 2 problems
2026-10-04T12:28:33.4067745Z   2024-12-16: 2 problems
2026-10-04T12:28:33.6949012Z   2024-12-14: 2 problems
2026-10-04T12:28:33.9776682Z   2024-12-13: 2 problems
2026-10-04T12:28:34.3204815Z   2024-12-12: 2 problems
2026-10-04T12:28:34.6184149Z   2024-12-11: 2 problems
2026-10-04T12:28:34.8762953Z   2024-12-10: 2 problems
2026-10-04T12:28:35.1683642Z   2024-12-09: 2 problems
2026-10-04T12:28:35.4366070Z   2024-12-07: 2 problems
2026-10-04T12:28:35.7199957Z   2024-12-06: 2 problems
2026-10-04T12:28:35.9698451Z   2024-12-05: 2 problems
2026-10-04T12:28:36.2247499Z   2024-12-04: 2 problems
2026-10-04T12:28:36.4772047Z   2024-12-03: 2 problems
2026-10-04T12:28:36.7360333Z   2024-12-02: 2 problems
2026-10-04T12:28:37.0596730Z   2024-11-30: 2 problems
2026-10-04T12:28:37.3385808Z   2024-11-29: 2 problems
2026-10-04T12:28:37.6663877Z   2024-11-28: 2 problems
2026-10-04T12:28:37.9310415Z   2024-11-27: 2 problems
2026-10-04T12:28:38.2066314Z   2024-11-26: 2 problems
2026-10-04T12:28:38.4678674Z   2024-11-25: 2 problems
2026-10-04T12:28:38.7179230Z   2024-11-23: 2 problems
2026-10-04T12:28:38.9747612Z   2024-11-22: 2 problems
2026-10-04T12:28:39.1542276Z   2024-11-21: 2 problems
2026-10-04T12:28:39.4088915Z   2024-11-20: 2 problems
2026-10-04T12:28:39.6806934Z   2024-11-19: 2 problems
2026-10-04T12:28:39.9345353Z   2024-11-18: 2 problems
2026-10-04T12:28:40.2129686Z   2024-11-16: 2 problems
2026-10-04T12:28:40.4652008Z   2024-11-15: 2 problems
2026-10-04T12:28:40.7152741Z   2024-11-14: 2 problems
2026-10-04T12:28:40.9846767Z   2024-11-13: 2 problems
2026-10-04T12:28:41.2357723Z   2024-11-12: 2 problems
2026-10-04T12:28:41.4959032Z   2024-11-11: 2 problems
2026-10-04T12:28:41.7496280Z   2024-11-09: 2 problems
2026-10-04T12:28:42.0132571Z   2024-11-08: 2 problems
2026-10-04T12:28:42.2748124Z   2024-11-07: 2 problems
2026-10-04T12:28:42.5375685Z   2024-11-06: 2 problems
2026-10-04T12:28:42.7936792Z   2024-11-05: 2 problems
2026-10-04T12:28:43.0554408Z   2024-11-04: 2 problems
2026-10-04T12:28:43.3017211Z   2024-11-02: 2 problems
2026-10-04T12:28:43.5587219Z   2024-11-01: 2 problems
2026-10-04T12:28:43.8394023Z   2024-10-31: 2 problems
2026-10-04T12:28:44.1106898Z   2024-10-30: 2 problems
2026-10-04T12:28:44.3634134Z   2024-10-29: 2 problems
2026-10-04T12:28:44.6651800Z   2024-10-28: 2 problems
2026-10-04T12:28:44.9257131Z   2024-10-26: 2 problems
2026-10-04T12:28:45.1841041Z   2024-10-25: 2 problems
2026-10-04T12:28:45.4300612Z   2024-10-24: 2 problems
2026-10-04T12:28:45.7299931Z   2024-10-23: 2 problems
2026-10-04T12:28:45.9919513Z   2024-10-22: 2 problems
2026-10-04T12:28:46.2565442Z   2024-10-21: 2 problems
2026-10-04T12:28:46.5479107Z   2024-10-19: 2 problems
2026-10-04T12:28:46.8056456Z   2024-10-18: 2 problems
2026-10-04T12:28:47.0955835Z   2024-10-17: 2 problems
2026-10-04T12:28:47.3504614Z   2024-10-16: 2 problems
2026-10-04T12:28:47.5989288Z   2024-10-15: 2 problems
2026-10-04T12:28:47.8594222Z   2024-10-14: 2 problems
2026-10-04T12:28:48.1525283Z   2024-10-12: 2 problems
2026-10-04T12:28:48.4161187Z   2024-10-11: 2 problems
2026-10-04T12:28:48.6710471Z   2024-10-10: 2 problems
2026-10-04T12:28:48.9229518Z   2024-10-09: 2 problems
2026-10-04T12:28:49.1741995Z   2024-10-08: 2 problems
2026-10-04T12:28:49.4299274Z   2024-10-07: 2 problems
2026-10-04T12:28:49.7085519Z   2024-10-05: 2 problems
2026-10-04T12:28:49.9633964Z   2024-10-04: 2 problems
2026-10-04T12:28:50.2288472Z   2024-10-03: 2 problems
2026-10-04T12:28:50.5319537Z   2024-10-02: 2 problems
2026-10-04T12:28:50.7889785Z   2024-10-01: 2 problems
2026-10-04T12:28:51.0386974Z   2024-09-30: 2 problems
2026-10-04T12:28:51.3112098Z   2024-09-28: 2 problems
2026-10-04T12:28:51.5637433Z   2024-09-27: 2 problems
2026-10-04T12:28:51.8292428Z   2024-09-26: 2 problems
2026-10-04T12:28:52.0765404Z   2024-09-25: 2 problems
2026-10-04T12:28:52.2578012Z   2024-09-24: 2 problems
2026-10-04T12:28:52.5553902Z   2024-09-23: 2 problems
2026-10-04T12:28:52.8306411Z   2024-09-21: 2 problems
2026-10-04T12:28:53.0786307Z   2024-09-20: 2 problems
2026-10-04T12:28:53.3367970Z   2024-09-19: 2 problems
2026-10-04T12:28:53.6043566Z   2024-09-18: 2 problems
2026-10-04T12:28:53.8593052Z   2024-09-17: 2 problems
2026-10-04T12:28:54.1226229Z   2024-09-16: 2 problems
2026-10-04T12:28:54.3622570Z   2024-09-14: 2 problems
2026-10-04T12:28:54.6218762Z   2024-09-13: 2 problems
2026-10-04T12:28:54.8909151Z   2024-09-12: 2 problems
2026-10-04T12:28:55.1398017Z   2024-09-11: 2 problems
2026-10-04T12:28:55.3954550Z   2024-09-10: 2 problems
2026-10-04T12:28:55.6470155Z   2024-09-09: 2 problems
2026-10-04T12:28:55.9078955Z   2024-09-07: 2 problems
2026-10-04T12:28:56.1690873Z   2024-09-06: 2 problems
2026-10-04T12:28:56.4136431Z   2024-09-05: 2 problems
2026-10-04T12:28:56.6795891Z   2024-09-04: 2 problems
2026-10-04T12:28:56.9571682Z   2024-09-03: 2 problems
2026-10-04T12:28:57.2163036Z   2024-09-02: 2 problems
2026-10-04T12:28:57.4808744Z   2024-08-31: 2 problems
2026-10-04T12:28:57.7413618Z   2024-08-30: 2 problems
2026-10-04T12:28:58.0029540Z   2024-08-29: 2 problems
2026-10-04T12:28:58.2615003Z   2024-08-28: 2 problems
2026-10-04T12:28:58.5149266Z   2024-08-27: 2 problems
2026-10-04T12:28:58.7838745Z   2024-08-26: 2 problems
2026-10-04T12:28:59.0455202Z   2024-08-24: 2 problems
2026-10-04T12:28:59.3108415Z   2024-08-23: 2 problems
2026-10-04T12:28:59.5608364Z   2024-08-22: 2 problems
2026-10-04T12:28:59.8272398Z   2024-08-21: 2 problems
2026-10-04T12:29:00.0958905Z   2024-08-20: 2 problems
2026-10-04T12:29:00.4002444Z   2024-08-19: 2 problems
2026-10-04T12:29:00.6517789Z   2024-08-17: 2 problems
2026-10-04T12:29:00.9099714Z   2024-08-16: 2 problems
2026-10-04T12:29:01.1848169Z   2024-08-15: 2 problems
2026-10-04T12:29:01.4499579Z   2024-08-14: 2 problems
2026-10-04T12:29:01.7360128Z   2024-08-13: 2 problems
2026-10-04T12:29:02.0092288Z   2024-08-12: 2 problems
2026-10-04T12:29:02.2835214Z   2024-08-10: 2 problems
2026-10-04T12:29:02.5530535Z   2024-08-09: 2 problems
2026-10-04T12:29:02.8217268Z   2024-08-08: 2 problems
2026-10-04T12:29:03.0764101Z   2024-08-07: 2 problems
2026-10-04T12:29:03.3320780Z   2024-08-06: 2 problems
2026-10-04T12:29:03.5989044Z   2024-08-05: 2 problems
2026-10-04T12:29:03.8537394Z   2024-08-03: 2 problems
2026-10-04T12:29:04.1043649Z   2024-08-02: 2 problems
2026-10-04T12:29:04.3460250Z   2024-08-01: 2 problems
2026-10-04T12:29:04.6261723Z   2024-07-31: 2 problems
2026-10-04T12:29:04.8838599Z   2024-07-30: 2 problems
2026-10-04T12:29:05.1740439Z   2024-07-29: 2 problems
2026-10-04T12:29:05.4244498Z   2024-07-27: 2 problems
2026-10-04T12:29:05.6988985Z   2024-07-26: 2 problems
2026-10-04T12:29:05.9559472Z   2024-07-25: 2 problems
2026-10-04T12:29:06.2041079Z   2024-07-24: 2 problems
2026-10-04T12:29:06.4804686Z   2024-07-23: 2 problems
2026-10-04T12:29:06.7345689Z   2024-07-22: 2 problems
2026-10-04T12:29:06.9901788Z   2024-07-20: 2 problems
2026-10-04T12:29:07.2357191Z   2024-07-19: 2 problems
2026-10-04T12:29:07.4804254Z   2024-07-18: 2 problems
2026-10-04T12:29:07.7468435Z   2024-07-17: 2 problems
2026-10-04T12:29:07.9885639Z   2024-07-16: 2 problems
2026-10-04T12:29:08.2456933Z   2024-07-15: 2 problems
2026-10-04T12:29:08.4920598Z   2024-07-13: 2 problems
2026-10-04T12:29:08.6645346Z   2024-07-12: 2 problems
2026-10-04T12:29:08.9315399Z   2024-07-11: 2 problems
2026-10-04T12:29:09.1901843Z   2024-07-10: 2 problems
2026-10-04T12:29:09.4631897Z   2024-07-09: 2 problems
2026-10-04T12:29:09.7295201Z   2024-07-08: 2 problems
2026-10-04T12:29:09.9905319Z   2024-07-06: 2 problems
2026-10-04T12:29:10.2419836Z   2024-07-05: 2 problems
2026-10-04T12:29:10.4871291Z   2024-07-04: 2 problems
2026-10-04T12:29:10.7365416Z   2024-07-03: 2 problems
2026-10-04T12:29:11.0025751Z   2024-07-02: 2 problems
2026-10-04T12:29:11.2642112Z   2024-07-01: 2 problems
2026-10-04T12:29:11.5191205Z   2024-06-29: 2 problems
2026-10-04T12:29:11.7654054Z   2024-06-28: 2 problems
2026-10-04T12:29:12.0168407Z   2024-06-27: 2 problems
2026-10-04T12:29:12.2729380Z   2024-06-26: 2 problems
2026-10-04T12:29:12.5264999Z   2024-06-25: 2 problems
2026-10-04T12:29:12.7987569Z   2024-06-24: 2 problems
2026-10-04T12:29:13.0683168Z   2024-06-22: 2 problems
2026-10-04T12:29:13.3208559Z   2024-06-21: 2 problems
2026-10-04T12:29:13.5765651Z   2024-06-20: 2 problems
2026-10-04T12:29:13.8269550Z   2024-06-19: 2 problems
2026-10-04T12:29:14.1079869Z   2024-06-18: 2 problems
2026-10-04T12:29:14.3828543Z   2024-06-17: 2 problems
2026-10-04T12:29:14.6298581Z   2024-06-15: 2 problems
2026-10-04T12:29:14.8842684Z   2024-06-14: 2 problems
2026-10-04T12:29:15.1625298Z   2024-06-13: 2 problems
2026-10-04T12:29:15.4657531Z   2024-06-12: 2 problems
2026-10-04T12:29:15.7567838Z   2024-06-11: 2 problems
2026-10-04T12:29:16.0395724Z   2024-06-10: 2 problems
2026-10-04T12:29:16.2977659Z   2024-06-08: 2 problems
2026-10-04T12:29:16.5633386Z   2024-06-07: 2 problems
2026-10-04T12:29:16.8284394Z   2024-06-06: 2 problems
2026-10-04T12:29:17.1032748Z   2024-06-05: 2 problems
2026-10-04T12:29:17.3888822Z   2024-06-04: 2 problems
2026-10-04T12:29:17.6735606Z   2024-06-03: 2 problems
2026-10-04T12:29:17.9425220Z   2024-06-01: 2 problems
2026-10-04T12:29:18.2235138Z   2024-05-31: 2 problems
2026-10-04T12:29:18.4944677Z   2024-05-30: 2 problems
2026-10-04T12:29:18.7705309Z   2024-05-29: 2 problems
2026-10-04T12:29:19.0236727Z   2024-05-28: 2 problems
2026-10-04T12:29:19.2811987Z   2024-05-27: 2 problems
2026-10-04T12:29:19.5412414Z   2024-05-25: 2 problems
2026-10-04T12:29:19.8122945Z   2024-05-24: 2 problems
2026-10-04T12:29:20.0782110Z   2024-05-23: 2 problems
2026-10-04T12:29:20.3269483Z   2024-05-22: 2 problems
2026-10-04T12:29:20.5895056Z   2024-05-21: 2 problems
2026-10-04T12:29:20.9017329Z   2024-05-20: 2 problems
2026-10-04T12:29:21.1979663Z   2024-05-18: 2 problems
2026-10-04T12:29:21.4693008Z   2024-05-17: 2 problems
2026-10-04T12:29:21.7108880Z   2024-05-16: 2 problems
2026-10-04T12:29:21.9810983Z   2024-05-15: 2 problems
2026-10-04T12:29:22.2605667Z   2024-05-14: 2 problems
2026-10-04T12:29:22.5466159Z   2024-05-13: 2 problems
2026-10-04T12:29:22.7966023Z   2024-05-11: 2 problems
2026-10-04T12:29:23.0535106Z   2024-05-10: 2 problems
2026-10-04T12:29:23.3108263Z   2024-05-09: 2 problems
2026-10-04T12:29:23.5594792Z   2024-05-08: 2 problems
2026-10-04T12:29:23.8293157Z   2024-05-07: 2 problems
2026-10-04T12:29:24.0789061Z   2024-05-06: 2 problems
2026-10-04T12:29:24.3580034Z   2024-05-04: 2 problems
2026-10-04T12:29:24.6222126Z   2024-05-03: 2 problems
2026-10-04T12:29:24.9515279Z   2024-05-02: 2 problems
2026-10-04T12:29:25.2075813Z   2024-05-01: 2 problems
2026-10-04T12:29:25.4879844Z   2024-04-30: 2 problems
2026-10-04T12:29:25.7537866Z   2024-04-29: 2 problems
2026-10-04T12:29:26.0282665Z   2024-04-27: 2 problems
2026-10-04T12:29:26.2709323Z   2024-04-26: 2 problems
2026-10-04T12:29:26.5348821Z   2024-04-25: 2 problems
2026-10-04T12:29:26.8330084Z   2024-04-24: 2 problems
2026-10-04T12:29:27.0969207Z   2024-04-23: 2 problems
2026-10-04T12:29:27.3461129Z   2024-04-22: 2 problems
2026-10-04T12:29:27.6327162Z   2024-04-20: 2 problems
2026-10-04T12:29:27.8991303Z   2024-04-19: 2 problems
2026-10-04T12:29:28.1816467Z   2024-04-18: 2 problems
2026-10-04T12:29:28.4449607Z   2024-04-17: 2 problems
2026-10-04T12:29:28.7293301Z   2024-04-16: 2 problems
2026-10-04T12:29:29.0142158Z   2024-04-15: 2 problems
2026-10-04T12:29:29.2753752Z   2024-04-13: 2 problems
2026-10-04T12:29:29.5440152Z   2024-04-12: 2 problems
2026-10-04T12:29:29.8131260Z   2024-04-11: 2 problems
2026-10-04T12:29:30.0767941Z   2024-04-10: 2 problems
2026-10-04T12:29:30.3697344Z   2024-04-09: 2 problems
2026-10-04T12:29:30.6227279Z   2024-04-08: 2 problems
2026-10-04T12:29:30.8828165Z   2024-04-06: 2 problems
2026-10-04T12:29:31.1538430Z   2024-04-05: 2 problems
2026-10-04T12:29:31.4171778Z   2024-04-04: 2 problems
2026-10-04T12:29:31.6777475Z   2024-04-03: 2 problems
2026-10-04T12:29:31.9326567Z   2024-04-02: 2 problems
2026-10-04T12:29:32.2041578Z   2024-04-01: 2 problems
2026-10-04T12:29:32.4671579Z   2024-03-30: 2 problems
2026-10-04T12:29:32.7279335Z   2024-03-29: 2 problems
2026-10-04T12:29:32.9870276Z   2024-03-28: 2 problems
2026-10-04T12:29:33.2442382Z   2024-03-27: 2 problems
2026-10-04T12:29:33.4952888Z   2024-03-26: 2 problems
2026-10-04T12:29:33.7776845Z   2024-03-25: 2 problems
2026-10-04T12:29:34.2578107Z   2024-03-23: 2 problems
2026-10-04T12:29:34.6952302Z   2024-03-22: 2 problems
2026-10-04T12:29:35.0267874Z   2024-03-21: 2 problems
2026-10-04T12:29:35.3051611Z   2024-03-20: 2 problems
2026-10-04T12:29:35.5862980Z   2024-03-19: 2 problems
2026-10-04T12:29:35.8535597Z   2024-03-18: 2 problems
2026-10-04T12:29:36.1522749Z   2024-03-16: 2 problems
2026-10-04T12:29:36.4149895Z   2024-03-15: 2 problems
2026-10-04T12:29:36.6798938Z   2024-03-14: 2 problems
2026-10-04T12:29:36.9401166Z   2024-03-13: 2 problems
2026-10-04T12:29:37.2034949Z   2024-03-12: 2 problems
2026-10-04T12:29:37.4654860Z   2024-03-11: 2 problems
2026-10-04T12:29:37.7436480Z   2024-03-09: 2 problems
2026-10-04T12:29:38.0161861Z   2024-03-08: 2 problems
2026-10-04T12:29:38.2932822Z   2024-03-07: 2 problems
2026-10-04T12:29:38.5962841Z   2024-03-06: 2 problems
2026-10-04T12:29:38.8544994Z   2024-03-05: 2 problems
2026-10-04T12:29:39.1176890Z   2024-03-04: 2 problems
2026-10-04T12:29:39.3703077Z   2024-03-02: 2 problems
2026-10-04T12:29:39.6685888Z   2024-03-01: 2 problems
2026-10-04T12:29:39.9236723Z   2024-02-29: 2 problems
2026-10-04T12:29:40.1873886Z   2024-02-28: 2 problems
2026-10-04T12:29:40.4678909Z   2024-02-27: 2 problems
2026-10-04T12:29:40.7282519Z   2024-02-26: 2 problems
2026-10-04T12:29:40.7284483Z Building categories...
2026-10-04T12:29:42.9615406Z Wrote /home/runner/work/ys_problem_web/ys_problem_web/data/daily.json (814 days, 21 categories).
2026-10-04T12:29:42.9616329Z Syncing leaderboard (records.js from gh-pages)...
2026-10-04T12:29:43.0651343Z   ✓ 361 players, data through 2026-10-03
2026-10-04T12:29:43.0859023Z ##[group]Run if [ -n "e511e00c4ca474c2c2a87e2efa7563b55934a805" ]; then
2026-10-04T12:29:43.0859559Z [36;1mif [ -n "e511e00c4ca474c2c2a87e2efa7563b55934a805" ]; then[0m
2026-10-04T12:29:43.0860051Z [36;1m  echo "e511e00c4ca474c2c2a87e2efa7563b55934a805" > data/.upstream-sha[0m
2026-10-04T12:29:43.0860433Z [36;1mfi[0m
2026-10-04T12:29:43.0922575Z shell: /usr/bin/bash -e {0}
2026-10-04T12:29:43.0922837Z ##[endgroup]
2026-10-04T12:29:43.1031234Z ##[group]Run git config user.name "github-actions[bot]"
2026-10-04T12:29:43.1032017Z [36;1mgit config user.name "github-actions[bot]"[0m
2026-10-04T12:29:43.1032488Z [36;1mgit config user.email "41898282+github-actions[bot]@users.noreply.github.com"[0m
2026-10-04T12:29:43.1032917Z [36;1mgit add data/[0m
2026-10-04T12:29:43.1033173Z [36;1mif ! git diff --cached --quiet; then[0m
2026-10-04T12:29:43.1033529Z [36;1m  git commit -m "chore: sync daily problems data"[0m
2026-10-04T12:29:43.1033849Z [36;1mfi[0m
2026-10-04T12:29:43.1034158Z [36;1m# A repair batch runs ~45 min; anything pushed to main in that[0m
2026-10-04T12:29:43.1034628Z [36;1m# window (local work, the log job) rejects the push. Rebase over[0m
2026-10-04T12:29:43.1035006Z [36;1m# it and retry a few times.[0m
2026-10-04T12:29:43.1035280Z [36;1mfor i in 1 2 3; do[0m
2026-10-04T12:29:43.1035576Z [36;1m  if git pull --rebase origin main && git push; then[0m
2026-10-04T12:29:43.1035927Z [36;1m    exit 0[0m
2026-10-04T12:29:43.1036127Z [36;1m  fi[0m
2026-10-04T12:29:43.1036388Z [36;1m  echo "push attempt $i failed, retrying after rebase"[0m
2026-10-04T12:29:43.1036713Z [36;1m  sleep 15[0m
2026-10-04T12:29:43.1036918Z [36;1mdone[0m
2026-10-04T12:29:43.1037098Z [36;1mexit 1[0m
2026-10-04T12:29:43.1092067Z shell: /usr/bin/bash -e {0}
2026-10-04T12:29:43.1092326Z ##[endgroup]
2026-10-04T12:29:43.5168087Z [main 2042f85] chore: sync daily problems data
2026-10-04T12:29:43.5169041Z  209 files changed, 13535 insertions(+), 4295 deletions(-)
2026-10-04T12:29:43.5169643Z  create mode 100644 data/statements/gym101047d.json
2026-10-04T12:29:43.5170215Z  create mode 100644 data/statements/gym101047m.json
2026-10-04T12:29:43.9528027Z From https://github.com/Sam5440/ys_problem_web
2026-10-04T12:29:43.9528458Z  * branch            main       -> FETCH_HEAD
2026-10-04T12:29:43.9528785Z    b0a493d..bcb9b8b  main       -> origin/main
2026-10-04T12:29:44.1770086Z Rebasing (1/1)
2026-10-04T12:29:44.1770652Z Successfully rebased and updated refs/heads/main.
2026-10-04T12:29:46.9400839Z To https://github.com/Sam5440/ys_problem_web
2026-10-04T12:29:46.9401790Z    bcb9b8b..f5f64bd  main -> main
2026-10-04T12:29:46.9487294Z ##[group]Run gh api "repos/Sam5440/ys_problem_web/actions/workflows/update-data.yml/dispatches" -f ref=main
2026-10-04T12:29:46.9488095Z [36;1mgh api "repos/Sam5440/ys_problem_web/actions/workflows/update-data.yml/dispatches" -f ref=main[0m
2026-10-04T12:29:46.9488709Z [36;1mecho "Queued next repair batch; 4 statement files still polluted."[0m
2026-10-04T12:29:46.9550181Z shell: /usr/bin/bash -e {0}
2026-10-04T12:29:46.9550437Z env:
2026-10-04T12:29:46.9553881Z   GH_TOKEN: ***
2026-10-04T12:29:46.9554102Z ##[endgroup]
2026-10-04T12:29:48.8388839Z Queued next repair batch; 4 statement files still polluted.
2026-10-04T12:29:48.8505799Z Post job cleanup.
2026-10-04T12:29:48.9378961Z [command]/usr/bin/git version
2026-10-04T12:29:48.9428641Z git version 2.55.0
2026-10-04T12:29:48.9475562Z Temporarily overriding HOME='/home/runner/work/_temp/6aab4a26-1928-4d6e-9dcb-e44d167f86fd' before making global git config changes
2026-10-04T12:29:48.9477185Z Adding repository directory to the temporary git global config as a safe directory
2026-10-04T12:29:48.9483026Z [command]/usr/bin/git config --global --add safe.directory /home/runner/work/ys_problem_web/ys_problem_web
2026-10-04T12:29:48.9527719Z [command]/usr/bin/git config --local --name-only --get-regexp core\.sshCommand
2026-10-04T12:29:48.9571612Z [command]/usr/bin/git submodule foreach --recursive sh -c "git config --local --name-only --get-regexp 'core\.sshCommand' && git config --local --unset-all 'core.sshCommand' || :"
2026-10-04T12:29:48.9830144Z [command]/usr/bin/git config --local --name-only --get-regexp http\.https\:\/\/github\.com\/\.extraheader
2026-10-04T12:29:48.9864970Z http.https://github.com/.extraheader
2026-10-04T12:29:48.9877511Z [command]/usr/bin/git config --local --unset-all http.https://github.com/.extraheader
2026-10-04T12:29:48.9924818Z [command]/usr/bin/git submodule foreach --recursive sh -c "git config --local --name-only --get-regexp 'http\.https\:\/\/github\.com\/\.extraheader' && git config --local --unset-all 'http.https://github.com/.extraheader' || :"
2026-10-04T12:29:49.0195076Z [command]/usr/bin/git config --local --name-only --get-regexp ^includeIf\.gitdir:
2026-10-04T12:29:49.0239449Z [command]/usr/bin/git submodule foreach --recursive git config --local --show-origin --name-only --get-regexp remote.origin.url
2026-10-04T12:29:49.0667388Z Evaluate and set job outputs
2026-10-04T12:29:49.0673155Z Set output 'changed'
2026-10-04T12:29:49.0675277Z Cleaning up orphan processes
2026-10-04T12:29:49.1017150Z ##[warning]Node.js 20 is deprecated. The following actions target Node.js 20 but are being forced to run on Node.js 24: actions/checkout@v4. For more information see: https://github.blog/changelog/2025-09-19-deprecation-of-node-20-on-github-actions-runners/

