<!--YSLOG {"runId":37956956136,"event":"schedule","startedAt":"2026-10-09T16:08:45Z","savedAt":"2026-10-09T16:34:53.104Z","url":"https://github.com/Sam5440/ys_problem_web/actions/runs/37956956136","jobName":"update"}-->
2026-10-09T16:08:46.7566035Z Current runner version: '2.337.0'
2026-10-09T16:08:46.7587901Z ##[group]Runner Image Provisioner
2026-10-09T16:08:46.7588736Z Hosted Compute Agent
2026-10-09T16:08:46.7589234Z Version: 20261002.596
2026-10-09T16:08:46.7589903Z Commit: c3d12f3313a95f25162a1503be624f3b0617f8c0
2026-10-09T16:08:46.7590735Z Build Date: 2026-10-02T22:28:27Z
2026-10-09T16:08:46.7591391Z Worker ID: {93f729a5-d417-484d-b3f8-326ae774b9ae}
2026-10-09T16:08:46.7591983Z Region: westus3
2026-10-09T16:08:46.7592449Z Cloud: Azure
2026-10-09T16:08:46.7592954Z ##[endgroup]
2026-10-09T16:08:46.7594190Z ##[group]Operating System
2026-10-09T16:08:46.7594789Z Ubuntu
2026-10-09T16:08:46.7595247Z 24.04.5
2026-10-09T16:08:46.7595686Z LTS
2026-10-09T16:08:46.7596203Z ##[endgroup]
2026-10-09T16:08:46.7596676Z ##[group]Runner Image
2026-10-09T16:08:46.7597222Z Image: ubuntu-24.04
2026-10-09T16:08:46.7597723Z Version: 20261004.327.1
2026-10-09T16:08:46.7598807Z Included Software: https://github.com/actions/runner-images/blob/ubuntu24/20261004.327/images/ubuntu/Ubuntu2404-Readme.md
2026-10-09T16:08:46.7600118Z Image Release: https://github.com/actions/runner-images/releases/tag/ubuntu24%2F20261004.327
2026-10-09T16:08:46.7601146Z ##[endgroup]
2026-10-09T16:08:46.7602158Z ##[group]GITHUB_TOKEN Permissions
2026-10-09T16:08:46.7603948Z Actions: write
2026-10-09T16:08:46.7604455Z Contents: write
2026-10-09T16:08:46.7605051Z Metadata: read
2026-10-09T16:08:46.7605538Z ##[endgroup]
2026-10-09T16:08:46.7607271Z Secret source: Actions
2026-10-09T16:08:46.7608115Z Cache mode: write
2026-10-09T16:08:46.7608737Z Prepare workflow directory
2026-10-09T16:08:46.7878203Z Prepare all required actions
2026-10-09T16:08:46.7918543Z Getting action download info
2026-10-09T16:08:47.0762046Z Download action repository 'actions/checkout@v4' (SHA:11d5960a326750d5838078e36cf38b85af677262)
2026-10-09T16:08:47.5141947Z Complete job name: update
2026-10-09T16:08:47.5845636Z ##[group]Run actions/checkout@v4
2026-10-09T16:08:47.5846350Z with:
2026-10-09T16:08:47.5846747Z   repository: Sam5440/ys_problem_web
2026-10-09T16:08:47.5850140Z   token: ***
2026-10-09T16:08:47.5850691Z   ssh-strict: true
2026-10-09T16:08:47.5851089Z   ssh-user: git
2026-10-09T16:08:47.5851497Z   persist-credentials: true
2026-10-09T16:08:47.5851932Z   clean: true
2026-10-09T16:08:47.5852334Z   sparse-checkout-cone-mode: true
2026-10-09T16:08:47.5852785Z   fetch-depth: 1
2026-10-09T16:08:47.5853166Z   fetch-tags: false
2026-10-09T16:08:47.5853569Z   show-progress: true
2026-10-09T16:08:47.5853962Z   lfs: false
2026-10-09T16:08:47.5854331Z   submodules: false
2026-10-09T16:08:47.5854853Z   set-safe-directory: true
2026-10-09T16:08:47.5855303Z   allow-unsafe-pr-checkout: false
2026-10-09T16:08:47.5855977Z ##[endgroup]
2026-10-09T16:08:47.6674043Z Syncing repository: Sam5440/ys_problem_web
2026-10-09T16:08:47.6676675Z ##[group]Getting Git version info
2026-10-09T16:08:47.6677917Z Working directory is '/home/runner/work/ys_problem_web/ys_problem_web'
2026-10-09T16:08:47.6679557Z [command]/usr/bin/git version
2026-10-09T16:08:47.7017956Z git version 2.55.0
2026-10-09T16:08:47.7037642Z ##[endgroup]
2026-10-09T16:08:47.7053064Z Temporarily overriding HOME='/home/runner/work/_temp/4eac4c06-ff1a-442d-8f61-71724b1ec51b' before making global git config changes
2026-10-09T16:08:47.7055214Z Adding repository directory to the temporary git global config as a safe directory
2026-10-09T16:08:47.7058114Z [command]/usr/bin/git config --global --add safe.directory /home/runner/work/ys_problem_web/ys_problem_web
2026-10-09T16:08:47.7102903Z Deleting the contents of '/home/runner/work/ys_problem_web/ys_problem_web'
2026-10-09T16:08:47.7106972Z ##[group]Initializing the repository
2026-10-09T16:08:47.7110479Z [command]/usr/bin/git init /home/runner/work/ys_problem_web/ys_problem_web
2026-10-09T16:08:47.7242537Z hint: Using 'master' as the name for the initial branch. This default branch name
2026-10-09T16:08:47.7244195Z hint: will change to "main" in Git 3.0. To configure the initial branch name
2026-10-09T16:08:47.7245529Z hint: to use in all of your new repositories, which will suppress this warning,
2026-10-09T16:08:47.7247032Z hint: call:
2026-10-09T16:08:47.7248029Z hint:
2026-10-09T16:08:47.7248785Z hint: 	git config --global init.defaultBranch <name>
2026-10-09T16:08:47.7249635Z hint:
2026-10-09T16:08:47.7250603Z hint: Names commonly chosen instead of 'master' are 'main', 'trunk' and
2026-10-09T16:08:47.7251499Z hint: 'development'. The just-created branch can be renamed via this command:
2026-10-09T16:08:47.7253896Z hint:
2026-10-09T16:08:47.7254549Z hint: 	git branch -m <name>
2026-10-09T16:08:47.7255236Z hint:
2026-10-09T16:08:47.7256129Z hint: Disable this message with "git config set advice.defaultBranchName false"
2026-10-09T16:08:47.7257661Z Initialized empty Git repository in /home/runner/work/ys_problem_web/ys_problem_web/.git/
2026-10-09T16:08:47.7260453Z [command]/usr/bin/git remote add origin https://github.com/Sam5440/ys_problem_web
2026-10-09T16:08:47.7407114Z ##[endgroup]
2026-10-09T16:08:47.7408241Z ##[group]Disabling automatic garbage collection
2026-10-09T16:08:47.7412148Z [command]/usr/bin/git config --local gc.auto 0
2026-10-09T16:08:47.7447378Z ##[endgroup]
2026-10-09T16:08:47.7448468Z ##[group]Setting up auth
2026-10-09T16:08:47.7453739Z [command]/usr/bin/git config --local --name-only --get-regexp core\.sshCommand
2026-10-09T16:08:47.7483954Z [command]/usr/bin/git submodule foreach --recursive sh -c "git config --local --name-only --get-regexp 'core\.sshCommand' && git config --local --unset-all 'core.sshCommand' || :"
2026-10-09T16:08:47.7773285Z [command]/usr/bin/git config --local --name-only --get-regexp http\.https\:\/\/github\.com\/\.extraheader
2026-10-09T16:08:47.7806203Z [command]/usr/bin/git submodule foreach --recursive sh -c "git config --local --name-only --get-regexp 'http\.https\:\/\/github\.com\/\.extraheader' && git config --local --unset-all 'http.https://github.com/.extraheader' || :"
2026-10-09T16:08:47.8005926Z [command]/usr/bin/git config --local --name-only --get-regexp ^includeIf\.gitdir:
2026-10-09T16:08:47.8042372Z [command]/usr/bin/git submodule foreach --recursive git config --local --show-origin --name-only --get-regexp remote.origin.url
2026-10-09T16:08:47.8255548Z [command]/usr/bin/git config --local http.https://github.com/.extraheader AUTHORIZATION: basic ***
2026-10-09T16:08:47.8295050Z ##[endgroup]
2026-10-09T16:08:47.8296254Z ##[group]Fetching the repository
2026-10-09T16:08:47.8304833Z [command]/usr/bin/git -c protocol.version=2 fetch --no-tags --prune --no-recurse-submodules --depth=1 origin +4aaa0182db6d3f04de02b6be8c2bafd7e1ca0acd:refs/remotes/origin/main
2026-10-09T16:08:48.5430769Z From https://github.com/Sam5440/ys_problem_web
2026-10-09T16:08:48.5432160Z  * [new ref]         4aaa0182db6d3f04de02b6be8c2bafd7e1ca0acd -> origin/main
2026-10-09T16:08:48.5434690Z ##[endgroup]
2026-10-09T16:08:48.5435833Z ##[group]Determining the checkout info
2026-10-09T16:08:48.5437099Z ##[endgroup]
2026-10-09T16:08:48.5441562Z [command]/usr/bin/git sparse-checkout disable
2026-10-09T16:08:48.5564282Z [command]/usr/bin/git config --local --unset-all extensions.worktreeConfig
2026-10-09T16:08:48.5594387Z ##[group]Checking out the ref
2026-10-09T16:08:48.5598030Z [command]/usr/bin/git checkout --progress --force -B main refs/remotes/origin/main
2026-10-09T16:08:48.5742258Z Switched to a new branch 'main'
2026-10-09T16:08:48.5749107Z branch 'main' set up to track 'origin/main'.
2026-10-09T16:08:48.5752705Z ##[endgroup]
2026-10-09T16:08:48.5790108Z [command]/usr/bin/git log -1 --format=%H
2026-10-09T16:08:48.5814805Z 4aaa0182db6d3f04de02b6be8c2bafd7e1ca0acd
2026-10-09T16:08:48.6045303Z ##[group]Run node scripts/restore-data.mjs --misc --runtime
2026-10-09T16:08:48.6046862Z [36;1mnode scripts/restore-data.mjs --misc --runtime[0m
2026-10-09T16:08:48.6525795Z shell: /usr/bin/bash -e {0}
2026-10-09T16:08:48.6526859Z ##[endgroup]
2026-10-09T16:08:50.1585168Z misc: restored data/leaderboard.json, data/.upstream-sha, data/.leaderboard-sha, data/.history-backfill-failed.json, public/ci-logs from data/misc-2026-10-09
2026-10-09T16:08:54.7044871Z runtime: restored public/compiler from data/runtime
2026-10-09T16:08:54.7187417Z ##[group]Run CHANGED=false
2026-10-09T16:08:54.7187760Z [36;1mCHANGED=false[0m
2026-10-09T16:08:54.7188003Z [36;1mLB_CHANGED=false[0m
2026-10-09T16:08:54.7188642Z [36;1mif UPSTREAM_SHA=$(git ls-remote https://github.com/Yawn-Sean/Daily_CF_Problems.git HEAD | cut -f1) && [ -n "$UPSTREAM_SHA" ]; then[0m
2026-10-09T16:08:54.7189223Z [36;1m  LAST_SHA=$(cat data/.upstream-sha 2>/dev/null || true)[0m
2026-10-09T16:08:54.7189577Z [36;1m  [ "$UPSTREAM_SHA" != "$LAST_SHA" ] && CHANGED=true[0m
2026-10-09T16:08:54.7189864Z [36;1melse[0m
2026-10-09T16:08:54.7190184Z [36;1m  # check itself failed — fall through to a full run (safe fallback)[0m
2026-10-09T16:08:54.7190969Z [36;1m  CHANGED=true[0m
2026-10-09T16:08:54.7191199Z [36;1mfi[0m
2026-10-09T16:08:54.7191512Z [36;1m# empty output = gh-pages missing → nothing to sync; a failure here[0m
2026-10-09T16:08:54.7191928Z [36;1m# is covered by the main-branch fallback above (same network)[0m
2026-10-09T16:08:54.7192485Z [36;1mLB_SHA=$(git ls-remote https://github.com/Yawn-Sean/Daily_CF_Problems.git gh-pages | cut -f1 || true)[0m
2026-10-09T16:08:54.7192949Z [36;1mif [ -n "$LB_SHA" ]; then[0m
2026-10-09T16:08:54.7193266Z [36;1m  LAST_LB_SHA=$(cat data/.leaderboard-sha 2>/dev/null || true)[0m
2026-10-09T16:08:54.7193617Z [36;1m  [ "$LB_SHA" != "$LAST_LB_SHA" ] && LB_CHANGED=true[0m
2026-10-09T16:08:54.7193916Z [36;1mfi[0m
2026-10-09T16:08:54.7194157Z [36;1mecho "changed=$CHANGED" >> "$GITHUB_OUTPUT"[0m
2026-10-09T16:08:54.7194788Z [36;1mecho "lb_changed=$LB_CHANGED" >> "$GITHUB_OUTPUT"[0m
2026-10-09T16:08:54.7195119Z [36;1mecho "sha=$UPSTREAM_SHA" >> "$GITHUB_OUTPUT"[0m
2026-10-09T16:08:54.7195433Z [36;1mecho "lb_sha=$LB_SHA" >> "$GITHUB_OUTPUT"[0m
2026-10-09T16:08:54.7251343Z shell: /usr/bin/bash -e {0}
2026-10-09T16:08:54.7251645Z ##[endgroup]
2026-10-09T16:08:56.2732958Z ##[group]Run node scripts/restore-data.mjs --statements --daily --runtime
2026-10-09T16:08:56.2733423Z [36;1mnode scripts/restore-data.mjs --statements --daily --runtime[0m
2026-10-09T16:08:56.2788679Z shell: /usr/bin/bash -e {0}
2026-10-09T16:08:56.2788915Z ##[endgroup]
2026-10-09T16:08:58.8260130Z statements: restored data/statements from data/problems
2026-10-09T16:09:00.8946471Z daily: restored data/daily.json from deploy
2026-10-09T16:09:01.9742650Z runtime: restored public/compiler from data/runtime
2026-10-09T16:09:01.9813703Z ##[group]Run npm ci
2026-10-09T16:09:01.9813930Z [36;1mnpm ci[0m
2026-10-09T16:09:01.9869490Z shell: /usr/bin/bash -e {0}
2026-10-09T16:09:01.9869712Z ##[endgroup]
2026-10-09T16:09:09.5351952Z 
2026-10-09T16:09:09.5354177Z added 71 packages, and audited 72 packages in 7s
2026-10-09T16:09:09.5354604Z 
2026-10-09T16:09:09.5354730Z 14 packages are looking for funding
2026-10-09T16:09:09.5355030Z   run `npm fund` for details
2026-10-09T16:09:09.5638416Z 
2026-10-09T16:09:09.5638986Z 5 vulnerabilities (3 low, 1 moderate, 1 high)
2026-10-09T16:09:09.5639316Z 
2026-10-09T16:09:09.5639460Z To address all issues (including breaking changes), run:
2026-10-09T16:09:09.5639755Z   npm audit fix --force
2026-10-09T16:09:09.5639876Z 
2026-10-09T16:09:09.5640109Z Run `npm audit` for details.
2026-10-09T16:09:09.6178125Z ##[group]Run npx playwright install --with-deps chromium
2026-10-09T16:09:09.6178495Z [36;1mnpx playwright install --with-deps chromium[0m
2026-10-09T16:09:09.6239821Z shell: /usr/bin/bash -e {0}
2026-10-09T16:09:09.6240050Z ##[endgroup]
2026-10-09T16:09:10.2399538Z Installing dependencies...
2026-10-09T16:09:10.2449640Z Switching to root user to install dependencies...
2026-10-09T16:09:10.3105231Z Get:1 file:/etc/apt/apt-mirrors.txt Mirrorlist [144 B]
2026-10-09T16:09:10.3445487Z Hit:2 http://azure.archive.ubuntu.com/ubuntu noble InRelease
2026-10-09T16:09:10.3446908Z Get:3 http://azure.archive.ubuntu.com/ubuntu noble-updates InRelease [126 kB]
2026-10-09T16:09:10.3541427Z Get:4 http://azure.archive.ubuntu.com/ubuntu noble-backports InRelease [126 kB]
2026-10-09T16:09:10.3581490Z Get:5 http://azure.archive.ubuntu.com/ubuntu noble-security InRelease [126 kB]
2026-10-09T16:09:10.3964044Z Get:6 https://packages.microsoft.com/ubuntu/24.04/prod noble InRelease [3600 B]
2026-10-09T16:09:10.4753249Z Get:7 http://azure.archive.ubuntu.com/ubuntu noble-updates/main amd64 Packages [1375 kB]
2026-10-09T16:09:10.4879510Z Get:8 http://azure.archive.ubuntu.com/ubuntu noble-updates/main Translation-en [306 kB]
2026-10-09T16:09:10.4912019Z Get:9 http://azure.archive.ubuntu.com/ubuntu noble-updates/universe amd64 Packages [1702 kB]
2026-10-09T16:09:10.4981499Z Get:10 http://azure.archive.ubuntu.com/ubuntu noble-updates/universe Translation-en [342 kB]
2026-10-09T16:09:10.5063638Z Get:11 http://azure.archive.ubuntu.com/ubuntu noble-updates/restricted amd64 Packages [1761 kB]
2026-10-09T16:09:10.5139287Z Get:12 http://azure.archive.ubuntu.com/ubuntu noble-updates/restricted Translation-en [401 kB]
2026-10-09T16:09:10.5217354Z Get:13 http://azure.archive.ubuntu.com/ubuntu noble-updates/multiverse amd64 Packages [55.0 kB]
2026-10-09T16:09:10.5241533Z Get:14 http://azure.archive.ubuntu.com/ubuntu noble-updates/multiverse Translation-en [14.3 kB]
2026-10-09T16:09:10.5737411Z Get:15 http://azure.archive.ubuntu.com/ubuntu noble-security/main amd64 Packages [1121 kB]
2026-10-09T16:09:10.5821578Z Get:16 http://azure.archive.ubuntu.com/ubuntu noble-security/main Translation-en [228 kB]
2026-10-09T16:09:10.6191539Z Get:23 https://packages.microsoft.com/ubuntu/24.04/prod noble/main all Packages [640 B]
2026-10-09T16:09:10.6226342Z Get:24 https://packages.microsoft.com/ubuntu/24.04/prod noble/main amd64 Packages [531 kB]
2026-10-09T16:09:10.6251139Z Get:17 http://azure.archive.ubuntu.com/ubuntu noble-security/universe amd64 Packages [1220 kB]
2026-10-09T16:09:10.6303211Z Get:25 https://packages.microsoft.com/ubuntu/24.04/prod noble/main arm64 Packages [475 kB]
2026-10-09T16:09:10.6307496Z Get:18 http://azure.archive.ubuntu.com/ubuntu noble-security/universe Translation-en [245 kB]
2026-10-09T16:09:10.6322020Z Get:19 http://azure.archive.ubuntu.com/ubuntu noble-security/restricted amd64 Packages [1669 kB]
2026-10-09T16:09:10.6374499Z Get:26 https://packages.microsoft.com/ubuntu/24.04/prod noble/main armhf Packages [12.3 kB]
2026-10-09T16:09:10.6395448Z Get:20 http://azure.archive.ubuntu.com/ubuntu noble-security/restricted Translation-en [383 kB]
2026-10-09T16:09:10.6413903Z Get:21 http://azure.archive.ubuntu.com/ubuntu noble-security/multiverse amd64 Packages [49.8 kB]
2026-10-09T16:09:10.6422035Z Get:22 http://azure.archive.ubuntu.com/ubuntu noble-security/multiverse Translation-en [12.4 kB]
2026-10-09T16:09:17.7501045Z Fetched 12.3 MB in 1s (11.5 MB/s)
2026-10-09T16:09:18.4838592Z Reading package lists...
2026-10-09T16:09:18.5048330Z Reading package lists...
2026-10-09T16:09:18.7267607Z Building dependency tree...
2026-10-09T16:09:18.7274090Z Reading state information...
2026-10-09T16:09:18.9069618Z libasound2t64 is already the newest version (1.2.11-1ubuntu0.3).
2026-10-09T16:09:18.9070168Z libasound2t64 set to manually installed.
2026-10-09T16:09:18.9070611Z libatk-bridge2.0-0t64 is already the newest version (2.52.0-1build1).
2026-10-09T16:09:18.9070966Z libatk-bridge2.0-0t64 set to manually installed.
2026-10-09T16:09:18.9071765Z libatk1.0-0t64 is already the newest version (2.52.0-1build1).
2026-10-09T16:09:18.9072055Z libatk1.0-0t64 set to manually installed.
2026-10-09T16:09:18.9072331Z libatspi2.0-0t64 is already the newest version (2.52.0-1build1).
2026-10-09T16:09:18.9072627Z libatspi2.0-0t64 set to manually installed.
2026-10-09T16:09:18.9072899Z libcairo2 is already the newest version (1.18.0-3build1).
2026-10-09T16:09:18.9073163Z libcairo2 set to manually installed.
2026-10-09T16:09:18.9073440Z libcups2t64 is already the newest version (2.4.7-1.2ubuntu7.14).
2026-10-09T16:09:18.9073730Z libcups2t64 set to manually installed.
2026-10-09T16:09:18.9074186Z libdbus-1-3 is already the newest version (1.14.10-4ubuntu4.1).
2026-10-09T16:09:18.9074617Z libdbus-1-3 set to manually installed.
2026-10-09T16:09:18.9075087Z libdrm2 is already the newest version (2.4.125-1ubuntu0.1~24.04.2).
2026-10-09T16:09:18.9075382Z libdrm2 set to manually installed.
2026-10-09T16:09:18.9075650Z libgbm1 is already the newest version (25.2.8-0ubuntu0.24.04.4).
2026-10-09T16:09:18.9075926Z libgbm1 set to manually installed.
2026-10-09T16:09:18.9076191Z libglib2.0-0t64 is already the newest version (2.80.0-6ubuntu3.9).
2026-10-09T16:09:18.9076488Z libglib2.0-0t64 set to manually installed.
2026-10-09T16:09:18.9076757Z libnspr4 is already the newest version (2:4.35-1.1build1).
2026-10-09T16:09:18.9077021Z libnspr4 set to manually installed.
2026-10-09T16:09:18.9077268Z libnss3 is already the newest version (2:3.98-1ubuntu0.2).
2026-10-09T16:09:18.9077521Z libnss3 set to manually installed.
2026-10-09T16:09:18.9077785Z libpango-1.0-0 is already the newest version (1.52.1+ds-1build1).
2026-10-09T16:09:18.9078064Z libpango-1.0-0 set to manually installed.
2026-10-09T16:09:18.9078321Z libx11-6 is already the newest version (2:1.8.7-1build1).
2026-10-09T16:09:18.9078585Z libx11-6 set to manually installed.
2026-10-09T16:09:18.9078822Z libxcb1 is already the newest version (1.15-1ubuntu2).
2026-10-09T16:09:18.9079073Z libxcb1 set to manually installed.
2026-10-09T16:09:18.9079338Z libxcomposite1 is already the newest version (1:0.4.5-1build3).
2026-10-09T16:09:18.9079629Z libxcomposite1 set to manually installed.
2026-10-09T16:09:18.9079900Z libxdamage1 is already the newest version (1:1.1.6-1build1).
2026-10-09T16:09:18.9080171Z libxdamage1 set to manually installed.
2026-10-09T16:09:18.9080526Z libxext6 is already the newest version (2:1.3.4-1build2).
2026-10-09T16:09:18.9080811Z libxext6 set to manually installed.
2026-10-09T16:09:18.9081060Z libxfixes3 is already the newest version (1:6.0.0-2build1).
2026-10-09T16:09:18.9081326Z libxfixes3 set to manually installed.
2026-10-09T16:09:18.9081589Z libxkbcommon0 is already the newest version (1.6.0-1build1).
2026-10-09T16:09:18.9081876Z libxkbcommon0 set to manually installed.
2026-10-09T16:09:18.9082148Z libxrandr2 is already the newest version (2:1.5.2-2build1).
2026-10-09T16:09:18.9082409Z libxrandr2 set to manually installed.
2026-10-09T16:09:18.9082662Z xvfb is already the newest version (2:21.1.12-1ubuntu1.8).
2026-10-09T16:09:18.9083018Z fonts-noto-color-emoji is already the newest version (2.047-0ubuntu0.24.04.1).
2026-10-09T16:09:18.9083389Z libfontconfig1 is already the newest version (2.15.0-1.1ubuntu2).
2026-10-09T16:09:18.9083677Z libfontconfig1 set to manually installed.
2026-10-09T16:09:18.9083940Z fonts-liberation is already the newest version (1:2.1.5-3).
2026-10-09T16:09:18.9084226Z fonts-liberation set to manually installed.
2026-10-09T16:09:18.9084490Z The following additional packages will be installed:
2026-10-09T16:09:18.9084774Z   xfonts-encodings xfonts-utils
2026-10-09T16:09:18.9084995Z Recommended packages:
2026-10-09T16:09:18.9085204Z   fonts-ipafont-mincho fonts-tlwg-loma
2026-10-09T16:09:18.9284980Z The following NEW packages will be installed:
2026-10-09T16:09:18.9285626Z   fonts-freefont-ttf fonts-ipafont-gothic fonts-tlwg-loma-otf fonts-unifont
2026-10-09T16:09:18.9299411Z   fonts-wqy-zenhei xfonts-cyrillic xfonts-encodings xfonts-scalable
2026-10-09T16:09:18.9300378Z   xfonts-utils
2026-10-09T16:09:18.9308698Z The following packages will be upgraded:
2026-10-09T16:09:18.9318450Z   libfreetype6
2026-10-09T16:09:18.9507193Z 1 upgraded, 9 newly installed, 0 to remove and 22 not upgraded.
2026-10-09T16:09:18.9507699Z Need to get 21.5 MB of archives.
2026-10-09T16:09:18.9508022Z After this operation, 79.5 MB of additional disk space will be used.
2026-10-09T16:09:18.9508358Z Get:1 file:/etc/apt/apt-mirrors.txt Mirrorlist [144 B]
2026-10-09T16:09:19.0299405Z Get:2 http://azure.archive.ubuntu.com/ubuntu noble/universe amd64 fonts-ipafont-gothic all 00303-21ubuntu1 [3513 kB]
2026-10-09T16:09:19.1735820Z Get:3 http://azure.archive.ubuntu.com/ubuntu noble/main amd64 fonts-freefont-ttf all 20211204+svn4273-2 [5641 kB]
2026-10-09T16:09:19.3674395Z Get:4 http://azure.archive.ubuntu.com/ubuntu noble/universe amd64 fonts-tlwg-loma-otf all 1:0.7.3-1 [107 kB]
2026-10-09T16:09:19.4335542Z Get:5 http://azure.archive.ubuntu.com/ubuntu noble/universe amd64 fonts-unifont all 1:15.1.01-1build1 [2993 kB]
2026-10-09T16:09:19.6227968Z Get:6 http://azure.archive.ubuntu.com/ubuntu noble/universe amd64 fonts-wqy-zenhei all 0.9.45-8 [7472 kB]
2026-10-09T16:09:20.2882413Z Get:7 http://azure.archive.ubuntu.com/ubuntu noble-updates/main amd64 libfreetype6 amd64 2.13.2+dfsg-1ubuntu0.2 [403 kB]
2026-10-09T16:09:20.3539839Z Get:8 http://azure.archive.ubuntu.com/ubuntu noble/main amd64 xfonts-encodings all 1:1.0.5-0ubuntu2 [578 kB]
2026-10-09T16:09:20.4206014Z Get:9 http://azure.archive.ubuntu.com/ubuntu noble/main amd64 xfonts-utils amd64 1:7.7+6build3 [94.4 kB]
2026-10-09T16:09:20.4840422Z Get:10 http://azure.archive.ubuntu.com/ubuntu noble/universe amd64 xfonts-cyrillic all 1:1.0.5+nmu1 [384 kB]
2026-10-09T16:09:20.5490994Z Get:11 http://azure.archive.ubuntu.com/ubuntu noble/main amd64 xfonts-scalable all 1:1.0.3-1.3 [304 kB]
2026-10-09T16:09:20.7835428Z Fetched 21.5 MB in 2s (13.3 MB/s)
2026-10-09T16:09:20.8041455Z Selecting previously unselected package fonts-ipafont-gothic.
2026-10-09T16:09:20.8229819Z (Reading database ... 
2026-10-09T16:09:20.8230529Z (Reading database ... 5%
2026-10-09T16:09:20.8231048Z (Reading database ... 10%
2026-10-09T16:09:20.8231306Z (Reading database ... 15%
2026-10-09T16:09:20.8231573Z (Reading database ... 20%
2026-10-09T16:09:20.8231853Z (Reading database ... 25%
2026-10-09T16:09:20.8232143Z (Reading database ... 30%
2026-10-09T16:09:20.8232425Z (Reading database ... 35%
2026-10-09T16:09:20.8232705Z (Reading database ... 40%
2026-10-09T16:09:20.8232986Z (Reading database ... 45%
2026-10-09T16:09:20.8233237Z (Reading database ... 50%
2026-10-09T16:09:20.8266948Z (Reading database ... 55%
2026-10-09T16:09:20.9393453Z (Reading database ... 60%
2026-10-09T16:09:21.1460513Z (Reading database ... 65%
2026-10-09T16:09:21.3068552Z (Reading database ... 70%
2026-10-09T16:09:21.4938606Z (Reading database ... 75%
2026-10-09T16:09:21.6511148Z (Reading database ... 80%
2026-10-09T16:09:21.7924113Z (Reading database ... 85%
2026-10-09T16:09:21.9542409Z (Reading database ... 90%
2026-10-09T16:09:22.0926051Z (Reading database ... 95%
2026-10-09T16:09:22.0926367Z (Reading database ... 100%
2026-10-09T16:09:22.0926667Z (Reading database ... 203191 files and directories currently installed.)
2026-10-09T16:09:22.0971545Z Preparing to unpack .../0-fonts-ipafont-gothic_00303-21ubuntu1_all.deb ...
2026-10-09T16:09:22.1113326Z Unpacking fonts-ipafont-gothic (00303-21ubuntu1) ...
2026-10-09T16:09:22.3418205Z Selecting previously unselected package fonts-freefont-ttf.
2026-10-09T16:09:22.3532411Z Preparing to unpack .../1-fonts-freefont-ttf_20211204+svn4273-2_all.deb ...
2026-10-09T16:09:22.3537263Z Unpacking fonts-freefont-ttf (20211204+svn4273-2) ...
2026-10-09T16:09:22.4538645Z Selecting previously unselected package fonts-tlwg-loma-otf.
2026-10-09T16:09:22.4652439Z Preparing to unpack .../2-fonts-tlwg-loma-otf_1%3a0.7.3-1_all.deb ...
2026-10-09T16:09:22.4657892Z Unpacking fonts-tlwg-loma-otf (1:0.7.3-1) ...
2026-10-09T16:09:22.4867668Z Selecting previously unselected package fonts-unifont.
2026-10-09T16:09:22.4981254Z Preparing to unpack .../3-fonts-unifont_1%3a15.1.01-1build1_all.deb ...
2026-10-09T16:09:22.4986599Z Unpacking fonts-unifont (1:15.1.01-1build1) ...
2026-10-09T16:09:22.6975093Z Selecting previously unselected package fonts-wqy-zenhei.
2026-10-09T16:09:22.7088938Z Preparing to unpack .../4-fonts-wqy-zenhei_0.9.45-8_all.deb ...
2026-10-09T16:09:22.7176544Z Unpacking fonts-wqy-zenhei (0.9.45-8) ...
2026-10-09T16:09:23.1742905Z Preparing to unpack .../5-libfreetype6_2.13.2+dfsg-1ubuntu0.2_amd64.deb ...
2026-10-09T16:09:23.1763936Z Unpacking libfreetype6:amd64 (2.13.2+dfsg-1ubuntu0.2) over (2.13.2+dfsg-1ubuntu0.1) ...
2026-10-09T16:09:23.1990165Z Selecting previously unselected package xfonts-encodings.
2026-10-09T16:09:23.2105781Z Preparing to unpack .../6-xfonts-encodings_1%3a1.0.5-0ubuntu2_all.deb ...
2026-10-09T16:09:23.2111616Z Unpacking xfonts-encodings (1:1.0.5-0ubuntu2) ...
2026-10-09T16:09:23.2339621Z Selecting previously unselected package xfonts-utils.
2026-10-09T16:09:23.2451943Z Preparing to unpack .../7-xfonts-utils_1%3a7.7+6build3_amd64.deb ...
2026-10-09T16:09:23.2458320Z Unpacking xfonts-utils (1:7.7+6build3) ...
2026-10-09T16:09:23.2726180Z Selecting previously unselected package xfonts-cyrillic.
2026-10-09T16:09:23.2838618Z Preparing to unpack .../8-xfonts-cyrillic_1%3a1.0.5+nmu1_all.deb ...
2026-10-09T16:09:23.2844452Z Unpacking xfonts-cyrillic (1:1.0.5+nmu1) ...
2026-10-09T16:09:23.3118597Z Selecting previously unselected package xfonts-scalable.
2026-10-09T16:09:23.3235545Z Preparing to unpack .../9-xfonts-scalable_1%3a1.0.3-1.3_all.deb ...
2026-10-09T16:09:23.3240665Z Unpacking xfonts-scalable (1:1.0.3-1.3) ...
2026-10-09T16:09:23.3647415Z Setting up fonts-wqy-zenhei (0.9.45-8) ...
2026-10-09T16:09:23.4074372Z Setting up fonts-freefont-ttf (20211204+svn4273-2) ...
2026-10-09T16:09:23.4075202Z Setting up fonts-tlwg-loma-otf (1:0.7.3-1) ...
2026-10-09T16:09:23.4084929Z Setting up libfreetype6:amd64 (2.13.2+dfsg-1ubuntu0.2) ...
2026-10-09T16:09:23.4098781Z Setting up xfonts-encodings (1:1.0.5-0ubuntu2) ...
2026-10-09T16:09:23.4112135Z Setting up fonts-ipafont-gothic (00303-21ubuntu1) ...
2026-10-09T16:09:23.4167731Z update-alternatives: using /usr/share/fonts/opentype/ipafont-gothic/ipag.ttf to provide /usr/share/fonts/truetype/fonts-japanese-gothic.ttf (fonts-japanese-gothic.ttf) in auto mode
2026-10-09T16:09:23.4180808Z Setting up fonts-unifont (1:15.1.01-1build1) ...
2026-10-09T16:09:23.4202061Z Setting up xfonts-utils (1:7.7+6build3) ...
2026-10-09T16:09:23.4235209Z Setting up xfonts-cyrillic (1:1.0.5+nmu1) ...
2026-10-09T16:09:23.4470172Z Setting up xfonts-scalable (1:1.0.3-1.3) ...
2026-10-09T16:09:23.4697840Z Processing triggers for libc-bin (2.39-0ubuntu8.9) ...
2026-10-09T16:09:23.6217003Z Processing triggers for man-db (2.12.0-4build2) ...
2026-10-09T16:09:23.6235023Z Not building database; man-db/auto-update is not 'true'.
2026-10-09T16:09:23.6245156Z Processing triggers for fontconfig (2.15.0-1.1ubuntu2) ...
2026-10-09T16:09:24.1829479Z 
2026-10-09T16:09:24.1830039Z Running kernel seems to be up-to-date.
2026-10-09T16:09:24.1830346Z 
2026-10-09T16:09:24.1830440Z Restarting services...
2026-10-09T16:09:24.1898641Z  systemctl restart php8.3-fpm.service
2026-10-09T16:09:24.2853732Z 
2026-10-09T16:09:24.2855166Z No containers need to be restarted.
2026-10-09T16:09:24.2855527Z 
2026-10-09T16:09:24.2855793Z No user sessions are running outdated binaries.
2026-10-09T16:09:24.2856066Z 
2026-10-09T16:09:24.2856374Z No VM guests are running outdated hypervisor (qemu) binaries on this host.
2026-10-09T16:09:25.2989902Z Downloading Chrome for Testing 153.0.8010.12 (playwright chromium v1243) from https://cdn.playwright.dev/builds/cft/153.0.8010.12/linux64/chrome-linux64.zip
2026-10-09T16:09:25.6976360Z |                                                                                |   0% of 186.8 MiB
2026-10-09T16:09:25.8781905Z |■■■■■■■■                                                                        |  10% of 186.8 MiB
2026-10-09T16:09:25.9441562Z |■■■■■■■■■■■■■■■■                                                                |  20% of 186.8 MiB
2026-10-09T16:09:26.0211714Z |■■■■■■■■■■■■■■■■■■■■■■■■                                                        |  30% of 186.8 MiB
2026-10-09T16:09:26.0880655Z |■■■■■■■■■■■■■■■■■■■■■■■■■■■■■■■■                                                |  40% of 186.8 MiB
2026-10-09T16:09:26.1740769Z |■■■■■■■■■■■■■■■■■■■■■■■■■■■■■■■■■■■■■■■■                                        |  50% of 186.8 MiB
2026-10-09T16:09:26.2903365Z |■■■■■■■■■■■■■■■■■■■■■■■■■■■■■■■■■■■■■■■■■■■■■■■■                                |  60% of 186.8 MiB
2026-10-09T16:09:26.3909229Z |■■■■■■■■■■■■■■■■■■■■■■■■■■■■■■■■■■■■■■■■■■■■■■■■■■■■■■■■                        |  70% of 186.8 MiB
2026-10-09T16:09:26.4885942Z |■■■■■■■■■■■■■■■■■■■■■■■■■■■■■■■■■■■■■■■■■■■■■■■■■■■■■■■■■■■■■■■■                |  80% of 186.8 MiB
2026-10-09T16:09:26.5539018Z |■■■■■■■■■■■■■■■■■■■■■■■■■■■■■■■■■■■■■■■■■■■■■■■■■■■■■■■■■■■■■■■■■■■■■■■■        |  90% of 186.8 MiB
2026-10-09T16:09:26.6413705Z |■■■■■■■■■■■■■■■■■■■■■■■■■■■■■■■■■■■■■■■■■■■■■■■■■■■■■■■■■■■■■■■■■■■■■■■■■■■■■■■■| 100% of 186.8 MiB
2026-10-09T16:09:28.7037725Z Chrome for Testing 153.0.8010.12 (playwright chromium v1243) downloaded to /home/runner/.cache/ms-playwright/chromium-1243
2026-10-09T16:09:28.7040825Z Downloading FFmpeg (playwright ffmpeg v1011) from https://cdn.playwright.dev/dbazure/download/playwright/builds/ffmpeg/1011/ffmpeg-linux.zip
2026-10-09T16:09:28.9979218Z |                                                                                |   0% of 2.3 MiB
2026-10-09T16:09:29.0013299Z |■■■■■■■■                                                                        |  10% of 2.3 MiB
2026-10-09T16:09:29.0056571Z |■■■■■■■■■■■■■■■■                                                                |  20% of 2.3 MiB
2026-10-09T16:09:29.0057075Z |■■■■■■■■■■■■■■■■■■■■■■■■                                                        |  30% of 2.3 MiB
2026-10-09T16:09:29.0067553Z |■■■■■■■■■■■■■■■■■■■■■■■■■■■■■■■■                                                |  40% of 2.3 MiB
2026-10-09T16:09:29.0079974Z |■■■■■■■■■■■■■■■■■■■■■■■■■■■■■■■■■■■■■■■■                                        |  50% of 2.3 MiB
2026-10-09T16:09:29.0091811Z |■■■■■■■■■■■■■■■■■■■■■■■■■■■■■■■■■■■■■■■■■■■■■■■■                                |  60% of 2.3 MiB
2026-10-09T16:09:29.0102964Z |■■■■■■■■■■■■■■■■■■■■■■■■■■■■■■■■■■■■■■■■■■■■■■■■■■■■■■■■                        |  70% of 2.3 MiB
2026-10-09T16:09:29.0114569Z |■■■■■■■■■■■■■■■■■■■■■■■■■■■■■■■■■■■■■■■■■■■■■■■■■■■■■■■■■■■■■■■■                |  80% of 2.3 MiB
2026-10-09T16:09:29.0125482Z |■■■■■■■■■■■■■■■■■■■■■■■■■■■■■■■■■■■■■■■■■■■■■■■■■■■■■■■■■■■■■■■■■■■■■■■■        |  90% of 2.3 MiB
2026-10-09T16:09:29.0132709Z |■■■■■■■■■■■■■■■■■■■■■■■■■■■■■■■■■■■■■■■■■■■■■■■■■■■■■■■■■■■■■■■■■■■■■■■■■■■■■■■■| 100% of 2.3 MiB
2026-10-09T16:09:29.0627230Z FFmpeg (playwright ffmpeg v1011) downloaded to /home/runner/.cache/ms-playwright/ffmpeg-1011
2026-10-09T16:09:29.0630036Z Downloading Chrome Headless Shell 153.0.8010.12 (playwright chromium-headless-shell v1243) from https://cdn.playwright.dev/builds/cft/153.0.8010.12/linux64/chrome-headless-shell-linux64.zip
2026-10-09T16:09:29.4485026Z |                                                                                |   0% of 114.3 MiB
2026-10-09T16:09:29.6244699Z |■■■■■■■■                                                                        |  10% of 114.3 MiB
2026-10-09T16:09:29.6931509Z |■■■■■■■■■■■■■■■■                                                                |  20% of 114.3 MiB
2026-10-09T16:09:29.7927143Z |■■■■■■■■■■■■■■■■■■■■■■■■                                                        |  30% of 114.3 MiB
2026-10-09T16:09:29.9935135Z |■■■■■■■■■■■■■■■■■■■■■■■■■■■■■■■■                                                |  40% of 114.3 MiB
2026-10-09T16:09:30.0756475Z |■■■■■■■■■■■■■■■■■■■■■■■■■■■■■■■■■■■■■■■■                                        |  50% of 114.3 MiB
2026-10-09T16:09:30.1798437Z |■■■■■■■■■■■■■■■■■■■■■■■■■■■■■■■■■■■■■■■■■■■■■■■■                                |  60% of 114.3 MiB
2026-10-09T16:09:30.2348326Z |■■■■■■■■■■■■■■■■■■■■■■■■■■■■■■■■■■■■■■■■■■■■■■■■■■■■■■■■                        |  70% of 114.3 MiB
2026-10-09T16:09:30.3288633Z |■■■■■■■■■■■■■■■■■■■■■■■■■■■■■■■■■■■■■■■■■■■■■■■■■■■■■■■■■■■■■■■■                |  80% of 114.3 MiB
2026-10-09T16:09:30.4323325Z |■■■■■■■■■■■■■■■■■■■■■■■■■■■■■■■■■■■■■■■■■■■■■■■■■■■■■■■■■■■■■■■■■■■■■■■■        |  90% of 114.3 MiB
2026-10-09T16:09:30.6119165Z |■■■■■■■■■■■■■■■■■■■■■■■■■■■■■■■■■■■■■■■■■■■■■■■■■■■■■■■■■■■■■■■■■■■■■■■■■■■■■■■■| 100% of 114.3 MiB
2026-10-09T16:09:32.0912743Z Chrome Headless Shell 153.0.8010.12 (playwright chromium-headless-shell v1243) downloaded to /home/runner/.cache/ms-playwright/chromium_headless_shell-1243
2026-10-09T16:09:32.1150107Z ##[group]Run CF_STATEMENTS=0 TRANSLATE=0 node scripts/update-data.mjs
2026-10-09T16:09:32.1151985Z [36;1mCF_STATEMENTS=0 TRANSLATE=0 node scripts/update-data.mjs[0m
2026-10-09T16:09:32.1208897Z shell: /usr/bin/bash -e {0}
2026-10-09T16:09:32.1209215Z env:
2026-10-09T16:09:32.1212900Z   GITHUB_TOKEN: ***
2026-10-09T16:09:32.1213184Z ##[endgroup]
2026-10-09T16:09:32.1702755Z (node:2944) [MODULE_TYPELESS_PACKAGE_JSON] Warning: Module type of file:///home/runner/work/ys_problem_web/ys_problem_web/lib/records.js is not specified and it doesn't parse as CommonJS.
2026-10-09T16:09:32.1703571Z Reparsing as ES module because module syntax was detected. This incurs a performance overhead.
2026-10-09T16:09:32.1704118Z To eliminate this warning, add "type": "module" to /home/runner/work/ys_problem_web/ys_problem_web/package.json.
2026-10-09T16:09:32.1704613Z (Use `node --trace-warnings ...` to show where the warning was created)
2026-10-09T16:09:32.2737614Z Discovering daily problem folders...
2026-10-09T16:09:33.5109707Z Found 819 days, syncing the most recent 819.
2026-10-09T16:09:34.2766198Z   2026-10-10: 2 problems
2026-10-09T16:09:34.7206071Z   2026-10-09: 2 problems
2026-10-09T16:09:35.1579637Z   2026-10-08: 2 problems
2026-10-09T16:09:35.5671264Z   2026-10-07: 2 problems
2026-10-09T16:09:36.0587274Z   2026-10-06: 2 problems
2026-10-09T16:09:36.5109683Z   2026-10-05: 2 problems
2026-10-09T16:09:36.9521599Z   2026-10-03: 2 problems
2026-10-09T16:09:37.3797612Z   2026-10-02: 2 problems
2026-10-09T16:09:37.8511761Z   2026-10-01: 2 problems
2026-10-09T16:09:38.3219634Z   2026-09-30: 2 problems
2026-10-09T16:09:38.7390764Z   2026-09-29: 2 problems
2026-10-09T16:09:39.3281868Z   2026-09-28: 2 problems
2026-10-09T16:09:39.7909838Z   2026-09-26: 2 problems
2026-10-09T16:09:40.3338217Z   2026-09-25: 2 problems
2026-10-09T16:09:40.7886027Z   2026-09-24: 2 problems
2026-10-09T16:09:41.2467962Z   2026-09-23: 2 problems
2026-10-09T16:09:41.6810887Z   2026-09-22: 2 problems
2026-10-09T16:09:42.1247403Z   2026-09-21: 2 problems
2026-10-09T16:09:42.5303908Z   2026-09-19: 2 problems
2026-10-09T16:09:42.9545510Z   2026-09-18: 2 problems
2026-10-09T16:09:43.3664575Z   2026-09-17: 2 problems
2026-10-09T16:09:43.8258779Z   2026-09-16: 2 problems
2026-10-09T16:09:44.2671061Z   2026-09-15: 2 problems
2026-10-09T16:09:44.5429010Z   2026-09-14: 2 problems
2026-10-09T16:09:44.9841946Z   2026-09-12: 2 problems
2026-10-09T16:09:45.4663461Z   2026-09-11: 2 problems
2026-10-09T16:09:46.4743550Z   2026-09-10: 2 problems
2026-10-09T16:09:46.9279810Z   2026-09-09: 2 problems
2026-10-09T16:09:47.4078587Z   2026-09-08: 2 problems
2026-10-09T16:09:47.8383463Z   2026-09-07: 2 problems
2026-10-09T16:09:48.2718326Z   2026-09-05: 2 problems
2026-10-09T16:09:48.7113889Z   2026-09-04: 2 problems
2026-10-09T16:09:49.1509502Z   2026-09-03: 2 problems
2026-10-09T16:09:49.6200106Z   2026-09-02: 2 problems
2026-10-09T16:09:50.0789995Z   2026-09-01: 2 problems
2026-10-09T16:09:50.5634255Z   2026-08-31: 2 problems
2026-10-09T16:09:51.0156308Z   2026-08-29: 2 problems
2026-10-09T16:09:51.4510606Z   2026-08-28: 2 problems
2026-10-09T16:09:51.8934233Z   2026-08-27: 2 problems
2026-10-09T16:09:52.3467423Z   2026-08-26: 2 problems
2026-10-09T16:09:52.7734753Z   2026-08-25: 2 problems
2026-10-09T16:09:53.2240923Z   2026-08-24: 2 problems
2026-10-09T16:09:53.6495623Z   2026-08-22: 2 problems
2026-10-09T16:09:54.1110525Z   2026-08-21: 2 problems
2026-10-09T16:09:54.5522570Z   2026-08-20: 2 problems
2026-10-09T16:09:54.9950063Z   2026-08-19: 2 problems
2026-10-09T16:09:55.4546092Z   2026-08-18: 2 problems
2026-10-09T16:09:55.8981222Z   2026-08-17: 2 problems
2026-10-09T16:09:56.3031782Z   2026-08-15: 2 problems
2026-10-09T16:09:56.7463663Z   2026-08-14: 2 problems
2026-10-09T16:09:57.1819526Z   2026-08-13: 2 problems
2026-10-09T16:09:57.6119841Z   2026-08-12: 2 problems
2026-10-09T16:09:58.0515395Z   2026-08-11: 2 problems
2026-10-09T16:09:58.4787905Z   2026-08-10: 2 problems
2026-10-09T16:09:58.8954509Z   2026-08-08: 2 problems
2026-10-09T16:09:59.3322619Z   2026-08-07: 2 problems
2026-10-09T16:09:59.7870792Z   2026-08-06: 2 problems
2026-10-09T16:10:00.2711787Z   2026-08-05: 2 problems
2026-10-09T16:10:00.7474894Z   2026-08-04: 2 problems
2026-10-09T16:10:01.2671293Z   2026-08-03: 2 problems
2026-10-09T16:10:01.7058023Z   2026-08-01: 2 problems
2026-10-09T16:10:02.0574066Z   2026-07-31: 2 problems
2026-10-09T16:10:02.4780683Z   2026-07-30: 2 problems
2026-10-09T16:10:02.9279600Z   2026-07-29: 2 problems
2026-10-09T16:10:03.3304178Z   2026-07-28: 2 problems
2026-10-09T16:10:03.7539056Z   2026-07-27: 2 problems
2026-10-09T16:10:04.2391189Z   2026-07-25: 2 problems
2026-10-09T16:10:04.6482501Z   2026-07-24: 2 problems
2026-10-09T16:10:05.0828596Z   2026-07-23: 2 problems
2026-10-09T16:10:05.4943797Z   2026-07-22: 2 problems
2026-10-09T16:10:05.9127141Z   2026-07-21: 2 problems
2026-10-09T16:10:06.3702988Z   2026-07-16: 2 problems
2026-10-09T16:10:06.7984247Z   2026-07-15: 2 problems
2026-10-09T16:10:07.2388973Z   2026-07-14: 2 problems
2026-10-09T16:10:07.7076465Z   2026-07-13: 2 problems
2026-10-09T16:10:08.1908807Z   2026-07-11: 2 problems
2026-10-09T16:10:08.6870959Z   2026-07-10: 2 problems
2026-10-09T16:10:09.1152906Z   2026-07-09: 2 problems
2026-10-09T16:10:09.5532280Z   2026-07-08: 2 problems
2026-10-09T16:10:09.9996277Z   2026-07-07: 2 problems
2026-10-09T16:10:10.4411340Z   2026-07-06: 2 problems
2026-10-09T16:10:10.8670773Z   2026-07-04: 2 problems
2026-10-09T16:10:11.3034842Z   2026-07-03: 2 problems
2026-10-09T16:10:11.7972190Z   2026-07-02: 2 problems
2026-10-09T16:10:12.2367878Z   2026-07-01: 2 problems
2026-10-09T16:10:12.6585941Z   2026-06-30: 2 problems
2026-10-09T16:10:13.1284771Z   2026-06-29: 2 problems
2026-10-09T16:10:13.5816744Z   2026-06-27: 2 problems
2026-10-09T16:10:14.0400894Z   2026-06-26: 2 problems
2026-10-09T16:10:14.4505355Z   2026-06-25: 2 problems
2026-10-09T16:10:14.8987579Z   2026-06-24: 2 problems
2026-10-09T16:10:15.4053802Z   2026-06-23: 2 problems
2026-10-09T16:10:15.8356756Z   2026-06-22: 2 problems
2026-10-09T16:10:16.1129212Z   2026-06-20: 1 problems
2026-10-09T16:10:16.5487712Z   2026-06-19: 2 problems
2026-10-09T16:10:16.9958294Z   2026-06-18: 2 problems
2026-10-09T16:10:17.4359684Z   2026-06-17: 2 problems
2026-10-09T16:10:17.9152391Z   2026-06-16: 2 problems
2026-10-09T16:10:18.3564833Z   2026-06-15: 2 problems
2026-10-09T16:10:18.9395205Z   2026-06-13: 2 problems
2026-10-09T16:10:19.3752640Z   2026-06-12: 2 problems
2026-10-09T16:10:19.8918483Z   2026-06-11: 2 problems
2026-10-09T16:10:20.3420481Z   2026-06-10: 2 problems
2026-10-09T16:10:20.8229863Z   2026-06-09: 2 problems
2026-10-09T16:10:21.2900450Z   2026-06-08: 2 problems
2026-10-09T16:10:21.7948399Z   2026-06-06: 2 problems
2026-10-09T16:10:22.3073304Z   2026-06-05: 2 problems
2026-10-09T16:10:22.7570721Z   2026-06-04: 2 problems
2026-10-09T16:10:22.9176157Z   2026-06-03: 2 problems
2026-10-09T16:10:23.3581696Z   2026-06-02: 2 problems
2026-10-09T16:10:23.8530989Z   2026-06-01: 2 problems
2026-10-09T16:10:24.3090636Z   2026-05-30: 2 problems
2026-10-09T16:10:24.7737699Z   2026-05-29: 2 problems
2026-10-09T16:10:25.3418731Z   2026-05-28: 2 problems
2026-10-09T16:10:26.0427701Z   2026-05-27: 2 problems
2026-10-09T16:10:26.3884054Z   2026-05-26: 2 problems
2026-10-09T16:10:26.7634038Z   2026-05-25: 2 problems
2026-10-09T16:10:27.2679360Z   2026-05-23: 2 problems
2026-10-09T16:10:27.6937135Z   2026-05-22: 2 problems
2026-10-09T16:10:28.1774073Z   2026-05-21: 2 problems
2026-10-09T16:10:28.6053052Z   2026-05-20: 2 problems
2026-10-09T16:10:29.0048624Z   2026-05-19: 2 problems
2026-10-09T16:10:29.3754324Z   2026-05-18: 2 problems
2026-10-09T16:10:29.7455273Z   2026-05-16: 2 problems
2026-10-09T16:10:30.1402534Z   2026-05-15: 2 problems
2026-10-09T16:10:30.5473431Z   2026-05-14: 2 problems
2026-10-09T16:10:30.9507921Z   2026-05-13: 2 problems
2026-10-09T16:10:31.3409712Z   2026-05-12: 2 problems
2026-10-09T16:10:31.7423352Z   2026-05-11: 2 problems
2026-10-09T16:10:32.1149277Z   2026-05-09: 2 problems
2026-10-09T16:10:32.5006285Z   2026-05-08: 2 problems
2026-10-09T16:10:32.9344043Z   2026-05-07: 2 problems
2026-10-09T16:10:33.3192901Z   2026-05-06: 2 problems
2026-10-09T16:10:33.7292033Z   2026-05-05: 2 problems
2026-10-09T16:10:34.1747876Z   2026-05-04: 2 problems
2026-10-09T16:10:34.6188124Z   2026-05-02: 2 problems
2026-10-09T16:10:34.9891132Z   2026-05-01: 2 problems
2026-10-09T16:10:35.4111386Z   2026-04-30: 2 problems
2026-10-09T16:10:35.7977999Z   2026-04-29: 2 problems
2026-10-09T16:10:36.1659755Z   2026-04-28: 2 problems
2026-10-09T16:10:36.5654276Z   2026-04-27: 2 problems
2026-10-09T16:10:36.9690857Z   2026-04-25: 2 problems
2026-10-09T16:10:37.3830043Z   2026-04-24: 2 problems
2026-10-09T16:10:37.7972272Z   2026-04-23: 2 problems
2026-10-09T16:10:38.2043327Z   2026-04-22: 2 problems
2026-10-09T16:10:38.5740560Z   2026-04-21: 2 problems
2026-10-09T16:10:38.9694018Z   2026-04-20: 2 problems
2026-10-09T16:10:39.3822396Z   2026-04-18: 2 problems
2026-10-09T16:10:39.8078741Z   2026-04-17: 2 problems
2026-10-09T16:10:40.1973659Z   2026-04-16: 2 problems
2026-10-09T16:10:40.6198621Z   2026-04-15: 2 problems
2026-10-09T16:10:41.0254378Z   2026-04-14: 2 problems
2026-10-09T16:10:41.4144203Z   2026-04-13: 2 problems
2026-10-09T16:10:41.8003034Z   2026-04-11: 2 problems
2026-10-09T16:10:42.1760615Z   2026-04-10: 2 problems
2026-10-09T16:10:42.5619527Z   2026-04-09: 2 problems
2026-10-09T16:10:42.8052284Z   2026-04-08: 2 problems
2026-10-09T16:10:43.2029310Z   2026-04-07: 2 problems
2026-10-09T16:10:43.5710193Z   2026-04-06: 2 problems
2026-10-09T16:10:43.9561372Z   2026-04-04: 2 problems
2026-10-09T16:10:44.3323572Z   2026-04-03: 2 problems
2026-10-09T16:10:44.7410741Z   2026-04-02: 2 problems
2026-10-09T16:10:45.1219943Z   2026-04-01: 2 problems
2026-10-09T16:10:45.7654316Z   2026-03-31: 2 problems
2026-10-09T16:10:46.1719583Z   2026-03-30: 2 problems
2026-10-09T16:10:46.5702694Z   2026-03-28: 2 problems
2026-10-09T16:10:46.9497846Z   2026-03-27: 2 problems
2026-10-09T16:10:47.3411215Z   2026-03-26: 2 problems
2026-10-09T16:10:47.7542549Z   2026-03-25: 2 problems
2026-10-09T16:10:48.1546670Z   2026-03-24: 2 problems
2026-10-09T16:10:48.5336662Z   2026-03-23: 2 problems
2026-10-09T16:10:48.9215665Z   2026-03-21: 2 problems
2026-10-09T16:10:49.3057598Z   2026-03-20: 2 problems
2026-10-09T16:10:49.7023590Z   2026-03-19: 2 problems
2026-10-09T16:10:50.1452776Z   2026-03-18: 2 problems
2026-10-09T16:10:50.5131063Z   2026-03-17: 2 problems
2026-10-09T16:10:50.8998600Z   2026-03-16: 2 problems
2026-10-09T16:10:51.2777199Z   2026-03-14: 2 problems
2026-10-09T16:10:51.6417379Z   2026-03-13: 2 problems
2026-10-09T16:10:52.0048978Z   2026-03-12: 2 problems
2026-10-09T16:10:52.3902958Z   2026-03-11: 2 problems
2026-10-09T16:10:52.8049736Z   2026-03-10: 2 problems
2026-10-09T16:10:53.2151409Z   2026-03-09: 2 problems
2026-10-09T16:10:53.6015247Z   2026-03-07: 2 problems
2026-10-09T16:10:53.9903414Z   2026-03-06: 2 problems
2026-10-09T16:10:54.3759122Z   2026-03-05: 2 problems
2026-10-09T16:10:54.7546418Z   2026-03-04: 2 problems
2026-10-09T16:10:55.1276181Z   2026-03-03: 2 problems
2026-10-09T16:10:55.4927092Z   2026-03-02: 2 problems
2026-10-09T16:10:55.9117107Z   2026-02-28: 2 problems
2026-10-09T16:10:56.3172801Z   2026-02-27: 2 problems
2026-10-09T16:10:56.6988233Z   2026-02-26: 2 problems
2026-10-09T16:10:57.0666281Z   2026-02-25: 2 problems
2026-10-09T16:10:57.4418292Z   2026-02-24: 2 problems
2026-10-09T16:10:57.8279543Z   2026-02-23: 2 problems
2026-10-09T16:10:58.2175552Z   2026-02-21: 2 problems
2026-10-09T16:10:58.9047674Z   2026-02-20: 2 problems
2026-10-09T16:10:59.2696199Z   2026-02-19: 2 problems
2026-10-09T16:10:59.6786309Z   2026-02-18: 2 problems
2026-10-09T16:11:00.0764674Z   2026-02-17: 2 problems
2026-10-09T16:11:00.4559347Z   2026-02-16: 2 problems
2026-10-09T16:11:00.8690470Z   2026-02-14: 2 problems
2026-10-09T16:11:01.2935591Z   2026-02-13: 2 problems
2026-10-09T16:11:01.7036504Z   2026-02-12: 2 problems
2026-10-09T16:11:02.0762287Z   2026-02-11: 2 problems
2026-10-09T16:11:02.4674585Z   2026-02-10: 2 problems
2026-10-09T16:11:02.8422558Z   2026-02-09: 2 problems
2026-10-09T16:11:03.2641100Z   2026-02-07: 2 problems
2026-10-09T16:11:03.6411253Z   2026-02-06: 2 problems
2026-10-09T16:11:04.0118709Z   2026-02-05: 2 problems
2026-10-09T16:11:04.4239493Z   2026-02-04: 2 problems
2026-10-09T16:11:04.8213749Z   2026-02-03: 2 problems
2026-10-09T16:11:05.1935692Z   2026-02-02: 2 problems
2026-10-09T16:11:05.5701722Z   2026-01-31: 2 problems
2026-10-09T16:11:05.9538290Z   2026-01-30: 2 problems
2026-10-09T16:11:06.3372971Z   2026-01-29: 2 problems
2026-10-09T16:11:06.7160164Z   2026-01-28: 2 problems
2026-10-09T16:11:07.0777457Z   2026-01-27: 2 problems
2026-10-09T16:11:07.4528638Z   2026-01-26: 2 problems
2026-10-09T16:11:07.8500869Z   2026-01-24: 2 problems
2026-10-09T16:11:08.2665989Z   2026-01-23: 2 problems
2026-10-09T16:11:08.5124286Z   2026-01-22: 2 problems
2026-10-09T16:11:08.8851325Z   2026-01-21: 2 problems
2026-10-09T16:11:09.3170026Z   2026-01-20: 2 problems
2026-10-09T16:11:09.7211345Z   2026-01-19: 2 problems
2026-10-09T16:11:10.1054234Z   2026-01-17: 2 problems
2026-10-09T16:11:10.5166116Z   2026-01-16: 2 problems
2026-10-09T16:11:10.9365644Z   2026-01-15: 2 problems
2026-10-09T16:11:11.3570609Z   2026-01-14: 2 problems
2026-10-09T16:11:11.7649638Z   2026-01-13: 2 problems
2026-10-09T16:11:12.1713041Z   2026-01-12: 2 problems
2026-10-09T16:11:12.5548304Z   2026-01-10: 2 problems
2026-10-09T16:11:12.9472527Z   2026-01-09: 2 problems
2026-10-09T16:11:13.3147408Z   2026-01-08: 2 problems
2026-10-09T16:11:13.7578129Z   2026-01-07: 2 problems
2026-10-09T16:11:14.1506163Z   2026-01-06: 2 problems
2026-10-09T16:11:14.5396444Z   2026-01-05: 2 problems
2026-10-09T16:11:14.9604772Z   2026-01-03: 2 problems
2026-10-09T16:11:15.4151682Z   2026-01-02: 2 problems
2026-10-09T16:11:15.8175709Z   2026-01-01: 2 problems
2026-10-09T16:11:16.2417865Z   2025-12-31: 2 problems
2026-10-09T16:11:16.6636662Z   2025-12-30: 2 problems
2026-10-09T16:11:17.0408828Z   2025-12-29: 2 problems
2026-10-09T16:11:17.4893385Z   2025-12-27: 2 problems
2026-10-09T16:11:18.0082721Z   2025-12-26: 2 problems
2026-10-09T16:11:18.4427820Z   2025-12-25: 2 problems
2026-10-09T16:11:18.8646172Z   2025-12-24: 2 problems
2026-10-09T16:11:19.3217988Z   2025-12-23: 2 problems
2026-10-09T16:11:19.7124639Z   2025-12-22: 2 problems
2026-10-09T16:11:20.1381241Z   2025-12-20: 2 problems
2026-10-09T16:11:20.5453284Z   2025-12-19: 2 problems
2026-10-09T16:11:20.9587459Z   2025-12-18: 2 problems
2026-10-09T16:11:21.3780545Z   2025-12-17: 2 problems
2026-10-09T16:11:21.8197568Z   2025-12-16: 2 problems
2026-10-09T16:11:22.2293881Z   2025-12-15: 2 problems
2026-10-09T16:11:22.8289890Z   2025-12-13: 2 problems
2026-10-09T16:11:23.2739554Z   2025-12-12: 2 problems
2026-10-09T16:11:23.7965946Z   2025-12-11: 2 problems
2026-10-09T16:11:24.1908464Z   2025-12-10: 2 problems
2026-10-09T16:11:24.6065313Z   2025-12-09: 2 problems
2026-10-09T16:11:24.8604932Z   2025-12-08: 2 problems
2026-10-09T16:11:25.2568785Z   2025-12-06: 2 problems
2026-10-09T16:11:25.6532024Z   2025-12-05: 2 problems
2026-10-09T16:11:26.0584566Z   2025-12-04: 2 problems
2026-10-09T16:11:26.5851705Z   2025-12-03: 2 problems
2026-10-09T16:11:27.3478428Z   2025-12-02: 2 problems
2026-10-09T16:11:27.8352601Z   2025-12-01: 2 problems
2026-10-09T16:11:28.2764271Z   2025-11-29: 2 problems
2026-10-09T16:11:28.7271668Z   2025-11-28: 2 problems
2026-10-09T16:11:29.2409855Z   2025-11-27: 2 problems
2026-10-09T16:11:29.6575895Z   2025-11-26: 2 problems
2026-10-09T16:11:30.1606242Z   2025-11-25: 2 problems
2026-10-09T16:11:30.6169134Z   2025-11-24: 2 problems
2026-10-09T16:11:31.4767834Z   2025-11-22: 2 problems
2026-10-09T16:11:31.8901148Z   2025-11-21: 2 problems
2026-10-09T16:11:32.5393258Z   2025-11-20: 2 problems
2026-10-09T16:11:33.1449603Z   2025-11-19: 2 problems
2026-10-09T16:11:33.5765018Z   2025-11-18: 2 problems
2026-10-09T16:11:33.9874302Z   2025-11-17: 2 problems
2026-10-09T16:11:34.4394981Z   2025-11-15: 2 problems
2026-10-09T16:11:35.0309487Z   2025-11-14: 2 problems
2026-10-09T16:11:35.4621764Z   2025-11-13: 2 problems
2026-10-09T16:11:35.9005068Z   2025-11-12: 2 problems
2026-10-09T16:11:36.3985570Z   2025-11-11: 2 problems
2026-10-09T16:11:36.8518435Z   2025-11-10: 2 problems
2026-10-09T16:11:37.3133865Z   2025-11-08: 2 problems
2026-10-09T16:11:37.7585840Z   2025-11-07: 2 problems
2026-10-09T16:11:38.1835749Z   2025-11-06: 2 problems
2026-10-09T16:11:38.6493894Z   2025-11-05: 2 problems
2026-10-09T16:11:39.0711998Z   2025-11-04: 2 problems
2026-10-09T16:11:39.4987262Z   2025-11-03: 2 problems
2026-10-09T16:11:39.9091725Z   2025-11-01: 2 problems
2026-10-09T16:11:40.2278690Z   2025-10-31: 2 problems
2026-10-09T16:11:40.6823797Z   2025-10-30: 2 problems
2026-10-09T16:11:41.1299849Z   2025-10-29: 2 problems
2026-10-09T16:11:41.5630357Z   2025-10-28: 2 problems
2026-10-09T16:11:42.0018454Z   2025-10-27: 2 problems
2026-10-09T16:11:42.4384191Z   2025-10-25: 2 problems
2026-10-09T16:11:42.8549034Z   2025-10-24: 2 problems
2026-10-09T16:11:43.2880041Z   2025-10-23: 2 problems
2026-10-09T16:11:43.7216519Z   2025-10-22: 2 problems
2026-10-09T16:11:44.1291333Z   2025-10-21: 2 problems
2026-10-09T16:11:44.6796364Z   2025-10-20: 2 problems
2026-10-09T16:11:45.2001199Z   2025-10-18: 2 problems
2026-10-09T16:11:45.6697464Z   2025-10-17: 2 problems
2026-10-09T16:11:46.1020073Z   2025-10-16: 2 problems
2026-10-09T16:11:46.5365933Z   2025-10-15: 2 problems
2026-10-09T16:11:47.0011145Z   2025-10-14: 2 problems
2026-10-09T16:11:47.4649506Z   2025-10-13: 2 problems
2026-10-09T16:11:47.9014397Z   2025-10-11: 2 problems
2026-10-09T16:11:48.3453430Z   2025-10-10: 2 problems
2026-10-09T16:11:48.7813200Z   2025-10-09: 2 problems
2026-10-09T16:11:49.1854757Z   2025-10-08: 2 problems
2026-10-09T16:11:49.6229293Z   2025-10-07: 2 problems
2026-10-09T16:11:50.1185432Z   2025-10-06: 2 problems
2026-10-09T16:11:50.5575301Z   2025-10-04: 2 problems
2026-10-09T16:11:50.9980595Z   2025-10-03: 2 problems
2026-10-09T16:11:51.5341523Z   2025-10-02: 2 problems
2026-10-09T16:11:52.1699965Z   2025-10-01: 2 problems
2026-10-09T16:11:52.6898875Z   2025-09-30: 2 problems
2026-10-09T16:11:53.1457357Z   2025-09-29: 2 problems
2026-10-09T16:11:53.5806246Z   2025-09-27: 2 problems
2026-10-09T16:11:53.9921333Z   2025-09-26: 2 problems
2026-10-09T16:11:54.4259960Z   2025-09-25: 2 problems
2026-10-09T16:11:54.8747303Z   2025-09-24: 2 problems
2026-10-09T16:11:55.3008521Z   2025-09-23: 2 problems
2026-10-09T16:11:55.7884558Z   2025-09-22: 2 problems
2026-10-09T16:11:56.2587239Z   2025-09-20: 2 problems
2026-10-09T16:11:56.6971432Z   2025-09-19: 2 problems
2026-10-09T16:11:57.1588785Z   2025-09-18: 2 problems
2026-10-09T16:11:57.5636144Z   2025-09-17: 2 problems
2026-10-09T16:11:58.0249114Z   2025-09-16: 2 problems
2026-10-09T16:11:58.4814354Z   2025-09-15: 2 problems
2026-10-09T16:11:58.9095449Z   2025-09-13: 2 problems
2026-10-09T16:11:59.3995572Z   2025-09-12: 2 problems
2026-10-09T16:11:59.8248920Z   2025-09-11: 2 problems
2026-10-09T16:12:00.3157164Z   2025-09-10: 2 problems
2026-10-09T16:12:00.8490697Z   2025-09-09: 2 problems
2026-10-09T16:12:01.4174143Z   2025-09-08: 2 problems
2026-10-09T16:12:01.8815934Z   2025-09-06: 2 problems
2026-10-09T16:12:02.3085884Z   2025-09-05: 2 problems
2026-10-09T16:12:02.8000765Z   2025-09-04: 2 problems
2026-10-09T16:12:03.2666619Z   2025-09-03: 2 problems
2026-10-09T16:12:03.7206460Z   2025-09-02: 2 problems
2026-10-09T16:12:04.2078552Z   2025-09-01: 2 problems
2026-10-09T16:12:04.6853928Z   2025-08-30: 2 problems
2026-10-09T16:12:05.1475783Z   2025-08-29: 2 problems
2026-10-09T16:12:05.6022094Z   2025-08-28: 2 problems
2026-10-09T16:12:06.0764947Z   2025-08-27: 2 problems
2026-10-09T16:12:06.5146678Z   2025-08-26: 2 problems
2026-10-09T16:12:07.3391224Z   2025-08-25: 2 problems
2026-10-09T16:12:07.8486522Z   2025-08-23: 2 problems
2026-10-09T16:12:08.2780752Z   2025-08-22: 2 problems
2026-10-09T16:12:08.7857946Z   2025-08-21: 2 problems
2026-10-09T16:12:09.2059713Z   2025-08-20: 2 problems
2026-10-09T16:12:09.6150532Z   2025-08-19: 2 problems
2026-10-09T16:12:10.0494789Z   2025-08-18: 2 problems
2026-10-09T16:12:10.5524059Z   2025-08-16: 2 problems
2026-10-09T16:12:11.0334296Z   2025-08-15: 2 problems
2026-10-09T16:12:11.4831441Z   2025-08-14: 2 problems
2026-10-09T16:12:11.9236612Z   2025-08-13: 2 problems
2026-10-09T16:12:12.3333226Z   2025-08-12: 2 problems
2026-10-09T16:12:12.8068627Z   2025-08-11: 2 problems
2026-10-09T16:12:13.2329098Z   2025-08-09: 2 problems
2026-10-09T16:12:13.6651361Z   2025-08-08: 2 problems
2026-10-09T16:12:14.1810078Z   2025-08-07: 2 problems
2026-10-09T16:12:14.6026969Z   2025-08-06: 2 problems
2026-10-09T16:12:15.0298655Z   2025-08-05: 2 problems
2026-10-09T16:12:15.4815011Z   2025-08-04: 2 problems
2026-10-09T16:12:15.9118255Z   2025-08-02: 2 problems
2026-10-09T16:12:16.3355250Z   2025-08-01: 2 problems
2026-10-09T16:12:16.8438456Z   2025-07-31: 2 problems
2026-10-09T16:12:17.3963108Z   2025-07-30: 2 problems
2026-10-09T16:12:17.8613427Z   2025-07-29: 2 problems
2026-10-09T16:12:18.2905538Z   2025-07-28: 2 problems
2026-10-09T16:12:18.7226845Z   2025-07-26: 2 problems
2026-10-09T16:12:19.1746875Z   2025-07-25: 2 problems
2026-10-09T16:12:19.6207865Z   2025-07-24: 2 problems
2026-10-09T16:12:20.0413131Z   2025-07-23: 2 problems
2026-10-09T16:12:20.4641135Z   2025-07-22: 2 problems
2026-10-09T16:12:20.8792680Z   2025-07-21: 2 problems
2026-10-09T16:12:21.2882977Z   2025-07-19: 2 problems
2026-10-09T16:12:21.7732877Z   2025-07-18: 2 problems
2026-10-09T16:12:22.1978286Z   2025-07-17: 2 problems
2026-10-09T16:12:22.6277995Z   2025-07-16: 2 problems
2026-10-09T16:12:23.0322593Z   2025-07-15: 2 problems
2026-10-09T16:12:23.4644915Z   2025-07-14: 2 problems
2026-10-09T16:12:23.9516597Z   2025-07-12: 2 problems
2026-10-09T16:12:24.3584054Z   2025-07-11: 2 problems
2026-10-09T16:12:24.7849822Z   2025-07-10: 2 problems
2026-10-09T16:12:25.2830442Z   2025-07-09: 2 problems
2026-10-09T16:12:25.7103468Z   2025-07-08: 2 problems
2026-10-09T16:12:26.2146143Z   2025-07-07: 2 problems
2026-10-09T16:12:26.6371578Z   2025-07-05: 2 problems
2026-10-09T16:12:27.1049143Z   2025-07-04: 2 problems
2026-10-09T16:12:27.5399256Z   2025-07-03: 2 problems
2026-10-09T16:12:27.9674152Z   2025-07-02: 2 problems
2026-10-09T16:12:28.3915603Z   2025-07-01: 2 problems
2026-10-09T16:12:28.8231874Z   2025-06-30: 2 problems
2026-10-09T16:12:29.2682357Z   2025-06-28: 2 problems
2026-10-09T16:12:29.8533140Z   2025-06-27: 2 problems
2026-10-09T16:12:30.2661948Z   2025-06-26: 2 problems
2026-10-09T16:12:30.6908099Z   2025-06-25: 2 problems
2026-10-09T16:12:31.1094770Z   2025-06-24: 2 problems
2026-10-09T16:12:31.5202438Z   2025-06-23: 2 problems
2026-10-09T16:12:31.8311511Z   2025-06-21: 2 problems
2026-10-09T16:12:32.2503620Z   2025-06-20: 2 problems
2026-10-09T16:12:32.6933942Z   2025-06-19: 2 problems
2026-10-09T16:12:33.1496404Z   2025-06-18: 2 problems
2026-10-09T16:12:33.5868090Z   2025-06-17: 2 problems
2026-10-09T16:12:34.0186188Z   2025-06-16: 2 problems
2026-10-09T16:12:34.4304549Z   2025-06-14: 2 problems
2026-10-09T16:12:34.8750583Z   2025-06-13: 2 problems
2026-10-09T16:12:35.3001163Z   2025-06-12: 2 problems
2026-10-09T16:12:35.7224912Z   2025-06-11: 2 problems
2026-10-09T16:12:36.2037979Z   2025-06-10: 2 problems
2026-10-09T16:12:36.6367071Z   2025-06-09: 2 problems
2026-10-09T16:12:37.0667189Z   2025-06-07: 2 problems
2026-10-09T16:12:37.4984869Z   2025-06-06: 2 problems
2026-10-09T16:12:37.9022912Z   2025-06-05: 2 problems
2026-10-09T16:12:38.3708041Z   2025-06-04: 2 problems
2026-10-09T16:12:38.8403680Z   2025-06-03: 2 problems
2026-10-09T16:12:39.2707684Z   2025-06-02: 2 problems
2026-10-09T16:12:39.7193301Z   2025-05-31: 2 problems
2026-10-09T16:12:40.2524605Z   2025-05-30: 2 problems
2026-10-09T16:12:40.7317679Z   2025-05-29: 2 problems
2026-10-09T16:12:41.1802275Z   2025-05-28: 2 problems
2026-10-09T16:12:41.6189879Z   2025-05-27: 2 problems
2026-10-09T16:12:42.4702662Z   2025-05-26: 2 problems
2026-10-09T16:12:42.8912511Z   2025-05-24: 2 problems
2026-10-09T16:12:43.3150422Z   2025-05-23: 2 problems
2026-10-09T16:12:43.7407851Z   2025-05-22: 2 problems
2026-10-09T16:12:44.1447844Z   2025-05-21: 2 problems
2026-10-09T16:12:44.5539574Z   2025-05-20: 2 problems
2026-10-09T16:12:44.9986303Z   2025-05-19: 2 problems
2026-10-09T16:12:45.4419161Z   2025-05-17: 2 problems
2026-10-09T16:12:45.8561760Z   2025-05-16: 2 problems
2026-10-09T16:12:46.3059822Z   2025-05-15: 2 problems
2026-10-09T16:12:46.7113391Z   2025-05-14: 2 problems
2026-10-09T16:12:47.1133809Z   2025-05-13: 2 problems
2026-10-09T16:12:47.5425084Z   2025-05-12: 2 problems
2026-10-09T16:12:47.9831037Z   2025-05-10: 2 problems
2026-10-09T16:12:48.3969476Z   2025-05-09: 2 problems
2026-10-09T16:12:48.8298778Z   2025-05-08: 2 problems
2026-10-09T16:12:49.2748144Z   2025-05-07: 2 problems
2026-10-09T16:12:49.6927851Z   2025-05-06: 2 problems
2026-10-09T16:12:50.1177968Z   2025-05-05: 2 problems
2026-10-09T16:12:50.5564663Z   2025-05-03: 2 problems
2026-10-09T16:12:51.0132960Z   2025-05-02: 2 problems
2026-10-09T16:12:51.4548050Z   2025-05-01: 2 problems
2026-10-09T16:12:51.8838017Z   2025-04-30: 2 problems
2026-10-09T16:12:52.3091738Z   2025-04-29: 2 problems
2026-10-09T16:12:52.7151276Z   2025-04-28: 2 problems
2026-10-09T16:12:53.1441851Z   2025-04-26: 2 problems
2026-10-09T16:12:53.6094002Z   2025-04-25: 2 problems
2026-10-09T16:12:54.1097568Z   2025-04-24: 2 problems
2026-10-09T16:12:54.5782861Z   2025-04-23: 2 problems
2026-10-09T16:12:55.0308561Z   2025-04-22: 2 problems
2026-10-09T16:12:55.4239191Z   2025-04-21: 2 problems
2026-10-09T16:12:55.8249747Z   2025-04-19: 2 problems
2026-10-09T16:12:56.2341771Z   2025-04-18: 2 problems
2026-10-09T16:12:56.6441091Z   2025-04-17: 2 problems
2026-10-09T16:12:57.0475331Z   2025-04-16: 2 problems
2026-10-09T16:12:57.4004789Z   2025-04-15: 2 problems
2026-10-09T16:12:57.7827360Z   2025-04-14: 2 problems
2026-10-09T16:12:58.1817201Z   2025-04-12: 2 problems
2026-10-09T16:12:58.5435563Z   2025-04-11: 2 problems
2026-10-09T16:12:58.9118936Z   2025-04-10: 2 problems
2026-10-09T16:12:59.2825090Z   2025-04-09: 2 problems
2026-10-09T16:12:59.6449417Z   2025-04-08: 2 problems
2026-10-09T16:13:00.0386837Z   2025-04-07: 2 problems
2026-10-09T16:13:00.4152010Z   2025-04-05: 2 problems
2026-10-09T16:13:00.8135853Z   2025-04-04: 2 problems
2026-10-09T16:13:01.1922575Z   2025-04-03: 2 problems
2026-10-09T16:13:01.5802598Z   2025-04-02: 2 problems
2026-10-09T16:13:01.9638758Z   2025-04-01: 2 problems
2026-10-09T16:13:02.3478718Z   2025-03-31: 2 problems
2026-10-09T16:13:02.7140959Z   2025-03-29: 2 problems
2026-10-09T16:13:03.1121367Z   2025-03-28: 2 problems
2026-10-09T16:13:03.5957599Z   2025-03-27: 2 problems
2026-10-09T16:13:03.9863429Z   2025-03-26: 2 problems
2026-10-09T16:13:04.3855881Z   2025-03-25: 2 problems
2026-10-09T16:13:04.7907206Z   2025-03-24: 2 problems
2026-10-09T16:13:05.1743869Z   2025-03-22: 2 problems
2026-10-09T16:13:05.5345853Z   2025-03-21: 2 problems
2026-10-09T16:13:05.9095359Z   2025-03-20: 2 problems
2026-10-09T16:13:06.3050915Z   2025-03-19: 2 problems
2026-10-09T16:13:06.6837276Z   2025-03-18: 2 problems
2026-10-09T16:13:07.0596306Z   2025-03-17: 2 problems
2026-10-09T16:13:07.4529889Z   2025-03-15: 2 problems
2026-10-09T16:13:07.8748961Z   2025-03-14: 2 problems
2026-10-09T16:13:08.2753675Z   2025-03-13: 2 problems
2026-10-09T16:13:08.6457038Z   2025-03-12: 2 problems
2026-10-09T16:13:09.1561057Z   2025-03-11: 2 problems
2026-10-09T16:13:09.6010868Z   2025-03-10: 2 problems
2026-10-09T16:13:10.0400835Z   2025-03-08: 2 problems
2026-10-09T16:13:10.4309606Z   2025-03-07: 2 problems
2026-10-09T16:13:10.8601704Z   2025-03-06: 2 problems
2026-10-09T16:13:11.3545677Z   2025-03-05: 2 problems
2026-10-09T16:13:11.8140455Z   2025-03-04: 2 problems
2026-10-09T16:13:12.2335905Z   2025-03-03: 2 problems
2026-10-09T16:13:12.5890872Z   2025-03-01: 2 problems
2026-10-09T16:13:12.9811826Z   2025-02-28: 2 problems
2026-10-09T16:13:13.4084201Z   2025-02-27: 2 problems
2026-10-09T16:13:13.7821448Z   2025-02-26: 2 problems
2026-10-09T16:13:14.1525710Z   2025-02-25: 2 problems
2026-10-09T16:13:14.5375081Z   2025-02-24: 2 problems
2026-10-09T16:13:14.9393403Z   2025-02-22: 2 problems
2026-10-09T16:13:15.3629572Z   2025-02-21: 2 problems
2026-10-09T16:13:15.9667192Z   2025-02-20: 2 problems
2026-10-09T16:13:16.4705499Z   2025-02-19: 2 problems
2026-10-09T16:13:16.8830614Z   2025-02-18: 2 problems
2026-10-09T16:13:17.2751376Z   2025-02-17: 2 problems
2026-10-09T16:13:17.6793659Z   2025-02-15: 2 problems
2026-10-09T16:13:18.0399459Z   2025-02-14: 2 problems
2026-10-09T16:13:18.7192698Z   2025-02-13: 2 problems
2026-10-09T16:13:19.0959410Z   2025-02-12: 2 problems
2026-10-09T16:13:19.4965802Z   2025-02-11: 2 problems
2026-10-09T16:13:19.9467895Z   2025-02-10: 2 problems
2026-10-09T16:13:20.5911332Z   2025-02-08: 2 problems
2026-10-09T16:13:20.9794519Z   2025-02-07: 2 problems
2026-10-09T16:13:21.3453455Z   2025-02-06: 2 problems
2026-10-09T16:13:21.7117539Z   2025-02-05: 2 problems
2026-10-09T16:13:22.1047516Z   2025-02-04: 2 problems
2026-10-09T16:13:22.5088869Z   2025-02-03: 2 problems
2026-10-09T16:13:22.8654096Z   2025-02-01: 2 problems
2026-10-09T16:13:23.2935714Z   2025-01-31: 2 problems
2026-10-09T16:13:23.6850516Z   2025-01-30: 2 problems
2026-10-09T16:13:24.1107693Z   2025-01-29: 2 problems
2026-10-09T16:13:24.7899943Z   2025-01-28: 2 problems
2026-10-09T16:13:25.5329539Z   2025-01-27: 2 problems
2026-10-09T16:13:25.9707377Z   2025-01-25: 2 problems
2026-10-09T16:13:26.4012561Z   2025-01-24: 2 problems
2026-10-09T16:13:26.8458181Z   2025-01-23: 2 problems
2026-10-09T16:13:27.2815998Z   2025-01-22: 2 problems
2026-10-09T16:13:27.6922519Z   2025-01-21: 2 problems
2026-10-09T16:13:28.1113976Z   2025-01-20: 2 problems
2026-10-09T16:13:28.5513910Z   2025-01-18: 2 problems
2026-10-09T16:13:28.9918989Z   2025-01-17: 2 problems
2026-10-09T16:13:29.4419127Z   2025-01-16: 2 problems
2026-10-09T16:13:29.8417841Z   2025-01-15: 2 problems
2026-10-09T16:13:30.2686087Z   2025-01-14: 2 problems
2026-10-09T16:13:30.7131988Z   2025-01-13: 2 problems
2026-10-09T16:13:31.1527063Z   2025-01-11: 2 problems
2026-10-09T16:13:31.5790550Z   2025-01-10: 2 problems
2026-10-09T16:13:32.0126761Z   2025-01-09: 2 problems
2026-10-09T16:13:32.4431645Z   2025-01-08: 2 problems
2026-10-09T16:13:32.8871995Z   2025-01-07: 2 problems
2026-10-09T16:13:33.3329397Z   2025-01-06: 2 problems
2026-10-09T16:13:33.7674310Z   2025-01-04: 2 problems
2026-10-09T16:13:34.2109745Z   2025-01-03: 2 problems
2026-10-09T16:13:34.7000860Z   2025-01-02: 2 problems
2026-10-09T16:13:35.1587188Z   2025-01-01: 2 problems
2026-10-09T16:13:35.5906960Z   2024-12-31: 2 problems
2026-10-09T16:13:36.0434821Z   2024-12-30: 2 problems
2026-10-09T16:13:36.4716607Z   2024-12-28: 2 problems
2026-10-09T16:13:36.9722315Z   2024-12-27: 2 problems
2026-10-09T16:13:37.7409770Z   2024-12-26: 2 problems
2026-10-09T16:13:38.1889971Z   2024-12-25: 2 problems
2026-10-09T16:13:38.6034378Z   2024-12-24: 2 problems
2026-10-09T16:13:39.0349116Z   2024-12-23: 2 problems
2026-10-09T16:13:39.4981893Z   2024-12-21: 2 problems
2026-10-09T16:13:39.9481375Z   2024-12-20: 2 problems
2026-10-09T16:13:40.3765490Z   2024-12-19: 2 problems
2026-10-09T16:13:40.8444355Z   2024-12-18: 2 problems
2026-10-09T16:13:41.2888436Z   2024-12-17: 2 problems
2026-10-09T16:13:41.7328422Z   2024-12-16: 2 problems
2026-10-09T16:13:42.2013343Z   2024-12-14: 2 problems
2026-10-09T16:13:42.6414871Z   2024-12-13: 2 problems
2026-10-09T16:13:43.0718823Z   2024-12-12: 2 problems
2026-10-09T16:13:43.5148169Z   2024-12-11: 2 problems
2026-10-09T16:13:44.0520528Z   2024-12-10: 2 problems
2026-10-09T16:13:44.5130491Z   2024-12-09: 2 problems
2026-10-09T16:13:44.9322467Z   2024-12-07: 2 problems
2026-10-09T16:13:45.4051149Z   2024-12-06: 2 problems
2026-10-09T16:13:45.8632491Z   2024-12-05: 2 problems
2026-10-09T16:13:46.3574705Z   2024-12-04: 2 problems
2026-10-09T16:13:46.8850751Z   2024-12-03: 2 problems
2026-10-09T16:13:47.3225823Z   2024-12-02: 2 problems
2026-10-09T16:13:47.7589403Z   2024-11-30: 2 problems
2026-10-09T16:13:48.2247665Z   2024-11-29: 2 problems
2026-10-09T16:13:48.6861457Z   2024-11-28: 2 problems
2026-10-09T16:13:49.1117933Z   2024-11-27: 2 problems
2026-10-09T16:13:49.5712069Z   2024-11-26: 2 problems
2026-10-09T16:13:50.0233253Z   2024-11-25: 2 problems
2026-10-09T16:13:50.4496873Z   2024-11-23: 2 problems
2026-10-09T16:13:50.9026775Z   2024-11-22: 2 problems
2026-10-09T16:13:51.1859129Z   2024-11-21: 2 problems
2026-10-09T16:13:51.6319779Z   2024-11-20: 2 problems
2026-10-09T16:13:52.0725931Z   2024-11-19: 2 problems
2026-10-09T16:13:52.5078417Z   2024-11-18: 2 problems
2026-10-09T16:13:52.9282181Z   2024-11-16: 2 problems
2026-10-09T16:13:53.3672201Z   2024-11-15: 2 problems
2026-10-09T16:13:53.8449859Z   2024-11-14: 2 problems
2026-10-09T16:13:54.3755455Z   2024-11-13: 2 problems
2026-10-09T16:13:54.8026774Z   2024-11-12: 2 problems
2026-10-09T16:13:55.2569489Z   2024-11-11: 2 problems
2026-10-09T16:13:55.7304433Z   2024-11-09: 2 problems
2026-10-09T16:13:56.1589255Z   2024-11-08: 2 problems
2026-10-09T16:13:56.5566573Z   2024-11-07: 2 problems
2026-10-09T16:13:56.9858548Z   2024-11-06: 2 problems
2026-10-09T16:13:57.4041239Z   2024-11-05: 2 problems
2026-10-09T16:13:57.8453985Z   2024-11-04: 2 problems
2026-10-09T16:13:58.3092806Z   2024-11-02: 2 problems
2026-10-09T16:13:58.7273286Z   2024-11-01: 2 problems
2026-10-09T16:13:59.1560985Z   2024-10-31: 2 problems
2026-10-09T16:13:59.5746931Z   2024-10-30: 2 problems
2026-10-09T16:13:59.9839217Z   2024-10-29: 2 problems
2026-10-09T16:14:00.4095938Z   2024-10-28: 2 problems
2026-10-09T16:14:00.8502505Z   2024-10-26: 2 problems
2026-10-09T16:14:01.2719981Z   2024-10-25: 2 problems
2026-10-09T16:14:01.7489772Z   2024-10-24: 2 problems
2026-10-09T16:14:02.2162162Z   2024-10-23: 2 problems
2026-10-09T16:14:02.6606175Z   2024-10-22: 2 problems
2026-10-09T16:14:03.1122583Z   2024-10-21: 2 problems
2026-10-09T16:14:03.5351771Z   2024-10-19: 2 problems
2026-10-09T16:14:03.9705321Z   2024-10-18: 2 problems
2026-10-09T16:14:04.3931025Z   2024-10-17: 2 problems
2026-10-09T16:14:04.8087123Z   2024-10-16: 2 problems
2026-10-09T16:14:05.3063376Z   2024-10-15: 2 problems
2026-10-09T16:14:05.7476339Z   2024-10-14: 2 problems
2026-10-09T16:14:06.1696429Z   2024-10-12: 2 problems
2026-10-09T16:14:06.6208154Z   2024-10-11: 2 problems
2026-10-09T16:14:07.0389554Z   2024-10-10: 2 problems
2026-10-09T16:14:07.4477410Z   2024-10-09: 2 problems
2026-10-09T16:14:07.8784784Z   2024-10-08: 2 problems
2026-10-09T16:14:08.3173098Z   2024-10-07: 2 problems
2026-10-09T16:14:08.7265277Z   2024-10-05: 2 problems
2026-10-09T16:14:09.2203146Z   2024-10-04: 2 problems
2026-10-09T16:14:09.8272306Z   2024-10-03: 2 problems
2026-10-09T16:14:10.2521168Z   2024-10-02: 2 problems
2026-10-09T16:14:10.7019825Z   2024-10-01: 2 problems
2026-10-09T16:14:11.1614444Z   2024-09-30: 2 problems
2026-10-09T16:14:11.6460411Z   2024-09-28: 2 problems
2026-10-09T16:14:12.1072979Z   2024-09-27: 2 problems
2026-10-09T16:14:12.5694894Z   2024-09-26: 2 problems
2026-10-09T16:14:13.0079910Z   2024-09-25: 2 problems
2026-10-09T16:14:13.3315260Z   2024-09-24: 2 problems
2026-10-09T16:14:13.8494378Z   2024-09-23: 2 problems
2026-10-09T16:14:14.3347657Z   2024-09-21: 2 problems
2026-10-09T16:14:14.7812047Z   2024-09-20: 2 problems
2026-10-09T16:14:15.1950638Z   2024-09-19: 2 problems
2026-10-09T16:14:15.6479644Z   2024-09-18: 2 problems
2026-10-09T16:14:16.0813233Z   2024-09-17: 2 problems
2026-10-09T16:14:16.5277673Z   2024-09-16: 2 problems
2026-10-09T16:14:17.1135757Z   2024-09-14: 2 problems
2026-10-09T16:14:17.7242295Z   2024-09-13: 2 problems
2026-10-09T16:14:18.1566214Z   2024-09-12: 2 problems
2026-10-09T16:14:18.5913452Z   2024-09-11: 2 problems
2026-10-09T16:14:19.0505167Z   2024-09-10: 2 problems
2026-10-09T16:14:19.7645160Z   2024-09-09: 2 problems
2026-10-09T16:14:20.2763465Z   2024-09-07: 2 problems
2026-10-09T16:14:20.7869232Z   2024-09-06: 2 problems
2026-10-09T16:14:21.3031645Z   2024-09-05: 2 problems
2026-10-09T16:14:21.7328477Z   2024-09-04: 2 problems
2026-10-09T16:14:22.1694615Z   2024-09-03: 2 problems
2026-10-09T16:14:22.6893521Z   2024-09-02: 2 problems
2026-10-09T16:14:23.2021093Z   2024-08-31: 2 problems
2026-10-09T16:14:23.6754735Z   2024-08-30: 2 problems
2026-10-09T16:14:24.1378446Z   2024-08-29: 2 problems
2026-10-09T16:14:24.6268686Z   2024-08-28: 2 problems
2026-10-09T16:14:25.0585758Z   2024-08-27: 2 problems
2026-10-09T16:14:25.4879691Z   2024-08-26: 2 problems
2026-10-09T16:14:25.9283300Z   2024-08-24: 2 problems
2026-10-09T16:14:26.3711401Z   2024-08-23: 2 problems
2026-10-09T16:14:26.7961151Z   2024-08-22: 2 problems
2026-10-09T16:14:27.2541592Z   2024-08-21: 2 problems
2026-10-09T16:14:27.6680792Z   2024-08-20: 2 problems
2026-10-09T16:14:28.1120029Z   2024-08-19: 2 problems
2026-10-09T16:14:28.5446132Z   2024-08-17: 2 problems
2026-10-09T16:14:28.9729930Z   2024-08-16: 2 problems
2026-10-09T16:14:29.4060525Z   2024-08-15: 2 problems
2026-10-09T16:14:29.8348947Z   2024-08-14: 2 problems
2026-10-09T16:14:30.2448306Z   2024-08-13: 2 problems
2026-10-09T16:14:30.6837632Z   2024-08-12: 2 problems
2026-10-09T16:14:31.1074586Z   2024-08-10: 2 problems
2026-10-09T16:14:31.5474807Z   2024-08-09: 2 problems
2026-10-09T16:14:31.9852925Z   2024-08-08: 2 problems
2026-10-09T16:14:32.6912734Z   2024-08-07: 2 problems
2026-10-09T16:14:33.2121160Z   2024-08-06: 2 problems
2026-10-09T16:14:33.6756908Z   2024-08-05: 2 problems
2026-10-09T16:14:34.1473599Z   2024-08-03: 2 problems
2026-10-09T16:14:34.5793783Z   2024-08-02: 2 problems
2026-10-09T16:14:34.9822208Z   2024-08-01: 2 problems
2026-10-09T16:14:35.3967567Z   2024-07-31: 2 problems
2026-10-09T16:14:35.7994834Z   2024-07-30: 2 problems
2026-10-09T16:14:36.2163198Z   2024-07-29: 2 problems
2026-10-09T16:14:36.6662488Z   2024-07-27: 2 problems
2026-10-09T16:14:37.0855841Z   2024-07-26: 2 problems
2026-10-09T16:14:37.5043862Z   2024-07-25: 2 problems
2026-10-09T16:14:37.9595987Z   2024-07-24: 2 problems
2026-10-09T16:14:38.3931190Z   2024-07-23: 2 problems
2026-10-09T16:14:38.8909529Z   2024-07-22: 2 problems
2026-10-09T16:14:39.3011825Z   2024-07-20: 2 problems
2026-10-09T16:14:39.7203560Z   2024-07-19: 2 problems
2026-10-09T16:14:40.1378721Z   2024-07-18: 2 problems
2026-10-09T16:14:40.5658071Z   2024-07-17: 2 problems
2026-10-09T16:14:40.9881292Z   2024-07-16: 2 problems
2026-10-09T16:14:41.3991004Z   2024-07-15: 2 problems
2026-10-09T16:14:41.8183618Z   2024-07-13: 2 problems
2026-10-09T16:14:42.1010595Z   2024-07-12: 2 problems
2026-10-09T16:14:42.7141699Z   2024-07-11: 2 problems
2026-10-09T16:14:43.2398823Z   2024-07-10: 2 problems
2026-10-09T16:14:43.5970592Z   2024-07-09: 2 problems
2026-10-09T16:14:43.9743498Z   2024-07-08: 2 problems
2026-10-09T16:14:44.3623542Z   2024-07-06: 2 problems
2026-10-09T16:14:44.7357410Z   2024-07-05: 2 problems
2026-10-09T16:14:45.1020173Z   2024-07-04: 2 problems
2026-10-09T16:14:45.4599176Z   2024-07-03: 2 problems
2026-10-09T16:14:45.8369054Z   2024-07-02: 2 problems
2026-10-09T16:14:46.2573695Z   2024-07-01: 2 problems
2026-10-09T16:14:46.6495769Z   2024-06-29: 2 problems
2026-10-09T16:14:46.9980872Z   2024-06-28: 2 problems
2026-10-09T16:14:47.3705546Z   2024-06-27: 2 problems
2026-10-09T16:14:47.7502523Z   2024-06-26: 2 problems
2026-10-09T16:14:48.1279178Z   2024-06-25: 2 problems
2026-10-09T16:14:48.5718658Z   2024-06-24: 2 problems
2026-10-09T16:14:49.0089663Z   2024-06-22: 2 problems
2026-10-09T16:14:49.3961316Z   2024-06-21: 2 problems
2026-10-09T16:14:49.7753907Z   2024-06-20: 2 problems
2026-10-09T16:14:50.1540790Z   2024-06-19: 2 problems
2026-10-09T16:14:50.5675503Z   2024-06-18: 2 problems
2026-10-09T16:14:51.0428290Z   2024-06-17: 2 problems
2026-10-09T16:14:51.5422215Z   2024-06-15: 2 problems
2026-10-09T16:14:51.9628583Z   2024-06-14: 2 problems
2026-10-09T16:14:52.5583839Z   2024-06-13: 2 problems
2026-10-09T16:14:52.9279058Z   2024-06-12: 2 problems
2026-10-09T16:14:53.2971707Z   2024-06-11: 2 problems
2026-10-09T16:14:53.6788399Z   2024-06-10: 2 problems
2026-10-09T16:14:54.1198302Z   2024-06-08: 2 problems
2026-10-09T16:14:54.5046771Z   2024-06-07: 2 problems
2026-10-09T16:14:54.8803939Z   2024-06-06: 2 problems
2026-10-09T16:14:55.2697078Z   2024-06-05: 2 problems
2026-10-09T16:14:55.7038383Z   2024-06-04: 2 problems
2026-10-09T16:14:56.1030924Z   2024-06-03: 2 problems
2026-10-09T16:14:56.4874121Z   2024-06-01: 2 problems
2026-10-09T16:14:56.8918970Z   2024-05-31: 2 problems
2026-10-09T16:14:58.1660704Z   2024-05-30: 2 problems
2026-10-09T16:14:58.6470868Z   2024-05-29: 2 problems
2026-10-09T16:14:59.0348286Z   2024-05-28: 2 problems
2026-10-09T16:14:59.4260589Z   2024-05-27: 2 problems
2026-10-09T16:14:59.8523606Z   2024-05-25: 2 problems
2026-10-09T16:15:00.2509081Z   2024-05-24: 2 problems
2026-10-09T16:15:00.6515767Z   2024-05-23: 2 problems
2026-10-09T16:15:01.0330020Z   2024-05-22: 2 problems
2026-10-09T16:15:01.4261354Z   2024-05-21: 2 problems
2026-10-09T16:15:01.8113929Z   2024-05-20: 2 problems
2026-10-09T16:15:02.2397936Z   2024-05-18: 2 problems
2026-10-09T16:15:02.6665510Z   2024-05-17: 2 problems
2026-10-09T16:15:03.0536188Z   2024-05-16: 2 problems
2026-10-09T16:15:03.4562798Z   2024-05-15: 2 problems
2026-10-09T16:15:03.8860025Z   2024-05-14: 2 problems
2026-10-09T16:15:04.2990425Z   2024-05-13: 2 problems
2026-10-09T16:15:04.7143670Z   2024-05-11: 2 problems
2026-10-09T16:15:05.1355750Z   2024-05-10: 2 problems
2026-10-09T16:15:05.5060885Z   2024-05-09: 2 problems
2026-10-09T16:15:05.9355423Z   2024-05-08: 2 problems
2026-10-09T16:15:06.4261270Z   2024-05-07: 2 problems
2026-10-09T16:15:06.8570849Z   2024-05-06: 2 problems
2026-10-09T16:15:07.2333509Z   2024-05-04: 2 problems
2026-10-09T16:15:07.6802735Z   2024-05-03: 2 problems
2026-10-09T16:15:08.1392397Z   2024-05-02: 2 problems
2026-10-09T16:15:08.5669589Z   2024-05-01: 2 problems
2026-10-09T16:15:08.9900139Z   2024-04-30: 2 problems
2026-10-09T16:15:09.4350040Z   2024-04-29: 2 problems
2026-10-09T16:15:09.9110947Z   2024-04-27: 2 problems
2026-10-09T16:15:10.3341174Z   2024-04-26: 2 problems
2026-10-09T16:15:10.7155933Z   2024-04-25: 2 problems
2026-10-09T16:15:11.1490790Z   2024-04-24: 2 problems
2026-10-09T16:15:11.5828767Z   2024-04-23: 2 problems
2026-10-09T16:15:11.9800498Z   2024-04-22: 2 problems
2026-10-09T16:15:12.4693296Z   2024-04-20: 2 problems
2026-10-09T16:15:13.0299960Z   2024-04-19: 2 problems
2026-10-09T16:15:13.6204969Z   2024-04-18: 2 problems
2026-10-09T16:15:14.0669971Z   2024-04-17: 2 problems
2026-10-09T16:15:14.5558241Z   2024-04-16: 2 problems
2026-10-09T16:15:15.0462927Z   2024-04-15: 2 problems
2026-10-09T16:15:15.4855284Z   2024-04-13: 2 problems
2026-10-09T16:15:16.0724595Z   2024-04-12: 2 problems
2026-10-09T16:15:16.6247680Z   2024-04-11: 2 problems
2026-10-09T16:15:17.1176802Z   2024-04-10: 2 problems
2026-10-09T16:15:17.5753302Z   2024-04-09: 2 problems
2026-10-09T16:15:18.0370735Z   2024-04-08: 2 problems
2026-10-09T16:15:18.4751137Z   2024-04-06: 2 problems
2026-10-09T16:15:18.9176530Z   2024-04-05: 2 problems
2026-10-09T16:15:19.3546007Z   2024-04-04: 2 problems
2026-10-09T16:15:19.8567669Z   2024-04-03: 2 problems
2026-10-09T16:15:20.3615819Z   2024-04-02: 2 problems
2026-10-09T16:15:20.8177049Z   2024-04-01: 2 problems
2026-10-09T16:15:21.2770383Z   2024-03-30: 2 problems
2026-10-09T16:15:21.7058077Z   2024-03-29: 2 problems
2026-10-09T16:15:22.1621020Z   2024-03-28: 2 problems
2026-10-09T16:15:22.6058420Z   2024-03-27: 2 problems
2026-10-09T16:15:23.0628719Z   2024-03-26: 2 problems
2026-10-09T16:15:23.4948051Z   2024-03-25: 2 problems
2026-10-09T16:15:23.9608431Z   2024-03-23: 2 problems
2026-10-09T16:15:24.6130543Z   2024-03-22: 2 problems
2026-10-09T16:15:25.1956774Z   2024-03-21: 2 problems
2026-10-09T16:15:25.6342487Z   2024-03-20: 2 problems
2026-10-09T16:15:26.0687935Z   2024-03-19: 2 problems
2026-10-09T16:15:26.5236518Z   2024-03-18: 2 problems
2026-10-09T16:15:26.9868972Z   2024-03-16: 2 problems
2026-10-09T16:15:27.4469584Z   2024-03-15: 2 problems
2026-10-09T16:15:27.9139943Z   2024-03-14: 2 problems
2026-10-09T16:15:28.5123840Z   2024-03-13: 2 problems
2026-10-09T16:15:29.0318310Z   2024-03-12: 2 problems
2026-10-09T16:15:29.4536319Z   2024-03-11: 2 problems
2026-10-09T16:15:29.9027284Z   2024-03-09: 2 problems
2026-10-09T16:15:30.3830946Z   2024-03-08: 2 problems
2026-10-09T16:15:30.9326148Z   2024-03-07: 2 problems
2026-10-09T16:15:31.3596111Z   2024-03-06: 2 problems
2026-10-09T16:15:31.7915018Z   2024-03-05: 2 problems
2026-10-09T16:15:32.2587077Z   2024-03-04: 2 problems
2026-10-09T16:15:32.7151821Z   2024-03-02: 2 problems
2026-10-09T16:15:33.1834481Z   2024-03-01: 2 problems
2026-10-09T16:15:33.6567021Z   2024-02-29: 2 problems
2026-10-09T16:15:34.0877255Z   2024-02-28: 2 problems
2026-10-09T16:15:34.4954910Z   2024-02-27: 2 problems
2026-10-09T16:15:34.9383891Z   2024-02-26: 2 problems
2026-10-09T16:15:34.9384917Z Building categories...
2026-10-09T16:15:39.0904506Z Wrote /home/runner/work/ys_problem_web/ys_problem_web/data/daily.json (819 days, 21 categories).
2026-10-09T16:15:39.0904981Z Syncing leaderboard (records.js from gh-pages)...
2026-10-09T16:15:39.2596920Z   ✓ 362 players, data through 2026-10-08 (unchanged)
2026-10-09T16:15:39.2597354Z LEADERBOARD-SYNC {"changed":false,"players":362,"currentDate":"2026-10-08"}
2026-10-09T16:15:39.2753552Z ##[group]Run xvfb-run -a node scripts/fetch-statements.mjs --limit 4 --delay 6000
2026-10-09T16:15:39.2754026Z [36;1mxvfb-run -a node scripts/fetch-statements.mjs --limit 4 --delay 6000[0m
2026-10-09T16:15:39.2809230Z shell: /usr/bin/bash -e {0}
2026-10-09T16:15:39.2809443Z env:
2026-10-09T16:15:39.2809614Z   CF_START_MODE: chrome-headful
2026-10-09T16:15:39.2809836Z ##[endgroup]
2026-10-09T16:15:39.4570004Z Statements on disk: 1607; missing in archive: 28; needs limits: 0; fetching: 4
2026-10-09T16:15:49.6929381Z   [1/4] ✓ GYM102307K — K. Kernel Of Love (1 samples)
2026-10-09T16:15:57.9123199Z   [2/4] ✓ GYM101879C — C. Promenade by the lake (2 samples)
2026-10-09T16:16:14.2954475Z   [3/4] ✗ GYM106259I — fetch/parse failed
2026-10-09T16:16:22.9183171Z   2 consecutive failures — cooling down 240s…
2026-10-09T16:20:24.3497154Z   [4/4] ✗ GYM105746C — fetch/parse failed
2026-10-09T16:20:24.4250714Z 
2026-10-09T16:20:24.4251262Z Done: 2 saved, 2 failed.
2026-10-09T16:20:24.4251664Z Failed codes (rerun this script to retry):
2026-10-09T16:20:24.4251917Z   GYM106259I, GYM105746C
2026-10-09T16:20:24.5435387Z ##[group]Run OUT=$(xvfb-run -a node scripts/repair-zsmj.mjs --limit 200 --delay 6000)
2026-10-09T16:20:24.5435900Z [36;1mOUT=$(xvfb-run -a node scripts/repair-zsmj.mjs --limit 200 --delay 6000)[0m
2026-10-09T16:20:24.5436227Z [36;1mecho "$OUT"[0m
2026-10-09T16:20:24.5436739Z [36;1mREPAIRED=$(echo "$OUT" | grep -oE 'Done: [0-9]+ repaired' | grep -oE '[0-9]+' || echo 0)[0m
2026-10-09T16:20:24.5437213Z [36;1mREMAINING=$(grep -l '%%ZSMJ' data/statements/*.json 2>/dev/null | wc -l | tr -d ' ')[0m
2026-10-09T16:20:24.5437585Z [36;1mecho "repaired=$REPAIRED" >> "$GITHUB_OUTPUT"[0m
2026-10-09T16:20:24.5437877Z [36;1mecho "remaining=$REMAINING" >> "$GITHUB_OUTPUT"[0m
2026-10-09T16:20:24.5492926Z shell: /usr/bin/bash -e {0}
2026-10-09T16:20:24.5493137Z env:
2026-10-09T16:20:24.5502984Z   CF_START_MODE: chrome-headful
2026-10-09T16:20:24.5503221Z ##[endgroup]
2026-10-09T16:20:24.8250762Z Statements to repair: 0
2026-10-09T16:20:24.8418033Z ##[group]Run CF_STATEMENTS=0 TRANSLATE=0 node scripts/update-data.mjs
2026-10-09T16:20:24.8418657Z [36;1mCF_STATEMENTS=0 TRANSLATE=0 node scripts/update-data.mjs[0m
2026-10-09T16:20:24.8496593Z shell: /usr/bin/bash -e {0}
2026-10-09T16:20:24.8496927Z ##[endgroup]
2026-10-09T16:20:24.8834333Z (node:3631) [MODULE_TYPELESS_PACKAGE_JSON] Warning: Module type of file:///home/runner/work/ys_problem_web/ys_problem_web/lib/records.js is not specified and it doesn't parse as CommonJS.
2026-10-09T16:20:24.8835870Z Reparsing as ES module because module syntax was detected. This incurs a performance overhead.
2026-10-09T16:20:24.8836967Z To eliminate this warning, add "type": "module" to /home/runner/work/ys_problem_web/ys_problem_web/package.json.
2026-10-09T16:20:24.8837786Z (Use `node --trace-warnings ...` to show where the warning was created)
2026-10-09T16:20:24.9851573Z Discovering daily problem folders...
2026-10-09T16:20:26.1582017Z Found 819 days, syncing the most recent 819.
2026-10-09T16:20:26.6962474Z   2026-10-10: 2 problems
2026-10-09T16:20:27.0360894Z   2026-10-09: 2 problems
2026-10-09T16:20:27.2992465Z   2026-10-08: 2 problems
2026-10-09T16:20:27.7038105Z   2026-10-07: 2 problems
2026-10-09T16:20:28.0701603Z   2026-10-06: 2 problems
2026-10-09T16:20:28.3605737Z   2026-10-05: 2 problems
2026-10-09T16:20:28.6543102Z   2026-10-03: 2 problems
2026-10-09T16:20:29.0035725Z   2026-10-02: 2 problems
2026-10-09T16:20:29.2790176Z   2026-10-01: 2 problems
2026-10-09T16:20:29.5599201Z   2026-09-30: 2 problems
2026-10-09T16:20:29.8492567Z   2026-09-29: 2 problems
2026-10-09T16:20:30.1224374Z   2026-09-28: 2 problems
2026-10-09T16:20:30.4015266Z   2026-09-26: 2 problems
2026-10-09T16:20:30.6727774Z   2026-09-25: 2 problems
2026-10-09T16:20:30.9524405Z   2026-09-24: 2 problems
2026-10-09T16:20:31.2200989Z   2026-09-23: 2 problems
2026-10-09T16:20:31.4840437Z   2026-09-22: 2 problems
2026-10-09T16:20:31.7866171Z   2026-09-21: 2 problems
2026-10-09T16:20:32.0664842Z   2026-09-19: 2 problems
2026-10-09T16:20:32.3470075Z   2026-09-18: 2 problems
2026-10-09T16:20:32.6169146Z   2026-09-17: 2 problems
2026-10-09T16:20:32.9006147Z   2026-09-16: 2 problems
2026-10-09T16:20:33.1926502Z   2026-09-15: 2 problems
2026-10-09T16:20:33.3802334Z   2026-09-14: 2 problems
2026-10-09T16:20:33.6526194Z   2026-09-12: 2 problems
2026-10-09T16:20:33.9356003Z   2026-09-11: 2 problems
2026-10-09T16:20:34.2367719Z   2026-09-10: 2 problems
2026-10-09T16:20:34.5219420Z   2026-09-09: 2 problems
2026-10-09T16:20:34.8018934Z   2026-09-08: 2 problems
2026-10-09T16:20:35.0960535Z   2026-09-07: 2 problems
2026-10-09T16:20:35.3565262Z   2026-09-05: 2 problems
2026-10-09T16:20:35.6299230Z   2026-09-04: 2 problems
2026-10-09T16:20:35.8993047Z   2026-09-03: 2 problems
2026-10-09T16:20:36.1726931Z   2026-09-02: 2 problems
2026-10-09T16:20:36.4825178Z   2026-09-01: 2 problems
2026-10-09T16:20:36.7507058Z   2026-08-31: 2 problems
2026-10-09T16:20:37.0114928Z   2026-08-29: 2 problems
2026-10-09T16:20:37.2812884Z   2026-08-28: 2 problems
2026-10-09T16:20:37.5752449Z   2026-08-27: 2 problems
2026-10-09T16:20:37.8742708Z   2026-08-26: 2 problems
2026-10-09T16:20:38.1949706Z   2026-08-25: 2 problems
2026-10-09T16:20:38.4689359Z   2026-08-24: 2 problems
2026-10-09T16:20:38.8089493Z   2026-08-22: 2 problems
2026-10-09T16:20:39.0889391Z   2026-08-21: 2 problems
2026-10-09T16:20:39.3591722Z   2026-08-20: 2 problems
2026-10-09T16:20:39.6511645Z   2026-08-19: 2 problems
2026-10-09T16:20:39.9743856Z   2026-08-18: 2 problems
2026-10-09T16:20:40.2364126Z   2026-08-17: 2 problems
2026-10-09T16:20:40.5073499Z   2026-08-15: 2 problems
2026-10-09T16:20:40.8351797Z   2026-08-14: 2 problems
2026-10-09T16:20:41.1365706Z   2026-08-13: 2 problems
2026-10-09T16:20:41.4417842Z   2026-08-12: 2 problems
2026-10-09T16:20:41.7239980Z   2026-08-11: 2 problems
2026-10-09T16:20:42.0078354Z   2026-08-10: 2 problems
2026-10-09T16:20:42.2907953Z   2026-08-08: 2 problems
2026-10-09T16:20:42.6073379Z   2026-08-07: 2 problems
2026-10-09T16:20:42.8713512Z   2026-08-06: 2 problems
2026-10-09T16:20:43.1408241Z   2026-08-05: 2 problems
2026-10-09T16:20:43.4404163Z   2026-08-04: 2 problems
2026-10-09T16:20:43.7146548Z   2026-08-03: 2 problems
2026-10-09T16:20:43.9843889Z   2026-08-01: 2 problems
2026-10-09T16:20:44.1793136Z   2026-07-31: 2 problems
2026-10-09T16:20:44.4596399Z   2026-07-30: 2 problems
2026-10-09T16:20:44.7226395Z   2026-07-29: 2 problems
2026-10-09T16:20:44.9959830Z   2026-07-28: 2 problems
2026-10-09T16:20:45.2825972Z   2026-07-27: 2 problems
2026-10-09T16:20:45.5570990Z   2026-07-25: 2 problems
2026-10-09T16:20:45.8272980Z   2026-07-24: 2 problems
2026-10-09T16:20:46.1411288Z   2026-07-23: 2 problems
2026-10-09T16:20:46.4694602Z   2026-07-22: 2 problems
2026-10-09T16:20:46.7711251Z   2026-07-21: 2 problems
2026-10-09T16:20:47.0401426Z   2026-07-16: 2 problems
2026-10-09T16:20:47.3087686Z   2026-07-15: 2 problems
2026-10-09T16:20:47.5678768Z   2026-07-14: 2 problems
2026-10-09T16:20:47.8535406Z   2026-07-13: 2 problems
2026-10-09T16:20:48.1425656Z   2026-07-11: 2 problems
2026-10-09T16:20:48.4132889Z   2026-07-10: 2 problems
2026-10-09T16:20:48.6861358Z   2026-07-09: 2 problems
2026-10-09T16:20:48.9850391Z   2026-07-08: 2 problems
2026-10-09T16:20:49.2641321Z   2026-07-07: 2 problems
2026-10-09T16:20:49.5375950Z   2026-07-06: 2 problems
2026-10-09T16:20:49.8336383Z   2026-07-04: 2 problems
2026-10-09T16:20:50.1326652Z   2026-07-03: 2 problems
2026-10-09T16:20:50.4053595Z   2026-07-02: 2 problems
2026-10-09T16:20:50.6833674Z   2026-07-01: 2 problems
2026-10-09T16:20:50.9520113Z   2026-06-30: 2 problems
2026-10-09T16:20:51.2575218Z   2026-06-29: 2 problems
2026-10-09T16:20:51.5472626Z   2026-06-27: 2 problems
2026-10-09T16:20:51.8171340Z   2026-06-26: 2 problems
2026-10-09T16:20:52.1299090Z   2026-06-25: 2 problems
2026-10-09T16:20:52.3942636Z   2026-06-24: 2 problems
2026-10-09T16:20:52.6696726Z   2026-06-23: 2 problems
2026-10-09T16:20:52.9573928Z   2026-06-22: 2 problems
2026-10-09T16:20:53.1325211Z   2026-06-20: 1 problems
2026-10-09T16:20:53.4124552Z   2026-06-19: 2 problems
2026-10-09T16:20:53.7215997Z   2026-06-18: 2 problems
2026-10-09T16:20:53.9919715Z   2026-06-17: 2 problems
2026-10-09T16:20:54.2614234Z   2026-06-16: 2 problems
2026-10-09T16:20:54.5216556Z   2026-06-15: 2 problems
2026-10-09T16:20:54.8043112Z   2026-06-13: 2 problems
2026-10-09T16:20:55.0885212Z   2026-06-12: 2 problems
2026-10-09T16:20:55.3640514Z   2026-06-11: 2 problems
2026-10-09T16:20:55.6443763Z   2026-06-10: 2 problems
2026-10-09T16:20:55.9333149Z   2026-06-09: 2 problems
2026-10-09T16:20:56.2556662Z   2026-06-08: 2 problems
2026-10-09T16:20:56.5404109Z   2026-06-06: 2 problems
2026-10-09T16:20:56.8232827Z   2026-06-05: 2 problems
2026-10-09T16:20:57.1074309Z   2026-06-04: 2 problems
2026-10-09T16:20:57.2012213Z   2026-06-03: 2 problems
2026-10-09T16:20:57.4823436Z   2026-06-02: 2 problems
2026-10-09T16:20:57.7992681Z   2026-06-01: 2 problems
2026-10-09T16:20:58.0684363Z   2026-05-30: 2 problems
2026-10-09T16:20:58.3351716Z   2026-05-29: 2 problems
2026-10-09T16:20:58.6165664Z   2026-05-28: 2 problems
2026-10-09T16:20:58.9112804Z   2026-05-27: 2 problems
2026-10-09T16:20:59.0887344Z   2026-05-26: 2 problems
2026-10-09T16:20:59.3730180Z   2026-05-25: 2 problems
2026-10-09T16:20:59.6338960Z   2026-05-23: 2 problems
2026-10-09T16:20:59.9210882Z   2026-05-22: 2 problems
2026-10-09T16:21:00.2828121Z   2026-05-21: 2 problems
2026-10-09T16:21:00.5463733Z   2026-05-20: 2 problems
2026-10-09T16:21:00.8145301Z   2026-05-19: 2 problems
2026-10-09T16:21:01.0968139Z   2026-05-18: 2 problems
2026-10-09T16:21:01.3891278Z   2026-05-16: 2 problems
2026-10-09T16:21:01.6777916Z   2026-05-15: 2 problems
2026-10-09T16:21:01.9759750Z   2026-05-14: 2 problems
2026-10-09T16:21:02.2701942Z   2026-05-13: 2 problems
2026-10-09T16:21:02.5440970Z   2026-05-12: 2 problems
2026-10-09T16:21:02.8148357Z   2026-05-11: 2 problems
2026-10-09T16:21:03.0903697Z   2026-05-09: 2 problems
2026-10-09T16:21:03.3822413Z   2026-05-08: 2 problems
2026-10-09T16:21:03.6560148Z   2026-05-07: 2 problems
2026-10-09T16:21:03.9228944Z   2026-05-06: 2 problems
2026-10-09T16:21:04.2241315Z   2026-05-05: 2 problems
2026-10-09T16:21:04.5015725Z   2026-05-04: 2 problems
2026-10-09T16:21:04.8020464Z   2026-05-02: 2 problems
2026-10-09T16:21:05.0720149Z   2026-05-01: 2 problems
2026-10-09T16:21:05.3428697Z   2026-04-30: 2 problems
2026-10-09T16:21:05.6327409Z   2026-04-29: 2 problems
2026-10-09T16:21:05.9022402Z   2026-04-28: 2 problems
2026-10-09T16:21:06.1825162Z   2026-04-27: 2 problems
2026-10-09T16:21:06.4549282Z   2026-04-25: 2 problems
2026-10-09T16:21:06.7256331Z   2026-04-24: 2 problems
2026-10-09T16:21:06.9943498Z   2026-04-23: 2 problems
2026-10-09T16:21:07.3028966Z   2026-04-22: 2 problems
2026-10-09T16:21:07.6384363Z   2026-04-21: 2 problems
2026-10-09T16:21:07.9053613Z   2026-04-20: 2 problems
2026-10-09T16:21:08.2049773Z   2026-04-18: 2 problems
2026-10-09T16:21:08.5025800Z   2026-04-17: 2 problems
2026-10-09T16:21:08.7926018Z   2026-04-16: 2 problems
2026-10-09T16:21:09.0646935Z   2026-04-15: 2 problems
2026-10-09T16:21:09.3432100Z   2026-04-14: 2 problems
2026-10-09T16:21:09.6128820Z   2026-04-13: 2 problems
2026-10-09T16:21:09.9023852Z   2026-04-11: 2 problems
2026-10-09T16:21:10.1952128Z   2026-04-10: 2 problems
2026-10-09T16:21:10.4669209Z   2026-04-09: 2 problems
2026-10-09T16:21:10.6533285Z   2026-04-08: 2 problems
2026-10-09T16:21:10.9180820Z   2026-04-07: 2 problems
2026-10-09T16:21:11.1833044Z   2026-04-06: 2 problems
2026-10-09T16:21:11.4523165Z   2026-04-04: 2 problems
2026-10-09T16:21:11.7243891Z   2026-04-03: 2 problems
2026-10-09T16:21:11.9873703Z   2026-04-02: 2 problems
2026-10-09T16:21:12.2656038Z   2026-04-01: 2 problems
2026-10-09T16:21:12.5543494Z   2026-03-31: 2 problems
2026-10-09T16:21:12.8253934Z   2026-03-30: 2 problems
2026-10-09T16:21:13.0760956Z   2026-03-28: 2 problems
2026-10-09T16:21:13.3562489Z   2026-03-27: 2 problems
2026-10-09T16:21:13.6370876Z   2026-03-26: 2 problems
2026-10-09T16:21:13.9724607Z   2026-03-25: 2 problems
2026-10-09T16:21:14.2535548Z   2026-03-24: 2 problems
2026-10-09T16:21:14.5176554Z   2026-03-23: 2 problems
2026-10-09T16:21:14.7887701Z   2026-03-21: 2 problems
2026-10-09T16:21:15.0614846Z   2026-03-20: 2 problems
2026-10-09T16:21:15.3429054Z   2026-03-19: 2 problems
2026-10-09T16:21:15.6192675Z   2026-03-18: 2 problems
2026-10-09T16:21:15.9258975Z   2026-03-17: 2 problems
2026-10-09T16:21:16.2022885Z   2026-03-16: 2 problems
2026-10-09T16:21:16.4888748Z   2026-03-14: 2 problems
2026-10-09T16:21:16.7753570Z   2026-03-13: 2 problems
2026-10-09T16:21:17.0384719Z   2026-03-12: 2 problems
2026-10-09T16:21:17.3031574Z   2026-03-11: 2 problems
2026-10-09T16:21:17.5678664Z   2026-03-10: 2 problems
2026-10-09T16:21:17.8509446Z   2026-03-09: 2 problems
2026-10-09T16:21:18.1238902Z   2026-03-07: 2 problems
2026-10-09T16:21:18.4028773Z   2026-03-06: 2 problems
2026-10-09T16:21:18.6621879Z   2026-03-05: 2 problems
2026-10-09T16:21:18.9567713Z   2026-03-04: 2 problems
2026-10-09T16:21:19.2698132Z   2026-03-03: 2 problems
2026-10-09T16:21:19.7795927Z   2026-03-02: 2 problems
2026-10-09T16:21:20.0382913Z   2026-02-28: 2 problems
2026-10-09T16:21:20.3420608Z   2026-02-27: 2 problems
2026-10-09T16:21:20.6070453Z   2026-02-26: 2 problems
2026-10-09T16:21:20.8796643Z   2026-02-25: 2 problems
2026-10-09T16:21:21.1595226Z   2026-02-24: 2 problems
2026-10-09T16:21:21.4413110Z   2026-02-23: 2 problems
2026-10-09T16:21:21.7899128Z   2026-02-21: 2 problems
2026-10-09T16:21:22.0888397Z   2026-02-20: 2 problems
2026-10-09T16:21:22.3791654Z   2026-02-19: 2 problems
2026-10-09T16:21:22.6471125Z   2026-02-18: 2 problems
2026-10-09T16:21:22.9498381Z   2026-02-17: 2 problems
2026-10-09T16:21:23.2250141Z   2026-02-16: 2 problems
2026-10-09T16:21:23.5155634Z   2026-02-14: 2 problems
2026-10-09T16:21:23.7741361Z   2026-02-13: 2 problems
2026-10-09T16:21:24.0749105Z   2026-02-12: 2 problems
2026-10-09T16:21:24.3775212Z   2026-02-11: 2 problems
2026-10-09T16:21:24.6902826Z   2026-02-10: 2 problems
2026-10-09T16:21:24.9803852Z   2026-02-09: 2 problems
2026-10-09T16:21:25.2659144Z   2026-02-07: 2 problems
2026-10-09T16:21:25.5560859Z   2026-02-06: 2 problems
2026-10-09T16:21:25.8437227Z   2026-02-05: 2 problems
2026-10-09T16:21:26.1280509Z   2026-02-04: 2 problems
2026-10-09T16:21:26.4082241Z   2026-02-03: 2 problems
2026-10-09T16:21:26.6893241Z   2026-02-02: 2 problems
2026-10-09T16:21:26.9832634Z   2026-01-31: 2 problems
2026-10-09T16:21:27.2629873Z   2026-01-30: 2 problems
2026-10-09T16:21:27.5340382Z   2026-01-29: 2 problems
2026-10-09T16:21:27.8188753Z   2026-01-28: 2 problems
2026-10-09T16:21:28.0815332Z   2026-01-27: 2 problems
2026-10-09T16:21:28.3546810Z   2026-01-26: 2 problems
2026-10-09T16:21:28.6487203Z   2026-01-24: 2 problems
2026-10-09T16:21:28.9489688Z   2026-01-23: 2 problems
2026-10-09T16:21:29.1271318Z   2026-01-22: 2 problems
2026-10-09T16:21:29.4044464Z   2026-01-21: 2 problems
2026-10-09T16:21:29.6707742Z   2026-01-20: 2 problems
2026-10-09T16:21:29.9371150Z   2026-01-19: 2 problems
2026-10-09T16:21:30.2178061Z   2026-01-17: 2 problems
2026-10-09T16:21:30.4903117Z   2026-01-16: 2 problems
2026-10-09T16:21:30.7565590Z   2026-01-15: 2 problems
2026-10-09T16:21:31.0215160Z   2026-01-14: 2 problems
2026-10-09T16:21:31.3075930Z   2026-01-13: 2 problems
2026-10-09T16:21:31.5986734Z   2026-01-12: 2 problems
2026-10-09T16:21:31.8961988Z   2026-01-10: 2 problems
2026-10-09T16:21:32.1784358Z   2026-01-09: 2 problems
2026-10-09T16:21:32.4545136Z   2026-01-08: 2 problems
2026-10-09T16:21:32.7578207Z   2026-01-07: 2 problems
2026-10-09T16:21:33.0384301Z   2026-01-06: 2 problems
2026-10-09T16:21:33.3194660Z   2026-01-05: 2 problems
2026-10-09T16:21:33.6023608Z   2026-01-03: 2 problems
2026-10-09T16:21:33.9392701Z   2026-01-02: 2 problems
2026-10-09T16:21:34.2302051Z   2026-01-01: 2 problems
2026-10-09T16:21:34.5021814Z   2025-12-31: 2 problems
2026-10-09T16:21:34.7674934Z   2025-12-30: 2 problems
2026-10-09T16:21:35.0611389Z   2025-12-29: 2 problems
2026-10-09T16:21:35.3966275Z   2025-12-27: 2 problems
2026-10-09T16:21:35.6933713Z   2025-12-26: 2 problems
2026-10-09T16:21:35.9683606Z   2025-12-25: 2 problems
2026-10-09T16:21:36.3427470Z   2025-12-24: 2 problems
2026-10-09T16:21:36.6074104Z   2025-12-23: 2 problems
2026-10-09T16:21:36.8827882Z   2025-12-22: 2 problems
2026-10-09T16:21:37.1783359Z   2025-12-20: 2 problems
2026-10-09T16:21:37.4555050Z   2025-12-19: 2 problems
2026-10-09T16:21:37.7538288Z   2025-12-18: 2 problems
2026-10-09T16:21:38.0526019Z   2025-12-17: 2 problems
2026-10-09T16:21:38.3224140Z   2025-12-16: 2 problems
2026-10-09T16:21:38.6131950Z   2025-12-15: 2 problems
2026-10-09T16:21:38.9015784Z   2025-12-13: 2 problems
2026-10-09T16:21:39.1773719Z   2025-12-12: 2 problems
2026-10-09T16:21:39.4831466Z   2025-12-11: 2 problems
2026-10-09T16:21:39.7398632Z   2025-12-10: 2 problems
2026-10-09T16:21:40.0329257Z   2025-12-09: 2 problems
2026-10-09T16:21:40.2118129Z   2025-12-08: 2 problems
2026-10-09T16:21:40.5736322Z   2025-12-06: 2 problems
2026-10-09T16:21:40.8379211Z   2025-12-05: 2 problems
2026-10-09T16:21:41.1121179Z   2025-12-04: 2 problems
2026-10-09T16:21:41.4132431Z   2025-12-03: 2 problems
2026-10-09T16:21:41.6982265Z   2025-12-02: 2 problems
2026-10-09T16:21:41.9747618Z   2025-12-01: 2 problems
2026-10-09T16:21:42.2601247Z   2025-11-29: 2 problems
2026-10-09T16:21:42.5347056Z   2025-11-28: 2 problems
2026-10-09T16:21:42.7927173Z   2025-11-27: 2 problems
2026-10-09T16:21:43.0990751Z   2025-11-26: 2 problems
2026-10-09T16:21:43.4095521Z   2025-11-25: 2 problems
2026-10-09T16:21:43.7276961Z   2025-11-24: 2 problems
2026-10-09T16:21:44.0007526Z   2025-11-22: 2 problems
2026-10-09T16:21:44.2794252Z   2025-11-21: 2 problems
2026-10-09T16:21:44.5357806Z   2025-11-20: 2 problems
2026-10-09T16:21:44.8279294Z   2025-11-19: 2 problems
2026-10-09T16:21:45.1284622Z   2025-11-18: 2 problems
2026-10-09T16:21:45.4524068Z   2025-11-17: 2 problems
2026-10-09T16:21:45.7291846Z   2025-11-15: 2 problems
2026-10-09T16:21:46.0114772Z   2025-11-14: 2 problems
2026-10-09T16:21:46.2834976Z   2025-11-13: 2 problems
2026-10-09T16:21:46.5501461Z   2025-11-12: 2 problems
2026-10-09T16:21:46.8301993Z   2025-11-11: 2 problems
2026-10-09T16:21:47.1559581Z   2025-11-10: 2 problems
2026-10-09T16:21:47.4304118Z   2025-11-08: 2 problems
2026-10-09T16:21:47.7022506Z   2025-11-07: 2 problems
2026-10-09T16:21:47.9845286Z   2025-11-06: 2 problems
2026-10-09T16:21:48.2571200Z   2025-11-05: 2 problems
2026-10-09T16:21:48.5228710Z   2025-11-04: 2 problems
2026-10-09T16:21:48.7957629Z   2025-11-03: 2 problems
2026-10-09T16:21:49.1006783Z   2025-11-01: 2 problems
2026-10-09T16:21:49.2898127Z   2025-10-31: 2 problems
2026-10-09T16:21:49.5775182Z   2025-10-30: 2 problems
2026-10-09T16:21:49.8579904Z   2025-10-29: 2 problems
2026-10-09T16:21:50.1310857Z   2025-10-28: 2 problems
2026-10-09T16:21:50.4187137Z   2025-10-27: 2 problems
2026-10-09T16:21:50.6985675Z   2025-10-25: 2 problems
2026-10-09T16:21:50.9708729Z   2025-10-24: 2 problems
2026-10-09T16:21:51.2495984Z   2025-10-23: 2 problems
2026-10-09T16:21:51.5083958Z   2025-10-22: 2 problems
2026-10-09T16:21:51.7721400Z   2025-10-21: 2 problems
2026-10-09T16:21:52.0585938Z   2025-10-20: 2 problems
2026-10-09T16:21:52.3419148Z   2025-10-18: 2 problems
2026-10-09T16:21:52.6100895Z   2025-10-17: 2 problems
2026-10-09T16:21:52.8950554Z   2025-10-16: 2 problems
2026-10-09T16:21:53.1800889Z   2025-10-15: 2 problems
2026-10-09T16:21:53.4434921Z   2025-10-14: 2 problems
2026-10-09T16:21:53.7082075Z   2025-10-13: 2 problems
2026-10-09T16:21:53.9759873Z   2025-10-11: 2 problems
2026-10-09T16:21:54.2332287Z   2025-10-10: 2 problems
2026-10-09T16:21:54.5040356Z   2025-10-09: 2 problems
2026-10-09T16:21:54.7764107Z   2025-10-08: 2 problems
2026-10-09T16:21:55.0600954Z   2025-10-07: 2 problems
2026-10-09T16:21:55.3331627Z   2025-10-06: 2 problems
2026-10-09T16:21:55.6262468Z   2025-10-04: 2 problems
2026-10-09T16:21:55.8927411Z   2025-10-03: 2 problems
2026-10-09T16:21:56.1739815Z   2025-10-02: 2 problems
2026-10-09T16:21:56.4392997Z   2025-10-01: 2 problems
2026-10-09T16:21:57.0340029Z   2025-09-30: 2 problems
2026-10-09T16:21:57.6044435Z   2025-09-29: 2 problems
2026-10-09T16:21:58.1706996Z   2025-09-27: 2 problems
2026-10-09T16:21:58.7607518Z   2025-09-26: 2 problems
2026-10-09T16:21:59.2381204Z   2025-09-25: 2 problems
2026-10-09T16:21:59.7456928Z   2025-09-24: 2 problems
2026-10-09T16:22:00.2154683Z   2025-09-23: 2 problems
2026-10-09T16:22:00.7092988Z   2025-09-22: 2 problems
2026-10-09T16:22:01.2773290Z   2025-09-20: 2 problems
2026-10-09T16:22:01.7481645Z   2025-09-19: 2 problems
2026-10-09T16:22:02.3091316Z   2025-09-18: 2 problems
2026-10-09T16:22:02.8135242Z   2025-09-17: 2 problems
2026-10-09T16:22:03.2845379Z   2025-09-16: 2 problems
2026-10-09T16:22:03.7752249Z   2025-09-15: 2 problems
2026-10-09T16:22:04.2679648Z   2025-09-13: 2 problems
2026-10-09T16:22:04.7762457Z   2025-09-12: 2 problems
2026-10-09T16:22:05.2717703Z   2025-09-11: 2 problems
2026-10-09T16:22:05.8125083Z   2025-09-10: 2 problems
2026-10-09T16:22:06.2923510Z   2025-09-09: 2 problems
2026-10-09T16:22:06.7555751Z   2025-09-08: 2 problems
2026-10-09T16:22:07.2386190Z   2025-09-06: 2 problems
2026-10-09T16:22:07.7801278Z   2025-09-05: 2 problems
2026-10-09T16:22:08.2375193Z   2025-09-04: 2 problems
2026-10-09T16:22:08.7623399Z   2025-09-03: 2 problems
2026-10-09T16:22:09.2823879Z   2025-09-02: 2 problems
2026-10-09T16:22:09.7751004Z   2025-09-01: 2 problems
2026-10-09T16:22:10.2656459Z   2025-08-30: 2 problems
2026-10-09T16:22:10.7774865Z   2025-08-29: 2 problems
2026-10-09T16:22:11.2655851Z   2025-08-28: 2 problems
2026-10-09T16:22:11.7377552Z   2025-08-27: 2 problems
2026-10-09T16:22:12.2145464Z   2025-08-26: 2 problems
2026-10-09T16:22:12.6910585Z   2025-08-25: 2 problems
2026-10-09T16:22:13.1620025Z   2025-08-23: 2 problems
2026-10-09T16:22:13.6101783Z   2025-08-22: 2 problems
2026-10-09T16:22:14.0946230Z   2025-08-21: 2 problems
2026-10-09T16:22:14.5548349Z   2025-08-20: 2 problems
2026-10-09T16:22:15.0838732Z   2025-08-19: 2 problems
2026-10-09T16:22:15.5908997Z   2025-08-18: 2 problems
2026-10-09T16:22:16.0706068Z   2025-08-16: 2 problems
2026-10-09T16:22:16.5662058Z   2025-08-15: 2 problems
2026-10-09T16:22:17.0597956Z   2025-08-14: 2 problems
2026-10-09T16:22:17.5511395Z   2025-08-13: 2 problems
2026-10-09T16:22:18.0379933Z   2025-08-12: 2 problems
2026-10-09T16:22:18.5609480Z   2025-08-11: 2 problems
2026-10-09T16:22:19.0267124Z   2025-08-09: 2 problems
2026-10-09T16:22:19.5402635Z   2025-08-08: 2 problems
2026-10-09T16:22:20.0011721Z   2025-08-07: 2 problems
2026-10-09T16:22:20.4827539Z   2025-08-06: 2 problems
2026-10-09T16:22:20.9928934Z   2025-08-05: 2 problems
2026-10-09T16:22:21.4565418Z   2025-08-04: 2 problems
2026-10-09T16:22:21.9481065Z   2025-08-02: 2 problems
2026-10-09T16:22:22.3942611Z   2025-08-01: 2 problems
2026-10-09T16:22:22.8862661Z   2025-07-31: 2 problems
2026-10-09T16:22:23.3908912Z   2025-07-30: 2 problems
2026-10-09T16:22:23.9200124Z   2025-07-29: 2 problems
2026-10-09T16:22:24.4112797Z   2025-07-28: 2 problems
2026-10-09T16:22:24.8886908Z   2025-07-26: 2 problems
2026-10-09T16:22:25.3587030Z   2025-07-25: 2 problems
2026-10-09T16:22:25.8473139Z   2025-07-24: 2 problems
2026-10-09T16:22:26.3353407Z   2025-07-23: 2 problems
2026-10-09T16:22:26.8097041Z   2025-07-22: 2 problems
2026-10-09T16:22:27.2720191Z   2025-07-21: 2 problems
2026-10-09T16:22:27.7609312Z   2025-07-19: 2 problems
2026-10-09T16:22:28.2597075Z   2025-07-18: 2 problems
2026-10-09T16:22:28.7696025Z   2025-07-17: 2 problems
2026-10-09T16:22:29.2649347Z   2025-07-16: 2 problems
2026-10-09T16:22:29.7453277Z   2025-07-15: 2 problems
2026-10-09T16:22:30.2321503Z   2025-07-14: 2 problems
2026-10-09T16:22:30.7320540Z   2025-07-12: 2 problems
2026-10-09T16:22:31.1932640Z   2025-07-11: 2 problems
2026-10-09T16:22:31.6840461Z   2025-07-10: 2 problems
2026-10-09T16:22:32.0917932Z   2025-07-09: 2 problems
2026-10-09T16:22:32.3865276Z   2025-07-08: 2 problems
2026-10-09T16:22:32.7174835Z   2025-07-07: 2 problems
2026-10-09T16:22:33.0338286Z   2025-07-05: 2 problems
2026-10-09T16:22:33.3255731Z   2025-07-04: 2 problems
2026-10-09T16:22:33.6403132Z   2025-07-03: 2 problems
2026-10-09T16:22:33.9213817Z   2025-07-02: 2 problems
2026-10-09T16:22:34.2168234Z   2025-07-01: 2 problems
2026-10-09T16:22:34.4886752Z   2025-06-30: 2 problems
2026-10-09T16:22:34.7642524Z   2025-06-28: 2 problems
2026-10-09T16:22:35.0641522Z   2025-06-27: 2 problems
2026-10-09T16:22:35.3640895Z   2025-06-26: 2 problems
2026-10-09T16:22:35.6248142Z   2025-06-25: 2 problems
2026-10-09T16:22:35.9044231Z   2025-06-24: 2 problems
2026-10-09T16:22:36.1670478Z   2025-06-23: 2 problems
2026-10-09T16:22:36.3585407Z   2025-06-21: 2 problems
2026-10-09T16:22:36.6289292Z   2025-06-20: 2 problems
2026-10-09T16:22:36.9023499Z   2025-06-19: 2 problems
2026-10-09T16:22:37.1587949Z   2025-06-18: 2 problems
2026-10-09T16:22:37.4240199Z   2025-06-17: 2 problems
2026-10-09T16:22:37.6906053Z   2025-06-16: 2 problems
2026-10-09T16:22:38.0164878Z   2025-06-14: 2 problems
2026-10-09T16:22:38.3095062Z   2025-06-13: 2 problems
2026-10-09T16:22:38.5793466Z   2025-06-12: 2 problems
2026-10-09T16:22:38.8764107Z   2025-06-11: 2 problems
2026-10-09T16:22:39.1472787Z   2025-06-10: 2 problems
2026-10-09T16:22:39.4809753Z   2025-06-09: 2 problems
2026-10-09T16:22:39.7666156Z   2025-06-07: 2 problems
2026-10-09T16:22:40.0365295Z   2025-06-06: 2 problems
2026-10-09T16:22:40.3619268Z   2025-06-05: 2 problems
2026-10-09T16:22:40.6524318Z   2025-06-04: 2 problems
2026-10-09T16:22:40.9342689Z   2025-06-03: 2 problems
2026-10-09T16:22:41.2224312Z   2025-06-02: 2 problems
2026-10-09T16:22:41.4919175Z   2025-05-31: 2 problems
2026-10-09T16:22:41.7785497Z   2025-05-30: 2 problems
2026-10-09T16:22:42.0557796Z   2025-05-29: 2 problems
2026-10-09T16:22:42.3611115Z   2025-05-28: 2 problems
2026-10-09T16:22:42.6229393Z   2025-05-27: 2 problems
2026-10-09T16:22:42.8918003Z   2025-05-26: 2 problems
2026-10-09T16:22:43.1625426Z   2025-05-24: 2 problems
2026-10-09T16:22:43.4442078Z   2025-05-23: 2 problems
2026-10-09T16:22:43.7135336Z   2025-05-22: 2 problems
2026-10-09T16:22:44.0010494Z   2025-05-21: 2 problems
2026-10-09T16:22:44.2857431Z   2025-05-20: 2 problems
2026-10-09T16:22:44.5724256Z   2025-05-19: 2 problems
2026-10-09T16:22:44.8399881Z   2025-05-17: 2 problems
2026-10-09T16:22:45.1340551Z   2025-05-16: 2 problems
2026-10-09T16:22:45.4074013Z   2025-05-15: 2 problems
2026-10-09T16:22:45.6862643Z   2025-05-14: 2 problems
2026-10-09T16:22:45.9778870Z   2025-05-13: 2 problems
2026-10-09T16:22:46.2544963Z   2025-05-12: 2 problems
2026-10-09T16:22:46.5215567Z   2025-05-10: 2 problems
2026-10-09T16:22:46.8025833Z   2025-05-09: 2 problems
2026-10-09T16:22:47.0840760Z   2025-05-08: 2 problems
2026-10-09T16:22:47.4017079Z   2025-05-07: 2 problems
2026-10-09T16:22:47.6981657Z   2025-05-06: 2 problems
2026-10-09T16:22:47.9907479Z   2025-05-05: 2 problems
2026-10-09T16:22:48.2855616Z   2025-05-03: 2 problems
2026-10-09T16:22:48.5757104Z   2025-05-02: 2 problems
2026-10-09T16:22:48.8364668Z   2025-05-01: 2 problems
2026-10-09T16:22:49.1070746Z   2025-04-30: 2 problems
2026-10-09T16:22:49.3947298Z   2025-04-29: 2 problems
2026-10-09T16:22:49.7081268Z   2025-04-28: 2 problems
2026-10-09T16:22:49.9844762Z   2025-04-26: 2 problems
2026-10-09T16:22:50.2474373Z   2025-04-25: 2 problems
2026-10-09T16:22:50.5155139Z   2025-04-24: 2 problems
2026-10-09T16:22:50.8383463Z   2025-04-23: 2 problems
2026-10-09T16:22:51.1005189Z   2025-04-22: 2 problems
2026-10-09T16:22:51.4001462Z   2025-04-21: 2 problems
2026-10-09T16:22:51.6714976Z   2025-04-19: 2 problems
2026-10-09T16:22:51.9410444Z   2025-04-18: 2 problems
2026-10-09T16:22:52.2501238Z   2025-04-17: 2 problems
2026-10-09T16:22:52.5196562Z   2025-04-16: 2 problems
2026-10-09T16:22:52.7871761Z   2025-04-15: 2 problems
2026-10-09T16:22:53.0961327Z   2025-04-14: 2 problems
2026-10-09T16:22:53.3517640Z   2025-04-12: 2 problems
2026-10-09T16:22:53.6188098Z   2025-04-11: 2 problems
2026-10-09T16:22:53.8858480Z   2025-04-10: 2 problems
2026-10-09T16:22:54.1686987Z   2025-04-09: 2 problems
2026-10-09T16:22:54.4387287Z   2025-04-08: 2 problems
2026-10-09T16:22:54.7028310Z   2025-04-07: 2 problems
2026-10-09T16:22:54.9746253Z   2025-04-05: 2 problems
2026-10-09T16:22:55.2471322Z   2025-04-04: 2 problems
2026-10-09T16:22:55.5520902Z   2025-04-03: 2 problems
2026-10-09T16:22:55.8120119Z   2025-04-02: 2 problems
2026-10-09T16:22:56.1034313Z   2025-04-01: 2 problems
2026-10-09T16:22:56.3650805Z   2025-03-31: 2 problems
2026-10-09T16:22:56.6491791Z   2025-03-29: 2 problems
2026-10-09T16:22:56.9228099Z   2025-03-28: 2 problems
2026-10-09T16:22:57.1935668Z   2025-03-27: 2 problems
2026-10-09T16:22:57.4571031Z   2025-03-26: 2 problems
2026-10-09T16:22:57.7519740Z   2025-03-25: 2 problems
2026-10-09T16:22:58.0511076Z   2025-03-24: 2 problems
2026-10-09T16:22:58.3187539Z   2025-03-22: 2 problems
2026-10-09T16:22:58.6168934Z   2025-03-21: 2 problems
2026-10-09T16:22:58.9107909Z   2025-03-20: 2 problems
2026-10-09T16:22:59.1821273Z   2025-03-19: 2 problems
2026-10-09T16:22:59.4792495Z   2025-03-18: 2 problems
2026-10-09T16:22:59.7565242Z   2025-03-17: 2 problems
2026-10-09T16:23:00.0358890Z   2025-03-15: 2 problems
2026-10-09T16:23:00.3059535Z   2025-03-14: 2 problems
2026-10-09T16:23:00.5748661Z   2025-03-13: 2 problems
2026-10-09T16:23:00.8425264Z   2025-03-12: 2 problems
2026-10-09T16:23:01.1156523Z   2025-03-11: 2 problems
2026-10-09T16:23:01.4079685Z   2025-03-10: 2 problems
2026-10-09T16:23:01.6774323Z   2025-03-08: 2 problems
2026-10-09T16:23:02.3076234Z   2025-03-07: 2 problems
2026-10-09T16:23:02.7283717Z   2025-03-06: 2 problems
2026-10-09T16:23:03.0520933Z   2025-03-05: 2 problems
2026-10-09T16:23:03.4111759Z   2025-03-04: 2 problems
2026-10-09T16:23:03.7329519Z   2025-03-03: 2 problems
2026-10-09T16:23:04.0962200Z   2025-03-01: 2 problems
2026-10-09T16:23:04.4209525Z   2025-02-28: 2 problems
2026-10-09T16:23:04.7546933Z   2025-02-27: 2 problems
2026-10-09T16:23:05.1571445Z   2025-02-26: 2 problems
2026-10-09T16:23:05.5086865Z   2025-02-25: 2 problems
2026-10-09T16:23:05.8224485Z   2025-02-24: 2 problems
2026-10-09T16:23:06.1600608Z   2025-02-22: 2 problems
2026-10-09T16:23:06.4677124Z   2025-02-21: 2 problems
2026-10-09T16:23:06.7956737Z   2025-02-20: 2 problems
2026-10-09T16:23:07.2220928Z   2025-02-19: 2 problems
2026-10-09T16:23:07.5475462Z   2025-02-18: 2 problems
2026-10-09T16:23:07.8648771Z   2025-02-17: 2 problems
2026-10-09T16:23:08.2160011Z   2025-02-15: 2 problems
2026-10-09T16:23:08.6410952Z   2025-02-14: 2 problems
2026-10-09T16:23:08.9732940Z   2025-02-13: 2 problems
2026-10-09T16:23:09.3925246Z   2025-02-12: 2 problems
2026-10-09T16:23:09.7485653Z   2025-02-11: 2 problems
2026-10-09T16:23:10.1515064Z   2025-02-10: 2 problems
2026-10-09T16:23:10.4683597Z   2025-02-08: 2 problems
2026-10-09T16:23:10.9020483Z   2025-02-07: 2 problems
2026-10-09T16:23:11.2244856Z   2025-02-06: 2 problems
2026-10-09T16:23:11.5721702Z   2025-02-05: 2 problems
2026-10-09T16:23:11.9110160Z   2025-02-04: 2 problems
2026-10-09T16:23:12.2833705Z   2025-02-03: 2 problems
2026-10-09T16:23:12.5885250Z   2025-02-01: 2 problems
2026-10-09T16:23:12.9191637Z   2025-01-31: 2 problems
2026-10-09T16:23:13.2636792Z   2025-01-30: 2 problems
2026-10-09T16:23:13.5832316Z   2025-01-29: 2 problems
2026-10-09T16:23:13.9202254Z   2025-01-28: 2 problems
2026-10-09T16:23:14.2780403Z   2025-01-27: 2 problems
2026-10-09T16:23:14.5959269Z   2025-01-25: 2 problems
2026-10-09T16:23:14.9233831Z   2025-01-24: 2 problems
2026-10-09T16:23:15.2407797Z   2025-01-23: 2 problems
2026-10-09T16:23:15.6165317Z   2025-01-22: 2 problems
2026-10-09T16:23:15.9280078Z   2025-01-21: 2 problems
2026-10-09T16:23:16.2568206Z   2025-01-20: 2 problems
2026-10-09T16:23:16.6101309Z   2025-01-18: 2 problems
2026-10-09T16:23:16.9361477Z   2025-01-17: 2 problems
2026-10-09T16:23:17.2556624Z   2025-01-16: 2 problems
2026-10-09T16:23:17.5808036Z   2025-01-15: 2 problems
2026-10-09T16:23:17.8869682Z   2025-01-14: 2 problems
2026-10-09T16:23:18.2374908Z   2025-01-13: 2 problems
2026-10-09T16:23:18.5867978Z   2025-01-11: 2 problems
2026-10-09T16:23:18.9263576Z   2025-01-10: 2 problems
2026-10-09T16:23:19.2801469Z   2025-01-09: 2 problems
2026-10-09T16:23:19.6079603Z   2025-01-08: 2 problems
2026-10-09T16:23:19.9197110Z   2025-01-07: 2 problems
2026-10-09T16:23:20.2407911Z   2025-01-06: 2 problems
2026-10-09T16:23:20.5498563Z   2025-01-04: 2 problems
2026-10-09T16:23:20.8930127Z   2025-01-03: 2 problems
2026-10-09T16:23:21.2009045Z   2025-01-02: 2 problems
2026-10-09T16:23:21.5164710Z   2025-01-01: 2 problems
2026-10-09T16:23:21.8661829Z   2024-12-31: 2 problems
2026-10-09T16:23:22.2122875Z   2024-12-30: 2 problems
2026-10-09T16:23:22.5427193Z   2024-12-28: 2 problems
2026-10-09T16:23:22.8589231Z   2024-12-27: 2 problems
2026-10-09T16:23:23.1971816Z   2024-12-26: 2 problems
2026-10-09T16:23:23.5259755Z   2024-12-25: 2 problems
2026-10-09T16:23:23.9689125Z   2024-12-24: 2 problems
2026-10-09T16:23:24.2836752Z   2024-12-23: 2 problems
2026-10-09T16:23:24.6072387Z   2024-12-21: 2 problems
2026-10-09T16:23:24.9717318Z   2024-12-20: 2 problems
2026-10-09T16:23:25.2843631Z   2024-12-19: 2 problems
2026-10-09T16:23:25.6379880Z   2024-12-18: 2 problems
2026-10-09T16:23:25.9475099Z   2024-12-17: 2 problems
2026-10-09T16:23:26.2735744Z   2024-12-16: 2 problems
2026-10-09T16:23:26.5811855Z   2024-12-14: 2 problems
2026-10-09T16:23:26.9011031Z   2024-12-13: 2 problems
2026-10-09T16:23:27.2283811Z   2024-12-12: 2 problems
2026-10-09T16:23:27.5625405Z   2024-12-11: 2 problems
2026-10-09T16:23:27.8786348Z   2024-12-10: 2 problems
2026-10-09T16:23:28.1876763Z   2024-12-09: 2 problems
2026-10-09T16:23:28.5061452Z   2024-12-07: 2 problems
2026-10-09T16:23:28.9121172Z   2024-12-06: 2 problems
2026-10-09T16:23:29.2570372Z   2024-12-05: 2 problems
2026-10-09T16:23:29.5832107Z   2024-12-04: 2 problems
2026-10-09T16:23:29.9191004Z   2024-12-03: 2 problems
2026-10-09T16:23:30.2527566Z   2024-12-02: 2 problems
2026-10-09T16:23:30.6720065Z   2024-11-30: 2 problems
2026-10-09T16:23:30.9964423Z   2024-11-29: 2 problems
2026-10-09T16:23:31.3493327Z   2024-11-28: 2 problems
2026-10-09T16:23:31.6908612Z   2024-11-27: 2 problems
2026-10-09T16:23:32.0037221Z   2024-11-26: 2 problems
2026-10-09T16:23:32.3945494Z   2024-11-25: 2 problems
2026-10-09T16:23:32.7084815Z   2024-11-23: 2 problems
2026-10-09T16:23:33.0281946Z   2024-11-22: 2 problems
2026-10-09T16:23:33.2409531Z   2024-11-21: 2 problems
2026-10-09T16:23:33.5631465Z   2024-11-20: 2 problems
2026-10-09T16:23:33.9060145Z   2024-11-19: 2 problems
2026-10-09T16:23:34.2374637Z   2024-11-18: 2 problems
2026-10-09T16:23:34.5554385Z   2024-11-16: 2 problems
2026-10-09T16:23:34.8796456Z   2024-11-15: 2 problems
2026-10-09T16:23:35.2218673Z   2024-11-14: 2 problems
2026-10-09T16:23:35.5636835Z   2024-11-13: 2 problems
2026-10-09T16:23:35.8771910Z   2024-11-12: 2 problems
2026-10-09T16:23:36.2113314Z   2024-11-11: 2 problems
2026-10-09T16:23:36.5339866Z   2024-11-09: 2 problems
2026-10-09T16:23:36.9327525Z   2024-11-08: 2 problems
2026-10-09T16:23:37.2841324Z   2024-11-07: 2 problems
2026-10-09T16:23:37.6194427Z   2024-11-06: 2 problems
2026-10-09T16:23:37.9719968Z   2024-11-05: 2 problems
2026-10-09T16:23:38.2964179Z   2024-11-04: 2 problems
2026-10-09T16:23:38.6043674Z   2024-11-02: 2 problems
2026-10-09T16:23:38.9601586Z   2024-11-01: 2 problems
2026-10-09T16:23:39.2846467Z   2024-10-31: 2 problems
2026-10-09T16:23:39.6022987Z   2024-10-30: 2 problems
2026-10-09T16:23:39.9288174Z   2024-10-29: 2 problems
2026-10-09T16:23:40.2725353Z   2024-10-28: 2 problems
2026-10-09T16:23:40.5831881Z   2024-10-26: 2 problems
2026-10-09T16:23:40.8981226Z   2024-10-25: 2 problems
2026-10-09T16:23:41.2095054Z   2024-10-24: 2 problems
2026-10-09T16:23:41.5427942Z   2024-10-23: 2 problems
2026-10-09T16:23:41.8548069Z   2024-10-22: 2 problems
2026-10-09T16:23:42.1860703Z   2024-10-21: 2 problems
2026-10-09T16:23:42.5154397Z   2024-10-19: 2 problems
2026-10-09T16:23:42.8285862Z   2024-10-18: 2 problems
2026-10-09T16:23:43.1491475Z   2024-10-17: 2 problems
2026-10-09T16:23:43.4699049Z   2024-10-16: 2 problems
2026-10-09T16:23:43.7992488Z   2024-10-15: 2 problems
2026-10-09T16:23:44.1488611Z   2024-10-14: 2 problems
2026-10-09T16:23:44.4713255Z   2024-10-12: 2 problems
2026-10-09T16:23:44.7950600Z   2024-10-11: 2 problems
2026-10-09T16:23:45.1264600Z   2024-10-10: 2 problems
2026-10-09T16:23:45.4329467Z   2024-10-09: 2 problems
2026-10-09T16:23:45.7707446Z   2024-10-08: 2 problems
2026-10-09T16:23:46.1099000Z   2024-10-07: 2 problems
2026-10-09T16:23:46.4459502Z   2024-10-05: 2 problems
2026-10-09T16:23:46.7659427Z   2024-10-04: 2 problems
2026-10-09T16:23:47.0858609Z   2024-10-03: 2 problems
2026-10-09T16:23:47.4114743Z   2024-10-02: 2 problems
2026-10-09T16:23:47.7378886Z   2024-10-01: 2 problems
2026-10-09T16:23:48.0522724Z   2024-09-30: 2 problems
2026-10-09T16:23:48.3565739Z   2024-09-28: 2 problems
2026-10-09T16:23:48.6715051Z   2024-09-27: 2 problems
2026-10-09T16:23:49.0124339Z   2024-09-26: 2 problems
2026-10-09T16:23:49.3430763Z   2024-09-25: 2 problems
2026-10-09T16:23:49.5718753Z   2024-09-24: 2 problems
2026-10-09T16:23:49.9052980Z   2024-09-23: 2 problems
2026-10-09T16:23:50.2597623Z   2024-09-21: 2 problems
2026-10-09T16:23:50.5842656Z   2024-09-20: 2 problems
2026-10-09T16:23:50.9018661Z   2024-09-19: 2 problems
2026-10-09T16:23:51.2269524Z   2024-09-18: 2 problems
2026-10-09T16:23:51.5411322Z   2024-09-17: 2 problems
2026-10-09T16:23:51.8773806Z   2024-09-16: 2 problems
2026-10-09T16:23:52.2326508Z   2024-09-14: 2 problems
2026-10-09T16:23:52.5593023Z   2024-09-13: 2 problems
2026-10-09T16:23:52.8844899Z   2024-09-12: 2 problems
2026-10-09T16:23:53.2256458Z   2024-09-11: 2 problems
2026-10-09T16:23:53.5589684Z   2024-09-10: 2 problems
2026-10-09T16:23:53.8729523Z   2024-09-09: 2 problems
2026-10-09T16:23:54.1875091Z   2024-09-07: 2 problems
2026-10-09T16:23:54.6054039Z   2024-09-06: 2 problems
2026-10-09T16:23:54.9452311Z   2024-09-05: 2 problems
2026-10-09T16:23:55.2533284Z   2024-09-04: 2 problems
2026-10-09T16:23:55.5868840Z   2024-09-03: 2 problems
2026-10-09T16:23:55.9323086Z   2024-09-02: 2 problems
2026-10-09T16:23:56.2617163Z   2024-08-31: 2 problems
2026-10-09T16:23:56.5813264Z   2024-08-30: 2 problems
2026-10-09T16:23:56.8890953Z   2024-08-29: 2 problems
2026-10-09T16:23:57.2264008Z   2024-08-28: 2 problems
2026-10-09T16:23:57.5663701Z   2024-08-27: 2 problems
2026-10-09T16:23:57.8988571Z   2024-08-26: 2 problems
2026-10-09T16:23:58.2033731Z   2024-08-24: 2 problems
2026-10-09T16:23:58.5370614Z   2024-08-23: 2 problems
2026-10-09T16:23:58.8564148Z   2024-08-22: 2 problems
2026-10-09T16:23:59.1832294Z   2024-08-21: 2 problems
2026-10-09T16:23:59.5129868Z   2024-08-20: 2 problems
2026-10-09T16:23:59.8645564Z   2024-08-19: 2 problems
2026-10-09T16:24:00.2240047Z   2024-08-17: 2 problems
2026-10-09T16:24:00.5290077Z   2024-08-16: 2 problems
2026-10-09T16:24:00.8523251Z   2024-08-15: 2 problems
2026-10-09T16:24:01.1862400Z   2024-08-14: 2 problems
2026-10-09T16:24:01.5423913Z   2024-08-13: 2 problems
2026-10-09T16:24:01.9113578Z   2024-08-12: 2 problems
2026-10-09T16:24:02.3074209Z   2024-08-10: 2 problems
2026-10-09T16:24:02.6229700Z   2024-08-09: 2 problems
2026-10-09T16:24:02.9217879Z   2024-08-08: 2 problems
2026-10-09T16:24:03.1893632Z   2024-08-07: 2 problems
2026-10-09T16:24:03.4693371Z   2024-08-06: 2 problems
2026-10-09T16:24:03.7651364Z   2024-08-05: 2 problems
2026-10-09T16:24:04.0539528Z   2024-08-03: 2 problems
2026-10-09T16:24:04.3224393Z   2024-08-02: 2 problems
2026-10-09T16:24:04.6161618Z   2024-08-01: 2 problems
2026-10-09T16:24:04.9129162Z   2024-07-31: 2 problems
2026-10-09T16:24:05.2095401Z   2024-07-30: 2 problems
2026-10-09T16:24:05.5120570Z   2024-07-29: 2 problems
2026-10-09T16:24:05.8423844Z   2024-07-27: 2 problems
2026-10-09T16:24:06.1282190Z   2024-07-26: 2 problems
2026-10-09T16:24:06.4150060Z   2024-07-25: 2 problems
2026-10-09T16:24:06.7088786Z   2024-07-24: 2 problems
2026-10-09T16:24:06.9928382Z   2024-07-23: 2 problems
2026-10-09T16:24:07.2545167Z   2024-07-22: 2 problems
2026-10-09T16:24:07.6039493Z   2024-07-20: 2 problems
2026-10-09T16:24:07.8721305Z   2024-07-19: 2 problems
2026-10-09T16:24:08.1361288Z   2024-07-18: 2 problems
2026-10-09T16:24:08.4006908Z   2024-07-17: 2 problems
2026-10-09T16:24:08.6863898Z   2024-07-16: 2 problems
2026-10-09T16:24:08.9785149Z   2024-07-15: 2 problems
2026-10-09T16:24:09.2592392Z   2024-07-13: 2 problems
2026-10-09T16:24:09.4324782Z   2024-07-12: 2 problems
2026-10-09T16:24:09.7199633Z   2024-07-11: 2 problems
2026-10-09T16:24:10.0424980Z   2024-07-10: 2 problems
2026-10-09T16:24:10.3292916Z   2024-07-09: 2 problems
2026-10-09T16:24:10.6458207Z   2024-07-08: 2 problems
2026-10-09T16:24:10.9120974Z   2024-07-06: 2 problems
2026-10-09T16:24:11.2314804Z   2024-07-05: 2 problems
2026-10-09T16:24:11.5166301Z   2024-07-04: 2 problems
2026-10-09T16:24:11.8264897Z   2024-07-03: 2 problems
2026-10-09T16:24:12.1071929Z   2024-07-02: 2 problems
2026-10-09T16:24:12.3864702Z   2024-07-01: 2 problems
2026-10-09T16:24:12.6935273Z   2024-06-29: 2 problems
2026-10-09T16:24:12.9539449Z   2024-06-28: 2 problems
2026-10-09T16:24:13.3087022Z   2024-06-27: 2 problems
2026-10-09T16:24:13.6429782Z   2024-06-26: 2 problems
2026-10-09T16:24:13.9467224Z   2024-06-25: 2 problems
2026-10-09T16:24:14.2396824Z   2024-06-24: 2 problems
2026-10-09T16:24:14.5532115Z   2024-06-22: 2 problems
2026-10-09T16:24:14.8383951Z   2024-06-21: 2 problems
2026-10-09T16:24:15.1161836Z   2024-06-20: 2 problems
2026-10-09T16:24:15.3803295Z   2024-06-19: 2 problems
2026-10-09T16:24:15.6450952Z   2024-06-18: 2 problems
2026-10-09T16:24:15.9331950Z   2024-06-17: 2 problems
2026-10-09T16:24:16.2133188Z   2024-06-15: 2 problems
2026-10-09T16:24:16.4834990Z   2024-06-14: 2 problems
2026-10-09T16:24:16.8100842Z   2024-06-13: 2 problems
2026-10-09T16:24:17.0939236Z   2024-06-12: 2 problems
2026-10-09T16:24:17.3936186Z   2024-06-11: 2 problems
2026-10-09T16:24:17.6735623Z   2024-06-10: 2 problems
2026-10-09T16:24:17.9751487Z   2024-06-08: 2 problems
2026-10-09T16:24:18.2578127Z   2024-06-07: 2 problems
2026-10-09T16:24:18.5461451Z   2024-06-06: 2 problems
2026-10-09T16:24:18.8058423Z   2024-06-05: 2 problems
2026-10-09T16:24:19.0763623Z   2024-06-04: 2 problems
2026-10-09T16:24:19.3597957Z   2024-06-03: 2 problems
2026-10-09T16:24:19.6288827Z   2024-06-01: 2 problems
2026-10-09T16:24:19.8992207Z   2024-05-31: 2 problems
2026-10-09T16:24:20.1647776Z   2024-05-30: 2 problems
2026-10-09T16:24:20.4249212Z   2024-05-29: 2 problems
2026-10-09T16:24:20.7191049Z   2024-05-28: 2 problems
2026-10-09T16:24:21.0103333Z   2024-05-27: 2 problems
2026-10-09T16:24:21.2795697Z   2024-05-25: 2 problems
2026-10-09T16:24:21.5574856Z   2024-05-24: 2 problems
2026-10-09T16:24:21.8196813Z   2024-05-23: 2 problems
2026-10-09T16:24:22.0941481Z   2024-05-22: 2 problems
2026-10-09T16:24:22.3550663Z   2024-05-21: 2 problems
2026-10-09T16:24:22.6129208Z   2024-05-20: 2 problems
2026-10-09T16:24:22.9007007Z   2024-05-18: 2 problems
2026-10-09T16:24:23.1790052Z   2024-05-17: 2 problems
2026-10-09T16:24:23.4450060Z   2024-05-16: 2 problems
2026-10-09T16:24:23.7177548Z   2024-05-15: 2 problems
2026-10-09T16:24:24.0398217Z   2024-05-14: 2 problems
2026-10-09T16:24:24.2994183Z   2024-05-13: 2 problems
2026-10-09T16:24:24.5907281Z   2024-05-11: 2 problems
2026-10-09T16:24:24.8722154Z   2024-05-10: 2 problems
2026-10-09T16:24:25.1415177Z   2024-05-09: 2 problems
2026-10-09T16:24:25.4378519Z   2024-05-08: 2 problems
2026-10-09T16:24:25.6981917Z   2024-05-07: 2 problems
2026-10-09T16:24:25.9537340Z   2024-05-06: 2 problems
2026-10-09T16:24:26.2175949Z   2024-05-04: 2 problems
2026-10-09T16:24:26.4899345Z   2024-05-03: 2 problems
2026-10-09T16:24:26.7627158Z   2024-05-02: 2 problems
2026-10-09T16:24:27.0783161Z   2024-05-01: 2 problems
2026-10-09T16:24:27.3579586Z   2024-04-30: 2 problems
2026-10-09T16:24:27.6311733Z   2024-04-29: 2 problems
2026-10-09T16:24:27.9080668Z   2024-04-27: 2 problems
2026-10-09T16:24:28.1688960Z   2024-04-26: 2 problems
2026-10-09T16:24:28.4932146Z   2024-04-25: 2 problems
2026-10-09T16:24:28.7762427Z   2024-04-24: 2 problems
2026-10-09T16:24:29.0586226Z   2024-04-23: 2 problems
2026-10-09T16:24:29.3571085Z   2024-04-22: 2 problems
2026-10-09T16:24:29.6309406Z   2024-04-20: 2 problems
2026-10-09T16:24:29.8990578Z   2024-04-19: 2 problems
2026-10-09T16:24:30.2049080Z   2024-04-18: 2 problems
2026-10-09T16:24:30.4677660Z   2024-04-17: 2 problems
2026-10-09T16:24:30.7350060Z   2024-04-16: 2 problems
2026-10-09T16:24:30.9945325Z   2024-04-15: 2 problems
2026-10-09T16:24:31.2616702Z   2024-04-13: 2 problems
2026-10-09T16:24:31.5364858Z   2024-04-12: 2 problems
2026-10-09T16:24:32.0528622Z   2024-04-11: 2 problems
2026-10-09T16:24:32.5631953Z   2024-04-10: 2 problems
2026-10-09T16:24:32.9943631Z   2024-04-09: 2 problems
2026-10-09T16:24:33.3263677Z   2024-04-08: 2 problems
2026-10-09T16:24:33.6755692Z   2024-04-06: 2 problems
2026-10-09T16:24:34.0003962Z   2024-04-05: 2 problems
2026-10-09T16:24:34.3214329Z   2024-04-04: 2 problems
2026-10-09T16:24:34.6573243Z   2024-04-03: 2 problems
2026-10-09T16:24:34.9760043Z   2024-04-02: 2 problems
2026-10-09T16:24:35.2898294Z   2024-04-01: 2 problems
2026-10-09T16:24:35.8043729Z   2024-03-30: 2 problems
2026-10-09T16:24:36.1292133Z   2024-03-29: 2 problems
2026-10-09T16:24:36.4476717Z   2024-03-28: 2 problems
2026-10-09T16:24:36.8810990Z   2024-03-27: 2 problems
2026-10-09T16:24:37.1831593Z   2024-03-26: 2 problems
2026-10-09T16:24:37.5084204Z   2024-03-25: 2 problems
2026-10-09T16:24:37.8409092Z   2024-03-23: 2 problems
2026-10-09T16:24:38.1653144Z   2024-03-22: 2 problems
2026-10-09T16:24:38.4848363Z   2024-03-21: 2 problems
2026-10-09T16:24:38.8049092Z   2024-03-20: 2 problems
2026-10-09T16:24:39.1428356Z   2024-03-19: 2 problems
2026-10-09T16:24:39.5666482Z   2024-03-18: 2 problems
2026-10-09T16:24:39.8872631Z   2024-03-16: 2 problems
2026-10-09T16:24:40.2382070Z   2024-03-15: 2 problems
2026-10-09T16:24:40.5568864Z   2024-03-14: 2 problems
2026-10-09T16:24:40.8711641Z   2024-03-13: 2 problems
2026-10-09T16:24:41.2119428Z   2024-03-12: 2 problems
2026-10-09T16:24:41.5250861Z   2024-03-11: 2 problems
2026-10-09T16:24:41.8493856Z   2024-03-09: 2 problems
2026-10-09T16:24:42.1812715Z   2024-03-08: 2 problems
2026-10-09T16:24:42.5058770Z   2024-03-07: 2 problems
2026-10-09T16:24:42.8651086Z   2024-03-06: 2 problems
2026-10-09T16:24:43.1921828Z   2024-03-05: 2 problems
2026-10-09T16:24:43.5120718Z   2024-03-04: 2 problems
2026-10-09T16:24:43.8297357Z   2024-03-02: 2 problems
2026-10-09T16:24:44.1578766Z   2024-03-01: 2 problems
2026-10-09T16:24:44.4882029Z   2024-02-29: 2 problems
2026-10-09T16:24:44.8018879Z   2024-02-28: 2 problems
2026-10-09T16:24:45.1388216Z   2024-02-27: 2 problems
2026-10-09T16:24:45.4571474Z   2024-02-26: 2 problems
2026-10-09T16:24:45.4572997Z Building categories...
2026-10-09T16:24:48.1864078Z Wrote /home/runner/work/ys_problem_web/ys_problem_web/data/daily.json (819 days, 21 categories).
2026-10-09T16:24:48.1864608Z Syncing leaderboard (records.js from gh-pages)...
2026-10-09T16:24:48.2950503Z   ✓ 362 players, data through 2026-10-08 (unchanged)
2026-10-09T16:24:48.2950950Z LEADERBOARD-SYNC {"changed":false,"players":362,"currentDate":"2026-10-08"}
2026-10-09T16:24:48.3114555Z ##[group]Run node scripts/translate-ai.mjs
2026-10-09T16:24:48.3114855Z [36;1mnode scripts/translate-ai.mjs[0m
2026-10-09T16:24:48.3170164Z shell: /usr/bin/bash -e {0}
2026-10-09T16:24:48.3170581Z env:
2026-10-09T16:24:48.3170940Z   AI_BASE_URL: ***
2026-10-09T16:24:48.3171218Z   AI_API_KEY: ***
2026-10-09T16:24:48.3171395Z   AI_MODEL: gpt-5.6-terra
2026-10-09T16:24:48.3171603Z   AI_MODEL_LABEL: GPT 5.6 Terra
2026-10-09T16:24:48.3171807Z   AI_TRANSLATE_LIMIT: 60
2026-10-09T16:24:48.3171990Z ##[endgroup]
2026-10-09T16:24:48.3481795Z (node:3681) [MODULE_TYPELESS_PACKAGE_JSON] Warning: Module type of file:///home/runner/work/ys_problem_web/ys_problem_web/lib/mt-protect.js is not specified and it doesn't parse as CommonJS.
2026-10-09T16:24:48.3483470Z Reparsing as ES module because module syntax was detected. This incurs a performance overhead.
2026-10-09T16:24:48.3484670Z To eliminate this warning, add "type": "module" to /home/runner/work/ys_problem_web/ys_problem_web/package.json.
2026-10-09T16:24:48.3485635Z (Use `node --trace-warnings ...` to show where the warning was created)
2026-10-09T16:24:48.4561149Z GYM102307K: 11 segment(s) to translate
2026-10-09T16:24:54.0947004Z   cache warm-up (system-only) ok: in=4603 out=27 cached=3840 — SYSTEM_PROMPT 前缀已请求落盘
2026-10-09T16:25:00.1541057Z   ✓ title[0]: K. 爱之核心… [tokens in=4612 out=10 cached=3840]
2026-10-09T16:25:30.9292525Z   ✓ legend[0]: 土豆头先生从事关于爱情的统一非线性算法（Unified Non-linear Algorithm… [tokens in=355 out=528 cached=0]
2026-10-09T16:25:35.6387887Z   ✓ legend[1]: 斐波那契数列是由线性递推方程 $$F_{k+2} = F_{k+1} + F_{k}$$ 和 $… [tokens in=4634 out=77 cached=3840]
2026-10-09T16:25:48.2116320Z   ✓ legend[2]: 完美搭档由两个数 $$$x$$$ 和 $$$y$$$ 表示，满足：… [tokens in=4627 out=36 cached=3840]
2026-10-09T16:25:59.1030800Z   ✓ legend[3]: $$$x$$$ 和 $$$y$$$ 是斐波那契数。… [tokens in=4619 out=20 cached=3840]
2026-10-09T16:26:12.2473037Z   ✓ legend[4]: 它们彼此相互吸引，但吸引力并不太强；当 $$$gcd(x,y) = 1$$$ 时，这一点成立。… [tokens in=248 out=125 cached=0]
2026-10-09T16:26:19.4096462Z   ✓ legend[5]: 它们既不会太不同，也不会太相似，这在 $$$(x + y) \mod{2} = 1$$$ 时得以… [tokens in=4624 out=26 cached=3840]
2026-10-09T16:26:31.0668864Z   ✓ legend[6]: 它们永恒的结合会产生另一个人类，也就是说，另一个斐波那契数。当 $$$x + y = z$$$ … [tokens in=4640 out=149 cached=3840]
2026-10-09T16:26:36.2623370Z   ✓ legend[7]: Mr. Potato Head 对自己的发现感到震惊，现在他想了解世界上有多少对真正幸福的情侣。… [tokens in=4679 out=119 cached=3840]
2026-10-09T16:26:47.3030977Z   ✓ input[0]: 输入的第一行表示测试用例的数量。每个测试用例由每行一个整数 $$$n$$$ $$$(1 \leq… [tokens in=260 out=244 cached=0]
2026-10-09T16:26:58.1395024Z   ✓ output[0]: 对于每组测试用例，输出完美情侣的数量。… [tokens in=239 out=106 cached=0]
2026-10-09T16:26:58.4415117Z GYM101879C: 11 segment(s) to translate
2026-10-09T16:27:10.6947993Z   ✓ title[0]: C. 湖畔漫步… [tokens in=236 out=127 cached=0]
2026-10-09T16:27:21.3511556Z   ✓ legend[0]: 波尔图市将于 2019 年举办 ICPC 世界总决赛。这座城市有一个秘密的旅游景点，被称为“千桥… [tokens in=4749 out=170 cached=3840]
2026-10-09T16:27:42.4847057Z   ✓ legend[1]: 曼努埃尔先生希望改进这个旅游景点，以吸引更多游客。他的想法之一是组织供游客参与的游戏。他计划设置… [tokens in=301 out=378 cached=0]
2026-10-09T16:27:49.9409461Z   ✓ legend[2]: 在创建这个游乐项目之前，他亲自反复尝试，却始终无法确定这是否可行。为了让挑战更加有趣，Manoe… [tokens in=4708 out=132 cached=3840]
2026-10-09T16:27:55.9860482Z   ✓ input[0]: 第一行包含三个整数 $$$N$$$、$$$M$$$ 和 $$$K$$$，其中 $$$N$$$ 表… [tokens in=4760 out=251 cached=3840]
2026-10-09T16:28:05.3013096Z   ✓ input[1]: 约束条件… [tokens in=230 out=67 cached=0]
2026-10-09T16:28:12.0992886Z   ✓ input[2]: $$$1 \leq N \leq 3 \cdot 10^5$$$… [tokens in=232 out=70 cached=0]
2026-10-09T16:28:16.7429382Z   ✓ input[3]: $$$0 \leq M, K \leq 3 \cdot 10^5$$$… [tokens in=232 out=117 cached=0]
2026-10-09T16:28:21.3563874Z   ✓ input[4]: $$$1 \leq a  \lt  b \leq N$$$… [tokens in=232 out=108 cached=0]
2026-10-09T16:28:32.2977822Z   ✓ input[5]: 你可以假设，仅使用已经建成的桥，就能从任意一个岛屿到达其他任意岛屿。… [tokens in=251 out=149 cached=0]
2026-10-09T16:28:39.6923449Z   ✓ output[0]: 第一行输出“YES”(不含引号)，如果可以完成这样的行走；否则输出“NO”。如果存在解决方案，第… [tokens in=4704 out=98 cached=3840]
2026-10-09T16:28:40.2268878Z Done: 22 segment(s) translated.
2026-10-09T16:28:40.2269439Z ── AI Token 用量（本次运行）──
2026-10-09T16:28:40.2270374Z   模型 gpt-5.6-terra · 请求成功 22 / 失败 0
2026-10-09T16:28:40.2374507Z   输入 54,172 + 输出 3,107 = 合计 57,279 tokens
2026-10-09T16:28:40.2375174Z   其中缓存命中 42,240 tokens（命中率 78%，命中部分按缓存价计费）
2026-10-09T16:28:40.2375577Z   缓存预热：system-only 探针成功（预热 in=4603 cached=3840）
2026-10-09T16:28:40.2381150Z TOKEN-USAGE {"model":"gpt-5.6-terra","modelLabel":"GPT 5.6 Terra","ok":22,"fail":0,"in":54172,"out":3107,"cached":42240,"segments":[{"code":"GYM102307K","seg":"title[0]","in":4612,"out":10,"cached":3840},{"code":"GYM102307K","seg":"legend[0]","in":355,"out":528,"cached":0},{"code":"GYM102307K","seg":"legend[1]","in":4634,"out":77,"cached":3840},{"code":"GYM102307K","seg":"legend[2]","in":4627,"out":36,"cached":3840},{"code":"GYM102307K","seg":"legend[3]","in":4619,"out":20,"cached":3840},{"code":"GYM102307K","seg":"legend[4]","in":248,"out":125,"cached":0},{"code":"GYM102307K","seg":"legend[5]","in":4624,"out":26,"cached":3840},{"code":"GYM102307K","seg":"legend[6]","in":4640,"out":149,"cached":3840},{"code":"GYM102307K","seg":"legend[7]","in":4679,"out":119,"cached":3840},{"code":"GYM102307K","seg":"input[0]","in":260,"out":244,"cached":0},{"code":"GYM102307K","seg":"output[0]","in":239,"out":106,"cached":0},{"code":"GYM101879C","seg":"title[0]","in":236,"out":127,"cached":0},{"code":"GYM101879C","seg":"legend[0]","in":4749,"out":170,"cached":3840},{"code":"GYM101879C","seg":"legend[1]","in":301,"out":378,"cached":0},{"code":"GYM101879C","seg":"legend[2]","in":4708,"out":132,"cached":3840},{"code":"GYM101879C","seg":"input[0]","in":4760,"out":251,"cached":3840},{"code":"GYM101879C","seg":"input[1]","in":230,"out":67,"cached":0},{"code":"GYM101879C","seg":"input[2]","in":232,"out":70,"cached":0},{"code":"GYM101879C","seg":"input[3]","in":232,"out":117,"cached":0},{"code":"GYM101879C","seg":"input[4]","in":232,"out":108,"cached":0},{"code":"GYM101879C","seg":"input[5]","in":251,"out":149,"cached":0},{"code":"GYM101879C","seg":"output[0]","in":4704,"out":98,"cached":3840}],"totalTokens":57279,"warmup":{"ok":true,"mode":"system-only","in":4603,"out":27,"cached":3840}}
2026-10-09T16:28:40.2490018Z ##[group]Run CF_STATEMENTS=0 TRANSLATE=0 node scripts/update-data.mjs
2026-10-09T16:28:40.2490597Z [36;1mCF_STATEMENTS=0 TRANSLATE=0 node scripts/update-data.mjs[0m
2026-10-09T16:28:40.2543906Z shell: /usr/bin/bash -e {0}
2026-10-09T16:28:40.2544113Z env:
2026-10-09T16:28:40.2546426Z   GITHUB_TOKEN: ***
2026-10-09T16:28:40.2546624Z ##[endgroup]
2026-10-09T16:28:40.2859668Z (node:3727) [MODULE_TYPELESS_PACKAGE_JSON] Warning: Module type of file:///home/runner/work/ys_problem_web/ys_problem_web/lib/records.js is not specified and it doesn't parse as CommonJS.
2026-10-09T16:28:40.2860649Z Reparsing as ES module because module syntax was detected. This incurs a performance overhead.
2026-10-09T16:28:40.2861213Z To eliminate this warning, add "type": "module" to /home/runner/work/ys_problem_web/ys_problem_web/package.json.
2026-10-09T16:28:40.2861673Z (Use `node --trace-warnings ...` to show where the warning was created)
2026-10-09T16:28:40.3937545Z Discovering daily problem folders...
2026-10-09T16:28:41.6804085Z Found 819 days, syncing the most recent 819.
2026-10-09T16:28:42.3371373Z   2026-10-10: 2 problems
2026-10-09T16:28:42.7285786Z   2026-10-09: 2 problems
2026-10-09T16:28:43.1175797Z   2026-10-08: 2 problems
2026-10-09T16:28:43.4637402Z   2026-10-07: 2 problems
2026-10-09T16:28:43.8180795Z   2026-10-06: 2 problems
2026-10-09T16:28:44.1769883Z   2026-10-05: 2 problems
2026-10-09T16:28:44.5541461Z   2026-10-03: 2 problems
2026-10-09T16:28:44.9359154Z   2026-10-02: 2 problems
2026-10-09T16:28:45.3098188Z   2026-10-01: 2 problems
2026-10-09T16:28:45.6989178Z   2026-09-30: 2 problems
2026-10-09T16:28:46.0592961Z   2026-09-29: 2 problems
2026-10-09T16:28:46.4257363Z   2026-09-28: 2 problems
2026-10-09T16:28:46.7925951Z   2026-09-26: 2 problems
2026-10-09T16:28:47.1749613Z   2026-09-25: 2 problems
2026-10-09T16:28:47.5310594Z   2026-09-24: 2 problems
2026-10-09T16:28:47.8916269Z   2026-09-23: 2 problems
2026-10-09T16:28:48.2376755Z   2026-09-22: 2 problems
2026-10-09T16:28:48.6305803Z   2026-09-21: 2 problems
2026-10-09T16:28:49.0056798Z   2026-09-19: 2 problems
2026-10-09T16:28:49.3756841Z   2026-09-18: 2 problems
2026-10-09T16:28:49.7559889Z   2026-09-17: 2 problems
2026-10-09T16:28:50.1118057Z   2026-09-16: 2 problems
2026-10-09T16:28:50.4737853Z   2026-09-15: 2 problems
2026-10-09T16:28:50.7220448Z   2026-09-14: 2 problems
2026-10-09T16:28:51.0669262Z   2026-09-12: 2 problems
2026-10-09T16:28:51.4341644Z   2026-09-11: 2 problems
2026-10-09T16:28:51.8181579Z   2026-09-10: 2 problems
2026-10-09T16:28:52.2065435Z   2026-09-09: 2 problems
2026-10-09T16:28:52.5717997Z   2026-09-08: 2 problems
2026-10-09T16:28:52.9327832Z   2026-09-07: 2 problems
2026-10-09T16:28:53.4942149Z   2026-09-05: 2 problems
2026-10-09T16:28:53.8514309Z   2026-09-04: 2 problems
2026-10-09T16:28:54.5953269Z   2026-09-03: 2 problems
2026-10-09T16:28:54.9715724Z   2026-09-02: 2 problems
2026-10-09T16:28:55.3389175Z   2026-09-01: 2 problems
2026-10-09T16:28:55.7219150Z   2026-08-31: 2 problems
2026-10-09T16:28:56.0804912Z   2026-08-29: 2 problems
2026-10-09T16:28:56.4399815Z   2026-08-28: 2 problems
2026-10-09T16:28:56.8148217Z   2026-08-27: 2 problems
2026-10-09T16:28:57.1814384Z   2026-08-26: 2 problems
2026-10-09T16:28:57.5316256Z   2026-08-25: 2 problems
2026-10-09T16:28:57.8928897Z   2026-08-24: 2 problems
2026-10-09T16:28:58.2290653Z   2026-08-22: 2 problems
2026-10-09T16:28:58.7837106Z   2026-08-21: 2 problems
2026-10-09T16:28:59.1353203Z   2026-08-20: 2 problems
2026-10-09T16:29:00.1627384Z   2026-08-19: 2 problems
2026-10-09T16:29:00.7887118Z   2026-08-18: 2 problems
2026-10-09T16:29:01.3948823Z   2026-08-17: 2 problems
2026-10-09T16:29:02.0207285Z   2026-08-15: 2 problems
2026-10-09T16:29:02.6302311Z   2026-08-14: 2 problems
2026-10-09T16:29:03.0343767Z   2026-08-13: 2 problems
2026-10-09T16:29:03.6481275Z   2026-08-12: 2 problems
2026-10-09T16:29:04.0544005Z   2026-08-11: 2 problems
2026-10-09T16:29:04.4667952Z   2026-08-10: 2 problems
2026-10-09T16:29:05.0814183Z   2026-08-08: 2 problems
2026-10-09T16:29:05.4909241Z   2026-08-07: 2 problems
2026-10-09T16:29:05.9099048Z   2026-08-06: 2 problems
2026-10-09T16:29:06.3259711Z   2026-08-05: 2 problems
2026-10-09T16:29:06.7503820Z   2026-08-04: 2 problems
2026-10-09T16:29:07.1527482Z   2026-08-03: 2 problems
2026-10-09T16:29:07.5645996Z   2026-08-01: 2 problems
2026-10-09T16:29:08.0194493Z   2026-07-31: 2 problems
2026-10-09T16:29:08.4272617Z   2026-07-30: 2 problems
2026-10-09T16:29:08.8429676Z   2026-07-29: 2 problems
2026-10-09T16:29:09.2654631Z   2026-07-28: 2 problems
2026-10-09T16:29:09.6639355Z   2026-07-27: 2 problems
2026-10-09T16:29:10.2809664Z   2026-07-25: 2 problems
2026-10-09T16:29:10.7067159Z   2026-07-24: 2 problems
2026-10-09T16:29:11.1253446Z   2026-07-23: 2 problems
2026-10-09T16:29:11.5300638Z   2026-07-22: 2 problems
2026-10-09T16:29:11.9382860Z   2026-07-21: 2 problems
2026-10-09T16:29:12.3335394Z   2026-07-16: 2 problems
2026-10-09T16:29:12.9245139Z   2026-07-15: 2 problems
2026-10-09T16:29:13.3567023Z   2026-07-14: 2 problems
2026-10-09T16:29:13.7481694Z   2026-07-13: 2 problems
2026-10-09T16:29:14.1477754Z   2026-07-11: 2 problems
2026-10-09T16:29:14.5411706Z   2026-07-10: 2 problems
2026-10-09T16:29:14.9471563Z   2026-07-09: 2 problems
2026-10-09T16:29:15.3525827Z   2026-07-08: 2 problems
2026-10-09T16:29:15.7534240Z   2026-07-07: 2 problems
2026-10-09T16:29:16.1417699Z   2026-07-06: 2 problems
2026-10-09T16:29:16.5352087Z   2026-07-04: 2 problems
2026-10-09T16:29:16.9810159Z   2026-07-03: 2 problems
2026-10-09T16:29:17.3856626Z   2026-07-02: 2 problems
2026-10-09T16:29:17.7975113Z   2026-07-01: 2 problems
2026-10-09T16:29:18.2117616Z   2026-06-30: 2 problems
2026-10-09T16:29:18.6137276Z   2026-06-29: 2 problems
2026-10-09T16:29:19.0097021Z   2026-06-27: 2 problems
2026-10-09T16:29:19.4092218Z   2026-06-26: 2 problems
2026-10-09T16:29:19.8039276Z   2026-06-25: 2 problems
2026-10-09T16:29:20.2026624Z   2026-06-24: 2 problems
2026-10-09T16:29:20.6217843Z   2026-06-23: 2 problems
2026-10-09T16:29:21.0245524Z   2026-06-22: 2 problems
2026-10-09T16:29:21.2972966Z   2026-06-20: 1 problems
2026-10-09T16:29:21.6871266Z   2026-06-19: 2 problems
2026-10-09T16:29:22.2845617Z   2026-06-18: 2 problems
2026-10-09T16:29:22.6764967Z   2026-06-17: 2 problems
2026-10-09T16:29:23.0853124Z   2026-06-16: 2 problems
2026-10-09T16:29:23.5007892Z   2026-06-15: 2 problems
2026-10-09T16:29:23.8998467Z   2026-06-13: 2 problems
2026-10-09T16:29:24.3005050Z   2026-06-12: 2 problems
2026-10-09T16:29:24.7121250Z   2026-06-11: 2 problems
2026-10-09T16:29:25.1059928Z   2026-06-10: 2 problems
2026-10-09T16:29:25.4961487Z   2026-06-09: 2 problems
2026-10-09T16:29:25.8924684Z   2026-06-08: 2 problems
2026-10-09T16:29:26.3152441Z   2026-06-06: 2 problems
2026-10-09T16:29:26.7250768Z   2026-06-05: 2 problems
2026-10-09T16:29:27.1205985Z   2026-06-04: 2 problems
2026-10-09T16:29:27.2519878Z   2026-06-03: 2 problems
2026-10-09T16:29:27.6608357Z   2026-06-02: 2 problems
2026-10-09T16:29:28.0499460Z   2026-06-01: 2 problems
2026-10-09T16:29:28.4450689Z   2026-05-30: 2 problems
2026-10-09T16:29:28.8363792Z   2026-05-29: 2 problems
2026-10-09T16:29:29.2219703Z   2026-05-28: 2 problems
2026-10-09T16:29:30.1843450Z   2026-05-27: 2 problems
2026-10-09T16:29:30.8073399Z   2026-05-26: 2 problems
2026-10-09T16:29:31.3642252Z   2026-05-25: 2 problems
2026-10-09T16:29:31.9138141Z   2026-05-23: 2 problems
2026-10-09T16:29:32.4577558Z   2026-05-22: 2 problems
2026-10-09T16:29:32.9948362Z   2026-05-21: 2 problems
2026-10-09T16:29:33.3715388Z   2026-05-20: 2 problems
2026-10-09T16:29:33.9297889Z   2026-05-19: 2 problems
2026-10-09T16:29:34.2764675Z   2026-05-18: 2 problems
2026-10-09T16:29:34.6293132Z   2026-05-16: 2 problems
2026-10-09T16:29:34.9812861Z   2026-05-15: 2 problems
2026-10-09T16:29:35.3357095Z   2026-05-14: 2 problems
2026-10-09T16:29:35.6830735Z   2026-05-13: 2 problems
2026-10-09T16:29:36.0295806Z   2026-05-12: 2 problems
2026-10-09T16:29:36.4121578Z   2026-05-11: 2 problems
2026-10-09T16:29:36.7647247Z   2026-05-09: 2 problems
2026-10-09T16:29:37.1054727Z   2026-05-08: 2 problems
2026-10-09T16:29:37.4660762Z   2026-05-07: 2 problems
2026-10-09T16:29:37.8514393Z   2026-05-06: 2 problems
2026-10-09T16:29:38.2035425Z   2026-05-05: 2 problems
2026-10-09T16:29:38.5617382Z   2026-05-04: 2 problems
2026-10-09T16:29:38.9164582Z   2026-05-02: 2 problems
2026-10-09T16:29:39.2736916Z   2026-05-01: 2 problems
2026-10-09T16:29:39.8149173Z   2026-04-30: 2 problems
2026-10-09T16:29:40.3636680Z   2026-04-29: 2 problems
2026-10-09T16:29:40.7262462Z   2026-04-28: 2 problems
2026-10-09T16:29:41.0766420Z   2026-04-27: 2 problems
2026-10-09T16:29:41.4263868Z   2026-04-25: 2 problems
2026-10-09T16:29:41.7863539Z   2026-04-24: 2 problems
2026-10-09T16:29:42.1387055Z   2026-04-23: 2 problems
2026-10-09T16:29:42.5215154Z   2026-04-22: 2 problems
2026-10-09T16:29:42.9028622Z   2026-04-21: 2 problems
2026-10-09T16:29:43.2655345Z   2026-04-20: 2 problems
2026-10-09T16:29:43.6262541Z   2026-04-18: 2 problems
2026-10-09T16:29:44.1857802Z   2026-04-17: 2 problems
2026-10-09T16:29:44.5612985Z   2026-04-16: 2 problems
2026-10-09T16:29:44.9196508Z   2026-04-15: 2 problems
2026-10-09T16:29:45.2926910Z   2026-04-14: 2 problems
2026-10-09T16:29:45.6689289Z   2026-04-13: 2 problems
2026-10-09T16:29:46.0328532Z   2026-04-11: 2 problems
2026-10-09T16:29:46.4083032Z   2026-04-10: 2 problems
2026-10-09T16:29:46.8080820Z   2026-04-09: 2 problems
2026-10-09T16:29:47.0432879Z   2026-04-08: 2 problems
2026-10-09T16:29:47.4079492Z   2026-04-07: 2 problems
2026-10-09T16:29:47.8404295Z   2026-04-06: 2 problems
2026-10-09T16:29:48.2066190Z   2026-04-04: 2 problems
2026-10-09T16:29:48.5669961Z   2026-04-03: 2 problems
2026-10-09T16:29:48.9223062Z   2026-04-02: 2 problems
2026-10-09T16:29:49.2899905Z   2026-04-01: 2 problems
2026-10-09T16:29:49.6636565Z   2026-03-31: 2 problems
2026-10-09T16:29:50.0625509Z   2026-03-30: 2 problems
2026-10-09T16:29:50.4251900Z   2026-03-28: 2 problems
2026-10-09T16:29:50.7828119Z   2026-03-27: 2 problems
2026-10-09T16:29:51.1375657Z   2026-03-26: 2 problems
2026-10-09T16:29:51.4974041Z   2026-03-25: 2 problems
2026-10-09T16:29:51.8732523Z   2026-03-24: 2 problems
2026-10-09T16:29:52.2163851Z   2026-03-23: 2 problems
2026-10-09T16:29:52.5860524Z   2026-03-21: 2 problems
2026-10-09T16:29:52.9493345Z   2026-03-20: 2 problems
2026-10-09T16:29:53.2947454Z   2026-03-19: 2 problems
2026-10-09T16:29:53.6447836Z   2026-03-18: 2 problems
2026-10-09T16:29:53.9940483Z   2026-03-17: 2 problems
2026-10-09T16:29:54.3451025Z   2026-03-16: 2 problems
2026-10-09T16:29:54.7081564Z   2026-03-14: 2 problems
2026-10-09T16:29:55.0656225Z   2026-03-13: 2 problems
2026-10-09T16:29:55.4473307Z   2026-03-12: 2 problems
2026-10-09T16:29:55.7941581Z   2026-03-11: 2 problems
2026-10-09T16:29:56.1623031Z   2026-03-10: 2 problems
2026-10-09T16:29:56.5235807Z   2026-03-09: 2 problems
2026-10-09T16:29:57.0777543Z   2026-03-07: 2 problems
2026-10-09T16:29:57.4431589Z   2026-03-06: 2 problems
2026-10-09T16:29:57.8043485Z   2026-03-05: 2 problems
2026-10-09T16:29:58.1614136Z   2026-03-04: 2 problems
2026-10-09T16:29:58.5319267Z   2026-03-03: 2 problems
2026-10-09T16:29:58.9115009Z   2026-03-02: 2 problems
2026-10-09T16:29:59.2696745Z   2026-02-28: 2 problems
2026-10-09T16:30:00.0720712Z   2026-02-27: 2 problems
2026-10-09T16:30:01.0548468Z   2026-02-26: 2 problems
2026-10-09T16:30:01.9425284Z   2026-02-25: 2 problems
2026-10-09T16:30:02.5280457Z   2026-02-24: 2 problems
2026-10-09T16:30:02.9451310Z   2026-02-23: 2 problems
2026-10-09T16:30:03.3500544Z   2026-02-21: 2 problems
2026-10-09T16:30:03.7535573Z   2026-02-20: 2 problems
2026-10-09T16:30:04.1522552Z   2026-02-19: 2 problems
2026-10-09T16:30:04.5966793Z   2026-02-18: 2 problems
2026-10-09T16:30:05.0484650Z   2026-02-17: 2 problems
2026-10-09T16:30:05.4826243Z   2026-02-16: 2 problems
2026-10-09T16:30:05.8948282Z   2026-02-14: 2 problems
2026-10-09T16:30:06.3126857Z   2026-02-13: 2 problems
2026-10-09T16:30:06.9081735Z   2026-02-12: 2 problems
2026-10-09T16:30:07.3447637Z   2026-02-11: 2 problems
2026-10-09T16:30:07.7782727Z   2026-02-10: 2 problems
2026-10-09T16:30:08.2117547Z   2026-02-09: 2 problems
2026-10-09T16:30:08.6202740Z   2026-02-07: 2 problems
2026-10-09T16:30:09.0398289Z   2026-02-06: 2 problems
2026-10-09T16:30:09.4586419Z   2026-02-05: 2 problems
2026-10-09T16:30:10.0611368Z   2026-02-04: 2 problems
2026-10-09T16:30:10.4784813Z   2026-02-03: 2 problems
2026-10-09T16:30:10.9010868Z   2026-02-02: 2 problems
2026-10-09T16:30:11.3011721Z   2026-01-31: 2 problems
2026-10-09T16:30:11.7124012Z   2026-01-30: 2 problems
2026-10-09T16:30:12.1483581Z   2026-01-29: 2 problems
2026-10-09T16:30:12.5511001Z   2026-01-28: 2 problems
2026-10-09T16:30:12.9942808Z   2026-01-27: 2 problems
2026-10-09T16:30:13.4287227Z   2026-01-26: 2 problems
2026-10-09T16:30:13.8478347Z   2026-01-24: 2 problems
2026-10-09T16:30:14.2532792Z   2026-01-23: 2 problems
2026-10-09T16:30:14.5351132Z   2026-01-22: 2 problems
2026-10-09T16:30:14.9384731Z   2026-01-21: 2 problems
2026-10-09T16:30:15.3593141Z   2026-01-20: 2 problems
2026-10-09T16:30:15.7268801Z   2026-01-19: 2 problems
2026-10-09T16:30:16.1294141Z   2026-01-17: 2 problems
2026-10-09T16:30:16.5272294Z   2026-01-16: 2 problems
2026-10-09T16:30:16.9107446Z   2026-01-15: 2 problems
2026-10-09T16:30:17.3029779Z   2026-01-14: 2 problems
2026-10-09T16:30:17.6972081Z   2026-01-13: 2 problems
2026-10-09T16:30:18.1015790Z   2026-01-12: 2 problems
2026-10-09T16:30:18.4927515Z   2026-01-10: 2 problems
2026-10-09T16:30:18.8818112Z   2026-01-09: 2 problems
2026-10-09T16:30:19.2773675Z   2026-01-08: 2 problems
2026-10-09T16:30:19.6529944Z   2026-01-07: 2 problems
2026-10-09T16:30:20.0310035Z   2026-01-06: 2 problems
2026-10-09T16:30:20.6034614Z   2026-01-05: 2 problems
2026-10-09T16:30:20.9816029Z   2026-01-03: 2 problems
2026-10-09T16:30:21.3600982Z   2026-01-02: 2 problems
2026-10-09T16:30:21.7365089Z   2026-01-01: 2 problems
2026-10-09T16:30:22.1277710Z   2025-12-31: 2 problems
2026-10-09T16:30:22.5071931Z   2025-12-30: 2 problems
2026-10-09T16:30:22.8724993Z   2025-12-29: 2 problems
2026-10-09T16:30:23.2459312Z   2025-12-27: 2 problems
2026-10-09T16:30:23.6638529Z   2025-12-26: 2 problems
2026-10-09T16:30:24.0304189Z   2025-12-25: 2 problems
2026-10-09T16:30:24.4215011Z   2025-12-24: 2 problems
2026-10-09T16:30:24.7781323Z   2025-12-23: 2 problems
2026-10-09T16:30:25.1430929Z   2025-12-22: 2 problems
2026-10-09T16:30:25.5149046Z   2025-12-20: 2 problems
2026-10-09T16:30:25.8789872Z   2025-12-19: 2 problems
2026-10-09T16:30:26.2510693Z   2025-12-18: 2 problems
2026-10-09T16:30:26.8245981Z   2025-12-17: 2 problems
2026-10-09T16:30:27.2206575Z   2025-12-16: 2 problems
2026-10-09T16:30:27.6036948Z   2025-12-15: 2 problems
2026-10-09T16:30:27.9957176Z   2025-12-13: 2 problems
2026-10-09T16:30:28.3770605Z   2025-12-12: 2 problems
2026-10-09T16:30:28.7543777Z   2025-12-11: 2 problems
2026-10-09T16:30:29.1055159Z   2025-12-10: 2 problems
2026-10-09T16:30:29.8744276Z   2025-12-09: 2 problems
2026-10-09T16:30:30.3141250Z   2025-12-08: 2 problems
2026-10-09T16:30:31.2634138Z   2025-12-06: 2 problems
2026-10-09T16:30:31.6380602Z   2025-12-05: 2 problems
2026-10-09T16:30:32.0200856Z   2025-12-04: 2 problems
2026-10-09T16:30:32.5844227Z   2025-12-03: 2 problems
2026-10-09T16:30:32.9581912Z   2025-12-02: 2 problems
2026-10-09T16:30:33.7152051Z   2025-12-01: 2 problems
2026-10-09T16:30:34.2913043Z   2025-11-29: 2 problems
2026-10-09T16:30:34.6982406Z   2025-11-28: 2 problems
2026-10-09T16:30:35.2665798Z   2025-11-27: 2 problems
2026-10-09T16:30:35.8727739Z   2025-11-26: 2 problems
2026-10-09T16:30:36.4467820Z   2025-11-25: 2 problems
2026-10-09T16:30:36.8093678Z   2025-11-24: 2 problems
2026-10-09T16:30:37.1911092Z   2025-11-22: 2 problems
2026-10-09T16:30:37.5855082Z   2025-11-21: 2 problems
2026-10-09T16:30:38.1512161Z   2025-11-20: 2 problems
2026-10-09T16:30:38.7348515Z   2025-11-19: 2 problems
2026-10-09T16:30:39.1200792Z   2025-11-18: 2 problems
2026-10-09T16:30:39.6913236Z   2025-11-17: 2 problems
2026-10-09T16:30:40.0746499Z   2025-11-15: 2 problems
2026-10-09T16:30:40.4509622Z   2025-11-14: 2 problems
2026-10-09T16:30:40.8120893Z   2025-11-13: 2 problems
2026-10-09T16:30:41.1988651Z   2025-11-12: 2 problems
2026-10-09T16:30:41.5669281Z   2025-11-11: 2 problems
2026-10-09T16:30:41.9403270Z   2025-11-10: 2 problems
2026-10-09T16:30:42.3285386Z   2025-11-08: 2 problems
2026-10-09T16:30:42.6965125Z   2025-11-07: 2 problems
2026-10-09T16:30:43.1024592Z   2025-11-06: 2 problems
2026-10-09T16:30:43.4793851Z   2025-11-05: 2 problems
2026-10-09T16:30:43.8551769Z   2025-11-04: 2 problems
2026-10-09T16:30:44.2343635Z   2025-11-03: 2 problems
2026-10-09T16:30:44.6094937Z   2025-11-01: 2 problems
2026-10-09T16:30:44.8514475Z   2025-10-31: 2 problems
2026-10-09T16:30:45.2535794Z   2025-10-30: 2 problems
2026-10-09T16:30:45.6274953Z   2025-10-29: 2 problems
2026-10-09T16:30:46.0381213Z   2025-10-28: 2 problems
2026-10-09T16:30:46.4147779Z   2025-10-27: 2 problems
2026-10-09T16:30:46.8033875Z   2025-10-25: 2 problems
2026-10-09T16:30:47.2114037Z   2025-10-24: 2 problems
2026-10-09T16:30:47.6235927Z   2025-10-23: 2 problems
2026-10-09T16:30:48.0177816Z   2025-10-22: 2 problems
2026-10-09T16:30:48.4263509Z   2025-10-21: 2 problems
2026-10-09T16:30:48.8861529Z   2025-10-20: 2 problems
2026-10-09T16:30:49.2767583Z   2025-10-18: 2 problems
2026-10-09T16:30:49.6724418Z   2025-10-17: 2 problems
2026-10-09T16:30:50.0978218Z   2025-10-16: 2 problems
2026-10-09T16:30:50.4920589Z   2025-10-15: 2 problems
2026-10-09T16:30:50.8857230Z   2025-10-14: 2 problems
2026-10-09T16:30:51.4603674Z   2025-10-13: 2 problems
2026-10-09T16:30:51.8303802Z   2025-10-11: 2 problems
2026-10-09T16:30:52.2152440Z   2025-10-10: 2 problems
2026-10-09T16:30:52.6861310Z   2025-10-09: 2 problems
2026-10-09T16:30:53.1042270Z   2025-10-08: 2 problems
2026-10-09T16:30:53.5087919Z   2025-10-07: 2 problems
2026-10-09T16:30:53.9457779Z   2025-10-06: 2 problems
2026-10-09T16:30:54.3858021Z   2025-10-04: 2 problems
2026-10-09T16:30:54.8426665Z   2025-10-03: 2 problems
2026-10-09T16:30:55.3661012Z   2025-10-02: 2 problems
2026-10-09T16:30:55.8258370Z   2025-10-01: 2 problems
2026-10-09T16:30:56.1848507Z   2025-09-30: 2 problems
2026-10-09T16:30:56.5151044Z   2025-09-29: 2 problems
2026-10-09T16:30:56.8291648Z   2025-09-27: 2 problems
2026-10-09T16:30:57.1458418Z   2025-09-26: 2 problems
2026-10-09T16:30:57.4597809Z   2025-09-25: 2 problems
2026-10-09T16:30:57.7608835Z   2025-09-24: 2 problems
2026-10-09T16:30:58.0644669Z   2025-09-23: 2 problems
2026-10-09T16:30:58.3951289Z   2025-09-22: 2 problems
2026-10-09T16:30:58.7028721Z   2025-09-20: 2 problems
2026-10-09T16:30:59.0343697Z   2025-09-19: 2 problems
2026-10-09T16:30:59.5521248Z   2025-09-18: 2 problems
2026-10-09T16:31:00.3021400Z   2025-09-17: 2 problems
2026-10-09T16:31:00.6421458Z   2025-09-16: 2 problems
2026-10-09T16:31:01.3795423Z   2025-09-15: 2 problems
2026-10-09T16:31:02.3277297Z   2025-09-13: 2 problems
2026-10-09T16:31:02.8656317Z   2025-09-12: 2 problems
2026-10-09T16:31:03.2044897Z   2025-09-11: 2 problems
2026-10-09T16:31:03.5338166Z   2025-09-10: 2 problems
2026-10-09T16:31:04.0743394Z   2025-09-09: 2 problems
2026-10-09T16:31:04.4072735Z   2025-09-08: 2 problems
2026-10-09T16:31:04.7490504Z   2025-09-06: 2 problems
2026-10-09T16:31:05.0924692Z   2025-09-05: 2 problems
2026-10-09T16:31:05.4443816Z   2025-09-04: 2 problems
2026-10-09T16:31:05.7726775Z   2025-09-03: 2 problems
2026-10-09T16:31:06.1181907Z   2025-09-02: 2 problems
2026-10-09T16:31:06.4604204Z   2025-09-01: 2 problems
2026-10-09T16:31:06.7923051Z   2025-08-30: 2 problems
2026-10-09T16:31:07.3028867Z   2025-08-29: 2 problems
2026-10-09T16:31:07.6412571Z   2025-08-28: 2 problems
2026-10-09T16:31:07.9630814Z   2025-08-27: 2 problems
2026-10-09T16:31:08.2994945Z   2025-08-26: 2 problems
2026-10-09T16:31:08.6405822Z   2025-08-25: 2 problems
2026-10-09T16:31:08.9686599Z   2025-08-23: 2 problems
2026-10-09T16:31:09.3048842Z   2025-08-22: 2 problems
2026-10-09T16:31:09.6415545Z   2025-08-21: 2 problems
2026-10-09T16:31:09.9607706Z   2025-08-20: 2 problems
2026-10-09T16:31:10.2878758Z   2025-08-19: 2 problems
2026-10-09T16:31:10.6304916Z   2025-08-18: 2 problems
2026-10-09T16:31:10.9611430Z   2025-08-16: 2 problems
2026-10-09T16:31:11.4899992Z   2025-08-15: 2 problems
2026-10-09T16:31:11.8106238Z   2025-08-14: 2 problems
2026-10-09T16:31:12.1254156Z   2025-08-13: 2 problems
2026-10-09T16:31:12.4486726Z   2025-08-12: 2 problems
2026-10-09T16:31:12.7740113Z   2025-08-11: 2 problems
2026-10-09T16:31:13.1012676Z   2025-08-09: 2 problems
2026-10-09T16:31:13.4311988Z   2025-08-08: 2 problems
2026-10-09T16:31:13.7609298Z   2025-08-07: 2 problems
2026-10-09T16:31:14.2902277Z   2025-08-06: 2 problems
2026-10-09T16:31:14.6133203Z   2025-08-05: 2 problems
2026-10-09T16:31:14.9503735Z   2025-08-04: 2 problems
2026-10-09T16:31:15.4684788Z   2025-08-02: 2 problems
2026-10-09T16:31:15.7983599Z   2025-08-01: 2 problems
2026-10-09T16:31:16.1162855Z   2025-07-31: 2 problems
2026-10-09T16:31:16.4436477Z   2025-07-30: 2 problems
2026-10-09T16:31:16.7865139Z   2025-07-29: 2 problems
2026-10-09T16:31:17.1056859Z   2025-07-28: 2 problems
2026-10-09T16:31:17.4275736Z   2025-07-26: 2 problems
2026-10-09T16:31:17.7449874Z   2025-07-25: 2 problems
2026-10-09T16:31:18.0853266Z   2025-07-24: 2 problems
2026-10-09T16:31:18.4257641Z   2025-07-23: 2 problems
2026-10-09T16:31:18.7551491Z   2025-07-22: 2 problems
2026-10-09T16:31:19.0913685Z   2025-07-21: 2 problems
2026-10-09T16:31:19.4278009Z   2025-07-19: 2 problems
2026-10-09T16:31:19.9640551Z   2025-07-18: 2 problems
2026-10-09T16:31:20.2874052Z   2025-07-17: 2 problems
2026-10-09T16:31:20.6174817Z   2025-07-16: 2 problems
2026-10-09T16:31:20.9363881Z   2025-07-15: 2 problems
2026-10-09T16:31:21.2806214Z   2025-07-14: 2 problems
2026-10-09T16:31:21.6091683Z   2025-07-12: 2 problems
2026-10-09T16:31:21.9461165Z   2025-07-11: 2 problems
2026-10-09T16:31:22.2888100Z   2025-07-10: 2 problems
2026-10-09T16:31:22.6920483Z   2025-07-09: 2 problems
2026-10-09T16:31:23.0906466Z   2025-07-08: 2 problems
2026-10-09T16:31:23.5324443Z   2025-07-07: 2 problems
2026-10-09T16:31:23.9321731Z   2025-07-05: 2 problems
2026-10-09T16:31:24.3303632Z   2025-07-04: 2 problems
2026-10-09T16:31:24.7488034Z   2025-07-03: 2 problems
2026-10-09T16:31:25.1468308Z   2025-07-02: 2 problems
2026-10-09T16:31:25.5437335Z   2025-07-01: 2 problems
2026-10-09T16:31:26.1342248Z   2025-06-30: 2 problems
2026-10-09T16:31:26.5272518Z   2025-06-28: 2 problems
2026-10-09T16:31:26.9376257Z   2025-06-27: 2 problems
2026-10-09T16:31:27.3272697Z   2025-06-26: 2 problems
2026-10-09T16:31:27.7247377Z   2025-06-25: 2 problems
2026-10-09T16:31:28.1201142Z   2025-06-24: 2 problems
2026-10-09T16:31:28.5197976Z   2025-06-23: 2 problems
2026-10-09T16:31:28.7747726Z   2025-06-21: 2 problems
2026-10-09T16:31:29.1621810Z   2025-06-20: 2 problems
2026-10-09T16:31:30.0016429Z   2025-06-19: 2 problems
2026-10-09T16:31:31.0061941Z   2025-06-18: 2 problems
2026-10-09T16:31:31.5909145Z   2025-06-17: 2 problems
2026-10-09T16:31:32.1744785Z   2025-06-16: 2 problems
2026-10-09T16:31:32.7533137Z   2025-06-14: 2 problems
2026-10-09T16:31:33.3187979Z   2025-06-13: 2 problems
2026-10-09T16:31:33.9161766Z   2025-06-12: 2 problems
2026-10-09T16:31:34.3041374Z   2025-06-11: 2 problems
2026-10-09T16:31:35.0969211Z   2025-06-10: 2 problems
2026-10-09T16:31:35.4691862Z   2025-06-09: 2 problems
2026-10-09T16:31:35.8740915Z   2025-06-07: 2 problems
2026-10-09T16:31:36.4490097Z   2025-06-06: 2 problems
2026-10-09T16:31:36.8639691Z   2025-06-05: 2 problems
2026-10-09T16:31:37.2796702Z   2025-06-04: 2 problems
2026-10-09T16:31:37.6587209Z   2025-06-03: 2 problems
2026-10-09T16:31:38.2352909Z   2025-06-02: 2 problems
2026-10-09T16:31:38.6406074Z   2025-05-31: 2 problems
2026-10-09T16:31:39.0408567Z   2025-05-30: 2 problems
2026-10-09T16:31:39.4332667Z   2025-05-29: 2 problems
2026-10-09T16:31:39.8153848Z   2025-05-28: 2 problems
2026-10-09T16:31:40.1899354Z   2025-05-27: 2 problems
2026-10-09T16:31:40.5591909Z   2025-05-26: 2 problems
2026-10-09T16:31:41.1397955Z   2025-05-24: 2 problems
2026-10-09T16:31:41.5212241Z   2025-05-23: 2 problems
2026-10-09T16:31:42.1627036Z   2025-05-22: 2 problems
2026-10-09T16:31:42.5287585Z   2025-05-21: 2 problems
2026-10-09T16:31:42.9214138Z   2025-05-20: 2 problems
2026-10-09T16:31:43.3233721Z   2025-05-19: 2 problems
2026-10-09T16:31:43.6940581Z   2025-05-17: 2 problems
2026-10-09T16:31:44.0766446Z   2025-05-16: 2 problems
2026-10-09T16:31:44.4489937Z   2025-05-15: 2 problems
2026-10-09T16:31:44.8553953Z   2025-05-14: 2 problems
2026-10-09T16:31:45.2341929Z   2025-05-13: 2 problems
2026-10-09T16:31:45.6142188Z   2025-05-12: 2 problems
2026-10-09T16:31:45.9979335Z   2025-05-10: 2 problems
2026-10-09T16:31:46.5572633Z   2025-05-09: 2 problems
2026-10-09T16:31:46.9176108Z   2025-05-08: 2 problems
2026-10-09T16:31:47.2910602Z   2025-05-07: 2 problems
2026-10-09T16:31:47.6720454Z   2025-05-06: 2 problems
2026-10-09T16:31:48.0884846Z   2025-05-05: 2 problems
2026-10-09T16:31:48.4779930Z   2025-05-03: 2 problems
2026-10-09T16:31:48.8418624Z   2025-05-02: 2 problems
2026-10-09T16:31:49.2128314Z   2025-05-01: 2 problems
2026-10-09T16:31:49.5789663Z   2025-04-30: 2 problems
2026-10-09T16:31:49.9822384Z   2025-04-29: 2 problems
2026-10-09T16:31:50.3781249Z   2025-04-28: 2 problems
2026-10-09T16:31:50.7748290Z   2025-04-26: 2 problems
2026-10-09T16:31:51.1800930Z   2025-04-25: 2 problems
2026-10-09T16:31:51.5546120Z   2025-04-24: 2 problems
2026-10-09T16:31:52.1522324Z   2025-04-23: 2 problems
2026-10-09T16:31:52.5330519Z   2025-04-22: 2 problems
2026-10-09T16:31:52.9067428Z   2025-04-21: 2 problems
2026-10-09T16:31:53.2886110Z   2025-04-19: 2 problems
2026-10-09T16:31:53.8603067Z   2025-04-18: 2 problems
2026-10-09T16:31:54.2664942Z   2025-04-17: 2 problems
2026-10-09T16:31:54.6492278Z   2025-04-16: 2 problems
2026-10-09T16:31:55.0229981Z   2025-04-15: 2 problems
2026-10-09T16:31:55.3990023Z   2025-04-14: 2 problems
2026-10-09T16:31:55.7722753Z   2025-04-12: 2 problems
2026-10-09T16:31:56.1841525Z   2025-04-11: 2 problems
2026-10-09T16:31:56.5531265Z   2025-04-10: 2 problems
2026-10-09T16:31:56.9156251Z   2025-04-09: 2 problems
2026-10-09T16:31:57.2977500Z   2025-04-08: 2 problems
2026-10-09T16:31:57.7155921Z   2025-04-07: 2 problems
2026-10-09T16:31:58.0856842Z   2025-04-05: 2 problems
2026-10-09T16:31:58.4511649Z   2025-04-04: 2 problems
2026-10-09T16:31:58.8128201Z   2025-04-03: 2 problems
2026-10-09T16:31:59.1887075Z   2025-04-02: 2 problems
2026-10-09T16:31:59.9727611Z   2025-04-01: 2 problems
2026-10-09T16:32:00.5654870Z   2025-03-31: 2 problems
2026-10-09T16:32:01.5474574Z   2025-03-29: 2 problems
2026-10-09T16:32:02.3490011Z   2025-03-28: 2 problems
2026-10-09T16:32:02.9309225Z   2025-03-27: 2 problems
2026-10-09T16:32:03.3228361Z   2025-03-26: 2 problems
2026-10-09T16:32:03.7209085Z   2025-03-25: 2 problems
2026-10-09T16:32:04.1212683Z   2025-03-24: 2 problems
2026-10-09T16:32:04.7064230Z   2025-03-22: 2 problems
2026-10-09T16:32:05.1112519Z   2025-03-21: 2 problems
2026-10-09T16:32:05.5053079Z   2025-03-20: 2 problems
2026-10-09T16:32:05.9146640Z   2025-03-19: 2 problems
2026-10-09T16:32:06.3083510Z   2025-03-18: 2 problems
2026-10-09T16:32:06.9180666Z   2025-03-17: 2 problems
2026-10-09T16:32:07.3163724Z   2025-03-15: 2 problems
2026-10-09T16:32:07.9138993Z   2025-03-14: 2 problems
2026-10-09T16:32:08.3169831Z   2025-03-13: 2 problems
2026-10-09T16:32:08.7095749Z   2025-03-12: 2 problems
2026-10-09T16:32:09.1110930Z   2025-03-11: 2 problems
2026-10-09T16:32:09.5113302Z   2025-03-10: 2 problems
2026-10-09T16:32:09.9178027Z   2025-03-08: 2 problems
2026-10-09T16:32:10.3104943Z   2025-03-07: 2 problems
2026-10-09T16:32:10.7212619Z   2025-03-06: 2 problems
2026-10-09T16:32:11.1338642Z   2025-03-05: 2 problems
2026-10-09T16:32:11.7275326Z   2025-03-04: 2 problems
2026-10-09T16:32:12.1717007Z   2025-03-03: 2 problems
2026-10-09T16:32:12.5852004Z   2025-03-01: 2 problems
2026-10-09T16:32:12.9901697Z   2025-02-28: 2 problems
2026-10-09T16:32:13.4014022Z   2025-02-27: 2 problems
2026-10-09T16:32:13.8081386Z   2025-02-26: 2 problems
2026-10-09T16:32:14.2056247Z   2025-02-25: 2 problems
2026-10-09T16:32:14.6149747Z   2025-02-24: 2 problems
2026-10-09T16:32:15.0186837Z   2025-02-22: 2 problems
2026-10-09T16:32:15.4177840Z   2025-02-21: 2 problems
2026-10-09T16:32:15.8150027Z   2025-02-20: 2 problems
2026-10-09T16:32:16.2143213Z   2025-02-19: 2 problems
2026-10-09T16:32:16.6524395Z   2025-02-18: 2 problems
2026-10-09T16:32:17.0512933Z   2025-02-17: 2 problems
2026-10-09T16:32:17.4389984Z   2025-02-15: 2 problems
2026-10-09T16:32:18.0390053Z   2025-02-14: 2 problems
2026-10-09T16:32:18.4496647Z   2025-02-13: 2 problems
2026-10-09T16:32:18.8450656Z   2025-02-12: 2 problems
2026-10-09T16:32:19.2524715Z   2025-02-11: 2 problems
2026-10-09T16:32:19.6391433Z   2025-02-10: 2 problems
2026-10-09T16:32:20.0295005Z   2025-02-08: 2 problems
2026-10-09T16:32:20.4221387Z   2025-02-07: 2 problems
2026-10-09T16:32:20.8255989Z   2025-02-06: 2 problems
2026-10-09T16:32:21.2286073Z   2025-02-05: 2 problems
2026-10-09T16:32:21.6423683Z   2025-02-04: 2 problems
2026-10-09T16:32:22.0311648Z   2025-02-03: 2 problems
2026-10-09T16:32:22.4249708Z   2025-02-01: 2 problems
2026-10-09T16:32:22.8195075Z   2025-01-31: 2 problems
2026-10-09T16:32:23.2195657Z   2025-01-30: 2 problems
2026-10-09T16:32:23.6310654Z   2025-01-29: 2 problems
2026-10-09T16:32:24.0302807Z   2025-01-28: 2 problems
2026-10-09T16:32:24.4366800Z   2025-01-27: 2 problems
2026-10-09T16:32:24.8341193Z   2025-01-25: 2 problems
2026-10-09T16:32:25.2245870Z   2025-01-24: 2 problems
2026-10-09T16:32:25.6199404Z   2025-01-23: 2 problems
2026-10-09T16:32:26.0232233Z   2025-01-22: 2 problems
2026-10-09T16:32:26.4086429Z   2025-01-21: 2 problems
2026-10-09T16:32:26.7897933Z   2025-01-20: 2 problems
2026-10-09T16:32:27.2140158Z   2025-01-18: 2 problems
2026-10-09T16:32:27.6012857Z   2025-01-17: 2 problems
2026-10-09T16:32:28.0034367Z   2025-01-16: 2 problems
2026-10-09T16:32:28.4147835Z   2025-01-15: 2 problems
2026-10-09T16:32:28.8110048Z   2025-01-14: 2 problems
2026-10-09T16:32:29.1908333Z   2025-01-13: 2 problems
2026-10-09T16:32:29.9670584Z   2025-01-11: 2 problems
2026-10-09T16:32:30.5945237Z   2025-01-10: 2 problems
2026-10-09T16:32:31.3899527Z   2025-01-09: 2 problems
2026-10-09T16:32:31.9712685Z   2025-01-08: 2 problems
2026-10-09T16:32:32.5473854Z   2025-01-07: 2 problems
2026-10-09T16:32:33.2933220Z   2025-01-06: 2 problems
2026-10-09T16:32:33.8431335Z   2025-01-04: 2 problems
2026-10-09T16:32:34.4433559Z   2025-01-03: 2 problems
2026-10-09T16:32:34.8095896Z   2025-01-02: 2 problems
2026-10-09T16:32:35.3579753Z   2025-01-01: 2 problems
2026-10-09T16:32:35.7264938Z   2024-12-31: 2 problems
2026-10-09T16:32:36.0998902Z   2024-12-30: 2 problems
2026-10-09T16:32:36.4709508Z   2024-12-28: 2 problems
2026-10-09T16:32:36.8376272Z   2024-12-27: 2 problems
2026-10-09T16:32:37.1939933Z   2024-12-26: 2 problems
2026-10-09T16:32:37.5616760Z   2024-12-25: 2 problems
2026-10-09T16:32:37.9588881Z   2024-12-24: 2 problems
2026-10-09T16:32:38.5347049Z   2024-12-23: 2 problems
2026-10-09T16:32:39.1376315Z   2024-12-21: 2 problems
2026-10-09T16:32:39.4975110Z   2024-12-20: 2 problems
2026-10-09T16:32:39.9056969Z   2024-12-19: 2 problems
2026-10-09T16:32:40.2686704Z   2024-12-18: 2 problems
2026-10-09T16:32:40.6282597Z   2024-12-17: 2 problems
2026-10-09T16:32:40.9926168Z   2024-12-16: 2 problems
2026-10-09T16:32:41.4425520Z   2024-12-14: 2 problems
2026-10-09T16:32:41.8126419Z   2024-12-13: 2 problems
2026-10-09T16:32:42.1899364Z   2024-12-12: 2 problems
2026-10-09T16:32:42.6236213Z   2024-12-11: 2 problems
2026-10-09T16:32:42.9935177Z   2024-12-10: 2 problems
2026-10-09T16:32:43.3720150Z   2024-12-09: 2 problems
2026-10-09T16:32:43.7547582Z   2024-12-07: 2 problems
2026-10-09T16:32:44.1296725Z   2024-12-06: 2 problems
2026-10-09T16:32:44.4934910Z   2024-12-05: 2 problems
2026-10-09T16:32:44.8772831Z   2024-12-04: 2 problems
2026-10-09T16:32:45.2757880Z   2024-12-03: 2 problems
2026-10-09T16:32:45.6410639Z   2024-12-02: 2 problems
2026-10-09T16:32:46.1976379Z   2024-11-30: 2 problems
2026-10-09T16:32:46.5624754Z   2024-11-29: 2 problems
2026-10-09T16:32:46.9219422Z   2024-11-28: 2 problems
2026-10-09T16:32:47.3263864Z   2024-11-27: 2 problems
2026-10-09T16:32:47.7204398Z   2024-11-26: 2 problems
2026-10-09T16:32:48.1013483Z   2024-11-25: 2 problems
2026-10-09T16:32:48.4750185Z   2024-11-23: 2 problems
2026-10-09T16:32:48.8825011Z   2024-11-22: 2 problems
2026-10-09T16:32:49.1495307Z   2024-11-21: 2 problems
2026-10-09T16:32:49.5108347Z   2024-11-20: 2 problems
2026-10-09T16:32:49.9067624Z   2024-11-19: 2 problems
2026-10-09T16:32:50.2803507Z   2024-11-18: 2 problems
2026-10-09T16:32:50.6579099Z   2024-11-16: 2 problems
2026-10-09T16:32:51.2293453Z   2024-11-15: 2 problems
2026-10-09T16:32:51.6287249Z   2024-11-14: 2 problems
2026-10-09T16:32:52.0186249Z   2024-11-13: 2 problems
2026-10-09T16:32:52.4376425Z   2024-11-12: 2 problems
2026-10-09T16:32:52.8004596Z   2024-11-11: 2 problems
2026-10-09T16:32:53.1666567Z   2024-11-09: 2 problems
2026-10-09T16:32:53.5641756Z   2024-11-08: 2 problems
2026-10-09T16:32:53.9397888Z   2024-11-07: 2 problems
2026-10-09T16:32:54.3004447Z   2024-11-06: 2 problems
2026-10-09T16:32:54.6855430Z   2024-11-05: 2 problems
2026-10-09T16:32:55.0376076Z   2024-11-04: 2 problems
2026-10-09T16:32:55.4048847Z   2024-11-02: 2 problems
2026-10-09T16:32:55.7684185Z   2024-11-01: 2 problems
2026-10-09T16:32:56.1461513Z   2024-10-31: 2 problems
2026-10-09T16:32:56.5157137Z   2024-10-30: 2 problems
2026-10-09T16:32:56.9022803Z   2024-10-29: 2 problems
2026-10-09T16:32:57.2645265Z   2024-10-28: 2 problems
2026-10-09T16:32:57.6061948Z   2024-10-26: 2 problems
2026-10-09T16:32:57.9663342Z   2024-10-25: 2 problems
2026-10-09T16:32:58.3327216Z   2024-10-24: 2 problems
2026-10-09T16:32:58.7077920Z   2024-10-23: 2 problems
2026-10-09T16:32:59.0694363Z   2024-10-22: 2 problems
2026-10-09T16:32:59.4373941Z   2024-10-21: 2 problems
2026-10-09T16:32:59.8037226Z   2024-10-19: 2 problems
2026-10-09T16:33:00.1654025Z   2024-10-18: 2 problems
2026-10-09T16:33:00.5191966Z   2024-10-17: 2 problems
2026-10-09T16:33:00.8942687Z   2024-10-16: 2 problems
2026-10-09T16:33:01.2599112Z   2024-10-15: 2 problems
2026-10-09T16:33:01.6272682Z   2024-10-14: 2 problems
2026-10-09T16:33:02.0273619Z   2024-10-12: 2 problems
2026-10-09T16:33:02.4148097Z   2024-10-11: 2 problems
2026-10-09T16:33:02.7804657Z   2024-10-10: 2 problems
2026-10-09T16:33:03.1570923Z   2024-10-09: 2 problems
2026-10-09T16:33:03.5121938Z   2024-10-08: 2 problems
2026-10-09T16:33:03.9009211Z   2024-10-07: 2 problems
2026-10-09T16:33:04.2729167Z   2024-10-05: 2 problems
2026-10-09T16:33:04.6439790Z   2024-10-04: 2 problems
2026-10-09T16:33:05.0131053Z   2024-10-03: 2 problems
2026-10-09T16:33:05.3892992Z   2024-10-02: 2 problems
2026-10-09T16:33:05.7483200Z   2024-10-01: 2 problems
2026-10-09T16:33:06.1111183Z   2024-09-30: 2 problems
2026-10-09T16:33:06.4748208Z   2024-09-28: 2 problems
2026-10-09T16:33:06.8303298Z   2024-09-27: 2 problems
2026-10-09T16:33:07.1970753Z   2024-09-26: 2 problems
2026-10-09T16:33:07.5603684Z   2024-09-25: 2 problems
2026-10-09T16:33:07.7898429Z   2024-09-24: 2 problems
2026-10-09T16:33:08.1385196Z   2024-09-23: 2 problems
2026-10-09T16:33:08.4978478Z   2024-09-21: 2 problems
2026-10-09T16:33:08.8522494Z   2024-09-20: 2 problems
2026-10-09T16:33:09.2106669Z   2024-09-19: 2 problems
2026-10-09T16:33:09.5675077Z   2024-09-18: 2 problems
2026-10-09T16:33:09.9189385Z   2024-09-17: 2 problems
2026-10-09T16:33:10.3111155Z   2024-09-16: 2 problems
2026-10-09T16:33:10.6641457Z   2024-09-14: 2 problems
2026-10-09T16:33:11.0177460Z   2024-09-13: 2 problems
2026-10-09T16:33:11.3648790Z   2024-09-12: 2 problems
2026-10-09T16:33:11.7132418Z   2024-09-11: 2 problems
2026-10-09T16:33:12.0833650Z   2024-09-10: 2 problems
2026-10-09T16:33:12.4502216Z   2024-09-09: 2 problems
2026-10-09T16:33:12.8147918Z   2024-09-07: 2 problems
2026-10-09T16:33:13.1851023Z   2024-09-06: 2 problems
2026-10-09T16:33:13.5519393Z   2024-09-05: 2 problems
2026-10-09T16:33:13.9191839Z   2024-09-04: 2 problems
2026-10-09T16:33:14.2750682Z   2024-09-03: 2 problems
2026-10-09T16:33:14.6587765Z   2024-09-02: 2 problems
2026-10-09T16:33:15.0038255Z   2024-08-31: 2 problems
2026-10-09T16:33:15.3517436Z   2024-08-30: 2 problems
2026-10-09T16:33:15.7115511Z   2024-08-29: 2 problems
2026-10-09T16:33:16.0691820Z   2024-08-28: 2 problems
2026-10-09T16:33:16.4189110Z   2024-08-27: 2 problems
2026-10-09T16:33:16.7649482Z   2024-08-26: 2 problems
2026-10-09T16:33:17.1207555Z   2024-08-24: 2 problems
2026-10-09T16:33:17.4867194Z   2024-08-23: 2 problems
2026-10-09T16:33:18.0509702Z   2024-08-22: 2 problems
2026-10-09T16:33:18.4065243Z   2024-08-21: 2 problems
2026-10-09T16:33:18.7616411Z   2024-08-20: 2 problems
2026-10-09T16:33:19.1162594Z   2024-08-19: 2 problems
2026-10-09T16:33:19.4673242Z   2024-08-17: 2 problems
2026-10-09T16:33:19.8222587Z   2024-08-16: 2 problems
2026-10-09T16:33:20.1841102Z   2024-08-15: 2 problems
2026-10-09T16:33:20.5327903Z   2024-08-14: 2 problems
2026-10-09T16:33:20.8821968Z   2024-08-13: 2 problems
2026-10-09T16:33:21.2290777Z   2024-08-12: 2 problems
2026-10-09T16:33:21.6012765Z   2024-08-10: 2 problems
2026-10-09T16:33:21.9581654Z   2024-08-09: 2 problems
2026-10-09T16:33:22.3006067Z   2024-08-08: 2 problems
2026-10-09T16:33:22.6698326Z   2024-08-07: 2 problems
2026-10-09T16:33:23.0496613Z   2024-08-06: 2 problems
2026-10-09T16:33:23.4041311Z   2024-08-05: 2 problems
2026-10-09T16:33:23.7779489Z   2024-08-03: 2 problems
2026-10-09T16:33:24.1421678Z   2024-08-02: 2 problems
2026-10-09T16:33:24.5051501Z   2024-08-01: 2 problems
2026-10-09T16:33:24.8728125Z   2024-07-31: 2 problems
2026-10-09T16:33:25.2266791Z   2024-07-30: 2 problems
2026-10-09T16:33:25.5891356Z   2024-07-29: 2 problems
2026-10-09T16:33:25.9405588Z   2024-07-27: 2 problems
2026-10-09T16:33:26.2954019Z   2024-07-26: 2 problems
2026-10-09T16:33:26.6887663Z   2024-07-25: 2 problems
2026-10-09T16:33:27.0460547Z   2024-07-24: 2 problems
2026-10-09T16:33:27.4093510Z   2024-07-23: 2 problems
2026-10-09T16:33:27.7648308Z   2024-07-22: 2 problems
2026-10-09T16:33:28.1333771Z   2024-07-20: 2 problems
2026-10-09T16:33:28.4921174Z   2024-07-19: 2 problems
2026-10-09T16:33:28.8535272Z   2024-07-18: 2 problems
2026-10-09T16:33:29.1986731Z   2024-07-17: 2 problems
2026-10-09T16:33:30.0123657Z   2024-07-16: 2 problems
2026-10-09T16:33:31.0372488Z   2024-07-15: 2 problems
2026-10-09T16:33:31.8554475Z   2024-07-13: 2 problems
2026-10-09T16:33:32.1240979Z   2024-07-12: 2 problems
2026-10-09T16:33:32.7635358Z   2024-07-11: 2 problems
2026-10-09T16:33:33.3769207Z   2024-07-10: 2 problems
2026-10-09T16:33:33.7842453Z   2024-07-09: 2 problems
2026-10-09T16:33:34.4074819Z   2024-07-08: 2 problems
2026-10-09T16:33:35.0395442Z   2024-07-06: 2 problems
2026-10-09T16:33:35.4631312Z   2024-07-05: 2 problems
2026-10-09T16:33:35.8807631Z   2024-07-04: 2 problems
2026-10-09T16:33:36.3093557Z   2024-07-03: 2 problems
2026-10-09T16:33:36.7230031Z   2024-07-02: 2 problems
2026-10-09T16:33:37.3196595Z   2024-07-01: 2 problems
2026-10-09T16:33:37.7223151Z   2024-06-29: 2 problems
2026-10-09T16:33:38.1399141Z   2024-06-28: 2 problems
2026-10-09T16:33:38.5450552Z   2024-06-27: 2 problems
2026-10-09T16:33:39.1642689Z   2024-06-26: 2 problems
2026-10-09T16:33:39.7647001Z   2024-06-25: 2 problems
2026-10-09T16:33:40.1798967Z   2024-06-24: 2 problems
2026-10-09T16:33:40.5960445Z   2024-06-22: 2 problems
2026-10-09T16:33:40.9961935Z   2024-06-21: 2 problems
2026-10-09T16:33:41.4072915Z   2024-06-20: 2 problems
2026-10-09T16:33:41.8154284Z   2024-06-19: 2 problems
2026-10-09T16:33:42.2354762Z   2024-06-18: 2 problems
2026-10-09T16:33:42.6740042Z   2024-06-17: 2 problems
2026-10-09T16:33:43.0948264Z   2024-06-15: 2 problems
2026-10-09T16:33:43.7028269Z   2024-06-14: 2 problems
2026-10-09T16:33:44.1211370Z   2024-06-13: 2 problems
2026-10-09T16:33:44.5299279Z   2024-06-12: 2 problems
2026-10-09T16:33:44.9374477Z   2024-06-11: 2 problems
2026-10-09T16:33:45.3321770Z   2024-06-10: 2 problems
2026-10-09T16:33:45.7412639Z   2024-06-08: 2 problems
2026-10-09T16:33:46.1681749Z   2024-06-07: 2 problems
2026-10-09T16:33:46.5961800Z   2024-06-06: 2 problems
2026-10-09T16:33:46.9992841Z   2024-06-05: 2 problems
2026-10-09T16:33:47.4189543Z   2024-06-04: 2 problems
2026-10-09T16:33:47.8168665Z   2024-06-03: 2 problems
2026-10-09T16:33:48.2194011Z   2024-06-01: 2 problems
2026-10-09T16:33:48.6200527Z   2024-05-31: 2 problems
2026-10-09T16:33:49.0121628Z   2024-05-30: 2 problems
2026-10-09T16:33:49.4327708Z   2024-05-29: 2 problems
2026-10-09T16:33:49.8521581Z   2024-05-28: 2 problems
2026-10-09T16:33:50.2551082Z   2024-05-27: 2 problems
2026-10-09T16:33:50.6504861Z   2024-05-25: 2 problems
2026-10-09T16:33:51.0901993Z   2024-05-24: 2 problems
2026-10-09T16:33:51.5021786Z   2024-05-23: 2 problems
2026-10-09T16:33:51.8992395Z   2024-05-22: 2 problems
2026-10-09T16:33:52.3072983Z   2024-05-21: 2 problems
2026-10-09T16:33:52.7108392Z   2024-05-20: 2 problems
2026-10-09T16:33:53.1110003Z   2024-05-18: 2 problems
2026-10-09T16:33:53.5104190Z   2024-05-17: 2 problems
2026-10-09T16:33:53.9316836Z   2024-05-16: 2 problems
2026-10-09T16:33:54.3369410Z   2024-05-15: 2 problems
2026-10-09T16:33:54.7309148Z   2024-05-14: 2 problems
2026-10-09T16:33:55.1233328Z   2024-05-13: 2 problems
2026-10-09T16:33:55.5327137Z   2024-05-11: 2 problems
2026-10-09T16:33:55.9516623Z   2024-05-10: 2 problems
2026-10-09T16:33:56.3530163Z   2024-05-09: 2 problems
2026-10-09T16:33:56.7592915Z   2024-05-08: 2 problems
2026-10-09T16:33:57.1522358Z   2024-05-07: 2 problems
2026-10-09T16:33:57.5623024Z   2024-05-06: 2 problems
2026-10-09T16:33:57.9724224Z   2024-05-04: 2 problems
2026-10-09T16:33:58.3701287Z   2024-05-03: 2 problems
2026-10-09T16:33:58.7702246Z   2024-05-02: 2 problems
2026-10-09T16:33:59.1793662Z   2024-05-01: 2 problems
2026-10-09T16:33:59.7682638Z   2024-04-30: 2 problems
2026-10-09T16:34:00.5623449Z   2024-04-29: 2 problems
2026-10-09T16:34:01.3487758Z   2024-04-27: 2 problems
2026-10-09T16:34:02.1515780Z   2024-04-26: 2 problems
2026-10-09T16:34:02.7779271Z   2024-04-25: 2 problems
2026-10-09T16:34:03.1645417Z   2024-04-24: 2 problems
2026-10-09T16:34:03.5939304Z   2024-04-23: 2 problems
2026-10-09T16:34:04.0059658Z   2024-04-22: 2 problems
2026-10-09T16:34:04.4337495Z   2024-04-20: 2 problems
2026-10-09T16:34:04.8337588Z   2024-04-19: 2 problems
2026-10-09T16:34:05.4363016Z   2024-04-18: 2 problems
2026-10-09T16:34:05.8412342Z   2024-04-17: 2 problems
2026-10-09T16:34:06.2594433Z   2024-04-16: 2 problems
2026-10-09T16:34:06.6640106Z   2024-04-15: 2 problems
2026-10-09T16:34:07.0911005Z   2024-04-13: 2 problems
2026-10-09T16:34:07.4817750Z   2024-04-12: 2 problems
2026-10-09T16:34:07.8885079Z   2024-04-11: 2 problems
2026-10-09T16:34:08.2905560Z   2024-04-10: 2 problems
2026-10-09T16:34:08.6869242Z   2024-04-09: 2 problems
2026-10-09T16:34:09.3024508Z   2024-04-08: 2 problems
2026-10-09T16:34:09.8888683Z   2024-04-06: 2 problems
2026-10-09T16:34:10.3009357Z   2024-04-05: 2 problems
2026-10-09T16:34:10.7045028Z   2024-04-04: 2 problems
2026-10-09T16:34:11.1117122Z   2024-04-03: 2 problems
2026-10-09T16:34:11.5440095Z   2024-04-02: 2 problems
2026-10-09T16:34:11.9415209Z   2024-04-01: 2 problems
2026-10-09T16:34:12.3456146Z   2024-03-30: 2 problems
2026-10-09T16:34:12.7366591Z   2024-03-29: 2 problems
2026-10-09T16:34:13.1362959Z   2024-03-28: 2 problems
2026-10-09T16:34:13.7512506Z   2024-03-27: 2 problems
2026-10-09T16:34:14.1421557Z   2024-03-26: 2 problems
2026-10-09T16:34:14.5386020Z   2024-03-25: 2 problems
2026-10-09T16:34:15.1242970Z   2024-03-23: 2 problems
2026-10-09T16:34:15.5221311Z   2024-03-22: 2 problems
2026-10-09T16:34:15.9190666Z   2024-03-21: 2 problems
2026-10-09T16:34:16.3129477Z   2024-03-20: 2 problems
2026-10-09T16:34:16.7218625Z   2024-03-19: 2 problems
2026-10-09T16:34:17.1181185Z   2024-03-18: 2 problems
2026-10-09T16:34:17.5323583Z   2024-03-16: 2 problems
2026-10-09T16:34:17.9396977Z   2024-03-15: 2 problems
2026-10-09T16:34:18.3481635Z   2024-03-14: 2 problems
2026-10-09T16:34:18.7454669Z   2024-03-13: 2 problems
2026-10-09T16:34:19.1498408Z   2024-03-12: 2 problems
2026-10-09T16:34:19.5406251Z   2024-03-11: 2 problems
2026-10-09T16:34:19.9255409Z   2024-03-09: 2 problems
2026-10-09T16:34:20.3238595Z   2024-03-08: 2 problems
2026-10-09T16:34:20.7288311Z   2024-03-07: 2 problems
2026-10-09T16:34:21.1172818Z   2024-03-06: 2 problems
2026-10-09T16:34:21.5148323Z   2024-03-05: 2 problems
2026-10-09T16:34:21.9196728Z   2024-03-04: 2 problems
2026-10-09T16:34:22.3251487Z   2024-03-02: 2 problems
2026-10-09T16:34:22.7210895Z   2024-03-01: 2 problems
2026-10-09T16:34:23.1251098Z   2024-02-29: 2 problems
2026-10-09T16:34:23.5255145Z   2024-02-28: 2 problems
2026-10-09T16:34:23.9239800Z   2024-02-27: 2 problems
2026-10-09T16:34:24.3238731Z   2024-02-26: 2 problems
2026-10-09T16:34:24.3240428Z Building categories...
2026-10-09T16:34:28.0706016Z Wrote /home/runner/work/ys_problem_web/ys_problem_web/data/daily.json (819 days, 21 categories).
2026-10-09T16:34:28.0706693Z Syncing leaderboard (records.js from gh-pages)...
2026-10-09T16:34:28.2244848Z   ✓ 362 players, data through 2026-10-08 (unchanged)
2026-10-09T16:34:28.2245439Z LEADERBOARD-SYNC {"changed":false,"players":362,"currentDate":"2026-10-08"}
2026-10-09T16:34:28.2414439Z ##[group]Run if [ -n "eac18894a392bafaad2b6b3bcb6843cc20415557" ]; then
2026-10-09T16:34:28.2414869Z [36;1mif [ -n "eac18894a392bafaad2b6b3bcb6843cc20415557" ]; then[0m
2026-10-09T16:34:28.2415258Z [36;1m  echo "eac18894a392bafaad2b6b3bcb6843cc20415557" > data/.upstream-sha[0m
2026-10-09T16:34:28.2415574Z [36;1mfi[0m
2026-10-09T16:34:28.2415792Z [36;1mif [ -n "135665ff96789f39b526b067d6a515a9ce27655f" ]; then[0m
2026-10-09T16:34:28.2416182Z [36;1m  echo "135665ff96789f39b526b067d6a515a9ce27655f" > data/.leaderboard-sha[0m
2026-10-09T16:34:28.2416516Z [36;1mfi[0m
2026-10-09T16:34:28.2472110Z shell: /usr/bin/bash -e {0}
2026-10-09T16:34:28.2472326Z ##[endgroup]
2026-10-09T16:34:28.2565990Z ##[group]Run node scripts/push-data-branches.mjs --problems --misc --prune
2026-10-09T16:34:28.2566427Z [36;1mnode scripts/push-data-branches.mjs --problems --misc --prune[0m
2026-10-09T16:34:28.2566762Z [36;1mnode scripts/publish-deploy.mjs[0m
2026-10-09T16:34:28.2613348Z shell: /usr/bin/bash -e {0}
2026-10-09T16:34:28.2613565Z ##[endgroup]
2026-10-09T16:34:30.6648619Z data/problems: pushed f4fcd8c2790f
2026-10-09T16:34:32.6473570Z data/misc-2026-10-09: pushed e491bc014041
2026-10-09T16:34:32.9996778Z prune: no data/misc-* branch older than 60 days
2026-10-09T16:34:37.2497878Z deploy: force-pushed orphan 6edfaffe5299 (tree 909025b2cd31), replaced 39d3facd4277
2026-10-09T16:34:37.2639990Z Post job cleanup.
2026-10-09T16:34:37.3336913Z [command]/usr/bin/git version
2026-10-09T16:34:37.3372347Z git version 2.55.0
2026-10-09T16:34:37.3400090Z Temporarily overriding HOME='/home/runner/work/_temp/f44761d2-0b09-4ef8-a230-8fee0e326239' before making global git config changes
2026-10-09T16:34:37.3401301Z Adding repository directory to the temporary git global config as a safe directory
2026-10-09T16:34:37.3403835Z [command]/usr/bin/git config --global --add safe.directory /home/runner/work/ys_problem_web/ys_problem_web
2026-10-09T16:34:37.3436842Z [command]/usr/bin/git config --local --name-only --get-regexp core\.sshCommand
2026-10-09T16:34:37.3465226Z [command]/usr/bin/git submodule foreach --recursive sh -c "git config --local --name-only --get-regexp 'core\.sshCommand' && git config --local --unset-all 'core.sshCommand' || :"
2026-10-09T16:34:37.3668420Z [command]/usr/bin/git config --local --name-only --get-regexp http\.https\:\/\/github\.com\/\.extraheader
2026-10-09T16:34:37.3692305Z http.https://github.com/.extraheader
2026-10-09T16:34:37.3700888Z [command]/usr/bin/git config --local --unset-all http.https://github.com/.extraheader
2026-10-09T16:34:37.3734982Z [command]/usr/bin/git submodule foreach --recursive sh -c "git config --local --name-only --get-regexp 'http\.https\:\/\/github\.com\/\.extraheader' && git config --local --unset-all 'http.https://github.com/.extraheader' || :"
2026-10-09T16:34:37.3948058Z [command]/usr/bin/git config --local --name-only --get-regexp ^includeIf\.gitdir:
2026-10-09T16:34:37.3977893Z [command]/usr/bin/git submodule foreach --recursive git config --local --show-origin --name-only --get-regexp remote.origin.url
2026-10-09T16:34:37.4324350Z Evaluate and set job outputs
2026-10-09T16:34:37.4329886Z Set output 'changed'
2026-10-09T16:34:37.4331473Z Set output 'lb_changed'
2026-10-09T16:34:37.4332337Z Cleaning up orphan processes
2026-10-09T16:34:37.4554478Z ##[warning]Node.js 20 is deprecated. The following actions target Node.js 20 but are being forced to run on Node.js 24: actions/checkout@v4. For more information see: https://github.blog/changelog/2025-09-19-deprecation-of-node-20-on-github-actions-runners/

