<!--YSLOG {"runId":37637319289,"event":"schedule","startedAt":"2026-10-07T14:30:54Z","savedAt":"2026-10-07T14:57:38.467Z","url":"https://github.com/Sam5440/ys_problem_web/actions/runs/37637319289","jobName":"update"}-->
2026-10-07T14:30:55.0066123Z Current runner version: '2.337.0'
2026-10-07T14:30:55.0080333Z ##[group]Runner Image Provisioner
2026-10-07T14:30:55.0080826Z Hosted Compute Agent
2026-10-07T14:30:55.0081262Z Version: 20260901.588
2026-10-07T14:30:55.0081667Z Commit: f88ec8081b781fac6c440065ac7ff9e710ce3d0b
2026-10-07T14:30:55.0082255Z Build Date: 2026-09-01T19:56:44Z
2026-10-07T14:30:55.0082658Z Worker ID: {127c7a63-c9b9-40e9-9e8d-5aa9fdee6064}
2026-10-07T14:30:55.0083116Z Azure Region: centralus
2026-10-07T14:30:55.0083472Z ##[endgroup]
2026-10-07T14:30:55.0084297Z ##[group]Operating System
2026-10-07T14:30:55.0084897Z Ubuntu
2026-10-07T14:30:55.0085237Z 24.04.5
2026-10-07T14:30:55.0085564Z LTS
2026-10-07T14:30:55.0085902Z ##[endgroup]
2026-10-07T14:30:55.0086274Z ##[group]Runner Image
2026-10-07T14:30:55.0086701Z Image: ubuntu-24.04
2026-10-07T14:30:55.0087039Z Version: 20260927.320.1
2026-10-07T14:30:55.0087810Z Included Software: https://github.com/actions/runner-images/blob/ubuntu24/20260927.320/images/ubuntu/Ubuntu2404-Readme.md
2026-10-07T14:30:55.0088668Z Image Release: https://github.com/actions/runner-images/releases/tag/ubuntu24%2F20260927.320
2026-10-07T14:30:55.0089256Z ##[endgroup]
2026-10-07T14:30:55.0089946Z ##[group]GITHUB_TOKEN Permissions
2026-10-07T14:30:55.0091261Z Actions: write
2026-10-07T14:30:55.0091605Z Contents: write
2026-10-07T14:30:55.0092105Z Metadata: read
2026-10-07T14:30:55.0092433Z ##[endgroup]
2026-10-07T14:30:55.0093658Z Secret source: Actions
2026-10-07T14:30:55.0094209Z Cache mode: write
2026-10-07T14:30:55.0094680Z Prepare workflow directory
2026-10-07T14:30:55.0277148Z Prepare all required actions
2026-10-07T14:30:55.0313899Z Getting action download info
2026-10-07T14:30:55.2713114Z Download action repository 'actions/checkout@v4' (SHA:11d5960a326750d5838078e36cf38b85af677262)
2026-10-07T14:30:55.3931277Z Complete job name: update
2026-10-07T14:30:55.4386033Z ##[group]Run actions/checkout@v4
2026-10-07T14:30:55.4386417Z with:
2026-10-07T14:30:55.4386650Z   repository: Sam5440/ys_problem_web
2026-10-07T14:30:55.4388739Z   token: ***
2026-10-07T14:30:55.4388963Z   ssh-strict: true
2026-10-07T14:30:55.4389193Z   ssh-user: git
2026-10-07T14:30:55.4389433Z   persist-credentials: true
2026-10-07T14:30:55.4389686Z   clean: true
2026-10-07T14:30:55.4389925Z   sparse-checkout-cone-mode: true
2026-10-07T14:30:55.4390200Z   fetch-depth: 1
2026-10-07T14:30:55.4390430Z   fetch-tags: false
2026-10-07T14:30:55.4390666Z   show-progress: true
2026-10-07T14:30:55.4390902Z   lfs: false
2026-10-07T14:30:55.4391121Z   submodules: false
2026-10-07T14:30:55.4391363Z   set-safe-directory: true
2026-10-07T14:30:55.4391631Z   allow-unsafe-pr-checkout: false
2026-10-07T14:30:55.4392089Z ##[endgroup]
2026-10-07T14:30:55.5019043Z Syncing repository: Sam5440/ys_problem_web
2026-10-07T14:30:55.5020525Z ##[group]Getting Git version info
2026-10-07T14:30:55.5021244Z Working directory is '/home/runner/work/ys_problem_web/ys_problem_web'
2026-10-07T14:30:55.5022324Z [command]/usr/bin/git version
2026-10-07T14:30:55.5089557Z git version 2.55.0
2026-10-07T14:30:55.5104966Z ##[endgroup]
2026-10-07T14:30:55.5119615Z Temporarily overriding HOME='/home/runner/work/_temp/0a4bb3b4-4840-4a0f-a804-97734c5bfa8c' before making global git config changes
2026-10-07T14:30:55.5120784Z Adding repository directory to the temporary git global config as a safe directory
2026-10-07T14:30:55.5123420Z [command]/usr/bin/git config --global --add safe.directory /home/runner/work/ys_problem_web/ys_problem_web
2026-10-07T14:30:55.5166581Z Deleting the contents of '/home/runner/work/ys_problem_web/ys_problem_web'
2026-10-07T14:30:55.5169953Z ##[group]Initializing the repository
2026-10-07T14:30:55.5172706Z [command]/usr/bin/git init /home/runner/work/ys_problem_web/ys_problem_web
2026-10-07T14:30:55.5257726Z hint: Using 'master' as the name for the initial branch. This default branch name
2026-10-07T14:30:55.5258579Z hint: will change to "main" in Git 3.0. To configure the initial branch name
2026-10-07T14:30:55.5259410Z hint: to use in all of your new repositories, which will suppress this warning,
2026-10-07T14:30:55.5260284Z hint: call:
2026-10-07T14:30:55.5260655Z hint:
2026-10-07T14:30:55.5261109Z hint: 	git config --global init.defaultBranch <name>
2026-10-07T14:30:55.5261676Z hint:
2026-10-07T14:30:55.5262315Z hint: Names commonly chosen instead of 'master' are 'main', 'trunk' and
2026-10-07T14:30:55.5263123Z hint: 'development'. The just-created branch can be renamed via this command:
2026-10-07T14:30:55.5263791Z hint:
2026-10-07T14:30:55.5264469Z hint: 	git branch -m <name>
2026-10-07T14:30:55.5264878Z hint:
2026-10-07T14:30:55.5265416Z hint: Disable this message with "git config set advice.defaultBranchName false"
2026-10-07T14:30:55.5266344Z Initialized empty Git repository in /home/runner/work/ys_problem_web/ys_problem_web/.git/
2026-10-07T14:30:55.5276525Z [command]/usr/bin/git remote add origin https://github.com/Sam5440/ys_problem_web
2026-10-07T14:30:55.5314642Z ##[endgroup]
2026-10-07T14:30:55.5315067Z ##[group]Disabling automatic garbage collection
2026-10-07T14:30:55.5318307Z [command]/usr/bin/git config --local gc.auto 0
2026-10-07T14:30:55.5348247Z ##[endgroup]
2026-10-07T14:30:55.5348642Z ##[group]Setting up auth
2026-10-07T14:30:55.5353613Z [command]/usr/bin/git config --local --name-only --get-regexp core\.sshCommand
2026-10-07T14:30:55.5379937Z [command]/usr/bin/git submodule foreach --recursive sh -c "git config --local --name-only --get-regexp 'core\.sshCommand' && git config --local --unset-all 'core.sshCommand' || :"
2026-10-07T14:30:55.5753998Z [command]/usr/bin/git config --local --name-only --get-regexp http\.https\:\/\/github\.com\/\.extraheader
2026-10-07T14:30:55.5780727Z [command]/usr/bin/git submodule foreach --recursive sh -c "git config --local --name-only --get-regexp 'http\.https\:\/\/github\.com\/\.extraheader' && git config --local --unset-all 'http.https://github.com/.extraheader' || :"
2026-10-07T14:30:55.5943495Z [command]/usr/bin/git config --local --name-only --get-regexp ^includeIf\.gitdir:
2026-10-07T14:30:55.5969153Z [command]/usr/bin/git submodule foreach --recursive git config --local --show-origin --name-only --get-regexp remote.origin.url
2026-10-07T14:30:55.6129670Z [command]/usr/bin/git config --local http.https://github.com/.extraheader AUTHORIZATION: basic ***
2026-10-07T14:30:55.6160056Z ##[endgroup]
2026-10-07T14:30:55.6160557Z ##[group]Fetching the repository
2026-10-07T14:30:55.6165688Z [command]/usr/bin/git -c protocol.version=2 fetch --no-tags --prune --no-recurse-submodules --depth=1 origin +d197b95f2468be66834d62a98e49b4966ac404c8:refs/remotes/origin/main
2026-10-07T14:30:56.1713163Z From https://github.com/Sam5440/ys_problem_web
2026-10-07T14:30:56.1713960Z  * [new ref]         d197b95f2468be66834d62a98e49b4966ac404c8 -> origin/main
2026-10-07T14:30:56.1717725Z ##[endgroup]
2026-10-07T14:30:56.1718452Z ##[group]Determining the checkout info
2026-10-07T14:30:56.1720067Z ##[endgroup]
2026-10-07T14:30:56.1724637Z [command]/usr/bin/git sparse-checkout disable
2026-10-07T14:30:56.1879571Z [command]/usr/bin/git config --local --unset-all extensions.worktreeConfig
2026-10-07T14:30:56.2072554Z ##[group]Checking out the ref
2026-10-07T14:30:56.2075610Z [command]/usr/bin/git checkout --progress --force -B main refs/remotes/origin/main
2026-10-07T14:30:56.2177786Z Switched to a new branch 'main'
2026-10-07T14:30:56.2182990Z branch 'main' set up to track 'origin/main'.
2026-10-07T14:30:56.2186702Z ##[endgroup]
2026-10-07T14:30:56.2216907Z [command]/usr/bin/git log -1 --format=%H
2026-10-07T14:30:56.2236933Z d197b95f2468be66834d62a98e49b4966ac404c8
2026-10-07T14:30:56.2484570Z ##[group]Run node scripts/restore-data.mjs --misc
2026-10-07T14:30:56.2485039Z [36;1mnode scripts/restore-data.mjs --misc[0m
2026-10-07T14:30:56.2692869Z shell: /usr/bin/bash -e {0}
2026-10-07T14:30:56.2693191Z ##[endgroup]
2026-10-07T14:30:57.5325703Z misc: restored data/leaderboard.json, data/.upstream-sha, data/.leaderboard-sha, data/.history-backfill-failed.json, public/ci-logs from data/misc-2026-10-06
2026-10-07T14:30:57.5461738Z ##[group]Run CHANGED=false
2026-10-07T14:30:57.5462398Z [36;1mCHANGED=false[0m
2026-10-07T14:30:57.5462632Z [36;1mLB_CHANGED=false[0m
2026-10-07T14:30:57.5463181Z [36;1mif UPSTREAM_SHA=$(git ls-remote https://github.com/Yawn-Sean/Daily_CF_Problems.git HEAD | cut -f1) && [ -n "$UPSTREAM_SHA" ]; then[0m
2026-10-07T14:30:57.5463796Z [36;1m  LAST_SHA=$(cat data/.upstream-sha 2>/dev/null || true)[0m
2026-10-07T14:30:57.5464164Z [36;1m  [ "$UPSTREAM_SHA" != "$LAST_SHA" ] && CHANGED=true[0m
2026-10-07T14:30:57.5464519Z [36;1melse[0m
2026-10-07T14:30:57.5464821Z [36;1m  # check itself failed — fall through to a full run (safe fallback)[0m
2026-10-07T14:30:57.5516371Z [36;1m  CHANGED=true[0m
2026-10-07T14:30:57.5516553Z [36;1mfi[0m
2026-10-07T14:30:57.5516808Z [36;1m# empty output = gh-pages missing → nothing to sync; a failure here[0m
2026-10-07T14:30:57.5517145Z [36;1m# is covered by the main-branch fallback above (same network)[0m
2026-10-07T14:30:57.5517615Z [36;1mLB_SHA=$(git ls-remote https://github.com/Yawn-Sean/Daily_CF_Problems.git gh-pages | cut -f1 || true)[0m
2026-10-07T14:30:57.5517981Z [36;1mif [ -n "$LB_SHA" ]; then[0m
2026-10-07T14:30:57.5518224Z [36;1m  LAST_LB_SHA=$(cat data/.leaderboard-sha 2>/dev/null || true)[0m
2026-10-07T14:30:57.5518467Z [36;1m  [ "$LB_SHA" != "$LAST_LB_SHA" ] && LB_CHANGED=true[0m
2026-10-07T14:30:57.5518661Z [36;1mfi[0m
2026-10-07T14:30:57.5518823Z [36;1mecho "changed=$CHANGED" >> "$GITHUB_OUTPUT"[0m
2026-10-07T14:30:57.5519043Z [36;1mecho "lb_changed=$LB_CHANGED" >> "$GITHUB_OUTPUT"[0m
2026-10-07T14:30:57.5519263Z [36;1mecho "sha=$UPSTREAM_SHA" >> "$GITHUB_OUTPUT"[0m
2026-10-07T14:30:57.5519472Z [36;1mecho "lb_sha=$LB_SHA" >> "$GITHUB_OUTPUT"[0m
2026-10-07T14:30:57.5581263Z shell: /usr/bin/bash -e {0}
2026-10-07T14:30:57.5581536Z ##[endgroup]
2026-10-07T14:30:59.0829973Z ##[group]Run node scripts/restore-data.mjs --statements --daily
2026-10-07T14:30:59.0830236Z [36;1mnode scripts/restore-data.mjs --statements --daily[0m
2026-10-07T14:30:59.0880345Z shell: /usr/bin/bash -e {0}
2026-10-07T14:30:59.0880504Z ##[endgroup]
2026-10-07T14:31:00.4349483Z statements: restored data/statements from data/problems
2026-10-07T14:31:01.7883321Z daily: restored data/daily.json from deploy
2026-10-07T14:31:01.7943240Z ##[group]Run npm ci
2026-10-07T14:31:01.7943394Z [36;1mnpm ci[0m
2026-10-07T14:31:01.7995070Z shell: /usr/bin/bash -e {0}
2026-10-07T14:31:01.7995217Z ##[endgroup]
2026-10-07T14:31:06.5909999Z 
2026-10-07T14:31:06.5910591Z added 66 packages, and audited 67 packages in 5s
2026-10-07T14:31:06.5910852Z 
2026-10-07T14:31:06.5910955Z 14 packages are looking for funding
2026-10-07T14:31:06.5911210Z   run `npm fund` for details
2026-10-07T14:31:06.6086486Z 
2026-10-07T14:31:06.6087023Z 3 vulnerabilities (1 low, 1 moderate, 1 high)
2026-10-07T14:31:06.6087294Z 
2026-10-07T14:31:06.6087447Z To address all issues (including breaking changes), run:
2026-10-07T14:31:06.6087756Z   npm audit fix --force
2026-10-07T14:31:06.6087891Z 
2026-10-07T14:31:06.6087985Z Run `npm audit` for details.
2026-10-07T14:31:06.6567002Z ##[group]Run npx playwright install --with-deps chromium
2026-10-07T14:31:06.6567252Z [36;1mnpx playwright install --with-deps chromium[0m
2026-10-07T14:31:06.6620765Z shell: /usr/bin/bash -e {0}
2026-10-07T14:31:06.6620914Z ##[endgroup]
2026-10-07T14:31:07.0783615Z Installing dependencies...
2026-10-07T14:31:07.0826415Z Switching to root user to install dependencies...
2026-10-07T14:31:07.1433390Z Get:1 file:/etc/apt/apt-mirrors.txt Mirrorlist [144 B]
2026-10-07T14:31:07.1826933Z Hit:2 http://azure.archive.ubuntu.com/ubuntu noble InRelease
2026-10-07T14:31:07.1845419Z Get:3 http://azure.archive.ubuntu.com/ubuntu noble-updates InRelease [126 kB]
2026-10-07T14:31:07.1892697Z Get:4 http://azure.archive.ubuntu.com/ubuntu noble-backports InRelease [126 kB]
2026-10-07T14:31:07.1921984Z Get:6 https://packages.microsoft.com/ubuntu/24.04/prod noble InRelease [3600 B]
2026-10-07T14:31:07.1942682Z Get:5 http://azure.archive.ubuntu.com/ubuntu noble-security InRelease [126 kB]
2026-10-07T14:31:07.2753062Z Get:7 http://azure.archive.ubuntu.com/ubuntu noble-updates/main amd64 Packages [1375 kB]
2026-10-07T14:31:07.2873027Z Get:8 http://azure.archive.ubuntu.com/ubuntu noble-updates/main Translation-en [306 kB]
2026-10-07T14:31:07.2883665Z Get:9 http://azure.archive.ubuntu.com/ubuntu noble-updates/main amd64 Components [181 kB]
2026-10-07T14:31:07.2896543Z Get:10 http://azure.archive.ubuntu.com/ubuntu noble-updates/universe amd64 Packages [1702 kB]
2026-10-07T14:31:07.2954329Z Get:11 http://azure.archive.ubuntu.com/ubuntu noble-updates/universe Translation-en [341 kB]
2026-10-07T14:31:07.2974964Z Get:12 http://azure.archive.ubuntu.com/ubuntu noble-updates/universe amd64 Components [388 kB]
2026-10-07T14:31:07.3005989Z Get:13 http://azure.archive.ubuntu.com/ubuntu noble-updates/restricted amd64 Packages [1730 kB]
2026-10-07T14:31:07.3063177Z Get:14 http://azure.archive.ubuntu.com/ubuntu noble-updates/restricted Translation-en [396 kB]
2026-10-07T14:31:07.3086954Z Get:15 http://azure.archive.ubuntu.com/ubuntu noble-updates/multiverse Translation-en [13.3 kB]
2026-10-07T14:31:07.3113605Z Get:16 http://azure.archive.ubuntu.com/ubuntu noble-updates/multiverse amd64 Components [940 B]
2026-10-07T14:31:07.3566219Z Get:19 https://packages.microsoft.com/ubuntu/24.04/prod noble/main arm64 Packages [463 kB]
2026-10-07T14:31:07.3622656Z Get:17 http://azure.archive.ubuntu.com/ubuntu noble-backports/main amd64 Components [5752 B]
2026-10-07T14:31:07.3632756Z Get:18 http://azure.archive.ubuntu.com/ubuntu noble-backports/universe amd64 Components [12.6 kB]
2026-10-07T14:31:07.3663762Z Get:20 https://packages.microsoft.com/ubuntu/24.04/prod noble/main amd64 Packages [519 kB]
2026-10-07T14:31:07.3724958Z Get:21 https://packages.microsoft.com/ubuntu/24.04/prod noble/main armhf Packages [12.6 kB]
2026-10-07T14:31:07.3889124Z Get:22 http://azure.archive.ubuntu.com/ubuntu noble-security/main amd64 Packages [1073 kB]
2026-10-07T14:31:07.3942534Z Get:23 http://azure.archive.ubuntu.com/ubuntu noble-security/main Translation-en [223 kB]
2026-10-07T14:31:07.3952600Z Get:24 http://azure.archive.ubuntu.com/ubuntu noble-security/main amd64 Components [46.4 kB]
2026-10-07T14:31:07.3972795Z Get:25 http://azure.archive.ubuntu.com/ubuntu noble-security/universe amd64 Packages [1218 kB]
2026-10-07T14:31:07.4009693Z Get:26 http://azure.archive.ubuntu.com/ubuntu noble-security/universe Translation-en [245 kB]
2026-10-07T14:31:07.4026333Z Get:27 http://azure.archive.ubuntu.com/ubuntu noble-security/universe amd64 Components [76.3 kB]
2026-10-07T14:31:07.4047650Z Get:28 http://azure.archive.ubuntu.com/ubuntu noble-security/restricted amd64 Packages [1566 kB]
2026-10-07T14:31:07.4098933Z Get:29 http://azure.archive.ubuntu.com/ubuntu noble-security/restricted Translation-en [361 kB]
2026-10-07T14:31:07.4115966Z Get:30 http://azure.archive.ubuntu.com/ubuntu noble-security/multiverse Translation-en [11.6 kB]
2026-10-07T14:31:13.6422831Z Fetched 12.6 MB in 1s (12.9 MB/s)
2026-10-07T14:31:14.1030835Z Reading package lists...
2026-10-07T14:31:14.1219421Z Reading package lists...
2026-10-07T14:31:14.2399548Z Building dependency tree...
2026-10-07T14:31:14.2404383Z Reading state information...
2026-10-07T14:31:14.3380996Z libasound2t64 is already the newest version (1.2.11-1ubuntu0.3).
2026-10-07T14:31:14.3381354Z libasound2t64 set to manually installed.
2026-10-07T14:31:14.3381654Z libatk-bridge2.0-0t64 is already the newest version (2.52.0-1build1).
2026-10-07T14:31:14.3382120Z libatk-bridge2.0-0t64 set to manually installed.
2026-10-07T14:31:14.3382413Z libatk1.0-0t64 is already the newest version (2.52.0-1build1).
2026-10-07T14:31:14.3382692Z libatk1.0-0t64 set to manually installed.
2026-10-07T14:31:14.3382975Z libatspi2.0-0t64 is already the newest version (2.52.0-1build1).
2026-10-07T14:31:14.3383264Z libatspi2.0-0t64 set to manually installed.
2026-10-07T14:31:14.3383535Z libcairo2 is already the newest version (1.18.0-3build1).
2026-10-07T14:31:14.3383797Z libcairo2 set to manually installed.
2026-10-07T14:31:14.3384107Z libcups2t64 is already the newest version (2.4.7-1.2ubuntu7.14).
2026-10-07T14:31:14.3384760Z libcups2t64 set to manually installed.
2026-10-07T14:31:14.3384948Z libdbus-1-3 is already the newest version (1.14.10-4ubuntu4.1).
2026-10-07T14:31:14.3385137Z libdbus-1-3 set to manually installed.
2026-10-07T14:31:14.3385323Z libdrm2 is already the newest version (2.4.125-1ubuntu0.1~24.04.2).
2026-10-07T14:31:14.3385518Z libdrm2 set to manually installed.
2026-10-07T14:31:14.3385698Z libglib2.0-0t64 is already the newest version (2.80.0-6ubuntu3.9).
2026-10-07T14:31:14.3385951Z libglib2.0-0t64 set to manually installed.
2026-10-07T14:31:14.3386191Z libnspr4 is already the newest version (2:4.35-1.1build1).
2026-10-07T14:31:14.3386370Z libnspr4 set to manually installed.
2026-10-07T14:31:14.3386539Z libnss3 is already the newest version (2:3.98-1ubuntu0.2).
2026-10-07T14:31:14.3386716Z libnss3 set to manually installed.
2026-10-07T14:31:14.3386893Z libpango-1.0-0 is already the newest version (1.52.1+ds-1build1).
2026-10-07T14:31:14.3387090Z libpango-1.0-0 set to manually installed.
2026-10-07T14:31:14.3387266Z libx11-6 is already the newest version (2:1.8.7-1build1).
2026-10-07T14:31:14.3387442Z libx11-6 set to manually installed.
2026-10-07T14:31:14.3387606Z libxcb1 is already the newest version (1.15-1ubuntu2).
2026-10-07T14:31:14.3387776Z libxcb1 set to manually installed.
2026-10-07T14:31:14.3387956Z libxcomposite1 is already the newest version (1:0.4.5-1build3).
2026-10-07T14:31:14.3388153Z libxcomposite1 set to manually installed.
2026-10-07T14:31:14.3388337Z libxdamage1 is already the newest version (1:1.1.6-1build1).
2026-10-07T14:31:14.3388518Z libxdamage1 set to manually installed.
2026-10-07T14:31:14.3388963Z libxext6 is already the newest version (2:1.3.4-1build2).
2026-10-07T14:31:14.3389146Z libxext6 set to manually installed.
2026-10-07T14:31:14.3389317Z libxfixes3 is already the newest version (1:6.0.0-2build1).
2026-10-07T14:31:14.3389494Z libxfixes3 set to manually installed.
2026-10-07T14:31:14.3389674Z libxkbcommon0 is already the newest version (1.6.0-1build1).
2026-10-07T14:31:14.3389866Z libxkbcommon0 set to manually installed.
2026-10-07T14:31:14.3390045Z libxrandr2 is already the newest version (2:1.5.2-2build1).
2026-10-07T14:31:14.3390222Z libxrandr2 set to manually installed.
2026-10-07T14:31:14.3390389Z xvfb is already the newest version (2:21.1.12-1ubuntu1.8).
2026-10-07T14:31:14.3390630Z fonts-noto-color-emoji is already the newest version (2.047-0ubuntu0.24.04.1).
2026-10-07T14:31:14.3390884Z libfontconfig1 is already the newest version (2.15.0-1.1ubuntu2).
2026-10-07T14:31:14.3391098Z libfontconfig1 set to manually installed.
2026-10-07T14:31:14.3391281Z fonts-liberation is already the newest version (1:2.1.5-3).
2026-10-07T14:31:14.3391469Z fonts-liberation set to manually installed.
2026-10-07T14:31:14.3391648Z The following additional packages will be installed:
2026-10-07T14:31:14.3391979Z   libgl1-mesa-dri libglx-mesa0 mesa-libgallium xfonts-encodings xfonts-utils
2026-10-07T14:31:14.3392315Z Recommended packages:
2026-10-07T14:31:14.3392456Z   fonts-ipafont-mincho fonts-tlwg-loma
2026-10-07T14:31:14.3527088Z The following NEW packages will be installed:
2026-10-07T14:31:14.3527385Z   fonts-freefont-ttf fonts-ipafont-gothic fonts-tlwg-loma-otf fonts-unifont
2026-10-07T14:31:14.3529441Z   fonts-wqy-zenhei xfonts-cyrillic xfonts-encodings xfonts-scalable
2026-10-07T14:31:14.3529704Z   xfonts-utils
2026-10-07T14:31:14.3531482Z The following packages will be upgraded:
2026-10-07T14:31:14.3534104Z   libfreetype6 libgbm1 libgl1-mesa-dri libglx-mesa0 mesa-libgallium
2026-10-07T14:31:14.3650601Z 5 upgraded, 9 newly installed, 0 to remove and 25 not upgraded.
2026-10-07T14:31:14.3650924Z Need to get 32.5 MB of archives.
2026-10-07T14:31:14.3651121Z After this operation, 79.5 MB of additional disk space will be used.
2026-10-07T14:31:14.3651346Z Get:1 file:/etc/apt/apt-mirrors.txt Mirrorlist [144 B]
2026-10-07T14:31:14.4366406Z Get:2 http://azure.archive.ubuntu.com/ubuntu noble/universe amd64 fonts-ipafont-gothic all 00303-21ubuntu1 [3513 kB]
2026-10-07T14:31:14.5021268Z Get:3 http://azure.archive.ubuntu.com/ubuntu noble/main amd64 fonts-freefont-ttf all 20211204+svn4273-2 [5641 kB]
2026-10-07T14:31:14.6211992Z Get:4 http://azure.archive.ubuntu.com/ubuntu noble/universe amd64 fonts-tlwg-loma-otf all 1:0.7.3-1 [107 kB]
2026-10-07T14:31:14.7354506Z Get:5 http://azure.archive.ubuntu.com/ubuntu noble/universe amd64 fonts-unifont all 1:15.1.01-1build1 [2993 kB]
2026-10-07T14:31:14.9109265Z Get:6 http://azure.archive.ubuntu.com/ubuntu noble/universe amd64 fonts-wqy-zenhei all 0.9.45-8 [7472 kB]
2026-10-07T14:31:15.0153401Z Get:7 http://azure.archive.ubuntu.com/ubuntu noble-updates/main amd64 libfreetype6 amd64 2.13.2+dfsg-1ubuntu0.2 [403 kB]
2026-10-07T14:31:15.0522902Z Get:8 http://azure.archive.ubuntu.com/ubuntu noble-updates/main amd64 libgl1-mesa-dri amd64 25.2.8-0ubuntu0.24.04.4 [38.0 kB]
2026-10-07T14:31:15.0877226Z Get:9 http://azure.archive.ubuntu.com/ubuntu noble-updates/main amd64 libglx-mesa0 amd64 25.2.8-0ubuntu0.24.04.4 [110 kB]
2026-10-07T14:31:15.1232804Z Get:10 http://azure.archive.ubuntu.com/ubuntu noble-updates/main amd64 libgbm1 amd64 25.2.8-0ubuntu0.24.04.4 [34.2 kB]
2026-10-07T14:31:15.1586790Z Get:11 http://azure.archive.ubuntu.com/ubuntu noble-updates/main amd64 mesa-libgallium amd64 25.2.8-0ubuntu0.24.04.4 [10.8 MB]
2026-10-07T14:31:15.3104651Z Get:12 http://azure.archive.ubuntu.com/ubuntu noble/main amd64 xfonts-encodings all 1:1.0.5-0ubuntu2 [578 kB]
2026-10-07T14:31:15.3479941Z Get:13 http://azure.archive.ubuntu.com/ubuntu noble/main amd64 xfonts-utils amd64 1:7.7+6build3 [94.4 kB]
2026-10-07T14:31:15.3835317Z Get:14 http://azure.archive.ubuntu.com/ubuntu noble/universe amd64 xfonts-cyrillic all 1:1.0.5+nmu1 [384 kB]
2026-10-07T14:31:15.4180158Z Get:15 http://azure.archive.ubuntu.com/ubuntu noble/main amd64 xfonts-scalable all 1:1.0.3-1.3 [304 kB]
2026-10-07T14:31:15.5848881Z Fetched 32.5 MB in 1s (30.6 MB/s)
2026-10-07T14:31:15.6011548Z Selecting previously unselected package fonts-ipafont-gothic.
2026-10-07T14:31:15.6253917Z (Reading database ... 
2026-10-07T14:31:15.6254284Z (Reading database ... 5%
2026-10-07T14:31:15.6254728Z (Reading database ... 10%
2026-10-07T14:31:15.6254968Z (Reading database ... 15%
2026-10-07T14:31:15.6255163Z (Reading database ... 20%
2026-10-07T14:31:15.6255361Z (Reading database ... 25%
2026-10-07T14:31:15.6255509Z (Reading database ... 30%
2026-10-07T14:31:15.6255629Z (Reading database ... 35%
2026-10-07T14:31:15.6255749Z (Reading database ... 40%
2026-10-07T14:31:15.6255925Z (Reading database ... 45%
2026-10-07T14:31:15.6256127Z (Reading database ... 50%
2026-10-07T14:31:15.6329238Z (Reading database ... 55%
2026-10-07T14:31:15.6957818Z (Reading database ... 60%
2026-10-07T14:31:15.8422210Z (Reading database ... 65%
2026-10-07T14:31:16.0446588Z (Reading database ... 70%
2026-10-07T14:31:16.3289928Z (Reading database ... 75%
2026-10-07T14:31:16.4006641Z (Reading database ... 80%
2026-10-07T14:31:16.5537950Z (Reading database ... 85%
2026-10-07T14:31:16.6218756Z (Reading database ... 90%
2026-10-07T14:31:16.7066636Z (Reading database ... 95%
2026-10-07T14:31:16.7066863Z (Reading database ... 100%
2026-10-07T14:31:16.7067057Z (Reading database ... 202296 files and directories currently installed.)
2026-10-07T14:31:16.7098049Z Preparing to unpack .../00-fonts-ipafont-gothic_00303-21ubuntu1_all.deb ...
2026-10-07T14:31:16.7276837Z Unpacking fonts-ipafont-gothic (00303-21ubuntu1) ...
2026-10-07T14:31:16.9383724Z Selecting previously unselected package fonts-freefont-ttf.
2026-10-07T14:31:16.9474072Z Preparing to unpack .../01-fonts-freefont-ttf_20211204+svn4273-2_all.deb ...
2026-10-07T14:31:16.9479828Z Unpacking fonts-freefont-ttf (20211204+svn4273-2) ...
2026-10-07T14:31:17.0502263Z Selecting previously unselected package fonts-tlwg-loma-otf.
2026-10-07T14:31:17.0592232Z Preparing to unpack .../02-fonts-tlwg-loma-otf_1%3a0.7.3-1_all.deb ...
2026-10-07T14:31:17.0598763Z Unpacking fonts-tlwg-loma-otf (1:0.7.3-1) ...
2026-10-07T14:31:17.1268742Z Selecting previously unselected package fonts-unifont.
2026-10-07T14:31:17.1356732Z Preparing to unpack .../03-fonts-unifont_1%3a15.1.01-1build1_all.deb ...
2026-10-07T14:31:17.2195213Z Unpacking fonts-unifont (1:15.1.01-1build1) ...
2026-10-07T14:31:19.0650393Z Selecting previously unselected package fonts-wqy-zenhei.
2026-10-07T14:31:19.0741062Z Preparing to unpack .../04-fonts-wqy-zenhei_0.9.45-8_all.deb ...
2026-10-07T14:31:19.1716371Z Unpacking fonts-wqy-zenhei (0.9.45-8) ...
2026-10-07T14:31:19.9928117Z Preparing to unpack .../05-libfreetype6_2.13.2+dfsg-1ubuntu0.2_amd64.deb ...
2026-10-07T14:31:19.9950830Z Unpacking libfreetype6:amd64 (2.13.2+dfsg-1ubuntu0.2) over (2.13.2+dfsg-1ubuntu0.1) ...
2026-10-07T14:31:20.0240598Z Preparing to unpack .../06-libgl1-mesa-dri_25.2.8-0ubuntu0.24.04.4_amd64.deb ...
2026-10-07T14:31:20.0346569Z Unpacking libgl1-mesa-dri:amd64 (25.2.8-0ubuntu0.24.04.4) over (25.2.8-0ubuntu0.24.04.2) ...
2026-10-07T14:31:20.0892680Z Preparing to unpack .../07-libglx-mesa0_25.2.8-0ubuntu0.24.04.4_amd64.deb ...
2026-10-07T14:31:20.0909042Z Unpacking libglx-mesa0:amd64 (25.2.8-0ubuntu0.24.04.4) over (25.2.8-0ubuntu0.24.04.2) ...
2026-10-07T14:31:20.1205902Z Preparing to unpack .../08-libgbm1_25.2.8-0ubuntu0.24.04.4_amd64.deb ...
2026-10-07T14:31:20.1221703Z Unpacking libgbm1:amd64 (25.2.8-0ubuntu0.24.04.4) over (25.2.8-0ubuntu0.24.04.2) ...
2026-10-07T14:31:20.1488157Z Preparing to unpack .../09-mesa-libgallium_25.2.8-0ubuntu0.24.04.4_amd64.deb ...
2026-10-07T14:31:20.1504362Z Unpacking mesa-libgallium:amd64 (25.2.8-0ubuntu0.24.04.4) over (25.2.8-0ubuntu0.24.04.2) ...
2026-10-07T14:31:20.4751203Z Selecting previously unselected package xfonts-encodings.
2026-10-07T14:31:20.4843210Z Preparing to unpack .../10-xfonts-encodings_1%3a1.0.5-0ubuntu2_all.deb ...
2026-10-07T14:31:20.4847691Z Unpacking xfonts-encodings (1:1.0.5-0ubuntu2) ...
2026-10-07T14:31:20.5047214Z Selecting previously unselected package xfonts-utils.
2026-10-07T14:31:20.5135030Z Preparing to unpack .../11-xfonts-utils_1%3a7.7+6build3_amd64.deb ...
2026-10-07T14:31:20.5139942Z Unpacking xfonts-utils (1:7.7+6build3) ...
2026-10-07T14:31:20.5415244Z Selecting previously unselected package xfonts-cyrillic.
2026-10-07T14:31:20.5501836Z Preparing to unpack .../12-xfonts-cyrillic_1%3a1.0.5+nmu1_all.deb ...
2026-10-07T14:31:20.5506923Z Unpacking xfonts-cyrillic (1:1.0.5+nmu1) ...
2026-10-07T14:31:20.5919157Z Selecting previously unselected package xfonts-scalable.
2026-10-07T14:31:20.6005278Z Preparing to unpack .../13-xfonts-scalable_1%3a1.0.3-1.3_all.deb ...
2026-10-07T14:31:20.6010231Z Unpacking xfonts-scalable (1:1.0.3-1.3) ...
2026-10-07T14:31:20.6344596Z Setting up mesa-libgallium:amd64 (25.2.8-0ubuntu0.24.04.4) ...
2026-10-07T14:31:20.6358707Z Setting up libgbm1:amd64 (25.2.8-0ubuntu0.24.04.4) ...
2026-10-07T14:31:20.6372116Z Setting up libgl1-mesa-dri:amd64 (25.2.8-0ubuntu0.24.04.4) ...
2026-10-07T14:31:20.6423686Z Setting up fonts-wqy-zenhei (0.9.45-8) ...
2026-10-07T14:31:20.6504843Z Setting up fonts-freefont-ttf (20211204+svn4273-2) ...
2026-10-07T14:31:20.6517834Z Setting up fonts-tlwg-loma-otf (1:0.7.3-1) ...
2026-10-07T14:31:20.6530427Z Setting up libfreetype6:amd64 (2.13.2+dfsg-1ubuntu0.2) ...
2026-10-07T14:31:20.6543579Z Setting up xfonts-encodings (1:1.0.5-0ubuntu2) ...
2026-10-07T14:31:20.6556210Z Setting up fonts-ipafont-gothic (00303-21ubuntu1) ...
2026-10-07T14:31:20.6601486Z update-alternatives: using /usr/share/fonts/opentype/ipafont-gothic/ipag.ttf to provide /usr/share/fonts/truetype/fonts-japanese-gothic.ttf (fonts-japanese-gothic.ttf) in auto mode
2026-10-07T14:31:20.6612705Z Setting up fonts-unifont (1:15.1.01-1build1) ...
2026-10-07T14:31:20.6626390Z Setting up libglx-mesa0:amd64 (25.2.8-0ubuntu0.24.04.4) ...
2026-10-07T14:31:20.6639575Z Setting up xfonts-utils (1:7.7+6build3) ...
2026-10-07T14:31:20.6668006Z Setting up xfonts-cyrillic (1:1.0.5+nmu1) ...
2026-10-07T14:31:20.6868532Z Setting up xfonts-scalable (1:1.0.3-1.3) ...
2026-10-07T14:31:20.7054524Z Processing triggers for libc-bin (2.39-0ubuntu8.9) ...
2026-10-07T14:31:20.8877493Z Processing triggers for man-db (2.12.0-4build2) ...
2026-10-07T14:31:20.8894391Z Not building database; man-db/auto-update is not 'true'.
2026-10-07T14:31:20.8902176Z Processing triggers for fontconfig (2.15.0-1.1ubuntu2) ...
2026-10-07T14:31:21.3702212Z 
2026-10-07T14:31:21.3702665Z Running kernel seems to be up-to-date.
2026-10-07T14:31:21.3702831Z 
2026-10-07T14:31:21.3702894Z Restarting services...
2026-10-07T14:31:21.3755574Z  systemctl restart php8.3-fpm.service
2026-10-07T14:31:21.4620609Z 
2026-10-07T14:31:21.4622636Z No containers need to be restarted.
2026-10-07T14:31:21.4623015Z 
2026-10-07T14:31:21.4623362Z No user sessions are running outdated binaries.
2026-10-07T14:31:21.4623654Z 
2026-10-07T14:31:21.4623938Z No VM guests are running outdated hypervisor (qemu) binaries on this host.
2026-10-07T14:31:22.0442124Z Downloading Chrome for Testing 153.0.8010.12 (playwright chromium v1243) from https://cdn.playwright.dev/builds/cft/153.0.8010.12/linux64/chrome-linux64.zip
2026-10-07T14:31:22.3324500Z |                                                                                |   0% of 186.8 MiB
2026-10-07T14:31:22.5658411Z |■■■■■■■■                                                                        |  10% of 186.8 MiB
2026-10-07T14:31:22.6092055Z |■■■■■■■■■■■■■■■■                                                                |  20% of 186.8 MiB
2026-10-07T14:31:22.6395580Z |■■■■■■■■■■■■■■■■■■■■■■■■                                                        |  30% of 186.8 MiB
2026-10-07T14:31:22.6688503Z |■■■■■■■■■■■■■■■■■■■■■■■■■■■■■■■■                                                |  40% of 186.8 MiB
2026-10-07T14:31:22.6953672Z |■■■■■■■■■■■■■■■■■■■■■■■■■■■■■■■■■■■■■■■■                                        |  50% of 186.8 MiB
2026-10-07T14:31:22.7291388Z |■■■■■■■■■■■■■■■■■■■■■■■■■■■■■■■■■■■■■■■■■■■■■■■■                                |  60% of 186.8 MiB
2026-10-07T14:31:22.7800220Z |■■■■■■■■■■■■■■■■■■■■■■■■■■■■■■■■■■■■■■■■■■■■■■■■■■■■■■■■                        |  70% of 186.8 MiB
2026-10-07T14:31:22.8036318Z |■■■■■■■■■■■■■■■■■■■■■■■■■■■■■■■■■■■■■■■■■■■■■■■■■■■■■■■■■■■■■■■■                |  80% of 186.8 MiB
2026-10-07T14:31:22.8531456Z |■■■■■■■■■■■■■■■■■■■■■■■■■■■■■■■■■■■■■■■■■■■■■■■■■■■■■■■■■■■■■■■■■■■■■■■■        |  90% of 186.8 MiB
2026-10-07T14:31:22.8925327Z |■■■■■■■■■■■■■■■■■■■■■■■■■■■■■■■■■■■■■■■■■■■■■■■■■■■■■■■■■■■■■■■■■■■■■■■■■■■■■■■■| 100% of 186.8 MiB
2026-10-07T14:31:24.5699621Z Chrome for Testing 153.0.8010.12 (playwright chromium v1243) downloaded to /home/runner/.cache/ms-playwright/chromium-1243
2026-10-07T14:31:24.5701740Z Downloading FFmpeg (playwright ffmpeg v1011) from https://cdn.playwright.dev/dbazure/download/playwright/builds/ffmpeg/1011/ffmpeg-linux.zip
2026-10-07T14:31:24.8322434Z |                                                                                |   0% of 2.3 MiB
2026-10-07T14:31:24.8707289Z |■■■■■■■■                                                                        |  10% of 2.3 MiB
2026-10-07T14:31:24.8854389Z |■■■■■■■■■■■■■■■■                                                                |  20% of 2.3 MiB
2026-10-07T14:31:24.8991279Z |■■■■■■■■■■■■■■■■■■■■■■■■                                                        |  30% of 2.3 MiB
2026-10-07T14:31:24.9102458Z |■■■■■■■■■■■■■■■■■■■■■■■■■■■■■■■■                                                |  40% of 2.3 MiB
2026-10-07T14:31:24.9126981Z |■■■■■■■■■■■■■■■■■■■■■■■■■■■■■■■■■■■■■■■■                                        |  50% of 2.3 MiB
2026-10-07T14:31:24.9238773Z |■■■■■■■■■■■■■■■■■■■■■■■■■■■■■■■■■■■■■■■■■■■■■■■■                                |  60% of 2.3 MiB
2026-10-07T14:31:24.9254073Z |■■■■■■■■■■■■■■■■■■■■■■■■■■■■■■■■■■■■■■■■■■■■■■■■■■■■■■■■                        |  70% of 2.3 MiB
2026-10-07T14:31:24.9271367Z |■■■■■■■■■■■■■■■■■■■■■■■■■■■■■■■■■■■■■■■■■■■■■■■■■■■■■■■■■■■■■■■■                |  80% of 2.3 MiB
2026-10-07T14:31:24.9368684Z |■■■■■■■■■■■■■■■■■■■■■■■■■■■■■■■■■■■■■■■■■■■■■■■■■■■■■■■■■■■■■■■■■■■■■■■■        |  90% of 2.3 MiB
2026-10-07T14:31:24.9382849Z |■■■■■■■■■■■■■■■■■■■■■■■■■■■■■■■■■■■■■■■■■■■■■■■■■■■■■■■■■■■■■■■■■■■■■■■■■■■■■■■■| 100% of 2.3 MiB
2026-10-07T14:31:24.9748399Z FFmpeg (playwright ffmpeg v1011) downloaded to /home/runner/.cache/ms-playwright/ffmpeg-1011
2026-10-07T14:31:24.9750780Z Downloading Chrome Headless Shell 153.0.8010.12 (playwright chromium-headless-shell v1243) from https://cdn.playwright.dev/builds/cft/153.0.8010.12/linux64/chrome-headless-shell-linux64.zip
2026-10-07T14:31:25.2717097Z |                                                                                |   0% of 114.3 MiB
2026-10-07T14:31:25.4183997Z |■■■■■■■■                                                                        |  10% of 114.3 MiB
2026-10-07T14:31:25.4837047Z |■■■■■■■■■■■■■■■■                                                                |  20% of 114.3 MiB
2026-10-07T14:31:25.5518574Z |■■■■■■■■■■■■■■■■■■■■■■■■                                                        |  30% of 114.3 MiB
2026-10-07T14:31:25.6683133Z |■■■■■■■■■■■■■■■■■■■■■■■■■■■■■■■■                                                |  40% of 114.3 MiB
2026-10-07T14:31:25.7482568Z |■■■■■■■■■■■■■■■■■■■■■■■■■■■■■■■■■■■■■■■■                                        |  50% of 114.3 MiB
2026-10-07T14:31:25.8110482Z |■■■■■■■■■■■■■■■■■■■■■■■■■■■■■■■■■■■■■■■■■■■■■■■■                                |  60% of 114.3 MiB
2026-10-07T14:31:25.8625079Z |■■■■■■■■■■■■■■■■■■■■■■■■■■■■■■■■■■■■■■■■■■■■■■■■■■■■■■■■                        |  70% of 114.3 MiB
2026-10-07T14:31:25.9314984Z |■■■■■■■■■■■■■■■■■■■■■■■■■■■■■■■■■■■■■■■■■■■■■■■■■■■■■■■■■■■■■■■■                |  80% of 114.3 MiB
2026-10-07T14:31:25.9885005Z |■■■■■■■■■■■■■■■■■■■■■■■■■■■■■■■■■■■■■■■■■■■■■■■■■■■■■■■■■■■■■■■■■■■■■■■■        |  90% of 114.3 MiB
2026-10-07T14:31:26.0612040Z |■■■■■■■■■■■■■■■■■■■■■■■■■■■■■■■■■■■■■■■■■■■■■■■■■■■■■■■■■■■■■■■■■■■■■■■■■■■■■■■■| 100% of 114.3 MiB
2026-10-07T14:31:27.2453751Z Chrome Headless Shell 153.0.8010.12 (playwright chromium-headless-shell v1243) downloaded to /home/runner/.cache/ms-playwright/chromium_headless_shell-1243
2026-10-07T14:31:27.2652742Z ##[group]Run CF_STATEMENTS=0 TRANSLATE=0 node scripts/update-data.mjs
2026-10-07T14:31:27.2653174Z [36;1mCF_STATEMENTS=0 TRANSLATE=0 node scripts/update-data.mjs[0m
2026-10-07T14:31:27.2704036Z shell: /usr/bin/bash -e {0}
2026-10-07T14:31:27.2704176Z env:
2026-10-07T14:31:27.2705764Z   GITHUB_TOKEN: ***
2026-10-07T14:31:27.2705885Z ##[endgroup]
2026-10-07T14:31:27.3530578Z Discovering daily problem folders...
2026-10-07T14:31:28.3666360Z Found 817 days, syncing the most recent 817.
2026-10-07T14:31:28.9469296Z   2026-10-08: 2 problems
2026-10-07T14:31:29.2810565Z   2026-10-07: 2 problems
2026-10-07T14:31:29.5714957Z   2026-10-06: 2 problems
2026-10-07T14:31:29.8984385Z   2026-10-05: 2 problems
2026-10-07T14:31:30.2104766Z   2026-10-03: 2 problems
2026-10-07T14:31:30.5173158Z   2026-10-02: 2 problems
2026-10-07T14:31:30.8407573Z   2026-10-01: 2 problems
2026-10-07T14:31:31.1408507Z   2026-09-30: 2 problems
2026-10-07T14:31:31.5577779Z   2026-09-29: 2 problems
2026-10-07T14:31:31.9607573Z   2026-09-28: 2 problems
2026-10-07T14:31:32.3442800Z   2026-09-26: 2 problems
2026-10-07T14:31:32.7135193Z   2026-09-25: 2 problems
2026-10-07T14:31:33.0572922Z   2026-09-24: 2 problems
2026-10-07T14:31:33.3764430Z   2026-09-23: 2 problems
2026-10-07T14:31:33.7141273Z   2026-09-22: 2 problems
2026-10-07T14:31:34.0292111Z   2026-09-21: 2 problems
2026-10-07T14:31:34.4046686Z   2026-09-19: 2 problems
2026-10-07T14:31:34.7192565Z   2026-09-18: 2 problems
2026-10-07T14:31:35.1014934Z   2026-09-17: 2 problems
2026-10-07T14:31:35.4448770Z   2026-09-16: 2 problems
2026-10-07T14:31:35.8013053Z   2026-09-15: 2 problems
2026-10-07T14:31:35.9964993Z   2026-09-14: 2 problems
2026-10-07T14:31:36.3015695Z   2026-09-12: 2 problems
2026-10-07T14:31:36.6973227Z   2026-09-11: 2 problems
2026-10-07T14:31:37.0175769Z   2026-09-10: 2 problems
2026-10-07T14:31:37.3402240Z   2026-09-09: 2 problems
2026-10-07T14:31:37.6560462Z   2026-09-08: 2 problems
2026-10-07T14:31:38.0937394Z   2026-09-07: 2 problems
2026-10-07T14:31:38.4191399Z   2026-09-05: 2 problems
2026-10-07T14:31:38.7638314Z   2026-09-04: 2 problems
2026-10-07T14:31:39.0616270Z   2026-09-03: 2 problems
2026-10-07T14:31:39.3283051Z   2026-09-02: 2 problems
2026-10-07T14:31:39.6559923Z   2026-09-01: 2 problems
2026-10-07T14:31:39.9353299Z   2026-08-31: 2 problems
2026-10-07T14:31:40.3069037Z   2026-08-29: 2 problems
2026-10-07T14:31:40.6303716Z   2026-08-28: 2 problems
2026-10-07T14:31:40.9520563Z   2026-08-27: 2 problems
2026-10-07T14:31:41.2839916Z   2026-08-26: 2 problems
2026-10-07T14:31:41.6109948Z   2026-08-25: 2 problems
2026-10-07T14:31:41.9413714Z   2026-08-24: 2 problems
2026-10-07T14:31:42.2244980Z   2026-08-22: 2 problems
2026-10-07T14:31:42.7262245Z   2026-08-21: 2 problems
2026-10-07T14:31:43.0397363Z   2026-08-20: 2 problems
2026-10-07T14:31:43.3528717Z   2026-08-19: 2 problems
2026-10-07T14:31:43.6485708Z   2026-08-18: 2 problems
2026-10-07T14:31:43.9617021Z   2026-08-17: 2 problems
2026-10-07T14:31:44.2640916Z   2026-08-15: 2 problems
2026-10-07T14:31:44.6042343Z   2026-08-14: 2 problems
2026-10-07T14:31:44.9937255Z   2026-08-13: 2 problems
2026-10-07T14:31:45.3887931Z   2026-08-12: 2 problems
2026-10-07T14:31:45.7203635Z   2026-08-11: 2 problems
2026-10-07T14:31:46.0427340Z   2026-08-10: 2 problems
2026-10-07T14:31:46.4127833Z   2026-08-08: 2 problems
2026-10-07T14:31:46.7553843Z   2026-08-07: 2 problems
2026-10-07T14:31:47.0760162Z   2026-08-06: 2 problems
2026-10-07T14:31:47.4082441Z   2026-08-05: 2 problems
2026-10-07T14:31:47.7426848Z   2026-08-04: 2 problems
2026-10-07T14:31:48.0404609Z   2026-08-03: 2 problems
2026-10-07T14:31:48.3209604Z   2026-08-01: 2 problems
2026-10-07T14:31:48.5460065Z   2026-07-31: 2 problems
2026-10-07T14:31:48.9366178Z   2026-07-30: 2 problems
2026-10-07T14:31:49.2270037Z   2026-07-29: 2 problems
2026-10-07T14:31:49.5643463Z   2026-07-28: 2 problems
2026-10-07T14:31:49.8664513Z   2026-07-27: 2 problems
2026-10-07T14:31:50.1893445Z   2026-07-25: 2 problems
2026-10-07T14:31:50.4953210Z   2026-07-24: 2 problems
2026-10-07T14:31:50.8078207Z   2026-07-23: 2 problems
2026-10-07T14:31:51.1304301Z   2026-07-22: 2 problems
2026-10-07T14:31:51.5271668Z   2026-07-21: 2 problems
2026-10-07T14:31:51.9033194Z   2026-07-16: 2 problems
2026-10-07T14:31:52.2216071Z   2026-07-15: 2 problems
2026-10-07T14:31:52.5092545Z   2026-07-14: 2 problems
2026-10-07T14:31:52.8306147Z   2026-07-13: 2 problems
2026-10-07T14:31:53.1316666Z   2026-07-11: 2 problems
2026-10-07T14:31:53.4433422Z   2026-07-10: 2 problems
2026-10-07T14:31:53.7361483Z   2026-07-09: 2 problems
2026-10-07T14:31:54.1987428Z   2026-07-08: 2 problems
2026-10-07T14:31:54.5000802Z   2026-07-07: 2 problems
2026-10-07T14:31:54.8258677Z   2026-07-06: 2 problems
2026-10-07T14:31:55.3361369Z   2026-07-04: 2 problems
2026-10-07T14:31:55.6430850Z   2026-07-03: 2 problems
2026-10-07T14:31:55.9862781Z   2026-07-02: 2 problems
2026-10-07T14:31:56.4230580Z   2026-07-01: 2 problems
2026-10-07T14:31:56.7359858Z   2026-06-30: 2 problems
2026-10-07T14:31:57.0684416Z   2026-06-29: 2 problems
2026-10-07T14:31:57.3662517Z   2026-06-27: 2 problems
2026-10-07T14:31:57.6772528Z   2026-06-26: 2 problems
2026-10-07T14:31:58.0086455Z   2026-06-25: 2 problems
2026-10-07T14:31:58.3169046Z   2026-06-24: 2 problems
2026-10-07T14:31:58.6091058Z   2026-06-23: 2 problems
2026-10-07T14:31:58.9301287Z   2026-06-22: 2 problems
2026-10-07T14:31:59.1491369Z   2026-06-20: 1 problems
2026-10-07T14:31:59.4446993Z   2026-06-19: 2 problems
2026-10-07T14:31:59.7767727Z   2026-06-18: 2 problems
2026-10-07T14:32:00.0939565Z   2026-06-17: 2 problems
2026-10-07T14:32:00.4330859Z   2026-06-16: 2 problems
2026-10-07T14:32:00.7401964Z   2026-06-15: 2 problems
2026-10-07T14:32:01.0585386Z   2026-06-13: 2 problems
2026-10-07T14:32:01.5251835Z   2026-06-12: 2 problems
2026-10-07T14:32:02.0113685Z   2026-06-11: 2 problems
2026-10-07T14:32:02.4249759Z   2026-06-10: 2 problems
2026-10-07T14:32:02.7704747Z   2026-06-09: 2 problems
2026-10-07T14:32:03.2007414Z   2026-06-08: 2 problems
2026-10-07T14:32:03.5624589Z   2026-06-06: 2 problems
2026-10-07T14:32:03.9005378Z   2026-06-05: 2 problems
2026-10-07T14:32:04.2110357Z   2026-06-04: 2 problems
2026-10-07T14:32:04.3153945Z   2026-06-03: 2 problems
2026-10-07T14:32:04.6275319Z   2026-06-02: 2 problems
2026-10-07T14:32:04.9875908Z   2026-06-01: 2 problems
2026-10-07T14:32:05.3906635Z   2026-05-30: 2 problems
2026-10-07T14:32:05.7531597Z   2026-05-29: 2 problems
2026-10-07T14:32:06.0742317Z   2026-05-28: 2 problems
2026-10-07T14:32:06.4199435Z   2026-05-27: 2 problems
2026-10-07T14:32:06.6287568Z   2026-05-26: 2 problems
2026-10-07T14:32:06.9452197Z   2026-05-25: 2 problems
2026-10-07T14:32:07.2696430Z   2026-05-23: 2 problems
2026-10-07T14:32:07.6158883Z   2026-05-22: 2 problems
2026-10-07T14:32:07.9461179Z   2026-05-21: 2 problems
2026-10-07T14:32:08.2748337Z   2026-05-20: 2 problems
2026-10-07T14:32:08.5947462Z   2026-05-19: 2 problems
2026-10-07T14:32:08.9087367Z   2026-05-18: 2 problems
2026-10-07T14:32:09.2763067Z   2026-05-16: 2 problems
2026-10-07T14:32:09.5867201Z   2026-05-15: 2 problems
2026-10-07T14:32:09.9358293Z   2026-05-14: 2 problems
2026-10-07T14:32:10.2322244Z   2026-05-13: 2 problems
2026-10-07T14:32:10.5756887Z   2026-05-12: 2 problems
2026-10-07T14:32:11.0304169Z   2026-05-11: 2 problems
2026-10-07T14:32:11.3460881Z   2026-05-09: 2 problems
2026-10-07T14:32:11.6620386Z   2026-05-08: 2 problems
2026-10-07T14:32:11.9850863Z   2026-05-07: 2 problems
2026-10-07T14:32:12.2960595Z   2026-05-06: 2 problems
2026-10-07T14:32:12.6358028Z   2026-05-05: 2 problems
2026-10-07T14:32:12.9532270Z   2026-05-04: 2 problems
2026-10-07T14:32:13.2702663Z   2026-05-02: 2 problems
2026-10-07T14:32:13.6104571Z   2026-05-01: 2 problems
2026-10-07T14:32:13.9544451Z   2026-04-30: 2 problems
2026-10-07T14:32:14.3837124Z   2026-04-29: 2 problems
2026-10-07T14:32:14.7071300Z   2026-04-28: 2 problems
2026-10-07T14:32:15.0460655Z   2026-04-27: 2 problems
2026-10-07T14:32:15.3501567Z   2026-04-25: 2 problems
2026-10-07T14:32:15.6778069Z   2026-04-24: 2 problems
2026-10-07T14:32:16.0164131Z   2026-04-23: 2 problems
2026-10-07T14:32:16.3427291Z   2026-04-22: 2 problems
2026-10-07T14:32:16.8619677Z   2026-04-21: 2 problems
2026-10-07T14:32:17.1887724Z   2026-04-20: 2 problems
2026-10-07T14:32:17.5031323Z   2026-04-18: 2 problems
2026-10-07T14:32:17.8419796Z   2026-04-17: 2 problems
2026-10-07T14:32:18.1640401Z   2026-04-16: 2 problems
2026-10-07T14:32:18.4942173Z   2026-04-15: 2 problems
2026-10-07T14:32:18.8310892Z   2026-04-14: 2 problems
2026-10-07T14:32:19.1657266Z   2026-04-13: 2 problems
2026-10-07T14:32:19.5989540Z   2026-04-11: 2 problems
2026-10-07T14:32:19.9559144Z   2026-04-10: 2 problems
2026-10-07T14:32:20.2816579Z   2026-04-09: 2 problems
2026-10-07T14:32:20.5046173Z   2026-04-08: 2 problems
2026-10-07T14:32:20.8692808Z   2026-04-07: 2 problems
2026-10-07T14:32:21.1881081Z   2026-04-06: 2 problems
2026-10-07T14:32:21.5027909Z   2026-04-04: 2 problems
2026-10-07T14:32:21.8366007Z   2026-04-03: 2 problems
2026-10-07T14:32:22.1700893Z   2026-04-02: 2 problems
2026-10-07T14:32:22.5019201Z   2026-04-01: 2 problems
2026-10-07T14:32:22.9191696Z   2026-03-31: 2 problems
2026-10-07T14:32:23.2426759Z   2026-03-30: 2 problems
2026-10-07T14:32:23.5656959Z   2026-03-28: 2 problems
2026-10-07T14:32:23.9091708Z   2026-03-27: 2 problems
2026-10-07T14:32:24.2664115Z   2026-03-26: 2 problems
2026-10-07T14:32:24.6425504Z   2026-03-25: 2 problems
2026-10-07T14:32:24.9566564Z   2026-03-24: 2 problems
2026-10-07T14:32:25.2665525Z   2026-03-23: 2 problems
2026-10-07T14:32:25.6516019Z   2026-03-21: 2 problems
2026-10-07T14:32:25.9546665Z   2026-03-20: 2 problems
2026-10-07T14:32:26.4411008Z   2026-03-19: 2 problems
2026-10-07T14:32:26.7407181Z   2026-03-18: 2 problems
2026-10-07T14:32:27.0674223Z   2026-03-17: 2 problems
2026-10-07T14:32:27.3982145Z   2026-03-16: 2 problems
2026-10-07T14:32:27.7394912Z   2026-03-14: 2 problems
2026-10-07T14:32:28.0597881Z   2026-03-13: 2 problems
2026-10-07T14:32:28.3885892Z   2026-03-12: 2 problems
2026-10-07T14:32:28.7211541Z   2026-03-11: 2 problems
2026-10-07T14:32:28.9994486Z   2026-03-10: 2 problems
2026-10-07T14:32:29.3024165Z   2026-03-09: 2 problems
2026-10-07T14:32:29.6189357Z   2026-03-07: 2 problems
2026-10-07T14:32:29.9668722Z   2026-03-06: 2 problems
2026-10-07T14:32:30.2996765Z   2026-03-05: 2 problems
2026-10-07T14:32:30.6247784Z   2026-03-04: 2 problems
2026-10-07T14:32:31.0157906Z   2026-03-03: 2 problems
2026-10-07T14:32:31.4210580Z   2026-03-02: 2 problems
2026-10-07T14:32:31.7979849Z   2026-02-28: 2 problems
2026-10-07T14:32:32.2474791Z   2026-02-27: 2 problems
2026-10-07T14:32:32.7396069Z   2026-02-26: 2 problems
2026-10-07T14:32:33.0618058Z   2026-02-25: 2 problems
2026-10-07T14:32:33.3519257Z   2026-02-24: 2 problems
2026-10-07T14:32:33.6787313Z   2026-02-23: 2 problems
2026-10-07T14:32:34.0106518Z   2026-02-21: 2 problems
2026-10-07T14:32:34.3228595Z   2026-02-20: 2 problems
2026-10-07T14:32:34.6510923Z   2026-02-19: 2 problems
2026-10-07T14:32:34.9626704Z   2026-02-18: 2 problems
2026-10-07T14:32:35.2456043Z   2026-02-17: 2 problems
2026-10-07T14:32:35.5701351Z   2026-02-16: 2 problems
2026-10-07T14:32:35.8943744Z   2026-02-14: 2 problems
2026-10-07T14:32:36.2290263Z   2026-02-13: 2 problems
2026-10-07T14:32:36.5375625Z   2026-02-12: 2 problems
2026-10-07T14:32:36.8503529Z   2026-02-11: 2 problems
2026-10-07T14:32:37.2073338Z   2026-02-10: 2 problems
2026-10-07T14:32:37.5394789Z   2026-02-09: 2 problems
2026-10-07T14:32:37.8738684Z   2026-02-07: 2 problems
2026-10-07T14:32:38.2095552Z   2026-02-06: 2 problems
2026-10-07T14:32:38.5128016Z   2026-02-05: 2 problems
2026-10-07T14:32:38.8139926Z   2026-02-04: 2 problems
2026-10-07T14:32:39.1555567Z   2026-02-03: 2 problems
2026-10-07T14:32:39.4932803Z   2026-02-02: 2 problems
2026-10-07T14:32:39.8362109Z   2026-01-31: 2 problems
2026-10-07T14:32:40.2337279Z   2026-01-30: 2 problems
2026-10-07T14:32:40.5372839Z   2026-01-29: 2 problems
2026-10-07T14:32:40.8265686Z   2026-01-28: 2 problems
2026-10-07T14:32:41.1742643Z   2026-01-27: 2 problems
2026-10-07T14:32:41.5366586Z   2026-01-26: 2 problems
2026-10-07T14:32:41.8510274Z   2026-01-24: 2 problems
2026-10-07T14:32:42.1693058Z   2026-01-23: 2 problems
2026-10-07T14:32:42.3716244Z   2026-01-22: 2 problems
2026-10-07T14:32:42.6602284Z   2026-01-21: 2 problems
2026-10-07T14:32:42.9449262Z   2026-01-20: 2 problems
2026-10-07T14:32:43.2275715Z   2026-01-19: 2 problems
2026-10-07T14:32:43.5711735Z   2026-01-17: 2 problems
2026-10-07T14:32:43.8687398Z   2026-01-16: 2 problems
2026-10-07T14:32:44.2550143Z   2026-01-15: 2 problems
2026-10-07T14:32:44.5512890Z   2026-01-14: 2 problems
2026-10-07T14:32:44.8453441Z   2026-01-13: 2 problems
2026-10-07T14:32:45.1697551Z   2026-01-12: 2 problems
2026-10-07T14:32:45.5431709Z   2026-01-10: 2 problems
2026-10-07T14:32:45.8497113Z   2026-01-09: 2 problems
2026-10-07T14:32:46.2408812Z   2026-01-08: 2 problems
2026-10-07T14:32:46.6210664Z   2026-01-07: 2 problems
2026-10-07T14:32:46.9753469Z   2026-01-06: 2 problems
2026-10-07T14:32:47.2579039Z   2026-01-05: 2 problems
2026-10-07T14:32:47.5790739Z   2026-01-03: 2 problems
2026-10-07T14:32:47.9164331Z   2026-01-02: 2 problems
2026-10-07T14:32:48.2479425Z   2026-01-01: 2 problems
2026-10-07T14:32:48.5344658Z   2025-12-31: 2 problems
2026-10-07T14:32:48.8935262Z   2025-12-30: 2 problems
2026-10-07T14:32:49.1993906Z   2025-12-29: 2 problems
2026-10-07T14:32:49.5019282Z   2025-12-27: 2 problems
2026-10-07T14:32:49.8529460Z   2025-12-26: 2 problems
2026-10-07T14:32:50.1540891Z   2025-12-25: 2 problems
2026-10-07T14:32:50.4729867Z   2025-12-24: 2 problems
2026-10-07T14:32:50.8232658Z   2025-12-23: 2 problems
2026-10-07T14:32:51.1538763Z   2025-12-22: 2 problems
2026-10-07T14:32:51.5434414Z   2025-12-20: 2 problems
2026-10-07T14:32:51.8675057Z   2025-12-19: 2 problems
2026-10-07T14:32:52.1878333Z   2025-12-18: 2 problems
2026-10-07T14:32:52.6030073Z   2025-12-17: 2 problems
2026-10-07T14:32:52.9253089Z   2025-12-16: 2 problems
2026-10-07T14:32:53.1964788Z   2025-12-15: 2 problems
2026-10-07T14:32:53.5730021Z   2025-12-13: 2 problems
2026-10-07T14:32:53.9044346Z   2025-12-12: 2 problems
2026-10-07T14:32:54.2257036Z   2025-12-11: 2 problems
2026-10-07T14:32:54.6675794Z   2025-12-10: 2 problems
2026-10-07T14:32:54.9781511Z   2025-12-09: 2 problems
2026-10-07T14:32:55.1836299Z   2025-12-08: 2 problems
2026-10-07T14:32:55.5906922Z   2025-12-06: 2 problems
2026-10-07T14:32:55.9001430Z   2025-12-05: 2 problems
2026-10-07T14:32:56.2374304Z   2025-12-04: 2 problems
2026-10-07T14:32:56.5156824Z   2025-12-03: 2 problems
2026-10-07T14:32:56.8159195Z   2025-12-02: 2 problems
2026-10-07T14:32:57.1514731Z   2025-12-01: 2 problems
2026-10-07T14:32:57.4436828Z   2025-11-29: 2 problems
2026-10-07T14:32:57.7723432Z   2025-11-28: 2 problems
2026-10-07T14:32:58.0991186Z   2025-11-27: 2 problems
2026-10-07T14:32:58.4013431Z   2025-11-26: 2 problems
2026-10-07T14:32:58.7199245Z   2025-11-25: 2 problems
2026-10-07T14:32:59.0165167Z   2025-11-24: 2 problems
2026-10-07T14:32:59.4097764Z   2025-11-22: 2 problems
2026-10-07T14:32:59.7335268Z   2025-11-21: 2 problems
2026-10-07T14:33:00.0344961Z   2025-11-20: 2 problems
2026-10-07T14:33:00.3790974Z   2025-11-19: 2 problems
2026-10-07T14:33:00.7117409Z   2025-11-18: 2 problems
2026-10-07T14:33:01.0580854Z   2025-11-17: 2 problems
2026-10-07T14:33:01.3348880Z   2025-11-15: 2 problems
2026-10-07T14:33:01.7163384Z   2025-11-14: 2 problems
2026-10-07T14:33:02.0145396Z   2025-11-13: 2 problems
2026-10-07T14:33:02.2742048Z   2025-11-12: 2 problems
2026-10-07T14:33:02.6485827Z   2025-11-11: 2 problems
2026-10-07T14:33:02.9881236Z   2025-11-10: 2 problems
2026-10-07T14:33:03.3013539Z   2025-11-08: 2 problems
2026-10-07T14:33:03.6542725Z   2025-11-07: 2 problems
2026-10-07T14:33:03.9766754Z   2025-11-06: 2 problems
2026-10-07T14:33:04.2609912Z   2025-11-05: 2 problems
2026-10-07T14:33:04.5332874Z   2025-11-04: 2 problems
2026-10-07T14:33:04.8586673Z   2025-11-03: 2 problems
2026-10-07T14:33:05.1666976Z   2025-11-01: 2 problems
2026-10-07T14:33:05.3817540Z   2025-10-31: 2 problems
2026-10-07T14:33:05.7207281Z   2025-10-30: 2 problems
2026-10-07T14:33:06.0486407Z   2025-10-29: 2 problems
2026-10-07T14:33:06.4039031Z   2025-10-28: 2 problems
2026-10-07T14:33:06.7305579Z   2025-10-27: 2 problems
2026-10-07T14:33:07.0309213Z   2025-10-25: 2 problems
2026-10-07T14:33:07.4321609Z   2025-10-24: 2 problems
2026-10-07T14:33:07.7169410Z   2025-10-23: 2 problems
2026-10-07T14:33:08.0388696Z   2025-10-22: 2 problems
2026-10-07T14:33:08.3488860Z   2025-10-21: 2 problems
2026-10-07T14:33:08.6645177Z   2025-10-20: 2 problems
2026-10-07T14:33:09.0192070Z   2025-10-18: 2 problems
2026-10-07T14:33:09.3697331Z   2025-10-17: 2 problems
2026-10-07T14:33:09.6965543Z   2025-10-16: 2 problems
2026-10-07T14:33:10.1050553Z   2025-10-15: 2 problems
2026-10-07T14:33:10.4007809Z   2025-10-14: 2 problems
2026-10-07T14:33:10.7170274Z   2025-10-13: 2 problems
2026-10-07T14:33:11.0563483Z   2025-10-11: 2 problems
2026-10-07T14:33:11.3842782Z   2025-10-10: 2 problems
2026-10-07T14:33:11.8259048Z   2025-10-09: 2 problems
2026-10-07T14:33:12.1152236Z   2025-10-08: 2 problems
2026-10-07T14:33:12.4389920Z   2025-10-07: 2 problems
2026-10-07T14:33:12.7633130Z   2025-10-06: 2 problems
2026-10-07T14:33:13.1174003Z   2025-10-04: 2 problems
2026-10-07T14:33:13.5165777Z   2025-10-03: 2 problems
2026-10-07T14:33:13.8636166Z   2025-10-02: 2 problems
2026-10-07T14:33:14.1799838Z   2025-10-01: 2 problems
2026-10-07T14:33:14.4980970Z   2025-09-30: 2 problems
2026-10-07T14:33:14.7888363Z   2025-09-29: 2 problems
2026-10-07T14:33:15.0832876Z   2025-09-27: 2 problems
2026-10-07T14:33:15.7388194Z   2025-09-26: 2 problems
2026-10-07T14:33:16.1735055Z   2025-09-25: 2 problems
2026-10-07T14:33:16.8545149Z   2025-09-24: 2 problems
2026-10-07T14:33:17.5018159Z   2025-09-23: 2 problems
2026-10-07T14:33:17.8310093Z   2025-09-22: 2 problems
2026-10-07T14:33:18.4543327Z   2025-09-20: 2 problems
2026-10-07T14:33:19.0682071Z   2025-09-19: 2 problems
2026-10-07T14:33:19.9142399Z   2025-09-18: 2 problems
2026-10-07T14:33:20.6694598Z   2025-09-17: 2 problems
2026-10-07T14:33:21.1802583Z   2025-09-16: 2 problems
2026-10-07T14:33:21.5507579Z   2025-09-15: 2 problems
2026-10-07T14:33:22.2223013Z   2025-09-13: 2 problems
2026-10-07T14:33:22.9315080Z   2025-09-12: 2 problems
2026-10-07T14:33:23.3018685Z   2025-09-11: 2 problems
2026-10-07T14:33:23.6757658Z   2025-09-10: 2 problems
2026-10-07T14:33:24.2109321Z   2025-09-09: 2 problems
2026-10-07T14:33:24.7358019Z   2025-09-08: 2 problems
2026-10-07T14:33:25.2268235Z   2025-09-06: 2 problems
2026-10-07T14:33:25.6343255Z   2025-09-05: 2 problems
2026-10-07T14:33:25.9738955Z   2025-09-04: 2 problems
2026-10-07T14:33:26.3220788Z   2025-09-03: 2 problems
2026-10-07T14:33:26.6775657Z   2025-09-02: 2 problems
2026-10-07T14:33:27.0177680Z   2025-09-01: 2 problems
2026-10-07T14:33:27.3487472Z   2025-08-30: 2 problems
2026-10-07T14:33:27.7836071Z   2025-08-29: 2 problems
2026-10-07T14:33:28.1193905Z   2025-08-28: 2 problems
2026-10-07T14:33:28.5781215Z   2025-08-27: 2 problems
2026-10-07T14:33:29.1526913Z   2025-08-26: 2 problems
2026-10-07T14:33:29.6133186Z   2025-08-25: 2 problems
2026-10-07T14:33:29.9575159Z   2025-08-23: 2 problems
2026-10-07T14:33:30.2713467Z   2025-08-22: 2 problems
2026-10-07T14:33:30.6172540Z   2025-08-21: 2 problems
2026-10-07T14:33:30.9545117Z   2025-08-20: 2 problems
2026-10-07T14:33:31.2827481Z   2025-08-19: 2 problems
2026-10-07T14:33:31.8844828Z   2025-08-18: 2 problems
2026-10-07T14:33:32.2153717Z   2025-08-16: 2 problems
2026-10-07T14:33:32.5229040Z   2025-08-15: 2 problems
2026-10-07T14:33:32.9151643Z   2025-08-14: 2 problems
2026-10-07T14:33:33.2704679Z   2025-08-13: 2 problems
2026-10-07T14:33:33.7369704Z   2025-08-12: 2 problems
2026-10-07T14:33:34.3201577Z   2025-08-11: 2 problems
2026-10-07T14:33:34.7174605Z   2025-08-09: 2 problems
2026-10-07T14:33:35.0518110Z   2025-08-08: 2 problems
2026-10-07T14:33:35.3772340Z   2025-08-07: 2 problems
2026-10-07T14:33:35.8506659Z   2025-08-06: 2 problems
2026-10-07T14:33:36.2514059Z   2025-08-05: 2 problems
2026-10-07T14:33:36.6459531Z   2025-08-04: 2 problems
2026-10-07T14:33:37.0133249Z   2025-08-02: 2 problems
2026-10-07T14:33:37.3224250Z   2025-08-01: 2 problems
2026-10-07T14:33:37.8575639Z   2025-07-31: 2 problems
2026-10-07T14:33:38.1958738Z   2025-07-30: 2 problems
2026-10-07T14:33:38.5163975Z   2025-07-29: 2 problems
2026-10-07T14:33:38.8931318Z   2025-07-28: 2 problems
2026-10-07T14:33:39.3099558Z   2025-07-26: 2 problems
2026-10-07T14:33:39.6481782Z   2025-07-25: 2 problems
2026-10-07T14:33:39.9685893Z   2025-07-24: 2 problems
2026-10-07T14:33:40.2650007Z   2025-07-23: 2 problems
2026-10-07T14:33:40.5854438Z   2025-07-22: 2 problems
2026-10-07T14:33:40.8955681Z   2025-07-21: 2 problems
2026-10-07T14:33:41.1982761Z   2025-07-19: 2 problems
2026-10-07T14:33:41.5460124Z   2025-07-18: 2 problems
2026-10-07T14:33:41.8745076Z   2025-07-17: 2 problems
2026-10-07T14:33:42.2138579Z   2025-07-16: 2 problems
2026-10-07T14:33:42.5403556Z   2025-07-15: 2 problems
2026-10-07T14:33:42.9537581Z   2025-07-14: 2 problems
2026-10-07T14:33:43.3215806Z   2025-07-12: 2 problems
2026-10-07T14:33:43.6517845Z   2025-07-11: 2 problems
2026-10-07T14:33:43.9763447Z   2025-07-10: 2 problems
2026-10-07T14:33:44.2740576Z   2025-07-09: 2 problems
2026-10-07T14:33:44.6147196Z   2025-07-08: 2 problems
2026-10-07T14:33:45.0561145Z   2025-07-07: 2 problems
2026-10-07T14:33:45.3441265Z   2025-07-05: 2 problems
2026-10-07T14:33:45.6916664Z   2025-07-04: 2 problems
2026-10-07T14:33:46.0242537Z   2025-07-03: 2 problems
2026-10-07T14:33:46.4255066Z   2025-07-02: 2 problems
2026-10-07T14:33:46.7717940Z   2025-07-01: 2 problems
2026-10-07T14:33:47.1000636Z   2025-06-30: 2 problems
2026-10-07T14:33:47.4382903Z   2025-06-28: 2 problems
2026-10-07T14:33:47.7716708Z   2025-06-27: 2 problems
2026-10-07T14:33:48.0742441Z   2025-06-26: 2 problems
2026-10-07T14:33:48.4067959Z   2025-06-25: 2 problems
2026-10-07T14:33:48.7204976Z   2025-06-24: 2 problems
2026-10-07T14:33:49.0629975Z   2025-06-23: 2 problems
2026-10-07T14:33:49.2693753Z   2025-06-21: 2 problems
2026-10-07T14:33:49.5762804Z   2025-06-20: 2 problems
2026-10-07T14:33:49.8852872Z   2025-06-19: 2 problems
2026-10-07T14:33:50.2225530Z   2025-06-18: 2 problems
2026-10-07T14:33:50.5406156Z   2025-06-17: 2 problems
2026-10-07T14:33:50.8460014Z   2025-06-16: 2 problems
2026-10-07T14:33:51.1513124Z   2025-06-14: 2 problems
2026-10-07T14:33:51.4755807Z   2025-06-13: 2 problems
2026-10-07T14:33:51.8209172Z   2025-06-12: 2 problems
2026-10-07T14:33:52.1152254Z   2025-06-11: 2 problems
2026-10-07T14:33:52.4479775Z   2025-06-10: 2 problems
2026-10-07T14:33:52.8156284Z   2025-06-09: 2 problems
2026-10-07T14:33:53.1858093Z   2025-06-07: 2 problems
2026-10-07T14:33:53.5922362Z   2025-06-06: 2 problems
2026-10-07T14:33:54.0323896Z   2025-06-05: 2 problems
2026-10-07T14:33:54.3521762Z   2025-06-04: 2 problems
2026-10-07T14:33:54.7504132Z   2025-06-03: 2 problems
2026-10-07T14:33:55.0722957Z   2025-06-02: 2 problems
2026-10-07T14:33:55.3883018Z   2025-05-31: 2 problems
2026-10-07T14:33:55.7022325Z   2025-05-30: 2 problems
2026-10-07T14:33:56.0353143Z   2025-05-29: 2 problems
2026-10-07T14:33:56.3497518Z   2025-05-28: 2 problems
2026-10-07T14:33:56.6694175Z   2025-05-27: 2 problems
2026-10-07T14:33:57.0190390Z   2025-05-26: 2 problems
2026-10-07T14:33:57.3634732Z   2025-05-24: 2 problems
2026-10-07T14:33:57.6562218Z   2025-05-23: 2 problems
2026-10-07T14:33:57.9889101Z   2025-05-22: 2 problems
2026-10-07T14:33:58.3537443Z   2025-05-21: 2 problems
2026-10-07T14:33:58.6913449Z   2025-05-20: 2 problems
2026-10-07T14:33:59.0361771Z   2025-05-19: 2 problems
2026-10-07T14:33:59.3330240Z   2025-05-17: 2 problems
2026-10-07T14:33:59.6622858Z   2025-05-16: 2 problems
2026-10-07T14:33:59.9990731Z   2025-05-15: 2 problems
2026-10-07T14:34:00.3448545Z   2025-05-14: 2 problems
2026-10-07T14:34:00.7027945Z   2025-05-13: 2 problems
2026-10-07T14:34:01.0383333Z   2025-05-12: 2 problems
2026-10-07T14:34:01.4473695Z   2025-05-10: 2 problems
2026-10-07T14:34:01.8384897Z   2025-05-09: 2 problems
2026-10-07T14:34:02.2356213Z   2025-05-08: 2 problems
2026-10-07T14:34:02.5809628Z   2025-05-07: 2 problems
2026-10-07T14:34:02.8896386Z   2025-05-06: 2 problems
2026-10-07T14:34:03.2011712Z   2025-05-05: 2 problems
2026-10-07T14:34:03.5892143Z   2025-05-03: 2 problems
2026-10-07T14:34:03.9468474Z   2025-05-02: 2 problems
2026-10-07T14:34:04.2602262Z   2025-05-01: 2 problems
2026-10-07T14:34:04.5913948Z   2025-04-30: 2 problems
2026-10-07T14:34:04.8796913Z   2025-04-29: 2 problems
2026-10-07T14:34:05.1672513Z   2025-04-28: 2 problems
2026-10-07T14:34:05.5567191Z   2025-04-26: 2 problems
2026-10-07T14:34:05.8732600Z   2025-04-25: 2 problems
2026-10-07T14:34:06.2693447Z   2025-04-24: 2 problems
2026-10-07T14:34:06.6145197Z   2025-04-23: 2 problems
2026-10-07T14:34:06.9594127Z   2025-04-22: 2 problems
2026-10-07T14:34:07.2938004Z   2025-04-21: 2 problems
2026-10-07T14:34:07.6125797Z   2025-04-19: 2 problems
2026-10-07T14:34:07.9449504Z   2025-04-18: 2 problems
2026-10-07T14:34:08.2662176Z   2025-04-17: 2 problems
2026-10-07T14:34:08.5568572Z   2025-04-16: 2 problems
2026-10-07T14:34:08.8844130Z   2025-04-15: 2 problems
2026-10-07T14:34:09.2733221Z   2025-04-14: 2 problems
2026-10-07T14:34:09.6381134Z   2025-04-12: 2 problems
2026-10-07T14:34:10.0051694Z   2025-04-11: 2 problems
2026-10-07T14:34:10.3438119Z   2025-04-10: 2 problems
2026-10-07T14:34:10.6710795Z   2025-04-09: 2 problems
2026-10-07T14:34:11.0107546Z   2025-04-08: 2 problems
2026-10-07T14:34:11.3389996Z   2025-04-07: 2 problems
2026-10-07T14:34:11.6741145Z   2025-04-05: 2 problems
2026-10-07T14:34:12.1436678Z   2025-04-04: 2 problems
2026-10-07T14:34:12.4884509Z   2025-04-03: 2 problems
2026-10-07T14:34:12.8253320Z   2025-04-02: 2 problems
2026-10-07T14:34:13.1275745Z   2025-04-01: 2 problems
2026-10-07T14:34:13.4971142Z   2025-03-31: 2 problems
2026-10-07T14:34:13.8306421Z   2025-03-29: 2 problems
2026-10-07T14:34:14.1474287Z   2025-03-28: 2 problems
2026-10-07T14:34:14.4463030Z   2025-03-27: 2 problems
2026-10-07T14:34:14.7205757Z   2025-03-26: 2 problems
2026-10-07T14:34:15.0146246Z   2025-03-25: 2 problems
2026-10-07T14:34:15.3175966Z   2025-03-24: 2 problems
2026-10-07T14:34:15.7123060Z   2025-03-22: 2 problems
2026-10-07T14:34:16.0224371Z   2025-03-21: 2 problems
2026-10-07T14:34:16.3823695Z   2025-03-20: 2 problems
2026-10-07T14:34:16.6601790Z   2025-03-19: 2 problems
2026-10-07T14:34:17.0811463Z   2025-03-18: 2 problems
2026-10-07T14:34:17.3874950Z   2025-03-17: 2 problems
2026-10-07T14:34:17.6550559Z   2025-03-15: 2 problems
2026-10-07T14:34:17.9310605Z   2025-03-14: 2 problems
2026-10-07T14:34:18.2508979Z   2025-03-13: 2 problems
2026-10-07T14:34:18.5667860Z   2025-03-12: 2 problems
2026-10-07T14:34:18.8381211Z   2025-03-11: 2 problems
2026-10-07T14:34:19.1085091Z   2025-03-10: 2 problems
2026-10-07T14:34:19.4353248Z   2025-03-08: 2 problems
2026-10-07T14:34:19.7544844Z   2025-03-07: 2 problems
2026-10-07T14:34:20.0665074Z   2025-03-06: 2 problems
2026-10-07T14:34:20.3858207Z   2025-03-05: 2 problems
2026-10-07T14:34:20.6828264Z   2025-03-04: 2 problems
2026-10-07T14:34:20.9909517Z   2025-03-03: 2 problems
2026-10-07T14:34:21.3366868Z   2025-03-01: 2 problems
2026-10-07T14:34:21.6548929Z   2025-02-28: 2 problems
2026-10-07T14:34:22.0071485Z   2025-02-27: 2 problems
2026-10-07T14:34:22.3414670Z   2025-02-26: 2 problems
2026-10-07T14:34:22.6607313Z   2025-02-25: 2 problems
2026-10-07T14:34:22.9832393Z   2025-02-24: 2 problems
2026-10-07T14:34:23.2877013Z   2025-02-22: 2 problems
2026-10-07T14:34:23.5945146Z   2025-02-21: 2 problems
2026-10-07T14:34:23.9074337Z   2025-02-20: 2 problems
2026-10-07T14:34:24.2287492Z   2025-02-19: 2 problems
2026-10-07T14:34:24.5541354Z   2025-02-18: 2 problems
2026-10-07T14:34:24.8567249Z   2025-02-17: 2 problems
2026-10-07T14:34:25.1862082Z   2025-02-15: 2 problems
2026-10-07T14:34:25.5228347Z   2025-02-14: 2 problems
2026-10-07T14:34:25.8423323Z   2025-02-13: 2 problems
2026-10-07T14:34:26.2151458Z   2025-02-12: 2 problems
2026-10-07T14:34:26.5189499Z   2025-02-11: 2 problems
2026-10-07T14:34:26.8204731Z   2025-02-10: 2 problems
2026-10-07T14:34:27.1300972Z   2025-02-08: 2 problems
2026-10-07T14:34:27.4206200Z   2025-02-07: 2 problems
2026-10-07T14:34:27.6967157Z   2025-02-06: 2 problems
2026-10-07T14:34:28.0009912Z   2025-02-05: 2 problems
2026-10-07T14:34:28.2799389Z   2025-02-04: 2 problems
2026-10-07T14:34:28.5708967Z   2025-02-03: 2 problems
2026-10-07T14:34:28.8823526Z   2025-02-01: 2 problems
2026-10-07T14:34:29.2239624Z   2025-01-31: 2 problems
2026-10-07T14:34:29.5262058Z   2025-01-30: 2 problems
2026-10-07T14:34:29.8460882Z   2025-01-29: 2 problems
2026-10-07T14:34:30.1015045Z   2025-01-28: 2 problems
2026-10-07T14:34:30.4076582Z   2025-01-27: 2 problems
2026-10-07T14:34:30.7055271Z   2025-01-25: 2 problems
2026-10-07T14:34:30.9883590Z   2025-01-24: 2 problems
2026-10-07T14:34:31.3266736Z   2025-01-23: 2 problems
2026-10-07T14:34:31.7039353Z   2025-01-22: 2 problems
2026-10-07T14:34:32.0242202Z   2025-01-21: 2 problems
2026-10-07T14:34:32.4287765Z   2025-01-20: 2 problems
2026-10-07T14:34:32.8568519Z   2025-01-18: 2 problems
2026-10-07T14:34:33.1483451Z   2025-01-17: 2 problems
2026-10-07T14:34:33.5052209Z   2025-01-16: 2 problems
2026-10-07T14:34:33.8114383Z   2025-01-15: 2 problems
2026-10-07T14:34:34.2719188Z   2025-01-14: 2 problems
2026-10-07T14:34:34.5954974Z   2025-01-13: 2 problems
2026-10-07T14:34:34.8942227Z   2025-01-11: 2 problems
2026-10-07T14:34:35.1838616Z   2025-01-10: 2 problems
2026-10-07T14:34:35.5078696Z   2025-01-09: 2 problems
2026-10-07T14:34:35.8272828Z   2025-01-08: 2 problems
2026-10-07T14:34:36.1409427Z   2025-01-07: 2 problems
2026-10-07T14:34:36.4965453Z   2025-01-06: 2 problems
2026-10-07T14:34:36.7925813Z   2025-01-04: 2 problems
2026-10-07T14:34:37.1693071Z   2025-01-03: 2 problems
2026-10-07T14:34:37.4583449Z   2025-01-02: 2 problems
2026-10-07T14:34:37.7688010Z   2025-01-01: 2 problems
2026-10-07T14:34:38.1422858Z   2024-12-31: 2 problems
2026-10-07T14:34:38.4696837Z   2024-12-30: 2 problems
2026-10-07T14:34:38.8062036Z   2024-12-28: 2 problems
2026-10-07T14:34:39.1125487Z   2024-12-27: 2 problems
2026-10-07T14:34:39.4288027Z   2024-12-26: 2 problems
2026-10-07T14:34:39.7249020Z   2024-12-25: 2 problems
2026-10-07T14:34:40.0097416Z   2024-12-24: 2 problems
2026-10-07T14:34:40.3467861Z   2024-12-23: 2 problems
2026-10-07T14:34:40.6616940Z   2024-12-21: 2 problems
2026-10-07T14:34:40.9753387Z   2024-12-20: 2 problems
2026-10-07T14:34:41.3100916Z   2024-12-19: 2 problems
2026-10-07T14:34:41.6852679Z   2024-12-18: 2 problems
2026-10-07T14:34:41.9847062Z   2024-12-17: 2 problems
2026-10-07T14:34:42.3561167Z   2024-12-16: 2 problems
2026-10-07T14:34:42.6755112Z   2024-12-14: 2 problems
2026-10-07T14:34:42.9857929Z   2024-12-13: 2 problems
2026-10-07T14:34:43.2632364Z   2024-12-12: 2 problems
2026-10-07T14:34:43.5812380Z   2024-12-11: 2 problems
2026-10-07T14:34:43.9097749Z   2024-12-10: 2 problems
2026-10-07T14:34:44.2157024Z   2024-12-09: 2 problems
2026-10-07T14:34:44.5273543Z   2024-12-07: 2 problems
2026-10-07T14:34:44.8422363Z   2024-12-06: 2 problems
2026-10-07T14:34:45.1669171Z   2024-12-05: 2 problems
2026-10-07T14:34:45.5264484Z   2024-12-04: 2 problems
2026-10-07T14:34:45.9169773Z   2024-12-03: 2 problems
2026-10-07T14:34:46.2934446Z   2024-12-02: 2 problems
2026-10-07T14:34:46.6703592Z   2024-11-30: 2 problems
2026-10-07T14:34:47.1138982Z   2024-11-29: 2 problems
2026-10-07T14:34:47.4259164Z   2024-11-28: 2 problems
2026-10-07T14:34:47.7450774Z   2024-11-27: 2 problems
2026-10-07T14:34:48.0740433Z   2024-11-26: 2 problems
2026-10-07T14:34:48.3762233Z   2024-11-25: 2 problems
2026-10-07T14:34:48.7966447Z   2024-11-23: 2 problems
2026-10-07T14:34:49.1300844Z   2024-11-22: 2 problems
2026-10-07T14:34:49.3290838Z   2024-11-21: 2 problems
2026-10-07T14:34:49.6117835Z   2024-11-20: 2 problems
2026-10-07T14:34:49.9068242Z   2024-11-19: 2 problems
2026-10-07T14:34:50.2009722Z   2024-11-18: 2 problems
2026-10-07T14:34:50.4950191Z   2024-11-16: 2 problems
2026-10-07T14:34:50.8327299Z   2024-11-15: 2 problems
2026-10-07T14:34:51.1765610Z   2024-11-14: 2 problems
2026-10-07T14:34:51.4719002Z   2024-11-13: 2 problems
2026-10-07T14:34:51.7796991Z   2024-11-12: 2 problems
2026-10-07T14:34:52.1191152Z   2024-11-11: 2 problems
2026-10-07T14:34:52.4377491Z   2024-11-09: 2 problems
2026-10-07T14:34:52.7917320Z   2024-11-08: 2 problems
2026-10-07T14:34:53.0774015Z   2024-11-07: 2 problems
2026-10-07T14:34:53.4537264Z   2024-11-06: 2 problems
2026-10-07T14:34:53.9939317Z   2024-11-05: 2 problems
2026-10-07T14:34:54.3960815Z   2024-11-04: 2 problems
2026-10-07T14:34:54.7075758Z   2024-11-02: 2 problems
2026-10-07T14:34:55.1475117Z   2024-11-01: 2 problems
2026-10-07T14:34:55.4942669Z   2024-10-31: 2 problems
2026-10-07T14:34:55.9093321Z   2024-10-30: 2 problems
2026-10-07T14:34:56.3696121Z   2024-10-29: 2 problems
2026-10-07T14:34:56.7099789Z   2024-10-28: 2 problems
2026-10-07T14:34:57.0430794Z   2024-10-26: 2 problems
2026-10-07T14:34:57.6045280Z   2024-10-25: 2 problems
2026-10-07T14:34:58.2244280Z   2024-10-24: 2 problems
2026-10-07T14:34:58.6566690Z   2024-10-23: 2 problems
2026-10-07T14:34:59.1282257Z   2024-10-22: 2 problems
2026-10-07T14:34:59.5841640Z   2024-10-21: 2 problems
2026-10-07T14:35:00.0990964Z   2024-10-19: 2 problems
2026-10-07T14:35:00.6056191Z   2024-10-18: 2 problems
2026-10-07T14:35:01.1173813Z   2024-10-17: 2 problems
2026-10-07T14:35:01.6416235Z   2024-10-16: 2 problems
2026-10-07T14:35:02.2054077Z   2024-10-15: 2 problems
2026-10-07T14:35:02.9925969Z   2024-10-14: 2 problems
2026-10-07T14:35:04.1510429Z   2024-10-12: 2 problems
2026-10-07T14:35:04.9531162Z   2024-10-11: 2 problems
2026-10-07T14:35:05.7914856Z   2024-10-10: 2 problems
2026-10-07T14:35:06.6886516Z   2024-10-09: 2 problems
2026-10-07T14:35:07.6996928Z   2024-10-08: 2 problems
2026-10-07T14:35:08.7771736Z   2024-10-07: 2 problems
2026-10-07T14:35:09.8767056Z   2024-10-05: 2 problems
2026-10-07T14:35:10.8232217Z   2024-10-04: 2 problems
2026-10-07T14:35:12.1088765Z   2024-10-03: 2 problems
2026-10-07T14:35:12.5878402Z   2024-10-02: 2 problems
2026-10-07T14:35:13.6629948Z   2024-10-01: 2 problems
2026-10-07T14:35:14.6560831Z   2024-09-30: 2 problems
2026-10-07T14:35:15.5082320Z   2024-09-28: 2 problems
2026-10-07T14:35:16.5019753Z   2024-09-27: 2 problems
2026-10-07T14:35:17.1995565Z   2024-09-26: 2 problems
2026-10-07T14:35:17.9649668Z   2024-09-25: 2 problems
2026-10-07T14:35:18.3914755Z   2024-09-24: 2 problems
2026-10-07T14:35:18.8390670Z   2024-09-23: 2 problems
2026-10-07T14:35:19.6227015Z   2024-09-21: 2 problems
2026-10-07T14:35:20.3612997Z   2024-09-20: 2 problems
2026-10-07T14:35:21.3507371Z   2024-09-19: 2 problems
2026-10-07T14:35:22.0535284Z   2024-09-18: 2 problems
2026-10-07T14:35:22.8329498Z   2024-09-17: 2 problems
2026-10-07T14:35:23.5245044Z   2024-09-16: 2 problems
2026-10-07T14:35:24.0917979Z   2024-09-14: 2 problems
2026-10-07T14:35:24.4059289Z   2024-09-13: 2 problems
2026-10-07T14:35:24.8250603Z   2024-09-12: 2 problems
2026-10-07T14:35:25.7055860Z   2024-09-11: 2 problems
2026-10-07T14:35:26.1952520Z   2024-09-10: 2 problems
2026-10-07T14:35:26.5517147Z   2024-09-09: 2 problems
2026-10-07T14:35:27.0600135Z   2024-09-07: 2 problems
2026-10-07T14:35:27.3965460Z   2024-09-06: 2 problems
2026-10-07T14:35:27.7916016Z   2024-09-05: 2 problems
2026-10-07T14:35:28.2389657Z   2024-09-04: 2 problems
2026-10-07T14:35:28.5843967Z   2024-09-03: 2 problems
2026-10-07T14:35:28.9125725Z   2024-09-02: 2 problems
2026-10-07T14:35:29.3240443Z   2024-08-31: 2 problems
2026-10-07T14:35:29.6947422Z   2024-08-30: 2 problems
2026-10-07T14:35:30.0133082Z   2024-08-29: 2 problems
2026-10-07T14:35:30.3354160Z   2024-08-28: 2 problems
2026-10-07T14:35:30.7538759Z   2024-08-27: 2 problems
2026-10-07T14:35:31.0615349Z   2024-08-26: 2 problems
2026-10-07T14:35:31.3746277Z   2024-08-24: 2 problems
2026-10-07T14:35:31.7043139Z   2024-08-23: 2 problems
2026-10-07T14:35:32.0879718Z   2024-08-22: 2 problems
2026-10-07T14:35:32.4226894Z   2024-08-21: 2 problems
2026-10-07T14:35:32.7985895Z   2024-08-20: 2 problems
2026-10-07T14:35:33.0847419Z   2024-08-19: 2 problems
2026-10-07T14:35:33.4648895Z   2024-08-17: 2 problems
2026-10-07T14:35:33.8430074Z   2024-08-16: 2 problems
2026-10-07T14:35:34.1731084Z   2024-08-15: 2 problems
2026-10-07T14:35:34.5762403Z   2024-08-14: 2 problems
2026-10-07T14:35:34.9313633Z   2024-08-13: 2 problems
2026-10-07T14:35:35.2535679Z   2024-08-12: 2 problems
2026-10-07T14:35:35.5816081Z   2024-08-10: 2 problems
2026-10-07T14:35:35.9798480Z   2024-08-09: 2 problems
2026-10-07T14:35:36.2790467Z   2024-08-08: 2 problems
2026-10-07T14:35:36.6575890Z   2024-08-07: 2 problems
2026-10-07T14:35:36.9797200Z   2024-08-06: 2 problems
2026-10-07T14:35:37.3082903Z   2024-08-05: 2 problems
2026-10-07T14:35:37.6392123Z   2024-08-03: 2 problems
2026-10-07T14:35:37.9340051Z   2024-08-02: 2 problems
2026-10-07T14:35:38.2680749Z   2024-08-01: 2 problems
2026-10-07T14:35:38.5665980Z   2024-07-31: 2 problems
2026-10-07T14:35:38.8967362Z   2024-07-30: 2 problems
2026-10-07T14:35:39.2141703Z   2024-07-29: 2 problems
2026-10-07T14:35:39.5483469Z   2024-07-27: 2 problems
2026-10-07T14:35:39.8701177Z   2024-07-26: 2 problems
2026-10-07T14:35:40.1882777Z   2024-07-25: 2 problems
2026-10-07T14:35:40.5247144Z   2024-07-24: 2 problems
2026-10-07T14:35:40.8638017Z   2024-07-23: 2 problems
2026-10-07T14:35:41.1686214Z   2024-07-22: 2 problems
2026-10-07T14:35:41.5119897Z   2024-07-20: 2 problems
2026-10-07T14:35:41.7969590Z   2024-07-19: 2 problems
2026-10-07T14:35:42.1124003Z   2024-07-18: 2 problems
2026-10-07T14:35:42.4346958Z   2024-07-17: 2 problems
2026-10-07T14:35:42.7906056Z   2024-07-16: 2 problems
2026-10-07T14:35:43.1065080Z   2024-07-15: 2 problems
2026-10-07T14:35:43.4230556Z   2024-07-13: 2 problems
2026-10-07T14:35:43.6701514Z   2024-07-12: 2 problems
2026-10-07T14:35:43.9756073Z   2024-07-11: 2 problems
2026-10-07T14:35:44.3222574Z   2024-07-10: 2 problems
2026-10-07T14:35:44.6916813Z   2024-07-09: 2 problems
2026-10-07T14:35:45.0389303Z   2024-07-08: 2 problems
2026-10-07T14:35:45.3470258Z   2024-07-06: 2 problems
2026-10-07T14:35:45.6667627Z   2024-07-05: 2 problems
2026-10-07T14:35:45.9974919Z   2024-07-04: 2 problems
2026-10-07T14:35:46.3013274Z   2024-07-03: 2 problems
2026-10-07T14:35:46.6202590Z   2024-07-02: 2 problems
2026-10-07T14:35:46.9382509Z   2024-07-01: 2 problems
2026-10-07T14:35:47.2765111Z   2024-06-29: 2 problems
2026-10-07T14:35:47.5956351Z   2024-06-28: 2 problems
2026-10-07T14:35:47.9643306Z   2024-06-27: 2 problems
2026-10-07T14:35:48.2550521Z   2024-06-26: 2 problems
2026-10-07T14:35:48.5432512Z   2024-06-25: 2 problems
2026-10-07T14:35:48.8798331Z   2024-06-24: 2 problems
2026-10-07T14:35:49.2331027Z   2024-06-22: 2 problems
2026-10-07T14:35:49.5400018Z   2024-06-21: 2 problems
2026-10-07T14:35:49.8526407Z   2024-06-20: 2 problems
2026-10-07T14:35:50.1282510Z   2024-06-19: 2 problems
2026-10-07T14:35:50.4825170Z   2024-06-18: 2 problems
2026-10-07T14:35:50.9813367Z   2024-06-17: 2 problems
2026-10-07T14:35:51.4140667Z   2024-06-15: 2 problems
2026-10-07T14:35:51.7500248Z   2024-06-14: 2 problems
2026-10-07T14:35:52.0829940Z   2024-06-13: 2 problems
2026-10-07T14:35:52.4788329Z   2024-06-12: 2 problems
2026-10-07T14:35:52.7961730Z   2024-06-11: 2 problems
2026-10-07T14:35:53.1839626Z   2024-06-10: 2 problems
2026-10-07T14:35:53.5219817Z   2024-06-08: 2 problems
2026-10-07T14:35:53.9661296Z   2024-06-07: 2 problems
2026-10-07T14:35:54.3613379Z   2024-06-06: 2 problems
2026-10-07T14:35:54.8287408Z   2024-06-05: 2 problems
2026-10-07T14:35:55.2071570Z   2024-06-04: 2 problems
2026-10-07T14:35:55.5308020Z   2024-06-03: 2 problems
2026-10-07T14:35:55.8568740Z   2024-06-01: 2 problems
2026-10-07T14:35:56.1873468Z   2024-05-31: 2 problems
2026-10-07T14:35:56.5547044Z   2024-05-30: 2 problems
2026-10-07T14:35:56.8565908Z   2024-05-29: 2 problems
2026-10-07T14:35:57.1465002Z   2024-05-28: 2 problems
2026-10-07T14:35:57.4695121Z   2024-05-27: 2 problems
2026-10-07T14:35:57.7919844Z   2024-05-25: 2 problems
2026-10-07T14:35:58.1304966Z   2024-05-24: 2 problems
2026-10-07T14:35:58.4218246Z   2024-05-23: 2 problems
2026-10-07T14:35:58.7159770Z   2024-05-22: 2 problems
2026-10-07T14:35:59.1420360Z   2024-05-21: 2 problems
2026-10-07T14:35:59.4357971Z   2024-05-20: 2 problems
2026-10-07T14:35:59.7546276Z   2024-05-18: 2 problems
2026-10-07T14:36:00.0668494Z   2024-05-17: 2 problems
2026-10-07T14:36:00.3726867Z   2024-05-16: 2 problems
2026-10-07T14:36:00.6836666Z   2024-05-15: 2 problems
2026-10-07T14:36:01.0182240Z   2024-05-14: 2 problems
2026-10-07T14:36:01.3362937Z   2024-05-13: 2 problems
2026-10-07T14:36:01.6418650Z   2024-05-11: 2 problems
2026-10-07T14:36:01.9567054Z   2024-05-10: 2 problems
2026-10-07T14:36:02.2546601Z   2024-05-09: 2 problems
2026-10-07T14:36:02.6539136Z   2024-05-08: 2 problems
2026-10-07T14:36:02.9660506Z   2024-05-07: 2 problems
2026-10-07T14:36:03.2575075Z   2024-05-06: 2 problems
2026-10-07T14:36:03.5613126Z   2024-05-04: 2 problems
2026-10-07T14:36:03.8571160Z   2024-05-03: 2 problems
2026-10-07T14:36:04.2238038Z   2024-05-02: 2 problems
2026-10-07T14:36:04.5401083Z   2024-05-01: 2 problems
2026-10-07T14:36:04.8567247Z   2024-04-30: 2 problems
2026-10-07T14:36:05.2337895Z   2024-04-29: 2 problems
2026-10-07T14:36:05.5449895Z   2024-04-27: 2 problems
2026-10-07T14:36:05.8618548Z   2024-04-26: 2 problems
2026-10-07T14:36:06.1656689Z   2024-04-25: 2 problems
2026-10-07T14:36:06.4804108Z   2024-04-24: 2 problems
2026-10-07T14:36:06.8665106Z   2024-04-23: 2 problems
2026-10-07T14:36:07.1395158Z   2024-04-22: 2 problems
2026-10-07T14:36:07.4618392Z   2024-04-20: 2 problems
2026-10-07T14:36:07.7652198Z   2024-04-19: 2 problems
2026-10-07T14:36:08.0650963Z   2024-04-18: 2 problems
2026-10-07T14:36:08.3737059Z   2024-04-17: 2 problems
2026-10-07T14:36:08.6807646Z   2024-04-16: 2 problems
2026-10-07T14:36:09.0578100Z   2024-04-15: 2 problems
2026-10-07T14:36:09.4645535Z   2024-04-13: 2 problems
2026-10-07T14:36:09.7528541Z   2024-04-12: 2 problems
2026-10-07T14:36:10.0289591Z   2024-04-11: 2 problems
2026-10-07T14:36:10.3402141Z   2024-04-10: 2 problems
2026-10-07T14:36:10.6295404Z   2024-04-09: 2 problems
2026-10-07T14:36:10.9111726Z   2024-04-08: 2 problems
2026-10-07T14:36:11.2554151Z   2024-04-06: 2 problems
2026-10-07T14:36:11.5501491Z   2024-04-05: 2 problems
2026-10-07T14:36:11.8388086Z   2024-04-04: 2 problems
2026-10-07T14:36:12.1333423Z   2024-04-03: 2 problems
2026-10-07T14:36:12.3959814Z   2024-04-02: 2 problems
2026-10-07T14:36:12.7169586Z   2024-04-01: 2 problems
2026-10-07T14:36:13.0208557Z   2024-03-30: 2 problems
2026-10-07T14:36:13.3146191Z   2024-03-29: 2 problems
2026-10-07T14:36:13.6576909Z   2024-03-28: 2 problems
2026-10-07T14:36:13.9752258Z   2024-03-27: 2 problems
2026-10-07T14:36:14.2953898Z   2024-03-26: 2 problems
2026-10-07T14:36:14.5908767Z   2024-03-25: 2 problems
2026-10-07T14:36:14.8961299Z   2024-03-23: 2 problems
2026-10-07T14:36:15.1854744Z   2024-03-22: 2 problems
2026-10-07T14:36:15.5080452Z   2024-03-21: 2 problems
2026-10-07T14:36:15.7911023Z   2024-03-20: 2 problems
2026-10-07T14:36:16.1484282Z   2024-03-19: 2 problems
2026-10-07T14:36:16.4379612Z   2024-03-18: 2 problems
2026-10-07T14:36:16.7272019Z   2024-03-16: 2 problems
2026-10-07T14:36:17.0198422Z   2024-03-15: 2 problems
2026-10-07T14:36:17.3149322Z   2024-03-14: 2 problems
2026-10-07T14:36:17.6017708Z   2024-03-13: 2 problems
2026-10-07T14:36:17.9127091Z   2024-03-12: 2 problems
2026-10-07T14:36:18.2373308Z   2024-03-11: 2 problems
2026-10-07T14:36:18.5468015Z   2024-03-09: 2 problems
2026-10-07T14:36:18.8793230Z   2024-03-08: 2 problems
2026-10-07T14:36:19.1594219Z   2024-03-07: 2 problems
2026-10-07T14:36:19.4524082Z   2024-03-06: 2 problems
2026-10-07T14:36:19.7338679Z   2024-03-05: 2 problems
2026-10-07T14:36:20.0107593Z   2024-03-04: 2 problems
2026-10-07T14:36:20.3209236Z   2024-03-02: 2 problems
2026-10-07T14:36:20.6034206Z   2024-03-01: 2 problems
2026-10-07T14:36:21.0615528Z   2024-02-29: 2 problems
2026-10-07T14:36:21.5366793Z   2024-02-28: 2 problems
2026-10-07T14:36:21.8900787Z   2024-02-27: 2 problems
2026-10-07T14:36:22.1997974Z   2024-02-26: 2 problems
2026-10-07T14:36:22.1999990Z Building categories...
2026-10-07T14:36:25.1513378Z Wrote /home/runner/work/ys_problem_web/ys_problem_web/data/daily.json (817 days, 21 categories).
2026-10-07T14:36:25.1513889Z Syncing leaderboard (records.js from gh-pages)...
2026-10-07T14:36:25.2937549Z   ✓ 361 players, data through 2026-10-06
2026-10-07T14:36:25.2938201Z LEADERBOARD-SYNC {"changed":true,"players":361,"currentDate":"2026-10-06"}
2026-10-07T14:36:25.3070244Z ##[group]Run xvfb-run -a node scripts/fetch-statements.mjs --limit 4 --delay 6000
2026-10-07T14:36:25.3070693Z [36;1mxvfb-run -a node scripts/fetch-statements.mjs --limit 4 --delay 6000[0m
2026-10-07T14:36:25.3120260Z shell: /usr/bin/bash -e {0}
2026-10-07T14:36:25.3120393Z env:
2026-10-07T14:36:25.3120506Z   CF_START_MODE: chrome-headful
2026-10-07T14:36:25.3120640Z ##[endgroup]
2026-10-07T14:36:25.4379834Z Statements on disk: 1603; missing in archive: 28; needs limits: 0; fetching: 4
2026-10-07T14:36:27.8597744Z   [1/4] ✓ GYM102319E — E. Enegue's Enigmatic Lanterns (1 samples)
2026-10-07T14:36:36.3671843Z   [2/4] ✓ GYM102331B — B. Bitwise Xor (4 samples)
2026-10-07T14:36:53.0008998Z   [3/4] ✗ GYM106259I — fetch/parse failed
2026-10-07T14:36:59.8043034Z   2 consecutive failures — cooling down 240s…
2026-10-07T14:41:01.0031977Z   [4/4] ✗ GYM105746C — fetch/parse failed
2026-10-07T14:41:01.0783359Z 
2026-10-07T14:41:01.0783827Z Done: 2 saved, 2 failed.
2026-10-07T14:41:01.0785291Z Failed codes (rerun this script to retry):
2026-10-07T14:41:01.0785478Z   GYM106259I, GYM105746C
2026-10-07T14:41:01.1930191Z ##[group]Run OUT=$(xvfb-run -a node scripts/repair-zsmj.mjs --limit 200 --delay 6000)
2026-10-07T14:41:01.1930517Z [36;1mOUT=$(xvfb-run -a node scripts/repair-zsmj.mjs --limit 200 --delay 6000)[0m
2026-10-07T14:41:01.1930724Z [36;1mecho "$OUT"[0m
2026-10-07T14:41:01.1930921Z [36;1mREPAIRED=$(echo "$OUT" | grep -oE 'Done: [0-9]+ repaired' | grep -oE '[0-9]+' || echo 0)[0m
2026-10-07T14:41:01.1931224Z [36;1mREMAINING=$(grep -l '%%ZSMJ' data/statements/*.json 2>/dev/null | wc -l | tr -d ' ')[0m
2026-10-07T14:41:01.1931470Z [36;1mecho "repaired=$REPAIRED" >> "$GITHUB_OUTPUT"[0m
2026-10-07T14:41:01.1931658Z [36;1mecho "remaining=$REMAINING" >> "$GITHUB_OUTPUT"[0m
2026-10-07T14:41:01.1981440Z shell: /usr/bin/bash -e {0}
2026-10-07T14:41:01.1981570Z env:
2026-10-07T14:41:01.1981682Z   CF_START_MODE: chrome-headful
2026-10-07T14:41:01.1981834Z ##[endgroup]
2026-10-07T14:41:01.3949291Z Statements to repair: 0
2026-10-07T14:41:01.4088862Z ##[group]Run CF_STATEMENTS=0 TRANSLATE=0 node scripts/update-data.mjs
2026-10-07T14:41:01.4089135Z [36;1mCF_STATEMENTS=0 TRANSLATE=0 node scripts/update-data.mjs[0m
2026-10-07T14:41:01.4138174Z shell: /usr/bin/bash -e {0}
2026-10-07T14:41:01.4138310Z ##[endgroup]
2026-10-07T14:41:01.4920559Z Discovering daily problem folders...
2026-10-07T14:41:02.3343999Z Found 817 days, syncing the most recent 817.
2026-10-07T14:41:02.8153999Z   2026-10-08: 2 problems
2026-10-07T14:41:03.0981412Z   2026-10-07: 2 problems
2026-10-07T14:41:03.3421502Z   2026-10-06: 2 problems
2026-10-07T14:41:03.5940982Z   2026-10-05: 2 problems
2026-10-07T14:41:03.7963538Z   2026-10-03: 2 problems
2026-10-07T14:41:04.0257992Z   2026-10-02: 2 problems
2026-10-07T14:41:04.2577072Z   2026-10-01: 2 problems
2026-10-07T14:41:04.4866299Z   2026-09-30: 2 problems
2026-10-07T14:41:04.6699170Z   2026-09-29: 2 problems
2026-10-07T14:41:04.8910772Z   2026-09-28: 2 problems
2026-10-07T14:41:05.1273655Z   2026-09-26: 2 problems
2026-10-07T14:41:05.3913493Z   2026-09-25: 2 problems
2026-10-07T14:41:05.6227267Z   2026-09-24: 2 problems
2026-10-07T14:41:05.8742555Z   2026-09-23: 2 problems
2026-10-07T14:41:06.0912426Z   2026-09-22: 2 problems
2026-10-07T14:41:06.3221279Z   2026-09-21: 2 problems
2026-10-07T14:41:06.5360889Z   2026-09-19: 2 problems
2026-10-07T14:41:06.7750828Z   2026-09-18: 2 problems
2026-10-07T14:41:06.9693430Z   2026-09-17: 2 problems
2026-10-07T14:41:07.2054130Z   2026-09-16: 2 problems
2026-10-07T14:41:07.4529878Z   2026-09-15: 2 problems
2026-10-07T14:41:07.5810777Z   2026-09-14: 2 problems
2026-10-07T14:41:07.8031832Z   2026-09-12: 2 problems
2026-10-07T14:41:08.0128821Z   2026-09-11: 2 problems
2026-10-07T14:41:08.2004656Z   2026-09-10: 2 problems
2026-10-07T14:41:08.3818247Z   2026-09-09: 2 problems
2026-10-07T14:41:08.5889291Z   2026-09-08: 2 problems
2026-10-07T14:41:08.7820861Z   2026-09-07: 2 problems
2026-10-07T14:41:08.9676384Z   2026-09-05: 2 problems
2026-10-07T14:41:09.1751601Z   2026-09-04: 2 problems
2026-10-07T14:41:09.3658473Z   2026-09-03: 2 problems
2026-10-07T14:41:09.6463434Z   2026-09-02: 2 problems
2026-10-07T14:41:09.8376205Z   2026-09-01: 2 problems
2026-10-07T14:41:10.0454348Z   2026-08-31: 2 problems
2026-10-07T14:41:10.2605501Z   2026-08-29: 2 problems
2026-10-07T14:41:10.4876204Z   2026-08-28: 2 problems
2026-10-07T14:41:10.6982287Z   2026-08-27: 2 problems
2026-10-07T14:41:10.9047018Z   2026-08-26: 2 problems
2026-10-07T14:41:11.1176623Z   2026-08-25: 2 problems
2026-10-07T14:41:11.4156463Z   2026-08-24: 2 problems
2026-10-07T14:41:11.6242661Z   2026-08-22: 2 problems
2026-10-07T14:41:11.8220420Z   2026-08-21: 2 problems
2026-10-07T14:41:12.0294353Z   2026-08-20: 2 problems
2026-10-07T14:41:12.2544524Z   2026-08-19: 2 problems
2026-10-07T14:41:12.4448323Z   2026-08-18: 2 problems
2026-10-07T14:41:12.6821427Z   2026-08-17: 2 problems
2026-10-07T14:41:12.8968805Z   2026-08-15: 2 problems
2026-10-07T14:41:13.0792264Z   2026-08-14: 2 problems
2026-10-07T14:41:13.2852992Z   2026-08-13: 2 problems
2026-10-07T14:41:13.4930178Z   2026-08-12: 2 problems
2026-10-07T14:41:13.7136646Z   2026-08-11: 2 problems
2026-10-07T14:41:13.9195085Z   2026-08-10: 2 problems
2026-10-07T14:41:14.1536905Z   2026-08-08: 2 problems
2026-10-07T14:41:14.3579780Z   2026-08-07: 2 problems
2026-10-07T14:41:14.5706213Z   2026-08-06: 2 problems
2026-10-07T14:41:14.7834150Z   2026-08-05: 2 problems
2026-10-07T14:41:14.9802940Z   2026-08-04: 2 problems
2026-10-07T14:41:15.2548209Z   2026-08-03: 2 problems
2026-10-07T14:41:15.4536713Z   2026-08-01: 2 problems
2026-10-07T14:41:15.6040096Z   2026-07-31: 2 problems
2026-10-07T14:41:15.8799484Z   2026-07-30: 2 problems
2026-10-07T14:41:16.0821772Z   2026-07-29: 2 problems
2026-10-07T14:41:16.2734666Z   2026-07-28: 2 problems
2026-10-07T14:41:16.5527069Z   2026-07-27: 2 problems
2026-10-07T14:41:16.9259782Z   2026-07-25: 2 problems
2026-10-07T14:41:17.1272229Z   2026-07-24: 2 problems
2026-10-07T14:41:17.3115956Z   2026-07-23: 2 problems
2026-10-07T14:41:17.5184249Z   2026-07-22: 2 problems
2026-10-07T14:41:17.7805044Z   2026-07-21: 2 problems
2026-10-07T14:41:17.9647712Z   2026-07-16: 2 problems
2026-10-07T14:41:18.1811065Z   2026-07-15: 2 problems
2026-10-07T14:41:18.3670759Z   2026-07-14: 2 problems
2026-10-07T14:41:18.5709723Z   2026-07-13: 2 problems
2026-10-07T14:41:18.7654944Z   2026-07-11: 2 problems
2026-10-07T14:41:18.9530254Z   2026-07-10: 2 problems
2026-10-07T14:41:19.1858182Z   2026-07-09: 2 problems
2026-10-07T14:41:19.3792437Z   2026-07-08: 2 problems
2026-10-07T14:41:19.6278616Z   2026-07-07: 2 problems
2026-10-07T14:41:19.8162830Z   2026-07-06: 2 problems
2026-10-07T14:41:20.0456423Z   2026-07-04: 2 problems
2026-10-07T14:41:20.2569761Z   2026-07-03: 2 problems
2026-10-07T14:41:20.4495248Z   2026-07-02: 2 problems
2026-10-07T14:41:20.6493985Z   2026-07-01: 2 problems
2026-10-07T14:41:20.8571328Z   2026-06-30: 2 problems
2026-10-07T14:41:21.0463423Z   2026-06-29: 2 problems
2026-10-07T14:41:21.2438405Z   2026-06-27: 2 problems
2026-10-07T14:41:21.4516060Z   2026-06-26: 2 problems
2026-10-07T14:41:21.6506241Z   2026-06-25: 2 problems
2026-10-07T14:41:21.8522232Z   2026-06-24: 2 problems
2026-10-07T14:41:22.1272952Z   2026-06-23: 2 problems
2026-10-07T14:41:22.2970982Z   2026-06-22: 2 problems
2026-10-07T14:41:22.4171516Z   2026-06-20: 1 problems
2026-10-07T14:41:22.6229572Z   2026-06-19: 2 problems
2026-10-07T14:41:22.8093992Z   2026-06-18: 2 problems
2026-10-07T14:41:23.0284726Z   2026-06-17: 2 problems
2026-10-07T14:41:23.2380720Z   2026-06-16: 2 problems
2026-10-07T14:41:23.4296408Z   2026-06-15: 2 problems
2026-10-07T14:41:23.7354830Z   2026-06-13: 2 problems
2026-10-07T14:41:23.9309815Z   2026-06-12: 2 problems
2026-10-07T14:41:24.1518835Z   2026-06-11: 2 problems
2026-10-07T14:41:24.4290553Z   2026-06-10: 2 problems
2026-10-07T14:41:24.7328808Z   2026-06-09: 2 problems
2026-10-07T14:41:24.9204003Z   2026-06-08: 2 problems
2026-10-07T14:41:25.1196073Z   2026-06-06: 2 problems
2026-10-07T14:41:25.3794955Z   2026-06-05: 2 problems
2026-10-07T14:41:25.5834343Z   2026-06-04: 2 problems
2026-10-07T14:41:25.6480059Z   2026-06-03: 2 problems
2026-10-07T14:41:25.9485947Z   2026-06-02: 2 problems
2026-10-07T14:41:26.1367680Z   2026-06-01: 2 problems
2026-10-07T14:41:26.4341689Z   2026-05-30: 2 problems
2026-10-07T14:41:26.6981776Z   2026-05-29: 2 problems
2026-10-07T14:41:27.0160843Z   2026-05-28: 2 problems
2026-10-07T14:41:27.2098097Z   2026-05-27: 2 problems
2026-10-07T14:41:27.4343221Z   2026-05-26: 2 problems
2026-10-07T14:41:27.7210746Z   2026-05-25: 2 problems
2026-10-07T14:41:28.0226649Z   2026-05-23: 2 problems
2026-10-07T14:41:28.2663678Z   2026-05-22: 2 problems
2026-10-07T14:41:28.4696051Z   2026-05-21: 2 problems
2026-10-07T14:41:28.6804754Z   2026-05-20: 2 problems
2026-10-07T14:41:28.8879932Z   2026-05-19: 2 problems
2026-10-07T14:41:29.0933259Z   2026-05-18: 2 problems
2026-10-07T14:41:29.2789873Z   2026-05-16: 2 problems
2026-10-07T14:41:29.4607464Z   2026-05-15: 2 problems
2026-10-07T14:41:29.6698044Z   2026-05-14: 2 problems
2026-10-07T14:41:29.9147734Z   2026-05-13: 2 problems
2026-10-07T14:41:30.1042925Z   2026-05-12: 2 problems
2026-10-07T14:41:30.3423601Z   2026-05-11: 2 problems
2026-10-07T14:41:30.5541602Z   2026-05-09: 2 problems
2026-10-07T14:41:30.7598405Z   2026-05-08: 2 problems
2026-10-07T14:41:30.9595730Z   2026-05-07: 2 problems
2026-10-07T14:41:31.1616737Z   2026-05-06: 2 problems
2026-10-07T14:41:31.3587613Z   2026-05-05: 2 problems
2026-10-07T14:41:31.5495431Z   2026-05-04: 2 problems
2026-10-07T14:41:31.7656244Z   2026-05-02: 2 problems
2026-10-07T14:41:32.0022203Z   2026-05-01: 2 problems
2026-10-07T14:41:32.2122217Z   2026-04-30: 2 problems
2026-10-07T14:41:32.4106138Z   2026-04-29: 2 problems
2026-10-07T14:41:32.6142913Z   2026-04-28: 2 problems
2026-10-07T14:41:32.8315240Z   2026-04-27: 2 problems
2026-10-07T14:41:33.0313482Z   2026-04-25: 2 problems
2026-10-07T14:41:33.3088219Z   2026-04-24: 2 problems
2026-10-07T14:41:33.5147807Z   2026-04-23: 2 problems
2026-10-07T14:41:33.7354452Z   2026-04-22: 2 problems
2026-10-07T14:41:33.9549030Z   2026-04-21: 2 problems
2026-10-07T14:41:34.1839069Z   2026-04-20: 2 problems
2026-10-07T14:41:34.4027820Z   2026-04-18: 2 problems
2026-10-07T14:41:34.6054928Z   2026-04-17: 2 problems
2026-10-07T14:41:34.8024747Z   2026-04-16: 2 problems
2026-10-07T14:41:35.0145552Z   2026-04-15: 2 problems
2026-10-07T14:41:35.2413406Z   2026-04-14: 2 problems
2026-10-07T14:41:35.4599068Z   2026-04-13: 2 problems
2026-10-07T14:41:35.6403214Z   2026-04-11: 2 problems
2026-10-07T14:41:35.8297430Z   2026-04-10: 2 problems
2026-10-07T14:41:36.1135624Z   2026-04-09: 2 problems
2026-10-07T14:41:36.3254656Z   2026-04-08: 2 problems
2026-10-07T14:41:36.5537350Z   2026-04-07: 2 problems
2026-10-07T14:41:36.7899245Z   2026-04-06: 2 problems
2026-10-07T14:41:36.9928550Z   2026-04-04: 2 problems
2026-10-07T14:41:37.2198732Z   2026-04-03: 2 problems
2026-10-07T14:41:37.4246065Z   2026-04-02: 2 problems
2026-10-07T14:41:37.6524111Z   2026-04-01: 2 problems
2026-10-07T14:41:37.8453360Z   2026-03-31: 2 problems
2026-10-07T14:41:38.0582377Z   2026-03-30: 2 problems
2026-10-07T14:41:38.2559244Z   2026-03-28: 2 problems
2026-10-07T14:41:38.4814704Z   2026-03-27: 2 problems
2026-10-07T14:41:38.7073540Z   2026-03-26: 2 problems
2026-10-07T14:41:38.9447104Z   2026-03-25: 2 problems
2026-10-07T14:41:39.1417481Z   2026-03-24: 2 problems
2026-10-07T14:41:39.3433297Z   2026-03-23: 2 problems
2026-10-07T14:41:39.5408404Z   2026-03-21: 2 problems
2026-10-07T14:41:39.7535457Z   2026-03-20: 2 problems
2026-10-07T14:41:39.9652929Z   2026-03-19: 2 problems
2026-10-07T14:41:40.1615042Z   2026-03-18: 2 problems
2026-10-07T14:41:40.3845958Z   2026-03-17: 2 problems
2026-10-07T14:41:40.5734719Z   2026-03-16: 2 problems
2026-10-07T14:41:40.7710200Z   2026-03-14: 2 problems
2026-10-07T14:41:41.0037900Z   2026-03-13: 2 problems
2026-10-07T14:41:41.2118663Z   2026-03-12: 2 problems
2026-10-07T14:41:41.4453300Z   2026-03-11: 2 problems
2026-10-07T14:41:41.6329175Z   2026-03-10: 2 problems
2026-10-07T14:41:41.8496185Z   2026-03-09: 2 problems
2026-10-07T14:41:42.0682201Z   2026-03-07: 2 problems
2026-10-07T14:41:42.2733121Z   2026-03-06: 2 problems
2026-10-07T14:41:42.5518017Z   2026-03-05: 2 problems
2026-10-07T14:41:42.7748558Z   2026-03-04: 2 problems
2026-10-07T14:41:42.9737704Z   2026-03-03: 2 problems
2026-10-07T14:41:43.1756494Z   2026-03-02: 2 problems
2026-10-07T14:41:43.3685392Z   2026-02-28: 2 problems
2026-10-07T14:41:43.5841966Z   2026-02-27: 2 problems
2026-10-07T14:41:43.8192074Z   2026-02-26: 2 problems
2026-10-07T14:41:44.0347234Z   2026-02-25: 2 problems
2026-10-07T14:41:44.2258661Z   2026-02-24: 2 problems
2026-10-07T14:41:44.4116105Z   2026-02-23: 2 problems
2026-10-07T14:41:44.6096369Z   2026-02-21: 2 problems
2026-10-07T14:41:44.7986653Z   2026-02-20: 2 problems
2026-10-07T14:41:44.9935351Z   2026-02-19: 2 problems
2026-10-07T14:41:45.2264567Z   2026-02-18: 2 problems
2026-10-07T14:41:45.4421124Z   2026-02-17: 2 problems
2026-10-07T14:41:45.6273552Z   2026-02-16: 2 problems
2026-10-07T14:41:45.8128316Z   2026-02-14: 2 problems
2026-10-07T14:41:45.9985286Z   2026-02-13: 2 problems
2026-10-07T14:41:46.1809139Z   2026-02-12: 2 problems
2026-10-07T14:41:46.3924583Z   2026-02-11: 2 problems
2026-10-07T14:41:46.5964880Z   2026-02-10: 2 problems
2026-10-07T14:41:46.7740239Z   2026-02-09: 2 problems
2026-10-07T14:41:47.0114397Z   2026-02-07: 2 problems
2026-10-07T14:41:47.1953891Z   2026-02-06: 2 problems
2026-10-07T14:41:47.4303639Z   2026-02-05: 2 problems
2026-10-07T14:41:47.6450770Z   2026-02-04: 2 problems
2026-10-07T14:41:47.8630866Z   2026-02-03: 2 problems
2026-10-07T14:41:48.0588321Z   2026-02-02: 2 problems
2026-10-07T14:41:48.2624245Z   2026-01-31: 2 problems
2026-10-07T14:41:48.4458172Z   2026-01-30: 2 problems
2026-10-07T14:41:48.6571391Z   2026-01-29: 2 problems
2026-10-07T14:41:48.8553716Z   2026-01-28: 2 problems
2026-10-07T14:41:49.0302649Z   2026-01-27: 2 problems
2026-10-07T14:41:49.2276865Z   2026-01-26: 2 problems
2026-10-07T14:41:49.4350380Z   2026-01-24: 2 problems
2026-10-07T14:41:49.6640681Z   2026-01-23: 2 problems
2026-10-07T14:41:49.7830331Z   2026-01-22: 2 problems
2026-10-07T14:41:49.9677027Z   2026-01-21: 2 problems
2026-10-07T14:41:50.1752716Z   2026-01-20: 2 problems
2026-10-07T14:41:50.4019006Z   2026-01-19: 2 problems
2026-10-07T14:41:50.6714913Z   2026-01-17: 2 problems
2026-10-07T14:41:50.8504776Z   2026-01-16: 2 problems
2026-10-07T14:41:51.0438959Z   2026-01-15: 2 problems
2026-10-07T14:41:51.2546295Z   2026-01-14: 2 problems
2026-10-07T14:41:51.4480683Z   2026-01-13: 2 problems
2026-10-07T14:41:51.6502903Z   2026-01-12: 2 problems
2026-10-07T14:41:51.8514246Z   2026-01-10: 2 problems
2026-10-07T14:41:52.0560702Z   2026-01-09: 2 problems
2026-10-07T14:41:52.2698852Z   2026-01-08: 2 problems
2026-10-07T14:41:52.4605049Z   2026-01-07: 2 problems
2026-10-07T14:41:52.6572441Z   2026-01-06: 2 problems
2026-10-07T14:41:52.8789968Z   2026-01-05: 2 problems
2026-10-07T14:41:53.0788937Z   2026-01-03: 2 problems
2026-10-07T14:41:53.2927573Z   2026-01-02: 2 problems
2026-10-07T14:41:53.4883497Z   2026-01-01: 2 problems
2026-10-07T14:41:53.6966094Z   2025-12-31: 2 problems
2026-10-07T14:41:53.9100398Z   2025-12-30: 2 problems
2026-10-07T14:41:54.1203711Z   2025-12-29: 2 problems
2026-10-07T14:41:54.4008647Z   2025-12-27: 2 problems
2026-10-07T14:41:54.6857275Z   2025-12-26: 2 problems
2026-10-07T14:41:54.8900528Z   2025-12-25: 2 problems
2026-10-07T14:41:55.0870697Z   2025-12-24: 2 problems
2026-10-07T14:41:55.2804845Z   2025-12-23: 2 problems
2026-10-07T14:41:55.5113432Z   2025-12-22: 2 problems
2026-10-07T14:41:55.7047724Z   2025-12-20: 2 problems
2026-10-07T14:41:55.9809101Z   2025-12-19: 2 problems
2026-10-07T14:41:56.2300061Z   2025-12-18: 2 problems
2026-10-07T14:41:56.5157543Z   2025-12-17: 2 problems
2026-10-07T14:41:56.8056812Z   2025-12-16: 2 problems
2026-10-07T14:41:57.1259633Z   2025-12-15: 2 problems
2026-10-07T14:41:57.3679210Z   2025-12-13: 2 problems
2026-10-07T14:41:57.5502006Z   2025-12-12: 2 problems
2026-10-07T14:41:57.8453545Z   2025-12-11: 2 problems
2026-10-07T14:41:58.0788582Z   2025-12-10: 2 problems
2026-10-07T14:41:58.3592472Z   2025-12-09: 2 problems
2026-10-07T14:41:58.5012074Z   2025-12-08: 2 problems
2026-10-07T14:41:58.6913359Z   2025-12-06: 2 problems
2026-10-07T14:41:59.0538861Z   2025-12-05: 2 problems
2026-10-07T14:41:59.2820083Z   2025-12-04: 2 problems
2026-10-07T14:41:59.4970288Z   2025-12-03: 2 problems
2026-10-07T14:41:59.7278338Z   2025-12-02: 2 problems
2026-10-07T14:41:59.9854420Z   2025-12-01: 2 problems
2026-10-07T14:42:00.3601017Z   2025-11-29: 2 problems
2026-10-07T14:42:00.6407300Z   2025-11-28: 2 problems
2026-10-07T14:42:00.8622018Z   2025-11-27: 2 problems
2026-10-07T14:42:01.0972330Z   2025-11-26: 2 problems
2026-10-07T14:42:01.3861764Z   2025-11-25: 2 problems
2026-10-07T14:42:01.6355910Z   2025-11-24: 2 problems
2026-10-07T14:42:01.8462647Z   2025-11-22: 2 problems
2026-10-07T14:42:02.1492268Z   2025-11-21: 2 problems
2026-10-07T14:42:02.3419213Z   2025-11-20: 2 problems
2026-10-07T14:42:02.5398654Z   2025-11-19: 2 problems
2026-10-07T14:42:02.7796159Z   2025-11-18: 2 problems
2026-10-07T14:42:02.9953864Z   2025-11-17: 2 problems
2026-10-07T14:42:03.1934108Z   2025-11-15: 2 problems
2026-10-07T14:42:03.4316215Z   2025-11-14: 2 problems
2026-10-07T14:42:03.6513257Z   2025-11-13: 2 problems
2026-10-07T14:42:03.8541810Z   2025-11-12: 2 problems
2026-10-07T14:42:04.0798118Z   2025-11-11: 2 problems
2026-10-07T14:42:04.3046789Z   2025-11-10: 2 problems
2026-10-07T14:42:04.5782844Z   2025-11-08: 2 problems
2026-10-07T14:42:04.9165227Z   2025-11-07: 2 problems
2026-10-07T14:42:05.1326542Z   2025-11-06: 2 problems
2026-10-07T14:42:05.4292967Z   2025-11-05: 2 problems
2026-10-07T14:42:05.7463224Z   2025-11-04: 2 problems
2026-10-07T14:42:05.9358196Z   2025-11-03: 2 problems
2026-10-07T14:42:06.1562838Z   2025-11-01: 2 problems
2026-10-07T14:42:06.3100334Z   2025-10-31: 2 problems
2026-10-07T14:42:06.5303836Z   2025-10-30: 2 problems
2026-10-07T14:42:06.7348442Z   2025-10-29: 2 problems
2026-10-07T14:42:06.9438385Z   2025-10-28: 2 problems
2026-10-07T14:42:07.1655450Z   2025-10-27: 2 problems
2026-10-07T14:42:07.3755300Z   2025-10-25: 2 problems
2026-10-07T14:42:07.5574091Z   2025-10-24: 2 problems
2026-10-07T14:42:07.7932811Z   2025-10-23: 2 problems
2026-10-07T14:42:08.0265805Z   2025-10-22: 2 problems
2026-10-07T14:42:08.2618225Z   2025-10-21: 2 problems
2026-10-07T14:42:08.4593335Z   2025-10-20: 2 problems
2026-10-07T14:42:08.6926854Z   2025-10-18: 2 problems
2026-10-07T14:42:08.9056572Z   2025-10-17: 2 problems
2026-10-07T14:42:09.1341365Z   2025-10-16: 2 problems
2026-10-07T14:42:09.3478115Z   2025-10-15: 2 problems
2026-10-07T14:42:09.5831791Z   2025-10-14: 2 problems
2026-10-07T14:42:09.8174266Z   2025-10-13: 2 problems
2026-10-07T14:42:10.0886656Z   2025-10-11: 2 problems
2026-10-07T14:42:10.2831397Z   2025-10-10: 2 problems
2026-10-07T14:42:10.5122208Z   2025-10-09: 2 problems
2026-10-07T14:42:10.7251744Z   2025-10-08: 2 problems
2026-10-07T14:42:10.9578701Z   2025-10-07: 2 problems
2026-10-07T14:42:11.1860623Z   2025-10-06: 2 problems
2026-10-07T14:42:11.3942358Z   2025-10-04: 2 problems
2026-10-07T14:42:11.6274840Z   2025-10-03: 2 problems
2026-10-07T14:42:11.9738678Z   2025-10-02: 2 problems
2026-10-07T14:42:12.1887806Z   2025-10-01: 2 problems
2026-10-07T14:42:12.4075267Z   2025-09-30: 2 problems
2026-10-07T14:42:12.6351335Z   2025-09-29: 2 problems
2026-10-07T14:42:12.9035609Z   2025-09-27: 2 problems
2026-10-07T14:42:13.1025950Z   2025-09-26: 2 problems
2026-10-07T14:42:13.3144531Z   2025-09-25: 2 problems
2026-10-07T14:42:13.5682032Z   2025-09-24: 2 problems
2026-10-07T14:42:13.7740414Z   2025-09-23: 2 problems
2026-10-07T14:42:14.0173037Z   2025-09-22: 2 problems
2026-10-07T14:42:14.2312231Z   2025-09-20: 2 problems
2026-10-07T14:42:14.4400164Z   2025-09-19: 2 problems
2026-10-07T14:42:14.6508464Z   2025-09-18: 2 problems
2026-10-07T14:42:14.8657010Z   2025-09-17: 2 problems
2026-10-07T14:42:15.0839877Z   2025-09-16: 2 problems
2026-10-07T14:42:15.3436492Z   2025-09-15: 2 problems
2026-10-07T14:42:15.6446476Z   2025-09-13: 2 problems
2026-10-07T14:42:15.9214543Z   2025-09-12: 2 problems
2026-10-07T14:42:16.1322967Z   2025-09-11: 2 problems
2026-10-07T14:42:16.3658500Z   2025-09-10: 2 problems
2026-10-07T14:42:16.5804094Z   2025-09-09: 2 problems
2026-10-07T14:42:16.7881090Z   2025-09-08: 2 problems
2026-10-07T14:42:17.0154950Z   2025-09-06: 2 problems
2026-10-07T14:42:17.2655657Z   2025-09-05: 2 problems
2026-10-07T14:42:17.4910156Z   2025-09-04: 2 problems
2026-10-07T14:42:17.6991765Z   2025-09-03: 2 problems
2026-10-07T14:42:17.9384164Z   2025-09-02: 2 problems
2026-10-07T14:42:18.1494790Z   2025-09-01: 2 problems
2026-10-07T14:42:18.3642622Z   2025-08-30: 2 problems
2026-10-07T14:42:18.6440735Z   2025-08-29: 2 problems
2026-10-07T14:42:18.8684494Z   2025-08-28: 2 problems
2026-10-07T14:42:19.0949413Z   2025-08-27: 2 problems
2026-10-07T14:42:19.3948323Z   2025-08-26: 2 problems
2026-10-07T14:42:19.6123873Z   2025-08-25: 2 problems
2026-10-07T14:42:19.8091560Z   2025-08-23: 2 problems
2026-10-07T14:42:20.0949065Z   2025-08-22: 2 problems
2026-10-07T14:42:20.3114362Z   2025-08-21: 2 problems
2026-10-07T14:42:20.5311580Z   2025-08-20: 2 problems
2026-10-07T14:42:20.7599764Z   2025-08-19: 2 problems
2026-10-07T14:42:20.9633173Z   2025-08-18: 2 problems
2026-10-07T14:42:21.1926326Z   2025-08-16: 2 problems
2026-10-07T14:42:21.4003058Z   2025-08-15: 2 problems
2026-10-07T14:42:21.6207844Z   2025-08-14: 2 problems
2026-10-07T14:42:21.8610768Z   2025-08-13: 2 problems
2026-10-07T14:42:22.0767524Z   2025-08-12: 2 problems
2026-10-07T14:42:22.3213559Z   2025-08-11: 2 problems
2026-10-07T14:42:22.5662749Z   2025-08-09: 2 problems
2026-10-07T14:42:22.8104520Z   2025-08-08: 2 problems
2026-10-07T14:42:23.1194957Z   2025-08-07: 2 problems
2026-10-07T14:42:23.3756419Z   2025-08-06: 2 problems
2026-10-07T14:42:23.5996381Z   2025-08-05: 2 problems
2026-10-07T14:42:23.8064631Z   2025-08-04: 2 problems
2026-10-07T14:42:24.0617235Z   2025-08-02: 2 problems
2026-10-07T14:42:24.2964966Z   2025-08-01: 2 problems
2026-10-07T14:42:24.5386677Z   2025-07-31: 2 problems
2026-10-07T14:42:24.7787399Z   2025-07-30: 2 problems
2026-10-07T14:42:24.9989550Z   2025-07-29: 2 problems
2026-10-07T14:42:25.2108940Z   2025-07-28: 2 problems
2026-10-07T14:42:25.4460127Z   2025-07-26: 2 problems
2026-10-07T14:42:25.6500351Z   2025-07-25: 2 problems
2026-10-07T14:42:25.8647206Z   2025-07-24: 2 problems
2026-10-07T14:42:26.0702093Z   2025-07-23: 2 problems
2026-10-07T14:42:26.3218523Z   2025-07-22: 2 problems
2026-10-07T14:42:26.5301709Z   2025-07-21: 2 problems
2026-10-07T14:42:26.8934544Z   2025-07-19: 2 problems
2026-10-07T14:42:27.1968859Z   2025-07-18: 2 problems
2026-10-07T14:42:27.4773345Z   2025-07-17: 2 problems
2026-10-07T14:42:27.7247770Z   2025-07-16: 2 problems
2026-10-07T14:42:27.9585252Z   2025-07-15: 2 problems
2026-10-07T14:42:28.1858131Z   2025-07-14: 2 problems
2026-10-07T14:42:28.4150511Z   2025-07-12: 2 problems
2026-10-07T14:42:28.6519857Z   2025-07-11: 2 problems
2026-10-07T14:42:28.8607573Z   2025-07-10: 2 problems
2026-10-07T14:42:29.0683676Z   2025-07-09: 2 problems
2026-10-07T14:42:29.3207389Z   2025-07-08: 2 problems
2026-10-07T14:42:29.6216645Z   2025-07-07: 2 problems
2026-10-07T14:42:29.8538838Z   2025-07-05: 2 problems
2026-10-07T14:42:30.0900314Z   2025-07-04: 2 problems
2026-10-07T14:42:30.3792381Z   2025-07-03: 2 problems
2026-10-07T14:42:30.5956227Z   2025-07-02: 2 problems
2026-10-07T14:42:30.8128554Z   2025-07-01: 2 problems
2026-10-07T14:42:31.0193137Z   2025-06-30: 2 problems
2026-10-07T14:42:31.2513574Z   2025-06-28: 2 problems
2026-10-07T14:42:31.4871225Z   2025-06-27: 2 problems
2026-10-07T14:42:31.7151056Z   2025-06-26: 2 problems
2026-10-07T14:42:31.9340311Z   2025-06-25: 2 problems
2026-10-07T14:42:32.2030852Z   2025-06-24: 2 problems
2026-10-07T14:42:32.4178653Z   2025-06-23: 2 problems
2026-10-07T14:42:32.6192266Z   2025-06-21: 2 problems
2026-10-07T14:42:32.8510593Z   2025-06-20: 2 problems
2026-10-07T14:42:33.0845021Z   2025-06-19: 2 problems
2026-10-07T14:42:33.3225121Z   2025-06-18: 2 problems
2026-10-07T14:42:33.5481257Z   2025-06-17: 2 problems
2026-10-07T14:42:33.7945173Z   2025-06-16: 2 problems
2026-10-07T14:42:34.0499597Z   2025-06-14: 2 problems
2026-10-07T14:42:34.2854622Z   2025-06-13: 2 problems
2026-10-07T14:42:34.5078354Z   2025-06-12: 2 problems
2026-10-07T14:42:34.7714739Z   2025-06-11: 2 problems
2026-10-07T14:42:35.0095928Z   2025-06-10: 2 problems
2026-10-07T14:42:35.2805059Z   2025-06-09: 2 problems
2026-10-07T14:42:35.4898097Z   2025-06-07: 2 problems
2026-10-07T14:42:35.7034477Z   2025-06-06: 2 problems
2026-10-07T14:42:36.0472923Z   2025-06-05: 2 problems
2026-10-07T14:42:36.2792327Z   2025-06-04: 2 problems
2026-10-07T14:42:36.5284733Z   2025-06-03: 2 problems
2026-10-07T14:42:36.7605799Z   2025-06-02: 2 problems
2026-10-07T14:42:36.9849981Z   2025-05-31: 2 problems
2026-10-07T14:42:37.2145262Z   2025-05-30: 2 problems
2026-10-07T14:42:37.4461699Z   2025-05-29: 2 problems
2026-10-07T14:42:37.7063584Z   2025-05-28: 2 problems
2026-10-07T14:42:37.9660853Z   2025-05-27: 2 problems
2026-10-07T14:42:38.1842090Z   2025-05-26: 2 problems
2026-10-07T14:42:38.4110440Z   2025-05-24: 2 problems
2026-10-07T14:42:38.6781169Z   2025-05-23: 2 problems
2026-10-07T14:42:38.8905600Z   2025-05-22: 2 problems
2026-10-07T14:42:39.1072566Z   2025-05-21: 2 problems
2026-10-07T14:42:39.3323758Z   2025-05-20: 2 problems
2026-10-07T14:42:39.5717212Z   2025-05-19: 2 problems
2026-10-07T14:42:39.8150628Z   2025-05-17: 2 problems
2026-10-07T14:42:40.0502540Z   2025-05-16: 2 problems
2026-10-07T14:42:40.2854575Z   2025-05-15: 2 problems
2026-10-07T14:42:40.5109017Z   2025-05-14: 2 problems
2026-10-07T14:42:40.7428959Z   2025-05-13: 2 problems
2026-10-07T14:42:40.9501202Z   2025-05-12: 2 problems
2026-10-07T14:42:41.1963553Z   2025-05-10: 2 problems
2026-10-07T14:42:41.4830045Z   2025-05-09: 2 problems
2026-10-07T14:42:41.7161767Z   2025-05-08: 2 problems
2026-10-07T14:42:41.9303704Z   2025-05-07: 2 problems
2026-10-07T14:42:42.1555271Z   2025-05-06: 2 problems
2026-10-07T14:42:42.3868595Z   2025-05-05: 2 problems
2026-10-07T14:42:42.6037819Z   2025-05-03: 2 problems
2026-10-07T14:42:42.8246346Z   2025-05-02: 2 problems
2026-10-07T14:42:43.0344919Z   2025-05-01: 2 problems
2026-10-07T14:42:43.2850232Z   2025-04-30: 2 problems
2026-10-07T14:42:43.5228148Z   2025-04-29: 2 problems
2026-10-07T14:42:43.7383662Z   2025-04-28: 2 problems
2026-10-07T14:42:43.9711454Z   2025-04-26: 2 problems
2026-10-07T14:42:44.1905444Z   2025-04-25: 2 problems
2026-10-07T14:42:44.4146038Z   2025-04-24: 2 problems
2026-10-07T14:42:44.6521641Z   2025-04-23: 2 problems
2026-10-07T14:42:44.8778917Z   2025-04-22: 2 problems
2026-10-07T14:42:45.1112803Z   2025-04-21: 2 problems
2026-10-07T14:42:45.3865858Z   2025-04-19: 2 problems
2026-10-07T14:42:45.7527601Z   2025-04-18: 2 problems
2026-10-07T14:42:46.0315352Z   2025-04-17: 2 problems
2026-10-07T14:42:46.2810893Z   2025-04-16: 2 problems
2026-10-07T14:42:46.5168488Z   2025-04-15: 2 problems
2026-10-07T14:42:46.8266372Z   2025-04-14: 2 problems
2026-10-07T14:42:47.0591397Z   2025-04-12: 2 problems
2026-10-07T14:42:47.3712870Z   2025-04-11: 2 problems
2026-10-07T14:42:47.5757374Z   2025-04-10: 2 problems
2026-10-07T14:42:47.7698140Z   2025-04-09: 2 problems
2026-10-07T14:42:48.0132376Z   2025-04-08: 2 problems
2026-10-07T14:42:48.2346263Z   2025-04-07: 2 problems
2026-10-07T14:42:48.5547857Z   2025-04-05: 2 problems
2026-10-07T14:42:48.7546062Z   2025-04-04: 2 problems
2026-10-07T14:42:49.0230893Z   2025-04-03: 2 problems
2026-10-07T14:42:49.2124510Z   2025-04-02: 2 problems
2026-10-07T14:42:49.4129250Z   2025-04-01: 2 problems
2026-10-07T14:42:49.6563944Z   2025-03-31: 2 problems
2026-10-07T14:42:49.8816768Z   2025-03-29: 2 problems
2026-10-07T14:42:50.1015691Z   2025-03-28: 2 problems
2026-10-07T14:42:50.3242821Z   2025-03-27: 2 problems
2026-10-07T14:42:50.5284839Z   2025-03-26: 2 problems
2026-10-07T14:42:50.7408442Z   2025-03-25: 2 problems
2026-10-07T14:42:50.9638020Z   2025-03-24: 2 problems
2026-10-07T14:42:51.1767386Z   2025-03-22: 2 problems
2026-10-07T14:42:51.3768315Z   2025-03-21: 2 problems
2026-10-07T14:42:51.5991286Z   2025-03-20: 2 problems
2026-10-07T14:42:51.9114337Z   2025-03-19: 2 problems
2026-10-07T14:42:52.1261811Z   2025-03-18: 2 problems
2026-10-07T14:42:52.3441591Z   2025-03-17: 2 problems
2026-10-07T14:42:52.5754460Z   2025-03-15: 2 problems
2026-10-07T14:42:52.7746415Z   2025-03-14: 2 problems
2026-10-07T14:42:53.0047063Z   2025-03-13: 2 problems
2026-10-07T14:42:53.2247142Z   2025-03-12: 2 problems
2026-10-07T14:42:53.4788310Z   2025-03-11: 2 problems
2026-10-07T14:42:53.7709207Z   2025-03-10: 2 problems
2026-10-07T14:42:54.2411107Z   2025-03-08: 2 problems
2026-10-07T14:42:54.4501464Z   2025-03-07: 2 problems
2026-10-07T14:42:54.7559933Z   2025-03-06: 2 problems
2026-10-07T14:42:54.9751456Z   2025-03-05: 2 problems
2026-10-07T14:42:55.3001539Z   2025-03-04: 2 problems
2026-10-07T14:42:55.5263881Z   2025-03-03: 2 problems
2026-10-07T14:42:55.7451466Z   2025-03-01: 2 problems
2026-10-07T14:42:55.9516600Z   2025-02-28: 2 problems
2026-10-07T14:42:56.1607408Z   2025-02-27: 2 problems
2026-10-07T14:42:56.3801215Z   2025-02-26: 2 problems
2026-10-07T14:42:56.6886260Z   2025-02-25: 2 problems
2026-10-07T14:42:57.0612799Z   2025-02-24: 2 problems
2026-10-07T14:42:57.4437599Z   2025-02-22: 2 problems
2026-10-07T14:42:57.7541360Z   2025-02-21: 2 problems
2026-10-07T14:42:57.9997397Z   2025-02-20: 2 problems
2026-10-07T14:42:58.2183688Z   2025-02-19: 2 problems
2026-10-07T14:42:58.4297179Z   2025-02-18: 2 problems
2026-10-07T14:42:58.6460004Z   2025-02-17: 2 problems
2026-10-07T14:42:58.9691329Z   2025-02-15: 2 problems
2026-10-07T14:42:59.2180929Z   2025-02-14: 2 problems
2026-10-07T14:42:59.4520927Z   2025-02-13: 2 problems
2026-10-07T14:42:59.7053075Z   2025-02-12: 2 problems
2026-10-07T14:42:59.9404324Z   2025-02-11: 2 problems
2026-10-07T14:43:00.1670030Z   2025-02-10: 2 problems
2026-10-07T14:43:00.3910863Z   2025-02-08: 2 problems
2026-10-07T14:43:00.5984927Z   2025-02-07: 2 problems
2026-10-07T14:43:00.8068918Z   2025-02-06: 2 problems
2026-10-07T14:43:01.0312712Z   2025-02-05: 2 problems
2026-10-07T14:43:01.2564646Z   2025-02-04: 2 problems
2026-10-07T14:43:01.4970073Z   2025-02-03: 2 problems
2026-10-07T14:43:01.7295216Z   2025-02-01: 2 problems
2026-10-07T14:43:01.9549670Z   2025-01-31: 2 problems
2026-10-07T14:43:02.1741282Z   2025-01-30: 2 problems
2026-10-07T14:43:02.3927924Z   2025-01-29: 2 problems
2026-10-07T14:43:02.6027669Z   2025-01-28: 2 problems
2026-10-07T14:43:02.8220461Z   2025-01-27: 2 problems
2026-10-07T14:43:03.0539357Z   2025-01-25: 2 problems
2026-10-07T14:43:03.2541590Z   2025-01-24: 2 problems
2026-10-07T14:43:03.5244871Z   2025-01-23: 2 problems
2026-10-07T14:43:03.7898766Z   2025-01-22: 2 problems
2026-10-07T14:43:04.0199435Z   2025-01-21: 2 problems
2026-10-07T14:43:04.2456097Z   2025-01-20: 2 problems
2026-10-07T14:43:04.4601136Z   2025-01-18: 2 problems
2026-10-07T14:43:04.6762506Z   2025-01-17: 2 problems
2026-10-07T14:43:04.9091795Z   2025-01-16: 2 problems
2026-10-07T14:43:05.1331250Z   2025-01-15: 2 problems
2026-10-07T14:43:05.3552663Z   2025-01-14: 2 problems
2026-10-07T14:43:05.5947134Z   2025-01-13: 2 problems
2026-10-07T14:43:05.7966929Z   2025-01-11: 2 problems
2026-10-07T14:43:06.0492494Z   2025-01-10: 2 problems
2026-10-07T14:43:06.2686063Z   2025-01-09: 2 problems
2026-10-07T14:43:06.5130307Z   2025-01-08: 2 problems
2026-10-07T14:43:06.7382335Z   2025-01-07: 2 problems
2026-10-07T14:43:06.9682568Z   2025-01-06: 2 problems
2026-10-07T14:43:07.1818657Z   2025-01-04: 2 problems
2026-10-07T14:43:07.4384944Z   2025-01-03: 2 problems
2026-10-07T14:43:07.6534270Z   2025-01-02: 2 problems
2026-10-07T14:43:07.8586754Z   2025-01-01: 2 problems
2026-10-07T14:43:08.0778878Z   2024-12-31: 2 problems
2026-10-07T14:43:08.3122586Z   2024-12-30: 2 problems
2026-10-07T14:43:08.5483677Z   2024-12-28: 2 problems
2026-10-07T14:43:08.7797438Z   2024-12-27: 2 problems
2026-10-07T14:43:09.0017865Z   2024-12-26: 2 problems
2026-10-07T14:43:09.2403341Z   2024-12-25: 2 problems
2026-10-07T14:43:09.4727636Z   2024-12-24: 2 problems
2026-10-07T14:43:09.7483043Z   2024-12-23: 2 problems
2026-10-07T14:43:09.9847981Z   2024-12-21: 2 problems
2026-10-07T14:43:10.1989343Z   2024-12-20: 2 problems
2026-10-07T14:43:10.4278752Z   2024-12-19: 2 problems
2026-10-07T14:43:10.6658937Z   2024-12-18: 2 problems
2026-10-07T14:43:10.8921733Z   2024-12-17: 2 problems
2026-10-07T14:43:11.1222320Z   2024-12-16: 2 problems
2026-10-07T14:43:11.3668976Z   2024-12-14: 2 problems
2026-10-07T14:43:11.6241029Z   2024-12-13: 2 problems
2026-10-07T14:43:11.8229839Z   2024-12-12: 2 problems
2026-10-07T14:43:12.0529343Z   2024-12-11: 2 problems
2026-10-07T14:43:12.2815078Z   2024-12-10: 2 problems
2026-10-07T14:43:12.5105746Z   2024-12-09: 2 problems
2026-10-07T14:43:12.7331193Z   2024-12-07: 2 problems
2026-10-07T14:43:12.9852629Z   2024-12-06: 2 problems
2026-10-07T14:43:13.2233875Z   2024-12-05: 2 problems
2026-10-07T14:43:13.4447724Z   2024-12-04: 2 problems
2026-10-07T14:43:13.6575637Z   2024-12-03: 2 problems
2026-10-07T14:43:13.8805888Z   2024-12-02: 2 problems
2026-10-07T14:43:14.1226116Z   2024-11-30: 2 problems
2026-10-07T14:43:14.3276119Z   2024-11-29: 2 problems
2026-10-07T14:43:14.5506469Z   2024-11-28: 2 problems
2026-10-07T14:43:14.7722076Z   2024-11-27: 2 problems
2026-10-07T14:43:14.9947001Z   2024-11-26: 2 problems
2026-10-07T14:43:15.2314284Z   2024-11-25: 2 problems
2026-10-07T14:43:15.5355329Z   2024-11-23: 2 problems
2026-10-07T14:43:15.7808075Z   2024-11-22: 2 problems
2026-10-07T14:43:15.9328078Z   2024-11-21: 2 problems
2026-10-07T14:43:16.2730839Z   2024-11-20: 2 problems
2026-10-07T14:43:16.5683457Z   2024-11-19: 2 problems
2026-10-07T14:43:16.8910184Z   2024-11-18: 2 problems
2026-10-07T14:43:17.1264604Z   2024-11-16: 2 problems
2026-10-07T14:43:17.3616487Z   2024-11-15: 2 problems
2026-10-07T14:43:17.5965284Z   2024-11-14: 2 problems
2026-10-07T14:43:17.8169223Z   2024-11-13: 2 problems
2026-10-07T14:43:18.0553687Z   2024-11-12: 2 problems
2026-10-07T14:43:18.2888485Z   2024-11-11: 2 problems
2026-10-07T14:43:18.5511603Z   2024-11-09: 2 problems
2026-10-07T14:43:18.7694321Z   2024-11-08: 2 problems
2026-10-07T14:43:19.0968203Z   2024-11-07: 2 problems
2026-10-07T14:43:19.4264962Z   2024-11-06: 2 problems
2026-10-07T14:43:19.6447056Z   2024-11-05: 2 problems
2026-10-07T14:43:19.9238730Z   2024-11-04: 2 problems
2026-10-07T14:43:20.1678849Z   2024-11-02: 2 problems
2026-10-07T14:43:20.3818270Z   2024-11-01: 2 problems
2026-10-07T14:43:20.5955920Z   2024-10-31: 2 problems
2026-10-07T14:43:20.9022950Z   2024-10-30: 2 problems
2026-10-07T14:43:21.1524228Z   2024-10-29: 2 problems
2026-10-07T14:43:21.4039870Z   2024-10-28: 2 problems
2026-10-07T14:43:21.6540048Z   2024-10-26: 2 problems
2026-10-07T14:43:21.8881049Z   2024-10-25: 2 problems
2026-10-07T14:43:22.1327840Z   2024-10-24: 2 problems
2026-10-07T14:43:22.3953062Z   2024-10-23: 2 problems
2026-10-07T14:43:22.6356952Z   2024-10-22: 2 problems
2026-10-07T14:43:22.8871105Z   2024-10-21: 2 problems
2026-10-07T14:43:23.1017186Z   2024-10-19: 2 problems
2026-10-07T14:43:23.3355705Z   2024-10-18: 2 problems
2026-10-07T14:43:23.5766871Z   2024-10-17: 2 problems
2026-10-07T14:43:23.8950432Z   2024-10-16: 2 problems
2026-10-07T14:43:24.1398805Z   2024-10-15: 2 problems
2026-10-07T14:43:24.3564449Z   2024-10-14: 2 problems
2026-10-07T14:43:24.6041374Z   2024-10-12: 2 problems
2026-10-07T14:43:24.8271350Z   2024-10-11: 2 problems
2026-10-07T14:43:25.1969254Z   2024-10-10: 2 problems
2026-10-07T14:43:25.5130626Z   2024-10-09: 2 problems
2026-10-07T14:43:25.8285907Z   2024-10-08: 2 problems
2026-10-07T14:43:26.0695881Z   2024-10-07: 2 problems
2026-10-07T14:43:26.3126498Z   2024-10-05: 2 problems
2026-10-07T14:43:26.6226648Z   2024-10-04: 2 problems
2026-10-07T14:43:26.8457040Z   2024-10-03: 2 problems
2026-10-07T14:43:27.0618266Z   2024-10-02: 2 problems
2026-10-07T14:43:27.2866847Z   2024-10-01: 2 problems
2026-10-07T14:43:27.5122746Z   2024-09-30: 2 problems
2026-10-07T14:43:27.7191449Z   2024-09-28: 2 problems
2026-10-07T14:43:27.9290958Z   2024-09-27: 2 problems
2026-10-07T14:43:28.1422263Z   2024-09-26: 2 problems
2026-10-07T14:43:28.3556913Z   2024-09-25: 2 problems
2026-10-07T14:43:28.4905133Z   2024-09-24: 2 problems
2026-10-07T14:43:28.7228047Z   2024-09-23: 2 problems
2026-10-07T14:43:29.0163397Z   2024-09-21: 2 problems
2026-10-07T14:43:29.3094986Z   2024-09-20: 2 problems
2026-10-07T14:43:29.5497906Z   2024-09-19: 2 problems
2026-10-07T14:43:29.8238824Z   2024-09-18: 2 problems
2026-10-07T14:43:30.1290882Z   2024-09-17: 2 problems
2026-10-07T14:43:30.3631746Z   2024-09-16: 2 problems
2026-10-07T14:43:30.5905360Z   2024-09-14: 2 problems
2026-10-07T14:43:30.8045110Z   2024-09-13: 2 problems
2026-10-07T14:43:31.0937675Z   2024-09-12: 2 problems
2026-10-07T14:43:31.4590333Z   2024-09-11: 2 problems
2026-10-07T14:43:31.6829040Z   2024-09-10: 2 problems
2026-10-07T14:43:31.9071751Z   2024-09-09: 2 problems
2026-10-07T14:43:32.1307766Z   2024-09-07: 2 problems
2026-10-07T14:43:32.3556916Z   2024-09-06: 2 problems
2026-10-07T14:43:32.5800546Z   2024-09-05: 2 problems
2026-10-07T14:43:32.8053152Z   2024-09-04: 2 problems
2026-10-07T14:43:33.0686122Z   2024-09-03: 2 problems
2026-10-07T14:43:33.3562151Z   2024-09-02: 2 problems
2026-10-07T14:43:33.5663469Z   2024-08-31: 2 problems
2026-10-07T14:43:33.7789388Z   2024-08-30: 2 problems
2026-10-07T14:43:34.0160958Z   2024-08-29: 2 problems
2026-10-07T14:43:34.2221228Z   2024-08-28: 2 problems
2026-10-07T14:43:34.4229404Z   2024-08-27: 2 problems
2026-10-07T14:43:34.6618827Z   2024-08-26: 2 problems
2026-10-07T14:43:34.9126984Z   2024-08-24: 2 problems
2026-10-07T14:43:35.1379506Z   2024-08-23: 2 problems
2026-10-07T14:43:35.3317123Z   2024-08-22: 2 problems
2026-10-07T14:43:35.5599795Z   2024-08-21: 2 problems
2026-10-07T14:43:35.7936577Z   2024-08-20: 2 problems
2026-10-07T14:43:35.9948688Z   2024-08-19: 2 problems
2026-10-07T14:43:36.2086723Z   2024-08-17: 2 problems
2026-10-07T14:43:36.4073249Z   2024-08-16: 2 problems
2026-10-07T14:43:36.6327307Z   2024-08-15: 2 problems
2026-10-07T14:43:36.8832285Z   2024-08-14: 2 problems
2026-10-07T14:43:37.0819479Z   2024-08-13: 2 problems
2026-10-07T14:43:37.3354795Z   2024-08-12: 2 problems
2026-10-07T14:43:37.5530646Z   2024-08-10: 2 problems
2026-10-07T14:43:37.8494149Z   2024-08-09: 2 problems
2026-10-07T14:43:38.0474946Z   2024-08-08: 2 problems
2026-10-07T14:43:38.3032362Z   2024-08-07: 2 problems
2026-10-07T14:43:38.4981440Z   2024-08-06: 2 problems
2026-10-07T14:43:38.7043708Z   2024-08-05: 2 problems
2026-10-07T14:43:38.9175230Z   2024-08-03: 2 problems
2026-10-07T14:43:39.1233042Z   2024-08-02: 2 problems
2026-10-07T14:43:39.4147925Z   2024-08-01: 2 problems
2026-10-07T14:43:39.6334240Z   2024-07-31: 2 problems
2026-10-07T14:43:39.8615135Z   2024-07-30: 2 problems
2026-10-07T14:43:40.0633880Z   2024-07-29: 2 problems
2026-10-07T14:43:40.2656479Z   2024-07-27: 2 problems
2026-10-07T14:43:40.5012240Z   2024-07-26: 2 problems
2026-10-07T14:43:40.7498386Z   2024-07-25: 2 problems
2026-10-07T14:43:40.9438981Z   2024-07-24: 2 problems
2026-10-07T14:43:41.1558194Z   2024-07-23: 2 problems
2026-10-07T14:43:41.3646401Z   2024-07-22: 2 problems
2026-10-07T14:43:41.5893155Z   2024-07-20: 2 problems
2026-10-07T14:43:41.8124018Z   2024-07-19: 2 problems
2026-10-07T14:43:42.0340003Z   2024-07-18: 2 problems
2026-10-07T14:43:42.2541618Z   2024-07-17: 2 problems
2026-10-07T14:43:42.4778354Z   2024-07-16: 2 problems
2026-10-07T14:43:42.6913050Z   2024-07-15: 2 problems
2026-10-07T14:43:42.9098560Z   2024-07-13: 2 problems
2026-10-07T14:43:43.0615139Z   2024-07-12: 2 problems
2026-10-07T14:43:43.3320891Z   2024-07-11: 2 problems
2026-10-07T14:43:43.5419359Z   2024-07-10: 2 problems
2026-10-07T14:43:43.7621249Z   2024-07-09: 2 problems
2026-10-07T14:43:43.9795220Z   2024-07-08: 2 problems
2026-10-07T14:43:44.2036889Z   2024-07-06: 2 problems
2026-10-07T14:43:44.3920718Z   2024-07-05: 2 problems
2026-10-07T14:43:44.6483560Z   2024-07-04: 2 problems
2026-10-07T14:43:44.8622081Z   2024-07-03: 2 problems
2026-10-07T14:43:45.0621242Z   2024-07-02: 2 problems
2026-10-07T14:43:45.2659495Z   2024-07-01: 2 problems
2026-10-07T14:43:45.4662703Z   2024-06-29: 2 problems
2026-10-07T14:43:45.7540818Z   2024-06-28: 2 problems
2026-10-07T14:43:45.9617461Z   2024-06-27: 2 problems
2026-10-07T14:43:46.2336748Z   2024-06-26: 2 problems
2026-10-07T14:43:46.5197034Z   2024-06-25: 2 problems
2026-10-07T14:43:46.7876345Z   2024-06-24: 2 problems
2026-10-07T14:43:47.0190784Z   2024-06-22: 2 problems
2026-10-07T14:43:47.2579770Z   2024-06-21: 2 problems
2026-10-07T14:43:47.4798702Z   2024-06-20: 2 problems
2026-10-07T14:43:47.7009860Z   2024-06-19: 2 problems
2026-10-07T14:43:47.9398203Z   2024-06-18: 2 problems
2026-10-07T14:43:48.2392067Z   2024-06-17: 2 problems
2026-10-07T14:43:48.4380743Z   2024-06-15: 2 problems
2026-10-07T14:43:48.6487232Z   2024-06-14: 2 problems
2026-10-07T14:43:48.8791108Z   2024-06-13: 2 problems
2026-10-07T14:43:49.1700117Z   2024-06-12: 2 problems
2026-10-07T14:43:49.4028713Z   2024-06-11: 2 problems
2026-10-07T14:43:49.6425991Z   2024-06-10: 2 problems
2026-10-07T14:43:49.8790900Z   2024-06-08: 2 problems
2026-10-07T14:43:50.1073117Z   2024-06-07: 2 problems
2026-10-07T14:43:50.3590156Z   2024-06-06: 2 problems
2026-10-07T14:43:50.5738382Z   2024-06-05: 2 problems
2026-10-07T14:43:50.8259415Z   2024-06-04: 2 problems
2026-10-07T14:43:51.0494280Z   2024-06-03: 2 problems
2026-10-07T14:43:51.2568863Z   2024-06-01: 2 problems
2026-10-07T14:43:51.4720448Z   2024-05-31: 2 problems
2026-10-07T14:43:51.6898301Z   2024-05-30: 2 problems
2026-10-07T14:43:51.9069704Z   2024-05-29: 2 problems
2026-10-07T14:43:52.1450669Z   2024-05-28: 2 problems
2026-10-07T14:43:52.3911693Z   2024-05-27: 2 problems
2026-10-07T14:43:52.6443227Z   2024-05-25: 2 problems
2026-10-07T14:43:52.8769608Z   2024-05-24: 2 problems
2026-10-07T14:43:53.1008354Z   2024-05-23: 2 problems
2026-10-07T14:43:53.2926111Z   2024-05-22: 2 problems
2026-10-07T14:43:53.5051384Z   2024-05-21: 2 problems
2026-10-07T14:43:53.8375949Z   2024-05-20: 2 problems
2026-10-07T14:43:54.2048959Z   2024-05-18: 2 problems
2026-10-07T14:43:54.4053340Z   2024-05-17: 2 problems
2026-10-07T14:43:54.6340421Z   2024-05-16: 2 problems
2026-10-07T14:43:54.8246429Z   2024-05-15: 2 problems
2026-10-07T14:43:55.0276067Z   2024-05-14: 2 problems
2026-10-07T14:43:55.2454809Z   2024-05-13: 2 problems
2026-10-07T14:43:55.4527865Z   2024-05-11: 2 problems
2026-10-07T14:43:55.7332589Z   2024-05-10: 2 problems
2026-10-07T14:43:55.9721109Z   2024-05-09: 2 problems
2026-10-07T14:43:56.1785931Z   2024-05-08: 2 problems
2026-10-07T14:43:56.3705795Z   2024-05-07: 2 problems
2026-10-07T14:43:56.5768680Z   2024-05-06: 2 problems
2026-10-07T14:43:56.7847108Z   2024-05-04: 2 problems
2026-10-07T14:43:57.0051166Z   2024-05-03: 2 problems
2026-10-07T14:43:57.1846805Z   2024-05-02: 2 problems
2026-10-07T14:43:57.4038698Z   2024-05-01: 2 problems
2026-10-07T14:43:57.6678080Z   2024-04-30: 2 problems
2026-10-07T14:43:57.8757168Z   2024-04-29: 2 problems
2026-10-07T14:43:58.0829870Z   2024-04-27: 2 problems
2026-10-07T14:43:58.3514432Z   2024-04-26: 2 problems
2026-10-07T14:43:58.5692037Z   2024-04-25: 2 problems
2026-10-07T14:43:58.8769169Z   2024-04-24: 2 problems
2026-10-07T14:43:59.1216127Z   2024-04-23: 2 problems
2026-10-07T14:43:59.3239984Z   2024-04-22: 2 problems
2026-10-07T14:43:59.5386256Z   2024-04-20: 2 problems
2026-10-07T14:43:59.7400944Z   2024-04-19: 2 problems
2026-10-07T14:43:59.9642366Z   2024-04-18: 2 problems
2026-10-07T14:44:00.1952833Z   2024-04-17: 2 problems
2026-10-07T14:44:00.3942266Z   2024-04-16: 2 problems
2026-10-07T14:44:00.5907013Z   2024-04-15: 2 problems
2026-10-07T14:44:00.7827521Z   2024-04-13: 2 problems
2026-10-07T14:44:01.0471540Z   2024-04-12: 2 problems
2026-10-07T14:44:01.2763345Z   2024-04-11: 2 problems
2026-10-07T14:44:01.4890511Z   2024-04-10: 2 problems
2026-10-07T14:44:01.7150041Z   2024-04-09: 2 problems
2026-10-07T14:44:01.9346039Z   2024-04-08: 2 problems
2026-10-07T14:44:02.1321377Z   2024-04-06: 2 problems
2026-10-07T14:44:02.3446220Z   2024-04-05: 2 problems
2026-10-07T14:44:02.5400004Z   2024-04-04: 2 problems
2026-10-07T14:44:02.7583066Z   2024-04-03: 2 problems
2026-10-07T14:44:03.0197054Z   2024-04-02: 2 problems
2026-10-07T14:44:03.2635742Z   2024-04-01: 2 problems
2026-10-07T14:44:03.4635264Z   2024-03-30: 2 problems
2026-10-07T14:44:03.6832808Z   2024-03-29: 2 problems
2026-10-07T14:44:03.9092372Z   2024-03-28: 2 problems
2026-10-07T14:44:04.1268647Z   2024-03-27: 2 problems
2026-10-07T14:44:04.3477584Z   2024-03-26: 2 problems
2026-10-07T14:44:04.5609822Z   2024-03-25: 2 problems
2026-10-07T14:44:04.7723761Z   2024-03-23: 2 problems
2026-10-07T14:44:04.9857706Z   2024-03-22: 2 problems
2026-10-07T14:44:05.1887105Z   2024-03-21: 2 problems
2026-10-07T14:44:05.3973963Z   2024-03-20: 2 problems
2026-10-07T14:44:05.6382651Z   2024-03-19: 2 problems
2026-10-07T14:44:05.8528940Z   2024-03-18: 2 problems
2026-10-07T14:44:06.0472255Z   2024-03-16: 2 problems
2026-10-07T14:44:06.2558755Z   2024-03-15: 2 problems
2026-10-07T14:44:06.4703838Z   2024-03-14: 2 problems
2026-10-07T14:44:06.6772870Z   2024-03-13: 2 problems
2026-10-07T14:44:06.8956495Z   2024-03-12: 2 problems
2026-10-07T14:44:07.0807151Z   2024-03-11: 2 problems
2026-10-07T14:44:07.2884917Z   2024-03-09: 2 problems
2026-10-07T14:44:07.7312839Z   2024-03-08: 2 problems
2026-10-07T14:44:07.9261395Z   2024-03-07: 2 problems
2026-10-07T14:44:08.1671652Z   2024-03-06: 2 problems
2026-10-07T14:44:08.3794740Z   2024-03-05: 2 problems
2026-10-07T14:44:08.5800492Z   2024-03-04: 2 problems
2026-10-07T14:44:08.8123269Z   2024-03-02: 2 problems
2026-10-07T14:44:09.0479215Z   2024-03-01: 2 problems
2026-10-07T14:44:09.2637724Z   2024-02-29: 2 problems
2026-10-07T14:44:09.5668473Z   2024-02-28: 2 problems
2026-10-07T14:44:09.7884746Z   2024-02-27: 2 problems
2026-10-07T14:44:10.0253480Z   2024-02-26: 2 problems
2026-10-07T14:44:10.0255651Z Building categories...
2026-10-07T14:44:11.8093524Z Wrote /home/runner/work/ys_problem_web/ys_problem_web/data/daily.json (817 days, 21 categories).
2026-10-07T14:44:11.8094024Z Syncing leaderboard (records.js from gh-pages)...
2026-10-07T14:44:11.8836261Z   ✓ 361 players, data through 2026-10-06 (unchanged)
2026-10-07T14:44:11.8836599Z LEADERBOARD-SYNC {"changed":false,"players":361,"currentDate":"2026-10-06"}
2026-10-07T14:44:11.8980688Z ##[group]Run node scripts/translate-ai.mjs
2026-10-07T14:44:11.8980916Z [36;1mnode scripts/translate-ai.mjs[0m
2026-10-07T14:44:11.9033281Z shell: /usr/bin/bash -e {0}
2026-10-07T14:44:11.9033420Z env:
2026-10-07T14:44:11.9033819Z   AI_BASE_URL: ***
2026-10-07T14:44:11.9034008Z   AI_API_KEY: ***
2026-10-07T14:44:11.9034131Z   AI_MODEL: deepseek-v4-flash
2026-10-07T14:44:11.9034273Z   AI_MODEL_LABEL: GLM 5.3 Flash
2026-10-07T14:44:11.9034411Z   AI_TRANSLATE_LIMIT: 60
2026-10-07T14:44:11.9034539Z ##[endgroup]
2026-10-07T14:44:11.9318982Z (node:3554) [MODULE_TYPELESS_PACKAGE_JSON] Warning: Module type of file:///home/runner/work/ys_problem_web/ys_problem_web/lib/mt-protect.js is not specified and it doesn't parse as CommonJS.
2026-10-07T14:44:11.9319511Z Reparsing as ES module because module syntax was detected. This incurs a performance overhead.
2026-10-07T14:44:11.9319932Z To eliminate this warning, add "type": "module" to /home/runner/work/ys_problem_web/ys_problem_web/package.json.
2026-10-07T14:44:11.9320307Z (Use `node --trace-warnings ...` to show where the warning was created)
2026-10-07T14:44:11.9901433Z GYM102319E: 13 segment(s) to translate
2026-10-07T14:44:18.1047443Z   cache warm-up (system-only) ok: in=215 out=1 cached=0 — SYSTEM_PROMPT 前缀已请求落盘
2026-10-07T14:44:22.5014620Z   ✓ title[0]: E. Enegue 的神秘灯笼… [tokens in=227 out=191 cached=0]
2026-10-07T14:44:31.5090163Z   ✓ legend[0]: Enegue 正一边沿着一条穿过森林、略微杂草丛生的小路漫步，一边享受着生活。偶尔，他能透过树冠… [tokens in=319 out=856 cached=0]
2026-10-07T14:44:37.2500183Z   ✓ legend[1]: “谁，”一个声音问道。… [tokens in=223 out=210 cached=0]
2026-10-07T14:44:43.2239673Z   ✓ legend[2]: “Enegue的eyqs，”Enegue回应道，“你是谁？”… [tokens in=234 out=336 cached=0]
2026-10-07T14:45:01.8662102Z   ✓ legend[3]: 那个声音只是回答：“谁。”接着，伴随一道亮光，Enegue 在所有灯笼熄灭前看到了一只猫头鹰的剪… [tokens in=306 out=1971 cached=0]
2026-10-07T14:45:57.4736195Z   ✗ legend[4] — placeholder mangled
2026-10-07T14:46:10.6524091Z   ✓ legend[5]: 由于 Enegue 是个仙人掌，他在 2×105$$$2\times10^5$$$ 次询问后就会… [tokens in=259 out=871 cached=0]
2026-10-07T14:46:21.2716881Z   ✓ input[0]: 输入的第一行包含两个以空格分隔的整数 n$$$n$$$ 和 k$$$k$$$(4≤k≤n≤100… [tokens in=276 out=1164 cached=0]
2026-10-07T14:46:25.1236822Z   ✓ input[1]: 这是一道交互题。你的程序应当使用标准输入输出来与评测程序进行交互。… [tokens in=238 out=103 cached=0]
2026-10-07T14:46:42.1039686Z   ✓ input[2]: 你最多可以进行 2×105$$$2\times10^5$$$ 次询问。每次询问应包含字符 '?'… [tokens in=299 out=1997 cached=0]
2026-10-07T14:46:57.7853548Z   ✓ input[3]: 对于每个查询，返回值将是如上所述的单个整数。返回 −1$$$-1$$$ 表示该查询格式错误，或者… [tokens in=274 out=1652 cached=0]
2026-10-07T14:47:04.8639562Z   ✓ input[4]: 当你准备好猜测 k$$$k$$$ 盏灯笼时，输出一行，以字符 '!' 开头，后接一个长度为 n$… [tokens in=299 out=765 cached=0]
2026-10-07T14:47:09.5533225Z   ✓ note[0]: 样例输入和输出仅展示交互是如何进行的。它很可能会得到错误答案。… [tokens in=235 out=132 cached=0]
2026-10-07T14:47:09.8547888Z GYM102331B: 11 segment(s) to translate
2026-10-07T14:47:16.5103278Z   ✓ title[0]: B. 按位异或… [tokens in=222 out=97 cached=0]
2026-10-07T14:47:22.9794422Z   ✓ legend[0]: Zhong Ziqian 收到了一个整数数组 a1,a2,…,an$$$a_1, a_2, \l… [tokens in=245 out=383 cached=0]
2026-10-07T14:47:45.1663728Z   ✓ legend[1]: 在那之后的每一天，他都试图找到这个数组的一个非空子序列 1≤b1<b2<…<bk≤n$$$1 \… [tokens in=301 out=2468 cached=0]
2026-10-07T14:47:50.8024510Z   ✓ legend[2]: 当然，他每天必须找到一个不同的子序列。… [tokens in=229 out=212 cached=0]
2026-10-07T14:47:57.7926158Z   ✓ legend[3]: 他能在不重复自己的情况下这样做多少天？由于这个数可能非常大，请输出它模 998244353$$$… [tokens in=245 out=610 cached=0]
2026-10-07T14:48:05.8094328Z   ✓ input[0]: 输入的第一行包含两个整数 n$$$n$$$ 和 x$$$x$$$(1≤n≤300000$$$1 … [tokens in=268 out=513 cached=0]
2026-10-07T14:48:11.3102536Z   ✓ input[1]: 下一行包含 n$$$n$$$ 个整数 a1,a2,…,an$$$a_1, a_2, \ldots… [tokens in=248 out=276 cached=0]
2026-10-07T14:48:21.9451545Z   ✓ output[0]: 输出一个整数：Ziqian 的数组的子序列个数，使得每一对元素的按位异或都至少为 x$$$x$$… [tokens in=256 out=1091 cached=0]
2026-10-07T14:48:32.0434919Z   ✓ note[0]: 在第一个样例中，所有 23−1$$$2^3-1$$$ 个非空子序列都是合适的。… [tokens in=236 out=1093 cached=0]
2026-10-07T14:48:38.0827005Z   ✓ note[1]: 在第二个样例中，有两个非空子序列不合适，分别是 b=[1,2]$$$b = [1, 2]$$$ … [tokens in=279 out=402 cached=0]
2026-10-07T14:48:42.4943420Z   ✓ note[2]: 在第三个样例中，b=[1]、b=[2]、b=[3]、b=[2,3]$$$b = [1], b =… [tokens in=245 out=232 cached=0]
2026-10-07T14:48:42.7954434Z GYM103627C: 1 segment(s) to translate
2026-10-07T14:48:57.4431018Z   ✓ legend[1]: 给定一个由非负整数组成、长度为 2N$$$2^N$$$ 的数组 A0,A1,…,A2N−1$$$… [tokens in=307 out=1647 cached=0]
2026-10-07T14:48:57.7497078Z GYM103426B: 1 segment(s) to translate
2026-10-07T14:49:03.1255238Z   ✓ note[4]: $$$4,3,1,2$$$；… [tokens in=219 out=44 cached=0]
2026-10-07T14:49:03.4271830Z GYM106687C: 8 segment(s) to translate
2026-10-07T14:49:35.4781594Z   ✓ legend[5]: 换句话说，从 $$$S$$$ 中的三元组里删除任意一个坐标后，都必须能得到另外两个坐标的所有可能… [tokens in=257 out=4244 cached=0]
2026-10-07T14:49:39.9224161Z   ✓ input[0]: 第一行包含一个整数 $$$T$$$ ($$$1\le T\le 100$$$)，表示测试用例的数… [tokens in=236 out=90 cached=0]
2026-10-07T14:49:43.2134028Z   ✓ input[1]: 对于每个测试用例，一行包含三个整数 $$$a,b,c$$$($$$1\le a\le 100$$… [tokens in=242 out=101 cached=0]
2026-10-07T14:49:46.5544420Z   ✓ output[0]: 对于每个测试用例，输出若干行：… [tokens in=225 out=46 cached=0]
2026-10-07T14:49:50.3064159Z   ✓ output[1]: 第一行包含一个整数 $$$m$$$，表示 $$$|S|$$$ 的最小可能值。… [tokens in=235 out=115 cached=0]
2026-10-07T14:49:55.6406839Z   ✓ output[2]: 接下来的 $$$m$$$ 行每行包含三个整数 $$$x,y,z$$$，描述 $$$S$$$ 中的… [tokens in=240 out=214 cached=0]
2026-10-07T14:50:04.8968804Z   ✓ output[3]: $$$m$$$ 个三元组必须两两不同。它们的顺序无关紧要。如果有多个最小规模的合法集合，输出其中… [tokens in=248 out=354 cached=0]
2026-10-07T14:50:08.3885072Z   ✓ note[0]: 样例输出是一种可能的答案。其他合法的最小大小集合同样会被接受。… [tokens in=233 out=115 cached=0]
2026-10-07T14:50:08.6897461Z GYM106687E: 15 segment(s) to translate
2026-10-07T14:50:27.6147155Z   ✓ title[0]: E. 编码最短路… [tokens in=224 out=145 cached=0]
2026-10-07T14:50:33.6834171Z   ✓ legend[0]: 给定一个无向图，包含 $$$n$$$ 个顶点，编号从 $$$1$$$ 到 $$$n$$$，以及 … [tokens in=275 out=289 cached=0]
2026-10-07T14:50:40.0994340Z   ✓ legend[1]: 考虑一条从顶点 $$$1$$$ 出发，并按此顺序经过权值为 $$$w_1,w_2,\dots,w… [tokens in=264 out=333 cached=0]
2026-10-07T14:50:43.7969087Z   ✓ legend[2]: $$$$$$ w_1\cdot k^{L-1}+w_2\cdot k^{L-2}+\cdots+… [tokens in=221 out=124 cached=0]
2026-10-07T14:50:48.7907671Z   ✓ legend[3]: 空游走的总权重为 $$$0$$$。… [tokens in=226 out=134 cached=0]
2026-10-07T14:51:00.4962689Z   ✓ legend[4]: 对于每个顶点 $$$v$$$，令 $$$\mathrm{dist}(v)$$$ 为从顶点 $$$… [tokens in=261 out=1110 cached=0]
2026-10-07T14:51:04.9894045Z   ✓ legend[5]: 对于每个顶点 $$$v$$$，确定 $$$\mathrm{dist}(v)$$$ 对 $$$99… [tokens in=233 out=251 cached=0]
2026-10-07T14:51:08.8740620Z   ✓ input[0]: 第一行包含一个整数 $$$T$$$($$$1\le T\le10^4$$$)，表示测试用例的数量… [tokens in=236 out=206 cached=0]
2026-10-07T14:51:12.6343873Z   ✓ input[1]: 对于每个测试用例：… [tokens in=221 out=85 cached=0]
2026-10-07T14:51:18.0725507Z   ✓ input[2]: 第一行包含三个整数 $$$n$$$、$$$m$$$ 和 $$$k$$$($$$1\le n\le… [tokens in=271 out=412 cached=0]
2026-10-07T14:51:24.1704272Z   ✓ input[3]: 接下来 $$$m$$$ 行每行包含三个整数 $$$u$$$、$$$v$$$ 和 $$$w$$$(… [tokens in=275 out=447 cached=0]
2026-10-07T14:51:27.8511167Z   ✓ input[4]: 保证所有测试用例中 $$$n$$$ 的总和不超过 $$$2\times10^5$$$，且所有测试… [tokens in=257 out=189 cached=0]
2026-10-07T14:51:35.8910114Z   ✓ output[0]: 对于每个测试用例，输出一行，包含 $$$n$$$ 个整数。对于每个 $$$1\le i\le n… [tokens in=275 out=783 cached=0]
2026-10-07T14:51:40.7856366Z   ✓ note[0]: 在样例中，空游走得到 $$$\mathrm{dist}(1)=0$$$。单边游走得到 $$$\m… [tokens in=242 out=308 cached=0]
2026-10-07T14:51:53.3385292Z   ✓ note[1]: 有两条从顶点 $$$1$$$ 到顶点 $$$4$$$ 的长度为 2 的途径。它们的总权重分别为 … [tokens in=266 out=1037 cached=0]
2026-10-07T14:51:53.6400758Z GYM106598M: 13 segment(s) to translate
2026-10-07T14:51:58.6401432Z   ✓ title[0]: M. 多词… [tokens in=220 out=212 cached=0]
2026-10-07T14:52:04.6759472Z   ✓ legend[0]: 在穿越圣保罗的漫长巴士旅途中，Miguel 喜欢透过车窗观察街边的路牌。路线似乎没有尽头：巴士驶… [tokens in=293 out=397 cached=0]
2026-10-07T14:52:09.9794136Z   ✓ legend[1]: ![](https://espresso.codeforces.com/dccdadc4fea4… [tokens in=219 out=47 cached=0]
2026-10-07T14:52:14.6050243Z   ✓ legend[2]: 在旅途中的某一时刻，当他经过城市的某个区域时，他看到同一个字母序列 $$$s$$$ 重复了 $$… [tokens in=272 out=335 cached=0]
2026-10-07T14:52:20.3011335Z   ✓ legend[3]: 然而，在回家的路上，路线却不同：先是重复 $$$q$$$ 次的 $$$t$$$ 标志，之后才是重… [tokens in=289 out=351 cached=0]
2026-10-07T14:52:25.7461045Z   ✓ legend[4]: 给定一个字符串 $$$u$$$ 和一个非负整数 $$$k$$$，令 $$$u^k$$$ 为由 $… [tokens in=266 out=323 cached=0]
2026-10-07T14:52:34.6240450Z   ✗ legend[5] — placeholder mangled
2026-10-07T14:52:40.4559127Z   ✓ legend[6]: 你的任务是按字典序比较字符串 $$$s^p t^q$$$ 和 $$$t^q s^p$$$。… [tokens in=235 out=222 cached=0]
2026-10-07T14:52:43.9111502Z   ✓ input[0]: 输入的第一行包含字符串 $$$s$$$ 和 $$$t$$$。… [tokens in=234 out=103 cached=0]
2026-10-07T14:52:47.5728944Z   ✓ input[1]: 第二行包含整数 $$$p$$$ 和 $$$q$$$。… [tokens in=231 out=72 cached=0]
2026-10-07T14:52:51.0761207Z   ✓ input[2]: 字符串 $$$s$$$ 和 $$$t$$$ 非空且仅由小写英文字母组成，并满足 $$$1 \le… [tokens in=243 out=181 cached=0]
2026-10-07T14:52:51.3773535Z Done: 58 segment(s) translated (hit limit 60).
2026-10-07T14:52:51.3773876Z ── AI Token 用量（本次运行）──
2026-10-07T14:52:51.3774180Z   模型 deepseek-v4-flash · 请求成功 58 / 失败 2
2026-10-07T14:52:51.3853299Z   输入 14,654 + 输出 32,691 = 合计 47,345 tokens
2026-10-07T14:52:51.3853588Z   其中缓存命中 0 tokens（命中率 0%，命中部分按缓存价计费）
2026-10-07T14:52:51.3853872Z   缓存预热：system-only 探针成功（预热 in=215 cached=0）
2026-10-07T14:52:51.3859804Z TOKEN-USAGE {"model":"deepseek-v4-flash","modelLabel":"GLM 5.3 Flash","ok":58,"fail":2,"in":14654,"out":32691,"cached":0,"segments":[{"code":"GYM102319E","seg":"title[0]","in":227,"out":191,"cached":0},{"code":"GYM102319E","seg":"legend[0]","in":319,"out":856,"cached":0},{"code":"GYM102319E","seg":"legend[1]","in":223,"out":210,"cached":0},{"code":"GYM102319E","seg":"legend[2]","in":234,"out":336,"cached":0},{"code":"GYM102319E","seg":"legend[3]","in":306,"out":1971,"cached":0},{"code":"GYM102319E","seg":"legend[5]","in":259,"out":871,"cached":0},{"code":"GYM102319E","seg":"input[0]","in":276,"out":1164,"cached":0},{"code":"GYM102319E","seg":"input[1]","in":238,"out":103,"cached":0},{"code":"GYM102319E","seg":"input[2]","in":299,"out":1997,"cached":0},{"code":"GYM102319E","seg":"input[3]","in":274,"out":1652,"cached":0},{"code":"GYM102319E","seg":"input[4]","in":299,"out":765,"cached":0},{"code":"GYM102319E","seg":"note[0]","in":235,"out":132,"cached":0},{"code":"GYM102331B","seg":"title[0]","in":222,"out":97,"cached":0},{"code":"GYM102331B","seg":"legend[0]","in":245,"out":383,"cached":0},{"code":"GYM102331B","seg":"legend[1]","in":301,"out":2468,"cached":0},{"code":"GYM102331B","seg":"legend[2]","in":229,"out":212,"cached":0},{"code":"GYM102331B","seg":"legend[3]","in":245,"out":610,"cached":0},{"code":"GYM102331B","seg":"input[0]","in":268,"out":513,"cached":0},{"code":"GYM102331B","seg":"input[1]","in":248,"out":276,"cached":0},{"code":"GYM102331B","seg":"output[0]","in":256,"out":1091,"cached":0},{"code":"GYM102331B","seg":"note[0]","in":236,"out":1093,"cached":0},{"code":"GYM102331B","seg":"note[1]","in":279,"out":402,"cached":0},{"code":"GYM102331B","seg":"note[2]","in":245,"out":232,"cached":0},{"code":"GYM103627C","seg":"legend[1]","in":307,"out":1647,"cached":0},{"code":"GYM103426B","seg":"note[4]","in":219,"out":44,"cached":0},{"code":"GYM106687C","seg":"legend[5]","in":257,"out":4244,"cached":0},{"code":"GYM106687C","seg":"input[0]","in":236,"out":90,"cached":0},{"code":"GYM106687C","seg":"input[1]","in":242,"out":101,"cached":0},{"code":"GYM106687C","seg":"output[0]","in":225,"out":46,"cached":0},{"code":"GYM106687C","seg":"output[1]","in":235,"out":115,"cached":0},{"code":"GYM106687C","seg":"output[2]","in":240,"out":214,"cached":0},{"code":"GYM106687C","seg":"output[3]","in":248,"out":354,"cached":0},{"code":"GYM106687C","seg":"note[0]","in":233,"out":115,"cached":0},{"code":"GYM106687E","seg":"title[0]","in":224,"out":145,"cached":0},{"code":"GYM106687E","seg":"legend[0]","in":275,"out":289,"cached":0},{"code":"GYM106687E","seg":"legend[1]","in":264,"out":333,"cached":0},{"code":"GYM106687E","seg":"legend[2]","in":221,"out":124,"cached":0},{"code":"GYM106687E","seg":"legend[3]","in":226,"out":134,"cached":0},{"code":"GYM106687E","seg":"legend[4]","in":261,"out":1110,"cached":0},{"code":"GYM106687E","seg":"legend[5]","in":233,"out":251,"cached":0},{"code":"GYM106687E","seg":"input[0]","in":236,"out":206,"cached":0},{"code":"GYM106687E","seg":"input[1]","in":221,"out":85,"cached":0},{"code":"GYM106687E","seg":"input[2]","in":271,"out":412,"cached":0},{"code":"GYM106687E","seg":"input[3]","in":275,"out":447,"cached":0},{"code":"GYM106687E","seg":"input[4]","in":257,"out":189,"cached":0},{"code":"GYM106687E","seg":"output[0]","in":275,"out":783,"cached":0},{"code":"GYM106687E","seg":"note[0]","in":242,"out":308,"cached":0},{"code":"GYM106687E","seg":"note[1]","in":266,"out":1037,"cached":0},{"code":"GYM106598M","seg":"title[0]","in":220,"out":212,"cached":0},{"code":"GYM106598M","seg":"legend[0]","in":293,"out":397,"cached":0},{"code":"GYM106598M","seg":"legend[1]","in":219,"out":47,"cached":0},{"code":"GYM106598M","seg":"legend[2]","in":272,"out":335,"cached":0},{"code":"GYM106598M","seg":"legend[3]","in":289,"out":351,"cached":0},{"code":"GYM106598M","seg":"legend[4]","in":266,"out":323,"cached":0},{"code":"GYM106598M","seg":"legend[6]","in":235,"out":222,"cached":0},{"code":"GYM106598M","seg":"input[0]","in":234,"out":103,"cached":0},{"code":"GYM106598M","seg":"input[1]","in":231,"out":72,"cached":0},{"code":"GYM106598M","seg":"input[2]","in":243,"out":181,"cached":0}],"totalTokens":47345,"warmup":{"ok":true,"mode":"system-only","in":215,"out":1,"cached":0}}
2026-10-07T14:52:51.3962499Z ##[group]Run CF_STATEMENTS=0 TRANSLATE=0 node scripts/update-data.mjs
2026-10-07T14:52:51.3962773Z [36;1mCF_STATEMENTS=0 TRANSLATE=0 node scripts/update-data.mjs[0m
2026-10-07T14:52:51.4013313Z shell: /usr/bin/bash -e {0}
2026-10-07T14:52:51.4013450Z env:
2026-10-07T14:52:51.4014968Z   GITHUB_TOKEN: ***
2026-10-07T14:52:51.4015092Z ##[endgroup]
2026-10-07T14:52:51.4797941Z Discovering daily problem folders...
2026-10-07T14:52:52.5337361Z Found 817 days, syncing the most recent 817.
2026-10-07T14:52:53.0547582Z   2026-10-08: 2 problems
2026-10-07T14:52:53.4735621Z   2026-10-07: 2 problems
2026-10-07T14:52:53.9114396Z   2026-10-06: 2 problems
2026-10-07T14:52:54.1886093Z   2026-10-05: 2 problems
2026-10-07T14:52:54.5839479Z   2026-10-03: 2 problems
2026-10-07T14:52:54.9228716Z   2026-10-02: 2 problems
2026-10-07T14:52:55.2057214Z   2026-10-01: 2 problems
2026-10-07T14:52:55.5608857Z   2026-09-30: 2 problems
2026-10-07T14:52:55.9011133Z   2026-09-29: 2 problems
2026-10-07T14:52:56.3181020Z   2026-09-28: 2 problems
2026-10-07T14:52:56.5903624Z   2026-09-26: 2 problems
2026-10-07T14:52:56.9626368Z   2026-09-25: 2 problems
2026-10-07T14:52:57.3017467Z   2026-09-24: 2 problems
2026-10-07T14:52:57.6872740Z   2026-09-23: 2 problems
2026-10-07T14:52:57.9936693Z   2026-09-22: 2 problems
2026-10-07T14:52:58.4027260Z   2026-09-21: 2 problems
2026-10-07T14:52:58.6885181Z   2026-09-19: 2 problems
2026-10-07T14:52:59.0854735Z   2026-09-18: 2 problems
2026-10-07T14:52:59.4709111Z   2026-09-17: 2 problems
2026-10-07T14:52:59.8801102Z   2026-09-16: 2 problems
2026-10-07T14:53:00.1547622Z   2026-09-15: 2 problems
2026-10-07T14:53:00.3459606Z   2026-09-14: 2 problems
2026-10-07T14:53:00.7442153Z   2026-09-12: 2 problems
2026-10-07T14:53:01.0219076Z   2026-09-11: 2 problems
2026-10-07T14:53:01.3774286Z   2026-09-10: 2 problems
2026-10-07T14:53:01.6609006Z   2026-09-09: 2 problems
2026-10-07T14:53:02.0096686Z   2026-09-08: 2 problems
2026-10-07T14:53:02.2775972Z   2026-09-07: 2 problems
2026-10-07T14:53:02.6213372Z   2026-09-05: 2 problems
2026-10-07T14:53:02.9538348Z   2026-09-04: 2 problems
2026-10-07T14:53:03.2369289Z   2026-09-03: 2 problems
2026-10-07T14:53:03.5067125Z   2026-09-02: 2 problems
2026-10-07T14:53:03.7932103Z   2026-09-01: 2 problems
2026-10-07T14:53:04.0591368Z   2026-08-31: 2 problems
2026-10-07T14:53:04.3750089Z   2026-08-29: 2 problems
2026-10-07T14:53:04.6291475Z   2026-08-28: 2 problems
2026-10-07T14:53:04.8982269Z   2026-08-27: 2 problems
2026-10-07T14:53:05.2272863Z   2026-08-26: 2 problems
2026-10-07T14:53:05.5294677Z   2026-08-25: 2 problems
2026-10-07T14:53:05.8173348Z   2026-08-24: 2 problems
2026-10-07T14:53:06.1180986Z   2026-08-22: 2 problems
2026-10-07T14:53:06.3820677Z   2026-08-21: 2 problems
2026-10-07T14:53:06.6926220Z   2026-08-20: 2 problems
2026-10-07T14:53:07.0061496Z   2026-08-19: 2 problems
2026-10-07T14:53:07.3308718Z   2026-08-18: 2 problems
2026-10-07T14:53:07.6243757Z   2026-08-17: 2 problems
2026-10-07T14:53:07.9073316Z   2026-08-15: 2 problems
2026-10-07T14:53:08.2112429Z   2026-08-14: 2 problems
2026-10-07T14:53:08.4831232Z   2026-08-13: 2 problems
2026-10-07T14:53:08.9016750Z   2026-08-12: 2 problems
2026-10-07T14:53:09.1553479Z   2026-08-11: 2 problems
2026-10-07T14:53:09.4386134Z   2026-08-10: 2 problems
2026-10-07T14:53:09.7103738Z   2026-08-08: 2 problems
2026-10-07T14:53:09.9871477Z   2026-08-07: 2 problems
2026-10-07T14:53:10.2662186Z   2026-08-06: 2 problems
2026-10-07T14:53:10.5530878Z   2026-08-05: 2 problems
2026-10-07T14:53:10.8359260Z   2026-08-04: 2 problems
2026-10-07T14:53:11.1540974Z   2026-08-03: 2 problems
2026-10-07T14:53:11.5536407Z   2026-08-01: 2 problems
2026-10-07T14:53:11.7326762Z   2026-07-31: 2 problems
2026-10-07T14:53:12.0306624Z   2026-07-30: 2 problems
2026-10-07T14:53:12.3466593Z   2026-07-29: 2 problems
2026-10-07T14:53:12.6111818Z   2026-07-28: 2 problems
2026-10-07T14:53:12.9451705Z   2026-07-27: 2 problems
2026-10-07T14:53:13.2065230Z   2026-07-25: 2 problems
2026-10-07T14:53:13.4861012Z   2026-07-24: 2 problems
2026-10-07T14:53:13.7673760Z   2026-07-23: 2 problems
2026-10-07T14:53:14.0656158Z   2026-07-22: 2 problems
2026-10-07T14:53:14.3468966Z   2026-07-21: 2 problems
2026-10-07T14:53:14.6501613Z   2026-07-16: 2 problems
2026-10-07T14:53:14.9756225Z   2026-07-15: 2 problems
2026-10-07T14:53:15.2375774Z   2026-07-14: 2 problems
2026-10-07T14:53:15.5293638Z   2026-07-13: 2 problems
2026-10-07T14:53:15.7793824Z   2026-07-11: 2 problems
2026-10-07T14:53:16.0525514Z   2026-07-10: 2 problems
2026-10-07T14:53:16.3082339Z   2026-07-09: 2 problems
2026-10-07T14:53:16.5720123Z   2026-07-08: 2 problems
2026-10-07T14:53:16.8309476Z   2026-07-07: 2 problems
2026-10-07T14:53:17.1470158Z   2026-07-06: 2 problems
2026-10-07T14:53:17.4369855Z   2026-07-04: 2 problems
2026-10-07T14:53:17.6955411Z   2026-07-03: 2 problems
2026-10-07T14:53:18.0352674Z   2026-07-02: 2 problems
2026-10-07T14:53:18.3027905Z   2026-07-01: 2 problems
2026-10-07T14:53:18.5896920Z   2026-06-30: 2 problems
2026-10-07T14:53:18.8342310Z   2026-06-29: 2 problems
2026-10-07T14:53:19.1135477Z   2026-06-27: 2 problems
2026-10-07T14:53:19.5184813Z   2026-06-26: 2 problems
2026-10-07T14:53:19.9165266Z   2026-06-25: 2 problems
2026-10-07T14:53:20.1841836Z   2026-06-24: 2 problems
2026-10-07T14:53:20.5840411Z   2026-06-23: 2 problems
2026-10-07T14:53:20.9668260Z   2026-06-22: 2 problems
2026-10-07T14:53:21.3075451Z   2026-06-20: 1 problems
2026-10-07T14:53:21.8312811Z   2026-06-19: 2 problems
2026-10-07T14:53:22.1243209Z   2026-06-18: 2 problems
2026-10-07T14:53:22.4238766Z   2026-06-17: 2 problems
2026-10-07T14:53:22.8261091Z   2026-06-16: 2 problems
2026-10-07T14:53:23.2480724Z   2026-06-15: 2 problems
2026-10-07T14:53:23.5285865Z   2026-06-13: 2 problems
2026-10-07T14:53:23.8049123Z   2026-06-12: 2 problems
2026-10-07T14:53:24.1188465Z   2026-06-11: 2 problems
2026-10-07T14:53:24.4399411Z   2026-06-10: 2 problems
2026-10-07T14:53:24.7542518Z   2026-06-09: 2 problems
2026-10-07T14:53:25.1050809Z   2026-06-08: 2 problems
2026-10-07T14:53:25.3972234Z   2026-06-06: 2 problems
2026-10-07T14:53:25.7689207Z   2026-06-05: 2 problems
2026-10-07T14:53:26.0774009Z   2026-06-04: 2 problems
2026-10-07T14:53:26.1626912Z   2026-06-03: 2 problems
2026-10-07T14:53:26.5060248Z   2026-06-02: 2 problems
2026-10-07T14:53:26.7957655Z   2026-06-01: 2 problems
2026-10-07T14:53:27.1123929Z   2026-05-30: 2 problems
2026-10-07T14:53:27.4245995Z   2026-05-29: 2 problems
2026-10-07T14:53:27.8246735Z   2026-05-28: 2 problems
2026-10-07T14:53:28.1111104Z   2026-05-27: 2 problems
2026-10-07T14:53:28.3259329Z   2026-05-26: 2 problems
2026-10-07T14:53:28.6033783Z   2026-05-25: 2 problems
2026-10-07T14:53:28.8797349Z   2026-05-23: 2 problems
2026-10-07T14:53:29.2148640Z   2026-05-22: 2 problems
2026-10-07T14:53:29.5211038Z   2026-05-21: 2 problems
2026-10-07T14:53:29.8111385Z   2026-05-20: 2 problems
2026-10-07T14:53:30.1058938Z   2026-05-19: 2 problems
2026-10-07T14:53:30.4031775Z   2026-05-18: 2 problems
2026-10-07T14:53:30.6735958Z   2026-05-16: 2 problems
2026-10-07T14:53:30.9530284Z   2026-05-15: 2 problems
2026-10-07T14:53:31.3085706Z   2026-05-14: 2 problems
2026-10-07T14:53:31.5938157Z   2026-05-13: 2 problems
2026-10-07T14:53:31.9340207Z   2026-05-12: 2 problems
2026-10-07T14:53:32.2071418Z   2026-05-11: 2 problems
2026-10-07T14:53:32.4853214Z   2026-05-09: 2 problems
2026-10-07T14:53:32.8041739Z   2026-05-08: 2 problems
2026-10-07T14:53:33.1044990Z   2026-05-07: 2 problems
2026-10-07T14:53:33.3795235Z   2026-05-06: 2 problems
2026-10-07T14:53:33.6713437Z   2026-05-05: 2 problems
2026-10-07T14:53:33.9665306Z   2026-05-04: 2 problems
2026-10-07T14:53:34.3021547Z   2026-05-02: 2 problems
2026-10-07T14:53:34.5907336Z   2026-05-01: 2 problems
2026-10-07T14:53:34.8787394Z   2026-04-30: 2 problems
2026-10-07T14:53:35.2199017Z   2026-04-29: 2 problems
2026-10-07T14:53:35.5106406Z   2026-04-28: 2 problems
2026-10-07T14:53:35.8297705Z   2026-04-27: 2 problems
2026-10-07T14:53:36.1114299Z   2026-04-25: 2 problems
2026-10-07T14:53:36.3987399Z   2026-04-24: 2 problems
2026-10-07T14:53:36.6762731Z   2026-04-23: 2 problems
2026-10-07T14:53:36.9846972Z   2026-04-22: 2 problems
2026-10-07T14:53:37.4298951Z   2026-04-21: 2 problems
2026-10-07T14:53:37.7190078Z   2026-04-20: 2 problems
2026-10-07T14:53:38.0158766Z   2026-04-18: 2 problems
2026-10-07T14:53:38.2757115Z   2026-04-17: 2 problems
2026-10-07T14:53:38.5490167Z   2026-04-16: 2 problems
2026-10-07T14:53:38.8480164Z   2026-04-15: 2 problems
2026-10-07T14:53:39.1584538Z   2026-04-14: 2 problems
2026-10-07T14:53:39.4358011Z   2026-04-13: 2 problems
2026-10-07T14:53:39.7506525Z   2026-04-11: 2 problems
2026-10-07T14:53:40.0709962Z   2026-04-10: 2 problems
2026-10-07T14:53:40.3791676Z   2026-04-09: 2 problems
2026-10-07T14:53:40.5567149Z   2026-04-08: 2 problems
2026-10-07T14:53:40.8498206Z   2026-04-07: 2 problems
2026-10-07T14:53:41.1365792Z   2026-04-06: 2 problems
2026-10-07T14:53:41.4111661Z   2026-04-04: 2 problems
2026-10-07T14:53:41.6982159Z   2026-04-03: 2 problems
2026-10-07T14:53:41.9525463Z   2026-04-02: 2 problems
2026-10-07T14:53:42.2783717Z   2026-04-01: 2 problems
2026-10-07T14:53:42.5806811Z   2026-03-31: 2 problems
2026-10-07T14:53:42.8717626Z   2026-03-30: 2 problems
2026-10-07T14:53:43.1549430Z   2026-03-28: 2 problems
2026-10-07T14:53:43.4339148Z   2026-03-27: 2 problems
2026-10-07T14:53:43.6899631Z   2026-03-26: 2 problems
2026-10-07T14:53:43.9413219Z   2026-03-25: 2 problems
2026-10-07T14:53:44.2281350Z   2026-03-24: 2 problems
2026-10-07T14:53:44.5362947Z   2026-03-23: 2 problems
2026-10-07T14:53:44.8433970Z   2026-03-21: 2 problems
2026-10-07T14:53:45.1443437Z   2026-03-20: 2 problems
2026-10-07T14:53:45.4245754Z   2026-03-19: 2 problems
2026-10-07T14:53:45.7041190Z   2026-03-18: 2 problems
2026-10-07T14:53:46.0930029Z   2026-03-17: 2 problems
2026-10-07T14:53:46.3735452Z   2026-03-16: 2 problems
2026-10-07T14:53:46.6747919Z   2026-03-14: 2 problems
2026-10-07T14:53:46.9550484Z   2026-03-13: 2 problems
2026-10-07T14:53:47.2731826Z   2026-03-12: 2 problems
2026-10-07T14:53:47.5626960Z   2026-03-11: 2 problems
2026-10-07T14:53:47.8818461Z   2026-03-10: 2 problems
2026-10-07T14:53:48.3093741Z   2026-03-09: 2 problems
2026-10-07T14:53:48.6862812Z   2026-03-07: 2 problems
2026-10-07T14:53:49.0061691Z   2026-03-06: 2 problems
2026-10-07T14:53:49.3151657Z   2026-03-05: 2 problems
2026-10-07T14:53:49.7319215Z   2026-03-04: 2 problems
2026-10-07T14:53:50.1431821Z   2026-03-03: 2 problems
2026-10-07T14:53:50.4673301Z   2026-03-02: 2 problems
2026-10-07T14:53:50.8845841Z   2026-02-28: 2 problems
2026-10-07T14:53:51.1969464Z   2026-02-27: 2 problems
2026-10-07T14:53:51.5338679Z   2026-02-26: 2 problems
2026-10-07T14:53:51.9514549Z   2026-02-25: 2 problems
2026-10-07T14:53:52.2497784Z   2026-02-24: 2 problems
2026-10-07T14:53:52.5038590Z   2026-02-23: 2 problems
2026-10-07T14:53:52.7699849Z   2026-02-21: 2 problems
2026-10-07T14:53:53.0615994Z   2026-02-20: 2 problems
2026-10-07T14:53:53.3519842Z   2026-02-19: 2 problems
2026-10-07T14:53:53.6392271Z   2026-02-18: 2 problems
2026-10-07T14:53:53.9508888Z   2026-02-17: 2 problems
2026-10-07T14:53:54.2863812Z   2026-02-16: 2 problems
2026-10-07T14:53:54.6092384Z   2026-02-14: 2 problems
2026-10-07T14:53:54.8859966Z   2026-02-13: 2 problems
2026-10-07T14:53:55.2062172Z   2026-02-12: 2 problems
2026-10-07T14:53:55.5092862Z   2026-02-11: 2 problems
2026-10-07T14:53:56.1134302Z   2026-02-10: 2 problems
2026-10-07T14:53:56.6079090Z   2026-02-09: 2 problems
2026-10-07T14:53:57.0528726Z   2026-02-07: 2 problems
2026-10-07T14:53:57.3643323Z   2026-02-06: 2 problems
2026-10-07T14:53:57.8348242Z   2026-02-05: 2 problems
2026-10-07T14:53:58.1955578Z   2026-02-04: 2 problems
2026-10-07T14:53:58.5172900Z   2026-02-03: 2 problems
2026-10-07T14:53:58.8068555Z   2026-02-02: 2 problems
2026-10-07T14:53:59.2616692Z   2026-01-31: 2 problems
2026-10-07T14:53:59.7289080Z   2026-01-30: 2 problems
2026-10-07T14:54:00.3484851Z   2026-01-29: 2 problems
2026-10-07T14:54:00.8671324Z   2026-01-28: 2 problems
2026-10-07T14:54:01.3745215Z   2026-01-27: 2 problems
2026-10-07T14:54:01.7984383Z   2026-01-26: 2 problems
2026-10-07T14:54:02.1934470Z   2026-01-24: 2 problems
2026-10-07T14:54:02.6305243Z   2026-01-23: 2 problems
2026-10-07T14:54:02.8938914Z   2026-01-22: 2 problems
2026-10-07T14:54:03.4229911Z   2026-01-21: 2 problems
2026-10-07T14:54:03.9689242Z   2026-01-20: 2 problems
2026-10-07T14:54:04.4549900Z   2026-01-19: 2 problems
2026-10-07T14:54:04.8702726Z   2026-01-17: 2 problems
2026-10-07T14:54:05.4470163Z   2026-01-16: 2 problems
2026-10-07T14:54:05.9632128Z   2026-01-15: 2 problems
2026-10-07T14:54:06.7084199Z   2026-01-14: 2 problems
2026-10-07T14:54:07.0558447Z   2026-01-13: 2 problems
2026-10-07T14:54:07.5451121Z   2026-01-12: 2 problems
2026-10-07T14:54:08.1385665Z   2026-01-10: 2 problems
2026-10-07T14:54:08.5235487Z   2026-01-09: 2 problems
2026-10-07T14:54:08.8454111Z   2026-01-08: 2 problems
2026-10-07T14:54:09.2507778Z   2026-01-07: 2 problems
2026-10-07T14:54:09.6134865Z   2026-01-06: 2 problems
2026-10-07T14:54:10.1366538Z   2026-01-05: 2 problems
2026-10-07T14:54:10.4580228Z   2026-01-03: 2 problems
2026-10-07T14:54:10.8163434Z   2026-01-02: 2 problems
2026-10-07T14:54:11.4430116Z   2026-01-01: 2 problems
2026-10-07T14:54:11.8656574Z   2025-12-31: 2 problems
2026-10-07T14:54:12.1595965Z   2025-12-30: 2 problems
2026-10-07T14:54:12.8544925Z   2025-12-29: 2 problems
2026-10-07T14:54:13.5148165Z   2025-12-27: 2 problems
2026-10-07T14:54:13.8175874Z   2025-12-26: 2 problems
2026-10-07T14:54:14.2494392Z   2025-12-25: 2 problems
2026-10-07T14:54:14.8101140Z   2025-12-24: 2 problems
2026-10-07T14:54:15.1917996Z   2025-12-23: 2 problems
2026-10-07T14:54:15.6390109Z   2025-12-22: 2 problems
2026-10-07T14:54:15.9154703Z   2025-12-20: 2 problems
2026-10-07T14:54:16.3423166Z   2025-12-19: 2 problems
2026-10-07T14:54:16.8826627Z   2025-12-18: 2 problems
2026-10-07T14:54:17.4073287Z   2025-12-17: 2 problems
2026-10-07T14:54:17.6880842Z   2025-12-16: 2 problems
2026-10-07T14:54:18.2948999Z   2025-12-15: 2 problems
2026-10-07T14:54:18.7339406Z   2025-12-13: 2 problems
2026-10-07T14:54:19.0674396Z   2025-12-12: 2 problems
2026-10-07T14:54:19.3790347Z   2025-12-11: 2 problems
2026-10-07T14:54:19.6719004Z   2025-12-10: 2 problems
2026-10-07T14:54:19.9692641Z   2025-12-09: 2 problems
2026-10-07T14:54:20.3549437Z   2025-12-08: 2 problems
2026-10-07T14:54:20.7590060Z   2025-12-06: 2 problems
2026-10-07T14:54:21.0650028Z   2025-12-05: 2 problems
2026-10-07T14:54:21.5697657Z   2025-12-04: 2 problems
2026-10-07T14:54:21.9051153Z   2025-12-03: 2 problems
2026-10-07T14:54:22.2112346Z   2025-12-02: 2 problems
2026-10-07T14:54:22.5093200Z   2025-12-01: 2 problems
2026-10-07T14:54:22.7943913Z   2025-11-29: 2 problems
2026-10-07T14:54:23.0721307Z   2025-11-28: 2 problems
2026-10-07T14:54:23.3645667Z   2025-11-27: 2 problems
2026-10-07T14:54:23.6524350Z   2025-11-26: 2 problems
2026-10-07T14:54:23.9453147Z   2025-11-25: 2 problems
2026-10-07T14:54:24.2482735Z   2025-11-24: 2 problems
2026-10-07T14:54:24.6935109Z   2025-11-22: 2 problems
2026-10-07T14:54:25.1802616Z   2025-11-21: 2 problems
2026-10-07T14:54:25.4572785Z   2025-11-20: 2 problems
2026-10-07T14:54:25.9657084Z   2025-11-19: 2 problems
2026-10-07T14:54:26.2712362Z   2025-11-18: 2 problems
2026-10-07T14:54:26.5632143Z   2025-11-17: 2 problems
2026-10-07T14:54:26.9197956Z   2025-11-15: 2 problems
2026-10-07T14:54:27.3331767Z   2025-11-14: 2 problems
2026-10-07T14:54:27.7474024Z   2025-11-13: 2 problems
2026-10-07T14:54:28.2753839Z   2025-11-12: 2 problems
2026-10-07T14:54:28.6767218Z   2025-11-11: 2 problems
2026-10-07T14:54:28.9816122Z   2025-11-10: 2 problems
2026-10-07T14:54:29.3082845Z   2025-11-08: 2 problems
2026-10-07T14:54:29.6082745Z   2025-11-07: 2 problems
2026-10-07T14:54:29.9966293Z   2025-11-06: 2 problems
2026-10-07T14:54:30.3288873Z   2025-11-05: 2 problems
2026-10-07T14:54:30.7028919Z   2025-11-04: 2 problems
2026-10-07T14:54:30.9932693Z   2025-11-03: 2 problems
2026-10-07T14:54:31.3270014Z   2025-11-01: 2 problems
2026-10-07T14:54:31.5081269Z   2025-10-31: 2 problems
2026-10-07T14:54:31.8035129Z   2025-10-30: 2 problems
2026-10-07T14:54:32.0999478Z   2025-10-29: 2 problems
2026-10-07T14:54:32.5247097Z   2025-10-28: 2 problems
2026-10-07T14:54:32.8346868Z   2025-10-27: 2 problems
2026-10-07T14:54:33.1340324Z   2025-10-25: 2 problems
2026-10-07T14:54:33.4458711Z   2025-10-24: 2 problems
2026-10-07T14:54:33.8181113Z   2025-10-23: 2 problems
2026-10-07T14:54:34.1110025Z   2025-10-22: 2 problems
2026-10-07T14:54:34.3923324Z   2025-10-21: 2 problems
2026-10-07T14:54:34.7173084Z   2025-10-20: 2 problems
2026-10-07T14:54:35.0380411Z   2025-10-18: 2 problems
2026-10-07T14:54:35.3418674Z   2025-10-17: 2 problems
2026-10-07T14:54:35.6154905Z   2025-10-16: 2 problems
2026-10-07T14:54:35.8739521Z   2025-10-15: 2 problems
2026-10-07T14:54:36.1503918Z   2025-10-14: 2 problems
2026-10-07T14:54:36.5630820Z   2025-10-13: 2 problems
2026-10-07T14:54:36.9895685Z   2025-10-11: 2 problems
2026-10-07T14:54:37.2614980Z   2025-10-10: 2 problems
2026-10-07T14:54:37.6628712Z   2025-10-09: 2 problems
2026-10-07T14:54:38.0580116Z   2025-10-08: 2 problems
2026-10-07T14:54:38.3510834Z   2025-10-07: 2 problems
2026-10-07T14:54:38.6229470Z   2025-10-06: 2 problems
2026-10-07T14:54:38.9327961Z   2025-10-04: 2 problems
2026-10-07T14:54:39.1993961Z   2025-10-03: 2 problems
2026-10-07T14:54:39.4630799Z   2025-10-02: 2 problems
2026-10-07T14:54:39.9806935Z   2025-10-01: 2 problems
2026-10-07T14:54:40.2618041Z   2025-09-30: 2 problems
2026-10-07T14:54:40.5585933Z   2025-09-29: 2 problems
2026-10-07T14:54:40.8218084Z   2025-09-27: 2 problems
2026-10-07T14:54:41.0860333Z   2025-09-26: 2 problems
2026-10-07T14:54:41.4018313Z   2025-09-25: 2 problems
2026-10-07T14:54:41.6635365Z   2025-09-24: 2 problems
2026-10-07T14:54:41.9270570Z   2025-09-23: 2 problems
2026-10-07T14:54:42.2692281Z   2025-09-22: 2 problems
2026-10-07T14:54:42.5349943Z   2025-09-20: 2 problems
2026-10-07T14:54:42.8475980Z   2025-09-19: 2 problems
2026-10-07T14:54:43.1029234Z   2025-09-18: 2 problems
2026-10-07T14:54:43.3592758Z   2025-09-17: 2 problems
2026-10-07T14:54:43.6450186Z   2025-09-16: 2 problems
2026-10-07T14:54:43.9070369Z   2025-09-15: 2 problems
2026-10-07T14:54:44.2249766Z   2025-09-13: 2 problems
2026-10-07T14:54:44.5318596Z   2025-09-12: 2 problems
2026-10-07T14:54:44.8145890Z   2025-09-11: 2 problems
2026-10-07T14:54:45.0910475Z   2025-09-10: 2 problems
2026-10-07T14:54:45.3756367Z   2025-09-09: 2 problems
2026-10-07T14:54:45.6485307Z   2025-09-08: 2 problems
2026-10-07T14:54:45.9425526Z   2025-09-06: 2 problems
2026-10-07T14:54:46.2333233Z   2025-09-05: 2 problems
2026-10-07T14:54:46.5106751Z   2025-09-04: 2 problems
2026-10-07T14:54:46.7732575Z   2025-09-03: 2 problems
2026-10-07T14:54:47.0597193Z   2025-09-02: 2 problems
2026-10-07T14:54:47.4198086Z   2025-09-01: 2 problems
2026-10-07T14:54:47.7038700Z   2025-08-30: 2 problems
2026-10-07T14:54:48.0049398Z   2025-08-29: 2 problems
2026-10-07T14:54:48.3879589Z   2025-08-28: 2 problems
2026-10-07T14:54:48.6651243Z   2025-08-27: 2 problems
2026-10-07T14:54:48.9598349Z   2025-08-26: 2 problems
2026-10-07T14:54:49.2406890Z   2025-08-25: 2 problems
2026-10-07T14:54:49.5515562Z   2025-08-23: 2 problems
2026-10-07T14:54:49.8298927Z   2025-08-22: 2 problems
2026-10-07T14:54:50.1249945Z   2025-08-21: 2 problems
2026-10-07T14:54:50.3852656Z   2025-08-20: 2 problems
2026-10-07T14:54:50.6560908Z   2025-08-19: 2 problems
2026-10-07T14:54:50.9634992Z   2025-08-18: 2 problems
2026-10-07T14:54:51.3088606Z   2025-08-16: 2 problems
2026-10-07T14:54:51.5992022Z   2025-08-15: 2 problems
2026-10-07T14:54:51.9770751Z   2025-08-14: 2 problems
2026-10-07T14:54:52.2470157Z   2025-08-13: 2 problems
2026-10-07T14:54:52.5435320Z   2025-08-12: 2 problems
2026-10-07T14:54:52.8128124Z   2025-08-11: 2 problems
2026-10-07T14:54:53.0763920Z   2025-08-09: 2 problems
2026-10-07T14:54:53.3404938Z   2025-08-08: 2 problems
2026-10-07T14:54:53.6390094Z   2025-08-07: 2 problems
2026-10-07T14:54:53.9599331Z   2025-08-06: 2 problems
2026-10-07T14:54:54.2462985Z   2025-08-05: 2 problems
2026-10-07T14:54:54.5218412Z   2025-08-04: 2 problems
2026-10-07T14:54:54.8021442Z   2025-08-02: 2 problems
2026-10-07T14:54:55.0548438Z   2025-08-01: 2 problems
2026-10-07T14:54:55.3185328Z   2025-07-31: 2 problems
2026-10-07T14:54:55.6139728Z   2025-07-30: 2 problems
2026-10-07T14:54:55.9103165Z   2025-07-29: 2 problems
2026-10-07T14:54:56.2048324Z   2025-07-28: 2 problems
2026-10-07T14:54:56.5067319Z   2025-07-26: 2 problems
2026-10-07T14:54:56.7909989Z   2025-07-25: 2 problems
2026-10-07T14:54:57.1003424Z   2025-07-24: 2 problems
2026-10-07T14:54:57.3727900Z   2025-07-23: 2 problems
2026-10-07T14:54:57.6478653Z   2025-07-22: 2 problems
2026-10-07T14:54:57.9333522Z   2025-07-21: 2 problems
2026-10-07T14:54:58.2105298Z   2025-07-19: 2 problems
2026-10-07T14:54:58.5088528Z   2025-07-18: 2 problems
2026-10-07T14:54:58.8053278Z   2025-07-17: 2 problems
2026-10-07T14:54:59.0653897Z   2025-07-16: 2 problems
2026-10-07T14:54:59.3327703Z   2025-07-15: 2 problems
2026-10-07T14:54:59.6453971Z   2025-07-14: 2 problems
2026-10-07T14:55:00.0068441Z   2025-07-12: 2 problems
2026-10-07T14:55:00.3066804Z   2025-07-11: 2 problems
2026-10-07T14:55:00.5921607Z   2025-07-10: 2 problems
2026-10-07T14:55:00.8832585Z   2025-07-09: 2 problems
2026-10-07T14:55:01.1417818Z   2025-07-08: 2 problems
2026-10-07T14:55:01.3977732Z   2025-07-07: 2 problems
2026-10-07T14:55:01.6613525Z   2025-07-05: 2 problems
2026-10-07T14:55:01.9172405Z   2025-07-04: 2 problems
2026-10-07T14:55:02.1820738Z   2025-07-03: 2 problems
2026-10-07T14:55:02.4678380Z   2025-07-02: 2 problems
2026-10-07T14:55:02.7792599Z   2025-07-01: 2 problems
2026-10-07T14:55:03.0618308Z   2025-06-30: 2 problems
2026-10-07T14:55:03.4069405Z   2025-06-28: 2 problems
2026-10-07T14:55:03.7310123Z   2025-06-27: 2 problems
2026-10-07T14:55:04.0195754Z   2025-06-26: 2 problems
2026-10-07T14:55:04.2733212Z   2025-06-25: 2 problems
2026-10-07T14:55:04.5748301Z   2025-06-24: 2 problems
2026-10-07T14:55:04.8859486Z   2025-06-23: 2 problems
2026-10-07T14:55:05.0642416Z   2025-06-21: 2 problems
2026-10-07T14:55:05.3177782Z   2025-06-20: 2 problems
2026-10-07T14:55:05.5696347Z   2025-06-19: 2 problems
2026-10-07T14:55:05.8469346Z   2025-06-18: 2 problems
2026-10-07T14:55:06.1621408Z   2025-06-17: 2 problems
2026-10-07T14:55:06.4287938Z   2025-06-16: 2 problems
2026-10-07T14:55:06.7089676Z   2025-06-14: 2 problems
2026-10-07T14:55:06.9937165Z   2025-06-13: 2 problems
2026-10-07T14:55:07.4053019Z   2025-06-12: 2 problems
2026-10-07T14:55:07.7113203Z   2025-06-11: 2 problems
2026-10-07T14:55:07.9758688Z   2025-06-10: 2 problems
2026-10-07T14:55:08.2497046Z   2025-06-09: 2 problems
2026-10-07T14:55:08.5556351Z   2025-06-07: 2 problems
2026-10-07T14:55:08.8339581Z   2025-06-06: 2 problems
2026-10-07T14:55:09.1145415Z   2025-06-05: 2 problems
2026-10-07T14:55:09.4091452Z   2025-06-04: 2 problems
2026-10-07T14:55:09.6687025Z   2025-06-03: 2 problems
2026-10-07T14:55:09.9593392Z   2025-06-02: 2 problems
2026-10-07T14:55:10.2245417Z   2025-05-31: 2 problems
2026-10-07T14:55:10.4835156Z   2025-05-30: 2 problems
2026-10-07T14:55:10.7780245Z   2025-05-29: 2 problems
2026-10-07T14:55:11.0511103Z   2025-05-28: 2 problems
2026-10-07T14:55:11.4014471Z   2025-05-27: 2 problems
2026-10-07T14:55:11.6624736Z   2025-05-26: 2 problems
2026-10-07T14:55:11.9531802Z   2025-05-24: 2 problems
2026-10-07T14:55:12.3023192Z   2025-05-23: 2 problems
2026-10-07T14:55:12.5694636Z   2025-05-22: 2 problems
2026-10-07T14:55:12.8537665Z   2025-05-21: 2 problems
2026-10-07T14:55:13.1133818Z   2025-05-20: 2 problems
2026-10-07T14:55:13.3855144Z   2025-05-19: 2 problems
2026-10-07T14:55:13.6377309Z   2025-05-17: 2 problems
2026-10-07T14:55:13.9048601Z   2025-05-16: 2 problems
2026-10-07T14:55:14.2767960Z   2025-05-15: 2 problems
2026-10-07T14:55:14.5240390Z   2025-05-14: 2 problems
2026-10-07T14:55:14.8055885Z   2025-05-13: 2 problems
2026-10-07T14:55:15.0582107Z   2025-05-12: 2 problems
2026-10-07T14:55:15.3220734Z   2025-05-10: 2 problems
2026-10-07T14:55:15.5977293Z   2025-05-09: 2 problems
2026-10-07T14:55:15.8560893Z   2025-05-08: 2 problems
2026-10-07T14:55:16.1406348Z   2025-05-07: 2 problems
2026-10-07T14:55:16.4044608Z   2025-05-06: 2 problems
2026-10-07T14:55:16.6812752Z   2025-05-05: 2 problems
2026-10-07T14:55:16.9557815Z   2025-05-03: 2 problems
2026-10-07T14:55:17.2098206Z   2025-05-02: 2 problems
2026-10-07T14:55:17.5175264Z   2025-05-01: 2 problems
2026-10-07T14:55:17.7852106Z   2025-04-30: 2 problems
2026-10-07T14:55:18.1160606Z   2025-04-29: 2 problems
2026-10-07T14:55:18.3801458Z   2025-04-28: 2 problems
2026-10-07T14:55:18.7001173Z   2025-04-26: 2 problems
2026-10-07T14:55:19.0002553Z   2025-04-25: 2 problems
2026-10-07T14:55:19.2674140Z   2025-04-24: 2 problems
2026-10-07T14:55:19.5289015Z   2025-04-23: 2 problems
2026-10-07T14:55:19.7980519Z   2025-04-22: 2 problems
2026-10-07T14:55:20.1053575Z   2025-04-21: 2 problems
2026-10-07T14:55:20.4001611Z   2025-04-19: 2 problems
2026-10-07T14:55:20.6715425Z   2025-04-18: 2 problems
2026-10-07T14:55:20.9273975Z   2025-04-17: 2 problems
2026-10-07T14:55:21.2097092Z   2025-04-16: 2 problems
2026-10-07T14:55:21.5233442Z   2025-04-15: 2 problems
2026-10-07T14:55:21.8144543Z   2025-04-14: 2 problems
2026-10-07T14:55:22.2510172Z   2025-04-12: 2 problems
2026-10-07T14:55:22.5302354Z   2025-04-11: 2 problems
2026-10-07T14:55:22.7764161Z   2025-04-10: 2 problems
2026-10-07T14:55:23.0430992Z   2025-04-09: 2 problems
2026-10-07T14:55:23.3102933Z   2025-04-08: 2 problems
2026-10-07T14:55:23.5867943Z   2025-04-07: 2 problems
2026-10-07T14:55:23.8470431Z   2025-04-05: 2 problems
2026-10-07T14:55:24.0951641Z   2025-04-04: 2 problems
2026-10-07T14:55:24.3698100Z   2025-04-03: 2 problems
2026-10-07T14:55:24.6483351Z   2025-04-02: 2 problems
2026-10-07T14:55:24.9172083Z   2025-04-01: 2 problems
2026-10-07T14:55:25.1948578Z   2025-03-31: 2 problems
2026-10-07T14:55:25.4815479Z   2025-03-29: 2 problems
2026-10-07T14:55:25.7393413Z   2025-03-28: 2 problems
2026-10-07T14:55:26.0437176Z   2025-03-27: 2 problems
2026-10-07T14:55:26.3256169Z   2025-03-26: 2 problems
2026-10-07T14:55:26.6213322Z   2025-03-25: 2 problems
2026-10-07T14:55:26.8638529Z   2025-03-24: 2 problems
2026-10-07T14:55:27.1343056Z   2025-03-22: 2 problems
2026-10-07T14:55:27.4090172Z   2025-03-21: 2 problems
2026-10-07T14:55:27.6850999Z   2025-03-20: 2 problems
2026-10-07T14:55:27.9987407Z   2025-03-19: 2 problems
2026-10-07T14:55:28.5005234Z   2025-03-18: 2 problems
2026-10-07T14:55:28.7802031Z   2025-03-17: 2 problems
2026-10-07T14:55:29.0491330Z   2025-03-15: 2 problems
2026-10-07T14:55:29.3264548Z   2025-03-14: 2 problems
2026-10-07T14:55:29.5879831Z   2025-03-13: 2 problems
2026-10-07T14:55:29.8392763Z   2025-03-12: 2 problems
2026-10-07T14:55:30.1023977Z   2025-03-11: 2 problems
2026-10-07T14:55:30.4735278Z   2025-03-10: 2 problems
2026-10-07T14:55:30.7551288Z   2025-03-08: 2 problems
2026-10-07T14:55:31.1557052Z   2025-03-07: 2 problems
2026-10-07T14:55:31.4453440Z   2025-03-06: 2 problems
2026-10-07T14:55:31.7438485Z   2025-03-05: 2 problems
2026-10-07T14:55:31.9995681Z   2025-03-04: 2 problems
2026-10-07T14:55:32.2631270Z   2025-03-03: 2 problems
2026-10-07T14:55:32.5336661Z   2025-03-01: 2 problems
2026-10-07T14:55:32.7805125Z   2025-02-28: 2 problems
2026-10-07T14:55:33.0660931Z   2025-02-27: 2 problems
2026-10-07T14:55:33.3608160Z   2025-02-26: 2 problems
2026-10-07T14:55:33.6405582Z   2025-02-25: 2 problems
2026-10-07T14:55:33.9442449Z   2025-02-24: 2 problems
2026-10-07T14:55:34.2090480Z   2025-02-22: 2 problems
2026-10-07T14:55:34.4621058Z   2025-02-21: 2 problems
2026-10-07T14:55:34.7394288Z   2025-02-20: 2 problems
2026-10-07T14:55:35.0318710Z   2025-02-19: 2 problems
2026-10-07T14:55:35.3034807Z   2025-02-18: 2 problems
2026-10-07T14:55:35.5930693Z   2025-02-17: 2 problems
2026-10-07T14:55:35.9997836Z   2025-02-15: 2 problems
2026-10-07T14:55:36.2586975Z   2025-02-14: 2 problems
2026-10-07T14:55:36.7018206Z   2025-02-13: 2 problems
2026-10-07T14:55:37.0724411Z   2025-02-12: 2 problems
2026-10-07T14:55:37.5067963Z   2025-02-11: 2 problems
2026-10-07T14:55:37.9218449Z   2025-02-10: 2 problems
2026-10-07T14:55:38.2077282Z   2025-02-08: 2 problems
2026-10-07T14:55:38.4815116Z   2025-02-07: 2 problems
2026-10-07T14:55:38.7636021Z   2025-02-06: 2 problems
2026-10-07T14:55:39.0371218Z   2025-02-05: 2 problems
2026-10-07T14:55:39.2978302Z   2025-02-04: 2 problems
2026-10-07T14:55:39.5654038Z   2025-02-03: 2 problems
2026-10-07T14:55:39.8769220Z   2025-02-01: 2 problems
2026-10-07T14:55:40.3867654Z   2025-01-31: 2 problems
2026-10-07T14:55:40.6969329Z   2025-01-30: 2 problems
2026-10-07T14:55:41.1166867Z   2025-01-29: 2 problems
2026-10-07T14:55:41.4098134Z   2025-01-28: 2 problems
2026-10-07T14:55:41.6716930Z   2025-01-27: 2 problems
2026-10-07T14:55:41.9681035Z   2025-01-25: 2 problems
2026-10-07T14:55:42.2645734Z   2025-01-24: 2 problems
2026-10-07T14:55:42.5503735Z   2025-01-23: 2 problems
2026-10-07T14:55:42.8447691Z   2025-01-22: 2 problems
2026-10-07T14:55:43.1020786Z   2025-01-21: 2 problems
2026-10-07T14:55:43.3587044Z   2025-01-20: 2 problems
2026-10-07T14:55:43.6383318Z   2025-01-18: 2 problems
2026-10-07T14:55:43.9472938Z   2025-01-17: 2 problems
2026-10-07T14:55:44.2208021Z   2025-01-16: 2 problems
2026-10-07T14:55:44.5063957Z   2025-01-15: 2 problems
2026-10-07T14:55:44.7897426Z   2025-01-14: 2 problems
2026-10-07T14:55:45.0865952Z   2025-01-13: 2 problems
2026-10-07T14:55:45.3980129Z   2025-01-11: 2 problems
2026-10-07T14:55:45.7064461Z   2025-01-10: 2 problems
2026-10-07T14:55:45.9763663Z   2025-01-09: 2 problems
2026-10-07T14:55:46.2735144Z   2025-01-08: 2 problems
2026-10-07T14:55:46.5215589Z   2025-01-07: 2 problems
2026-10-07T14:55:46.8344530Z   2025-01-06: 2 problems
2026-10-07T14:55:47.1928480Z   2025-01-04: 2 problems
2026-10-07T14:55:47.5372927Z   2025-01-03: 2 problems
2026-10-07T14:55:47.8307071Z   2025-01-02: 2 problems
2026-10-07T14:55:48.1133589Z   2025-01-01: 2 problems
2026-10-07T14:55:48.3860912Z   2024-12-31: 2 problems
2026-10-07T14:55:48.6912098Z   2024-12-30: 2 problems
2026-10-07T14:55:49.0363915Z   2024-12-28: 2 problems
2026-10-07T14:55:49.3616679Z   2024-12-27: 2 problems
2026-10-07T14:55:49.6458887Z   2024-12-26: 2 problems
2026-10-07T14:55:49.9464698Z   2024-12-25: 2 problems
2026-10-07T14:55:50.2244669Z   2024-12-24: 2 problems
2026-10-07T14:55:50.4929765Z   2024-12-23: 2 problems
2026-10-07T14:55:50.7706460Z   2024-12-21: 2 problems
2026-10-07T14:55:51.0624115Z   2024-12-20: 2 problems
2026-10-07T14:55:51.3587204Z   2024-12-19: 2 problems
2026-10-07T14:55:51.6418463Z   2024-12-18: 2 problems
2026-10-07T14:55:51.9352521Z   2024-12-17: 2 problems
2026-10-07T14:55:52.2040797Z   2024-12-16: 2 problems
2026-10-07T14:55:52.5017895Z   2024-12-14: 2 problems
2026-10-07T14:55:52.7757746Z   2024-12-13: 2 problems
2026-10-07T14:55:53.0688961Z   2024-12-12: 2 problems
2026-10-07T14:55:53.3736004Z   2024-12-11: 2 problems
2026-10-07T14:55:53.6731728Z   2024-12-10: 2 problems
2026-10-07T14:55:53.9828146Z   2024-12-09: 2 problems
2026-10-07T14:55:54.2687301Z   2024-12-07: 2 problems
2026-10-07T14:55:54.8199179Z   2024-12-06: 2 problems
2026-10-07T14:55:55.2203625Z   2024-12-05: 2 problems
2026-10-07T14:55:55.6391052Z   2024-12-04: 2 problems
2026-10-07T14:55:55.9463214Z   2024-12-03: 2 problems
2026-10-07T14:55:56.2744595Z   2024-12-02: 2 problems
2026-10-07T14:55:56.5456343Z   2024-11-30: 2 problems
2026-10-07T14:55:56.8143734Z   2024-11-29: 2 problems
2026-10-07T14:55:57.1170802Z   2024-11-28: 2 problems
2026-10-07T14:55:57.4536916Z   2024-11-27: 2 problems
2026-10-07T14:55:57.7284618Z   2024-11-26: 2 problems
2026-10-07T14:55:58.0131761Z   2024-11-25: 2 problems
2026-10-07T14:55:58.4342677Z   2024-11-23: 2 problems
2026-10-07T14:55:58.8432919Z   2024-11-22: 2 problems
2026-10-07T14:55:59.0304500Z   2024-11-21: 2 problems
2026-10-07T14:55:59.3261012Z   2024-11-20: 2 problems
2026-10-07T14:55:59.6361461Z   2024-11-19: 2 problems
2026-10-07T14:55:59.9798003Z   2024-11-18: 2 problems
2026-10-07T14:56:00.2903749Z   2024-11-16: 2 problems
2026-10-07T14:56:00.6008338Z   2024-11-15: 2 problems
2026-10-07T14:56:00.8724512Z   2024-11-14: 2 problems
2026-10-07T14:56:01.1841046Z   2024-11-13: 2 problems
2026-10-07T14:56:01.5938406Z   2024-11-12: 2 problems
2026-10-07T14:56:01.8740063Z   2024-11-11: 2 problems
2026-10-07T14:56:02.1698825Z   2024-11-09: 2 problems
2026-10-07T14:56:02.5043693Z   2024-11-08: 2 problems
2026-10-07T14:56:02.7985214Z   2024-11-07: 2 problems
2026-10-07T14:56:03.0934804Z   2024-11-06: 2 problems
2026-10-07T14:56:03.3964453Z   2024-11-05: 2 problems
2026-10-07T14:56:03.7344986Z   2024-11-04: 2 problems
2026-10-07T14:56:04.0368017Z   2024-11-02: 2 problems
2026-10-07T14:56:04.3623224Z   2024-11-01: 2 problems
2026-10-07T14:56:04.7674741Z   2024-10-31: 2 problems
2026-10-07T14:56:05.2081147Z   2024-10-30: 2 problems
2026-10-07T14:56:05.4851483Z   2024-10-29: 2 problems
2026-10-07T14:56:05.7762205Z   2024-10-28: 2 problems
2026-10-07T14:56:06.0859611Z   2024-10-26: 2 problems
2026-10-07T14:56:06.3908671Z   2024-10-25: 2 problems
2026-10-07T14:56:06.8192382Z   2024-10-24: 2 problems
2026-10-07T14:56:07.2173358Z   2024-10-23: 2 problems
2026-10-07T14:56:07.5178790Z   2024-10-22: 2 problems
2026-10-07T14:56:07.8053556Z   2024-10-21: 2 problems
2026-10-07T14:56:08.0970494Z   2024-10-19: 2 problems
2026-10-07T14:56:08.3894496Z   2024-10-18: 2 problems
2026-10-07T14:56:08.6691114Z   2024-10-17: 2 problems
2026-10-07T14:56:08.9722558Z   2024-10-16: 2 problems
2026-10-07T14:56:09.3592653Z   2024-10-15: 2 problems
2026-10-07T14:56:09.6575854Z   2024-10-14: 2 problems
2026-10-07T14:56:09.9520560Z   2024-10-12: 2 problems
2026-10-07T14:56:10.3529659Z   2024-10-11: 2 problems
2026-10-07T14:56:10.6630221Z   2024-10-10: 2 problems
2026-10-07T14:56:11.0566377Z   2024-10-09: 2 problems
2026-10-07T14:56:11.3714758Z   2024-10-08: 2 problems
2026-10-07T14:56:11.6678479Z   2024-10-07: 2 problems
2026-10-07T14:56:11.9600210Z   2024-10-05: 2 problems
2026-10-07T14:56:12.3484450Z   2024-10-04: 2 problems
2026-10-07T14:56:12.6476978Z   2024-10-03: 2 problems
2026-10-07T14:56:12.9723288Z   2024-10-02: 2 problems
2026-10-07T14:56:13.2979259Z   2024-10-01: 2 problems
2026-10-07T14:56:13.8086592Z   2024-09-30: 2 problems
2026-10-07T14:56:14.0853678Z   2024-09-28: 2 problems
2026-10-07T14:56:14.4075774Z   2024-09-27: 2 problems
2026-10-07T14:56:14.6941768Z   2024-09-26: 2 problems
2026-10-07T14:56:14.9975207Z   2024-09-25: 2 problems
2026-10-07T14:56:15.1807838Z   2024-09-24: 2 problems
2026-10-07T14:56:15.4665645Z   2024-09-23: 2 problems
2026-10-07T14:56:15.7609070Z   2024-09-21: 2 problems
2026-10-07T14:56:16.0472045Z   2024-09-20: 2 problems
2026-10-07T14:56:16.3280724Z   2024-09-19: 2 problems
2026-10-07T14:56:16.8606803Z   2024-09-18: 2 problems
2026-10-07T14:56:17.1642346Z   2024-09-17: 2 problems
2026-10-07T14:56:17.4891680Z   2024-09-16: 2 problems
2026-10-07T14:56:17.7889340Z   2024-09-14: 2 problems
2026-10-07T14:56:18.0834228Z   2024-09-13: 2 problems
2026-10-07T14:56:18.3709425Z   2024-09-12: 2 problems
2026-10-07T14:56:18.6773741Z   2024-09-11: 2 problems
2026-10-07T14:56:18.9879201Z   2024-09-10: 2 problems
2026-10-07T14:56:19.3634261Z   2024-09-09: 2 problems
2026-10-07T14:56:19.6861205Z   2024-09-07: 2 problems
2026-10-07T14:56:19.9563637Z   2024-09-06: 2 problems
2026-10-07T14:56:20.2471098Z   2024-09-05: 2 problems
2026-10-07T14:56:20.5298672Z   2024-09-04: 2 problems
2026-10-07T14:56:20.8215799Z   2024-09-03: 2 problems
2026-10-07T14:56:21.0996590Z   2024-09-02: 2 problems
2026-10-07T14:56:21.4087260Z   2024-08-31: 2 problems
2026-10-07T14:56:21.6918115Z   2024-08-30: 2 problems
2026-10-07T14:56:21.9796149Z   2024-08-29: 2 problems
2026-10-07T14:56:22.3147921Z   2024-08-28: 2 problems
2026-10-07T14:56:22.6133330Z   2024-08-27: 2 problems
2026-10-07T14:56:22.9162360Z   2024-08-26: 2 problems
2026-10-07T14:56:23.2161769Z   2024-08-24: 2 problems
2026-10-07T14:56:23.5256129Z   2024-08-23: 2 problems
2026-10-07T14:56:23.8336792Z   2024-08-22: 2 problems
2026-10-07T14:56:24.2288639Z   2024-08-21: 2 problems
2026-10-07T14:56:24.7479636Z   2024-08-20: 2 problems
2026-10-07T14:56:25.1957628Z   2024-08-19: 2 problems
2026-10-07T14:56:25.6147824Z   2024-08-17: 2 problems
2026-10-07T14:56:25.9562130Z   2024-08-16: 2 problems
2026-10-07T14:56:26.2327065Z   2024-08-15: 2 problems
2026-10-07T14:56:26.6500508Z   2024-08-14: 2 problems
2026-10-07T14:56:26.9425498Z   2024-08-13: 2 problems
2026-10-07T14:56:27.2440609Z   2024-08-12: 2 problems
2026-10-07T14:56:27.5445832Z   2024-08-10: 2 problems
2026-10-07T14:56:27.9763040Z   2024-08-09: 2 problems
2026-10-07T14:56:28.3673468Z   2024-08-08: 2 problems
2026-10-07T14:56:28.6457242Z   2024-08-07: 2 problems
2026-10-07T14:56:28.9604040Z   2024-08-06: 2 problems
2026-10-07T14:56:29.3850584Z   2024-08-05: 2 problems
2026-10-07T14:56:29.6654358Z   2024-08-03: 2 problems
2026-10-07T14:56:29.9730564Z   2024-08-02: 2 problems
2026-10-07T14:56:30.3404331Z   2024-08-01: 2 problems
2026-10-07T14:56:30.6143549Z   2024-07-31: 2 problems
2026-10-07T14:56:30.9505108Z   2024-07-30: 2 problems
2026-10-07T14:56:31.2394014Z   2024-07-29: 2 problems
2026-10-07T14:56:31.6942309Z   2024-07-27: 2 problems
2026-10-07T14:56:31.9854028Z   2024-07-26: 2 problems
2026-10-07T14:56:32.2997117Z   2024-07-25: 2 problems
2026-10-07T14:56:32.5709968Z   2024-07-24: 2 problems
2026-10-07T14:56:32.8897476Z   2024-07-23: 2 problems
2026-10-07T14:56:33.1773428Z   2024-07-22: 2 problems
2026-10-07T14:56:33.5066620Z   2024-07-20: 2 problems
2026-10-07T14:56:33.8061286Z   2024-07-19: 2 problems
2026-10-07T14:56:34.1275829Z   2024-07-18: 2 problems
2026-10-07T14:56:34.3954110Z   2024-07-17: 2 problems
2026-10-07T14:56:34.6857706Z   2024-07-16: 2 problems
2026-10-07T14:56:34.9554156Z   2024-07-15: 2 problems
2026-10-07T14:56:35.2794653Z   2024-07-13: 2 problems
2026-10-07T14:56:35.5217439Z   2024-07-12: 2 problems
2026-10-07T14:56:35.8221377Z   2024-07-11: 2 problems
2026-10-07T14:56:36.2990217Z   2024-07-10: 2 problems
2026-10-07T14:56:36.5718844Z   2024-07-09: 2 problems
2026-10-07T14:56:36.8465906Z   2024-07-08: 2 problems
2026-10-07T14:56:37.1293498Z   2024-07-06: 2 problems
2026-10-07T14:56:37.4366542Z   2024-07-05: 2 problems
2026-10-07T14:56:37.7039243Z   2024-07-04: 2 problems
2026-10-07T14:56:37.9686745Z   2024-07-03: 2 problems
2026-10-07T14:56:38.2680132Z   2024-07-02: 2 problems
2026-10-07T14:56:38.5390501Z   2024-07-01: 2 problems
2026-10-07T14:56:38.7998934Z   2024-06-29: 2 problems
2026-10-07T14:56:39.1608466Z   2024-06-28: 2 problems
2026-10-07T14:56:39.4089174Z   2024-06-27: 2 problems
2026-10-07T14:56:39.8580541Z   2024-06-26: 2 problems
2026-10-07T14:56:40.1234904Z   2024-06-25: 2 problems
2026-10-07T14:56:40.4490944Z   2024-06-24: 2 problems
2026-10-07T14:56:40.7146994Z   2024-06-22: 2 problems
2026-10-07T14:56:41.0199918Z   2024-06-21: 2 problems
2026-10-07T14:56:41.3170045Z   2024-06-20: 2 problems
2026-10-07T14:56:41.6036944Z   2024-06-19: 2 problems
2026-10-07T14:56:41.9078682Z   2024-06-18: 2 problems
2026-10-07T14:56:42.1935436Z   2024-06-17: 2 problems
2026-10-07T14:56:42.4554186Z   2024-06-15: 2 problems
2026-10-07T14:56:42.8192240Z   2024-06-14: 2 problems
2026-10-07T14:56:43.1072607Z   2024-06-13: 2 problems
2026-10-07T14:56:43.3621610Z   2024-06-12: 2 problems
2026-10-07T14:56:43.6462886Z   2024-06-11: 2 problems
2026-10-07T14:56:43.9460700Z   2024-06-10: 2 problems
2026-10-07T14:56:44.2393688Z   2024-06-08: 2 problems
2026-10-07T14:56:44.5355328Z   2024-06-07: 2 problems
2026-10-07T14:56:44.9616274Z   2024-06-06: 2 problems
2026-10-07T14:56:45.2212210Z   2024-06-05: 2 problems
2026-10-07T14:56:45.5210401Z   2024-06-04: 2 problems
2026-10-07T14:56:45.8675120Z   2024-06-03: 2 problems
2026-10-07T14:56:46.2880834Z   2024-06-01: 2 problems
2026-10-07T14:56:46.5837413Z   2024-05-31: 2 problems
2026-10-07T14:56:46.8738449Z   2024-05-30: 2 problems
2026-10-07T14:56:47.1397246Z   2024-05-29: 2 problems
2026-10-07T14:56:47.4512778Z   2024-05-28: 2 problems
2026-10-07T14:56:47.7460527Z   2024-05-27: 2 problems
2026-10-07T14:56:48.0447615Z   2024-05-25: 2 problems
2026-10-07T14:56:48.3110316Z   2024-05-24: 2 problems
2026-10-07T14:56:48.5917857Z   2024-05-23: 2 problems
2026-10-07T14:56:48.8490087Z   2024-05-22: 2 problems
2026-10-07T14:56:49.1735176Z   2024-05-21: 2 problems
2026-10-07T14:56:49.4898954Z   2024-05-20: 2 problems
2026-10-07T14:56:49.7414770Z   2024-05-18: 2 problems
2026-10-07T14:56:50.0446622Z   2024-05-17: 2 problems
2026-10-07T14:56:50.3113916Z   2024-05-16: 2 problems
2026-10-07T14:56:50.6027292Z   2024-05-15: 2 problems
2026-10-07T14:56:50.8562401Z   2024-05-14: 2 problems
2026-10-07T14:56:51.1242707Z   2024-05-13: 2 problems
2026-10-07T14:56:51.4416966Z   2024-05-11: 2 problems
2026-10-07T14:56:51.7486458Z   2024-05-10: 2 problems
2026-10-07T14:56:52.0561718Z   2024-05-09: 2 problems
2026-10-07T14:56:52.3476051Z   2024-05-08: 2 problems
2026-10-07T14:56:52.6376766Z   2024-05-07: 2 problems
2026-10-07T14:56:52.9187277Z   2024-05-06: 2 problems
2026-10-07T14:56:53.1887273Z   2024-05-04: 2 problems
2026-10-07T14:56:53.4692107Z   2024-05-03: 2 problems
2026-10-07T14:56:53.7838593Z   2024-05-02: 2 problems
2026-10-07T14:56:54.1118214Z   2024-05-01: 2 problems
2026-10-07T14:56:54.3791548Z   2024-04-30: 2 problems
2026-10-07T14:56:54.7579667Z   2024-04-29: 2 problems
2026-10-07T14:56:55.0117399Z   2024-04-27: 2 problems
2026-10-07T14:56:55.3911095Z   2024-04-26: 2 problems
2026-10-07T14:56:55.7613931Z   2024-04-25: 2 problems
2026-10-07T14:56:56.0421610Z   2024-04-24: 2 problems
2026-10-07T14:56:56.3189880Z   2024-04-23: 2 problems
2026-10-07T14:56:56.5984905Z   2024-04-22: 2 problems
2026-10-07T14:56:57.0311567Z   2024-04-20: 2 problems
2026-10-07T14:56:57.3393851Z   2024-04-19: 2 problems
2026-10-07T14:56:57.6077365Z   2024-04-18: 2 problems
2026-10-07T14:56:57.8855266Z   2024-04-17: 2 problems
2026-10-07T14:56:58.1989478Z   2024-04-16: 2 problems
2026-10-07T14:56:58.5966285Z   2024-04-15: 2 problems
2026-10-07T14:56:58.8564155Z   2024-04-13: 2 problems
2026-10-07T14:56:59.1531790Z   2024-04-12: 2 problems
2026-10-07T14:56:59.4388775Z   2024-04-11: 2 problems
2026-10-07T14:56:59.7110585Z   2024-04-10: 2 problems
2026-10-07T14:57:00.1313764Z   2024-04-09: 2 problems
2026-10-07T14:57:00.3977203Z   2024-04-08: 2 problems
2026-10-07T14:57:00.6734327Z   2024-04-06: 2 problems
2026-10-07T14:57:00.9818299Z   2024-04-05: 2 problems
2026-10-07T14:57:01.2581565Z   2024-04-04: 2 problems
2026-10-07T14:57:01.5353346Z   2024-04-03: 2 problems
2026-10-07T14:57:01.7853899Z   2024-04-02: 2 problems
2026-10-07T14:57:02.0566716Z   2024-04-01: 2 problems
2026-10-07T14:57:02.3116414Z   2024-03-30: 2 problems
2026-10-07T14:57:02.5850430Z   2024-03-29: 2 problems
2026-10-07T14:57:02.8968274Z   2024-03-28: 2 problems
2026-10-07T14:57:03.1839560Z   2024-03-27: 2 problems
2026-10-07T14:57:03.4781194Z   2024-03-26: 2 problems
2026-10-07T14:57:03.7485658Z   2024-03-25: 2 problems
2026-10-07T14:57:04.0211232Z   2024-03-23: 2 problems
2026-10-07T14:57:04.2769617Z   2024-03-22: 2 problems
2026-10-07T14:57:04.6025516Z   2024-03-21: 2 problems
2026-10-07T14:57:04.9009019Z   2024-03-20: 2 problems
2026-10-07T14:57:05.1991589Z   2024-03-19: 2 problems
2026-10-07T14:57:05.5125782Z   2024-03-18: 2 problems
2026-10-07T14:57:05.8043698Z   2024-03-16: 2 problems
2026-10-07T14:57:06.0945951Z   2024-03-15: 2 problems
2026-10-07T14:57:06.3663117Z   2024-03-14: 2 problems
2026-10-07T14:57:06.6482434Z   2024-03-13: 2 problems
2026-10-07T14:57:06.9578248Z   2024-03-12: 2 problems
2026-10-07T14:57:07.2536956Z   2024-03-11: 2 problems
2026-10-07T14:57:07.5042591Z   2024-03-09: 2 problems
2026-10-07T14:57:07.7851107Z   2024-03-08: 2 problems
2026-10-07T14:57:08.0755628Z   2024-03-07: 2 problems
2026-10-07T14:57:08.3439347Z   2024-03-06: 2 problems
2026-10-07T14:57:08.7251200Z   2024-03-05: 2 problems
2026-10-07T14:57:09.0286475Z   2024-03-04: 2 problems
2026-10-07T14:57:09.3062079Z   2024-03-02: 2 problems
2026-10-07T14:57:09.5727553Z   2024-03-01: 2 problems
2026-10-07T14:57:09.8720771Z   2024-02-29: 2 problems
2026-10-07T14:57:10.1315130Z   2024-02-28: 2 problems
2026-10-07T14:57:10.4675087Z   2024-02-27: 2 problems
2026-10-07T14:57:10.7326773Z   2024-02-26: 2 problems
2026-10-07T14:57:10.7328749Z Building categories...
2026-10-07T14:57:13.2135833Z Wrote /home/runner/work/ys_problem_web/ys_problem_web/data/daily.json (817 days, 21 categories).
2026-10-07T14:57:13.2136424Z Syncing leaderboard (records.js from gh-pages)...
2026-10-07T14:57:13.3196882Z   ✓ 361 players, data through 2026-10-06 (unchanged)
2026-10-07T14:57:13.3197438Z LEADERBOARD-SYNC {"changed":false,"players":361,"currentDate":"2026-10-06"}
2026-10-07T14:57:13.3338174Z ##[group]Run if [ -n "aca44b62076042a786dfa232b192c5f59e774781" ]; then
2026-10-07T14:57:13.3338451Z [36;1mif [ -n "aca44b62076042a786dfa232b192c5f59e774781" ]; then[0m
2026-10-07T14:57:13.3338696Z [36;1m  echo "aca44b62076042a786dfa232b192c5f59e774781" > data/.upstream-sha[0m
2026-10-07T14:57:13.3338896Z [36;1mfi[0m
2026-10-07T14:57:13.3339046Z [36;1mif [ -n "7e476a57a237a557e72c8728dfbab66f3cd3e1d5" ]; then[0m
2026-10-07T14:57:13.3339291Z [36;1m  echo "7e476a57a237a557e72c8728dfbab66f3cd3e1d5" > data/.leaderboard-sha[0m
2026-10-07T14:57:13.3339492Z [36;1mfi[0m
2026-10-07T14:57:13.3389547Z shell: /usr/bin/bash -e {0}
2026-10-07T14:57:13.3389685Z ##[endgroup]
2026-10-07T14:57:13.3472883Z ##[group]Run node scripts/push-data-branches.mjs --problems --misc --prune
2026-10-07T14:57:13.3473177Z [36;1mnode scripts/push-data-branches.mjs --problems --misc --prune[0m
2026-10-07T14:57:13.3473387Z [36;1mnode scripts/publish-deploy.mjs[0m
2026-10-07T14:57:13.3515616Z shell: /usr/bin/bash -e {0}
2026-10-07T14:57:13.3515754Z ##[endgroup]
2026-10-07T14:57:14.5103451Z data/problems: overlaid data/statements from remote tip
2026-10-07T14:57:15.8669345Z data/problems: pushed 4c76b87d1a34
2026-10-07T14:57:18.1491615Z data/misc-2026-10-07: pushed 4f1b95225075 (new branch)
2026-10-07T14:57:18.4535468Z prune: no data/misc-* branch older than 60 days
2026-10-07T14:57:22.4362174Z deploy: force-pushed orphan cd67c6d9fd87 (tree fea2c0ea6617), replaced 83ea0a0b34bd
2026-10-07T14:57:22.4486296Z Post job cleanup.
2026-10-07T14:57:22.5013693Z [command]/usr/bin/git version
2026-10-07T14:57:22.5047570Z git version 2.55.0
2026-10-07T14:57:22.5069399Z Temporarily overriding HOME='/home/runner/work/_temp/f8e07470-0f40-4489-9f46-01b1617bb755' before making global git config changes
2026-10-07T14:57:22.5070058Z Adding repository directory to the temporary git global config as a safe directory
2026-10-07T14:57:22.5073905Z [command]/usr/bin/git config --global --add safe.directory /home/runner/work/ys_problem_web/ys_problem_web
2026-10-07T14:57:22.5101454Z [command]/usr/bin/git config --local --name-only --get-regexp core\.sshCommand
2026-10-07T14:57:22.5126342Z [command]/usr/bin/git submodule foreach --recursive sh -c "git config --local --name-only --get-regexp 'core\.sshCommand' && git config --local --unset-all 'core.sshCommand' || :"
2026-10-07T14:57:22.5308130Z [command]/usr/bin/git config --local --name-only --get-regexp http\.https\:\/\/github\.com\/\.extraheader
2026-10-07T14:57:22.5330955Z http.https://github.com/.extraheader
2026-10-07T14:57:22.5338166Z [command]/usr/bin/git config --local --unset-all http.https://github.com/.extraheader
2026-10-07T14:57:22.5373994Z [command]/usr/bin/git submodule foreach --recursive sh -c "git config --local --name-only --get-regexp 'http\.https\:\/\/github\.com\/\.extraheader' && git config --local --unset-all 'http.https://github.com/.extraheader' || :"
2026-10-07T14:57:22.5552027Z [command]/usr/bin/git config --local --name-only --get-regexp ^includeIf\.gitdir:
2026-10-07T14:57:22.5578968Z [command]/usr/bin/git submodule foreach --recursive git config --local --show-origin --name-only --get-regexp remote.origin.url
2026-10-07T14:57:22.5851596Z Evaluate and set job outputs
2026-10-07T14:57:22.5855922Z Set output 'changed'
2026-10-07T14:57:22.5856885Z Set output 'lb_changed'
2026-10-07T14:57:22.5857528Z Cleaning up orphan processes
2026-10-07T14:57:22.6063337Z ##[warning]Node.js 20 is deprecated. The following actions target Node.js 20 but are being forced to run on Node.js 24: actions/checkout@v4. For more information see: https://github.blog/changelog/2025-09-19-deprecation-of-node-20-on-github-actions-runners/

