<!--YSLOG {"runId":37491379479,"event":"schedule","startedAt":"2026-10-06T15:54:14Z","savedAt":"2026-10-06T16:17:49.209Z","url":"https://github.com/Sam5440/ys_problem_web/actions/runs/37491379479","jobName":"update"}-->
2026-10-06T15:54:14.8103604Z Current runner version: '2.337.0'
2026-10-06T15:54:14.8122389Z ##[group]Runner Image Provisioner
2026-10-06T15:54:14.8122966Z Hosted Compute Agent
2026-10-06T15:54:14.8123430Z Version: 20261002.596
2026-10-06T15:54:14.8123816Z Commit: c3d12f3313a95f25162a1503be624f3b0617f8c0
2026-10-06T15:54:14.8124293Z Build Date: 2026-10-02T22:28:27Z
2026-10-06T15:54:14.8124715Z Worker ID: {e78d56cc-e8ae-438d-abae-662619831a85}
2026-10-06T15:54:14.8125223Z Region: centralus
2026-10-06T15:54:14.8125579Z Cloud: Azure
2026-10-06T15:54:14.8125914Z ##[endgroup]
2026-10-06T15:54:14.8127269Z ##[group]Operating System
2026-10-06T15:54:14.8127711Z Ubuntu
2026-10-06T15:54:14.8128070Z 24.04.5
2026-10-06T15:54:14.8128407Z LTS
2026-10-06T15:54:14.8128782Z ##[endgroup]
2026-10-06T15:54:14.8129185Z ##[group]Runner Image
2026-10-06T15:54:14.8129595Z Image: ubuntu-24.04
2026-10-06T15:54:14.8129973Z Version: 20261004.327.1
2026-10-06T15:54:14.8130766Z Included Software: https://github.com/actions/runner-images/blob/ubuntu24/20261004.327/images/ubuntu/Ubuntu2404-Readme.md
2026-10-06T15:54:14.8131670Z Image Release: https://github.com/actions/runner-images/releases/tag/ubuntu24%2F20261004.327
2026-10-06T15:54:14.8132263Z ##[endgroup]
2026-10-06T15:54:14.8133030Z ##[group]GITHUB_TOKEN Permissions
2026-10-06T15:54:14.8134484Z Actions: write
2026-10-06T15:54:14.8134884Z Contents: write
2026-10-06T15:54:14.8135257Z Metadata: read
2026-10-06T15:54:14.8135641Z ##[endgroup]
2026-10-06T15:54:14.8137135Z Secret source: Actions
2026-10-06T15:54:14.8137745Z Cache mode: write
2026-10-06T15:54:14.8138257Z Prepare workflow directory
2026-10-06T15:54:14.8343839Z Prepare all required actions
2026-10-06T15:54:14.8375169Z Getting action download info
2026-10-06T15:54:15.0897040Z Download action repository 'actions/checkout@v4' (SHA:11d5960a326750d5838078e36cf38b85af677262)
2026-10-06T15:54:15.2674098Z Complete job name: update
2026-10-06T15:54:15.3165499Z ##[group]Run actions/checkout@v4
2026-10-06T15:54:15.3165905Z with:
2026-10-06T15:54:15.3166144Z   repository: Sam5440/ys_problem_web
2026-10-06T15:54:15.3168583Z   token: ***
2026-10-06T15:54:15.3168812Z   ssh-strict: true
2026-10-06T15:54:15.3169047Z   ssh-user: git
2026-10-06T15:54:15.3169291Z   persist-credentials: true
2026-10-06T15:54:15.3169556Z   clean: true
2026-10-06T15:54:15.3169798Z   sparse-checkout-cone-mode: true
2026-10-06T15:54:15.3170075Z   fetch-depth: 1
2026-10-06T15:54:15.3170308Z   fetch-tags: false
2026-10-06T15:54:15.3170549Z   show-progress: true
2026-10-06T15:54:15.3170788Z   lfs: false
2026-10-06T15:54:15.3171011Z   submodules: false
2026-10-06T15:54:15.3171252Z   set-safe-directory: true
2026-10-06T15:54:15.3171525Z   allow-unsafe-pr-checkout: false
2026-10-06T15:54:15.3171887Z ##[endgroup]
2026-10-06T15:54:15.3822914Z Syncing repository: Sam5440/ys_problem_web
2026-10-06T15:54:15.3824599Z ##[group]Getting Git version info
2026-10-06T15:54:15.3825353Z Working directory is '/home/runner/work/ys_problem_web/ys_problem_web'
2026-10-06T15:54:15.3834358Z [command]/usr/bin/git version
2026-10-06T15:54:15.3944534Z git version 2.55.0
2026-10-06T15:54:15.3959952Z ##[endgroup]
2026-10-06T15:54:15.3970847Z Temporarily overriding HOME='/home/runner/work/_temp/0aff3d0e-4802-489f-a3d9-43f9a6da624b' before making global git config changes
2026-10-06T15:54:15.3972117Z Adding repository directory to the temporary git global config as a safe directory
2026-10-06T15:54:15.3974809Z [command]/usr/bin/git config --global --add safe.directory /home/runner/work/ys_problem_web/ys_problem_web
2026-10-06T15:54:15.4024144Z Deleting the contents of '/home/runner/work/ys_problem_web/ys_problem_web'
2026-10-06T15:54:15.4028158Z ##[group]Initializing the repository
2026-10-06T15:54:15.4030937Z [command]/usr/bin/git init /home/runner/work/ys_problem_web/ys_problem_web
2026-10-06T15:54:15.4132790Z hint: Using 'master' as the name for the initial branch. This default branch name
2026-10-06T15:54:15.4133776Z hint: will change to "main" in Git 3.0. To configure the initial branch name
2026-10-06T15:54:15.4134547Z hint: to use in all of your new repositories, which will suppress this warning,
2026-10-06T15:54:15.4135486Z hint: call:
2026-10-06T15:54:15.4136093Z hint:
2026-10-06T15:54:15.4136623Z hint: 	git config --global init.defaultBranch <name>
2026-10-06T15:54:15.4137126Z hint:
2026-10-06T15:54:15.4137604Z hint: Names commonly chosen instead of 'master' are 'main', 'trunk' and
2026-10-06T15:54:15.4138375Z hint: 'development'. The just-created branch can be renamed via this command:
2026-10-06T15:54:15.4139001Z hint:
2026-10-06T15:54:15.4139346Z hint: 	git branch -m <name>
2026-10-06T15:54:15.4139608Z hint:
2026-10-06T15:54:15.4140113Z hint: Disable this message with "git config set advice.defaultBranchName false"
2026-10-06T15:54:15.4143299Z Initialized empty Git repository in /home/runner/work/ys_problem_web/ys_problem_web/.git/
2026-10-06T15:54:15.4153912Z [command]/usr/bin/git remote add origin https://github.com/Sam5440/ys_problem_web
2026-10-06T15:54:15.4198170Z ##[endgroup]
2026-10-06T15:54:15.4198903Z ##[group]Disabling automatic garbage collection
2026-10-06T15:54:15.4201590Z [command]/usr/bin/git config --local gc.auto 0
2026-10-06T15:54:15.4231635Z ##[endgroup]
2026-10-06T15:54:15.4232317Z ##[group]Setting up auth
2026-10-06T15:54:15.4237444Z [command]/usr/bin/git config --local --name-only --get-regexp core\.sshCommand
2026-10-06T15:54:15.4267221Z [command]/usr/bin/git submodule foreach --recursive sh -c "git config --local --name-only --get-regexp 'core\.sshCommand' && git config --local --unset-all 'core.sshCommand' || :"
2026-10-06T15:54:15.4566771Z [command]/usr/bin/git config --local --name-only --get-regexp http\.https\:\/\/github\.com\/\.extraheader
2026-10-06T15:54:15.4595692Z [command]/usr/bin/git submodule foreach --recursive sh -c "git config --local --name-only --get-regexp 'http\.https\:\/\/github\.com\/\.extraheader' && git config --local --unset-all 'http.https://github.com/.extraheader' || :"
2026-10-06T15:54:15.4768318Z [command]/usr/bin/git config --local --name-only --get-regexp ^includeIf\.gitdir:
2026-10-06T15:54:15.4796871Z [command]/usr/bin/git submodule foreach --recursive git config --local --show-origin --name-only --get-regexp remote.origin.url
2026-10-06T15:54:15.4970266Z [command]/usr/bin/git config --local http.https://github.com/.extraheader AUTHORIZATION: basic ***
2026-10-06T15:54:15.5005665Z ##[endgroup]
2026-10-06T15:54:15.5006782Z ##[group]Fetching the repository
2026-10-06T15:54:15.5012445Z [command]/usr/bin/git -c protocol.version=2 fetch --no-tags --prune --no-recurse-submodules --depth=1 origin +d197b95f2468be66834d62a98e49b4966ac404c8:refs/remotes/origin/main
2026-10-06T15:54:15.9487127Z From https://github.com/Sam5440/ys_problem_web
2026-10-06T15:54:15.9487997Z  * [new ref]         d197b95f2468be66834d62a98e49b4966ac404c8 -> origin/main
2026-10-06T15:54:15.9491301Z ##[endgroup]
2026-10-06T15:54:15.9491844Z ##[group]Determining the checkout info
2026-10-06T15:54:15.9493382Z ##[endgroup]
2026-10-06T15:54:15.9497707Z [command]/usr/bin/git sparse-checkout disable
2026-10-06T15:54:15.9941499Z [command]/usr/bin/git config --local --unset-all extensions.worktreeConfig
2026-10-06T15:54:16.0136030Z ##[group]Checking out the ref
2026-10-06T15:54:16.0140814Z [command]/usr/bin/git checkout --progress --force -B main refs/remotes/origin/main
2026-10-06T15:54:16.0533309Z Switched to a new branch 'main'
2026-10-06T15:54:16.0534080Z branch 'main' set up to track 'origin/main'.
2026-10-06T15:54:16.0538580Z ##[endgroup]
2026-10-06T15:54:16.0578778Z [command]/usr/bin/git log -1 --format=%H
2026-10-06T15:54:16.0601794Z d197b95f2468be66834d62a98e49b4966ac404c8
2026-10-06T15:54:16.0846427Z ##[group]Run node scripts/restore-data.mjs --misc
2026-10-06T15:54:16.0846958Z [36;1mnode scripts/restore-data.mjs --misc[0m
2026-10-06T15:54:16.1283719Z shell: /usr/bin/bash -e {0}
2026-10-06T15:54:16.1284161Z ##[endgroup]
2026-10-06T15:54:17.5371048Z misc: restored data/leaderboard.json, data/.upstream-sha, data/.leaderboard-sha, data/.history-backfill-failed.json, public/ci-logs from data/misc-2026-10-06
2026-10-06T15:54:17.6388496Z ##[group]Run CHANGED=false
2026-10-06T15:54:17.6445468Z [36;1mCHANGED=false[0m
2026-10-06T15:54:17.6445714Z [36;1mLB_CHANGED=false[0m
2026-10-06T15:54:17.6446556Z [36;1mif UPSTREAM_SHA=$(git ls-remote https://github.com/Yawn-Sean/Daily_CF_Problems.git HEAD | cut -f1) && [ -n "$UPSTREAM_SHA" ]; then[0m
2026-10-06T15:54:17.6447190Z [36;1m  LAST_SHA=$(cat data/.upstream-sha 2>/dev/null || true)[0m
2026-10-06T15:54:17.6447653Z [36;1m  [ "$UPSTREAM_SHA" != "$LAST_SHA" ] && CHANGED=true[0m
2026-10-06T15:54:17.6448039Z [36;1melse[0m
2026-10-06T15:54:17.6448450Z [36;1m  # check itself failed — fall through to a full run (safe fallback)[0m
2026-10-06T15:54:17.6448832Z [36;1m  CHANGED=true[0m
2026-10-06T15:54:17.6449065Z [36;1mfi[0m
2026-10-06T15:54:17.6449415Z [36;1m# empty output = gh-pages missing → nothing to sync; a failure here[0m
2026-10-06T15:54:17.6449925Z [36;1m# is covered by the main-branch fallback above (same network)[0m
2026-10-06T15:54:17.6450587Z [36;1mLB_SHA=$(git ls-remote https://github.com/Yawn-Sean/Daily_CF_Problems.git gh-pages | cut -f1 || true)[0m
2026-10-06T15:54:17.6451064Z [36;1mif [ -n "$LB_SHA" ]; then[0m
2026-10-06T15:54:17.6451428Z [36;1m  LAST_LB_SHA=$(cat data/.leaderboard-sha 2>/dev/null || true)[0m
2026-10-06T15:54:17.6451805Z [36;1m  [ "$LB_SHA" != "$LAST_LB_SHA" ] && LB_CHANGED=true[0m
2026-10-06T15:54:17.6452151Z [36;1mfi[0m
2026-10-06T15:54:17.6452413Z [36;1mecho "changed=$CHANGED" >> "$GITHUB_OUTPUT"[0m
2026-10-06T15:54:17.6452779Z [36;1mecho "lb_changed=$LB_CHANGED" >> "$GITHUB_OUTPUT"[0m
2026-10-06T15:54:17.6453145Z [36;1mecho "sha=$UPSTREAM_SHA" >> "$GITHUB_OUTPUT"[0m
2026-10-06T15:54:17.6453491Z [36;1mecho "lb_sha=$LB_SHA" >> "$GITHUB_OUTPUT"[0m
2026-10-06T15:54:17.6514463Z shell: /usr/bin/bash -e {0}
2026-10-06T15:54:17.6514724Z ##[endgroup]
2026-10-06T15:54:18.6828920Z ##[group]Run node scripts/restore-data.mjs --statements --daily
2026-10-06T15:54:18.6829382Z [36;1mnode scripts/restore-data.mjs --statements --daily[0m
2026-10-06T15:54:18.6887532Z shell: /usr/bin/bash -e {0}
2026-10-06T15:54:18.6887701Z ##[endgroup]
2026-10-06T15:54:20.2702672Z statements: restored data/statements from data/problems
2026-10-06T15:54:21.6273563Z daily: restored data/daily.json from deploy
2026-10-06T15:54:21.6338924Z ##[group]Run npm ci
2026-10-06T15:54:21.6339089Z [36;1mnpm ci[0m
2026-10-06T15:54:21.6392416Z shell: /usr/bin/bash -e {0}
2026-10-06T15:54:21.6392576Z ##[endgroup]
2026-10-06T15:54:26.8824155Z 
2026-10-06T15:54:26.8824745Z added 66 packages, and audited 67 packages in 5s
2026-10-06T15:54:26.8824963Z 
2026-10-06T15:54:26.8825037Z 14 packages are looking for funding
2026-10-06T15:54:26.8825216Z   run `npm fund` for details
2026-10-06T15:54:26.9024158Z 
2026-10-06T15:54:26.9024623Z 3 vulnerabilities (1 low, 1 moderate, 1 high)
2026-10-06T15:54:26.9024827Z 
2026-10-06T15:54:26.9024937Z To address all issues (including breaking changes), run:
2026-10-06T15:54:26.9025181Z   npm audit fix --force
2026-10-06T15:54:26.9025268Z 
2026-10-06T15:54:26.9025378Z Run `npm audit` for details.
2026-10-06T15:54:26.9549006Z ##[group]Run npx playwright install --with-deps chromium
2026-10-06T15:54:26.9549271Z [36;1mnpx playwright install --with-deps chromium[0m
2026-10-06T15:54:26.9602177Z shell: /usr/bin/bash -e {0}
2026-10-06T15:54:26.9602334Z ##[endgroup]
2026-10-06T15:54:27.5376526Z Installing dependencies...
2026-10-06T15:54:27.5424027Z Switching to root user to install dependencies...
2026-10-06T15:54:27.6125378Z Get:1 file:/etc/apt/apt-mirrors.txt Mirrorlist [144 B]
2026-10-06T15:54:27.6428538Z Get:6 https://packages.microsoft.com/ubuntu/24.04/prod noble InRelease [3600 B]
2026-10-06T15:54:27.6848131Z Hit:2 http://azure.archive.ubuntu.com/ubuntu noble InRelease
2026-10-06T15:54:27.6851681Z Get:3 http://azure.archive.ubuntu.com/ubuntu noble-updates InRelease [126 kB]
2026-10-06T15:54:27.6875763Z Get:4 http://azure.archive.ubuntu.com/ubuntu noble-backports InRelease [126 kB]
2026-10-06T15:54:27.6904622Z Get:5 http://azure.archive.ubuntu.com/ubuntu noble-security InRelease [126 kB]
2026-10-06T15:54:27.7058290Z Get:7 https://packages.microsoft.com/ubuntu/24.04/prod noble/main amd64 Packages [515 kB]
2026-10-06T15:54:27.7239683Z Get:8 https://packages.microsoft.com/ubuntu/24.04/prod noble/main arm64 Packages [458 kB]
2026-10-06T15:54:27.7890000Z Get:9 http://azure.archive.ubuntu.com/ubuntu noble-updates/main amd64 Packages [1374 kB]
2026-10-06T15:54:27.7954741Z Get:10 http://azure.archive.ubuntu.com/ubuntu noble-updates/main Translation-en [306 kB]
2026-10-06T15:54:27.7960806Z Get:11 http://azure.archive.ubuntu.com/ubuntu noble-updates/universe amd64 Packages [1700 kB]
2026-10-06T15:54:27.8021061Z Get:12 http://azure.archive.ubuntu.com/ubuntu noble-updates/universe Translation-en [341 kB]
2026-10-06T15:54:27.8077609Z Get:13 http://azure.archive.ubuntu.com/ubuntu noble-updates/restricted amd64 Packages [1730 kB]
2026-10-06T15:54:27.8197398Z Get:14 http://azure.archive.ubuntu.com/ubuntu noble-updates/restricted Translation-en [396 kB]
2026-10-06T15:54:27.8212673Z Get:15 http://azure.archive.ubuntu.com/ubuntu noble-updates/multiverse Translation-en [13.3 kB]
2026-10-06T15:54:27.8770031Z Get:16 http://azure.archive.ubuntu.com/ubuntu noble-security/main amd64 Packages [1072 kB]
2026-10-06T15:54:27.8817547Z Get:17 http://azure.archive.ubuntu.com/ubuntu noble-security/main Translation-en [222 kB]
2026-10-06T15:54:27.8837458Z Get:18 http://azure.archive.ubuntu.com/ubuntu noble-security/universe amd64 Packages [1216 kB]
2026-10-06T15:54:32.7751900Z Fetched 9725 kB in 1s (12.2 MB/s)
2026-10-06T15:54:33.3388290Z Reading package lists...
2026-10-06T15:54:33.3589858Z Reading package lists...
2026-10-06T15:54:33.5495840Z Building dependency tree...
2026-10-06T15:54:33.5501481Z Reading state information...
2026-10-06T15:54:33.6944483Z libasound2t64 is already the newest version (1.2.11-1ubuntu0.3).
2026-10-06T15:54:33.6945064Z libasound2t64 set to manually installed.
2026-10-06T15:54:33.6945522Z libatk-bridge2.0-0t64 is already the newest version (2.52.0-1build1).
2026-10-06T15:54:33.6946075Z libatk-bridge2.0-0t64 set to manually installed.
2026-10-06T15:54:33.6946709Z libatk1.0-0t64 is already the newest version (2.52.0-1build1).
2026-10-06T15:54:33.6947141Z libatk1.0-0t64 set to manually installed.
2026-10-06T15:54:33.6947571Z libatspi2.0-0t64 is already the newest version (2.52.0-1build1).
2026-10-06T15:54:33.6948028Z libatspi2.0-0t64 set to manually installed.
2026-10-06T15:54:33.6948470Z libcairo2 is already the newest version (1.18.0-3build1).
2026-10-06T15:54:33.6948881Z libcairo2 set to manually installed.
2026-10-06T15:54:33.6949295Z libcups2t64 is already the newest version (2.4.7-1.2ubuntu7.14).
2026-10-06T15:54:33.6949716Z libcups2t64 set to manually installed.
2026-10-06T15:54:33.6950036Z libdbus-1-3 is already the newest version (1.14.10-4ubuntu4.1).
2026-10-06T15:54:33.6950338Z libdbus-1-3 set to manually installed.
2026-10-06T15:54:33.6950629Z libdrm2 is already the newest version (2.4.125-1ubuntu0.1~24.04.2).
2026-10-06T15:54:33.6950929Z libdrm2 set to manually installed.
2026-10-06T15:54:33.6951664Z libgbm1 is already the newest version (25.2.8-0ubuntu0.24.04.4).
2026-10-06T15:54:33.6951863Z libgbm1 set to manually installed.
2026-10-06T15:54:33.6952055Z libglib2.0-0t64 is already the newest version (2.80.0-6ubuntu3.9).
2026-10-06T15:54:33.6952264Z libglib2.0-0t64 set to manually installed.
2026-10-06T15:54:33.6952458Z libnspr4 is already the newest version (2:4.35-1.1build1).
2026-10-06T15:54:33.6952647Z libnspr4 set to manually installed.
2026-10-06T15:54:33.6952826Z libnss3 is already the newest version (2:3.98-1ubuntu0.2).
2026-10-06T15:54:33.6953010Z libnss3 set to manually installed.
2026-10-06T15:54:33.6953204Z libpango-1.0-0 is already the newest version (1.52.1+ds-1build1).
2026-10-06T15:54:33.6953407Z libpango-1.0-0 set to manually installed.
2026-10-06T15:54:33.6953696Z libx11-6 is already the newest version (2:1.8.7-1build1).
2026-10-06T15:54:33.6953956Z libx11-6 set to manually installed.
2026-10-06T15:54:33.6954137Z libxcb1 is already the newest version (1.15-1ubuntu2).
2026-10-06T15:54:33.6954450Z libxcb1 set to manually installed.
2026-10-06T15:54:33.6954639Z libxcomposite1 is already the newest version (1:0.4.5-1build3).
2026-10-06T15:54:33.6954842Z libxcomposite1 set to manually installed.
2026-10-06T15:54:33.6955040Z libxdamage1 is already the newest version (1:1.1.6-1build1).
2026-10-06T15:54:33.6955238Z libxdamage1 set to manually installed.
2026-10-06T15:54:33.6955420Z libxext6 is already the newest version (2:1.3.4-1build2).
2026-10-06T15:54:33.6955604Z libxext6 set to manually installed.
2026-10-06T15:54:33.6955785Z libxfixes3 is already the newest version (1:6.0.0-2build1).
2026-10-06T15:54:33.6955980Z libxfixes3 set to manually installed.
2026-10-06T15:54:33.6956169Z libxkbcommon0 is already the newest version (1.6.0-1build1).
2026-10-06T15:54:33.6956585Z libxkbcommon0 set to manually installed.
2026-10-06T15:54:33.6956822Z libxrandr2 is already the newest version (2:1.5.2-2build1).
2026-10-06T15:54:33.6957018Z libxrandr2 set to manually installed.
2026-10-06T15:54:33.6957206Z xvfb is already the newest version (2:21.1.12-1ubuntu1.8).
2026-10-06T15:54:33.6957459Z fonts-noto-color-emoji is already the newest version (2.047-0ubuntu0.24.04.1).
2026-10-06T15:54:33.6957732Z libfontconfig1 is already the newest version (2.15.0-1.1ubuntu2).
2026-10-06T15:54:33.6957940Z libfontconfig1 set to manually installed.
2026-10-06T15:54:33.6958137Z fonts-liberation is already the newest version (1:2.1.5-3).
2026-10-06T15:54:33.6958341Z fonts-liberation set to manually installed.
2026-10-06T15:54:33.6958533Z The following additional packages will be installed:
2026-10-06T15:54:33.6958722Z   xfonts-encodings xfonts-utils
2026-10-06T15:54:33.6959007Z Recommended packages:
2026-10-06T15:54:33.6959204Z   fonts-ipafont-mincho fonts-tlwg-loma
2026-10-06T15:54:33.7146402Z The following NEW packages will be installed:
2026-10-06T15:54:33.7147406Z   fonts-freefont-ttf fonts-ipafont-gothic fonts-tlwg-loma-otf fonts-unifont
2026-10-06T15:54:33.7151690Z   fonts-wqy-zenhei xfonts-cyrillic xfonts-encodings xfonts-scalable
2026-10-06T15:54:33.7152191Z   xfonts-utils
2026-10-06T15:54:33.7154668Z The following packages will be upgraded:
2026-10-06T15:54:33.7157261Z   libfreetype6
2026-10-06T15:54:33.7294529Z 1 upgraded, 9 newly installed, 0 to remove and 9 not upgraded.
2026-10-06T15:54:33.7294783Z Need to get 21.5 MB of archives.
2026-10-06T15:54:33.7294988Z After this operation, 79.5 MB of additional disk space will be used.
2026-10-06T15:54:33.7295230Z Get:1 file:/etc/apt/apt-mirrors.txt Mirrorlist [144 B]
2026-10-06T15:54:33.8230733Z Get:2 http://azure.archive.ubuntu.com/ubuntu noble/universe amd64 fonts-ipafont-gothic all 00303-21ubuntu1 [3513 kB]
2026-10-06T15:54:34.1128182Z Get:3 http://azure.archive.ubuntu.com/ubuntu noble/main amd64 fonts-freefont-ttf all 20211204+svn4273-2 [5641 kB]
2026-10-06T15:54:34.2174044Z Get:4 http://azure.archive.ubuntu.com/ubuntu noble/universe amd64 fonts-tlwg-loma-otf all 1:0.7.3-1 [107 kB]
2026-10-06T15:54:34.2528180Z Get:5 http://azure.archive.ubuntu.com/ubuntu noble/universe amd64 fonts-unifont all 1:15.1.01-1build1 [2993 kB]
2026-10-06T15:54:34.3236971Z Get:6 http://azure.archive.ubuntu.com/ubuntu noble/universe amd64 fonts-wqy-zenhei all 0.9.45-8 [7472 kB]
2026-10-06T15:54:34.4453119Z Get:7 http://azure.archive.ubuntu.com/ubuntu noble-security/main amd64 libfreetype6 amd64 2.13.2+dfsg-1ubuntu0.2 [403 kB]
2026-10-06T15:54:34.4782645Z Get:8 http://azure.archive.ubuntu.com/ubuntu noble/main amd64 xfonts-encodings all 1:1.0.5-0ubuntu2 [578 kB]
2026-10-06T15:54:34.5120066Z Get:9 http://azure.archive.ubuntu.com/ubuntu noble/main amd64 xfonts-utils amd64 1:7.7+6build3 [94.4 kB]
2026-10-06T15:54:34.5442857Z Get:10 http://azure.archive.ubuntu.com/ubuntu noble/universe amd64 xfonts-cyrillic all 1:1.0.5+nmu1 [384 kB]
2026-10-06T15:54:34.5799371Z Get:11 http://azure.archive.ubuntu.com/ubuntu noble/main amd64 xfonts-scalable all 1:1.0.3-1.3 [304 kB]
2026-10-06T15:54:34.7761648Z Fetched 21.5 MB in 1s (25.0 MB/s)
2026-10-06T15:54:34.7934977Z Selecting previously unselected package fonts-ipafont-gothic.
2026-10-06T15:54:34.8177674Z (Reading database ... 
2026-10-06T15:54:34.8177948Z (Reading database ... 5%
2026-10-06T15:54:34.8178115Z (Reading database ... 10%
2026-10-06T15:54:34.8178250Z (Reading database ... 15%
2026-10-06T15:54:34.8178382Z (Reading database ... 20%
2026-10-06T15:54:34.8178507Z (Reading database ... 25%
2026-10-06T15:54:34.8178632Z (Reading database ... 30%
2026-10-06T15:54:34.8178756Z (Reading database ... 35%
2026-10-06T15:54:34.8178887Z (Reading database ... 40%
2026-10-06T15:54:34.8179013Z (Reading database ... 45%
2026-10-06T15:54:34.8179138Z (Reading database ... 50%
2026-10-06T15:54:34.8217508Z (Reading database ... 55%
2026-10-06T15:54:34.9503278Z (Reading database ... 60%
2026-10-06T15:54:35.1401218Z (Reading database ... 65%
2026-10-06T15:54:35.3449858Z (Reading database ... 70%
2026-10-06T15:54:35.5459040Z (Reading database ... 75%
2026-10-06T15:54:35.6899229Z (Reading database ... 80%
2026-10-06T15:54:35.8940445Z (Reading database ... 85%
2026-10-06T15:54:36.1015698Z (Reading database ... 90%
2026-10-06T15:54:36.2514697Z (Reading database ... 95%
2026-10-06T15:54:36.2514905Z (Reading database ... 100%
2026-10-06T15:54:36.2515125Z (Reading database ... 203191 files and directories currently installed.)
2026-10-06T15:54:36.2551974Z Preparing to unpack .../0-fonts-ipafont-gothic_00303-21ubuntu1_all.deb ...
2026-10-06T15:54:36.2684596Z Unpacking fonts-ipafont-gothic (00303-21ubuntu1) ...
2026-10-06T15:54:36.4866418Z Selecting previously unselected package fonts-freefont-ttf.
2026-10-06T15:54:36.4963651Z Preparing to unpack .../1-fonts-freefont-ttf_20211204+svn4273-2_all.deb ...
2026-10-06T15:54:36.4970322Z Unpacking fonts-freefont-ttf (20211204+svn4273-2) ...
2026-10-06T15:54:36.6070675Z Selecting previously unselected package fonts-tlwg-loma-otf.
2026-10-06T15:54:36.6168575Z Preparing to unpack .../2-fonts-tlwg-loma-otf_1%3a0.7.3-1_all.deb ...
2026-10-06T15:54:36.6176086Z Unpacking fonts-tlwg-loma-otf (1:0.7.3-1) ...
2026-10-06T15:54:36.6355219Z Selecting previously unselected package fonts-unifont.
2026-10-06T15:54:36.6451615Z Preparing to unpack .../3-fonts-unifont_1%3a15.1.01-1build1_all.deb ...
2026-10-06T15:54:36.6458382Z Unpacking fonts-unifont (1:15.1.01-1build1) ...
2026-10-06T15:54:36.8509179Z Selecting previously unselected package fonts-wqy-zenhei.
2026-10-06T15:54:36.8607635Z Preparing to unpack .../4-fonts-wqy-zenhei_0.9.45-8_all.deb ...
2026-10-06T15:54:36.8695536Z Unpacking fonts-wqy-zenhei (0.9.45-8) ...
2026-10-06T15:54:37.3409291Z Preparing to unpack .../5-libfreetype6_2.13.2+dfsg-1ubuntu0.2_amd64.deb ...
2026-10-06T15:54:37.3434541Z Unpacking libfreetype6:amd64 (2.13.2+dfsg-1ubuntu0.2) over (2.13.2+dfsg-1ubuntu0.1) ...
2026-10-06T15:54:37.3649934Z Selecting previously unselected package xfonts-encodings.
2026-10-06T15:54:37.3750587Z Preparing to unpack .../6-xfonts-encodings_1%3a1.0.5-0ubuntu2_all.deb ...
2026-10-06T15:54:37.3757112Z Unpacking xfonts-encodings (1:1.0.5-0ubuntu2) ...
2026-10-06T15:54:37.3989718Z Selecting previously unselected package xfonts-utils.
2026-10-06T15:54:37.4089440Z Preparing to unpack .../7-xfonts-utils_1%3a7.7+6build3_amd64.deb ...
2026-10-06T15:54:37.4095852Z Unpacking xfonts-utils (1:7.7+6build3) ...
2026-10-06T15:54:37.4402995Z Selecting previously unselected package xfonts-cyrillic.
2026-10-06T15:54:37.4500583Z Preparing to unpack .../8-xfonts-cyrillic_1%3a1.0.5+nmu1_all.deb ...
2026-10-06T15:54:37.4506662Z Unpacking xfonts-cyrillic (1:1.0.5+nmu1) ...
2026-10-06T15:54:37.4764780Z Selecting previously unselected package xfonts-scalable.
2026-10-06T15:54:37.4864415Z Preparing to unpack .../9-xfonts-scalable_1%3a1.0.3-1.3_all.deb ...
2026-10-06T15:54:37.4870691Z Unpacking xfonts-scalable (1:1.0.3-1.3) ...
2026-10-06T15:54:37.5421897Z Setting up fonts-wqy-zenhei (0.9.45-8) ...
2026-10-06T15:54:37.5515454Z Setting up fonts-freefont-ttf (20211204+svn4273-2) ...
2026-10-06T15:54:37.5531234Z Setting up fonts-tlwg-loma-otf (1:0.7.3-1) ...
2026-10-06T15:54:37.5544689Z Setting up libfreetype6:amd64 (2.13.2+dfsg-1ubuntu0.2) ...
2026-10-06T15:54:37.5560601Z Setting up xfonts-encodings (1:1.0.5-0ubuntu2) ...
2026-10-06T15:54:37.5574454Z Setting up fonts-ipafont-gothic (00303-21ubuntu1) ...
2026-10-06T15:54:37.5624128Z update-alternatives: using /usr/share/fonts/opentype/ipafont-gothic/ipag.ttf to provide /usr/share/fonts/truetype/fonts-japanese-gothic.ttf (fonts-japanese-gothic.ttf) in auto mode
2026-10-06T15:54:37.5635658Z Setting up fonts-unifont (1:15.1.01-1build1) ...
2026-10-06T15:54:37.5650139Z Setting up xfonts-utils (1:7.7+6build3) ...
2026-10-06T15:54:37.5680793Z Setting up xfonts-cyrillic (1:1.0.5+nmu1) ...
2026-10-06T15:54:37.5898066Z Setting up xfonts-scalable (1:1.0.3-1.3) ...
2026-10-06T15:54:37.6101837Z Processing triggers for libc-bin (2.39-0ubuntu8.9) ...
2026-10-06T15:54:37.7929468Z Processing triggers for man-db (2.12.0-4build2) ...
2026-10-06T15:54:37.7950239Z Not building database; man-db/auto-update is not 'true'.
2026-10-06T15:54:37.7962551Z Processing triggers for fontconfig (2.15.0-1.1ubuntu2) ...
2026-10-06T15:54:38.3442993Z 
2026-10-06T15:54:38.3443614Z Running kernel seems to be up-to-date.
2026-10-06T15:54:38.3443791Z 
2026-10-06T15:54:38.3443852Z Restarting services...
2026-10-06T15:54:38.3507956Z  systemctl restart php8.3-fpm.service
2026-10-06T15:54:38.4459761Z 
2026-10-06T15:54:38.4467220Z No containers need to be restarted.
2026-10-06T15:54:38.4467470Z 
2026-10-06T15:54:38.4467564Z No user sessions are running outdated binaries.
2026-10-06T15:54:38.4467689Z 
2026-10-06T15:54:38.4467802Z No VM guests are running outdated hypervisor (qemu) binaries on this host.
2026-10-06T15:54:39.3521437Z Downloading Chrome for Testing 153.0.8010.12 (playwright chromium v1243) from https://cdn.playwright.dev/builds/cft/153.0.8010.12/linux64/chrome-linux64.zip
2026-10-06T15:54:39.6833488Z |                                                                                |   0% of 186.8 MiB
2026-10-06T15:54:39.9212685Z |■■■■■■■■                                                                        |  10% of 186.8 MiB
2026-10-06T15:54:40.0703022Z |■■■■■■■■■■■■■■■■                                                                |  20% of 186.8 MiB
2026-10-06T15:54:40.2778116Z |■■■■■■■■■■■■■■■■■■■■■■■■                                                        |  30% of 186.8 MiB
2026-10-06T15:54:40.4751715Z |■■■■■■■■■■■■■■■■■■■■■■■■■■■■■■■■                                                |  40% of 186.8 MiB
2026-10-06T15:54:40.6665647Z |■■■■■■■■■■■■■■■■■■■■■■■■■■■■■■■■■■■■■■■■                                        |  50% of 186.8 MiB
2026-10-06T15:54:40.7793120Z |■■■■■■■■■■■■■■■■■■■■■■■■■■■■■■■■■■■■■■■■■■■■■■■■                                |  60% of 186.8 MiB
2026-10-06T15:54:40.8906660Z |■■■■■■■■■■■■■■■■■■■■■■■■■■■■■■■■■■■■■■■■■■■■■■■■■■■■■■■■                        |  70% of 186.8 MiB
2026-10-06T15:54:41.0042807Z |■■■■■■■■■■■■■■■■■■■■■■■■■■■■■■■■■■■■■■■■■■■■■■■■■■■■■■■■■■■■■■■■                |  80% of 186.8 MiB
2026-10-06T15:54:41.1930938Z |■■■■■■■■■■■■■■■■■■■■■■■■■■■■■■■■■■■■■■■■■■■■■■■■■■■■■■■■■■■■■■■■■■■■■■■■        |  90% of 186.8 MiB
2026-10-06T15:54:41.3798376Z |■■■■■■■■■■■■■■■■■■■■■■■■■■■■■■■■■■■■■■■■■■■■■■■■■■■■■■■■■■■■■■■■■■■■■■■■■■■■■■■■| 100% of 186.8 MiB
2026-10-06T15:54:43.1719913Z Chrome for Testing 153.0.8010.12 (playwright chromium v1243) downloaded to /home/runner/.cache/ms-playwright/chromium-1243
2026-10-06T15:54:43.1723316Z Downloading FFmpeg (playwright ffmpeg v1011) from https://cdn.playwright.dev/dbazure/download/playwright/builds/ffmpeg/1011/ffmpeg-linux.zip
2026-10-06T15:54:43.5845381Z |                                                                                |   0% of 2.3 MiB
2026-10-06T15:54:43.6233263Z |■■■■■■■■                                                                        |  10% of 2.3 MiB
2026-10-06T15:54:43.6378044Z |■■■■■■■■■■■■■■■■                                                                |  20% of 2.3 MiB
2026-10-06T15:54:43.6506870Z |■■■■■■■■■■■■■■■■■■■■■■■■                                                        |  30% of 2.3 MiB
2026-10-06T15:54:43.6629204Z |■■■■■■■■■■■■■■■■■■■■■■■■■■■■■■■■                                                |  40% of 2.3 MiB
2026-10-06T15:54:43.6649258Z |■■■■■■■■■■■■■■■■■■■■■■■■■■■■■■■■■■■■■■■■                                        |  50% of 2.3 MiB
2026-10-06T15:54:43.6762663Z |■■■■■■■■■■■■■■■■■■■■■■■■■■■■■■■■■■■■■■■■■■■■■■■■                                |  60% of 2.3 MiB
2026-10-06T15:54:43.6783559Z |■■■■■■■■■■■■■■■■■■■■■■■■■■■■■■■■■■■■■■■■■■■■■■■■■■■■■■■■                        |  70% of 2.3 MiB
2026-10-06T15:54:43.6802245Z |■■■■■■■■■■■■■■■■■■■■■■■■■■■■■■■■■■■■■■■■■■■■■■■■■■■■■■■■■■■■■■■■                |  80% of 2.3 MiB
2026-10-06T15:54:43.6903029Z |■■■■■■■■■■■■■■■■■■■■■■■■■■■■■■■■■■■■■■■■■■■■■■■■■■■■■■■■■■■■■■■■■■■■■■■■        |  90% of 2.3 MiB
2026-10-06T15:54:43.6912031Z |■■■■■■■■■■■■■■■■■■■■■■■■■■■■■■■■■■■■■■■■■■■■■■■■■■■■■■■■■■■■■■■■■■■■■■■■■■■■■■■■| 100% of 2.3 MiB
2026-10-06T15:54:43.7305620Z FFmpeg (playwright ffmpeg v1011) downloaded to /home/runner/.cache/ms-playwright/ffmpeg-1011
2026-10-06T15:54:43.7308540Z Downloading Chrome Headless Shell 153.0.8010.12 (playwright chromium-headless-shell v1243) from https://cdn.playwright.dev/builds/cft/153.0.8010.12/linux64/chrome-headless-shell-linux64.zip
2026-10-06T15:54:44.0593171Z |                                                                                |   0% of 114.3 MiB
2026-10-06T15:54:44.1871883Z |■■■■■■■■                                                                        |  10% of 114.3 MiB
2026-10-06T15:54:44.3028483Z |■■■■■■■■■■■■■■■■                                                                |  20% of 114.3 MiB
2026-10-06T15:54:44.4072875Z |■■■■■■■■■■■■■■■■■■■■■■■■                                                        |  30% of 114.3 MiB
2026-10-06T15:54:44.4859994Z |■■■■■■■■■■■■■■■■■■■■■■■■■■■■■■■■                                                |  40% of 114.3 MiB
2026-10-06T15:54:44.5627960Z |■■■■■■■■■■■■■■■■■■■■■■■■■■■■■■■■■■■■■■■■                                        |  50% of 114.3 MiB
2026-10-06T15:54:44.6957737Z |■■■■■■■■■■■■■■■■■■■■■■■■■■■■■■■■■■■■■■■■■■■■■■■■                                |  60% of 114.3 MiB
2026-10-06T15:54:44.7757108Z |■■■■■■■■■■■■■■■■■■■■■■■■■■■■■■■■■■■■■■■■■■■■■■■■■■■■■■■■                        |  70% of 114.3 MiB
2026-10-06T15:54:44.8519776Z |■■■■■■■■■■■■■■■■■■■■■■■■■■■■■■■■■■■■■■■■■■■■■■■■■■■■■■■■■■■■■■■■                |  80% of 114.3 MiB
2026-10-06T15:54:44.9324345Z |■■■■■■■■■■■■■■■■■■■■■■■■■■■■■■■■■■■■■■■■■■■■■■■■■■■■■■■■■■■■■■■■■■■■■■■■        |  90% of 114.3 MiB
2026-10-06T15:54:45.0234644Z |■■■■■■■■■■■■■■■■■■■■■■■■■■■■■■■■■■■■■■■■■■■■■■■■■■■■■■■■■■■■■■■■■■■■■■■■■■■■■■■■| 100% of 114.3 MiB
2026-10-06T15:54:46.2804273Z Chrome Headless Shell 153.0.8010.12 (playwright chromium-headless-shell v1243) downloaded to /home/runner/.cache/ms-playwright/chromium_headless_shell-1243
2026-10-06T15:54:46.3053888Z ##[group]Run CF_STATEMENTS=0 TRANSLATE=0 node scripts/update-data.mjs
2026-10-06T15:54:46.3054191Z [36;1mCF_STATEMENTS=0 TRANSLATE=0 node scripts/update-data.mjs[0m
2026-10-06T15:54:46.3105113Z shell: /usr/bin/bash -e {0}
2026-10-06T15:54:46.3105429Z env:
2026-10-06T15:54:46.3107209Z   GITHUB_TOKEN: ***
2026-10-06T15:54:46.3107339Z ##[endgroup]
2026-10-06T15:54:46.3960413Z Discovering daily problem folders...
2026-10-06T15:54:47.3512736Z Found 816 days, syncing the most recent 816.
2026-10-06T15:54:47.8925068Z   2026-10-07: 2 problems
2026-10-06T15:54:48.1834362Z   2026-10-06: 2 problems
2026-10-06T15:54:48.5179975Z   2026-10-05: 2 problems
2026-10-06T15:54:48.8135817Z   2026-10-03: 2 problems
2026-10-06T15:54:49.1421342Z   2026-10-02: 2 problems
2026-10-06T15:54:49.4502792Z   2026-10-01: 2 problems
2026-10-06T15:54:49.7465408Z   2026-09-30: 2 problems
2026-10-06T15:54:50.0402744Z   2026-09-29: 2 problems
2026-10-06T15:54:50.3271663Z   2026-09-28: 2 problems
2026-10-06T15:54:50.6122857Z   2026-09-26: 2 problems
2026-10-06T15:54:50.8959411Z   2026-09-25: 2 problems
2026-10-06T15:54:51.1863632Z   2026-09-24: 2 problems
2026-10-06T15:54:51.5116882Z   2026-09-23: 2 problems
2026-10-06T15:54:51.8226858Z   2026-09-22: 2 problems
2026-10-06T15:54:52.1416549Z   2026-09-21: 2 problems
2026-10-06T15:54:52.4374531Z   2026-09-19: 2 problems
2026-10-06T15:54:52.7681446Z   2026-09-18: 2 problems
2026-10-06T15:54:53.0945779Z   2026-09-17: 2 problems
2026-10-06T15:54:53.3952132Z   2026-09-16: 2 problems
2026-10-06T15:54:53.7083398Z   2026-09-15: 2 problems
2026-10-06T15:54:53.9060679Z   2026-09-14: 2 problems
2026-10-06T15:54:54.1925186Z   2026-09-12: 2 problems
2026-10-06T15:54:54.4975725Z   2026-09-11: 2 problems
2026-10-06T15:54:54.8085781Z   2026-09-10: 2 problems
2026-10-06T15:54:55.0923616Z   2026-09-09: 2 problems
2026-10-06T15:54:55.3920585Z   2026-09-08: 2 problems
2026-10-06T15:54:55.7203216Z   2026-09-07: 2 problems
2026-10-06T15:54:56.0058158Z   2026-09-05: 2 problems
2026-10-06T15:54:56.5091103Z   2026-09-04: 2 problems
2026-10-06T15:54:56.7973891Z   2026-09-03: 2 problems
2026-10-06T15:54:57.1247765Z   2026-09-02: 2 problems
2026-10-06T15:54:57.5442184Z   2026-09-01: 2 problems
2026-10-06T15:54:57.8319052Z   2026-08-31: 2 problems
2026-10-06T15:54:58.1171748Z   2026-08-29: 2 problems
2026-10-06T15:54:58.4069805Z   2026-08-28: 2 problems
2026-10-06T15:54:58.6779290Z   2026-08-27: 2 problems
2026-10-06T15:54:59.0796471Z   2026-08-26: 2 problems
2026-10-06T15:54:59.4026125Z   2026-08-25: 2 problems
2026-10-06T15:54:59.7056661Z   2026-08-24: 2 problems
2026-10-06T15:55:00.0100412Z   2026-08-22: 2 problems
2026-10-06T15:55:00.3040537Z   2026-08-21: 2 problems
2026-10-06T15:55:00.5979647Z   2026-08-20: 2 problems
2026-10-06T15:55:00.9021620Z   2026-08-19: 2 problems
2026-10-06T15:55:01.2131458Z   2026-08-18: 2 problems
2026-10-06T15:55:01.5673482Z   2026-08-17: 2 problems
2026-10-06T15:55:01.8837407Z   2026-08-15: 2 problems
2026-10-06T15:55:02.1952070Z   2026-08-14: 2 problems
2026-10-06T15:55:02.5061589Z   2026-08-13: 2 problems
2026-10-06T15:55:02.9377963Z   2026-08-12: 2 problems
2026-10-06T15:55:03.2727579Z   2026-08-11: 2 problems
2026-10-06T15:55:03.5729550Z   2026-08-10: 2 problems
2026-10-06T15:55:03.9096590Z   2026-08-08: 2 problems
2026-10-06T15:55:04.3375268Z   2026-08-07: 2 problems
2026-10-06T15:55:04.6856422Z   2026-08-06: 2 problems
2026-10-06T15:55:04.9723402Z   2026-08-05: 2 problems
2026-10-06T15:55:05.3511220Z   2026-08-04: 2 problems
2026-10-06T15:55:05.6919862Z   2026-08-03: 2 problems
2026-10-06T15:55:06.2297458Z   2026-08-01: 2 problems
2026-10-06T15:55:06.4898439Z   2026-07-31: 2 problems
2026-10-06T15:55:06.8079190Z   2026-07-30: 2 problems
2026-10-06T15:55:07.2206539Z   2026-07-29: 2 problems
2026-10-06T15:55:07.5338747Z   2026-07-28: 2 problems
2026-10-06T15:55:07.8422133Z   2026-07-27: 2 problems
2026-10-06T15:55:08.2166659Z   2026-07-25: 2 problems
2026-10-06T15:55:08.5848678Z   2026-07-24: 2 problems
2026-10-06T15:55:08.9222024Z   2026-07-23: 2 problems
2026-10-06T15:55:09.2337391Z   2026-07-22: 2 problems
2026-10-06T15:55:09.6358578Z   2026-07-21: 2 problems
2026-10-06T15:55:10.0064825Z   2026-07-16: 2 problems
2026-10-06T15:55:10.3231570Z   2026-07-15: 2 problems
2026-10-06T15:55:10.6521556Z   2026-07-14: 2 problems
2026-10-06T15:55:10.9576924Z   2026-07-13: 2 problems
2026-10-06T15:55:11.3213555Z   2026-07-11: 2 problems
2026-10-06T15:55:11.6400453Z   2026-07-10: 2 problems
2026-10-06T15:55:11.9742073Z   2026-07-09: 2 problems
2026-10-06T15:55:12.2409822Z   2026-07-08: 2 problems
2026-10-06T15:55:12.6844510Z   2026-07-07: 2 problems
2026-10-06T15:55:13.0687209Z   2026-07-06: 2 problems
2026-10-06T15:55:13.5714977Z   2026-07-04: 2 problems
2026-10-06T15:55:13.8904344Z   2026-07-03: 2 problems
2026-10-06T15:55:14.1842888Z   2026-07-02: 2 problems
2026-10-06T15:55:14.4968717Z   2026-07-01: 2 problems
2026-10-06T15:55:14.8143700Z   2026-06-30: 2 problems
2026-10-06T15:55:15.1761714Z   2026-06-29: 2 problems
2026-10-06T15:55:15.4796081Z   2026-06-27: 2 problems
2026-10-06T15:55:15.8077819Z   2026-06-26: 2 problems
2026-10-06T15:55:16.1364333Z   2026-06-25: 2 problems
2026-10-06T15:55:16.4820709Z   2026-06-24: 2 problems
2026-10-06T15:55:16.7877366Z   2026-06-23: 2 problems
2026-10-06T15:55:17.1196444Z   2026-06-22: 2 problems
2026-10-06T15:55:17.4166844Z   2026-06-20: 1 problems
2026-10-06T15:55:17.7060456Z   2026-06-19: 2 problems
2026-10-06T15:55:18.0470038Z   2026-06-18: 2 problems
2026-10-06T15:55:18.3692474Z   2026-06-17: 2 problems
2026-10-06T15:55:18.6414918Z   2026-06-16: 2 problems
2026-10-06T15:55:18.9537171Z   2026-06-15: 2 problems
2026-10-06T15:55:19.2665087Z   2026-06-13: 2 problems
2026-10-06T15:55:19.5823292Z   2026-06-12: 2 problems
2026-10-06T15:55:19.9166941Z   2026-06-11: 2 problems
2026-10-06T15:55:20.2730169Z   2026-06-10: 2 problems
2026-10-06T15:55:20.5746492Z   2026-06-09: 2 problems
2026-10-06T15:55:20.8768797Z   2026-06-08: 2 problems
2026-10-06T15:55:21.1855674Z   2026-06-06: 2 problems
2026-10-06T15:55:21.5384758Z   2026-06-05: 2 problems
2026-10-06T15:55:21.8605656Z   2026-06-04: 2 problems
2026-10-06T15:55:21.9746033Z   2026-06-03: 2 problems
2026-10-06T15:55:22.2975464Z   2026-06-02: 2 problems
2026-10-06T15:55:22.6174999Z   2026-06-01: 2 problems
2026-10-06T15:55:22.9698113Z   2026-05-30: 2 problems
2026-10-06T15:55:23.3024306Z   2026-05-29: 2 problems
2026-10-06T15:55:23.6060375Z   2026-05-28: 2 problems
2026-10-06T15:55:23.9487009Z   2026-05-27: 2 problems
2026-10-06T15:55:24.1781960Z   2026-05-26: 2 problems
2026-10-06T15:55:24.5067878Z   2026-05-25: 2 problems
2026-10-06T15:55:24.8381086Z   2026-05-23: 2 problems
2026-10-06T15:55:25.1612892Z   2026-05-22: 2 problems
2026-10-06T15:55:25.4648847Z   2026-05-21: 2 problems
2026-10-06T15:55:25.8001246Z   2026-05-20: 2 problems
2026-10-06T15:55:26.1613250Z   2026-05-19: 2 problems
2026-10-06T15:55:26.5561319Z   2026-05-18: 2 problems
2026-10-06T15:55:26.9354349Z   2026-05-16: 2 problems
2026-10-06T15:55:27.2630940Z   2026-05-15: 2 problems
2026-10-06T15:55:27.5405066Z   2026-05-14: 2 problems
2026-10-06T15:55:27.8997388Z   2026-05-13: 2 problems
2026-10-06T15:55:28.2305577Z   2026-05-12: 2 problems
2026-10-06T15:55:28.5558560Z   2026-05-11: 2 problems
2026-10-06T15:55:28.8775079Z   2026-05-09: 2 problems
2026-10-06T15:55:29.1952638Z   2026-05-08: 2 problems
2026-10-06T15:55:29.4992389Z   2026-05-07: 2 problems
2026-10-06T15:55:29.8401404Z   2026-05-06: 2 problems
2026-10-06T15:55:30.1806051Z   2026-05-05: 2 problems
2026-10-06T15:55:30.5220297Z   2026-05-04: 2 problems
2026-10-06T15:55:30.8465988Z   2026-05-02: 2 problems
2026-10-06T15:55:31.2360576Z   2026-05-01: 2 problems
2026-10-06T15:55:31.5733015Z   2026-04-30: 2 problems
2026-10-06T15:55:31.8656905Z   2026-04-29: 2 problems
2026-10-06T15:55:32.1865523Z   2026-04-28: 2 problems
2026-10-06T15:55:32.5922705Z   2026-04-27: 2 problems
2026-10-06T15:55:32.8967019Z   2026-04-25: 2 problems
2026-10-06T15:55:33.1853704Z   2026-04-24: 2 problems
2026-10-06T15:55:33.5277899Z   2026-04-23: 2 problems
2026-10-06T15:55:33.8725204Z   2026-04-22: 2 problems
2026-10-06T15:55:34.1578900Z   2026-04-21: 2 problems
2026-10-06T15:55:34.6102496Z   2026-04-20: 2 problems
2026-10-06T15:55:34.9143862Z   2026-04-18: 2 problems
2026-10-06T15:55:35.2017593Z   2026-04-17: 2 problems
2026-10-06T15:55:35.5480731Z   2026-04-16: 2 problems
2026-10-06T15:55:35.8876522Z   2026-04-15: 2 problems
2026-10-06T15:55:36.2929406Z   2026-04-14: 2 problems
2026-10-06T15:55:36.6075136Z   2026-04-13: 2 problems
2026-10-06T15:55:37.1170098Z   2026-04-11: 2 problems
2026-10-06T15:55:37.5816919Z   2026-04-10: 2 problems
2026-10-06T15:55:37.8987168Z   2026-04-09: 2 problems
2026-10-06T15:55:38.1657493Z   2026-04-08: 2 problems
2026-10-06T15:55:38.5406475Z   2026-04-07: 2 problems
2026-10-06T15:55:38.8657119Z   2026-04-06: 2 problems
2026-10-06T15:55:39.1842053Z   2026-04-04: 2 problems
2026-10-06T15:55:39.5437330Z   2026-04-03: 2 problems
2026-10-06T15:55:39.9236616Z   2026-04-02: 2 problems
2026-10-06T15:55:40.2396942Z   2026-04-01: 2 problems
2026-10-06T15:55:40.5878750Z   2026-03-31: 2 problems
2026-10-06T15:55:40.9526939Z   2026-03-30: 2 problems
2026-10-06T15:55:41.3154816Z   2026-03-28: 2 problems
2026-10-06T15:55:41.6878599Z   2026-03-27: 2 problems
2026-10-06T15:55:42.0437195Z   2026-03-26: 2 problems
2026-10-06T15:55:42.4634306Z   2026-03-25: 2 problems
2026-10-06T15:55:42.8764690Z   2026-03-24: 2 problems
2026-10-06T15:55:43.2367640Z   2026-03-23: 2 problems
2026-10-06T15:55:43.6396110Z   2026-03-21: 2 problems
2026-10-06T15:55:43.9933457Z   2026-03-20: 2 problems
2026-10-06T15:55:44.2882643Z   2026-03-19: 2 problems
2026-10-06T15:55:44.6443274Z   2026-03-18: 2 problems
2026-10-06T15:55:44.9754544Z   2026-03-17: 2 problems
2026-10-06T15:55:45.2911479Z   2026-03-16: 2 problems
2026-10-06T15:55:45.6692618Z   2026-03-14: 2 problems
2026-10-06T15:55:46.1031586Z   2026-03-13: 2 problems
2026-10-06T15:55:46.5454615Z   2026-03-12: 2 problems
2026-10-06T15:55:46.9064147Z   2026-03-11: 2 problems
2026-10-06T15:55:47.3641887Z   2026-03-10: 2 problems
2026-10-06T15:55:47.8416977Z   2026-03-09: 2 problems
2026-10-06T15:55:48.2126581Z   2026-03-07: 2 problems
2026-10-06T15:55:48.6764630Z   2026-03-06: 2 problems
2026-10-06T15:55:49.0613868Z   2026-03-05: 2 problems
2026-10-06T15:55:49.5218583Z   2026-03-04: 2 problems
2026-10-06T15:55:49.8661864Z   2026-03-03: 2 problems
2026-10-06T15:55:50.2547737Z   2026-03-02: 2 problems
2026-10-06T15:55:50.5700467Z   2026-02-28: 2 problems
2026-10-06T15:55:50.9717572Z   2026-02-27: 2 problems
2026-10-06T15:55:51.3372768Z   2026-02-26: 2 problems
2026-10-06T15:55:51.6848057Z   2026-02-25: 2 problems
2026-10-06T15:55:52.0330337Z   2026-02-24: 2 problems
2026-10-06T15:55:52.4046318Z   2026-02-23: 2 problems
2026-10-06T15:55:52.7675541Z   2026-02-21: 2 problems
2026-10-06T15:55:53.1134100Z   2026-02-20: 2 problems
2026-10-06T15:55:53.4741826Z   2026-02-19: 2 problems
2026-10-06T15:55:53.8161555Z   2026-02-18: 2 problems
2026-10-06T15:55:54.1077334Z   2026-02-17: 2 problems
2026-10-06T15:55:54.4363968Z   2026-02-16: 2 problems
2026-10-06T15:55:54.7638207Z   2026-02-14: 2 problems
2026-10-06T15:55:55.1864468Z   2026-02-13: 2 problems
2026-10-06T15:55:55.6143585Z   2026-02-12: 2 problems
2026-10-06T15:55:55.9079020Z   2026-02-11: 2 problems
2026-10-06T15:55:56.4136420Z   2026-02-10: 2 problems
2026-10-06T15:55:56.7303474Z   2026-02-09: 2 problems
2026-10-06T15:55:57.1386600Z   2026-02-07: 2 problems
2026-10-06T15:55:57.4643836Z   2026-02-06: 2 problems
2026-10-06T15:55:57.7951651Z   2026-02-05: 2 problems
2026-10-06T15:55:58.1196388Z   2026-02-04: 2 problems
2026-10-06T15:55:58.4583842Z   2026-02-03: 2 problems
2026-10-06T15:55:58.7992606Z   2026-02-02: 2 problems
2026-10-06T15:55:59.1106625Z   2026-01-31: 2 problems
2026-10-06T15:55:59.4533965Z   2026-01-30: 2 problems
2026-10-06T15:55:59.7448674Z   2026-01-29: 2 problems
2026-10-06T15:56:00.0385450Z   2026-01-28: 2 problems
2026-10-06T15:56:00.3753772Z   2026-01-27: 2 problems
2026-10-06T15:56:00.6803898Z   2026-01-26: 2 problems
2026-10-06T15:56:01.0107204Z   2026-01-24: 2 problems
2026-10-06T15:56:01.3772406Z   2026-01-23: 2 problems
2026-10-06T15:56:01.5560425Z   2026-01-22: 2 problems
2026-10-06T15:56:01.8631401Z   2026-01-21: 2 problems
2026-10-06T15:56:02.1820851Z   2026-01-20: 2 problems
2026-10-06T15:56:02.4914679Z   2026-01-19: 2 problems
2026-10-06T15:56:02.8745747Z   2026-01-17: 2 problems
2026-10-06T15:56:03.3129601Z   2026-01-16: 2 problems
2026-10-06T15:56:03.6805475Z   2026-01-15: 2 problems
2026-10-06T15:56:04.0583598Z   2026-01-14: 2 problems
2026-10-06T15:56:04.3898344Z   2026-01-13: 2 problems
2026-10-06T15:56:04.7105898Z   2026-01-12: 2 problems
2026-10-06T15:56:05.0936999Z   2026-01-10: 2 problems
2026-10-06T15:56:05.4390242Z   2026-01-09: 2 problems
2026-10-06T15:56:05.7899121Z   2026-01-08: 2 problems
2026-10-06T15:56:06.1103556Z   2026-01-07: 2 problems
2026-10-06T15:56:06.4478449Z   2026-01-06: 2 problems
2026-10-06T15:56:06.7812676Z   2026-01-05: 2 problems
2026-10-06T15:56:07.1172096Z   2026-01-03: 2 problems
2026-10-06T15:56:07.4453619Z   2026-01-02: 2 problems
2026-10-06T15:56:07.7604264Z   2026-01-01: 2 problems
2026-10-06T15:56:08.0856558Z   2025-12-31: 2 problems
2026-10-06T15:56:08.3916175Z   2025-12-30: 2 problems
2026-10-06T15:56:08.7230149Z   2025-12-29: 2 problems
2026-10-06T15:56:09.0235922Z   2025-12-27: 2 problems
2026-10-06T15:56:09.3562749Z   2025-12-26: 2 problems
2026-10-06T15:56:09.7075097Z   2025-12-25: 2 problems
2026-10-06T15:56:10.0291851Z   2025-12-24: 2 problems
2026-10-06T15:56:10.3547110Z   2025-12-23: 2 problems
2026-10-06T15:56:10.6817248Z   2025-12-22: 2 problems
2026-10-06T15:56:11.0016483Z   2025-12-20: 2 problems
2026-10-06T15:56:11.3142880Z   2025-12-19: 2 problems
2026-10-06T15:56:11.5944520Z   2025-12-18: 2 problems
2026-10-06T15:56:11.9291027Z   2025-12-17: 2 problems
2026-10-06T15:56:12.2873394Z   2025-12-16: 2 problems
2026-10-06T15:56:12.6142099Z   2025-12-15: 2 problems
2026-10-06T15:56:13.1820713Z   2025-12-13: 2 problems
2026-10-06T15:56:13.4968026Z   2025-12-12: 2 problems
2026-10-06T15:56:13.8434194Z   2025-12-11: 2 problems
2026-10-06T15:56:14.1581660Z   2025-12-10: 2 problems
2026-10-06T15:56:14.5039804Z   2025-12-09: 2 problems
2026-10-06T15:56:14.7095191Z   2025-12-08: 2 problems
2026-10-06T15:56:15.0283273Z   2025-12-06: 2 problems
2026-10-06T15:56:15.3883092Z   2025-12-05: 2 problems
2026-10-06T15:56:15.7225509Z   2025-12-04: 2 problems
2026-10-06T15:56:16.1751543Z   2025-12-03: 2 problems
2026-10-06T15:56:16.4966533Z   2025-12-02: 2 problems
2026-10-06T15:56:16.8312115Z   2025-12-01: 2 problems
2026-10-06T15:56:17.2611435Z   2025-11-29: 2 problems
2026-10-06T15:56:17.6246411Z   2025-11-28: 2 problems
2026-10-06T15:56:18.0065938Z   2025-11-27: 2 problems
2026-10-06T15:56:18.3178660Z   2025-11-26: 2 problems
2026-10-06T15:56:18.6287720Z   2025-11-25: 2 problems
2026-10-06T15:56:18.9960085Z   2025-11-24: 2 problems
2026-10-06T15:56:19.3306781Z   2025-11-22: 2 problems
2026-10-06T15:56:19.6493991Z   2025-11-21: 2 problems
2026-10-06T15:56:19.9995563Z   2025-11-20: 2 problems
2026-10-06T15:56:20.3870261Z   2025-11-19: 2 problems
2026-10-06T15:56:20.7094155Z   2025-11-18: 2 problems
2026-10-06T15:56:21.1131454Z   2025-11-17: 2 problems
2026-10-06T15:56:21.4118879Z   2025-11-15: 2 problems
2026-10-06T15:56:21.7216894Z   2025-11-14: 2 problems
2026-10-06T15:56:22.0435546Z   2025-11-13: 2 problems
2026-10-06T15:56:22.3567306Z   2025-11-12: 2 problems
2026-10-06T15:56:22.6809888Z   2025-11-11: 2 problems
2026-10-06T15:56:23.0173686Z   2025-11-10: 2 problems
2026-10-06T15:56:23.3770892Z   2025-11-08: 2 problems
2026-10-06T15:56:23.6994477Z   2025-11-07: 2 problems
2026-10-06T15:56:24.0053530Z   2025-11-06: 2 problems
2026-10-06T15:56:24.3829936Z   2025-11-05: 2 problems
2026-10-06T15:56:24.8145299Z   2025-11-04: 2 problems
2026-10-06T15:56:25.1318211Z   2025-11-03: 2 problems
2026-10-06T15:56:25.4684362Z   2025-11-01: 2 problems
2026-10-06T15:56:25.6739199Z   2025-10-31: 2 problems
2026-10-06T15:56:25.9666154Z   2025-10-30: 2 problems
2026-10-06T15:56:26.2825968Z   2025-10-29: 2 problems
2026-10-06T15:56:26.6102445Z   2025-10-28: 2 problems
2026-10-06T15:56:27.0033710Z   2025-10-27: 2 problems
2026-10-06T15:56:27.3185351Z   2025-10-25: 2 problems
2026-10-06T15:56:27.6289785Z   2025-10-24: 2 problems
2026-10-06T15:56:27.9667975Z   2025-10-23: 2 problems
2026-10-06T15:56:28.3455673Z   2025-10-22: 2 problems
2026-10-06T15:56:28.7140575Z   2025-10-21: 2 problems
2026-10-06T15:56:29.0057565Z   2025-10-20: 2 problems
2026-10-06T15:56:29.2943609Z   2025-10-18: 2 problems
2026-10-06T15:56:29.6234484Z   2025-10-17: 2 problems
2026-10-06T15:56:29.9201354Z   2025-10-16: 2 problems
2026-10-06T15:56:30.2203060Z   2025-10-15: 2 problems
2026-10-06T15:56:30.5212990Z   2025-10-14: 2 problems
2026-10-06T15:56:30.8322305Z   2025-10-13: 2 problems
2026-10-06T15:56:31.1480501Z   2025-10-11: 2 problems
2026-10-06T15:56:31.4554681Z   2025-10-10: 2 problems
2026-10-06T15:56:31.7577295Z   2025-10-09: 2 problems
2026-10-06T15:56:32.1018240Z   2025-10-08: 2 problems
2026-10-06T15:56:32.4114713Z   2025-10-07: 2 problems
2026-10-06T15:56:32.7420262Z   2025-10-06: 2 problems
2026-10-06T15:56:33.0491922Z   2025-10-04: 2 problems
2026-10-06T15:56:33.5244836Z   2025-10-03: 2 problems
2026-10-06T15:56:34.0841222Z   2025-10-02: 2 problems
2026-10-06T15:56:34.4018078Z   2025-10-01: 2 problems
2026-10-06T15:56:34.7172625Z   2025-09-30: 2 problems
2026-10-06T15:56:35.0067348Z   2025-09-29: 2 problems
2026-10-06T15:56:35.3833720Z   2025-09-27: 2 problems
2026-10-06T15:56:35.7992468Z   2025-09-26: 2 problems
2026-10-06T15:56:36.1224548Z   2025-09-25: 2 problems
2026-10-06T15:56:36.4673323Z   2025-09-24: 2 problems
2026-10-06T15:56:36.7893377Z   2025-09-23: 2 problems
2026-10-06T15:56:37.1697935Z   2025-09-22: 2 problems
2026-10-06T15:56:37.4637525Z   2025-09-20: 2 problems
2026-10-06T15:56:37.7556427Z   2025-09-19: 2 problems
2026-10-06T15:56:38.0420641Z   2025-09-18: 2 problems
2026-10-06T15:56:38.3606838Z   2025-09-17: 2 problems
2026-10-06T15:56:38.6994198Z   2025-09-16: 2 problems
2026-10-06T15:56:38.9747461Z   2025-09-15: 2 problems
2026-10-06T15:56:39.3633791Z   2025-09-13: 2 problems
2026-10-06T15:56:39.6383545Z   2025-09-12: 2 problems
2026-10-06T15:56:39.9266386Z   2025-09-11: 2 problems
2026-10-06T15:56:40.2476887Z   2025-09-10: 2 problems
2026-10-06T15:56:40.6350531Z   2025-09-09: 2 problems
2026-10-06T15:56:40.9146843Z   2025-09-08: 2 problems
2026-10-06T15:56:41.1829308Z   2025-09-06: 2 problems
2026-10-06T15:56:41.4864380Z   2025-09-05: 2 problems
2026-10-06T15:56:41.7996938Z   2025-09-04: 2 problems
2026-10-06T15:56:42.0897099Z   2025-09-03: 2 problems
2026-10-06T15:56:42.3827211Z   2025-09-02: 2 problems
2026-10-06T15:56:42.7715085Z   2025-09-01: 2 problems
2026-10-06T15:56:43.1357644Z   2025-08-30: 2 problems
2026-10-06T15:56:43.5537845Z   2025-08-29: 2 problems
2026-10-06T15:56:43.8859059Z   2025-08-28: 2 problems
2026-10-06T15:56:44.1885318Z   2025-08-27: 2 problems
2026-10-06T15:56:44.4638556Z   2025-08-26: 2 problems
2026-10-06T15:56:44.7967774Z   2025-08-25: 2 problems
2026-10-06T15:56:45.0855723Z   2025-08-23: 2 problems
2026-10-06T15:56:45.4001750Z   2025-08-22: 2 problems
2026-10-06T15:56:45.6996882Z   2025-08-21: 2 problems
2026-10-06T15:56:46.0371182Z   2025-08-20: 2 problems
2026-10-06T15:56:46.3095099Z   2025-08-19: 2 problems
2026-10-06T15:56:46.6084547Z   2025-08-18: 2 problems
2026-10-06T15:56:46.9451744Z   2025-08-16: 2 problems
2026-10-06T15:56:47.2324972Z   2025-08-15: 2 problems
2026-10-06T15:56:47.5081613Z   2025-08-14: 2 problems
2026-10-06T15:56:47.8581637Z   2025-08-13: 2 problems
2026-10-06T15:56:48.1532806Z   2025-08-12: 2 problems
2026-10-06T15:56:48.4400062Z   2025-08-11: 2 problems
2026-10-06T15:56:48.7622193Z   2025-08-09: 2 problems
2026-10-06T15:56:49.1257500Z   2025-08-08: 2 problems
2026-10-06T15:56:49.4075083Z   2025-08-07: 2 problems
2026-10-06T15:56:49.7064466Z   2025-08-06: 2 problems
2026-10-06T15:56:49.9733924Z   2025-08-05: 2 problems
2026-10-06T15:56:50.2658213Z   2025-08-04: 2 problems
2026-10-06T15:56:50.5849893Z   2025-08-02: 2 problems
2026-10-06T15:56:50.8987411Z   2025-08-01: 2 problems
2026-10-06T15:56:51.2021669Z   2025-07-31: 2 problems
2026-10-06T15:56:51.5109708Z   2025-07-30: 2 problems
2026-10-06T15:56:51.8632460Z   2025-07-29: 2 problems
2026-10-06T15:56:52.1803818Z   2025-07-28: 2 problems
2026-10-06T15:56:52.5246763Z   2025-07-26: 2 problems
2026-10-06T15:56:52.8305379Z   2025-07-25: 2 problems
2026-10-06T15:56:53.1063843Z   2025-07-24: 2 problems
2026-10-06T15:56:53.4017341Z   2025-07-23: 2 problems
2026-10-06T15:56:53.7075161Z   2025-07-22: 2 problems
2026-10-06T15:56:53.9760558Z   2025-07-21: 2 problems
2026-10-06T15:56:54.2862222Z   2025-07-19: 2 problems
2026-10-06T15:56:54.6044024Z   2025-07-18: 2 problems
2026-10-06T15:56:54.9363859Z   2025-07-17: 2 problems
2026-10-06T15:56:55.2321873Z   2025-07-16: 2 problems
2026-10-06T15:56:55.5177376Z   2025-07-15: 2 problems
2026-10-06T15:56:55.8405489Z   2025-07-14: 2 problems
2026-10-06T15:56:56.1521603Z   2025-07-12: 2 problems
2026-10-06T15:56:56.5454171Z   2025-07-11: 2 problems
2026-10-06T15:56:56.8392153Z   2025-07-10: 2 problems
2026-10-06T15:56:57.1470338Z   2025-07-09: 2 problems
2026-10-06T15:56:57.4809630Z   2025-07-08: 2 problems
2026-10-06T15:56:57.7713097Z   2025-07-07: 2 problems
2026-10-06T15:56:58.0785246Z   2025-07-05: 2 problems
2026-10-06T15:56:58.3748031Z   2025-07-04: 2 problems
2026-10-06T15:56:58.6818533Z   2025-07-03: 2 problems
2026-10-06T15:56:59.0395024Z   2025-07-02: 2 problems
2026-10-06T15:56:59.3519641Z   2025-07-01: 2 problems
2026-10-06T15:56:59.6738523Z   2025-06-30: 2 problems
2026-10-06T15:56:59.9877828Z   2025-06-28: 2 problems
2026-10-06T15:57:00.3222781Z   2025-06-27: 2 problems
2026-10-06T15:57:00.6187580Z   2025-06-26: 2 problems
2026-10-06T15:57:00.9270458Z   2025-06-25: 2 problems
2026-10-06T15:57:01.2469839Z   2025-06-24: 2 problems
2026-10-06T15:57:01.5699301Z   2025-06-23: 2 problems
2026-10-06T15:57:01.7880831Z   2025-06-21: 2 problems
2026-10-06T15:57:02.0953250Z   2025-06-20: 2 problems
2026-10-06T15:57:02.3977038Z   2025-06-19: 2 problems
2026-10-06T15:57:02.7327474Z   2025-06-18: 2 problems
2026-10-06T15:57:03.1347536Z   2025-06-17: 2 problems
2026-10-06T15:57:03.5496597Z   2025-06-16: 2 problems
2026-10-06T15:57:03.8594867Z   2025-06-14: 2 problems
2026-10-06T15:57:04.2515369Z   2025-06-13: 2 problems
2026-10-06T15:57:04.6563392Z   2025-06-12: 2 problems
2026-10-06T15:57:05.0578953Z   2025-06-11: 2 problems
2026-10-06T15:57:05.3548956Z   2025-06-10: 2 problems
2026-10-06T15:57:05.7682255Z   2025-06-09: 2 problems
2026-10-06T15:57:06.0861305Z   2025-06-07: 2 problems
2026-10-06T15:57:06.3950249Z   2025-06-06: 2 problems
2026-10-06T15:57:06.7624427Z   2025-06-05: 2 problems
2026-10-06T15:57:07.0518051Z   2025-06-04: 2 problems
2026-10-06T15:57:07.3804100Z   2025-06-03: 2 problems
2026-10-06T15:57:07.6945826Z   2025-06-02: 2 problems
2026-10-06T15:57:08.0006080Z   2025-05-31: 2 problems
2026-10-06T15:57:08.3067071Z   2025-05-30: 2 problems
2026-10-06T15:57:08.5955964Z   2025-05-29: 2 problems
2026-10-06T15:57:08.9740541Z   2025-05-28: 2 problems
2026-10-06T15:57:09.2852555Z   2025-05-27: 2 problems
2026-10-06T15:57:09.6075749Z   2025-05-26: 2 problems
2026-10-06T15:57:09.9037198Z   2025-05-24: 2 problems
2026-10-06T15:57:10.1821558Z   2025-05-23: 2 problems
2026-10-06T15:57:10.4705251Z   2025-05-22: 2 problems
2026-10-06T15:57:10.7848145Z   2025-05-21: 2 problems
2026-10-06T15:57:11.0814334Z   2025-05-20: 2 problems
2026-10-06T15:57:11.4162828Z   2025-05-19: 2 problems
2026-10-06T15:57:11.7203169Z   2025-05-17: 2 problems
2026-10-06T15:57:12.0075077Z   2025-05-16: 2 problems
2026-10-06T15:57:12.3054034Z   2025-05-15: 2 problems
2026-10-06T15:57:12.6089383Z   2025-05-14: 2 problems
2026-10-06T15:57:12.9445318Z   2025-05-13: 2 problems
2026-10-06T15:57:13.2899304Z   2025-05-12: 2 problems
2026-10-06T15:57:13.6383588Z   2025-05-10: 2 problems
2026-10-06T15:57:13.9494063Z   2025-05-09: 2 problems
2026-10-06T15:57:14.2502110Z   2025-05-08: 2 problems
2026-10-06T15:57:14.5404944Z   2025-05-07: 2 problems
2026-10-06T15:57:14.9311439Z   2025-05-06: 2 problems
2026-10-06T15:57:15.2648579Z   2025-05-05: 2 problems
2026-10-06T15:57:15.5492516Z   2025-05-03: 2 problems
2026-10-06T15:57:15.8529225Z   2025-05-02: 2 problems
2026-10-06T15:57:16.1605207Z   2025-05-01: 2 problems
2026-10-06T15:57:16.4648752Z   2025-04-30: 2 problems
2026-10-06T15:57:16.7958030Z   2025-04-29: 2 problems
2026-10-06T15:57:17.1061055Z   2025-04-28: 2 problems
2026-10-06T15:57:17.4312176Z   2025-04-26: 2 problems
2026-10-06T15:57:17.7282795Z   2025-04-25: 2 problems
2026-10-06T15:57:18.0079953Z   2025-04-24: 2 problems
2026-10-06T15:57:18.3594953Z   2025-04-23: 2 problems
2026-10-06T15:57:18.7461712Z   2025-04-22: 2 problems
2026-10-06T15:57:19.0680269Z   2025-04-21: 2 problems
2026-10-06T15:57:19.3805204Z   2025-04-19: 2 problems
2026-10-06T15:57:19.6832509Z   2025-04-18: 2 problems
2026-10-06T15:57:19.9824386Z   2025-04-17: 2 problems
2026-10-06T15:57:20.2733899Z   2025-04-16: 2 problems
2026-10-06T15:57:20.5854493Z   2025-04-15: 2 problems
2026-10-06T15:57:20.8692615Z   2025-04-14: 2 problems
2026-10-06T15:57:21.1841693Z   2025-04-12: 2 problems
2026-10-06T15:57:21.4780914Z   2025-04-11: 2 problems
2026-10-06T15:57:21.7914229Z   2025-04-10: 2 problems
2026-10-06T15:57:22.0747527Z   2025-04-09: 2 problems
2026-10-06T15:57:22.3558656Z   2025-04-08: 2 problems
2026-10-06T15:57:22.6336728Z   2025-04-07: 2 problems
2026-10-06T15:57:22.9323271Z   2025-04-05: 2 problems
2026-10-06T15:57:23.2549323Z   2025-04-04: 2 problems
2026-10-06T15:57:23.5207399Z   2025-04-03: 2 problems
2026-10-06T15:57:23.8435774Z   2025-04-02: 2 problems
2026-10-06T15:57:24.1761731Z   2025-04-01: 2 problems
2026-10-06T15:57:24.4737835Z   2025-03-31: 2 problems
2026-10-06T15:57:24.8435901Z   2025-03-29: 2 problems
2026-10-06T15:57:25.1554125Z   2025-03-28: 2 problems
2026-10-06T15:57:25.4083802Z   2025-03-27: 2 problems
2026-10-06T15:57:25.7035018Z   2025-03-26: 2 problems
2026-10-06T15:57:26.0247808Z   2025-03-25: 2 problems
2026-10-06T15:57:26.4234502Z   2025-03-24: 2 problems
2026-10-06T15:57:26.7752159Z   2025-03-22: 2 problems
2026-10-06T15:57:27.0612465Z   2025-03-21: 2 problems
2026-10-06T15:57:27.3705340Z   2025-03-20: 2 problems
2026-10-06T15:57:27.6614852Z   2025-03-19: 2 problems
2026-10-06T15:57:27.9897894Z   2025-03-18: 2 problems
2026-10-06T15:57:28.3160563Z   2025-03-17: 2 problems
2026-10-06T15:57:28.6139242Z   2025-03-15: 2 problems
2026-10-06T15:57:28.9056869Z   2025-03-14: 2 problems
2026-10-06T15:57:29.2055899Z   2025-03-13: 2 problems
2026-10-06T15:57:29.4928558Z   2025-03-12: 2 problems
2026-10-06T15:57:29.7872033Z   2025-03-11: 2 problems
2026-10-06T15:57:30.0851574Z   2025-03-10: 2 problems
2026-10-06T15:57:30.3971110Z   2025-03-08: 2 problems
2026-10-06T15:57:30.8005292Z   2025-03-07: 2 problems
2026-10-06T15:57:31.0948723Z   2025-03-06: 2 problems
2026-10-06T15:57:31.4238956Z   2025-03-05: 2 problems
2026-10-06T15:57:31.7186906Z   2025-03-04: 2 problems
2026-10-06T15:57:32.0425296Z   2025-03-03: 2 problems
2026-10-06T15:57:32.3409329Z   2025-03-01: 2 problems
2026-10-06T15:57:32.6399889Z   2025-02-28: 2 problems
2026-10-06T15:57:32.9438703Z   2025-02-27: 2 problems
2026-10-06T15:57:33.2985475Z   2025-02-26: 2 problems
2026-10-06T15:57:33.6620373Z   2025-02-25: 2 problems
2026-10-06T15:57:34.0597355Z   2025-02-24: 2 problems
2026-10-06T15:57:34.5397563Z   2025-02-22: 2 problems
2026-10-06T15:57:34.9584585Z   2025-02-21: 2 problems
2026-10-06T15:57:35.2539582Z   2025-02-20: 2 problems
2026-10-06T15:57:35.5475987Z   2025-02-19: 2 problems
2026-10-06T15:57:35.8299442Z   2025-02-18: 2 problems
2026-10-06T15:57:36.1146661Z   2025-02-17: 2 problems
2026-10-06T15:57:36.4894180Z   2025-02-15: 2 problems
2026-10-06T15:57:36.7906011Z   2025-02-14: 2 problems
2026-10-06T15:57:37.0946467Z   2025-02-13: 2 problems
2026-10-06T15:57:37.3970071Z   2025-02-12: 2 problems
2026-10-06T15:57:37.6887572Z   2025-02-11: 2 problems
2026-10-06T15:57:37.9895955Z   2025-02-10: 2 problems
2026-10-06T15:57:38.3457838Z   2025-02-08: 2 problems
2026-10-06T15:57:38.6786467Z   2025-02-07: 2 problems
2026-10-06T15:57:39.0128804Z   2025-02-06: 2 problems
2026-10-06T15:57:39.3858992Z   2025-02-05: 2 problems
2026-10-06T15:57:39.6687091Z   2025-02-04: 2 problems
2026-10-06T15:57:39.9505846Z   2025-02-03: 2 problems
2026-10-06T15:57:40.2276108Z   2025-02-01: 2 problems
2026-10-06T15:57:40.5344662Z   2025-01-31: 2 problems
2026-10-06T15:57:40.8120387Z   2025-01-30: 2 problems
2026-10-06T15:57:41.1062288Z   2025-01-29: 2 problems
2026-10-06T15:57:41.3844939Z   2025-01-28: 2 problems
2026-10-06T15:57:41.6648703Z   2025-01-27: 2 problems
2026-10-06T15:57:41.9722873Z   2025-01-25: 2 problems
2026-10-06T15:57:42.3651107Z   2025-01-24: 2 problems
2026-10-06T15:57:42.6953005Z   2025-01-23: 2 problems
2026-10-06T15:57:43.0153468Z   2025-01-22: 2 problems
2026-10-06T15:57:43.4917248Z   2025-01-21: 2 problems
2026-10-06T15:57:43.9385611Z   2025-01-20: 2 problems
2026-10-06T15:57:44.2514399Z   2025-01-18: 2 problems
2026-10-06T15:57:44.6635673Z   2025-01-17: 2 problems
2026-10-06T15:57:45.0346917Z   2025-01-16: 2 problems
2026-10-06T15:57:45.3744307Z   2025-01-15: 2 problems
2026-10-06T15:57:45.6600406Z   2025-01-14: 2 problems
2026-10-06T15:57:45.9690087Z   2025-01-13: 2 problems
2026-10-06T15:57:46.2998360Z   2025-01-11: 2 problems
2026-10-06T15:57:47.0828626Z   2025-01-10: 2 problems
2026-10-06T15:57:47.4032319Z   2025-01-09: 2 problems
2026-10-06T15:57:47.7534139Z   2025-01-08: 2 problems
2026-10-06T15:57:48.0939811Z   2025-01-07: 2 problems
2026-10-06T15:57:48.3975153Z   2025-01-06: 2 problems
2026-10-06T15:57:48.7099995Z   2025-01-04: 2 problems
2026-10-06T15:57:49.0281727Z   2025-01-03: 2 problems
2026-10-06T15:57:49.3767031Z   2025-01-02: 2 problems
2026-10-06T15:57:49.7507107Z   2025-01-01: 2 problems
2026-10-06T15:57:50.0927779Z   2024-12-31: 2 problems
2026-10-06T15:57:50.4792076Z   2024-12-30: 2 problems
2026-10-06T15:57:50.7831756Z   2024-12-28: 2 problems
2026-10-06T15:57:51.0912585Z   2024-12-27: 2 problems
2026-10-06T15:57:51.4254286Z   2024-12-26: 2 problems
2026-10-06T15:57:51.6957514Z   2024-12-25: 2 problems
2026-10-06T15:57:52.0239150Z   2024-12-24: 2 problems
2026-10-06T15:57:52.3353380Z   2024-12-23: 2 problems
2026-10-06T15:57:52.6559452Z   2024-12-21: 2 problems
2026-10-06T15:57:53.1293302Z   2024-12-20: 2 problems
2026-10-06T15:57:53.4813717Z   2024-12-19: 2 problems
2026-10-06T15:57:53.8013805Z   2024-12-18: 2 problems
2026-10-06T15:57:54.1194043Z   2024-12-17: 2 problems
2026-10-06T15:57:54.4190317Z   2024-12-16: 2 problems
2026-10-06T15:57:54.7335435Z   2024-12-14: 2 problems
2026-10-06T15:57:55.1397481Z   2024-12-13: 2 problems
2026-10-06T15:57:55.4753103Z   2024-12-12: 2 problems
2026-10-06T15:57:55.7698239Z   2024-12-11: 2 problems
2026-10-06T15:57:56.1255326Z   2024-12-10: 2 problems
2026-10-06T15:57:56.4699566Z   2024-12-09: 2 problems
2026-10-06T15:57:56.7845445Z   2024-12-07: 2 problems
2026-10-06T15:57:57.1076144Z   2024-12-06: 2 problems
2026-10-06T15:57:57.4573030Z   2024-12-05: 2 problems
2026-10-06T15:57:57.8819899Z   2024-12-04: 2 problems
2026-10-06T15:57:58.1420202Z   2024-12-03: 2 problems
2026-10-06T15:57:58.4357047Z   2024-12-02: 2 problems
2026-10-06T15:57:58.7738210Z   2024-11-30: 2 problems
2026-10-06T15:57:59.0523586Z   2024-11-29: 2 problems
2026-10-06T15:57:59.3261247Z   2024-11-28: 2 problems
2026-10-06T15:57:59.6093232Z   2024-11-27: 2 problems
2026-10-06T15:57:59.9860760Z   2024-11-26: 2 problems
2026-10-06T15:58:00.2972718Z   2024-11-25: 2 problems
2026-10-06T15:58:00.7423278Z   2024-11-23: 2 problems
2026-10-06T15:58:01.0580185Z   2024-11-22: 2 problems
2026-10-06T15:58:01.2564802Z   2024-11-21: 2 problems
2026-10-06T15:58:01.5417081Z   2024-11-20: 2 problems
2026-10-06T15:58:01.8642315Z   2024-11-19: 2 problems
2026-10-06T15:58:02.2032942Z   2024-11-18: 2 problems
2026-10-06T15:58:02.4987622Z   2024-11-16: 2 problems
2026-10-06T15:58:02.7719961Z   2024-11-15: 2 problems
2026-10-06T15:58:03.0717150Z   2024-11-14: 2 problems
2026-10-06T15:58:03.4723330Z   2024-11-13: 2 problems
2026-10-06T15:58:03.8103850Z   2024-11-12: 2 problems
2026-10-06T15:58:04.1223345Z   2024-11-11: 2 problems
2026-10-06T15:58:04.4190093Z   2024-11-09: 2 problems
2026-10-06T15:58:04.8104660Z   2024-11-08: 2 problems
2026-10-06T15:58:05.2185073Z   2024-11-07: 2 problems
2026-10-06T15:58:05.6534494Z   2024-11-06: 2 problems
2026-10-06T15:58:06.0257702Z   2024-11-05: 2 problems
2026-10-06T15:58:06.3946167Z   2024-11-04: 2 problems
2026-10-06T15:58:06.8045983Z   2024-11-02: 2 problems
2026-10-06T15:58:07.1101577Z   2024-11-01: 2 problems
2026-10-06T15:58:07.4733620Z   2024-10-31: 2 problems
2026-10-06T15:58:07.7419242Z   2024-10-30: 2 problems
2026-10-06T15:58:08.0532377Z   2024-10-29: 2 problems
2026-10-06T15:58:08.4275116Z   2024-10-28: 2 problems
2026-10-06T15:58:08.7811722Z   2024-10-26: 2 problems
2026-10-06T15:58:09.0987934Z   2024-10-25: 2 problems
2026-10-06T15:58:09.4065841Z   2024-10-24: 2 problems
2026-10-06T15:58:09.7406774Z   2024-10-23: 2 problems
2026-10-06T15:58:10.1872278Z   2024-10-22: 2 problems
2026-10-06T15:58:10.5199028Z   2024-10-21: 2 problems
2026-10-06T15:58:10.8271562Z   2024-10-19: 2 problems
2026-10-06T15:58:11.1542824Z   2024-10-18: 2 problems
2026-10-06T15:58:11.4283049Z   2024-10-17: 2 problems
2026-10-06T15:58:11.8360352Z   2024-10-16: 2 problems
2026-10-06T15:58:12.1884829Z   2024-10-15: 2 problems
2026-10-06T15:58:12.7263855Z   2024-10-14: 2 problems
2026-10-06T15:58:13.1693297Z   2024-10-12: 2 problems
2026-10-06T15:58:13.6609620Z   2024-10-11: 2 problems
2026-10-06T15:58:14.0315011Z   2024-10-10: 2 problems
2026-10-06T15:58:14.5109087Z   2024-10-09: 2 problems
2026-10-06T15:58:14.9841373Z   2024-10-08: 2 problems
2026-10-06T15:58:15.3658703Z   2024-10-07: 2 problems
2026-10-06T15:58:15.6416084Z   2024-10-05: 2 problems
2026-10-06T15:58:16.2500126Z   2024-10-04: 2 problems
2026-10-06T15:58:16.6219997Z   2024-10-03: 2 problems
2026-10-06T15:58:16.9662147Z   2024-10-02: 2 problems
2026-10-06T15:58:17.4529748Z   2024-10-01: 2 problems
2026-10-06T15:58:17.7811587Z   2024-09-30: 2 problems
2026-10-06T15:58:18.0935076Z   2024-09-28: 2 problems
2026-10-06T15:58:18.4032405Z   2024-09-27: 2 problems
2026-10-06T15:58:18.6890855Z   2024-09-26: 2 problems
2026-10-06T15:58:18.9565235Z   2024-09-25: 2 problems
2026-10-06T15:58:19.1985624Z   2024-09-24: 2 problems
2026-10-06T15:58:19.5547595Z   2024-09-23: 2 problems
2026-10-06T15:58:19.8677322Z   2024-09-21: 2 problems
2026-10-06T15:58:20.1987934Z   2024-09-20: 2 problems
2026-10-06T15:58:20.5193556Z   2024-09-19: 2 problems
2026-10-06T15:58:20.8635202Z   2024-09-18: 2 problems
2026-10-06T15:58:21.2249163Z   2024-09-17: 2 problems
2026-10-06T15:58:21.5952130Z   2024-09-16: 2 problems
2026-10-06T15:58:21.9284547Z   2024-09-14: 2 problems
2026-10-06T15:58:22.2711784Z   2024-09-13: 2 problems
2026-10-06T15:58:22.5721191Z   2024-09-12: 2 problems
2026-10-06T15:58:22.8589614Z   2024-09-11: 2 problems
2026-10-06T15:58:23.1631899Z   2024-09-10: 2 problems
2026-10-06T15:58:23.4973367Z   2024-09-09: 2 problems
2026-10-06T15:58:23.7788605Z   2024-09-07: 2 problems
2026-10-06T15:58:24.0503816Z   2024-09-06: 2 problems
2026-10-06T15:58:24.3832047Z   2024-09-05: 2 problems
2026-10-06T15:58:24.6854658Z   2024-09-04: 2 problems
2026-10-06T15:58:24.9999614Z   2024-09-03: 2 problems
2026-10-06T15:58:25.2737728Z   2024-09-02: 2 problems
2026-10-06T15:58:25.5808945Z   2024-08-31: 2 problems
2026-10-06T15:58:25.8533148Z   2024-08-30: 2 problems
2026-10-06T15:58:26.1630406Z   2024-08-29: 2 problems
2026-10-06T15:58:26.5589478Z   2024-08-28: 2 problems
2026-10-06T15:58:26.9636937Z   2024-08-27: 2 problems
2026-10-06T15:58:27.3627050Z   2024-08-26: 2 problems
2026-10-06T15:58:27.6597782Z   2024-08-24: 2 problems
2026-10-06T15:58:27.9515027Z   2024-08-23: 2 problems
2026-10-06T15:58:28.2589520Z   2024-08-22: 2 problems
2026-10-06T15:58:28.5751852Z   2024-08-21: 2 problems
2026-10-06T15:58:28.8817732Z   2024-08-20: 2 problems
2026-10-06T15:58:29.2200558Z   2024-08-19: 2 problems
2026-10-06T15:58:29.5255248Z   2024-08-17: 2 problems
2026-10-06T15:58:29.7982625Z   2024-08-16: 2 problems
2026-10-06T15:58:30.1051785Z   2024-08-15: 2 problems
2026-10-06T15:58:30.4016791Z   2024-08-14: 2 problems
2026-10-06T15:58:30.6904290Z   2024-08-13: 2 problems
2026-10-06T15:58:30.9783849Z   2024-08-12: 2 problems
2026-10-06T15:58:31.4562121Z   2024-08-10: 2 problems
2026-10-06T15:58:31.7290376Z   2024-08-09: 2 problems
2026-10-06T15:58:32.0340240Z   2024-08-08: 2 problems
2026-10-06T15:58:32.3166491Z   2024-08-07: 2 problems
2026-10-06T15:58:32.6050177Z   2024-08-06: 2 problems
2026-10-06T15:58:32.8969060Z   2024-08-05: 2 problems
2026-10-06T15:58:33.2026152Z   2024-08-03: 2 problems
2026-10-06T15:58:33.4924594Z   2024-08-02: 2 problems
2026-10-06T15:58:33.8032043Z   2024-08-01: 2 problems
2026-10-06T15:58:34.0908573Z   2024-07-31: 2 problems
2026-10-06T15:58:34.4009832Z   2024-07-30: 2 problems
2026-10-06T15:58:34.8907401Z   2024-07-29: 2 problems
2026-10-06T15:58:35.2098415Z   2024-07-27: 2 problems
2026-10-06T15:58:35.6236648Z   2024-07-26: 2 problems
2026-10-06T15:58:35.9368881Z   2024-07-25: 2 problems
2026-10-06T15:58:36.3396147Z   2024-07-24: 2 problems
2026-10-06T15:58:36.6638986Z   2024-07-23: 2 problems
2026-10-06T15:58:37.0253658Z   2024-07-22: 2 problems
2026-10-06T15:58:37.3175529Z   2024-07-20: 2 problems
2026-10-06T15:58:37.6321784Z   2024-07-19: 2 problems
2026-10-06T15:58:37.9384090Z   2024-07-18: 2 problems
2026-10-06T15:58:38.3059305Z   2024-07-17: 2 problems
2026-10-06T15:58:38.6298247Z   2024-07-16: 2 problems
2026-10-06T15:58:38.9608667Z   2024-07-15: 2 problems
2026-10-06T15:58:39.2647361Z   2024-07-13: 2 problems
2026-10-06T15:58:39.4590528Z   2024-07-12: 2 problems
2026-10-06T15:58:39.7904580Z   2024-07-11: 2 problems
2026-10-06T15:58:40.1760812Z   2024-07-10: 2 problems
2026-10-06T15:58:40.5838644Z   2024-07-09: 2 problems
2026-10-06T15:58:40.9145201Z   2024-07-08: 2 problems
2026-10-06T15:58:41.2336393Z   2024-07-06: 2 problems
2026-10-06T15:58:41.5670886Z   2024-07-05: 2 problems
2026-10-06T15:58:41.8616956Z   2024-07-04: 2 problems
2026-10-06T15:58:42.1634329Z   2024-07-03: 2 problems
2026-10-06T15:58:42.4874560Z   2024-07-02: 2 problems
2026-10-06T15:58:42.8149791Z   2024-07-01: 2 problems
2026-10-06T15:58:43.1999259Z   2024-06-29: 2 problems
2026-10-06T15:58:43.5719951Z   2024-06-28: 2 problems
2026-10-06T15:58:43.8772257Z   2024-06-27: 2 problems
2026-10-06T15:58:44.1904690Z   2024-06-26: 2 problems
2026-10-06T15:58:44.4965499Z   2024-06-25: 2 problems
2026-10-06T15:58:44.8327441Z   2024-06-24: 2 problems
2026-10-06T15:58:45.2082311Z   2024-06-22: 2 problems
2026-10-06T15:58:45.5433650Z   2024-06-21: 2 problems
2026-10-06T15:58:45.8796557Z   2024-06-20: 2 problems
2026-10-06T15:58:46.2131143Z   2024-06-19: 2 problems
2026-10-06T15:58:46.5432144Z   2024-06-18: 2 problems
2026-10-06T15:58:46.8867271Z   2024-06-17: 2 problems
2026-10-06T15:58:47.2004564Z   2024-06-15: 2 problems
2026-10-06T15:58:47.5437287Z   2024-06-14: 2 problems
2026-10-06T15:58:47.8438632Z   2024-06-13: 2 problems
2026-10-06T15:58:48.1344804Z   2024-06-12: 2 problems
2026-10-06T15:58:48.4415753Z   2024-06-11: 2 problems
2026-10-06T15:58:48.7536156Z   2024-06-10: 2 problems
2026-10-06T15:58:49.0754735Z   2024-06-08: 2 problems
2026-10-06T15:58:49.3804475Z   2024-06-07: 2 problems
2026-10-06T15:58:49.6802519Z   2024-06-06: 2 problems
2026-10-06T15:58:49.9738932Z   2024-06-05: 2 problems
2026-10-06T15:58:50.2938778Z   2024-06-04: 2 problems
2026-10-06T15:58:50.6013975Z   2024-06-03: 2 problems
2026-10-06T15:58:50.9024351Z   2024-06-01: 2 problems
2026-10-06T15:58:51.2452154Z   2024-05-31: 2 problems
2026-10-06T15:58:51.5587192Z   2024-05-30: 2 problems
2026-10-06T15:58:51.8853957Z   2024-05-29: 2 problems
2026-10-06T15:58:52.2156892Z   2024-05-28: 2 problems
2026-10-06T15:58:52.5310435Z   2024-05-27: 2 problems
2026-10-06T15:58:52.8358224Z   2024-05-25: 2 problems
2026-10-06T15:58:53.1336420Z   2024-05-24: 2 problems
2026-10-06T15:58:53.4694430Z   2024-05-23: 2 problems
2026-10-06T15:58:53.8747904Z   2024-05-22: 2 problems
2026-10-06T15:58:54.1928851Z   2024-05-21: 2 problems
2026-10-06T15:58:54.4941238Z   2024-05-20: 2 problems
2026-10-06T15:58:54.7790845Z   2024-05-18: 2 problems
2026-10-06T15:58:55.0761957Z   2024-05-17: 2 problems
2026-10-06T15:58:55.3895971Z   2024-05-16: 2 problems
2026-10-06T15:58:55.6879371Z   2024-05-15: 2 problems
2026-10-06T15:58:55.9756941Z   2024-05-14: 2 problems
2026-10-06T15:58:56.4242133Z   2024-05-13: 2 problems
2026-10-06T15:58:56.8469859Z   2024-05-11: 2 problems
2026-10-06T15:58:57.1729104Z   2024-05-10: 2 problems
2026-10-06T15:58:57.4920638Z   2024-05-09: 2 problems
2026-10-06T15:58:57.8115987Z   2024-05-08: 2 problems
2026-10-06T15:58:58.1229646Z   2024-05-07: 2 problems
2026-10-06T15:58:58.4879980Z   2024-05-06: 2 problems
2026-10-06T15:58:58.8761739Z   2024-05-04: 2 problems
2026-10-06T15:58:59.1668460Z   2024-05-03: 2 problems
2026-10-06T15:58:59.4907396Z   2024-05-02: 2 problems
2026-10-06T15:58:59.7893741Z   2024-05-01: 2 problems
2026-10-06T15:59:00.0797719Z   2024-04-30: 2 problems
2026-10-06T15:59:00.3890806Z   2024-04-29: 2 problems
2026-10-06T15:59:00.7092249Z   2024-04-27: 2 problems
2026-10-06T15:59:01.0065020Z   2024-04-26: 2 problems
2026-10-06T15:59:01.3344547Z   2024-04-25: 2 problems
2026-10-06T15:59:01.6355619Z   2024-04-24: 2 problems
2026-10-06T15:59:01.9197431Z   2024-04-23: 2 problems
2026-10-06T15:59:02.2215477Z   2024-04-22: 2 problems
2026-10-06T15:59:02.5502942Z   2024-04-20: 2 problems
2026-10-06T15:59:02.8458286Z   2024-04-19: 2 problems
2026-10-06T15:59:03.1330182Z   2024-04-18: 2 problems
2026-10-06T15:59:03.6532383Z   2024-04-17: 2 problems
2026-10-06T15:59:03.9287411Z   2024-04-16: 2 problems
2026-10-06T15:59:04.2166701Z   2024-04-15: 2 problems
2026-10-06T15:59:04.5658716Z   2024-04-13: 2 problems
2026-10-06T15:59:04.8660906Z   2024-04-12: 2 problems
2026-10-06T15:59:05.1695089Z   2024-04-11: 2 problems
2026-10-06T15:59:05.4622505Z   2024-04-10: 2 problems
2026-10-06T15:59:05.7393420Z   2024-04-09: 2 problems
2026-10-06T15:59:06.0364739Z   2024-04-08: 2 problems
2026-10-06T15:59:06.3657227Z   2024-04-06: 2 problems
2026-10-06T15:59:06.6686704Z   2024-04-05: 2 problems
2026-10-06T15:59:06.9651818Z   2024-04-04: 2 problems
2026-10-06T15:59:07.2606149Z   2024-04-03: 2 problems
2026-10-06T15:59:07.5580287Z   2024-04-02: 2 problems
2026-10-06T15:59:07.8925255Z   2024-04-01: 2 problems
2026-10-06T15:59:08.2048608Z   2024-03-30: 2 problems
2026-10-06T15:59:08.4754712Z   2024-03-29: 2 problems
2026-10-06T15:59:08.7409167Z   2024-03-28: 2 problems
2026-10-06T15:59:09.0332806Z   2024-03-27: 2 problems
2026-10-06T15:59:09.3249654Z   2024-03-26: 2 problems
2026-10-06T15:59:09.6106795Z   2024-03-25: 2 problems
2026-10-06T15:59:09.9194828Z   2024-03-23: 2 problems
2026-10-06T15:59:10.2167035Z   2024-03-22: 2 problems
2026-10-06T15:59:10.4997298Z   2024-03-21: 2 problems
2026-10-06T15:59:10.7905567Z   2024-03-20: 2 problems
2026-10-06T15:59:11.1127208Z   2024-03-19: 2 problems
2026-10-06T15:59:11.3904208Z   2024-03-18: 2 problems
2026-10-06T15:59:11.6895944Z   2024-03-16: 2 problems
2026-10-06T15:59:11.9810528Z   2024-03-15: 2 problems
2026-10-06T15:59:12.3117567Z   2024-03-14: 2 problems
2026-10-06T15:59:12.7345090Z   2024-03-13: 2 problems
2026-10-06T15:59:13.2081807Z   2024-03-12: 2 problems
2026-10-06T15:59:13.6576002Z   2024-03-11: 2 problems
2026-10-06T15:59:13.9686046Z   2024-03-09: 2 problems
2026-10-06T15:59:14.2542718Z   2024-03-08: 2 problems
2026-10-06T15:59:14.6225266Z   2024-03-07: 2 problems
2026-10-06T15:59:14.9633214Z   2024-03-06: 2 problems
2026-10-06T15:59:15.2692517Z   2024-03-05: 2 problems
2026-10-06T15:59:15.5796935Z   2024-03-04: 2 problems
2026-10-06T15:59:15.8695822Z   2024-03-02: 2 problems
2026-10-06T15:59:16.3217384Z   2024-03-01: 2 problems
2026-10-06T15:59:16.7113284Z   2024-02-29: 2 problems
2026-10-06T15:59:17.0264635Z   2024-02-28: 2 problems
2026-10-06T15:59:17.3075588Z   2024-02-27: 2 problems
2026-10-06T15:59:17.6022330Z   2024-02-26: 2 problems
2026-10-06T15:59:17.6024342Z Building categories...
2026-10-06T15:59:20.6538942Z Wrote /home/runner/work/ys_problem_web/ys_problem_web/data/daily.json (816 days, 21 categories).
2026-10-06T15:59:20.6539448Z Syncing leaderboard (records.js from gh-pages)...
2026-10-06T15:59:20.7752249Z   ✓ 361 players, data through 2026-10-05 (unchanged)
2026-10-06T15:59:20.7752723Z LEADERBOARD-SYNC {"changed":false,"players":361,"currentDate":"2026-10-05"}
2026-10-06T15:59:20.7882738Z ##[group]Run xvfb-run -a node scripts/fetch-statements.mjs --limit 4 --delay 6000
2026-10-06T15:59:20.7883069Z [36;1mxvfb-run -a node scripts/fetch-statements.mjs --limit 4 --delay 6000[0m
2026-10-06T15:59:20.7934800Z shell: /usr/bin/bash -e {0}
2026-10-06T15:59:20.7934962Z env:
2026-10-06T15:59:20.7935079Z   CF_START_MODE: chrome-headful
2026-10-06T15:59:20.7935219Z ##[endgroup]
2026-10-06T15:59:20.9346822Z Statements on disk: 1601; missing in archive: 28; needs limits: 0; fetching: 4
2026-10-06T15:59:23.2703912Z   [1/4] ✓ GYM106744G — G. Uniform Change (2 samples)
2026-10-06T15:59:30.1107781Z   [2/4] ✓ GYM103627A — A. Points (1 samples)
2026-10-06T15:59:44.9938283Z   [3/4] ✗ GYM106259I — fetch/parse failed
2026-10-06T15:59:52.2874681Z   2 consecutive failures — cooling down 240s…
2026-10-06T16:03:53.5686435Z   [4/4] ✗ GYM105746C — fetch/parse failed
2026-10-06T16:03:53.6400972Z 
2026-10-06T16:03:53.6401546Z Done: 2 saved, 2 failed.
2026-10-06T16:03:53.6403249Z Failed codes (rerun this script to retry):
2026-10-06T16:03:53.6403598Z   GYM106259I, GYM105746C
2026-10-06T16:03:53.7571363Z ##[group]Run OUT=$(xvfb-run -a node scripts/repair-zsmj.mjs --limit 200 --delay 6000)
2026-10-06T16:03:53.7571704Z [36;1mOUT=$(xvfb-run -a node scripts/repair-zsmj.mjs --limit 200 --delay 6000)[0m
2026-10-06T16:03:53.7571943Z [36;1mecho "$OUT"[0m
2026-10-06T16:03:53.7572151Z [36;1mREPAIRED=$(echo "$OUT" | grep -oE 'Done: [0-9]+ repaired' | grep -oE '[0-9]+' || echo 0)[0m
2026-10-06T16:03:53.7572465Z [36;1mREMAINING=$(grep -l '%%ZSMJ' data/statements/*.json 2>/dev/null | wc -l | tr -d ' ')[0m
2026-10-06T16:03:53.7572722Z [36;1mecho "repaired=$REPAIRED" >> "$GITHUB_OUTPUT"[0m
2026-10-06T16:03:53.7572925Z [36;1mecho "remaining=$REMAINING" >> "$GITHUB_OUTPUT"[0m
2026-10-06T16:03:53.7624192Z shell: /usr/bin/bash -e {0}
2026-10-06T16:03:53.7624336Z env:
2026-10-06T16:03:53.7624457Z   CF_START_MODE: chrome-headful
2026-10-06T16:03:53.7624597Z ##[endgroup]
2026-10-06T16:03:53.9844537Z Statements to repair: 0
2026-10-06T16:03:53.9996101Z ##[group]Run CF_STATEMENTS=0 TRANSLATE=0 node scripts/update-data.mjs
2026-10-06T16:03:53.9997038Z [36;1mCF_STATEMENTS=0 TRANSLATE=0 node scripts/update-data.mjs[0m
2026-10-06T16:03:54.0050805Z shell: /usr/bin/bash -e {0}
2026-10-06T16:03:54.0050981Z ##[endgroup]
2026-10-06T16:03:54.0960518Z Discovering daily problem folders...
2026-10-06T16:03:55.0296554Z Found 816 days, syncing the most recent 816.
2026-10-06T16:03:55.4686963Z   2026-10-07: 2 problems
2026-10-06T16:03:55.8948726Z   2026-10-06: 2 problems
2026-10-06T16:03:56.1957795Z   2026-10-05: 2 problems
2026-10-06T16:03:56.6235299Z   2026-10-03: 2 problems
2026-10-06T16:03:56.8202015Z   2026-10-02: 2 problems
2026-10-06T16:03:57.0540667Z   2026-10-01: 2 problems
2026-10-06T16:03:57.2783078Z   2026-09-30: 2 problems
2026-10-06T16:03:57.5005170Z   2026-09-29: 2 problems
2026-10-06T16:03:57.7150603Z   2026-09-28: 2 problems
2026-10-06T16:03:57.9221215Z   2026-09-26: 2 problems
2026-10-06T16:03:58.1434011Z   2026-09-25: 2 problems
2026-10-06T16:03:58.3449472Z   2026-09-24: 2 problems
2026-10-06T16:03:58.5369739Z   2026-09-23: 2 problems
2026-10-06T16:03:58.7814806Z   2026-09-22: 2 problems
2026-10-06T16:03:58.9938051Z   2026-09-21: 2 problems
2026-10-06T16:03:59.4187360Z   2026-09-19: 2 problems
2026-10-06T16:03:59.6077284Z   2026-09-18: 2 problems
2026-10-06T16:03:59.7941865Z   2026-09-17: 2 problems
2026-10-06T16:04:00.0001431Z   2026-09-16: 2 problems
2026-10-06T16:04:00.2346412Z   2026-09-15: 2 problems
2026-10-06T16:04:00.3673510Z   2026-09-14: 2 problems
2026-10-06T16:04:00.5788755Z   2026-09-12: 2 problems
2026-10-06T16:04:00.7829945Z   2026-09-11: 2 problems
2026-10-06T16:04:01.0428501Z   2026-09-10: 2 problems
2026-10-06T16:04:01.2631125Z   2026-09-09: 2 problems
2026-10-06T16:04:01.4769706Z   2026-09-08: 2 problems
2026-10-06T16:04:01.8152767Z   2026-09-07: 2 problems
2026-10-06T16:04:02.0138740Z   2026-09-05: 2 problems
2026-10-06T16:04:02.2329328Z   2026-09-04: 2 problems
2026-10-06T16:04:02.4433448Z   2026-09-03: 2 problems
2026-10-06T16:04:02.6678188Z   2026-09-02: 2 problems
2026-10-06T16:04:02.9310646Z   2026-09-01: 2 problems
2026-10-06T16:04:03.2023874Z   2026-08-31: 2 problems
2026-10-06T16:04:03.4783987Z   2026-08-29: 2 problems
2026-10-06T16:04:03.7749482Z   2026-08-28: 2 problems
2026-10-06T16:04:04.0531846Z   2026-08-27: 2 problems
2026-10-06T16:04:04.2701070Z   2026-08-26: 2 problems
2026-10-06T16:04:04.5721312Z   2026-08-25: 2 problems
2026-10-06T16:04:04.8584343Z   2026-08-24: 2 problems
2026-10-06T16:04:05.0785389Z   2026-08-22: 2 problems
2026-10-06T16:04:05.3971368Z   2026-08-21: 2 problems
2026-10-06T16:04:05.6057364Z   2026-08-20: 2 problems
2026-10-06T16:04:05.9161416Z   2026-08-19: 2 problems
2026-10-06T16:04:06.1399615Z   2026-08-18: 2 problems
2026-10-06T16:04:06.3649828Z   2026-08-17: 2 problems
2026-10-06T16:04:06.5613621Z   2026-08-15: 2 problems
2026-10-06T16:04:06.7628112Z   2026-08-14: 2 problems
2026-10-06T16:04:06.9585262Z   2026-08-13: 2 problems
2026-10-06T16:04:07.1611116Z   2026-08-12: 2 problems
2026-10-06T16:04:07.3633983Z   2026-08-11: 2 problems
2026-10-06T16:04:07.5502869Z   2026-08-10: 2 problems
2026-10-06T16:04:07.8372950Z   2026-08-08: 2 problems
2026-10-06T16:04:08.1202114Z   2026-08-07: 2 problems
2026-10-06T16:04:08.3378801Z   2026-08-06: 2 problems
2026-10-06T16:04:08.5215188Z   2026-08-05: 2 problems
2026-10-06T16:04:08.7107091Z   2026-08-04: 2 problems
2026-10-06T16:04:08.9063713Z   2026-08-03: 2 problems
2026-10-06T16:04:09.1457197Z   2026-08-01: 2 problems
2026-10-06T16:04:09.2914026Z   2026-07-31: 2 problems
2026-10-06T16:04:09.5412616Z   2026-07-30: 2 problems
2026-10-06T16:04:09.7648935Z   2026-07-29: 2 problems
2026-10-06T16:04:09.9426014Z   2026-07-28: 2 problems
2026-10-06T16:04:10.1510801Z   2026-07-27: 2 problems
2026-10-06T16:04:10.3214734Z   2026-07-25: 2 problems
2026-10-06T16:04:10.5370423Z   2026-07-24: 2 problems
2026-10-06T16:04:10.7282954Z   2026-07-23: 2 problems
2026-10-06T16:04:10.9607503Z   2026-07-22: 2 problems
2026-10-06T16:04:11.1469374Z   2026-07-21: 2 problems
2026-10-06T16:04:11.3415376Z   2026-07-16: 2 problems
2026-10-06T16:04:11.5377153Z   2026-07-15: 2 problems
2026-10-06T16:04:11.7553133Z   2026-07-14: 2 problems
2026-10-06T16:04:11.9700755Z   2026-07-13: 2 problems
2026-10-06T16:04:12.1933310Z   2026-07-11: 2 problems
2026-10-06T16:04:12.3979718Z   2026-07-10: 2 problems
2026-10-06T16:04:12.6133813Z   2026-07-09: 2 problems
2026-10-06T16:04:12.7940631Z   2026-07-08: 2 problems
2026-10-06T16:04:12.9780045Z   2026-07-07: 2 problems
2026-10-06T16:04:13.2681437Z   2026-07-06: 2 problems
2026-10-06T16:04:13.5412839Z   2026-07-04: 2 problems
2026-10-06T16:04:13.7482083Z   2026-07-03: 2 problems
2026-10-06T16:04:13.9652145Z   2026-07-02: 2 problems
2026-10-06T16:04:14.1911719Z   2026-07-01: 2 problems
2026-10-06T16:04:14.3678888Z   2026-06-30: 2 problems
2026-10-06T16:04:14.5637070Z   2026-06-29: 2 problems
2026-10-06T16:04:14.7724568Z   2026-06-27: 2 problems
2026-10-06T16:04:14.9761904Z   2026-06-26: 2 problems
2026-10-06T16:04:15.1864977Z   2026-06-25: 2 problems
2026-10-06T16:04:15.4022948Z   2026-06-24: 2 problems
2026-10-06T16:04:15.6194253Z   2026-06-23: 2 problems
2026-10-06T16:04:15.8242711Z   2026-06-22: 2 problems
2026-10-06T16:04:15.9827733Z   2026-06-20: 1 problems
2026-10-06T16:04:16.1917886Z   2026-06-19: 2 problems
2026-10-06T16:04:16.4645627Z   2026-06-18: 2 problems
2026-10-06T16:04:16.6719297Z   2026-06-17: 2 problems
2026-10-06T16:04:16.8580724Z   2026-06-16: 2 problems
2026-10-06T16:04:17.0612562Z   2026-06-15: 2 problems
2026-10-06T16:04:17.2568593Z   2026-06-13: 2 problems
2026-10-06T16:04:17.4905657Z   2026-06-12: 2 problems
2026-10-06T16:04:17.7130152Z   2026-06-11: 2 problems
2026-10-06T16:04:17.9147065Z   2026-06-10: 2 problems
2026-10-06T16:04:18.1076059Z   2026-06-09: 2 problems
2026-10-06T16:04:18.3381351Z   2026-06-08: 2 problems
2026-10-06T16:04:18.6341408Z   2026-06-06: 2 problems
2026-10-06T16:04:18.8316970Z   2026-06-05: 2 problems
2026-10-06T16:04:19.0339772Z   2026-06-04: 2 problems
2026-10-06T16:04:19.1079747Z   2026-06-03: 2 problems
2026-10-06T16:04:19.3097107Z   2026-06-02: 2 problems
2026-10-06T16:04:19.5123469Z   2026-06-01: 2 problems
2026-10-06T16:04:19.7137212Z   2026-05-30: 2 problems
2026-10-06T16:04:19.9157066Z   2026-05-29: 2 problems
2026-10-06T16:04:20.1047963Z   2026-05-28: 2 problems
2026-10-06T16:04:20.3237648Z   2026-05-27: 2 problems
2026-10-06T16:04:20.5791945Z   2026-05-26: 2 problems
2026-10-06T16:04:20.8133932Z   2026-05-25: 2 problems
2026-10-06T16:04:20.9942718Z   2026-05-23: 2 problems
2026-10-06T16:04:21.1738032Z   2026-05-22: 2 problems
2026-10-06T16:04:21.3649794Z   2026-05-21: 2 problems
2026-10-06T16:04:21.5526548Z   2026-05-20: 2 problems
2026-10-06T16:04:21.7557925Z   2026-05-19: 2 problems
2026-10-06T16:04:21.9526149Z   2026-05-18: 2 problems
2026-10-06T16:04:22.1579673Z   2026-05-16: 2 problems
2026-10-06T16:04:22.3671750Z   2026-05-15: 2 problems
2026-10-06T16:04:22.5561599Z   2026-05-14: 2 problems
2026-10-06T16:04:22.7728988Z   2026-05-13: 2 problems
2026-10-06T16:04:22.9739496Z   2026-05-12: 2 problems
2026-10-06T16:04:23.1854449Z   2026-05-11: 2 problems
2026-10-06T16:04:23.3733340Z   2026-05-09: 2 problems
2026-10-06T16:04:23.5913068Z   2026-05-08: 2 problems
2026-10-06T16:04:23.7718045Z   2026-05-07: 2 problems
2026-10-06T16:04:23.9806141Z   2026-05-06: 2 problems
2026-10-06T16:04:24.2049310Z   2026-05-05: 2 problems
2026-10-06T16:04:24.3981102Z   2026-05-04: 2 problems
2026-10-06T16:04:24.5981073Z   2026-05-02: 2 problems
2026-10-06T16:04:24.7900966Z   2026-05-01: 2 problems
2026-10-06T16:04:25.0048537Z   2026-04-30: 2 problems
2026-10-06T16:04:25.1819143Z   2026-04-29: 2 problems
2026-10-06T16:04:25.4192917Z   2026-04-28: 2 problems
2026-10-06T16:04:25.6122999Z   2026-04-27: 2 problems
2026-10-06T16:04:25.8114668Z   2026-04-25: 2 problems
2026-10-06T16:04:26.0115758Z   2026-04-24: 2 problems
2026-10-06T16:04:26.2858424Z   2026-04-23: 2 problems
2026-10-06T16:04:26.4886921Z   2026-04-22: 2 problems
2026-10-06T16:04:26.6902826Z   2026-04-21: 2 problems
2026-10-06T16:04:26.9806671Z   2026-04-20: 2 problems
2026-10-06T16:04:27.2013590Z   2026-04-18: 2 problems
2026-10-06T16:04:27.4132951Z   2026-04-17: 2 problems
2026-10-06T16:04:27.6105268Z   2026-04-16: 2 problems
2026-10-06T16:04:27.8015921Z   2026-04-15: 2 problems
2026-10-06T16:04:28.0383929Z   2026-04-14: 2 problems
2026-10-06T16:04:28.2623433Z   2026-04-13: 2 problems
2026-10-06T16:04:28.5034329Z   2026-04-11: 2 problems
2026-10-06T16:04:28.6956698Z   2026-04-10: 2 problems
2026-10-06T16:04:28.9430022Z   2026-04-09: 2 problems
2026-10-06T16:04:29.0734435Z   2026-04-08: 2 problems
2026-10-06T16:04:29.2593326Z   2026-04-07: 2 problems
2026-10-06T16:04:29.4626044Z   2026-04-06: 2 problems
2026-10-06T16:04:29.6761543Z   2026-04-04: 2 problems
2026-10-06T16:04:29.8741536Z   2026-04-03: 2 problems
2026-10-06T16:04:30.0827882Z   2026-04-02: 2 problems
2026-10-06T16:04:30.3035180Z   2026-04-01: 2 problems
2026-10-06T16:04:30.5273824Z   2026-03-31: 2 problems
2026-10-06T16:04:30.7358470Z   2026-03-30: 2 problems
2026-10-06T16:04:30.9641763Z   2026-03-28: 2 problems
2026-10-06T16:04:31.1903870Z   2026-03-27: 2 problems
2026-10-06T16:04:31.4149374Z   2026-03-26: 2 problems
2026-10-06T16:04:31.6647907Z   2026-03-25: 2 problems
2026-10-06T16:04:31.8645701Z   2026-03-24: 2 problems
2026-10-06T16:04:32.1073616Z   2026-03-23: 2 problems
2026-10-06T16:04:32.3854909Z   2026-03-21: 2 problems
2026-10-06T16:04:32.5866622Z   2026-03-20: 2 problems
2026-10-06T16:04:32.7903035Z   2026-03-19: 2 problems
2026-10-06T16:04:32.9989863Z   2026-03-18: 2 problems
2026-10-06T16:04:33.2299377Z   2026-03-17: 2 problems
2026-10-06T16:04:33.4452029Z   2026-03-16: 2 problems
2026-10-06T16:04:33.8220228Z   2026-03-14: 2 problems
2026-10-06T16:04:34.1214766Z   2026-03-13: 2 problems
2026-10-06T16:04:34.4035259Z   2026-03-12: 2 problems
2026-10-06T16:04:34.6057699Z   2026-03-11: 2 problems
2026-10-06T16:04:34.7900680Z   2026-03-10: 2 problems
2026-10-06T16:04:35.0867631Z   2026-03-09: 2 problems
2026-10-06T16:04:35.3680569Z   2026-03-07: 2 problems
2026-10-06T16:04:35.5749499Z   2026-03-06: 2 problems
2026-10-06T16:04:35.8666776Z   2026-03-05: 2 problems
2026-10-06T16:04:36.0402003Z   2026-03-04: 2 problems
2026-10-06T16:04:36.2722588Z   2026-03-03: 2 problems
2026-10-06T16:04:36.4691397Z   2026-03-02: 2 problems
2026-10-06T16:04:36.6877222Z   2026-02-28: 2 problems
2026-10-06T16:04:36.8759283Z   2026-02-27: 2 problems
2026-10-06T16:04:37.1326374Z   2026-02-26: 2 problems
2026-10-06T16:04:37.3529925Z   2026-02-25: 2 problems
2026-10-06T16:04:37.5351320Z   2026-02-24: 2 problems
2026-10-06T16:04:37.8002300Z   2026-02-23: 2 problems
2026-10-06T16:04:37.9770817Z   2026-02-21: 2 problems
2026-10-06T16:04:38.1722943Z   2026-02-20: 2 problems
2026-10-06T16:04:38.3732104Z   2026-02-19: 2 problems
2026-10-06T16:04:38.5584010Z   2026-02-18: 2 problems
2026-10-06T16:04:38.7557456Z   2026-02-17: 2 problems
2026-10-06T16:04:38.9854817Z   2026-02-16: 2 problems
2026-10-06T16:04:39.1928972Z   2026-02-14: 2 problems
2026-10-06T16:04:39.4365390Z   2026-02-13: 2 problems
2026-10-06T16:04:39.6370721Z   2026-02-12: 2 problems
2026-10-06T16:04:39.8439045Z   2026-02-11: 2 problems
2026-10-06T16:04:40.0391210Z   2026-02-10: 2 problems
2026-10-06T16:04:40.2242908Z   2026-02-09: 2 problems
2026-10-06T16:04:40.4320929Z   2026-02-07: 2 problems
2026-10-06T16:04:40.7010227Z   2026-02-06: 2 problems
2026-10-06T16:04:40.8880790Z   2026-02-05: 2 problems
2026-10-06T16:04:41.1049009Z   2026-02-04: 2 problems
2026-10-06T16:04:41.2889127Z   2026-02-03: 2 problems
2026-10-06T16:04:41.5011136Z   2026-02-02: 2 problems
2026-10-06T16:04:41.6814212Z   2026-01-31: 2 problems
2026-10-06T16:04:41.8750422Z   2026-01-30: 2 problems
2026-10-06T16:04:42.0575637Z   2026-01-29: 2 problems
2026-10-06T16:04:42.2659892Z   2026-01-28: 2 problems
2026-10-06T16:04:42.4737112Z   2026-01-27: 2 problems
2026-10-06T16:04:42.6785993Z   2026-01-26: 2 problems
2026-10-06T16:04:42.9594059Z   2026-01-24: 2 problems
2026-10-06T16:04:43.3322667Z   2026-01-23: 2 problems
2026-10-06T16:04:43.5509557Z   2026-01-22: 2 problems
2026-10-06T16:04:43.7715216Z   2026-01-21: 2 problems
2026-10-06T16:04:44.1012395Z   2026-01-20: 2 problems
2026-10-06T16:04:44.4202638Z   2026-01-19: 2 problems
2026-10-06T16:04:44.6495983Z   2026-01-17: 2 problems
2026-10-06T16:04:44.8615733Z   2026-01-16: 2 problems
2026-10-06T16:04:45.0838391Z   2026-01-15: 2 problems
2026-10-06T16:04:45.2747476Z   2026-01-14: 2 problems
2026-10-06T16:04:45.4847005Z   2026-01-13: 2 problems
2026-10-06T16:04:45.7430894Z   2026-01-12: 2 problems
2026-10-06T16:04:45.9633526Z   2026-01-10: 2 problems
2026-10-06T16:04:46.1829132Z   2026-01-09: 2 problems
2026-10-06T16:04:46.3990526Z   2026-01-08: 2 problems
2026-10-06T16:04:46.6076852Z   2026-01-07: 2 problems
2026-10-06T16:04:46.8024969Z   2026-01-06: 2 problems
2026-10-06T16:04:47.0140670Z   2026-01-05: 2 problems
2026-10-06T16:04:47.2293636Z   2026-01-03: 2 problems
2026-10-06T16:04:47.4240763Z   2026-01-02: 2 problems
2026-10-06T16:04:47.6402532Z   2026-01-01: 2 problems
2026-10-06T16:04:47.8442763Z   2025-12-31: 2 problems
2026-10-06T16:04:48.0475094Z   2025-12-30: 2 problems
2026-10-06T16:04:48.2508038Z   2025-12-29: 2 problems
2026-10-06T16:04:48.4639270Z   2025-12-27: 2 problems
2026-10-06T16:04:48.6628128Z   2025-12-26: 2 problems
2026-10-06T16:04:48.8598818Z   2025-12-25: 2 problems
2026-10-06T16:04:49.0663708Z   2025-12-24: 2 problems
2026-10-06T16:04:49.2550047Z   2025-12-23: 2 problems
2026-10-06T16:04:49.4656505Z   2025-12-22: 2 problems
2026-10-06T16:04:49.7634021Z   2025-12-20: 2 problems
2026-10-06T16:04:49.9647715Z   2025-12-19: 2 problems
2026-10-06T16:04:50.1688933Z   2025-12-18: 2 problems
2026-10-06T16:04:50.3751869Z   2025-12-17: 2 problems
2026-10-06T16:04:50.5817727Z   2025-12-16: 2 problems
2026-10-06T16:04:50.7843500Z   2025-12-15: 2 problems
2026-10-06T16:04:50.9857630Z   2025-12-13: 2 problems
2026-10-06T16:04:51.1914941Z   2025-12-12: 2 problems
2026-10-06T16:04:51.3992102Z   2025-12-11: 2 problems
2026-10-06T16:04:51.6079818Z   2025-12-10: 2 problems
2026-10-06T16:04:51.8122217Z   2025-12-09: 2 problems
2026-10-06T16:04:51.9434309Z   2025-12-08: 2 problems
2026-10-06T16:04:52.1435066Z   2025-12-06: 2 problems
2026-10-06T16:04:52.3597303Z   2025-12-05: 2 problems
2026-10-06T16:04:52.5657907Z   2025-12-04: 2 problems
2026-10-06T16:04:52.7884135Z   2025-12-03: 2 problems
2026-10-06T16:04:52.9920109Z   2025-12-02: 2 problems
2026-10-06T16:04:53.1811046Z   2025-12-01: 2 problems
2026-10-06T16:04:53.3894525Z   2025-11-29: 2 problems
2026-10-06T16:04:53.6813363Z   2025-11-28: 2 problems
2026-10-06T16:04:53.9073902Z   2025-11-27: 2 problems
2026-10-06T16:04:54.1188140Z   2025-11-26: 2 problems
2026-10-06T16:04:54.3593672Z   2025-11-25: 2 problems
2026-10-06T16:04:54.5753182Z   2025-11-24: 2 problems
2026-10-06T16:04:54.7629707Z   2025-11-22: 2 problems
2026-10-06T16:04:54.9762388Z   2025-11-21: 2 problems
2026-10-06T16:04:55.1708234Z   2025-11-20: 2 problems
2026-10-06T16:04:55.3616074Z   2025-11-19: 2 problems
2026-10-06T16:04:55.5629768Z   2025-11-18: 2 problems
2026-10-06T16:04:55.7697507Z   2025-11-17: 2 problems
2026-10-06T16:04:55.9920910Z   2025-11-15: 2 problems
2026-10-06T16:04:56.3048580Z   2025-11-14: 2 problems
2026-10-06T16:04:56.6217059Z   2025-11-13: 2 problems
2026-10-06T16:04:56.8217550Z   2025-11-12: 2 problems
2026-10-06T16:04:57.0509421Z   2025-11-11: 2 problems
2026-10-06T16:04:57.2522509Z   2025-11-10: 2 problems
2026-10-06T16:04:57.5067095Z   2025-11-08: 2 problems
2026-10-06T16:04:57.6991094Z   2025-11-07: 2 problems
2026-10-06T16:04:57.9975867Z   2025-11-06: 2 problems
2026-10-06T16:04:58.2078998Z   2025-11-05: 2 problems
2026-10-06T16:04:58.4234524Z   2025-11-04: 2 problems
2026-10-06T16:04:58.6961643Z   2025-11-03: 2 problems
2026-10-06T16:04:58.9762579Z   2025-11-01: 2 problems
2026-10-06T16:04:59.1351748Z   2025-10-31: 2 problems
2026-10-06T16:04:59.3245757Z   2025-10-30: 2 problems
2026-10-06T16:04:59.5338259Z   2025-10-29: 2 problems
2026-10-06T16:04:59.7681719Z   2025-10-28: 2 problems
2026-10-06T16:04:59.9704674Z   2025-10-27: 2 problems
2026-10-06T16:05:00.2194524Z   2025-10-25: 2 problems
2026-10-06T16:05:00.4351120Z   2025-10-24: 2 problems
2026-10-06T16:05:00.6734089Z   2025-10-23: 2 problems
2026-10-06T16:05:00.8889674Z   2025-10-22: 2 problems
2026-10-06T16:05:01.1060472Z   2025-10-21: 2 problems
2026-10-06T16:05:01.3665721Z   2025-10-20: 2 problems
2026-10-06T16:05:01.5641361Z   2025-10-18: 2 problems
2026-10-06T16:05:01.7941450Z   2025-10-17: 2 problems
2026-10-06T16:05:02.1194900Z   2025-10-16: 2 problems
2026-10-06T16:05:02.3666705Z   2025-10-15: 2 problems
2026-10-06T16:05:02.5761791Z   2025-10-14: 2 problems
2026-10-06T16:05:02.7867060Z   2025-10-13: 2 problems
2026-10-06T16:05:03.0446948Z   2025-10-11: 2 problems
2026-10-06T16:05:03.2551866Z   2025-10-10: 2 problems
2026-10-06T16:05:03.5464643Z   2025-10-09: 2 problems
2026-10-06T16:05:03.8458417Z   2025-10-08: 2 problems
2026-10-06T16:05:04.2396799Z   2025-10-07: 2 problems
2026-10-06T16:05:04.5273580Z   2025-10-06: 2 problems
2026-10-06T16:05:04.7667155Z   2025-10-04: 2 problems
2026-10-06T16:05:04.9616152Z   2025-10-03: 2 problems
2026-10-06T16:05:05.2024016Z   2025-10-02: 2 problems
2026-10-06T16:05:05.4268086Z   2025-10-01: 2 problems
2026-10-06T16:05:05.6363695Z   2025-09-30: 2 problems
2026-10-06T16:05:05.8765712Z   2025-09-29: 2 problems
2026-10-06T16:05:06.0840412Z   2025-09-27: 2 problems
2026-10-06T16:05:06.3247593Z   2025-09-26: 2 problems
2026-10-06T16:05:06.5324476Z   2025-09-25: 2 problems
2026-10-06T16:05:06.7550866Z   2025-09-24: 2 problems
2026-10-06T16:05:06.9739297Z   2025-09-23: 2 problems
2026-10-06T16:05:07.2006910Z   2025-09-22: 2 problems
2026-10-06T16:05:07.4194931Z   2025-09-20: 2 problems
2026-10-06T16:05:07.6645989Z   2025-09-19: 2 problems
2026-10-06T16:05:07.8748375Z   2025-09-18: 2 problems
2026-10-06T16:05:08.0898541Z   2025-09-17: 2 problems
2026-10-06T16:05:08.3107055Z   2025-09-16: 2 problems
2026-10-06T16:05:08.5427052Z   2025-09-15: 2 problems
2026-10-06T16:05:08.7674695Z   2025-09-13: 2 problems
2026-10-06T16:05:09.0009007Z   2025-09-12: 2 problems
2026-10-06T16:05:09.2777717Z   2025-09-11: 2 problems
2026-10-06T16:05:09.5005080Z   2025-09-10: 2 problems
2026-10-06T16:05:09.7180731Z   2025-09-09: 2 problems
2026-10-06T16:05:09.9480302Z   2025-09-08: 2 problems
2026-10-06T16:05:10.1612124Z   2025-09-06: 2 problems
2026-10-06T16:05:10.4573673Z   2025-09-05: 2 problems
2026-10-06T16:05:10.6637057Z   2025-09-04: 2 problems
2026-10-06T16:05:10.8727615Z   2025-09-03: 2 problems
2026-10-06T16:05:11.0853101Z   2025-09-02: 2 problems
2026-10-06T16:05:11.2957742Z   2025-09-01: 2 problems
2026-10-06T16:05:11.5006055Z   2025-08-30: 2 problems
2026-10-06T16:05:11.7295315Z   2025-08-29: 2 problems
2026-10-06T16:05:11.9339797Z   2025-08-28: 2 problems
2026-10-06T16:05:12.1446115Z   2025-08-27: 2 problems
2026-10-06T16:05:12.3531199Z   2025-08-26: 2 problems
2026-10-06T16:05:12.5895806Z   2025-08-25: 2 problems
2026-10-06T16:05:12.8083513Z   2025-08-23: 2 problems
2026-10-06T16:05:13.0193281Z   2025-08-22: 2 problems
2026-10-06T16:05:13.2513787Z   2025-08-21: 2 problems
2026-10-06T16:05:13.4785483Z   2025-08-20: 2 problems
2026-10-06T16:05:13.8077532Z   2025-08-19: 2 problems
2026-10-06T16:05:14.0363981Z   2025-08-18: 2 problems
2026-10-06T16:05:14.2472957Z   2025-08-16: 2 problems
2026-10-06T16:05:14.4792810Z   2025-08-15: 2 problems
2026-10-06T16:05:14.6963278Z   2025-08-14: 2 problems
2026-10-06T16:05:14.9103925Z   2025-08-13: 2 problems
2026-10-06T16:05:15.1250170Z   2025-08-12: 2 problems
2026-10-06T16:05:15.3410587Z   2025-08-11: 2 problems
2026-10-06T16:05:15.5650766Z   2025-08-09: 2 problems
2026-10-06T16:05:15.7823923Z   2025-08-08: 2 problems
2026-10-06T16:05:16.0125529Z   2025-08-07: 2 problems
2026-10-06T16:05:16.2147033Z   2025-08-06: 2 problems
2026-10-06T16:05:16.4359193Z   2025-08-05: 2 problems
2026-10-06T16:05:16.6458527Z   2025-08-04: 2 problems
2026-10-06T16:05:16.8604744Z   2025-08-02: 2 problems
2026-10-06T16:05:17.0648296Z   2025-08-01: 2 problems
2026-10-06T16:05:17.2683104Z   2025-07-31: 2 problems
2026-10-06T16:05:17.5081402Z   2025-07-30: 2 problems
2026-10-06T16:05:17.7292177Z   2025-07-29: 2 problems
2026-10-06T16:05:17.9454805Z   2025-07-28: 2 problems
2026-10-06T16:05:18.1877121Z   2025-07-26: 2 problems
2026-10-06T16:05:18.4915916Z   2025-07-25: 2 problems
2026-10-06T16:05:18.7403905Z   2025-07-24: 2 problems
2026-10-06T16:05:18.9598887Z   2025-07-23: 2 problems
2026-10-06T16:05:19.1777632Z   2025-07-22: 2 problems
2026-10-06T16:05:19.4517694Z   2025-07-21: 2 problems
2026-10-06T16:05:19.6768815Z   2025-07-19: 2 problems
2026-10-06T16:05:19.9012407Z   2025-07-18: 2 problems
2026-10-06T16:05:20.1339760Z   2025-07-17: 2 problems
2026-10-06T16:05:20.3682347Z   2025-07-16: 2 problems
2026-10-06T16:05:20.5933223Z   2025-07-15: 2 problems
2026-10-06T16:05:20.8483007Z   2025-07-14: 2 problems
2026-10-06T16:05:21.0561832Z   2025-07-12: 2 problems
2026-10-06T16:05:21.3206895Z   2025-07-11: 2 problems
2026-10-06T16:05:21.5273072Z   2025-07-10: 2 problems
2026-10-06T16:05:21.7555284Z   2025-07-09: 2 problems
2026-10-06T16:05:22.0017049Z   2025-07-08: 2 problems
2026-10-06T16:05:22.2357015Z   2025-07-07: 2 problems
2026-10-06T16:05:22.4695952Z   2025-07-05: 2 problems
2026-10-06T16:05:22.6854389Z   2025-07-04: 2 problems
2026-10-06T16:05:22.9084079Z   2025-07-03: 2 problems
2026-10-06T16:05:23.1246641Z   2025-07-02: 2 problems
2026-10-06T16:05:23.3438993Z   2025-07-01: 2 problems
2026-10-06T16:05:23.5462603Z   2025-06-30: 2 problems
2026-10-06T16:05:23.7583707Z   2025-06-28: 2 problems
2026-10-06T16:05:23.9640579Z   2025-06-27: 2 problems
2026-10-06T16:05:24.1872955Z   2025-06-26: 2 problems
2026-10-06T16:05:24.4040364Z   2025-06-25: 2 problems
2026-10-06T16:05:24.6493520Z   2025-06-24: 2 problems
2026-10-06T16:05:24.8657600Z   2025-06-23: 2 problems
2026-10-06T16:05:25.0534394Z   2025-06-21: 2 problems
2026-10-06T16:05:25.2859030Z   2025-06-20: 2 problems
2026-10-06T16:05:25.5320566Z   2025-06-19: 2 problems
2026-10-06T16:05:25.7959544Z   2025-06-18: 2 problems
2026-10-06T16:05:25.9971522Z   2025-06-17: 2 problems
2026-10-06T16:05:26.2099546Z   2025-06-16: 2 problems
2026-10-06T16:05:26.4264380Z   2025-06-14: 2 problems
2026-10-06T16:05:26.8015105Z   2025-06-13: 2 problems
2026-10-06T16:05:27.0634510Z   2025-06-12: 2 problems
2026-10-06T16:05:27.2742093Z   2025-06-11: 2 problems
2026-10-06T16:05:27.5624592Z   2025-06-10: 2 problems
2026-10-06T16:05:27.7803513Z   2025-06-09: 2 problems
2026-10-06T16:05:28.0104905Z   2025-06-07: 2 problems
2026-10-06T16:05:28.2272726Z   2025-06-06: 2 problems
2026-10-06T16:05:28.4775344Z   2025-06-05: 2 problems
2026-10-06T16:05:28.6981893Z   2025-06-04: 2 problems
2026-10-06T16:05:28.9316976Z   2025-06-03: 2 problems
2026-10-06T16:05:29.1508456Z   2025-06-02: 2 problems
2026-10-06T16:05:29.3714075Z   2025-05-31: 2 problems
2026-10-06T16:05:29.5980685Z   2025-05-30: 2 problems
2026-10-06T16:05:29.8191503Z   2025-05-29: 2 problems
2026-10-06T16:05:30.0344875Z   2025-05-28: 2 problems
2026-10-06T16:05:30.2620970Z   2025-05-27: 2 problems
2026-10-06T16:05:30.4901701Z   2025-05-26: 2 problems
2026-10-06T16:05:30.6997539Z   2025-05-24: 2 problems
2026-10-06T16:05:30.9077930Z   2025-05-23: 2 problems
2026-10-06T16:05:31.1790194Z   2025-05-22: 2 problems
2026-10-06T16:05:31.4129302Z   2025-05-21: 2 problems
2026-10-06T16:05:31.6299274Z   2025-05-20: 2 problems
2026-10-06T16:05:31.8349623Z   2025-05-19: 2 problems
2026-10-06T16:05:32.0567597Z   2025-05-17: 2 problems
2026-10-06T16:05:32.3041849Z   2025-05-16: 2 problems
2026-10-06T16:05:32.5323093Z   2025-05-15: 2 problems
2026-10-06T16:05:32.7534004Z   2025-05-14: 2 problems
2026-10-06T16:05:32.9724390Z   2025-05-13: 2 problems
2026-10-06T16:05:33.1902171Z   2025-05-12: 2 problems
2026-10-06T16:05:33.4856567Z   2025-05-10: 2 problems
2026-10-06T16:05:33.8047768Z   2025-05-09: 2 problems
2026-10-06T16:05:34.1168825Z   2025-05-08: 2 problems
2026-10-06T16:05:34.4194747Z   2025-05-07: 2 problems
2026-10-06T16:05:34.6352609Z   2025-05-06: 2 problems
2026-10-06T16:05:34.9356445Z   2025-05-05: 2 problems
2026-10-06T16:05:35.2587269Z   2025-05-03: 2 problems
2026-10-06T16:05:35.4880909Z   2025-05-02: 2 problems
2026-10-06T16:05:35.7289516Z   2025-05-01: 2 problems
2026-10-06T16:05:35.9266800Z   2025-04-30: 2 problems
2026-10-06T16:05:36.1413489Z   2025-04-29: 2 problems
2026-10-06T16:05:36.3767211Z   2025-04-28: 2 problems
2026-10-06T16:05:36.6190469Z   2025-04-26: 2 problems
2026-10-06T16:05:36.8175906Z   2025-04-25: 2 problems
2026-10-06T16:05:37.1025517Z   2025-04-24: 2 problems
2026-10-06T16:05:37.3188964Z   2025-04-23: 2 problems
2026-10-06T16:05:37.5377937Z   2025-04-22: 2 problems
2026-10-06T16:05:37.7617585Z   2025-04-21: 2 problems
2026-10-06T16:05:37.9783916Z   2025-04-19: 2 problems
2026-10-06T16:05:38.2287333Z   2025-04-18: 2 problems
2026-10-06T16:05:38.4620004Z   2025-04-17: 2 problems
2026-10-06T16:05:38.7026098Z   2025-04-16: 2 problems
2026-10-06T16:05:39.0343575Z   2025-04-15: 2 problems
2026-10-06T16:05:39.2380328Z   2025-04-14: 2 problems
2026-10-06T16:05:39.4484218Z   2025-04-12: 2 problems
2026-10-06T16:05:39.6691338Z   2025-04-11: 2 problems
2026-10-06T16:05:39.8726921Z   2025-04-10: 2 problems
2026-10-06T16:05:40.1073317Z   2025-04-09: 2 problems
2026-10-06T16:05:40.3309836Z   2025-04-08: 2 problems
2026-10-06T16:05:40.5807736Z   2025-04-07: 2 problems
2026-10-06T16:05:40.7979086Z   2025-04-05: 2 problems
2026-10-06T16:05:41.0174911Z   2025-04-04: 2 problems
2026-10-06T16:05:41.2261910Z   2025-04-03: 2 problems
2026-10-06T16:05:41.4783209Z   2025-04-02: 2 problems
2026-10-06T16:05:41.7103959Z   2025-04-01: 2 problems
2026-10-06T16:05:41.9419288Z   2025-03-31: 2 problems
2026-10-06T16:05:42.1721897Z   2025-03-29: 2 problems
2026-10-06T16:05:42.4439452Z   2025-03-28: 2 problems
2026-10-06T16:05:42.6626689Z   2025-03-27: 2 problems
2026-10-06T16:05:42.8679583Z   2025-03-26: 2 problems
2026-10-06T16:05:43.1010138Z   2025-03-25: 2 problems
2026-10-06T16:05:43.3132301Z   2025-03-24: 2 problems
2026-10-06T16:05:43.5222946Z   2025-03-22: 2 problems
2026-10-06T16:05:43.7179865Z   2025-03-21: 2 problems
2026-10-06T16:05:44.0236671Z   2025-03-20: 2 problems
2026-10-06T16:05:44.3195213Z   2025-03-19: 2 problems
2026-10-06T16:05:44.6044702Z   2025-03-18: 2 problems
2026-10-06T16:05:44.8010151Z   2025-03-17: 2 problems
2026-10-06T16:05:45.0303061Z   2025-03-15: 2 problems
2026-10-06T16:05:45.2460385Z   2025-03-14: 2 problems
2026-10-06T16:05:45.4486660Z   2025-03-13: 2 problems
2026-10-06T16:05:45.6718899Z   2025-03-12: 2 problems
2026-10-06T16:05:45.8928393Z   2025-03-11: 2 problems
2026-10-06T16:05:46.1051728Z   2025-03-10: 2 problems
2026-10-06T16:05:46.3279174Z   2025-03-08: 2 problems
2026-10-06T16:05:46.5266393Z   2025-03-07: 2 problems
2026-10-06T16:05:46.7400914Z   2025-03-06: 2 problems
2026-10-06T16:05:46.9428645Z   2025-03-05: 2 problems
2026-10-06T16:05:47.1688314Z   2025-03-04: 2 problems
2026-10-06T16:05:47.3883026Z   2025-03-03: 2 problems
2026-10-06T16:05:47.5982062Z   2025-03-01: 2 problems
2026-10-06T16:05:47.8946467Z   2025-02-28: 2 problems
2026-10-06T16:05:48.1024366Z   2025-02-27: 2 problems
2026-10-06T16:05:48.3043837Z   2025-02-26: 2 problems
2026-10-06T16:05:48.5542946Z   2025-02-25: 2 problems
2026-10-06T16:05:48.7675840Z   2025-02-24: 2 problems
2026-10-06T16:05:48.9859834Z   2025-02-22: 2 problems
2026-10-06T16:05:49.1920066Z   2025-02-21: 2 problems
2026-10-06T16:05:49.3930665Z   2025-02-20: 2 problems
2026-10-06T16:05:49.6083295Z   2025-02-19: 2 problems
2026-10-06T16:05:49.8972873Z   2025-02-18: 2 problems
2026-10-06T16:05:50.1023477Z   2025-02-17: 2 problems
2026-10-06T16:05:50.2963685Z   2025-02-15: 2 problems
2026-10-06T16:05:50.5121834Z   2025-02-14: 2 problems
2026-10-06T16:05:50.7148261Z   2025-02-13: 2 problems
2026-10-06T16:05:50.9169714Z   2025-02-12: 2 problems
2026-10-06T16:05:51.1172679Z   2025-02-11: 2 problems
2026-10-06T16:05:51.3506873Z   2025-02-10: 2 problems
2026-10-06T16:05:51.5579818Z   2025-02-08: 2 problems
2026-10-06T16:05:51.7581924Z   2025-02-07: 2 problems
2026-10-06T16:05:51.9767525Z   2025-02-06: 2 problems
2026-10-06T16:05:52.2709666Z   2025-02-05: 2 problems
2026-10-06T16:05:52.4764143Z   2025-02-04: 2 problems
2026-10-06T16:05:52.6842579Z   2025-02-03: 2 problems
2026-10-06T16:05:52.8963526Z   2025-02-01: 2 problems
2026-10-06T16:05:53.0875549Z   2025-01-31: 2 problems
2026-10-06T16:05:53.2917404Z   2025-01-30: 2 problems
2026-10-06T16:05:53.5042967Z   2025-01-29: 2 problems
2026-10-06T16:05:53.7343440Z   2025-01-28: 2 problems
2026-10-06T16:05:53.9438050Z   2025-01-27: 2 problems
2026-10-06T16:05:54.2061723Z   2025-01-25: 2 problems
2026-10-06T16:05:54.4278373Z   2025-01-24: 2 problems
2026-10-06T16:05:54.6309341Z   2025-01-23: 2 problems
2026-10-06T16:05:54.8382627Z   2025-01-22: 2 problems
2026-10-06T16:05:55.0253151Z   2025-01-21: 2 problems
2026-10-06T16:05:55.2223548Z   2025-01-20: 2 problems
2026-10-06T16:05:55.4289976Z   2025-01-18: 2 problems
2026-10-06T16:05:55.6401438Z   2025-01-17: 2 problems
2026-10-06T16:05:55.8285458Z   2025-01-16: 2 problems
2026-10-06T16:05:56.0328237Z   2025-01-15: 2 problems
2026-10-06T16:05:56.2481019Z   2025-01-14: 2 problems
2026-10-06T16:05:56.4490697Z   2025-01-13: 2 problems
2026-10-06T16:05:56.6923143Z   2025-01-11: 2 problems
2026-10-06T16:05:56.9433752Z   2025-01-10: 2 problems
2026-10-06T16:05:57.1502984Z   2025-01-09: 2 problems
2026-10-06T16:05:57.3329765Z   2025-01-08: 2 problems
2026-10-06T16:05:57.6117534Z   2025-01-07: 2 problems
2026-10-06T16:05:57.8028764Z   2025-01-06: 2 problems
2026-10-06T16:05:58.0041743Z   2025-01-04: 2 problems
2026-10-06T16:05:58.2027113Z   2025-01-03: 2 problems
2026-10-06T16:05:58.4841144Z   2025-01-02: 2 problems
2026-10-06T16:05:58.6823055Z   2025-01-01: 2 problems
2026-10-06T16:05:58.8777307Z   2024-12-31: 2 problems
2026-10-06T16:05:59.0650364Z   2024-12-30: 2 problems
2026-10-06T16:05:59.2557046Z   2024-12-28: 2 problems
2026-10-06T16:05:59.4644126Z   2024-12-27: 2 problems
2026-10-06T16:05:59.6580862Z   2024-12-26: 2 problems
2026-10-06T16:05:59.8456723Z   2024-12-25: 2 problems
2026-10-06T16:06:00.1136672Z   2024-12-24: 2 problems
2026-10-06T16:06:00.2954007Z   2024-12-23: 2 problems
2026-10-06T16:06:00.4931332Z   2024-12-21: 2 problems
2026-10-06T16:06:00.6928846Z   2024-12-20: 2 problems
2026-10-06T16:06:00.9683349Z   2024-12-19: 2 problems
2026-10-06T16:06:01.1695048Z   2024-12-18: 2 problems
2026-10-06T16:06:01.3586493Z   2024-12-17: 2 problems
2026-10-06T16:06:01.5658304Z   2024-12-16: 2 problems
2026-10-06T16:06:01.7827677Z   2024-12-14: 2 problems
2026-10-06T16:06:01.9924258Z   2024-12-13: 2 problems
2026-10-06T16:06:02.2400579Z   2024-12-12: 2 problems
2026-10-06T16:06:02.4557406Z   2024-12-11: 2 problems
2026-10-06T16:06:02.6464543Z   2024-12-10: 2 problems
2026-10-06T16:06:02.8528446Z   2024-12-09: 2 problems
2026-10-06T16:06:03.0743494Z   2024-12-07: 2 problems
2026-10-06T16:06:03.2587129Z   2024-12-06: 2 problems
2026-10-06T16:06:03.4547750Z   2024-12-05: 2 problems
2026-10-06T16:06:03.6696773Z   2024-12-04: 2 problems
2026-10-06T16:06:03.8607585Z   2024-12-03: 2 problems
2026-10-06T16:06:04.0607533Z   2024-12-02: 2 problems
2026-10-06T16:06:04.3006489Z   2024-11-30: 2 problems
2026-10-06T16:06:04.4860239Z   2024-11-29: 2 problems
2026-10-06T16:06:04.7016680Z   2024-11-28: 2 problems
2026-10-06T16:06:04.9244257Z   2024-11-27: 2 problems
2026-10-06T16:06:05.1120271Z   2024-11-26: 2 problems
2026-10-06T16:06:05.3555310Z   2024-11-25: 2 problems
2026-10-06T16:06:05.5628535Z   2024-11-23: 2 problems
2026-10-06T16:06:05.7895900Z   2024-11-22: 2 problems
2026-10-06T16:06:05.9168636Z   2024-11-21: 2 problems
2026-10-06T16:06:06.1158914Z   2024-11-20: 2 problems
2026-10-06T16:06:06.3199187Z   2024-11-19: 2 problems
2026-10-06T16:06:06.5937497Z   2024-11-18: 2 problems
2026-10-06T16:06:06.8934847Z   2024-11-16: 2 problems
2026-10-06T16:06:07.0826525Z   2024-11-15: 2 problems
2026-10-06T16:06:07.2658647Z   2024-11-14: 2 problems
2026-10-06T16:06:07.4793522Z   2024-11-13: 2 problems
2026-10-06T16:06:07.6662381Z   2024-11-12: 2 problems
2026-10-06T16:06:07.8785623Z   2024-11-11: 2 problems
2026-10-06T16:06:08.1089082Z   2024-11-09: 2 problems
2026-10-06T16:06:08.3059625Z   2024-11-08: 2 problems
2026-10-06T16:06:08.5438026Z   2024-11-07: 2 problems
2026-10-06T16:06:08.7463169Z   2024-11-06: 2 problems
2026-10-06T16:06:08.9414998Z   2024-11-05: 2 problems
2026-10-06T16:06:09.1539679Z   2024-11-04: 2 problems
2026-10-06T16:06:09.3436709Z   2024-11-02: 2 problems
2026-10-06T16:06:09.5446169Z   2024-11-01: 2 problems
2026-10-06T16:06:09.7600866Z   2024-10-31: 2 problems
2026-10-06T16:06:09.9727300Z   2024-10-30: 2 problems
2026-10-06T16:06:10.2029656Z   2024-10-29: 2 problems
2026-10-06T16:06:10.4070032Z   2024-10-28: 2 problems
2026-10-06T16:06:10.6131946Z   2024-10-26: 2 problems
2026-10-06T16:06:10.7943080Z   2024-10-25: 2 problems
2026-10-06T16:06:10.9930809Z   2024-10-24: 2 problems
2026-10-06T16:06:11.1768706Z   2024-10-23: 2 problems
2026-10-06T16:06:11.3987143Z   2024-10-22: 2 problems
2026-10-06T16:06:11.6586610Z   2024-10-21: 2 problems
2026-10-06T16:06:11.8490653Z   2024-10-19: 2 problems
2026-10-06T16:06:12.0909719Z   2024-10-18: 2 problems
2026-10-06T16:06:12.3084936Z   2024-10-17: 2 problems
2026-10-06T16:06:12.5067978Z   2024-10-16: 2 problems
2026-10-06T16:06:12.7836911Z   2024-10-15: 2 problems
2026-10-06T16:06:13.0803767Z   2024-10-14: 2 problems
2026-10-06T16:06:13.2736894Z   2024-10-12: 2 problems
2026-10-06T16:06:13.4826737Z   2024-10-11: 2 problems
2026-10-06T16:06:13.6903099Z   2024-10-10: 2 problems
2026-10-06T16:06:13.8935428Z   2024-10-09: 2 problems
2026-10-06T16:06:14.2057986Z   2024-10-08: 2 problems
2026-10-06T16:06:14.3981498Z   2024-10-07: 2 problems
2026-10-06T16:06:14.5893771Z   2024-10-05: 2 problems
2026-10-06T16:06:14.7815914Z   2024-10-04: 2 problems
2026-10-06T16:06:14.9813601Z   2024-10-03: 2 problems
2026-10-06T16:06:15.1750770Z   2024-10-02: 2 problems
2026-10-06T16:06:15.3878236Z   2024-10-01: 2 problems
2026-10-06T16:06:15.5913777Z   2024-09-30: 2 problems
2026-10-06T16:06:15.7762923Z   2024-09-28: 2 problems
2026-10-06T16:06:15.9635733Z   2024-09-27: 2 problems
2026-10-06T16:06:16.1675213Z   2024-09-26: 2 problems
2026-10-06T16:06:16.3732139Z   2024-09-25: 2 problems
2026-10-06T16:06:16.5633287Z   2024-09-24: 2 problems
2026-10-06T16:06:16.7669315Z   2024-09-23: 2 problems
2026-10-06T16:06:16.9717126Z   2024-09-21: 2 problems
2026-10-06T16:06:17.1745123Z   2024-09-20: 2 problems
2026-10-06T16:06:17.5243775Z   2024-09-19: 2 problems
2026-10-06T16:06:17.7200503Z   2024-09-18: 2 problems
2026-10-06T16:06:17.9187892Z   2024-09-17: 2 problems
2026-10-06T16:06:18.1199452Z   2024-09-16: 2 problems
2026-10-06T16:06:18.3229443Z   2024-09-14: 2 problems
2026-10-06T16:06:18.5167291Z   2024-09-13: 2 problems
2026-10-06T16:06:18.7149209Z   2024-09-12: 2 problems
2026-10-06T16:06:18.9276711Z   2024-09-11: 2 problems
2026-10-06T16:06:19.1448716Z   2024-09-10: 2 problems
2026-10-06T16:06:19.3402112Z   2024-09-09: 2 problems
2026-10-06T16:06:19.5562673Z   2024-09-07: 2 problems
2026-10-06T16:06:19.7370771Z   2024-09-06: 2 problems
2026-10-06T16:06:19.9117595Z   2024-09-05: 2 problems
2026-10-06T16:06:20.1960092Z   2024-09-04: 2 problems
2026-10-06T16:06:20.4075483Z   2024-09-03: 2 problems
2026-10-06T16:06:20.6100730Z   2024-09-02: 2 problems
2026-10-06T16:06:20.8885727Z   2024-08-31: 2 problems
2026-10-06T16:06:21.0947766Z   2024-08-30: 2 problems
2026-10-06T16:06:21.3004793Z   2024-08-29: 2 problems
2026-10-06T16:06:21.4968635Z   2024-08-28: 2 problems
2026-10-06T16:06:21.6872951Z   2024-08-27: 2 problems
2026-10-06T16:06:21.8730520Z   2024-08-26: 2 problems
2026-10-06T16:06:22.0702061Z   2024-08-24: 2 problems
2026-10-06T16:06:22.2890090Z   2024-08-23: 2 problems
2026-10-06T16:06:22.4857340Z   2024-08-22: 2 problems
2026-10-06T16:06:22.6871868Z   2024-08-21: 2 problems
2026-10-06T16:06:22.8987221Z   2024-08-20: 2 problems
2026-10-06T16:06:23.0881779Z   2024-08-19: 2 problems
2026-10-06T16:06:23.2734248Z   2024-08-17: 2 problems
2026-10-06T16:06:23.5306803Z   2024-08-16: 2 problems
2026-10-06T16:06:23.7406516Z   2024-08-15: 2 problems
2026-10-06T16:06:23.9713153Z   2024-08-14: 2 problems
2026-10-06T16:06:24.1575427Z   2024-08-13: 2 problems
2026-10-06T16:06:24.3400944Z   2024-08-12: 2 problems
2026-10-06T16:06:24.5594696Z   2024-08-10: 2 problems
2026-10-06T16:06:24.7688109Z   2024-08-09: 2 problems
2026-10-06T16:06:24.9635170Z   2024-08-08: 2 problems
2026-10-06T16:06:25.1527381Z   2024-08-07: 2 problems
2026-10-06T16:06:25.3777183Z   2024-08-06: 2 problems
2026-10-06T16:06:25.6054320Z   2024-08-05: 2 problems
2026-10-06T16:06:25.8119603Z   2024-08-03: 2 problems
2026-10-06T16:06:26.0173486Z   2024-08-02: 2 problems
2026-10-06T16:06:26.2860375Z   2024-08-01: 2 problems
2026-10-06T16:06:26.5467082Z   2024-07-31: 2 problems
2026-10-06T16:06:26.7789000Z   2024-07-30: 2 problems
2026-10-06T16:06:26.9832849Z   2024-07-29: 2 problems
2026-10-06T16:06:27.3004623Z   2024-07-27: 2 problems
2026-10-06T16:06:27.4931046Z   2024-07-26: 2 problems
2026-10-06T16:06:27.7700303Z   2024-07-25: 2 problems
2026-10-06T16:06:27.9774823Z   2024-07-24: 2 problems
2026-10-06T16:06:28.1734988Z   2024-07-23: 2 problems
2026-10-06T16:06:28.3759861Z   2024-07-22: 2 problems
2026-10-06T16:06:28.5620407Z   2024-07-20: 2 problems
2026-10-06T16:06:28.7480132Z   2024-07-19: 2 problems
2026-10-06T16:06:28.9266153Z   2024-07-18: 2 problems
2026-10-06T16:06:29.1408110Z   2024-07-17: 2 problems
2026-10-06T16:06:29.3519623Z   2024-07-16: 2 problems
2026-10-06T16:06:29.5740426Z   2024-07-15: 2 problems
2026-10-06T16:06:29.7640487Z   2024-07-13: 2 problems
2026-10-06T16:06:29.8812254Z   2024-07-12: 2 problems
2026-10-06T16:06:30.0867748Z   2024-07-11: 2 problems
2026-10-06T16:06:30.2721300Z   2024-07-10: 2 problems
2026-10-06T16:06:30.4595742Z   2024-07-09: 2 problems
2026-10-06T16:06:30.7353606Z   2024-07-08: 2 problems
2026-10-06T16:06:30.9351889Z   2024-07-06: 2 problems
2026-10-06T16:06:31.1620419Z   2024-07-05: 2 problems
2026-10-06T16:06:31.3683435Z   2024-07-04: 2 problems
2026-10-06T16:06:31.5682664Z   2024-07-03: 2 problems
2026-10-06T16:06:31.7853578Z   2024-07-02: 2 problems
2026-10-06T16:06:31.9814231Z   2024-07-01: 2 problems
2026-10-06T16:06:32.1695837Z   2024-06-29: 2 problems
2026-10-06T16:06:32.3476913Z   2024-06-28: 2 problems
2026-10-06T16:06:32.5759168Z   2024-06-27: 2 problems
2026-10-06T16:06:32.7673554Z   2024-06-26: 2 problems
2026-10-06T16:06:32.9610765Z   2024-06-25: 2 problems
2026-10-06T16:06:33.2453291Z   2024-06-24: 2 problems
2026-10-06T16:06:33.4630439Z   2024-06-22: 2 problems
2026-10-06T16:06:33.8351844Z   2024-06-21: 2 problems
2026-10-06T16:06:34.1310561Z   2024-06-20: 2 problems
2026-10-06T16:06:34.4303753Z   2024-06-19: 2 problems
2026-10-06T16:06:34.6462460Z   2024-06-18: 2 problems
2026-10-06T16:06:35.0205783Z   2024-06-17: 2 problems
2026-10-06T16:06:35.3327161Z   2024-06-15: 2 problems
2026-10-06T16:06:35.6479945Z   2024-06-14: 2 problems
2026-10-06T16:06:35.8528375Z   2024-06-13: 2 problems
2026-10-06T16:06:36.0524606Z   2024-06-12: 2 problems
2026-10-06T16:06:36.2633921Z   2024-06-11: 2 problems
2026-10-06T16:06:36.4669909Z   2024-06-10: 2 problems
2026-10-06T16:06:36.6720905Z   2024-06-08: 2 problems
2026-10-06T16:06:36.9175629Z   2024-06-07: 2 problems
2026-10-06T16:06:37.1156416Z   2024-06-06: 2 problems
2026-10-06T16:06:37.2971740Z   2024-06-05: 2 problems
2026-10-06T16:06:37.5081060Z   2024-06-04: 2 problems
2026-10-06T16:06:37.7143484Z   2024-06-03: 2 problems
2026-10-06T16:06:37.8976079Z   2024-06-01: 2 problems
2026-10-06T16:06:38.3068941Z   2024-05-31: 2 problems
2026-10-06T16:06:38.5173497Z   2024-05-30: 2 problems
2026-10-06T16:06:38.7306337Z   2024-05-29: 2 problems
2026-10-06T16:06:38.9154484Z   2024-05-28: 2 problems
2026-10-06T16:06:39.1115114Z   2024-05-27: 2 problems
2026-10-06T16:06:39.4319007Z   2024-05-25: 2 problems
2026-10-06T16:06:39.6234276Z   2024-05-24: 2 problems
2026-10-06T16:06:39.8304406Z   2024-05-23: 2 problems
2026-10-06T16:06:40.0621390Z   2024-05-22: 2 problems
2026-10-06T16:06:40.2423602Z   2024-05-21: 2 problems
2026-10-06T16:06:40.4554701Z   2024-05-20: 2 problems
2026-10-06T16:06:40.6406085Z   2024-05-18: 2 problems
2026-10-06T16:06:40.8371651Z   2024-05-17: 2 problems
2026-10-06T16:06:41.0681616Z   2024-05-16: 2 problems
2026-10-06T16:06:41.2552016Z   2024-05-15: 2 problems
2026-10-06T16:06:41.4662410Z   2024-05-14: 2 problems
2026-10-06T16:06:41.6791366Z   2024-05-13: 2 problems
2026-10-06T16:06:41.9921994Z   2024-05-11: 2 problems
2026-10-06T16:06:42.1900476Z   2024-05-10: 2 problems
2026-10-06T16:06:42.3767832Z   2024-05-09: 2 problems
2026-10-06T16:06:42.5777835Z   2024-05-08: 2 problems
2026-10-06T16:06:42.7990687Z   2024-05-07: 2 problems
2026-10-06T16:06:43.0043612Z   2024-05-06: 2 problems
2026-10-06T16:06:43.2775604Z   2024-05-04: 2 problems
2026-10-06T16:06:43.6356475Z   2024-05-03: 2 problems
2026-10-06T16:06:43.9011915Z   2024-05-02: 2 problems
2026-10-06T16:06:44.1365260Z   2024-05-01: 2 problems
2026-10-06T16:06:44.3571709Z   2024-04-30: 2 problems
2026-10-06T16:06:44.5415904Z   2024-04-29: 2 problems
2026-10-06T16:06:44.7405213Z   2024-04-27: 2 problems
2026-10-06T16:06:45.0117560Z   2024-04-26: 2 problems
2026-10-06T16:06:45.2522957Z   2024-04-25: 2 problems
2026-10-06T16:06:45.5211287Z   2024-04-24: 2 problems
2026-10-06T16:06:45.7040607Z   2024-04-23: 2 problems
2026-10-06T16:06:45.9079052Z   2024-04-22: 2 problems
2026-10-06T16:06:46.1523123Z   2024-04-20: 2 problems
2026-10-06T16:06:46.3669625Z   2024-04-19: 2 problems
2026-10-06T16:06:46.5616152Z   2024-04-18: 2 problems
2026-10-06T16:06:46.7888493Z   2024-04-17: 2 problems
2026-10-06T16:06:47.0178366Z   2024-04-16: 2 problems
2026-10-06T16:06:47.2048807Z   2024-04-15: 2 problems
2026-10-06T16:06:47.4193927Z   2024-04-13: 2 problems
2026-10-06T16:06:47.6193934Z   2024-04-12: 2 problems
2026-10-06T16:06:47.8168473Z   2024-04-11: 2 problems
2026-10-06T16:06:48.0182053Z   2024-04-10: 2 problems
2026-10-06T16:06:48.1989423Z   2024-04-09: 2 problems
2026-10-06T16:06:48.4184592Z   2024-04-08: 2 problems
2026-10-06T16:06:48.7064510Z   2024-04-06: 2 problems
2026-10-06T16:06:48.9143780Z   2024-04-05: 2 problems
2026-10-06T16:06:49.1236970Z   2024-04-04: 2 problems
2026-10-06T16:06:49.3452160Z   2024-04-03: 2 problems
2026-10-06T16:06:49.5563748Z   2024-04-02: 2 problems
2026-10-06T16:06:49.7456421Z   2024-04-01: 2 problems
2026-10-06T16:06:49.9327081Z   2024-03-30: 2 problems
2026-10-06T16:06:50.1689555Z   2024-03-29: 2 problems
2026-10-06T16:06:50.3507060Z   2024-03-28: 2 problems
2026-10-06T16:06:50.5662027Z   2024-03-27: 2 problems
2026-10-06T16:06:50.7762956Z   2024-03-26: 2 problems
2026-10-06T16:06:50.9718704Z   2024-03-25: 2 problems
2026-10-06T16:06:51.1992174Z   2024-03-23: 2 problems
2026-10-06T16:06:51.3904369Z   2024-03-22: 2 problems
2026-10-06T16:06:51.6035677Z   2024-03-21: 2 problems
2026-10-06T16:06:52.0420161Z   2024-03-20: 2 problems
2026-10-06T16:06:52.2252200Z   2024-03-19: 2 problems
2026-10-06T16:06:52.4153861Z   2024-03-18: 2 problems
2026-10-06T16:06:52.6271218Z   2024-03-16: 2 problems
2026-10-06T16:06:52.8177142Z   2024-03-15: 2 problems
2026-10-06T16:06:53.0277412Z   2024-03-14: 2 problems
2026-10-06T16:06:53.2269596Z   2024-03-13: 2 problems
2026-10-06T16:06:53.3990922Z   2024-03-12: 2 problems
2026-10-06T16:06:53.6034245Z   2024-03-11: 2 problems
2026-10-06T16:06:53.8131772Z   2024-03-09: 2 problems
2026-10-06T16:06:54.0524076Z   2024-03-08: 2 problems
2026-10-06T16:06:54.2911814Z   2024-03-07: 2 problems
2026-10-06T16:06:54.5125395Z   2024-03-06: 2 problems
2026-10-06T16:06:54.7087939Z   2024-03-05: 2 problems
2026-10-06T16:06:54.9147147Z   2024-03-04: 2 problems
2026-10-06T16:06:55.1189634Z   2024-03-02: 2 problems
2026-10-06T16:06:55.3144519Z   2024-03-01: 2 problems
2026-10-06T16:06:55.5546672Z   2024-02-29: 2 problems
2026-10-06T16:06:55.7810207Z   2024-02-28: 2 problems
2026-10-06T16:06:55.9781717Z   2024-02-27: 2 problems
2026-10-06T16:06:56.2488555Z   2024-02-26: 2 problems
2026-10-06T16:06:56.2490727Z Building categories...
2026-10-06T16:06:58.2932988Z Wrote /home/runner/work/ys_problem_web/ys_problem_web/data/daily.json (816 days, 21 categories).
2026-10-06T16:06:58.2933357Z Syncing leaderboard (records.js from gh-pages)...
2026-10-06T16:06:58.3661206Z   ✓ 361 players, data through 2026-10-05 (unchanged)
2026-10-06T16:06:58.3661685Z LEADERBOARD-SYNC {"changed":false,"players":361,"currentDate":"2026-10-05"}
2026-10-06T16:06:58.3829054Z ##[group]Run node scripts/translate-ai.mjs
2026-10-06T16:06:58.3829289Z [36;1mnode scripts/translate-ai.mjs[0m
2026-10-06T16:06:58.3886001Z shell: /usr/bin/bash -e {0}
2026-10-06T16:06:58.3886158Z env:
2026-10-06T16:06:58.3886664Z   AI_BASE_URL: ***
2026-10-06T16:06:58.3886865Z   AI_API_KEY: ***
2026-10-06T16:06:58.3887000Z   AI_MODEL: deepseek-v4-flash
2026-10-06T16:06:58.3887174Z   AI_MODEL_LABEL: GLM 5.3 Flash
2026-10-06T16:06:58.3887356Z   AI_TRANSLATE_LIMIT: 60
2026-10-06T16:06:58.3887495Z ##[endgroup]
2026-10-06T16:06:58.4197560Z (node:3414) [MODULE_TYPELESS_PACKAGE_JSON] Warning: Module type of file:///home/runner/work/ys_problem_web/ys_problem_web/lib/mt-protect.js is not specified and it doesn't parse as CommonJS.
2026-10-06T16:06:58.4198129Z Reparsing as ES module because module syntax was detected. This incurs a performance overhead.
2026-10-06T16:06:58.4198622Z To eliminate this warning, add "type": "module" to /home/runner/work/ys_problem_web/ys_problem_web/package.json.
2026-10-06T16:06:58.4199023Z (Use `node --trace-warnings ...` to show where the warning was created)
2026-10-06T16:06:58.4871341Z GYM106744G: 23 segment(s) to translate
2026-10-06T16:07:02.9829911Z   cache warm-up (system-only) ok: in=215 out=1 cached=0 — SYSTEM_PROMPT 前缀已请求落盘
2026-10-06T16:07:08.2981056Z   ✓ title[0]: G. 均匀变化… [tokens in=220 out=334 cached=0]
2026-10-06T16:07:13.1999513Z   ✓ legend[0]: 一位收银员有无限多张面额为 $$$1, 2, \ldots, K$$$ 的纸币。… [tokens in=232 out=127 cached=0]
2026-10-06T16:07:18.7372454Z   ✓ legend[1]: 收银员希望成叠的钞票末端整齐一致：… [tokens in=229 out=184 cached=0]
2026-10-06T16:07:25.5788635Z   ✓ legend[2]: 假设收银员找零时给出 $$$C_1$$$ 张面额为 $$$1$$$ 的纸币、$$$C_2$$$ … [tokens in=260 out=324 cached=0]
2026-10-06T16:07:33.9558911Z   ✓ legend[3]: 收银员希望 $$$C_1, C_2, \ldots, C_K$$$ 中的最大值尽可能小。… [tokens in=235 out=85 cached=0]
2026-10-06T16:07:44.8696003Z   ✓ legend[4]: 帮助收银员——找出任意一种均匀给出 $$$N$$$ 单位找零的方法。… [tokens in=235 out=416 cached=0]
2026-10-06T16:07:56.0307470Z   ✓ input[0]: 唯一一行包含两个用空格分隔的整数 $$$N$$$ 和 $$$K$$$($$$1 \le N \l… [tokens in=256 out=440 cached=0]
2026-10-06T16:09:14.1524994Z   ✓ output[0]: 输出用空格分隔的 $$$K$$$ 个整数 $$$C_1, C_2, \ldots, C_K$$$… [tokens in=254 out=13876 cached=0]
2026-10-06T16:09:17.0903627Z   ✓ output[1]: 答案必须满足以下条件：… [tokens in=224 out=86 cached=0]
2026-10-06T16:09:28.2645651Z   ✓ output[2]: $$$\sum_{i=1}^{K} C_i \cdot i = N$$$ —— 恰好给出了 $$… [tokens in=231 out=1239 cached=0]
2026-10-06T16:09:36.3438277Z   ✓ output[3]: 在所有使用从 $$$1$$$ 到 $$$K$$$ 的面额为金额 $$$N$$$ 找零的方式中，$… [tokens in=245 out=658 cached=0]
2026-10-06T16:09:41.3901939Z   ✓ output[4]: 如果有多个满足条件的答案，输出其中任意一个。… [tokens in=230 out=66 cached=0]
2026-10-06T16:09:47.3842017Z   ✓ note[0]: 在第一个样例中，收银员给了：… [tokens in=226 out=119 cached=0]
2026-10-06T16:09:52.9045530Z   ✓ note[1]: $$$C_1 = 2$$$ 张面额为 $$$1$$$ 的纸币；… [tokens in=227 out=206 cached=0]
2026-10-06T16:09:55.3782587Z   ✓ note[2]: $$$C_2 = 1$$$ 面额为 $$$2$$$ 的纸币；… [tokens in=227 out=58 cached=0]
2026-10-06T16:09:59.9020163Z   ✓ note[3]: $$$C_3 = 2$$$ 张面额为 $$$3$$$ 的纸币。… [tokens in=227 out=312 cached=0]
2026-10-06T16:10:11.9610823Z   ✓ note[4]: 评分器总共给出了 $$$C_1 \cdot 1 + C_2 \cdot 2 + C_3 \cdo… [tokens in=229 out=542 cached=0]
2026-10-06T16:10:15.8458099Z   ✓ note[5]: 在第二个样例中，收银员给了：… [tokens in=226 out=156 cached=0]
2026-10-06T16:10:35.3956101Z   ✓ note[6]: $$$1$$$ 面额为 $$$1$$$ 的纸币；… [tokens in=227 out=2057 cached=0]
2026-10-06T16:10:39.3773070Z   ✓ note[7]: $$$3$$$ 张纸币，面额分别为 $$$2, 3, 4, 5, 6$$$；… [tokens in=228 out=216 cached=0]
2026-10-06T16:10:42.2693618Z   ✓ note[8]: $$$0$$$ 张面值为 $$$7$$$ 的纸币。… [tokens in=227 out=148 cached=0]
2026-10-06T16:10:46.2398530Z   ✓ note[9]: 收银员总共给了 $$$1 \cdot 1 + 3 \cdot (2 + 3 + 4 + 5 + … [tokens in=229 out=265 cached=0]
2026-10-06T16:10:49.8162887Z   ✓ note[10]: 注意，这只是 $$$\max(C_1, \ldots, C_7) = 3$$$ 的一种可能答案。… [tokens in=250 out=271 cached=0]
2026-10-06T16:10:50.1183287Z GYM103627A: 13 segment(s) to translate
2026-10-06T16:10:55.0455247Z   ✓ title[0]: A. 点… [tokens in=219 out=448 cached=0]
2026-10-06T16:11:07.6190750Z   ✓ legend[0]: 有两个多重集 U$$$U$$$ 和 V$$$V$$$，它们包含坐标为整数的二维点。… [tokens in=239 out=358 cached=0]
2026-10-06T16:11:11.7759632Z   ✓ legend[1]: 对于一对多重集，我们定义以下函数 D(U,V)$$$D(U, V)$$$：… [tokens in=236 out=140 cached=0]
2026-10-06T16:11:16.2649592Z   ✓ legend[2]: 如果任一集合为空，则 D(U,V)=−1$$$D(U, V) = -1$$$。… [tokens in=231 out=270 cached=0]
2026-10-06T16:11:19.4157272Z   ✓ legend[3]: D(U,V)=min(ux,uy)∈U(vx,vy)∈Vmax(ux+vx,uy+vy)$$$D… [tokens in=250 out=152 cached=0]
2026-10-06T16:11:27.1369446Z   ✓ legend[4]: 初始时，U$$$U$$$ 和 V$$$V$$$ 均为空。处理 Q$$$Q$$$ 个如下形式的查询… [tokens in=244 out=267 cached=0]
2026-10-06T16:11:33.9565543Z   ✓ legend[5]: "1 s$$$s$$$ x$$$x$$$ y$$$y$$$": 向其中一个集合添加一个点 (x,… [tokens in=272 out=743 cached=0]
2026-10-06T16:11:39.8680130Z   ✓ legend[6]: “2 s$$$s$$$ x$$$x$$$ y$$$y$$$”：从其中一个集合中删除点 (x,y)… [tokens in=272 out=604 cached=0]
2026-10-06T16:11:44.1096940Z   ✓ legend[7]: 删除一个点时，如果给定坐标处有多个点，你应当只删除其中一个。保证每次删除时，给定的点都存在于给定… [tokens in=259 out=185 cached=0]
2026-10-06T16:11:47.8569093Z   ✓ legend[8]: 你的任务是处理询问。每次询问后，输出 D(U,V)$$$D(U, V)$$$ 的值。… [tokens in=238 out=103 cached=0]
2026-10-06T16:11:59.6381172Z   ✓ input[0]: 第一行包含一个整数 Q$$$Q$$$ (1≤Q≤250000$$$1 \le Q \le 250… [tokens in=237 out=609 cached=0]
2026-10-06T16:12:05.3839580Z   ✓ input[1]: 接下来的 Q$$$Q$$$ 行每行包含一个如上所述形式的询问。两类询问的约束条件均为：s∈{1,… [tokens in=262 out=438 cached=0]
2026-10-06T16:12:10.3832739Z   ✓ output[0]: 输出 Q$$$Q$$$ 行。每行应包含对应查询后的 D(U,V)$$$D(U, V)$$$ 的值… [tokens in=241 out=226 cached=0]
2026-10-06T16:12:10.6847709Z GYM103627C: 1 segment(s) to translate
2026-10-06T16:12:28.2745367Z   ✓ legend[1]: 给定一个由非负整数组成的、长度为 2N$$$2^N$$$ 的数组 A0,A1,…,A2N−1$$… [tokens in=307 out=2865 cached=0]
2026-10-06T16:12:28.5828806Z GYM103426B: 1 segment(s) to translate
2026-10-06T16:12:31.3080777Z   ✓ note[4]: $$$4,3,1,2$$$；… [tokens in=219 out=50 cached=0]
2026-10-06T16:12:31.6103085Z GYM106687C: 8 segment(s) to translate
2026-10-06T16:12:35.5770762Z   ✓ legend[5]: 换句话说，从 $$$S$$$ 中的三元组中删去任意一个坐标后，必须能得到另外两个坐标的所有可能二… [tokens in=257 out=193 cached=0]
2026-10-06T16:12:39.8460690Z   ✓ input[0]: 第一行包含一个整数 $$$T$$$ ($$$1\le T\le 100$$$)，表示测试用例的数… [tokens in=236 out=156 cached=0]
2026-10-06T16:12:50.6363744Z   ✓ input[1]: 对于每个测试用例，一行包含三个整数 $$$a,b,c$$$($$$1\le a\le 100$$… [tokens in=242 out=139 cached=0]
2026-10-06T16:12:55.6397711Z   ✓ output[0]: 对于每个测试用例，输出若干行：… [tokens in=225 out=158 cached=0]
2026-10-06T16:13:02.9928964Z   ✓ output[1]: 第一行包含一个整数 $$$m$$$，即 $$$|S|$$$ 的最小可能值。… [tokens in=235 out=102 cached=0]
2026-10-06T16:13:07.0879302Z   ✓ output[2]: 接下来的 $$$m$$$ 行每行包含三个整数 $$$x,y,z$$$，描述 $$$S$$$ 中的… [tokens in=240 out=170 cached=0]
2026-10-06T16:13:11.5516844Z   ✓ output[3]: 这 $$$m$$$ 个三元组必须两两不同。它们的顺序无关紧要。如果有多个最小大小的合法集合，输出… [tokens in=248 out=349 cached=0]
2026-10-06T16:13:15.4055817Z   ✓ note[0]: 样例输出是一个可能的答案。其他合法的最小大小集合也会被接受。… [tokens in=233 out=114 cached=0]
2026-10-06T16:13:15.7062381Z GYM106687E: 15 segment(s) to translate
2026-10-06T16:13:18.7751205Z   ✓ title[0]: E. 编码最短路径… [tokens in=224 out=177 cached=0]
2026-10-06T16:13:22.3282780Z   ✓ legend[0]: 给定一个无向图，包含 $$$n$$$ 个顶点，编号从 $$$1$$$ 到 $$$n$$$，以及 … [tokens in=275 out=298 cached=0]
2026-10-06T16:13:26.6858506Z   ✓ legend[1]: 考虑一条从顶点 $$$1$$$ 开始，并按此顺序经过权重为 $$$w_1,w_2,\dots,w… [tokens in=264 out=420 cached=0]
2026-10-06T16:13:34.7487898Z   ✓ legend[2]: $$$$$$ w_1\cdot k^{L-1}+w_2\cdot k^{L-2}+\cdots+… [tokens in=221 out=178 cached=0]
2026-10-06T16:13:39.2078409Z   ✓ legend[3]: 空游走的总权值为 $$$0$$$。… [tokens in=226 out=197 cached=0]
2026-10-06T16:13:43.5835729Z   ✓ legend[4]: 对于每个顶点 $$$v$$$，令 $$$\mathrm{dist}(v)$$$ 为从顶点 $$$… [tokens in=261 out=417 cached=0]
2026-10-06T16:13:47.2749614Z   ✓ legend[5]: 对于每个顶点 $$$v$$$，求出 $$$\mathrm{dist}(v)$$$ 对 $$$99… [tokens in=233 out=158 cached=0]
2026-10-06T16:13:51.3967650Z   ✓ input[0]: 第一行包含一个整数 $$$T$$$ ($$$1\le T\le10^4$$$)，表示测试用例的数… [tokens in=236 out=147 cached=0]
2026-10-06T16:13:54.6982545Z   ✓ input[1]: 对于每个测试用例：… [tokens in=221 out=135 cached=0]
2026-10-06T16:13:59.2417443Z   ✓ input[2]: 第一行包含三个整数 $$$n$$$、$$$m$$$ 和 $$$k$$$($$$1\le n\le… [tokens in=271 out=364 cached=0]
2026-10-06T16:14:07.0288294Z   ✓ input[3]: 接下来的 $$$m$$$ 行每行包含三个整数 $$$u$$$、$$$v$$$ 和 $$$w$$$… [tokens in=275 out=384 cached=0]
2026-10-06T16:14:13.0018213Z   ✓ input[4]: 保证所有测试用例的 $$$n$$$ 之和不超过 $$$2\times10^5$$$，且所有测试用… [tokens in=257 out=184 cached=0]
2026-10-06T16:14:20.5277659Z   ✓ output[0]: 对于每组测试用例，输出一行，包含 $$$n$$$ 个整数。对于每个 $$$1\le i\le n… [tokens in=275 out=609 cached=0]
2026-10-06T16:14:24.5823910Z   ✓ note[0]: 在样例中，空游走给出 $$$\mathrm{dist}(1)=0$$$。单边游走给出 $$$\m… [tokens in=242 out=247 cached=0]
2026-10-06T16:14:24.8836620Z Done: 60 segment(s) translated (hit limit 60).
2026-10-06T16:14:24.8837162Z ── AI Token 用量（本次运行）──
2026-10-06T16:14:24.8837423Z   模型 deepseek-v4-flash · 请求成功 60 / 失败 0
2026-10-06T16:14:24.8922396Z   输入 14,497 + 输出 34,939 = 合计 49,436 tokens
2026-10-06T16:14:24.8922693Z   其中缓存命中 0 tokens（命中率 0%，命中部分按缓存价计费）
2026-10-06T16:14:24.8924886Z   缓存预热：system-only 探针成功（预热 in=215 cached=0）
2026-10-06T16:14:24.8934158Z TOKEN-USAGE {"model":"deepseek-v4-flash","modelLabel":"GLM 5.3 Flash","ok":60,"fail":0,"in":14497,"out":34939,"cached":0,"segments":[{"code":"GYM106744G","seg":"title[0]","in":220,"out":334,"cached":0},{"code":"GYM106744G","seg":"legend[0]","in":232,"out":127,"cached":0},{"code":"GYM106744G","seg":"legend[1]","in":229,"out":184,"cached":0},{"code":"GYM106744G","seg":"legend[2]","in":260,"out":324,"cached":0},{"code":"GYM106744G","seg":"legend[3]","in":235,"out":85,"cached":0},{"code":"GYM106744G","seg":"legend[4]","in":235,"out":416,"cached":0},{"code":"GYM106744G","seg":"input[0]","in":256,"out":440,"cached":0},{"code":"GYM106744G","seg":"output[0]","in":254,"out":13876,"cached":0},{"code":"GYM106744G","seg":"output[1]","in":224,"out":86,"cached":0},{"code":"GYM106744G","seg":"output[2]","in":231,"out":1239,"cached":0},{"code":"GYM106744G","seg":"output[3]","in":245,"out":658,"cached":0},{"code":"GYM106744G","seg":"output[4]","in":230,"out":66,"cached":0},{"code":"GYM106744G","seg":"note[0]","in":226,"out":119,"cached":0},{"code":"GYM106744G","seg":"note[1]","in":227,"out":206,"cached":0},{"code":"GYM106744G","seg":"note[2]","in":227,"out":58,"cached":0},{"code":"GYM106744G","seg":"note[3]","in":227,"out":312,"cached":0},{"code":"GYM106744G","seg":"note[4]","in":229,"out":542,"cached":0},{"code":"GYM106744G","seg":"note[5]","in":226,"out":156,"cached":0},{"code":"GYM106744G","seg":"note[6]","in":227,"out":2057,"cached":0},{"code":"GYM106744G","seg":"note[7]","in":228,"out":216,"cached":0},{"code":"GYM106744G","seg":"note[8]","in":227,"out":148,"cached":0},{"code":"GYM106744G","seg":"note[9]","in":229,"out":265,"cached":0},{"code":"GYM106744G","seg":"note[10]","in":250,"out":271,"cached":0},{"code":"GYM103627A","seg":"title[0]","in":219,"out":448,"cached":0},{"code":"GYM103627A","seg":"legend[0]","in":239,"out":358,"cached":0},{"code":"GYM103627A","seg":"legend[1]","in":236,"out":140,"cached":0},{"code":"GYM103627A","seg":"legend[2]","in":231,"out":270,"cached":0},{"code":"GYM103627A","seg":"legend[3]","in":250,"out":152,"cached":0},{"code":"GYM103627A","seg":"legend[4]","in":244,"out":267,"cached":0},{"code":"GYM103627A","seg":"legend[5]","in":272,"out":743,"cached":0},{"code":"GYM103627A","seg":"legend[6]","in":272,"out":604,"cached":0},{"code":"GYM103627A","seg":"legend[7]","in":259,"out":185,"cached":0},{"code":"GYM103627A","seg":"legend[8]","in":238,"out":103,"cached":0},{"code":"GYM103627A","seg":"input[0]","in":237,"out":609,"cached":0},{"code":"GYM103627A","seg":"input[1]","in":262,"out":438,"cached":0},{"code":"GYM103627A","seg":"output[0]","in":241,"out":226,"cached":0},{"code":"GYM103627C","seg":"legend[1]","in":307,"out":2865,"cached":0},{"code":"GYM103426B","seg":"note[4]","in":219,"out":50,"cached":0},{"code":"GYM106687C","seg":"legend[5]","in":257,"out":193,"cached":0},{"code":"GYM106687C","seg":"input[0]","in":236,"out":156,"cached":0},{"code":"GYM106687C","seg":"input[1]","in":242,"out":139,"cached":0},{"code":"GYM106687C","seg":"output[0]","in":225,"out":158,"cached":0},{"code":"GYM106687C","seg":"output[1]","in":235,"out":102,"cached":0},{"code":"GYM106687C","seg":"output[2]","in":240,"out":170,"cached":0},{"code":"GYM106687C","seg":"output[3]","in":248,"out":349,"cached":0},{"code":"GYM106687C","seg":"note[0]","in":233,"out":114,"cached":0},{"code":"GYM106687E","seg":"title[0]","in":224,"out":177,"cached":0},{"code":"GYM106687E","seg":"legend[0]","in":275,"out":298,"cached":0},{"code":"GYM106687E","seg":"legend[1]","in":264,"out":420,"cached":0},{"code":"GYM106687E","seg":"legend[2]","in":221,"out":178,"cached":0},{"code":"GYM106687E","seg":"legend[3]","in":226,"out":197,"cached":0},{"code":"GYM106687E","seg":"legend[4]","in":261,"out":417,"cached":0},{"code":"GYM106687E","seg":"legend[5]","in":233,"out":158,"cached":0},{"code":"GYM106687E","seg":"input[0]","in":236,"out":147,"cached":0},{"code":"GYM106687E","seg":"input[1]","in":221,"out":135,"cached":0},{"code":"GYM106687E","seg":"input[2]","in":271,"out":364,"cached":0},{"code":"GYM106687E","seg":"input[3]","in":275,"out":384,"cached":0},{"code":"GYM106687E","seg":"input[4]","in":257,"out":184,"cached":0},{"code":"GYM106687E","seg":"output[0]","in":275,"out":609,"cached":0},{"code":"GYM106687E","seg":"note[0]","in":242,"out":247,"cached":0}],"totalTokens":49436,"warmup":{"ok":true,"mode":"system-only","in":215,"out":1,"cached":0}}
2026-10-06T16:14:24.9029742Z ##[group]Run CF_STATEMENTS=0 TRANSLATE=0 node scripts/update-data.mjs
2026-10-06T16:14:24.9030032Z [36;1mCF_STATEMENTS=0 TRANSLATE=0 node scripts/update-data.mjs[0m
2026-10-06T16:14:24.9082712Z shell: /usr/bin/bash -e {0}
2026-10-06T16:14:24.9082867Z env:
2026-10-06T16:14:24.9084473Z   GITHUB_TOKEN: ***
2026-10-06T16:14:24.9084600Z ##[endgroup]
2026-10-06T16:14:24.9949048Z Discovering daily problem folders...
2026-10-06T16:14:25.9437199Z Found 816 days, syncing the most recent 816.
2026-10-06T16:14:26.3567581Z   2026-10-07: 2 problems
2026-10-06T16:14:26.7491231Z   2026-10-06: 2 problems
2026-10-06T16:14:26.9672978Z   2026-10-05: 2 problems
2026-10-06T16:14:27.3761661Z   2026-10-03: 2 problems
2026-10-06T16:14:27.5628694Z   2026-10-02: 2 problems
2026-10-06T16:14:27.8582197Z   2026-10-01: 2 problems
2026-10-06T16:14:28.1437438Z   2026-09-30: 2 problems
2026-10-06T16:14:28.3580107Z   2026-09-29: 2 problems
2026-10-06T16:14:28.6100807Z   2026-09-28: 2 problems
2026-10-06T16:14:28.7968548Z   2026-09-26: 2 problems
2026-10-06T16:14:28.9933414Z   2026-09-25: 2 problems
2026-10-06T16:14:29.1872822Z   2026-09-24: 2 problems
2026-10-06T16:14:29.3817637Z   2026-09-23: 2 problems
2026-10-06T16:14:29.5860791Z   2026-09-22: 2 problems
2026-10-06T16:14:29.7850421Z   2026-09-21: 2 problems
2026-10-06T16:14:30.0014801Z   2026-09-19: 2 problems
2026-10-06T16:14:30.2084648Z   2026-09-18: 2 problems
2026-10-06T16:14:30.3882146Z   2026-09-17: 2 problems
2026-10-06T16:14:30.6116783Z   2026-09-16: 2 problems
2026-10-06T16:14:30.8281380Z   2026-09-15: 2 problems
2026-10-06T16:14:30.9690241Z   2026-09-14: 2 problems
2026-10-06T16:14:31.2799544Z   2026-09-12: 2 problems
2026-10-06T16:14:31.4676802Z   2026-09-11: 2 problems
2026-10-06T16:14:31.6760902Z   2026-09-10: 2 problems
2026-10-06T16:14:31.8983137Z   2026-09-09: 2 problems
2026-10-06T16:14:32.0898428Z   2026-09-08: 2 problems
2026-10-06T16:14:32.3811758Z   2026-09-07: 2 problems
2026-10-06T16:14:32.5716807Z   2026-09-05: 2 problems
2026-10-06T16:14:32.7643491Z   2026-09-04: 2 problems
2026-10-06T16:14:32.9582471Z   2026-09-03: 2 problems
2026-10-06T16:14:33.1658585Z   2026-09-02: 2 problems
2026-10-06T16:14:33.3774901Z   2026-09-01: 2 problems
2026-10-06T16:14:33.6071007Z   2026-08-31: 2 problems
2026-10-06T16:14:33.8301009Z   2026-08-29: 2 problems
2026-10-06T16:14:34.2095518Z   2026-08-28: 2 problems
2026-10-06T16:14:34.4111274Z   2026-08-27: 2 problems
2026-10-06T16:14:34.6375345Z   2026-08-26: 2 problems
2026-10-06T16:14:35.0167750Z   2026-08-25: 2 problems
2026-10-06T16:14:35.3091458Z   2026-08-24: 2 problems
2026-10-06T16:14:35.5301108Z   2026-08-22: 2 problems
2026-10-06T16:14:35.7241988Z   2026-08-21: 2 problems
2026-10-06T16:14:35.9188427Z   2026-08-20: 2 problems
2026-10-06T16:14:36.1327840Z   2026-08-19: 2 problems
2026-10-06T16:14:36.3760210Z   2026-08-18: 2 problems
2026-10-06T16:14:36.5818137Z   2026-08-17: 2 problems
2026-10-06T16:14:36.7807155Z   2026-08-15: 2 problems
2026-10-06T16:14:37.1081656Z   2026-08-14: 2 problems
2026-10-06T16:14:37.3095045Z   2026-08-13: 2 problems
2026-10-06T16:14:37.5906808Z   2026-08-12: 2 problems
2026-10-06T16:14:37.8130427Z   2026-08-11: 2 problems
2026-10-06T16:14:38.0008214Z   2026-08-10: 2 problems
2026-10-06T16:14:38.2147444Z   2026-08-08: 2 problems
2026-10-06T16:14:38.4139556Z   2026-08-07: 2 problems
2026-10-06T16:14:38.6969820Z   2026-08-06: 2 problems
2026-10-06T16:14:38.9432712Z   2026-08-05: 2 problems
2026-10-06T16:14:39.1631271Z   2026-08-04: 2 problems
2026-10-06T16:14:39.3624715Z   2026-08-03: 2 problems
2026-10-06T16:14:39.5746750Z   2026-08-01: 2 problems
2026-10-06T16:14:39.7039871Z   2026-07-31: 2 problems
2026-10-06T16:14:39.9378497Z   2026-07-30: 2 problems
2026-10-06T16:14:40.1372018Z   2026-07-29: 2 problems
2026-10-06T16:14:40.3593149Z   2026-07-28: 2 problems
2026-10-06T16:14:40.6928349Z   2026-07-27: 2 problems
2026-10-06T16:14:40.9240631Z   2026-07-25: 2 problems
2026-10-06T16:14:41.1761172Z   2026-07-24: 2 problems
2026-10-06T16:14:41.3787435Z   2026-07-23: 2 problems
2026-10-06T16:14:41.5870301Z   2026-07-22: 2 problems
2026-10-06T16:14:41.8101516Z   2026-07-21: 2 problems
2026-10-06T16:14:42.0125853Z   2026-07-16: 2 problems
2026-10-06T16:14:42.2509521Z   2026-07-15: 2 problems
2026-10-06T16:14:42.4537900Z   2026-07-14: 2 problems
2026-10-06T16:14:42.6468565Z   2026-07-13: 2 problems
2026-10-06T16:14:42.8627151Z   2026-07-11: 2 problems
2026-10-06T16:14:43.1690647Z   2026-07-10: 2 problems
2026-10-06T16:14:43.4033996Z   2026-07-09: 2 problems
2026-10-06T16:14:43.7160459Z   2026-07-08: 2 problems
2026-10-06T16:14:43.9053576Z   2026-07-07: 2 problems
2026-10-06T16:14:44.0983267Z   2026-07-06: 2 problems
2026-10-06T16:14:44.2833985Z   2026-07-04: 2 problems
2026-10-06T16:14:44.5026756Z   2026-07-03: 2 problems
2026-10-06T16:14:44.7234096Z   2026-07-02: 2 problems
2026-10-06T16:14:44.9208842Z   2026-07-01: 2 problems
2026-10-06T16:14:45.1347453Z   2026-06-30: 2 problems
2026-10-06T16:14:45.3261947Z   2026-06-29: 2 problems
2026-10-06T16:14:45.5512622Z   2026-06-27: 2 problems
2026-10-06T16:14:45.7273433Z   2026-06-26: 2 problems
2026-10-06T16:14:45.9359609Z   2026-06-25: 2 problems
2026-10-06T16:14:46.1449936Z   2026-06-24: 2 problems
2026-10-06T16:14:46.3732491Z   2026-06-23: 2 problems
2026-10-06T16:14:46.5756937Z   2026-06-22: 2 problems
2026-10-06T16:14:46.7186008Z   2026-06-20: 1 problems
2026-10-06T16:14:46.9209329Z   2026-06-19: 2 problems
2026-10-06T16:14:47.1161461Z   2026-06-18: 2 problems
2026-10-06T16:14:47.3220866Z   2026-06-17: 2 problems
2026-10-06T16:14:47.5533863Z   2026-06-16: 2 problems
2026-10-06T16:14:47.7692140Z   2026-06-15: 2 problems
2026-10-06T16:14:48.0492932Z   2026-06-13: 2 problems
2026-10-06T16:14:48.2553290Z   2026-06-12: 2 problems
2026-10-06T16:14:48.5325029Z   2026-06-11: 2 problems
2026-10-06T16:14:48.7600956Z   2026-06-10: 2 problems
2026-10-06T16:14:48.9572551Z   2026-06-09: 2 problems
2026-10-06T16:14:49.1790286Z   2026-06-08: 2 problems
2026-10-06T16:14:49.3930217Z   2026-06-06: 2 problems
2026-10-06T16:14:49.5982521Z   2026-06-05: 2 problems
2026-10-06T16:14:49.8778000Z   2026-06-04: 2 problems
2026-10-06T16:14:49.9434102Z   2026-06-03: 2 problems
2026-10-06T16:14:50.1861220Z   2026-06-02: 2 problems
2026-10-06T16:14:50.3805462Z   2026-06-01: 2 problems
2026-10-06T16:14:50.5795324Z   2026-05-30: 2 problems
2026-10-06T16:14:50.7853275Z   2026-05-29: 2 problems
2026-10-06T16:14:50.9839356Z   2026-05-28: 2 problems
2026-10-06T16:14:51.1792627Z   2026-05-27: 2 problems
2026-10-06T16:14:51.2977716Z   2026-05-26: 2 problems
2026-10-06T16:14:51.4912871Z   2026-05-25: 2 problems
2026-10-06T16:14:51.6848066Z   2026-05-23: 2 problems
2026-10-06T16:14:51.8997309Z   2026-05-22: 2 problems
2026-10-06T16:14:52.0878153Z   2026-05-21: 2 problems
2026-10-06T16:14:52.3134671Z   2026-05-20: 2 problems
2026-10-06T16:14:52.5311776Z   2026-05-19: 2 problems
2026-10-06T16:14:52.7256710Z   2026-05-18: 2 problems
2026-10-06T16:14:52.9357427Z   2026-05-16: 2 problems
2026-10-06T16:14:53.1205032Z   2026-05-15: 2 problems
2026-10-06T16:14:53.3374298Z   2026-05-14: 2 problems
2026-10-06T16:14:53.5294121Z   2026-05-13: 2 problems
2026-10-06T16:14:53.7424444Z   2026-05-12: 2 problems
2026-10-06T16:14:53.9416931Z   2026-05-11: 2 problems
2026-10-06T16:14:54.1425358Z   2026-05-09: 2 problems
2026-10-06T16:14:54.3465294Z   2026-05-08: 2 problems
2026-10-06T16:14:54.5519963Z   2026-05-07: 2 problems
2026-10-06T16:14:54.8592059Z   2026-05-06: 2 problems
2026-10-06T16:14:55.1116746Z   2026-05-05: 2 problems
2026-10-06T16:14:55.3130084Z   2026-05-04: 2 problems
2026-10-06T16:14:55.5572039Z   2026-05-02: 2 problems
2026-10-06T16:14:55.7976896Z   2026-05-01: 2 problems
2026-10-06T16:14:56.0377940Z   2026-04-30: 2 problems
2026-10-06T16:14:56.2691319Z   2026-04-29: 2 problems
2026-10-06T16:14:56.4519126Z   2026-04-28: 2 problems
2026-10-06T16:14:56.7036920Z   2026-04-27: 2 problems
2026-10-06T16:14:56.9052975Z   2026-04-25: 2 problems
2026-10-06T16:14:57.1098009Z   2026-04-24: 2 problems
2026-10-06T16:14:57.3393703Z   2026-04-23: 2 problems
2026-10-06T16:14:57.5425814Z   2026-04-22: 2 problems
2026-10-06T16:14:57.7599282Z   2026-04-21: 2 problems
2026-10-06T16:14:57.9779920Z   2026-04-20: 2 problems
2026-10-06T16:14:58.1588728Z   2026-04-18: 2 problems
2026-10-06T16:14:58.4439813Z   2026-04-17: 2 problems
2026-10-06T16:14:58.6540473Z   2026-04-16: 2 problems
2026-10-06T16:14:58.8546134Z   2026-04-15: 2 problems
2026-10-06T16:14:59.0434950Z   2026-04-14: 2 problems
2026-10-06T16:14:59.2590665Z   2026-04-13: 2 problems
2026-10-06T16:14:59.4702223Z   2026-04-11: 2 problems
2026-10-06T16:14:59.6739930Z   2026-04-10: 2 problems
2026-10-06T16:14:59.8677134Z   2026-04-09: 2 problems
2026-10-06T16:15:00.0016625Z   2026-04-08: 2 problems
2026-10-06T16:15:00.2092538Z   2026-04-07: 2 problems
2026-10-06T16:15:00.4069680Z   2026-04-06: 2 problems
2026-10-06T16:15:00.6367104Z   2026-04-04: 2 problems
2026-10-06T16:15:00.8520450Z   2026-04-03: 2 problems
2026-10-06T16:15:01.0457978Z   2026-04-02: 2 problems
2026-10-06T16:15:01.2626552Z   2026-04-01: 2 problems
2026-10-06T16:15:01.4547485Z   2026-03-31: 2 problems
2026-10-06T16:15:01.6554210Z   2026-03-30: 2 problems
2026-10-06T16:15:01.8817056Z   2026-03-28: 2 problems
2026-10-06T16:15:02.0996392Z   2026-03-27: 2 problems
2026-10-06T16:15:02.3202601Z   2026-03-26: 2 problems
2026-10-06T16:15:02.5147378Z   2026-03-25: 2 problems
2026-10-06T16:15:02.7065584Z   2026-03-24: 2 problems
2026-10-06T16:15:02.9547498Z   2026-03-23: 2 problems
2026-10-06T16:15:03.1657118Z   2026-03-21: 2 problems
2026-10-06T16:15:03.3546151Z   2026-03-20: 2 problems
2026-10-06T16:15:03.5841163Z   2026-03-19: 2 problems
2026-10-06T16:15:03.9641620Z   2026-03-18: 2 problems
2026-10-06T16:15:04.1933989Z   2026-03-17: 2 problems
2026-10-06T16:15:04.3938333Z   2026-03-16: 2 problems
2026-10-06T16:15:04.6782052Z   2026-03-14: 2 problems
2026-10-06T16:15:04.8706543Z   2026-03-13: 2 problems
2026-10-06T16:15:05.0750952Z   2026-03-12: 2 problems
2026-10-06T16:15:05.2922320Z   2026-03-11: 2 problems
2026-10-06T16:15:05.5097838Z   2026-03-10: 2 problems
2026-10-06T16:15:05.7186434Z   2026-03-09: 2 problems
2026-10-06T16:15:05.9150955Z   2026-03-07: 2 problems
2026-10-06T16:15:06.1039378Z   2026-03-06: 2 problems
2026-10-06T16:15:06.4016573Z   2026-03-05: 2 problems
2026-10-06T16:15:06.6751903Z   2026-03-04: 2 problems
2026-10-06T16:15:06.8845290Z   2026-03-03: 2 problems
2026-10-06T16:15:07.1540551Z   2026-03-02: 2 problems
2026-10-06T16:15:07.4604851Z   2026-02-28: 2 problems
2026-10-06T16:15:07.6760306Z   2026-02-27: 2 problems
2026-10-06T16:15:07.8913703Z   2026-02-26: 2 problems
2026-10-06T16:15:08.1015186Z   2026-02-25: 2 problems
2026-10-06T16:15:08.2981531Z   2026-02-24: 2 problems
2026-10-06T16:15:08.5234723Z   2026-02-23: 2 problems
2026-10-06T16:15:08.7155642Z   2026-02-21: 2 problems
2026-10-06T16:15:08.9307020Z   2026-02-20: 2 problems
2026-10-06T16:15:09.1641062Z   2026-02-19: 2 problems
2026-10-06T16:15:09.3903646Z   2026-02-18: 2 problems
2026-10-06T16:15:09.6742069Z   2026-02-17: 2 problems
2026-10-06T16:15:09.9105747Z   2026-02-16: 2 problems
2026-10-06T16:15:10.1044065Z   2026-02-14: 2 problems
2026-10-06T16:15:10.3183346Z   2026-02-13: 2 problems
2026-10-06T16:15:10.5149555Z   2026-02-12: 2 problems
2026-10-06T16:15:10.7045343Z   2026-02-11: 2 problems
2026-10-06T16:15:10.9074566Z   2026-02-10: 2 problems
2026-10-06T16:15:11.0879753Z   2026-02-09: 2 problems
2026-10-06T16:15:11.2999297Z   2026-02-07: 2 problems
2026-10-06T16:15:11.4984121Z   2026-02-06: 2 problems
2026-10-06T16:15:11.7067092Z   2026-02-05: 2 problems
2026-10-06T16:15:11.8971558Z   2026-02-04: 2 problems
2026-10-06T16:15:12.0967089Z   2026-02-03: 2 problems
2026-10-06T16:15:12.2851848Z   2026-02-02: 2 problems
2026-10-06T16:15:12.5013036Z   2026-01-31: 2 problems
2026-10-06T16:15:12.6883347Z   2026-01-30: 2 problems
2026-10-06T16:15:12.8728662Z   2026-01-29: 2 problems
2026-10-06T16:15:13.0810155Z   2026-01-28: 2 problems
2026-10-06T16:15:13.3364986Z   2026-01-27: 2 problems
2026-10-06T16:15:13.6181138Z   2026-01-26: 2 problems
2026-10-06T16:15:13.8080341Z   2026-01-24: 2 problems
2026-10-06T16:15:14.0183791Z   2026-01-23: 2 problems
2026-10-06T16:15:14.1470414Z   2026-01-22: 2 problems
2026-10-06T16:15:14.3515140Z   2026-01-21: 2 problems
2026-10-06T16:15:14.6325662Z   2026-01-20: 2 problems
2026-10-06T16:15:14.9104098Z   2026-01-19: 2 problems
2026-10-06T16:15:15.1847261Z   2026-01-17: 2 problems
2026-10-06T16:15:15.3879350Z   2026-01-16: 2 problems
2026-10-06T16:15:15.5804669Z   2026-01-15: 2 problems
2026-10-06T16:15:15.7654642Z   2026-01-14: 2 problems
2026-10-06T16:15:15.9724080Z   2026-01-13: 2 problems
2026-10-06T16:15:16.2307703Z   2026-01-12: 2 problems
2026-10-06T16:15:16.4404066Z   2026-01-10: 2 problems
2026-10-06T16:15:16.6334977Z   2026-01-09: 2 problems
2026-10-06T16:15:16.8369171Z   2026-01-08: 2 problems
2026-10-06T16:15:17.0354160Z   2026-01-07: 2 problems
2026-10-06T16:15:17.2371815Z   2026-01-06: 2 problems
2026-10-06T16:15:17.4495239Z   2026-01-05: 2 problems
2026-10-06T16:15:17.6686452Z   2026-01-03: 2 problems
2026-10-06T16:15:17.9701494Z   2026-01-02: 2 problems
2026-10-06T16:15:18.1696819Z   2026-01-01: 2 problems
2026-10-06T16:15:18.4177398Z   2025-12-31: 2 problems
2026-10-06T16:15:18.6117504Z   2025-12-30: 2 problems
2026-10-06T16:15:18.8375411Z   2025-12-29: 2 problems
2026-10-06T16:15:19.0590960Z   2025-12-27: 2 problems
2026-10-06T16:15:19.2939012Z   2025-12-26: 2 problems
2026-10-06T16:15:19.4804804Z   2025-12-25: 2 problems
2026-10-06T16:15:19.6681182Z   2025-12-24: 2 problems
2026-10-06T16:15:19.8712178Z   2025-12-23: 2 problems
2026-10-06T16:15:20.0786852Z   2025-12-22: 2 problems
2026-10-06T16:15:20.2679501Z   2025-12-20: 2 problems
2026-10-06T16:15:20.4753728Z   2025-12-19: 2 problems
2026-10-06T16:15:20.6757687Z   2025-12-18: 2 problems
2026-10-06T16:15:20.8780040Z   2025-12-17: 2 problems
2026-10-06T16:15:21.0968245Z   2025-12-16: 2 problems
2026-10-06T16:15:21.2849465Z   2025-12-15: 2 problems
2026-10-06T16:15:21.4922152Z   2025-12-13: 2 problems
2026-10-06T16:15:21.7080103Z   2025-12-12: 2 problems
2026-10-06T16:15:21.9351733Z   2025-12-11: 2 problems
2026-10-06T16:15:22.1600591Z   2025-12-10: 2 problems
2026-10-06T16:15:22.3608491Z   2025-12-09: 2 problems
2026-10-06T16:15:22.4952353Z   2025-12-08: 2 problems
2026-10-06T16:15:22.7900945Z   2025-12-06: 2 problems
2026-10-06T16:15:23.0039551Z   2025-12-05: 2 problems
2026-10-06T16:15:23.1993298Z   2025-12-04: 2 problems
2026-10-06T16:15:23.4114731Z   2025-12-03: 2 problems
2026-10-06T16:15:23.5975393Z   2025-12-02: 2 problems
2026-10-06T16:15:23.7888945Z   2025-12-01: 2 problems
2026-10-06T16:15:23.9902034Z   2025-11-29: 2 problems
2026-10-06T16:15:24.2088662Z   2025-11-28: 2 problems
2026-10-06T16:15:24.4238273Z   2025-11-27: 2 problems
2026-10-06T16:15:24.6541221Z   2025-11-26: 2 problems
2026-10-06T16:15:24.8408618Z   2025-11-25: 2 problems
2026-10-06T16:15:25.1361929Z   2025-11-24: 2 problems
2026-10-06T16:15:25.3378507Z   2025-11-22: 2 problems
2026-10-06T16:15:25.5195275Z   2025-11-21: 2 problems
2026-10-06T16:15:25.7674066Z   2025-11-20: 2 problems
2026-10-06T16:15:25.9605203Z   2025-11-19: 2 problems
2026-10-06T16:15:26.1745416Z   2025-11-18: 2 problems
2026-10-06T16:15:26.3764546Z   2025-11-17: 2 problems
2026-10-06T16:15:26.6534397Z   2025-11-15: 2 problems
2026-10-06T16:15:27.0217931Z   2025-11-14: 2 problems
2026-10-06T16:15:27.2190929Z   2025-11-13: 2 problems
2026-10-06T16:15:27.4093273Z   2025-11-12: 2 problems
2026-10-06T16:15:27.6109240Z   2025-11-11: 2 problems
2026-10-06T16:15:27.8069604Z   2025-11-10: 2 problems
2026-10-06T16:15:28.0237019Z   2025-11-08: 2 problems
2026-10-06T16:15:28.2469496Z   2025-11-07: 2 problems
2026-10-06T16:15:28.4753268Z   2025-11-06: 2 problems
2026-10-06T16:15:28.7498774Z   2025-11-05: 2 problems
2026-10-06T16:15:28.9795342Z   2025-11-04: 2 problems
2026-10-06T16:15:29.1608053Z   2025-11-03: 2 problems
2026-10-06T16:15:29.3695219Z   2025-11-01: 2 problems
2026-10-06T16:15:29.5216835Z   2025-10-31: 2 problems
2026-10-06T16:15:29.7293659Z   2025-10-30: 2 problems
2026-10-06T16:15:29.9649158Z   2025-10-29: 2 problems
2026-10-06T16:15:30.1911987Z   2025-10-28: 2 problems
2026-10-06T16:15:30.3823896Z   2025-10-27: 2 problems
2026-10-06T16:15:30.6339948Z   2025-10-25: 2 problems
2026-10-06T16:15:30.8866734Z   2025-10-24: 2 problems
2026-10-06T16:15:31.0772178Z   2025-10-23: 2 problems
2026-10-06T16:15:31.2720166Z   2025-10-22: 2 problems
2026-10-06T16:15:31.4795753Z   2025-10-21: 2 problems
2026-10-06T16:15:31.6799701Z   2025-10-20: 2 problems
2026-10-06T16:15:31.8827705Z   2025-10-18: 2 problems
2026-10-06T16:15:32.1027689Z   2025-10-17: 2 problems
2026-10-06T16:15:32.3284292Z   2025-10-16: 2 problems
2026-10-06T16:15:32.5417308Z   2025-10-15: 2 problems
2026-10-06T16:15:32.7398582Z   2025-10-14: 2 problems
2026-10-06T16:15:32.9403303Z   2025-10-13: 2 problems
2026-10-06T16:15:33.1700357Z   2025-10-11: 2 problems
2026-10-06T16:15:33.3671997Z   2025-10-10: 2 problems
2026-10-06T16:15:33.6533760Z   2025-10-09: 2 problems
2026-10-06T16:15:34.0434756Z   2025-10-08: 2 problems
2026-10-06T16:15:34.4268689Z   2025-10-07: 2 problems
2026-10-06T16:15:34.6383138Z   2025-10-06: 2 problems
2026-10-06T16:15:34.8469612Z   2025-10-04: 2 problems
2026-10-06T16:15:35.0684007Z   2025-10-03: 2 problems
2026-10-06T16:15:35.2809604Z   2025-10-02: 2 problems
2026-10-06T16:15:35.4709735Z   2025-10-01: 2 problems
2026-10-06T16:15:35.6751976Z   2025-09-30: 2 problems
2026-10-06T16:15:35.8751652Z   2025-09-29: 2 problems
2026-10-06T16:15:36.0839391Z   2025-09-27: 2 problems
2026-10-06T16:15:36.2807157Z   2025-09-26: 2 problems
2026-10-06T16:15:36.5089888Z   2025-09-25: 2 problems
2026-10-06T16:15:36.7183381Z   2025-09-24: 2 problems
2026-10-06T16:15:36.9534796Z   2025-09-23: 2 problems
2026-10-06T16:15:37.1999126Z   2025-09-22: 2 problems
2026-10-06T16:15:37.4336697Z   2025-09-20: 2 problems
2026-10-06T16:15:37.6325064Z   2025-09-19: 2 problems
2026-10-06T16:15:37.8636734Z   2025-09-18: 2 problems
2026-10-06T16:15:38.0510827Z   2025-09-17: 2 problems
2026-10-06T16:15:38.2627001Z   2025-09-16: 2 problems
2026-10-06T16:15:38.4547152Z   2025-09-15: 2 problems
2026-10-06T16:15:38.6624090Z   2025-09-13: 2 problems
2026-10-06T16:15:38.8610755Z   2025-09-12: 2 problems
2026-10-06T16:15:39.0628177Z   2025-09-11: 2 problems
2026-10-06T16:15:39.2791880Z   2025-09-10: 2 problems
2026-10-06T16:15:39.4627881Z   2025-09-09: 2 problems
2026-10-06T16:15:39.6632576Z   2025-09-08: 2 problems
2026-10-06T16:15:39.8771850Z   2025-09-06: 2 problems
2026-10-06T16:15:40.0816107Z   2025-09-05: 2 problems
2026-10-06T16:15:40.2875839Z   2025-09-04: 2 problems
2026-10-06T16:15:40.5202407Z   2025-09-03: 2 problems
2026-10-06T16:15:40.7144467Z   2025-09-02: 2 problems
2026-10-06T16:15:40.9246405Z   2025-09-01: 2 problems
2026-10-06T16:15:41.2190037Z   2025-08-30: 2 problems
2026-10-06T16:15:41.4573065Z   2025-08-29: 2 problems
2026-10-06T16:15:41.6414025Z   2025-08-28: 2 problems
2026-10-06T16:15:41.8408006Z   2025-08-27: 2 problems
2026-10-06T16:15:42.0300792Z   2025-08-26: 2 problems
2026-10-06T16:15:42.2816684Z   2025-08-25: 2 problems
2026-10-06T16:15:42.4983265Z   2025-08-23: 2 problems
2026-10-06T16:15:42.7044856Z   2025-08-22: 2 problems
2026-10-06T16:15:42.8968711Z   2025-08-21: 2 problems
2026-10-06T16:15:43.1703447Z   2025-08-20: 2 problems
2026-10-06T16:15:43.4537739Z   2025-08-19: 2 problems
2026-10-06T16:15:43.7476413Z   2025-08-18: 2 problems
2026-10-06T16:15:44.1342239Z   2025-08-16: 2 problems
2026-10-06T16:15:44.4001933Z   2025-08-15: 2 problems
2026-10-06T16:15:44.5931409Z   2025-08-14: 2 problems
2026-10-06T16:15:44.8323920Z   2025-08-13: 2 problems
2026-10-06T16:15:45.0280581Z   2025-08-12: 2 problems
2026-10-06T16:15:45.2240322Z   2025-08-11: 2 problems
2026-10-06T16:15:45.5164535Z   2025-08-09: 2 problems
2026-10-06T16:15:45.7858701Z   2025-08-08: 2 problems
2026-10-06T16:15:45.9563328Z   2025-08-07: 2 problems
2026-10-06T16:15:46.1387326Z   2025-08-06: 2 problems
2026-10-06T16:15:46.3378463Z   2025-08-05: 2 problems
2026-10-06T16:15:46.6532696Z   2025-08-04: 2 problems
2026-10-06T16:15:46.8497984Z   2025-08-02: 2 problems
2026-10-06T16:15:47.0516150Z   2025-08-01: 2 problems
2026-10-06T16:15:47.2404080Z   2025-07-31: 2 problems
2026-10-06T16:15:47.4325320Z   2025-07-30: 2 problems
2026-10-06T16:15:47.7276593Z   2025-07-29: 2 problems
2026-10-06T16:15:47.9562852Z   2025-07-28: 2 problems
2026-10-06T16:15:48.1473371Z   2025-07-26: 2 problems
2026-10-06T16:15:48.3470028Z   2025-07-25: 2 problems
2026-10-06T16:15:48.6081791Z   2025-07-24: 2 problems
2026-10-06T16:15:48.8216364Z   2025-07-23: 2 problems
2026-10-06T16:15:49.0858197Z   2025-07-22: 2 problems
2026-10-06T16:15:49.2958828Z   2025-07-21: 2 problems
2026-10-06T16:15:49.5333594Z   2025-07-19: 2 problems
2026-10-06T16:15:49.7369690Z   2025-07-18: 2 problems
2026-10-06T16:15:49.9324638Z   2025-07-17: 2 problems
2026-10-06T16:15:50.2168974Z   2025-07-16: 2 problems
2026-10-06T16:15:50.4171930Z   2025-07-15: 2 problems
2026-10-06T16:15:50.6004906Z   2025-07-14: 2 problems
2026-10-06T16:15:50.8743044Z   2025-07-12: 2 problems
2026-10-06T16:15:51.1332647Z   2025-07-11: 2 problems
2026-10-06T16:15:51.3373797Z   2025-07-10: 2 problems
2026-10-06T16:15:51.5369299Z   2025-07-09: 2 problems
2026-10-06T16:15:51.7289804Z   2025-07-08: 2 problems
2026-10-06T16:15:51.9065198Z   2025-07-07: 2 problems
2026-10-06T16:15:52.0988759Z   2025-07-05: 2 problems
2026-10-06T16:15:52.3082537Z   2025-07-04: 2 problems
2026-10-06T16:15:52.5049278Z   2025-07-03: 2 problems
2026-10-06T16:15:52.6896893Z   2025-07-02: 2 problems
2026-10-06T16:15:52.9177648Z   2025-07-01: 2 problems
2026-10-06T16:15:53.1173935Z   2025-06-30: 2 problems
2026-10-06T16:15:53.3101656Z   2025-06-28: 2 problems
2026-10-06T16:15:53.4923313Z   2025-06-27: 2 problems
2026-10-06T16:15:53.6859113Z   2025-06-26: 2 problems
2026-10-06T16:15:53.8678023Z   2025-06-25: 2 problems
2026-10-06T16:15:54.0853481Z   2025-06-24: 2 problems
2026-10-06T16:15:54.3023953Z   2025-06-23: 2 problems
2026-10-06T16:15:54.4347749Z   2025-06-21: 2 problems
2026-10-06T16:15:54.6666697Z   2025-06-20: 2 problems
2026-10-06T16:15:54.8830342Z   2025-06-19: 2 problems
2026-10-06T16:15:55.0892862Z   2025-06-18: 2 problems
2026-10-06T16:15:55.2856813Z   2025-06-17: 2 problems
2026-10-06T16:15:55.5070212Z   2025-06-16: 2 problems
2026-10-06T16:15:55.7522372Z   2025-06-14: 2 problems
2026-10-06T16:15:55.9313636Z   2025-06-13: 2 problems
2026-10-06T16:15:56.1340585Z   2025-06-12: 2 problems
2026-10-06T16:15:56.3340060Z   2025-06-11: 2 problems
2026-10-06T16:15:56.6995542Z   2025-06-10: 2 problems
2026-10-06T16:15:56.9142784Z   2025-06-09: 2 problems
2026-10-06T16:15:57.0996861Z   2025-06-07: 2 problems
2026-10-06T16:15:57.3039718Z   2025-06-06: 2 problems
2026-10-06T16:15:57.5036328Z   2025-06-05: 2 problems
2026-10-06T16:15:57.6922508Z   2025-06-04: 2 problems
2026-10-06T16:15:57.9841750Z   2025-06-03: 2 problems
2026-10-06T16:15:58.2971149Z   2025-06-02: 2 problems
2026-10-06T16:15:58.4915276Z   2025-05-31: 2 problems
2026-10-06T16:15:58.6858874Z   2025-05-30: 2 problems
2026-10-06T16:15:58.8749707Z   2025-05-29: 2 problems
2026-10-06T16:15:59.0617817Z   2025-05-28: 2 problems
2026-10-06T16:15:59.2548648Z   2025-05-27: 2 problems
2026-10-06T16:15:59.4362156Z   2025-05-26: 2 problems
2026-10-06T16:15:59.6346448Z   2025-05-24: 2 problems
2026-10-06T16:15:59.8301408Z   2025-05-23: 2 problems
2026-10-06T16:16:00.0158212Z   2025-05-22: 2 problems
2026-10-06T16:16:00.3048879Z   2025-05-21: 2 problems
2026-10-06T16:16:00.4750079Z   2025-05-20: 2 problems
2026-10-06T16:16:00.6975207Z   2025-05-19: 2 problems
2026-10-06T16:16:00.8949833Z   2025-05-17: 2 problems
2026-10-06T16:16:01.1020360Z   2025-05-16: 2 problems
2026-10-06T16:16:01.3283364Z   2025-05-15: 2 problems
2026-10-06T16:16:01.5593967Z   2025-05-14: 2 problems
2026-10-06T16:16:01.7743312Z   2025-05-13: 2 problems
2026-10-06T16:16:01.9744329Z   2025-05-12: 2 problems
2026-10-06T16:16:02.1715909Z   2025-05-10: 2 problems
2026-10-06T16:16:02.3624931Z   2025-05-09: 2 problems
2026-10-06T16:16:02.5559542Z   2025-05-08: 2 problems
2026-10-06T16:16:02.7510988Z   2025-05-07: 2 problems
2026-10-06T16:16:02.9380405Z   2025-05-06: 2 problems
2026-10-06T16:16:03.1187753Z   2025-05-05: 2 problems
2026-10-06T16:16:03.3317745Z   2025-05-03: 2 problems
2026-10-06T16:16:03.5460261Z   2025-05-02: 2 problems
2026-10-06T16:16:03.8610685Z   2025-05-01: 2 problems
2026-10-06T16:16:04.0786161Z   2025-04-30: 2 problems
2026-10-06T16:16:04.4081469Z   2025-04-29: 2 problems
2026-10-06T16:16:04.6926006Z   2025-04-28: 2 problems
2026-10-06T16:16:05.0077985Z   2025-04-26: 2 problems
2026-10-06T16:16:05.2513710Z   2025-04-25: 2 problems
2026-10-06T16:16:05.4655522Z   2025-04-24: 2 problems
2026-10-06T16:16:05.7070213Z   2025-04-23: 2 problems
2026-10-06T16:16:05.9399584Z   2025-04-22: 2 problems
2026-10-06T16:16:06.1593813Z   2025-04-21: 2 problems
2026-10-06T16:16:06.3678357Z   2025-04-19: 2 problems
2026-10-06T16:16:06.5973923Z   2025-04-18: 2 problems
2026-10-06T16:16:06.8171193Z   2025-04-17: 2 problems
2026-10-06T16:16:07.0279624Z   2025-04-16: 2 problems
2026-10-06T16:16:07.2533676Z   2025-04-15: 2 problems
2026-10-06T16:16:07.4467924Z   2025-04-14: 2 problems
2026-10-06T16:16:07.7167264Z   2025-04-12: 2 problems
2026-10-06T16:16:07.9279850Z   2025-04-11: 2 problems
2026-10-06T16:16:08.1543814Z   2025-04-10: 2 problems
2026-10-06T16:16:08.3507917Z   2025-04-09: 2 problems
2026-10-06T16:16:08.5448308Z   2025-04-08: 2 problems
2026-10-06T16:16:08.7457352Z   2025-04-07: 2 problems
2026-10-06T16:16:08.9405983Z   2025-04-05: 2 problems
2026-10-06T16:16:09.1838961Z   2025-04-04: 2 problems
2026-10-06T16:16:09.3877848Z   2025-04-03: 2 problems
2026-10-06T16:16:09.6372366Z   2025-04-02: 2 problems
2026-10-06T16:16:09.8519170Z   2025-04-01: 2 problems
2026-10-06T16:16:10.0949676Z   2025-03-31: 2 problems
2026-10-06T16:16:10.2935983Z   2025-03-29: 2 problems
2026-10-06T16:16:10.5939091Z   2025-03-28: 2 problems
2026-10-06T16:16:10.8216430Z   2025-03-27: 2 problems
2026-10-06T16:16:11.0254871Z   2025-03-26: 2 problems
2026-10-06T16:16:11.2076871Z   2025-03-25: 2 problems
2026-10-06T16:16:11.4083871Z   2025-03-24: 2 problems
2026-10-06T16:16:11.6060550Z   2025-03-22: 2 problems
2026-10-06T16:16:11.8294663Z   2025-03-21: 2 problems
2026-10-06T16:16:12.0369874Z   2025-03-20: 2 problems
2026-10-06T16:16:12.2380256Z   2025-03-19: 2 problems
2026-10-06T16:16:12.4971025Z   2025-03-18: 2 problems
2026-10-06T16:16:12.6829472Z   2025-03-17: 2 problems
2026-10-06T16:16:12.9020861Z   2025-03-15: 2 problems
2026-10-06T16:16:13.1232254Z   2025-03-14: 2 problems
2026-10-06T16:16:13.4725040Z   2025-03-13: 2 problems
2026-10-06T16:16:13.6610282Z   2025-03-12: 2 problems
2026-10-06T16:16:13.8852406Z   2025-03-11: 2 problems
2026-10-06T16:16:14.1083316Z   2025-03-10: 2 problems
2026-10-06T16:16:14.4459393Z   2025-03-08: 2 problems
2026-10-06T16:16:14.6578453Z   2025-03-07: 2 problems
2026-10-06T16:16:14.8740152Z   2025-03-06: 2 problems
2026-10-06T16:16:15.0490643Z   2025-03-05: 2 problems
2026-10-06T16:16:15.2588361Z   2025-03-04: 2 problems
2026-10-06T16:16:15.5319020Z   2025-03-03: 2 problems
2026-10-06T16:16:15.7497996Z   2025-03-01: 2 problems
2026-10-06T16:16:15.9551538Z   2025-02-28: 2 problems
2026-10-06T16:16:16.1671304Z   2025-02-27: 2 problems
2026-10-06T16:16:16.3593104Z   2025-02-26: 2 problems
2026-10-06T16:16:16.6236542Z   2025-02-25: 2 problems
2026-10-06T16:16:16.9091941Z   2025-02-24: 2 problems
2026-10-06T16:16:17.1137189Z   2025-02-22: 2 problems
2026-10-06T16:16:17.3342886Z   2025-02-21: 2 problems
2026-10-06T16:16:17.5526384Z   2025-02-20: 2 problems
2026-10-06T16:16:17.7554547Z   2025-02-19: 2 problems
2026-10-06T16:16:17.9490398Z   2025-02-18: 2 problems
2026-10-06T16:16:18.1578790Z   2025-02-17: 2 problems
2026-10-06T16:16:18.3830839Z   2025-02-15: 2 problems
2026-10-06T16:16:18.5770740Z   2025-02-14: 2 problems
2026-10-06T16:16:18.7831850Z   2025-02-13: 2 problems
2026-10-06T16:16:18.9775789Z   2025-02-12: 2 problems
2026-10-06T16:16:19.1673681Z   2025-02-11: 2 problems
2026-10-06T16:16:19.3861937Z   2025-02-10: 2 problems
2026-10-06T16:16:19.5722447Z   2025-02-08: 2 problems
2026-10-06T16:16:19.7976423Z   2025-02-07: 2 problems
2026-10-06T16:16:20.0126878Z   2025-02-06: 2 problems
2026-10-06T16:16:20.2006640Z   2025-02-05: 2 problems
2026-10-06T16:16:20.3772709Z   2025-02-04: 2 problems
2026-10-06T16:16:20.5768068Z   2025-02-03: 2 problems
2026-10-06T16:16:20.7725470Z   2025-02-01: 2 problems
2026-10-06T16:16:20.9697364Z   2025-01-31: 2 problems
2026-10-06T16:16:21.1642202Z   2025-01-30: 2 problems
2026-10-06T16:16:21.3513476Z   2025-01-29: 2 problems
2026-10-06T16:16:21.5389380Z   2025-01-28: 2 problems
2026-10-06T16:16:21.7189566Z   2025-01-27: 2 problems
2026-10-06T16:16:21.9205546Z   2025-01-25: 2 problems
2026-10-06T16:16:22.1292367Z   2025-01-24: 2 problems
2026-10-06T16:16:22.3309369Z   2025-01-23: 2 problems
2026-10-06T16:16:22.5401312Z   2025-01-22: 2 problems
2026-10-06T16:16:22.8031847Z   2025-01-21: 2 problems
2026-10-06T16:16:23.1111467Z   2025-01-20: 2 problems
2026-10-06T16:16:23.3195323Z   2025-01-18: 2 problems
2026-10-06T16:16:23.5159321Z   2025-01-17: 2 problems
2026-10-06T16:16:23.7305464Z   2025-01-16: 2 problems
2026-10-06T16:16:23.9607629Z   2025-01-15: 2 problems
2026-10-06T16:16:24.1759288Z   2025-01-14: 2 problems
2026-10-06T16:16:24.4050765Z   2025-01-13: 2 problems
2026-10-06T16:16:24.5967962Z   2025-01-11: 2 problems
2026-10-06T16:16:24.8036473Z   2025-01-10: 2 problems
2026-10-06T16:16:25.0119168Z   2025-01-09: 2 problems
2026-10-06T16:16:25.1727379Z   2025-01-08: 2 problems
2026-10-06T16:16:25.3752849Z   2025-01-07: 2 problems
2026-10-06T16:16:25.5544443Z   2025-01-06: 2 problems
2026-10-06T16:16:25.7501379Z   2025-01-04: 2 problems
2026-10-06T16:16:26.0022217Z   2025-01-03: 2 problems
2026-10-06T16:16:26.2448425Z   2025-01-02: 2 problems
2026-10-06T16:16:26.5450565Z   2025-01-01: 2 problems
2026-10-06T16:16:26.7968229Z   2024-12-31: 2 problems
2026-10-06T16:16:27.0305808Z   2024-12-30: 2 problems
2026-10-06T16:16:27.2289668Z   2024-12-28: 2 problems
2026-10-06T16:16:27.5149084Z   2024-12-27: 2 problems
2026-10-06T16:16:27.7391918Z   2024-12-26: 2 problems
2026-10-06T16:16:27.9379158Z   2024-12-25: 2 problems
2026-10-06T16:16:28.1310866Z   2024-12-24: 2 problems
2026-10-06T16:16:28.3489459Z   2024-12-23: 2 problems
2026-10-06T16:16:28.5474297Z   2024-12-21: 2 problems
2026-10-06T16:16:28.7648871Z   2024-12-20: 2 problems
2026-10-06T16:16:28.9829014Z   2024-12-19: 2 problems
2026-10-06T16:16:29.1634585Z   2024-12-18: 2 problems
2026-10-06T16:16:29.3344368Z   2024-12-17: 2 problems
2026-10-06T16:16:29.5161285Z   2024-12-16: 2 problems
2026-10-06T16:16:29.7169292Z   2024-12-14: 2 problems
2026-10-06T16:16:29.9118680Z   2024-12-13: 2 problems
2026-10-06T16:16:30.1815591Z   2024-12-12: 2 problems
2026-10-06T16:16:30.3867025Z   2024-12-11: 2 problems
2026-10-06T16:16:30.5706164Z   2024-12-10: 2 problems
2026-10-06T16:16:30.7637801Z   2024-12-09: 2 problems
2026-10-06T16:16:30.9634813Z   2024-12-07: 2 problems
2026-10-06T16:16:31.1514230Z   2024-12-06: 2 problems
2026-10-06T16:16:31.3491381Z   2024-12-05: 2 problems
2026-10-06T16:16:31.5483008Z   2024-12-04: 2 problems
2026-10-06T16:16:31.7298589Z   2024-12-03: 2 problems
2026-10-06T16:16:31.9171735Z   2024-12-02: 2 problems
2026-10-06T16:16:32.1136740Z   2024-11-30: 2 problems
2026-10-06T16:16:32.3287389Z   2024-11-29: 2 problems
2026-10-06T16:16:32.5182648Z   2024-11-28: 2 problems
2026-10-06T16:16:32.7512944Z   2024-11-27: 2 problems
2026-10-06T16:16:32.9320429Z   2024-11-26: 2 problems
2026-10-06T16:16:33.1148431Z   2024-11-25: 2 problems
2026-10-06T16:16:33.3160199Z   2024-11-23: 2 problems
2026-10-06T16:16:33.5173043Z   2024-11-22: 2 problems
2026-10-06T16:16:33.6444414Z   2024-11-21: 2 problems
2026-10-06T16:16:33.9644943Z   2024-11-20: 2 problems
2026-10-06T16:16:34.1533629Z   2024-11-19: 2 problems
2026-10-06T16:16:34.3525145Z   2024-11-18: 2 problems
2026-10-06T16:16:34.5414853Z   2024-11-16: 2 problems
2026-10-06T16:16:34.9012508Z   2024-11-15: 2 problems
2026-10-06T16:16:35.1961692Z   2024-11-14: 2 problems
2026-10-06T16:16:35.4808953Z   2024-11-13: 2 problems
2026-10-06T16:16:35.6867806Z   2024-11-12: 2 problems
2026-10-06T16:16:35.8705308Z   2024-11-11: 2 problems
2026-10-06T16:16:36.0821825Z   2024-11-09: 2 problems
2026-10-06T16:16:36.3108016Z   2024-11-08: 2 problems
2026-10-06T16:16:36.4842497Z   2024-11-07: 2 problems
2026-10-06T16:16:36.7707310Z   2024-11-06: 2 problems
2026-10-06T16:16:36.9565479Z   2024-11-05: 2 problems
2026-10-06T16:16:37.1816568Z   2024-11-04: 2 problems
2026-10-06T16:16:37.4146642Z   2024-11-02: 2 problems
2026-10-06T16:16:37.6130902Z   2024-11-01: 2 problems
2026-10-06T16:16:37.8907404Z   2024-10-31: 2 problems
2026-10-06T16:16:38.1283942Z   2024-10-30: 2 problems
2026-10-06T16:16:38.3209251Z   2024-10-29: 2 problems
2026-10-06T16:16:38.5132372Z   2024-10-28: 2 problems
2026-10-06T16:16:38.7402363Z   2024-10-26: 2 problems
2026-10-06T16:16:38.9556644Z   2024-10-25: 2 problems
2026-10-06T16:16:39.1490495Z   2024-10-24: 2 problems
2026-10-06T16:16:39.3619126Z   2024-10-23: 2 problems
2026-10-06T16:16:39.5875636Z   2024-10-22: 2 problems
2026-10-06T16:16:39.7835541Z   2024-10-21: 2 problems
2026-10-06T16:16:39.9983905Z   2024-10-19: 2 problems
2026-10-06T16:16:40.2012015Z   2024-10-18: 2 problems
2026-10-06T16:16:40.4489196Z   2024-10-17: 2 problems
2026-10-06T16:16:40.7197903Z   2024-10-16: 2 problems
2026-10-06T16:16:40.9695300Z   2024-10-15: 2 problems
2026-10-06T16:16:41.1963135Z   2024-10-14: 2 problems
2026-10-06T16:16:41.4006343Z   2024-10-12: 2 problems
2026-10-06T16:16:41.6245408Z   2024-10-11: 2 problems
2026-10-06T16:16:41.8567545Z   2024-10-10: 2 problems
2026-10-06T16:16:42.0456120Z   2024-10-09: 2 problems
2026-10-06T16:16:42.2484102Z   2024-10-08: 2 problems
2026-10-06T16:16:42.4743786Z   2024-10-07: 2 problems
2026-10-06T16:16:42.8949745Z   2024-10-05: 2 problems
2026-10-06T16:16:43.1945776Z   2024-10-04: 2 problems
2026-10-06T16:16:43.5155494Z   2024-10-03: 2 problems
2026-10-06T16:16:43.7195166Z   2024-10-02: 2 problems
2026-10-06T16:16:44.0916656Z   2024-10-01: 2 problems
2026-10-06T16:16:44.3825065Z   2024-09-30: 2 problems
2026-10-06T16:16:44.6170203Z   2024-09-28: 2 problems
2026-10-06T16:16:44.8394242Z   2024-09-27: 2 problems
2026-10-06T16:16:45.0518825Z   2024-09-26: 2 problems
2026-10-06T16:16:45.3650188Z   2024-09-25: 2 problems
2026-10-06T16:16:45.5941356Z   2024-09-24: 2 problems
2026-10-06T16:16:45.8842414Z   2024-09-23: 2 problems
2026-10-06T16:16:46.1072866Z   2024-09-21: 2 problems
2026-10-06T16:16:46.4018902Z   2024-09-20: 2 problems
2026-10-06T16:16:46.6191554Z   2024-09-19: 2 problems
2026-10-06T16:16:46.8686762Z   2024-09-18: 2 problems
2026-10-06T16:16:47.1075281Z   2024-09-17: 2 problems
2026-10-06T16:16:47.4129311Z   2024-09-16: 2 problems
2026-10-06T16:16:47.6224901Z   2024-09-14: 2 problems
2026-10-06T16:16:47.8590945Z   2024-09-13: 2 problems
2026-10-06T16:16:48.0813422Z   2024-09-12: 2 problems
2026-10-06T16:16:48.3981340Z   2024-09-11: 2 problems
2026-10-06T16:16:48.6348948Z   2024-09-10: 2 problems
2026-10-06T16:16:48.8409305Z   2024-09-09: 2 problems
2026-10-06T16:16:49.0677924Z   2024-09-07: 2 problems
2026-10-06T16:16:49.2808370Z   2024-09-06: 2 problems
2026-10-06T16:16:49.4771396Z   2024-09-05: 2 problems
2026-10-06T16:16:49.6909074Z   2024-09-04: 2 problems
2026-10-06T16:16:49.9114977Z   2024-09-03: 2 problems
2026-10-06T16:16:50.1055239Z   2024-09-02: 2 problems
2026-10-06T16:16:50.3833485Z   2024-08-31: 2 problems
2026-10-06T16:16:50.6005562Z   2024-08-30: 2 problems
2026-10-06T16:16:50.8461302Z   2024-08-29: 2 problems
2026-10-06T16:16:51.0561543Z   2024-08-28: 2 problems
2026-10-06T16:16:51.2730754Z   2024-08-27: 2 problems
2026-10-06T16:16:51.4739212Z   2024-08-26: 2 problems
2026-10-06T16:16:51.7118987Z   2024-08-24: 2 problems
2026-10-06T16:16:51.9660036Z   2024-08-23: 2 problems
2026-10-06T16:16:52.2010649Z   2024-08-22: 2 problems
2026-10-06T16:16:52.5963703Z   2024-08-21: 2 problems
2026-10-06T16:16:52.8530183Z   2024-08-20: 2 problems
2026-10-06T16:16:53.0962247Z   2024-08-19: 2 problems
2026-10-06T16:16:53.3719839Z   2024-08-17: 2 problems
2026-10-06T16:16:53.5917730Z   2024-08-16: 2 problems
2026-10-06T16:16:53.8078404Z   2024-08-15: 2 problems
2026-10-06T16:16:54.1035863Z   2024-08-14: 2 problems
2026-10-06T16:16:54.3286096Z   2024-08-13: 2 problems
2026-10-06T16:16:54.5460591Z   2024-08-12: 2 problems
2026-10-06T16:16:54.7588613Z   2024-08-10: 2 problems
2026-10-06T16:16:55.0094496Z   2024-08-09: 2 problems
2026-10-06T16:16:55.3012563Z   2024-08-08: 2 problems
2026-10-06T16:16:55.5460711Z   2024-08-07: 2 problems
2026-10-06T16:16:55.7620982Z   2024-08-06: 2 problems
2026-10-06T16:16:56.0691298Z   2024-08-05: 2 problems
2026-10-06T16:16:56.3457612Z   2024-08-03: 2 problems
2026-10-06T16:16:56.7132961Z   2024-08-02: 2 problems
2026-10-06T16:16:56.9423359Z   2024-08-01: 2 problems
2026-10-06T16:16:57.1572536Z   2024-07-31: 2 problems
2026-10-06T16:16:57.4138418Z   2024-07-30: 2 problems
2026-10-06T16:16:57.6291519Z   2024-07-29: 2 problems
2026-10-06T16:16:57.8554663Z   2024-07-27: 2 problems
2026-10-06T16:16:58.0717611Z   2024-07-26: 2 problems
2026-10-06T16:16:58.2634385Z   2024-07-25: 2 problems
2026-10-06T16:16:58.5130553Z   2024-07-24: 2 problems
2026-10-06T16:16:58.7218427Z   2024-07-23: 2 problems
2026-10-06T16:16:58.9897787Z   2024-07-22: 2 problems
2026-10-06T16:16:59.2082638Z   2024-07-20: 2 problems
2026-10-06T16:16:59.4097495Z   2024-07-19: 2 problems
2026-10-06T16:16:59.6934526Z   2024-07-18: 2 problems
2026-10-06T16:16:59.9432826Z   2024-07-17: 2 problems
2026-10-06T16:17:00.1484592Z   2024-07-16: 2 problems
2026-10-06T16:17:00.4022592Z   2024-07-15: 2 problems
2026-10-06T16:17:00.6541909Z   2024-07-13: 2 problems
2026-10-06T16:17:00.8964863Z   2024-07-12: 2 problems
2026-10-06T16:17:01.1038593Z   2024-07-11: 2 problems
2026-10-06T16:17:01.3394876Z   2024-07-10: 2 problems
2026-10-06T16:17:01.6400885Z   2024-07-09: 2 problems
2026-10-06T16:17:01.8457741Z   2024-07-08: 2 problems
2026-10-06T16:17:02.0649785Z   2024-07-06: 2 problems
2026-10-06T16:17:02.2873398Z   2024-07-05: 2 problems
2026-10-06T16:17:02.5174726Z   2024-07-04: 2 problems
2026-10-06T16:17:02.7347831Z   2024-07-03: 2 problems
2026-10-06T16:17:02.9709323Z   2024-07-02: 2 problems
2026-10-06T16:17:03.2143485Z   2024-07-01: 2 problems
2026-10-06T16:17:03.4170102Z   2024-06-29: 2 problems
2026-10-06T16:17:03.7065831Z   2024-06-28: 2 problems
2026-10-06T16:17:03.9980770Z   2024-06-27: 2 problems
2026-10-06T16:17:04.2068032Z   2024-06-26: 2 problems
2026-10-06T16:17:04.4184980Z   2024-06-25: 2 problems
2026-10-06T16:17:04.6449409Z   2024-06-24: 2 problems
2026-10-06T16:17:04.8745260Z   2024-06-22: 2 problems
2026-10-06T16:17:05.1770938Z   2024-06-21: 2 problems
2026-10-06T16:17:05.3854516Z   2024-06-20: 2 problems
2026-10-06T16:17:05.6023367Z   2024-06-19: 2 problems
2026-10-06T16:17:05.7998468Z   2024-06-18: 2 problems
2026-10-06T16:17:06.0246624Z   2024-06-17: 2 problems
2026-10-06T16:17:06.2359941Z   2024-06-15: 2 problems
2026-10-06T16:17:06.4879411Z   2024-06-14: 2 problems
2026-10-06T16:17:06.6976747Z   2024-06-13: 2 problems
2026-10-06T16:17:06.9429038Z   2024-06-12: 2 problems
2026-10-06T16:17:07.1870739Z   2024-06-11: 2 problems
2026-10-06T16:17:07.4064623Z   2024-06-10: 2 problems
2026-10-06T16:17:07.6460871Z   2024-06-08: 2 problems
2026-10-06T16:17:07.8572679Z   2024-06-07: 2 problems
2026-10-06T16:17:08.0637512Z   2024-06-06: 2 problems
2026-10-06T16:17:08.2886344Z   2024-06-05: 2 problems
2026-10-06T16:17:08.5085092Z   2024-06-04: 2 problems
2026-10-06T16:17:08.7242631Z   2024-06-03: 2 problems
2026-10-06T16:17:08.9442955Z   2024-06-01: 2 problems
2026-10-06T16:17:09.1590320Z   2024-05-31: 2 problems
2026-10-06T16:17:09.3552467Z   2024-05-30: 2 problems
2026-10-06T16:17:09.5634190Z   2024-05-29: 2 problems
2026-10-06T16:17:09.8319206Z   2024-05-28: 2 problems
2026-10-06T16:17:10.0462189Z   2024-05-27: 2 problems
2026-10-06T16:17:10.2624691Z   2024-05-25: 2 problems
2026-10-06T16:17:10.4777308Z   2024-05-24: 2 problems
2026-10-06T16:17:10.6792798Z   2024-05-23: 2 problems
2026-10-06T16:17:10.8928555Z   2024-05-22: 2 problems
2026-10-06T16:17:11.0988065Z   2024-05-21: 2 problems
2026-10-06T16:17:11.3062585Z   2024-05-20: 2 problems
2026-10-06T16:17:11.5211729Z   2024-05-18: 2 problems
2026-10-06T16:17:11.7388697Z   2024-05-17: 2 problems
2026-10-06T16:17:11.9570190Z   2024-05-16: 2 problems
2026-10-06T16:17:12.1590875Z   2024-05-15: 2 problems
2026-10-06T16:17:12.3568525Z   2024-05-14: 2 problems
2026-10-06T16:17:12.6003585Z   2024-05-13: 2 problems
2026-10-06T16:17:12.8097397Z   2024-05-11: 2 problems
2026-10-06T16:17:13.1203714Z   2024-05-10: 2 problems
2026-10-06T16:17:13.3429651Z   2024-05-09: 2 problems
2026-10-06T16:17:13.5459986Z   2024-05-08: 2 problems
2026-10-06T16:17:13.7402550Z   2024-05-07: 2 problems
2026-10-06T16:17:13.9396688Z   2024-05-06: 2 problems
2026-10-06T16:17:14.1386905Z   2024-05-04: 2 problems
2026-10-06T16:17:14.3579112Z   2024-05-03: 2 problems
2026-10-06T16:17:14.5352353Z   2024-05-02: 2 problems
2026-10-06T16:17:14.8279063Z   2024-05-01: 2 problems
2026-10-06T16:17:15.0941928Z   2024-04-30: 2 problems
2026-10-06T16:17:15.2885985Z   2024-04-29: 2 problems
2026-10-06T16:17:15.4960190Z   2024-04-27: 2 problems
2026-10-06T16:17:15.7049830Z   2024-04-26: 2 problems
2026-10-06T16:17:15.9222193Z   2024-04-25: 2 problems
2026-10-06T16:17:16.2051287Z   2024-04-24: 2 problems
2026-10-06T16:17:16.4094732Z   2024-04-23: 2 problems
2026-10-06T16:17:16.5994792Z   2024-04-22: 2 problems
2026-10-06T16:17:16.7972274Z   2024-04-20: 2 problems
2026-10-06T16:17:17.0031526Z   2024-04-19: 2 problems
2026-10-06T16:17:17.1966067Z   2024-04-18: 2 problems
2026-10-06T16:17:17.3946473Z   2024-04-17: 2 problems
2026-10-06T16:17:17.5813000Z   2024-04-16: 2 problems
2026-10-06T16:17:17.7764279Z   2024-04-15: 2 problems
2026-10-06T16:17:18.0055880Z   2024-04-13: 2 problems
2026-10-06T16:17:18.2967635Z   2024-04-12: 2 problems
2026-10-06T16:17:18.5054087Z   2024-04-11: 2 problems
2026-10-06T16:17:18.7243549Z   2024-04-10: 2 problems
2026-10-06T16:17:18.9237584Z   2024-04-09: 2 problems
2026-10-06T16:17:19.1445215Z   2024-04-08: 2 problems
2026-10-06T16:17:19.3469942Z   2024-04-06: 2 problems
2026-10-06T16:17:19.5388176Z   2024-04-05: 2 problems
2026-10-06T16:17:19.7531661Z   2024-04-04: 2 problems
2026-10-06T16:17:19.9552625Z   2024-04-03: 2 problems
2026-10-06T16:17:20.1757459Z   2024-04-02: 2 problems
2026-10-06T16:17:20.3930569Z   2024-04-01: 2 problems
2026-10-06T16:17:20.5921964Z   2024-03-30: 2 problems
2026-10-06T16:17:20.8104012Z   2024-03-29: 2 problems
2026-10-06T16:17:21.0076836Z   2024-03-28: 2 problems
2026-10-06T16:17:21.1996350Z   2024-03-27: 2 problems
2026-10-06T16:17:21.4852785Z   2024-03-26: 2 problems
2026-10-06T16:17:21.7071725Z   2024-03-25: 2 problems
2026-10-06T16:17:21.9146746Z   2024-03-23: 2 problems
2026-10-06T16:17:22.1262022Z   2024-03-22: 2 problems
2026-10-06T16:17:22.3190704Z   2024-03-21: 2 problems
2026-10-06T16:17:22.5267407Z   2024-03-20: 2 problems
2026-10-06T16:17:22.7014803Z   2024-03-19: 2 problems
2026-10-06T16:17:22.9219672Z   2024-03-18: 2 problems
2026-10-06T16:17:23.0982194Z   2024-03-16: 2 problems
2026-10-06T16:17:23.3054535Z   2024-03-15: 2 problems
2026-10-06T16:17:23.5345623Z   2024-03-14: 2 problems
2026-10-06T16:17:23.7593120Z   2024-03-13: 2 problems
2026-10-06T16:17:23.9512871Z   2024-03-12: 2 problems
2026-10-06T16:17:24.2489757Z   2024-03-11: 2 problems
2026-10-06T16:17:24.4508604Z   2024-03-09: 2 problems
2026-10-06T16:17:24.6593426Z   2024-03-08: 2 problems
2026-10-06T16:17:24.8953283Z   2024-03-07: 2 problems
2026-10-06T16:17:25.0994701Z   2024-03-06: 2 problems
2026-10-06T16:17:25.3052693Z   2024-03-05: 2 problems
2026-10-06T16:17:25.5572026Z   2024-03-04: 2 problems
2026-10-06T16:17:25.7752553Z   2024-03-02: 2 problems
2026-10-06T16:17:25.9572695Z   2024-03-01: 2 problems
2026-10-06T16:17:26.1462827Z   2024-02-29: 2 problems
2026-10-06T16:17:26.3469805Z   2024-02-28: 2 problems
2026-10-06T16:17:26.6342425Z   2024-02-27: 2 problems
2026-10-06T16:17:26.9049624Z   2024-02-26: 2 problems
2026-10-06T16:17:26.9051470Z Building categories...
2026-10-06T16:17:28.8526455Z Wrote /home/runner/work/ys_problem_web/ys_problem_web/data/daily.json (816 days, 21 categories).
2026-10-06T16:17:28.8526844Z Syncing leaderboard (records.js from gh-pages)...
2026-10-06T16:17:28.9198385Z   ✓ 361 players, data through 2026-10-05 (unchanged)
2026-10-06T16:17:28.9198662Z LEADERBOARD-SYNC {"changed":false,"players":361,"currentDate":"2026-10-05"}
2026-10-06T16:17:28.9369348Z ##[group]Run if [ -n "f8122f4ae8e41e8cefde01c903947844fae72aec" ]; then
2026-10-06T16:17:28.9369651Z [36;1mif [ -n "f8122f4ae8e41e8cefde01c903947844fae72aec" ]; then[0m
2026-10-06T16:17:28.9369923Z [36;1m  echo "f8122f4ae8e41e8cefde01c903947844fae72aec" > data/.upstream-sha[0m
2026-10-06T16:17:28.9370156Z [36;1mfi[0m
2026-10-06T16:17:28.9370314Z [36;1mif [ -n "1639e142da3c59d59fe7bdb84dd2f2f366f497e6" ]; then[0m
2026-10-06T16:17:28.9370579Z [36;1m  echo "1639e142da3c59d59fe7bdb84dd2f2f366f497e6" > data/.leaderboard-sha[0m
2026-10-06T16:17:28.9370796Z [36;1mfi[0m
2026-10-06T16:17:28.9423883Z shell: /usr/bin/bash -e {0}
2026-10-06T16:17:28.9424029Z ##[endgroup]
2026-10-06T16:17:28.9517141Z ##[group]Run node scripts/push-data-branches.mjs --problems --misc --prune
2026-10-06T16:17:28.9517459Z [36;1mnode scripts/push-data-branches.mjs --problems --misc --prune[0m
2026-10-06T16:17:28.9517687Z [36;1mnode scripts/publish-deploy.mjs[0m
2026-10-06T16:17:28.9565332Z shell: /usr/bin/bash -e {0}
2026-10-06T16:17:28.9565474Z ##[endgroup]
2026-10-06T16:17:30.0293441Z data/problems: overlaid data/statements from remote tip
2026-10-06T16:17:31.4381389Z data/problems: pushed 1b1c886ede48
2026-10-06T16:17:33.2317030Z data/misc-2026-10-06: pushed 55a24a18f8f8
2026-10-06T16:17:33.5012161Z prune: no data/misc-* branch older than 60 days
2026-10-06T16:17:36.3976468Z deploy: force-pushed orphan 637aff8a0a5d (tree b79ce40fcf3a), replaced ab7060023a65
2026-10-06T16:17:36.4098378Z Post job cleanup.
2026-10-06T16:17:36.4632050Z [command]/usr/bin/git version
2026-10-06T16:17:36.4662195Z git version 2.55.0
2026-10-06T16:17:36.4685047Z Temporarily overriding HOME='/home/runner/work/_temp/4985cf3a-5e42-4fe3-b96e-93c9a9a9a495' before making global git config changes
2026-10-06T16:17:36.4685748Z Adding repository directory to the temporary git global config as a safe directory
2026-10-06T16:17:36.4689143Z [command]/usr/bin/git config --global --add safe.directory /home/runner/work/ys_problem_web/ys_problem_web
2026-10-06T16:17:36.4718966Z [command]/usr/bin/git config --local --name-only --get-regexp core\.sshCommand
2026-10-06T16:17:36.4744694Z [command]/usr/bin/git submodule foreach --recursive sh -c "git config --local --name-only --get-regexp 'core\.sshCommand' && git config --local --unset-all 'core.sshCommand' || :"
2026-10-06T16:17:36.4941464Z [command]/usr/bin/git config --local --name-only --get-regexp http\.https\:\/\/github\.com\/\.extraheader
2026-10-06T16:17:36.4966874Z http.https://github.com/.extraheader
2026-10-06T16:17:36.4973910Z [command]/usr/bin/git config --local --unset-all http.https://github.com/.extraheader
2026-10-06T16:17:36.5010350Z [command]/usr/bin/git submodule foreach --recursive sh -c "git config --local --name-only --get-regexp 'http\.https\:\/\/github\.com\/\.extraheader' && git config --local --unset-all 'http.https://github.com/.extraheader' || :"
2026-10-06T16:17:36.5208127Z [command]/usr/bin/git config --local --name-only --get-regexp ^includeIf\.gitdir:
2026-10-06T16:17:36.5238625Z [command]/usr/bin/git submodule foreach --recursive git config --local --show-origin --name-only --get-regexp remote.origin.url
2026-10-06T16:17:36.5526952Z Evaluate and set job outputs
2026-10-06T16:17:36.5531490Z Set output 'changed'
2026-10-06T16:17:36.5532462Z Set output 'lb_changed'
2026-10-06T16:17:36.5533237Z Cleaning up orphan processes
2026-10-06T16:17:36.5769834Z ##[warning]Node.js 20 is deprecated. The following actions target Node.js 20 but are being forced to run on Node.js 24: actions/checkout@v4. For more information see: https://github.blog/changelog/2025-09-19-deprecation-of-node-20-on-github-actions-runners/

