<!--YSLOG {"runId":37907102820,"event":"workflow_dispatch","startedAt":"2026-10-09T08:47:09Z","savedAt":"2026-10-09T09:02:11.238Z","url":"https://github.com/Sam5440/ys_problem_web/actions/runs/37907102820","jobName":"update"}-->
2026-10-09T08:47:10.3370727Z Current runner version: '2.337.0'
2026-10-09T08:47:10.3407110Z ##[group]Runner Image Provisioner
2026-10-09T08:47:10.3408447Z Hosted Compute Agent
2026-10-09T08:47:10.3409650Z Version: 20261002.596
2026-10-09T08:47:10.3411089Z Commit: c3d12f3313a95f25162a1503be624f3b0617f8c0
2026-10-09T08:47:10.3412482Z Build Date: 2026-10-02T22:28:27Z
2026-10-09T08:47:10.3413836Z Worker ID: {242e1ce5-0e84-4980-b198-42d3c6757c2b}
2026-10-09T08:47:10.3415259Z Region: eastus
2026-10-09T08:47:10.3416401Z Cloud: Azure
2026-10-09T08:47:10.3417376Z ##[endgroup]
2026-10-09T08:47:10.3419658Z ##[group]Operating System
2026-10-09T08:47:10.3421269Z Ubuntu
2026-10-09T08:47:10.3422229Z 24.04.5
2026-10-09T08:47:10.3423266Z LTS
2026-10-09T08:47:10.3424245Z ##[endgroup]
2026-10-09T08:47:10.3425335Z ##[group]Runner Image
2026-10-09T08:47:10.3426787Z Image: ubuntu-24.04
2026-10-09T08:47:10.3427874Z Version: 20261004.327.1
2026-10-09T08:47:10.3430155Z Included Software: https://github.com/actions/runner-images/blob/ubuntu24/20261004.327/images/ubuntu/Ubuntu2404-Readme.md
2026-10-09T08:47:10.3433451Z Image Release: https://github.com/actions/runner-images/releases/tag/ubuntu24%2F20261004.327
2026-10-09T08:47:10.3435300Z ##[endgroup]
2026-10-09T08:47:10.3437559Z ##[group]GITHUB_TOKEN Permissions
2026-10-09T08:47:10.3440863Z Actions: write
2026-10-09T08:47:10.3441939Z Contents: write
2026-10-09T08:47:10.3443058Z Metadata: read
2026-10-09T08:47:10.3444026Z ##[endgroup]
2026-10-09T08:47:10.3446936Z Secret source: Actions
2026-10-09T08:47:10.3448563Z Cache mode: write
2026-10-09T08:47:10.3450069Z Prepare workflow directory
2026-10-09T08:47:10.3921442Z Prepare all required actions
2026-10-09T08:47:10.3993229Z Getting action download info
2026-10-09T08:47:10.5976648Z Download action repository 'actions/checkout@v4' (SHA:11d5960a326750d5838078e36cf38b85af677262)
2026-10-09T08:47:10.7906191Z Complete job name: update
2026-10-09T08:47:10.8845932Z ##[group]Run actions/checkout@v4
2026-10-09T08:47:10.8846845Z with:
2026-10-09T08:47:10.8847325Z   repository: Sam5440/ys_problem_web
2026-10-09T08:47:10.8851753Z   token: ***
2026-10-09T08:47:10.8852220Z   ssh-strict: true
2026-10-09T08:47:10.8852674Z   ssh-user: git
2026-10-09T08:47:10.8853197Z   persist-credentials: true
2026-10-09T08:47:10.8853714Z   clean: true
2026-10-09T08:47:10.8854191Z   sparse-checkout-cone-mode: true
2026-10-09T08:47:10.8854728Z   fetch-depth: 1
2026-10-09T08:47:10.8855198Z   fetch-tags: false
2026-10-09T08:47:10.8855655Z   show-progress: true
2026-10-09T08:47:10.8856126Z   lfs: false
2026-10-09T08:47:10.8856573Z   submodules: false
2026-10-09T08:47:10.8857044Z   set-safe-directory: true
2026-10-09T08:47:10.8857576Z   allow-unsafe-pr-checkout: false
2026-10-09T08:47:10.8858427Z ##[endgroup]
2026-10-09T08:47:10.9881332Z Syncing repository: Sam5440/ys_problem_web
2026-10-09T08:47:10.9884152Z ##[group]Getting Git version info
2026-10-09T08:47:10.9885505Z Working directory is '/home/runner/work/ys_problem_web/ys_problem_web'
2026-10-09T08:47:10.9887676Z [command]/usr/bin/git version
2026-10-09T08:47:11.0004288Z git version 2.55.0
2026-10-09T08:47:11.0036361Z ##[endgroup]
2026-10-09T08:47:11.0048674Z Temporarily overriding HOME='/home/runner/work/_temp/140d967c-f49e-4073-884a-bc3425bc123c' before making global git config changes
2026-10-09T08:47:11.0051334Z Adding repository directory to the temporary git global config as a safe directory
2026-10-09T08:47:11.0054737Z [command]/usr/bin/git config --global --add safe.directory /home/runner/work/ys_problem_web/ys_problem_web
2026-10-09T08:47:11.0108623Z Deleting the contents of '/home/runner/work/ys_problem_web/ys_problem_web'
2026-10-09T08:47:11.0119169Z ##[group]Initializing the repository
2026-10-09T08:47:11.0127530Z [command]/usr/bin/git init /home/runner/work/ys_problem_web/ys_problem_web
2026-10-09T08:47:11.0232270Z hint: Using 'master' as the name for the initial branch. This default branch name
2026-10-09T08:47:11.0234168Z hint: will change to "main" in Git 3.0. To configure the initial branch name
2026-10-09T08:47:11.0237367Z hint: to use in all of your new repositories, which will suppress this warning,
2026-10-09T08:47:11.0239270Z hint: call:
2026-10-09T08:47:11.0240811Z hint:
2026-10-09T08:47:11.0241956Z hint: 	git config --global init.defaultBranch <name>
2026-10-09T08:47:11.0243104Z hint:
2026-10-09T08:47:11.0244140Z hint: Names commonly chosen instead of 'master' are 'main', 'trunk' and
2026-10-09T08:47:11.0245745Z hint: 'development'. The just-created branch can be renamed via this command:
2026-10-09T08:47:11.0247135Z hint:
2026-10-09T08:47:11.0247992Z hint: 	git branch -m <name>
2026-10-09T08:47:11.0249029Z hint:
2026-10-09T08:47:11.0250275Z hint: Disable this message with "git config set advice.defaultBranchName false"
2026-10-09T08:47:11.0252506Z Initialized empty Git repository in /home/runner/work/ys_problem_web/ys_problem_web/.git/
2026-10-09T08:47:11.0255575Z [command]/usr/bin/git remote add origin https://github.com/Sam5440/ys_problem_web
2026-10-09T08:47:11.0304602Z ##[endgroup]
2026-10-09T08:47:11.0305954Z ##[group]Disabling automatic garbage collection
2026-10-09T08:47:11.0309467Z [command]/usr/bin/git config --local gc.auto 0
2026-10-09T08:47:11.0346191Z ##[endgroup]
2026-10-09T08:47:11.0347871Z ##[group]Setting up auth
2026-10-09T08:47:11.0354928Z [command]/usr/bin/git config --local --name-only --get-regexp core\.sshCommand
2026-10-09T08:47:11.0397358Z [command]/usr/bin/git submodule foreach --recursive sh -c "git config --local --name-only --get-regexp 'core\.sshCommand' && git config --local --unset-all 'core.sshCommand' || :"
2026-10-09T08:47:11.0792561Z [command]/usr/bin/git config --local --name-only --get-regexp http\.https\:\/\/github\.com\/\.extraheader
2026-10-09T08:47:11.0830092Z [command]/usr/bin/git submodule foreach --recursive sh -c "git config --local --name-only --get-regexp 'http\.https\:\/\/github\.com\/\.extraheader' && git config --local --unset-all 'http.https://github.com/.extraheader' || :"
2026-10-09T08:47:11.1057743Z [command]/usr/bin/git config --local --name-only --get-regexp ^includeIf\.gitdir:
2026-10-09T08:47:11.1096075Z [command]/usr/bin/git submodule foreach --recursive git config --local --show-origin --name-only --get-regexp remote.origin.url
2026-10-09T08:47:11.1324555Z [command]/usr/bin/git config --local http.https://github.com/.extraheader AUTHORIZATION: basic ***
2026-10-09T08:47:11.1366308Z ##[endgroup]
2026-10-09T08:47:11.1367773Z ##[group]Fetching the repository
2026-10-09T08:47:11.1377978Z [command]/usr/bin/git -c protocol.version=2 fetch --no-tags --prune --no-recurse-submodules --depth=1 origin +f785e0c7bfb5527f20647472b37af6c16be49b05:refs/remotes/origin/main
2026-10-09T08:47:11.3683895Z From https://github.com/Sam5440/ys_problem_web
2026-10-09T08:47:11.3686253Z  * [new ref]         f785e0c7bfb5527f20647472b37af6c16be49b05 -> origin/main
2026-10-09T08:47:11.3691779Z ##[endgroup]
2026-10-09T08:47:11.3694130Z ##[group]Determining the checkout info
2026-10-09T08:47:11.3696669Z ##[endgroup]
2026-10-09T08:47:11.3698562Z [command]/usr/bin/git sparse-checkout disable
2026-10-09T08:47:11.3765265Z [command]/usr/bin/git config --local --unset-all extensions.worktreeConfig
2026-10-09T08:47:11.3807997Z ##[group]Checking out the ref
2026-10-09T08:47:11.3812776Z [command]/usr/bin/git checkout --progress --force -B main refs/remotes/origin/main
2026-10-09T08:47:11.3966984Z Switched to a new branch 'main'
2026-10-09T08:47:11.3973809Z branch 'main' set up to track 'origin/main'.
2026-10-09T08:47:11.3979141Z ##[endgroup]
2026-10-09T08:47:11.4024875Z [command]/usr/bin/git log -1 --format=%H
2026-10-09T08:47:11.4051559Z f785e0c7bfb5527f20647472b37af6c16be49b05
2026-10-09T08:47:11.4311718Z ##[group]Run node scripts/restore-data.mjs --misc --runtime
2026-10-09T08:47:11.4312796Z [36;1mnode scripts/restore-data.mjs --misc --runtime[0m
2026-10-09T08:47:11.4626705Z shell: /usr/bin/bash -e {0}
2026-10-09T08:47:11.4627478Z ##[endgroup]
2026-10-09T08:47:12.2959835Z misc: restored data/leaderboard.json, data/.upstream-sha, data/.leaderboard-sha, data/.history-backfill-failed.json, public/ci-logs from data/misc-2026-10-08
2026-10-09T08:47:16.3447978Z runtime: restored public/compiler from data/runtime
2026-10-09T08:47:16.3623807Z ##[group]Run CHANGED=false
2026-10-09T08:47:16.3624216Z [36;1mCHANGED=false[0m
2026-10-09T08:47:16.3624520Z [36;1mLB_CHANGED=false[0m
2026-10-09T08:47:16.3625205Z [36;1mif UPSTREAM_SHA=$(git ls-remote https://github.com/Yawn-Sean/Daily_CF_Problems.git HEAD | cut -f1) && [ -n "$UPSTREAM_SHA" ]; then[0m
2026-10-09T08:47:16.3625974Z [36;1m  LAST_SHA=$(cat data/.upstream-sha 2>/dev/null || true)[0m
2026-10-09T08:47:16.3626434Z [36;1m  [ "$UPSTREAM_SHA" != "$LAST_SHA" ] && CHANGED=true[0m
2026-10-09T08:47:16.3626799Z [36;1melse[0m
2026-10-09T08:47:16.3627181Z [36;1m  # check itself failed — fall through to a full run (safe fallback)[0m
2026-10-09T08:47:16.3627642Z [36;1m  CHANGED=true[0m
2026-10-09T08:47:16.3627938Z [36;1mfi[0m
2026-10-09T08:47:16.3628350Z [36;1m# empty output = gh-pages missing → nothing to sync; a failure here[0m
2026-10-09T08:47:16.3628884Z [36;1m# is covered by the main-branch fallback above (same network)[0m
2026-10-09T08:47:16.3629602Z [36;1mLB_SHA=$(git ls-remote https://github.com/Yawn-Sean/Daily_CF_Problems.git gh-pages | cut -f1 || true)[0m
2026-10-09T08:47:16.3630196Z [36;1mif [ -n "$LB_SHA" ]; then[0m
2026-10-09T08:47:16.3630971Z [36;1m  LAST_LB_SHA=$(cat data/.leaderboard-sha 2>/dev/null || true)[0m
2026-10-09T08:47:16.3631450Z [36;1m  [ "$LB_SHA" != "$LAST_LB_SHA" ] && LB_CHANGED=true[0m
2026-10-09T08:47:16.3631816Z [36;1mfi[0m
2026-10-09T08:47:16.3632113Z [36;1mecho "changed=$CHANGED" >> "$GITHUB_OUTPUT"[0m
2026-10-09T08:47:16.3632526Z [36;1mecho "lb_changed=$LB_CHANGED" >> "$GITHUB_OUTPUT"[0m
2026-10-09T08:47:16.3632937Z [36;1mecho "sha=$UPSTREAM_SHA" >> "$GITHUB_OUTPUT"[0m
2026-10-09T08:47:16.3633331Z [36;1mecho "lb_sha=$LB_SHA" >> "$GITHUB_OUTPUT"[0m
2026-10-09T08:47:16.3700880Z shell: /usr/bin/bash -e {0}
2026-10-09T08:47:16.3701228Z ##[endgroup]
2026-10-09T08:47:16.7896760Z ##[group]Run node scripts/restore-data.mjs --statements --daily --runtime
2026-10-09T08:47:16.7897346Z [36;1mnode scripts/restore-data.mjs --statements --daily --runtime[0m
2026-10-09T08:47:16.7963164Z shell: /usr/bin/bash -e {0}
2026-10-09T08:47:16.7963442Z ##[endgroup]
2026-10-09T08:47:17.7807070Z statements: restored data/statements from data/problems
2026-10-09T08:47:19.0572183Z daily: restored data/daily.json from deploy
2026-10-09T08:47:19.9117085Z runtime: restored public/compiler from data/runtime
2026-10-09T08:47:19.9193223Z ##[group]Run npm ci
2026-10-09T08:47:19.9193527Z [36;1mnpm ci[0m
2026-10-09T08:47:19.9256523Z shell: /usr/bin/bash -e {0}
2026-10-09T08:47:19.9256825Z ##[endgroup]
2026-10-09T08:47:31.5227366Z 
2026-10-09T08:47:31.5228026Z added 71 packages, and audited 72 packages in 11s
2026-10-09T08:47:31.5228511Z 
2026-10-09T08:47:31.5228826Z 14 packages are looking for funding
2026-10-09T08:47:31.5235997Z   run `npm fund` for details
2026-10-09T08:47:31.5576275Z 
2026-10-09T08:47:31.5577264Z 5 vulnerabilities (3 low, 1 moderate, 1 high)
2026-10-09T08:47:31.5578343Z 
2026-10-09T08:47:31.5579126Z To address all issues (including breaking changes), run:
2026-10-09T08:47:31.5580247Z   npm audit fix --force
2026-10-09T08:47:31.5581206Z 
2026-10-09T08:47:31.5581718Z Run `npm audit` for details.
2026-10-09T08:47:31.6262222Z ##[group]Run npx playwright install --with-deps chromium
2026-10-09T08:47:31.6262954Z [36;1mnpx playwright install --with-deps chromium[0m
2026-10-09T08:47:31.6346181Z shell: /usr/bin/bash -e {0}
2026-10-09T08:47:31.6346620Z ##[endgroup]
2026-10-09T08:47:32.4595465Z Installing dependencies...
2026-10-09T08:47:32.4658185Z Switching to root user to install dependencies...
2026-10-09T08:47:32.5508740Z Get:1 file:/etc/apt/apt-mirrors.txt Mirrorlist [144 B]
2026-10-09T08:47:32.5917669Z Get:6 https://packages.microsoft.com/ubuntu/24.04/prod noble InRelease [3600 B]
2026-10-09T08:47:32.6109297Z Hit:2 http://azure.archive.ubuntu.com/ubuntu noble InRelease
2026-10-09T08:47:32.6117889Z Get:3 http://azure.archive.ubuntu.com/ubuntu noble-updates InRelease [126 kB]
2026-10-09T08:47:32.6177872Z Get:4 http://azure.archive.ubuntu.com/ubuntu noble-backports InRelease [126 kB]
2026-10-09T08:47:32.6231669Z Get:5 http://azure.archive.ubuntu.com/ubuntu noble-security InRelease [126 kB]
2026-10-09T08:47:32.6739928Z Get:7 https://packages.microsoft.com/ubuntu/24.04/prod noble/main armhf Packages [12.3 kB]
2026-10-09T08:47:32.6892898Z Get:8 https://packages.microsoft.com/ubuntu/24.04/prod noble/main all Packages [640 B]
2026-10-09T08:47:32.6923480Z Get:9 https://packages.microsoft.com/ubuntu/24.04/prod noble/main amd64 Packages [531 kB]
2026-10-09T08:47:32.7043265Z Get:10 https://packages.microsoft.com/ubuntu/24.04/prod noble/main arm64 Packages [475 kB]
2026-10-09T08:47:32.7922974Z Get:11 http://azure.archive.ubuntu.com/ubuntu noble-updates/main amd64 Packages [1375 kB]
2026-10-09T08:47:32.8063353Z Get:12 http://azure.archive.ubuntu.com/ubuntu noble-updates/main Translation-en [306 kB]
2026-10-09T08:47:32.8072242Z Get:13 http://azure.archive.ubuntu.com/ubuntu noble-updates/universe amd64 Packages [1702 kB]
2026-10-09T08:47:32.8149718Z Get:14 http://azure.archive.ubuntu.com/ubuntu noble-updates/universe Translation-en [342 kB]
2026-10-09T08:47:32.8182955Z Get:15 http://azure.archive.ubuntu.com/ubuntu noble-updates/restricted amd64 Packages [1761 kB]
2026-10-09T08:47:32.8288314Z Get:16 http://azure.archive.ubuntu.com/ubuntu noble-updates/restricted Translation-en [401 kB]
2026-10-09T08:47:32.8329290Z Get:17 http://azure.archive.ubuntu.com/ubuntu noble-updates/multiverse amd64 Packages [55.0 kB]
2026-10-09T08:47:32.8341997Z Get:18 http://azure.archive.ubuntu.com/ubuntu noble-updates/multiverse Translation-en [14.3 kB]
2026-10-09T08:47:32.9093598Z Get:19 http://azure.archive.ubuntu.com/ubuntu noble-security/main amd64 Packages [1118 kB]
2026-10-09T08:47:32.9155291Z Get:20 http://azure.archive.ubuntu.com/ubuntu noble-security/main Translation-en [228 kB]
2026-10-09T08:47:32.9591676Z Get:21 http://azure.archive.ubuntu.com/ubuntu noble-security/universe amd64 Packages [1220 kB]
2026-10-09T08:47:32.9654302Z Get:22 http://azure.archive.ubuntu.com/ubuntu noble-security/universe Translation-en [245 kB]
2026-10-09T08:47:32.9764074Z Get:23 http://azure.archive.ubuntu.com/ubuntu noble-security/restricted amd64 Packages [1667 kB]
2026-10-09T08:47:32.9846025Z Get:24 http://azure.archive.ubuntu.com/ubuntu noble-security/restricted Translation-en [383 kB]
2026-10-09T08:47:32.9873780Z Get:25 http://azure.archive.ubuntu.com/ubuntu noble-security/multiverse amd64 Packages [49.8 kB]
2026-10-09T08:47:32.9887816Z Get:26 http://azure.archive.ubuntu.com/ubuntu noble-security/multiverse Translation-en [12.4 kB]
2026-10-09T08:47:35.9985719Z Fetched 12.3 MB in 1s (9580 kB/s)
2026-10-09T08:47:36.8773438Z Reading package lists...
2026-10-09T08:47:36.9014625Z Reading package lists...
2026-10-09T08:47:37.1102976Z Building dependency tree...
2026-10-09T08:47:37.1110487Z Reading state information...
2026-10-09T08:47:37.2658944Z libasound2t64 is already the newest version (1.2.11-1ubuntu0.3).
2026-10-09T08:47:37.2659981Z libasound2t64 set to manually installed.
2026-10-09T08:47:37.2661205Z libatk-bridge2.0-0t64 is already the newest version (2.52.0-1build1).
2026-10-09T08:47:37.2662145Z libatk-bridge2.0-0t64 set to manually installed.
2026-10-09T08:47:37.2663604Z libatk1.0-0t64 is already the newest version (2.52.0-1build1).
2026-10-09T08:47:37.2664517Z libatk1.0-0t64 set to manually installed.
2026-10-09T08:47:37.2665276Z libatspi2.0-0t64 is already the newest version (2.52.0-1build1).
2026-10-09T08:47:37.2666095Z libatspi2.0-0t64 set to manually installed.
2026-10-09T08:47:37.2666623Z libcairo2 is already the newest version (1.18.0-3build1).
2026-10-09T08:47:37.2667122Z libcairo2 set to manually installed.
2026-10-09T08:47:37.2667535Z libcups2t64 is already the newest version (2.4.7-1.2ubuntu7.14).
2026-10-09T08:47:37.2667951Z libcups2t64 set to manually installed.
2026-10-09T08:47:37.2668336Z libdbus-1-3 is already the newest version (1.14.10-4ubuntu4.1).
2026-10-09T08:47:37.2668734Z libdbus-1-3 set to manually installed.
2026-10-09T08:47:37.2669316Z libdrm2 is already the newest version (2.4.125-1ubuntu0.1~24.04.2).
2026-10-09T08:47:37.2669725Z libdrm2 set to manually installed.
2026-10-09T08:47:37.2670100Z libgbm1 is already the newest version (25.2.8-0ubuntu0.24.04.4).
2026-10-09T08:47:37.2670848Z libgbm1 set to manually installed.
2026-10-09T08:47:37.2671229Z libglib2.0-0t64 is already the newest version (2.80.0-6ubuntu3.9).
2026-10-09T08:47:37.2671653Z libglib2.0-0t64 set to manually installed.
2026-10-09T08:47:37.2672030Z libnspr4 is already the newest version (2:4.35-1.1build1).
2026-10-09T08:47:37.2672409Z libnspr4 set to manually installed.
2026-10-09T08:47:37.2672761Z libnss3 is already the newest version (2:3.98-1ubuntu0.2).
2026-10-09T08:47:37.2673135Z libnss3 set to manually installed.
2026-10-09T08:47:37.2673508Z libpango-1.0-0 is already the newest version (1.52.1+ds-1build1).
2026-10-09T08:47:37.2673919Z libpango-1.0-0 set to manually installed.
2026-10-09T08:47:37.2674289Z libx11-6 is already the newest version (2:1.8.7-1build1).
2026-10-09T08:47:37.2674676Z libx11-6 set to manually installed.
2026-10-09T08:47:37.2675022Z libxcb1 is already the newest version (1.15-1ubuntu2).
2026-10-09T08:47:37.2675390Z libxcb1 set to manually installed.
2026-10-09T08:47:37.2675772Z libxcomposite1 is already the newest version (1:0.4.5-1build3).
2026-10-09T08:47:37.2676198Z libxcomposite1 set to manually installed.
2026-10-09T08:47:37.2676592Z libxdamage1 is already the newest version (1:1.1.6-1build1).
2026-10-09T08:47:37.2676987Z libxdamage1 set to manually installed.
2026-10-09T08:47:37.2677361Z libxext6 is already the newest version (2:1.3.4-1build2).
2026-10-09T08:47:37.2677741Z libxext6 set to manually installed.
2026-10-09T08:47:37.2678099Z libxfixes3 is already the newest version (1:6.0.0-2build1).
2026-10-09T08:47:37.2678441Z libxfixes3 set to manually installed.
2026-10-09T08:47:37.2678772Z libxkbcommon0 is already the newest version (1.6.0-1build1).
2026-10-09T08:47:37.2679126Z libxkbcommon0 set to manually installed.
2026-10-09T08:47:37.2679466Z libxrandr2 is already the newest version (2:1.5.2-2build1).
2026-10-09T08:47:37.2679804Z libxrandr2 set to manually installed.
2026-10-09T08:47:37.2680125Z xvfb is already the newest version (2:21.1.12-1ubuntu1.8).
2026-10-09T08:47:37.2680846Z fonts-noto-color-emoji is already the newest version (2.047-0ubuntu0.24.04.1).
2026-10-09T08:47:37.2681337Z libfontconfig1 is already the newest version (2.15.0-1.1ubuntu2).
2026-10-09T08:47:37.2681709Z libfontconfig1 set to manually installed.
2026-10-09T08:47:37.2682051Z fonts-liberation is already the newest version (1:2.1.5-3).
2026-10-09T08:47:37.2682408Z fonts-liberation set to manually installed.
2026-10-09T08:47:37.2682748Z The following additional packages will be installed:
2026-10-09T08:47:37.2683081Z   xfonts-encodings xfonts-utils
2026-10-09T08:47:37.2683351Z Recommended packages:
2026-10-09T08:47:37.2683603Z   fonts-ipafont-mincho fonts-tlwg-loma
2026-10-09T08:47:37.2863012Z The following NEW packages will be installed:
2026-10-09T08:47:37.2863614Z   fonts-freefont-ttf fonts-ipafont-gothic fonts-tlwg-loma-otf fonts-unifont
2026-10-09T08:47:37.2869494Z   fonts-wqy-zenhei xfonts-cyrillic xfonts-encodings xfonts-scalable
2026-10-09T08:47:37.2870265Z   xfonts-utils
2026-10-09T08:47:37.2874090Z The following packages will be upgraded:
2026-10-09T08:47:37.2878627Z   libfreetype6
2026-10-09T08:47:37.3044007Z 1 upgraded, 9 newly installed, 0 to remove and 22 not upgraded.
2026-10-09T08:47:37.3044479Z Need to get 21.5 MB of archives.
2026-10-09T08:47:37.3044872Z After this operation, 79.5 MB of additional disk space will be used.
2026-10-09T08:47:37.3045530Z Get:1 file:/etc/apt/apt-mirrors.txt Mirrorlist [144 B]
2026-10-09T08:47:37.3355919Z Get:2 http://azure.archive.ubuntu.com/ubuntu noble/universe amd64 fonts-ipafont-gothic all 00303-21ubuntu1 [3513 kB]
2026-10-09T08:47:37.3754005Z Get:3 http://azure.archive.ubuntu.com/ubuntu noble/main amd64 fonts-freefont-ttf all 20211204+svn4273-2 [5641 kB]
2026-10-09T08:47:37.4225393Z Get:4 http://azure.archive.ubuntu.com/ubuntu noble/universe amd64 fonts-tlwg-loma-otf all 1:0.7.3-1 [107 kB]
2026-10-09T08:47:37.4380986Z Get:5 http://azure.archive.ubuntu.com/ubuntu noble/universe amd64 fonts-unifont all 1:15.1.01-1build1 [2993 kB]
2026-10-09T08:47:37.4687246Z Get:6 http://azure.archive.ubuntu.com/ubuntu noble/universe amd64 fonts-wqy-zenhei all 0.9.45-8 [7472 kB]
2026-10-09T08:47:37.5230144Z Get:7 http://azure.archive.ubuntu.com/ubuntu noble-updates/main amd64 libfreetype6 amd64 2.13.2+dfsg-1ubuntu0.2 [403 kB]
2026-10-09T08:47:37.5396885Z Get:8 http://azure.archive.ubuntu.com/ubuntu noble/main amd64 xfonts-encodings all 1:1.0.5-0ubuntu2 [578 kB]
2026-10-09T08:47:37.5572159Z Get:9 http://azure.archive.ubuntu.com/ubuntu noble/main amd64 xfonts-utils amd64 1:7.7+6build3 [94.4 kB]
2026-10-09T08:47:37.5741732Z Get:10 http://azure.archive.ubuntu.com/ubuntu noble/universe amd64 xfonts-cyrillic all 1:1.0.5+nmu1 [384 kB]
2026-10-09T08:47:37.6002912Z Get:11 http://azure.archive.ubuntu.com/ubuntu noble/main amd64 xfonts-scalable all 1:1.0.3-1.3 [304 kB]
2026-10-09T08:47:37.8626385Z Fetched 21.5 MB in 0s (69.7 MB/s)
2026-10-09T08:47:37.8858430Z Selecting previously unselected package fonts-ipafont-gothic.
2026-10-09T08:47:37.9160235Z (Reading database ... 
2026-10-09T08:47:37.9161298Z (Reading database ... 5%
2026-10-09T08:47:37.9161620Z (Reading database ... 10%
2026-10-09T08:47:37.9161917Z (Reading database ... 15%
2026-10-09T08:47:37.9162205Z (Reading database ... 20%
2026-10-09T08:47:37.9162485Z (Reading database ... 25%
2026-10-09T08:47:37.9162771Z (Reading database ... 30%
2026-10-09T08:47:37.9163069Z (Reading database ... 35%
2026-10-09T08:47:37.9163400Z (Reading database ... 40%
2026-10-09T08:47:37.9163754Z (Reading database ... 45%
2026-10-09T08:47:37.9164043Z (Reading database ... 50%
2026-10-09T08:47:37.9211087Z (Reading database ... 55%
2026-10-09T08:47:38.0007540Z (Reading database ... 60%
2026-10-09T08:47:38.1995696Z (Reading database ... 65%
2026-10-09T08:47:38.3871066Z (Reading database ... 70%
2026-10-09T08:47:38.5519292Z (Reading database ... 75%
2026-10-09T08:47:38.6966434Z (Reading database ... 80%
2026-10-09T08:47:38.8962322Z (Reading database ... 85%
2026-10-09T08:47:39.1032519Z (Reading database ... 90%
2026-10-09T08:47:39.2556523Z (Reading database ... 95%
2026-10-09T08:47:39.2557117Z (Reading database ... 100%
2026-10-09T08:47:39.2557838Z (Reading database ... 203191 files and directories currently installed.)
2026-10-09T08:47:39.2600818Z Preparing to unpack .../0-fonts-ipafont-gothic_00303-21ubuntu1_all.deb ...
2026-10-09T08:47:39.2692243Z Unpacking fonts-ipafont-gothic (00303-21ubuntu1) ...
2026-10-09T08:47:39.5001212Z Selecting previously unselected package fonts-freefont-ttf.
2026-10-09T08:47:39.5126160Z Preparing to unpack .../1-fonts-freefont-ttf_20211204+svn4273-2_all.deb ...
2026-10-09T08:47:39.5133079Z Unpacking fonts-freefont-ttf (20211204+svn4273-2) ...
2026-10-09T08:47:39.5901295Z Selecting previously unselected package fonts-tlwg-loma-otf.
2026-10-09T08:47:39.6025357Z Preparing to unpack .../2-fonts-tlwg-loma-otf_1%3a0.7.3-1_all.deb ...
2026-10-09T08:47:39.6033009Z Unpacking fonts-tlwg-loma-otf (1:0.7.3-1) ...
2026-10-09T08:47:39.6261374Z Selecting previously unselected package fonts-unifont.
2026-10-09T08:47:39.6384984Z Preparing to unpack .../3-fonts-unifont_1%3a15.1.01-1build1_all.deb ...
2026-10-09T08:47:39.6392940Z Unpacking fonts-unifont (1:15.1.01-1build1) ...
2026-10-09T08:47:39.7448159Z Selecting previously unselected package fonts-wqy-zenhei.
2026-10-09T08:47:39.7575933Z Preparing to unpack .../4-fonts-wqy-zenhei_0.9.45-8_all.deb ...
2026-10-09T08:47:39.7676839Z Unpacking fonts-wqy-zenhei (0.9.45-8) ...
2026-10-09T08:47:40.2487710Z Preparing to unpack .../5-libfreetype6_2.13.2+dfsg-1ubuntu0.2_amd64.deb ...
2026-10-09T08:47:40.2535031Z Unpacking libfreetype6:amd64 (2.13.2+dfsg-1ubuntu0.2) over (2.13.2+dfsg-1ubuntu0.1) ...
2026-10-09T08:47:40.2827451Z Selecting previously unselected package xfonts-encodings.
2026-10-09T08:47:40.2954259Z Preparing to unpack .../6-xfonts-encodings_1%3a1.0.5-0ubuntu2_all.deb ...
2026-10-09T08:47:40.2964765Z Unpacking xfonts-encodings (1:1.0.5-0ubuntu2) ...
2026-10-09T08:47:40.3247569Z Selecting previously unselected package xfonts-utils.
2026-10-09T08:47:40.3372737Z Preparing to unpack .../7-xfonts-utils_1%3a7.7+6build3_amd64.deb ...
2026-10-09T08:47:40.3380181Z Unpacking xfonts-utils (1:7.7+6build3) ...
2026-10-09T08:47:40.3763140Z Selecting previously unselected package xfonts-cyrillic.
2026-10-09T08:47:40.3891369Z Preparing to unpack .../8-xfonts-cyrillic_1%3a1.0.5+nmu1_all.deb ...
2026-10-09T08:47:40.3934331Z Unpacking xfonts-cyrillic (1:1.0.5+nmu1) ...
2026-10-09T08:47:40.4275599Z Selecting previously unselected package xfonts-scalable.
2026-10-09T08:47:40.4402398Z Preparing to unpack .../9-xfonts-scalable_1%3a1.0.3-1.3_all.deb ...
2026-10-09T08:47:40.4411329Z Unpacking xfonts-scalable (1:1.0.3-1.3) ...
2026-10-09T08:47:40.4836550Z Setting up fonts-wqy-zenhei (0.9.45-8) ...
2026-10-09T08:47:40.4961482Z Setting up fonts-freefont-ttf (20211204+svn4273-2) ...
2026-10-09T08:47:40.4981368Z Setting up fonts-tlwg-loma-otf (1:0.7.3-1) ...
2026-10-09T08:47:40.5025814Z Setting up libfreetype6:amd64 (2.13.2+dfsg-1ubuntu0.2) ...
2026-10-09T08:47:40.5043817Z Setting up xfonts-encodings (1:1.0.5-0ubuntu2) ...
2026-10-09T08:47:40.5062062Z Setting up fonts-ipafont-gothic (00303-21ubuntu1) ...
2026-10-09T08:47:40.5127931Z update-alternatives: using /usr/share/fonts/opentype/ipafont-gothic/ipag.ttf to provide /usr/share/fonts/truetype/fonts-japanese-gothic.ttf (fonts-japanese-gothic.ttf) in auto mode
2026-10-09T08:47:40.5142507Z Setting up fonts-unifont (1:15.1.01-1build1) ...
2026-10-09T08:47:40.5165527Z Setting up xfonts-utils (1:7.7+6build3) ...
2026-10-09T08:47:40.5204402Z Setting up xfonts-cyrillic (1:1.0.5+nmu1) ...
2026-10-09T08:47:40.5482871Z Setting up xfonts-scalable (1:1.0.3-1.3) ...
2026-10-09T08:47:40.5757075Z Processing triggers for libc-bin (2.39-0ubuntu8.9) ...
2026-10-09T08:47:40.6100807Z Processing triggers for man-db (2.12.0-4build2) ...
2026-10-09T08:47:40.6145337Z Not building database; man-db/auto-update is not 'true'.
2026-10-09T08:47:40.6158600Z Processing triggers for fontconfig (2.15.0-1.1ubuntu2) ...
2026-10-09T08:47:41.3577048Z 
2026-10-09T08:47:41.3577684Z Running kernel seems to be up-to-date.
2026-10-09T08:47:41.3578106Z 
2026-10-09T08:47:41.3578260Z Restarting services...
2026-10-09T08:47:41.3653338Z  systemctl restart php8.3-fpm.service
2026-10-09T08:47:41.4672695Z 
2026-10-09T08:47:41.4674135Z No containers need to be restarted.
2026-10-09T08:47:41.4674552Z 
2026-10-09T08:47:41.4674798Z No user sessions are running outdated binaries.
2026-10-09T08:47:41.4675221Z 
2026-10-09T08:47:41.4675606Z No VM guests are running outdated hypervisor (qemu) binaries on this host.
2026-10-09T08:47:42.4141881Z Downloading Chrome for Testing 153.0.8010.12 (playwright chromium v1243) from https://cdn.playwright.dev/builds/cft/153.0.8010.12/linux64/chrome-linux64.zip
2026-10-09T08:47:42.7935845Z |                                                                                |   0% of 186.8 MiB
2026-10-09T08:47:43.0092167Z |■■■■■■■■                                                                        |  10% of 186.8 MiB
2026-10-09T08:47:43.1176396Z |■■■■■■■■■■■■■■■■                                                                |  20% of 186.8 MiB
2026-10-09T08:47:43.1953160Z |■■■■■■■■■■■■■■■■■■■■■■■■                                                        |  30% of 186.8 MiB
2026-10-09T08:47:43.2607437Z |■■■■■■■■■■■■■■■■■■■■■■■■■■■■■■■■                                                |  40% of 186.8 MiB
2026-10-09T08:47:43.3302442Z |■■■■■■■■■■■■■■■■■■■■■■■■■■■■■■■■■■■■■■■■                                        |  50% of 186.8 MiB
2026-10-09T08:47:43.4071695Z |■■■■■■■■■■■■■■■■■■■■■■■■■■■■■■■■■■■■■■■■■■■■■■■■                                |  60% of 186.8 MiB
2026-10-09T08:47:43.4761119Z |■■■■■■■■■■■■■■■■■■■■■■■■■■■■■■■■■■■■■■■■■■■■■■■■■■■■■■■■                        |  70% of 186.8 MiB
2026-10-09T08:47:43.5395903Z |■■■■■■■■■■■■■■■■■■■■■■■■■■■■■■■■■■■■■■■■■■■■■■■■■■■■■■■■■■■■■■■■                |  80% of 186.8 MiB
2026-10-09T08:47:43.6019210Z |■■■■■■■■■■■■■■■■■■■■■■■■■■■■■■■■■■■■■■■■■■■■■■■■■■■■■■■■■■■■■■■■■■■■■■■■        |  90% of 186.8 MiB
2026-10-09T08:47:43.6667371Z |■■■■■■■■■■■■■■■■■■■■■■■■■■■■■■■■■■■■■■■■■■■■■■■■■■■■■■■■■■■■■■■■■■■■■■■■■■■■■■■■| 100% of 186.8 MiB
2026-10-09T08:47:46.5246973Z Chrome for Testing 153.0.8010.12 (playwright chromium v1243) downloaded to /home/runner/.cache/ms-playwright/chromium-1243
2026-10-09T08:47:46.5249976Z Downloading FFmpeg (playwright ffmpeg v1011) from https://cdn.playwright.dev/dbazure/download/playwright/builds/ffmpeg/1011/ffmpeg-linux.zip
2026-10-09T08:47:46.9161692Z |                                                                                |   0% of 2.3 MiB
2026-10-09T08:47:46.9208976Z |■■■■■■■■                                                                        |  10% of 2.3 MiB
2026-10-09T08:47:46.9238384Z |■■■■■■■■■■■■■■■■                                                                |  20% of 2.3 MiB
2026-10-09T08:47:46.9263445Z |■■■■■■■■■■■■■■■■■■■■■■■■                                                        |  30% of 2.3 MiB
2026-10-09T08:47:46.9278867Z |■■■■■■■■■■■■■■■■■■■■■■■■■■■■■■■■                                                |  40% of 2.3 MiB
2026-10-09T08:47:46.9298778Z |■■■■■■■■■■■■■■■■■■■■■■■■■■■■■■■■■■■■■■■■                                        |  50% of 2.3 MiB
2026-10-09T08:47:46.9311932Z |■■■■■■■■■■■■■■■■■■■■■■■■■■■■■■■■■■■■■■■■■■■■■■■■                                |  60% of 2.3 MiB
2026-10-09T08:47:46.9327297Z |■■■■■■■■■■■■■■■■■■■■■■■■■■■■■■■■■■■■■■■■■■■■■■■■■■■■■■■■                        |  70% of 2.3 MiB
2026-10-09T08:47:46.9345026Z |■■■■■■■■■■■■■■■■■■■■■■■■■■■■■■■■■■■■■■■■■■■■■■■■■■■■■■■■■■■■■■■■                |  80% of 2.3 MiB
2026-10-09T08:47:46.9360834Z |■■■■■■■■■■■■■■■■■■■■■■■■■■■■■■■■■■■■■■■■■■■■■■■■■■■■■■■■■■■■■■■■■■■■■■■■        |  90% of 2.3 MiB
2026-10-09T08:47:46.9375344Z |■■■■■■■■■■■■■■■■■■■■■■■■■■■■■■■■■■■■■■■■■■■■■■■■■■■■■■■■■■■■■■■■■■■■■■■■■■■■■■■■| 100% of 2.3 MiB
2026-10-09T08:47:47.0072137Z FFmpeg (playwright ffmpeg v1011) downloaded to /home/runner/.cache/ms-playwright/ffmpeg-1011
2026-10-09T08:47:47.0075706Z Downloading Chrome Headless Shell 153.0.8010.12 (playwright chromium-headless-shell v1243) from https://cdn.playwright.dev/builds/cft/153.0.8010.12/linux64/chrome-headless-shell-linux64.zip
2026-10-09T08:47:47.3882164Z |                                                                                |   0% of 114.3 MiB
2026-10-09T08:47:47.5107851Z |■■■■■■■■                                                                        |  10% of 114.3 MiB
2026-10-09T08:47:47.5738983Z |■■■■■■■■■■■■■■■■                                                                |  20% of 114.3 MiB
2026-10-09T08:47:47.6251459Z |■■■■■■■■■■■■■■■■■■■■■■■■                                                        |  30% of 114.3 MiB
2026-10-09T08:47:47.6804322Z |■■■■■■■■■■■■■■■■■■■■■■■■■■■■■■■■                                                |  40% of 114.3 MiB
2026-10-09T08:47:47.7239400Z |■■■■■■■■■■■■■■■■■■■■■■■■■■■■■■■■■■■■■■■■                                        |  50% of 114.3 MiB
2026-10-09T08:47:47.7663111Z |■■■■■■■■■■■■■■■■■■■■■■■■■■■■■■■■■■■■■■■■■■■■■■■■                                |  60% of 114.3 MiB
2026-10-09T08:47:47.8080871Z |■■■■■■■■■■■■■■■■■■■■■■■■■■■■■■■■■■■■■■■■■■■■■■■■■■■■■■■■                        |  70% of 114.3 MiB
2026-10-09T08:47:47.8507981Z |■■■■■■■■■■■■■■■■■■■■■■■■■■■■■■■■■■■■■■■■■■■■■■■■■■■■■■■■■■■■■■■■                |  80% of 114.3 MiB
2026-10-09T08:47:47.8971943Z |■■■■■■■■■■■■■■■■■■■■■■■■■■■■■■■■■■■■■■■■■■■■■■■■■■■■■■■■■■■■■■■■■■■■■■■■        |  90% of 114.3 MiB
2026-10-09T08:47:47.9391473Z |■■■■■■■■■■■■■■■■■■■■■■■■■■■■■■■■■■■■■■■■■■■■■■■■■■■■■■■■■■■■■■■■■■■■■■■■■■■■■■■■| 100% of 114.3 MiB
2026-10-09T08:47:49.9530108Z Chrome Headless Shell 153.0.8010.12 (playwright chromium-headless-shell v1243) downloaded to /home/runner/.cache/ms-playwright/chromium_headless_shell-1243
2026-10-09T08:47:49.9772369Z ##[group]Run CF_STATEMENTS=0 TRANSLATE=0 node scripts/update-data.mjs
2026-10-09T08:47:49.9772952Z [36;1mCF_STATEMENTS=0 TRANSLATE=0 node scripts/update-data.mjs[0m
2026-10-09T08:47:49.9834956Z shell: /usr/bin/bash -e {0}
2026-10-09T08:47:49.9835216Z env:
2026-10-09T08:47:49.9838166Z   GITHUB_TOKEN: ***
2026-10-09T08:47:49.9838399Z ##[endgroup]
2026-10-09T08:47:50.0218716Z (node:3064) [MODULE_TYPELESS_PACKAGE_JSON] Warning: Module type of file:///home/runner/work/ys_problem_web/ys_problem_web/lib/records.js is not specified and it doesn't parse as CommonJS.
2026-10-09T08:47:50.0220925Z Reparsing as ES module because module syntax was detected. This incurs a performance overhead.
2026-10-09T08:47:50.0222277Z To eliminate this warning, add "type": "module" to /home/runner/work/ys_problem_web/ys_problem_web/package.json.
2026-10-09T08:47:50.0223554Z (Use `node --trace-warnings ...` to show where the warning was created)
2026-10-09T08:47:50.1448114Z Discovering daily problem folders...
2026-10-09T08:47:50.9258062Z Found 818 days, syncing the most recent 818.
2026-10-09T08:47:51.5468593Z   2026-10-09: 2 problems
2026-10-09T08:47:51.7641099Z   2026-10-08: 2 problems
2026-10-09T08:47:51.9591516Z   2026-10-07: 2 problems
2026-10-09T08:47:52.1882870Z   2026-10-06: 2 problems
2026-10-09T08:47:52.4260949Z   2026-10-05: 2 problems
2026-10-09T08:47:52.6385767Z   2026-10-03: 2 problems
2026-10-09T08:47:52.8599886Z   2026-10-02: 2 problems
2026-10-09T08:47:53.0675447Z   2026-10-01: 2 problems
2026-10-09T08:47:53.2936684Z   2026-09-30: 2 problems
2026-10-09T08:47:53.5130018Z   2026-09-29: 2 problems
2026-10-09T08:47:53.7433511Z   2026-09-28: 2 problems
2026-10-09T08:47:53.9611157Z   2026-09-26: 2 problems
2026-10-09T08:47:54.1755293Z   2026-09-25: 2 problems
2026-10-09T08:47:54.4296130Z   2026-09-24: 2 problems
2026-10-09T08:47:54.6438471Z   2026-09-23: 2 problems
2026-10-09T08:47:54.8348963Z   2026-09-22: 2 problems
2026-10-09T08:47:55.0493602Z   2026-09-21: 2 problems
2026-10-09T08:47:55.2601897Z   2026-09-19: 2 problems
2026-10-09T08:47:55.4685847Z   2026-09-18: 2 problems
2026-10-09T08:47:55.6927757Z   2026-09-17: 2 problems
2026-10-09T08:47:55.8840734Z   2026-09-16: 2 problems
2026-10-09T08:47:56.1202501Z   2026-09-15: 2 problems
2026-10-09T08:47:56.2798121Z   2026-09-14: 2 problems
2026-10-09T08:47:56.4930620Z   2026-09-12: 2 problems
2026-10-09T08:47:56.7593915Z   2026-09-11: 2 problems
2026-10-09T08:47:56.9767259Z   2026-09-10: 2 problems
2026-10-09T08:47:57.2020962Z   2026-09-09: 2 problems
2026-10-09T08:47:57.4470823Z   2026-09-08: 2 problems
2026-10-09T08:47:57.7127829Z   2026-09-07: 2 problems
2026-10-09T08:47:57.9136277Z   2026-09-05: 2 problems
2026-10-09T08:47:58.1387478Z   2026-09-04: 2 problems
2026-10-09T08:47:58.3714641Z   2026-09-03: 2 problems
2026-10-09T08:47:58.5991770Z   2026-09-02: 2 problems
2026-10-09T08:47:58.8314443Z   2026-09-01: 2 problems
2026-10-09T08:47:59.0582946Z   2026-08-31: 2 problems
2026-10-09T08:47:59.2764775Z   2026-08-29: 2 problems
2026-10-09T08:47:59.5309388Z   2026-08-28: 2 problems
2026-10-09T08:47:59.7588777Z   2026-08-27: 2 problems
2026-10-09T08:48:00.0134909Z   2026-08-26: 2 problems
2026-10-09T08:48:00.2197079Z   2026-08-25: 2 problems
2026-10-09T08:48:00.4457758Z   2026-08-24: 2 problems
2026-10-09T08:48:00.6589740Z   2026-08-22: 2 problems
2026-10-09T08:48:00.8352371Z   2026-08-21: 2 problems
2026-10-09T08:48:01.0256609Z   2026-08-20: 2 problems
2026-10-09T08:48:01.2384467Z   2026-08-19: 2 problems
2026-10-09T08:48:01.4239383Z   2026-08-18: 2 problems
2026-10-09T08:48:01.6384397Z   2026-08-17: 2 problems
2026-10-09T08:48:01.8282347Z   2026-08-15: 2 problems
2026-10-09T08:48:02.0180158Z   2026-08-14: 2 problems
2026-10-09T08:48:02.2249256Z   2026-08-13: 2 problems
2026-10-09T08:48:02.4133513Z   2026-08-12: 2 problems
2026-10-09T08:48:02.6379600Z   2026-08-11: 2 problems
2026-10-09T08:48:02.8493246Z   2026-08-10: 2 problems
2026-10-09T08:48:03.0798187Z   2026-08-08: 2 problems
2026-10-09T08:48:03.2743486Z   2026-08-07: 2 problems
2026-10-09T08:48:03.5131238Z   2026-08-06: 2 problems
2026-10-09T08:48:03.7046497Z   2026-08-05: 2 problems
2026-10-09T08:48:03.8821793Z   2026-08-04: 2 problems
2026-10-09T08:48:04.0973239Z   2026-08-03: 2 problems
2026-10-09T08:48:04.2815192Z   2026-08-01: 2 problems
2026-10-09T08:48:04.3950693Z   2026-07-31: 2 problems
2026-10-09T08:48:04.5752568Z   2026-07-30: 2 problems
2026-10-09T08:48:04.7491296Z   2026-07-29: 2 problems
2026-10-09T08:48:04.9483183Z   2026-07-28: 2 problems
2026-10-09T08:48:05.1094709Z   2026-07-27: 2 problems
2026-10-09T08:48:05.2948290Z   2026-07-25: 2 problems
2026-10-09T08:48:05.4641175Z   2026-07-24: 2 problems
2026-10-09T08:48:05.7874659Z   2026-07-23: 2 problems
2026-10-09T08:48:05.9570575Z   2026-07-22: 2 problems
2026-10-09T08:48:06.1543427Z   2026-07-21: 2 problems
2026-10-09T08:48:06.3413659Z   2026-07-16: 2 problems
2026-10-09T08:48:06.5669623Z   2026-07-15: 2 problems
2026-10-09T08:48:06.7533160Z   2026-07-14: 2 problems
2026-10-09T08:48:06.9702308Z   2026-07-13: 2 problems
2026-10-09T08:48:07.1561418Z   2026-07-11: 2 problems
2026-10-09T08:48:07.3305277Z   2026-07-10: 2 problems
2026-10-09T08:48:07.6234623Z   2026-07-09: 2 problems
2026-10-09T08:48:07.8354089Z   2026-07-08: 2 problems
2026-10-09T08:48:08.0604028Z   2026-07-07: 2 problems
2026-10-09T08:48:08.2473042Z   2026-07-06: 2 problems
2026-10-09T08:48:08.4569531Z   2026-07-04: 2 problems
2026-10-09T08:48:08.6304238Z   2026-07-03: 2 problems
2026-10-09T08:48:08.8146205Z   2026-07-02: 2 problems
2026-10-09T08:48:09.0039237Z   2026-07-01: 2 problems
2026-10-09T08:48:09.1902748Z   2026-06-30: 2 problems
2026-10-09T08:48:09.4234312Z   2026-06-29: 2 problems
2026-10-09T08:48:09.6788485Z   2026-06-27: 2 problems
2026-10-09T08:48:09.9921300Z   2026-06-26: 2 problems
2026-10-09T08:48:10.3015899Z   2026-06-25: 2 problems
2026-10-09T08:48:10.6998025Z   2026-06-24: 2 problems
2026-10-09T08:48:10.9205235Z   2026-06-23: 2 problems
2026-10-09T08:48:11.1173735Z   2026-06-22: 2 problems
2026-10-09T08:48:11.2585659Z   2026-06-20: 1 problems
2026-10-09T08:48:11.4379330Z   2026-06-19: 2 problems
2026-10-09T08:48:11.6338049Z   2026-06-18: 2 problems
2026-10-09T08:48:11.8399154Z   2026-06-17: 2 problems
2026-10-09T08:48:12.2659421Z   2026-06-16: 2 problems
2026-10-09T08:48:12.4553610Z   2026-06-15: 2 problems
2026-10-09T08:48:12.7349041Z   2026-06-13: 2 problems
2026-10-09T08:48:13.0050192Z   2026-06-12: 2 problems
2026-10-09T08:48:13.1911054Z   2026-06-11: 2 problems
2026-10-09T08:48:13.6851972Z   2026-06-10: 2 problems
2026-10-09T08:48:13.8726247Z   2026-06-09: 2 problems
2026-10-09T08:48:14.1435701Z   2026-06-08: 2 problems
2026-10-09T08:48:14.4210721Z   2026-06-06: 2 problems
2026-10-09T08:48:14.5991572Z   2026-06-05: 2 problems
2026-10-09T08:48:15.1005697Z   2026-06-04: 2 problems
2026-10-09T08:48:15.1711194Z   2026-06-03: 2 problems
2026-10-09T08:48:15.4744487Z   2026-06-02: 2 problems
2026-10-09T08:48:15.6356060Z   2026-06-01: 2 problems
2026-10-09T08:48:16.1348307Z   2026-05-30: 2 problems
2026-10-09T08:48:16.4231675Z   2026-05-29: 2 problems
2026-10-09T08:48:16.7797298Z   2026-05-28: 2 problems
2026-10-09T08:48:17.0745981Z   2026-05-27: 2 problems
2026-10-09T08:48:17.3328487Z   2026-05-26: 2 problems
2026-10-09T08:48:17.4917577Z   2026-05-25: 2 problems
2026-10-09T08:48:17.7896063Z   2026-05-23: 2 problems
2026-10-09T08:48:18.1702333Z   2026-05-22: 2 problems
2026-10-09T08:48:18.4441107Z   2026-05-21: 2 problems
2026-10-09T08:48:18.6190717Z   2026-05-20: 2 problems
2026-10-09T08:48:18.8810795Z   2026-05-19: 2 problems
2026-10-09T08:48:19.0610778Z   2026-05-18: 2 problems
2026-10-09T08:48:19.2418706Z   2026-05-16: 2 problems
2026-10-09T08:48:19.5460698Z   2026-05-15: 2 problems
2026-10-09T08:48:19.7663581Z   2026-05-14: 2 problems
2026-10-09T08:48:19.9403395Z   2026-05-13: 2 problems
2026-10-09T08:48:20.1066934Z   2026-05-12: 2 problems
2026-10-09T08:48:20.4146671Z   2026-05-11: 2 problems
2026-10-09T08:48:20.8205744Z   2026-05-09: 2 problems
2026-10-09T08:48:21.2761223Z   2026-05-08: 2 problems
2026-10-09T08:48:21.4959372Z   2026-05-07: 2 problems
2026-10-09T08:48:21.7636590Z   2026-05-06: 2 problems
2026-10-09T08:48:22.0541497Z   2026-05-05: 2 problems
2026-10-09T08:48:22.2851537Z   2026-05-04: 2 problems
2026-10-09T08:48:22.4708683Z   2026-05-02: 2 problems
2026-10-09T08:48:22.6475344Z   2026-05-01: 2 problems
2026-10-09T08:48:22.8928287Z   2026-04-30: 2 problems
2026-10-09T08:48:23.0888864Z   2026-04-29: 2 problems
2026-10-09T08:48:23.2573420Z   2026-04-28: 2 problems
2026-10-09T08:48:23.5382882Z   2026-04-27: 2 problems
2026-10-09T08:48:23.9167002Z   2026-04-25: 2 problems
2026-10-09T08:48:24.1338407Z   2026-04-24: 2 problems
2026-10-09T08:48:24.3715057Z   2026-04-23: 2 problems
2026-10-09T08:48:24.6827583Z   2026-04-22: 2 problems
2026-10-09T08:48:24.9088407Z   2026-04-21: 2 problems
2026-10-09T08:48:25.1479587Z   2026-04-20: 2 problems
2026-10-09T08:48:25.3916331Z   2026-04-18: 2 problems
2026-10-09T08:48:25.6424440Z   2026-04-17: 2 problems
2026-10-09T08:48:25.8187027Z   2026-04-16: 2 problems
2026-10-09T08:48:26.0252252Z   2026-04-15: 2 problems
2026-10-09T08:48:26.2387933Z   2026-04-14: 2 problems
2026-10-09T08:48:26.4099067Z   2026-04-13: 2 problems
2026-10-09T08:48:26.5807696Z   2026-04-11: 2 problems
2026-10-09T08:48:26.7590907Z   2026-04-10: 2 problems
2026-10-09T08:48:26.9368717Z   2026-04-09: 2 problems
2026-10-09T08:48:27.0745839Z   2026-04-08: 2 problems
2026-10-09T08:48:27.2753378Z   2026-04-07: 2 problems
2026-10-09T08:48:27.4775971Z   2026-04-06: 2 problems
2026-10-09T08:48:27.6522300Z   2026-04-04: 2 problems
2026-10-09T08:48:27.8655048Z   2026-04-03: 2 problems
2026-10-09T08:48:28.0976677Z   2026-04-02: 2 problems
2026-10-09T08:48:28.2847966Z   2026-04-01: 2 problems
2026-10-09T08:48:28.4996812Z   2026-03-31: 2 problems
2026-10-09T08:48:28.6847932Z   2026-03-30: 2 problems
2026-10-09T08:48:28.8521657Z   2026-03-28: 2 problems
2026-10-09T08:48:29.0624839Z   2026-03-27: 2 problems
2026-10-09T08:48:29.2431675Z   2026-03-26: 2 problems
2026-10-09T08:48:29.4201372Z   2026-03-25: 2 problems
2026-10-09T08:48:29.6147679Z   2026-03-24: 2 problems
2026-10-09T08:48:29.8425873Z   2026-03-23: 2 problems
2026-10-09T08:48:30.0694307Z   2026-03-21: 2 problems
2026-10-09T08:48:30.2481865Z   2026-03-20: 2 problems
2026-10-09T08:48:30.4856531Z   2026-03-19: 2 problems
2026-10-09T08:48:30.7507702Z   2026-03-18: 2 problems
2026-10-09T08:48:30.9964002Z   2026-03-17: 2 problems
2026-10-09T08:48:31.2051663Z   2026-03-16: 2 problems
2026-10-09T08:48:31.3962597Z   2026-03-14: 2 problems
2026-10-09T08:48:31.6399391Z   2026-03-13: 2 problems
2026-10-09T08:48:31.8802564Z   2026-03-12: 2 problems
2026-10-09T08:48:32.0738710Z   2026-03-11: 2 problems
2026-10-09T08:48:32.2942181Z   2026-03-10: 2 problems
2026-10-09T08:48:32.5201305Z   2026-03-09: 2 problems
2026-10-09T08:48:32.7256499Z   2026-03-07: 2 problems
2026-10-09T08:48:32.9608686Z   2026-03-06: 2 problems
2026-10-09T08:48:33.1908482Z   2026-03-05: 2 problems
2026-10-09T08:48:33.3914197Z   2026-03-04: 2 problems
2026-10-09T08:48:33.6022895Z   2026-03-03: 2 problems
2026-10-09T08:48:33.8441325Z   2026-03-02: 2 problems
2026-10-09T08:48:34.0297319Z   2026-02-28: 2 problems
2026-10-09T08:48:34.2558987Z   2026-02-27: 2 problems
2026-10-09T08:48:34.4790393Z   2026-02-26: 2 problems
2026-10-09T08:48:34.7039444Z   2026-02-25: 2 problems
2026-10-09T08:48:34.9422519Z   2026-02-24: 2 problems
2026-10-09T08:48:35.1455509Z   2026-02-23: 2 problems
2026-10-09T08:48:35.3535900Z   2026-02-21: 2 problems
2026-10-09T08:48:35.6099554Z   2026-02-20: 2 problems
2026-10-09T08:48:35.8582818Z   2026-02-19: 2 problems
2026-10-09T08:48:36.0569605Z   2026-02-18: 2 problems
2026-10-09T08:48:36.2869612Z   2026-02-17: 2 problems
2026-10-09T08:48:36.4820341Z   2026-02-16: 2 problems
2026-10-09T08:48:36.6928806Z   2026-02-14: 2 problems
2026-10-09T08:48:36.8947509Z   2026-02-13: 2 problems
2026-10-09T08:48:37.1316984Z   2026-02-12: 2 problems
2026-10-09T08:48:37.4111525Z   2026-02-11: 2 problems
2026-10-09T08:48:37.6210991Z   2026-02-10: 2 problems
2026-10-09T08:48:37.8205084Z   2026-02-09: 2 problems
2026-10-09T08:48:38.0340493Z   2026-02-07: 2 problems
2026-10-09T08:48:38.2557620Z   2026-02-06: 2 problems
2026-10-09T08:48:38.4746822Z   2026-02-05: 2 problems
2026-10-09T08:48:38.6842655Z   2026-02-04: 2 problems
2026-10-09T08:48:38.8854591Z   2026-02-03: 2 problems
2026-10-09T08:48:39.1088472Z   2026-02-02: 2 problems
2026-10-09T08:48:39.3154295Z   2026-01-31: 2 problems
2026-10-09T08:48:39.5380292Z   2026-01-30: 2 problems
2026-10-09T08:48:39.7487105Z   2026-01-29: 2 problems
2026-10-09T08:48:39.9546573Z   2026-01-28: 2 problems
2026-10-09T08:48:40.1699344Z   2026-01-27: 2 problems
2026-10-09T08:48:40.3772307Z   2026-01-26: 2 problems
2026-10-09T08:48:40.5778072Z   2026-01-24: 2 problems
2026-10-09T08:48:40.7766797Z   2026-01-23: 2 problems
2026-10-09T08:48:40.8885655Z   2026-01-22: 2 problems
2026-10-09T08:48:41.1081694Z   2026-01-21: 2 problems
2026-10-09T08:48:41.2872486Z   2026-01-20: 2 problems
2026-10-09T08:48:41.5039913Z   2026-01-19: 2 problems
2026-10-09T08:48:41.7358611Z   2026-01-17: 2 problems
2026-10-09T08:48:41.9375733Z   2026-01-16: 2 problems
2026-10-09T08:48:42.1521533Z   2026-01-15: 2 problems
2026-10-09T08:48:42.3421242Z   2026-01-14: 2 problems
2026-10-09T08:48:42.5331090Z   2026-01-13: 2 problems
2026-10-09T08:48:42.7555546Z   2026-01-12: 2 problems
2026-10-09T08:48:42.9659485Z   2026-01-10: 2 problems
2026-10-09T08:48:43.1684452Z   2026-01-09: 2 problems
2026-10-09T08:48:43.3900566Z   2026-01-08: 2 problems
2026-10-09T08:48:43.5829464Z   2026-01-07: 2 problems
2026-10-09T08:48:43.7965987Z   2026-01-06: 2 problems
2026-10-09T08:48:43.9814767Z   2026-01-05: 2 problems
2026-10-09T08:48:44.2068257Z   2026-01-03: 2 problems
2026-10-09T08:48:44.3933667Z   2026-01-02: 2 problems
2026-10-09T08:48:44.5725884Z   2026-01-01: 2 problems
2026-10-09T08:48:44.7602023Z   2025-12-31: 2 problems
2026-10-09T08:48:44.9224733Z   2025-12-30: 2 problems
2026-10-09T08:48:45.1484924Z   2025-12-29: 2 problems
2026-10-09T08:48:45.3769203Z   2025-12-27: 2 problems
2026-10-09T08:48:45.6209776Z   2025-12-26: 2 problems
2026-10-09T08:48:45.8144423Z   2025-12-25: 2 problems
2026-10-09T08:48:45.9934470Z   2025-12-24: 2 problems
2026-10-09T08:48:46.2233333Z   2025-12-23: 2 problems
2026-10-09T08:48:46.4158423Z   2025-12-22: 2 problems
2026-10-09T08:48:46.6600744Z   2025-12-20: 2 problems
2026-10-09T08:48:46.8297761Z   2025-12-19: 2 problems
2026-10-09T08:48:47.0340973Z   2025-12-18: 2 problems
2026-10-09T08:48:47.2470699Z   2025-12-17: 2 problems
2026-10-09T08:48:47.4755550Z   2025-12-16: 2 problems
2026-10-09T08:48:47.6894121Z   2025-12-15: 2 problems
2026-10-09T08:48:47.8938358Z   2025-12-13: 2 problems
2026-10-09T08:48:48.1032398Z   2025-12-12: 2 problems
2026-10-09T08:48:48.3103214Z   2025-12-11: 2 problems
2026-10-09T08:48:48.5264704Z   2025-12-10: 2 problems
2026-10-09T08:48:48.7525950Z   2025-12-09: 2 problems
2026-10-09T08:48:48.9214811Z   2025-12-08: 2 problems
2026-10-09T08:48:49.1085483Z   2025-12-06: 2 problems
2026-10-09T08:48:49.3533174Z   2025-12-05: 2 problems
2026-10-09T08:48:49.5430345Z   2025-12-04: 2 problems
2026-10-09T08:48:49.7307608Z   2025-12-03: 2 problems
2026-10-09T08:48:49.8964506Z   2025-12-02: 2 problems
2026-10-09T08:48:50.1092418Z   2025-12-01: 2 problems
2026-10-09T08:48:50.3058946Z   2025-11-29: 2 problems
2026-10-09T08:48:50.4873627Z   2025-11-28: 2 problems
2026-10-09T08:48:50.7108126Z   2025-11-27: 2 problems
2026-10-09T08:48:50.9061338Z   2025-11-26: 2 problems
2026-10-09T08:48:51.1138084Z   2025-11-25: 2 problems
2026-10-09T08:48:51.3092303Z   2025-11-24: 2 problems
2026-10-09T08:48:51.5316449Z   2025-11-22: 2 problems
2026-10-09T08:48:51.7312422Z   2025-11-21: 2 problems
2026-10-09T08:48:51.9256347Z   2025-11-20: 2 problems
2026-10-09T08:48:52.1449707Z   2025-11-19: 2 problems
2026-10-09T08:48:52.3719932Z   2025-11-18: 2 problems
2026-10-09T08:48:52.5362033Z   2025-11-17: 2 problems
2026-10-09T08:48:52.7695617Z   2025-11-15: 2 problems
2026-10-09T08:48:53.0085321Z   2025-11-14: 2 problems
2026-10-09T08:48:53.2466622Z   2025-11-13: 2 problems
2026-10-09T08:48:53.4387310Z   2025-11-12: 2 problems
2026-10-09T08:48:53.6707998Z   2025-11-11: 2 problems
2026-10-09T08:48:53.8769425Z   2025-11-10: 2 problems
2026-10-09T08:48:54.1502773Z   2025-11-08: 2 problems
2026-10-09T08:48:54.3805129Z   2025-11-07: 2 problems
2026-10-09T08:48:54.6465877Z   2025-11-06: 2 problems
2026-10-09T08:48:54.8686643Z   2025-11-05: 2 problems
2026-10-09T08:48:55.1081155Z   2025-11-04: 2 problems
2026-10-09T08:48:55.3695064Z   2025-11-03: 2 problems
2026-10-09T08:48:55.5911986Z   2025-11-01: 2 problems
2026-10-09T08:48:55.7551607Z   2025-10-31: 2 problems
2026-10-09T08:48:55.9877210Z   2025-10-30: 2 problems
2026-10-09T08:48:56.2439401Z   2025-10-29: 2 problems
2026-10-09T08:48:56.5248390Z   2025-10-28: 2 problems
2026-10-09T08:48:56.7315328Z   2025-10-27: 2 problems
2026-10-09T08:48:56.9590836Z   2025-10-25: 2 problems
2026-10-09T08:48:57.1906867Z   2025-10-24: 2 problems
2026-10-09T08:48:57.4340874Z   2025-10-23: 2 problems
2026-10-09T08:48:57.6557311Z   2025-10-22: 2 problems
2026-10-09T08:48:57.8661504Z   2025-10-21: 2 problems
2026-10-09T08:48:58.1353359Z   2025-10-20: 2 problems
2026-10-09T08:48:58.3373838Z   2025-10-18: 2 problems
2026-10-09T08:48:58.5555510Z   2025-10-17: 2 problems
2026-10-09T08:48:58.7609856Z   2025-10-16: 2 problems
2026-10-09T08:48:58.9958639Z   2025-10-15: 2 problems
2026-10-09T08:48:59.2237630Z   2025-10-14: 2 problems
2026-10-09T08:48:59.4541168Z   2025-10-13: 2 problems
2026-10-09T08:48:59.6668618Z   2025-10-11: 2 problems
2026-10-09T08:48:59.8692669Z   2025-10-10: 2 problems
2026-10-09T08:49:00.1333024Z   2025-10-09: 2 problems
2026-10-09T08:49:00.3652890Z   2025-10-08: 2 problems
2026-10-09T08:49:00.5423615Z   2025-10-07: 2 problems
2026-10-09T08:49:00.7836082Z   2025-10-06: 2 problems
2026-10-09T08:49:01.0013428Z   2025-10-04: 2 problems
2026-10-09T08:49:01.2377383Z   2025-10-03: 2 problems
2026-10-09T08:49:01.4421632Z   2025-10-02: 2 problems
2026-10-09T08:49:01.6864416Z   2025-10-01: 2 problems
2026-10-09T08:49:01.8963597Z   2025-09-30: 2 problems
2026-10-09T08:49:02.1501210Z   2025-09-29: 2 problems
2026-10-09T08:49:02.3627850Z   2025-09-27: 2 problems
2026-10-09T08:49:02.5826173Z   2025-09-26: 2 problems
2026-10-09T08:49:02.7777857Z   2025-09-25: 2 problems
2026-10-09T08:49:03.0067604Z   2025-09-24: 2 problems
2026-10-09T08:49:03.1877948Z   2025-09-23: 2 problems
2026-10-09T08:49:03.4008843Z   2025-09-22: 2 problems
2026-10-09T08:49:03.6176784Z   2025-09-20: 2 problems
2026-10-09T08:49:03.8507549Z   2025-09-19: 2 problems
2026-10-09T08:49:04.0589171Z   2025-09-18: 2 problems
2026-10-09T08:49:04.2659969Z   2025-09-17: 2 problems
2026-10-09T08:49:04.4360674Z   2025-09-16: 2 problems
2026-10-09T08:49:04.6422731Z   2025-09-15: 2 problems
2026-10-09T08:49:04.8294971Z   2025-09-13: 2 problems
2026-10-09T08:49:05.0531840Z   2025-09-12: 2 problems
2026-10-09T08:49:05.2891052Z   2025-09-11: 2 problems
2026-10-09T08:49:05.4873297Z   2025-09-10: 2 problems
2026-10-09T08:49:05.7142632Z   2025-09-09: 2 problems
2026-10-09T08:49:05.9231741Z   2025-09-08: 2 problems
2026-10-09T08:49:06.1309544Z   2025-09-06: 2 problems
2026-10-09T08:49:06.3283353Z   2025-09-05: 2 problems
2026-10-09T08:49:06.5279407Z   2025-09-04: 2 problems
2026-10-09T08:49:06.7356454Z   2025-09-03: 2 problems
2026-10-09T08:49:06.9839021Z   2025-09-02: 2 problems
2026-10-09T08:49:07.2060679Z   2025-09-01: 2 problems
2026-10-09T08:49:07.4003229Z   2025-08-30: 2 problems
2026-10-09T08:49:07.5878576Z   2025-08-29: 2 problems
2026-10-09T08:49:07.7599426Z   2025-08-28: 2 problems
2026-10-09T08:49:07.9513885Z   2025-08-27: 2 problems
2026-10-09T08:49:08.1240828Z   2025-08-26: 2 problems
2026-10-09T08:49:08.3414721Z   2025-08-25: 2 problems
2026-10-09T08:49:08.5224127Z   2025-08-23: 2 problems
2026-10-09T08:49:08.7502737Z   2025-08-22: 2 problems
2026-10-09T08:49:08.9220379Z   2025-08-21: 2 problems
2026-10-09T08:49:09.0979991Z   2025-08-20: 2 problems
2026-10-09T08:49:09.3075818Z   2025-08-19: 2 problems
2026-10-09T08:49:09.4820638Z   2025-08-18: 2 problems
2026-10-09T08:49:09.6984647Z   2025-08-16: 2 problems
2026-10-09T08:49:09.9177918Z   2025-08-15: 2 problems
2026-10-09T08:49:10.1250151Z   2025-08-14: 2 problems
2026-10-09T08:49:10.3315797Z   2025-08-13: 2 problems
2026-10-09T08:49:10.5843642Z   2025-08-12: 2 problems
2026-10-09T08:49:10.7894681Z   2025-08-11: 2 problems
2026-10-09T08:49:10.9668224Z   2025-08-09: 2 problems
2026-10-09T08:49:11.2078712Z   2025-08-08: 2 problems
2026-10-09T08:49:11.4321780Z   2025-08-07: 2 problems
2026-10-09T08:49:11.6207223Z   2025-08-06: 2 problems
2026-10-09T08:49:11.8251700Z   2025-08-05: 2 problems
2026-10-09T08:49:12.0486363Z   2025-08-04: 2 problems
2026-10-09T08:49:12.2278441Z   2025-08-02: 2 problems
2026-10-09T08:49:12.4104058Z   2025-08-01: 2 problems
2026-10-09T08:49:12.5960309Z   2025-07-31: 2 problems
2026-10-09T08:49:12.8037827Z   2025-07-30: 2 problems
2026-10-09T08:49:13.0591722Z   2025-07-29: 2 problems
2026-10-09T08:49:13.2961447Z   2025-07-28: 2 problems
2026-10-09T08:49:13.4981329Z   2025-07-26: 2 problems
2026-10-09T08:49:13.7013022Z   2025-07-25: 2 problems
2026-10-09T08:49:13.8908360Z   2025-07-24: 2 problems
2026-10-09T08:49:14.1259247Z   2025-07-23: 2 problems
2026-10-09T08:49:14.3367322Z   2025-07-22: 2 problems
2026-10-09T08:49:14.5238103Z   2025-07-21: 2 problems
2026-10-09T08:49:14.7108688Z   2025-07-19: 2 problems
2026-10-09T08:49:14.9007553Z   2025-07-18: 2 problems
2026-10-09T08:49:15.1223195Z   2025-07-17: 2 problems
2026-10-09T08:49:15.3088689Z   2025-07-16: 2 problems
2026-10-09T08:49:15.4997361Z   2025-07-15: 2 problems
2026-10-09T08:49:15.7079627Z   2025-07-14: 2 problems
2026-10-09T08:49:15.9019518Z   2025-07-12: 2 problems
2026-10-09T08:49:16.1366269Z   2025-07-11: 2 problems
2026-10-09T08:49:16.3322544Z   2025-07-10: 2 problems
2026-10-09T08:49:16.5391058Z   2025-07-09: 2 problems
2026-10-09T08:49:16.7196288Z   2025-07-08: 2 problems
2026-10-09T08:49:16.9359700Z   2025-07-07: 2 problems
2026-10-09T08:49:17.1779753Z   2025-07-05: 2 problems
2026-10-09T08:49:17.3831659Z   2025-07-04: 2 problems
2026-10-09T08:49:17.5380827Z   2025-07-03: 2 problems
2026-10-09T08:49:17.7774226Z   2025-07-02: 2 problems
2026-10-09T08:49:18.0099072Z   2025-07-01: 2 problems
2026-10-09T08:49:18.2364224Z   2025-06-30: 2 problems
2026-10-09T08:49:18.4923325Z   2025-06-28: 2 problems
2026-10-09T08:49:18.7016383Z   2025-06-27: 2 problems
2026-10-09T08:49:18.8863497Z   2025-06-26: 2 problems
2026-10-09T08:49:19.1032342Z   2025-06-25: 2 problems
2026-10-09T08:49:19.2752463Z   2025-06-24: 2 problems
2026-10-09T08:49:19.4805660Z   2025-06-23: 2 problems
2026-10-09T08:49:19.6149894Z   2025-06-21: 2 problems
2026-10-09T08:49:19.8502327Z   2025-06-20: 2 problems
2026-10-09T08:49:20.0367808Z   2025-06-19: 2 problems
2026-10-09T08:49:20.2430940Z   2025-06-18: 2 problems
2026-10-09T08:49:20.4297258Z   2025-06-17: 2 problems
2026-10-09T08:49:20.6323179Z   2025-06-16: 2 problems
2026-10-09T08:49:20.8137937Z   2025-06-14: 2 problems
2026-10-09T08:49:21.0167752Z   2025-06-13: 2 problems
2026-10-09T08:49:21.2444727Z   2025-06-12: 2 problems
2026-10-09T08:49:21.4706710Z   2025-06-11: 2 problems
2026-10-09T08:49:21.6922320Z   2025-06-10: 2 problems
2026-10-09T08:49:21.8844753Z   2025-06-09: 2 problems
2026-10-09T08:49:22.1083996Z   2025-06-07: 2 problems
2026-10-09T08:49:22.3252440Z   2025-06-06: 2 problems
2026-10-09T08:49:22.4971152Z   2025-06-05: 2 problems
2026-10-09T08:49:22.7391610Z   2025-06-04: 2 problems
2026-10-09T08:49:22.9412220Z   2025-06-03: 2 problems
2026-10-09T08:49:23.1710086Z   2025-06-02: 2 problems
2026-10-09T08:49:23.3483035Z   2025-05-31: 2 problems
2026-10-09T08:49:23.5339288Z   2025-05-30: 2 problems
2026-10-09T08:49:23.7443753Z   2025-05-29: 2 problems
2026-10-09T08:49:23.9948516Z   2025-05-28: 2 problems
2026-10-09T08:49:24.2233349Z   2025-05-27: 2 problems
2026-10-09T08:49:24.4339354Z   2025-05-26: 2 problems
2026-10-09T08:49:24.6299697Z   2025-05-24: 2 problems
2026-10-09T08:49:24.8308099Z   2025-05-23: 2 problems
2026-10-09T08:49:25.0161183Z   2025-05-22: 2 problems
2026-10-09T08:49:25.2250075Z   2025-05-21: 2 problems
2026-10-09T08:49:25.4971519Z   2025-05-20: 2 problems
2026-10-09T08:49:25.7199482Z   2025-05-19: 2 problems
2026-10-09T08:49:25.8870254Z   2025-05-17: 2 problems
2026-10-09T08:49:26.0661480Z   2025-05-16: 2 problems
2026-10-09T08:49:26.3137581Z   2025-05-15: 2 problems
2026-10-09T08:49:26.5029508Z   2025-05-14: 2 problems
2026-10-09T08:49:26.7157901Z   2025-05-13: 2 problems
2026-10-09T08:49:26.9077594Z   2025-05-12: 2 problems
2026-10-09T08:49:27.1063875Z   2025-05-10: 2 problems
2026-10-09T08:49:27.3130687Z   2025-05-09: 2 problems
2026-10-09T08:49:27.5025232Z   2025-05-08: 2 problems
2026-10-09T08:49:27.6805453Z   2025-05-07: 2 problems
2026-10-09T08:49:27.8859604Z   2025-05-06: 2 problems
2026-10-09T08:49:28.1191883Z   2025-05-05: 2 problems
2026-10-09T08:49:28.3092317Z   2025-05-03: 2 problems
2026-10-09T08:49:28.5102576Z   2025-05-02: 2 problems
2026-10-09T08:49:28.7291777Z   2025-05-01: 2 problems
2026-10-09T08:49:28.9080276Z   2025-04-30: 2 problems
2026-10-09T08:49:29.1137626Z   2025-04-29: 2 problems
2026-10-09T08:49:29.3115008Z   2025-04-28: 2 problems
2026-10-09T08:49:29.4849557Z   2025-04-26: 2 problems
2026-10-09T08:49:29.6773163Z   2025-04-25: 2 problems
2026-10-09T08:49:29.8815024Z   2025-04-24: 2 problems
2026-10-09T08:49:30.1369376Z   2025-04-23: 2 problems
2026-10-09T08:49:30.3603764Z   2025-04-22: 2 problems
2026-10-09T08:49:30.5920220Z   2025-04-21: 2 problems
2026-10-09T08:49:30.8127380Z   2025-04-19: 2 problems
2026-10-09T08:49:31.0265923Z   2025-04-18: 2 problems
2026-10-09T08:49:31.2963658Z   2025-04-17: 2 problems
2026-10-09T08:49:31.5885340Z   2025-04-16: 2 problems
2026-10-09T08:49:31.8631572Z   2025-04-15: 2 problems
2026-10-09T08:49:32.1071588Z   2025-04-14: 2 problems
2026-10-09T08:49:32.3553665Z   2025-04-12: 2 problems
2026-10-09T08:49:32.6001465Z   2025-04-11: 2 problems
2026-10-09T08:49:32.8474412Z   2025-04-10: 2 problems
2026-10-09T08:49:33.0861085Z   2025-04-09: 2 problems
2026-10-09T08:49:33.2930417Z   2025-04-08: 2 problems
2026-10-09T08:49:33.5160698Z   2025-04-07: 2 problems
2026-10-09T08:49:33.7731293Z   2025-04-05: 2 problems
2026-10-09T08:49:34.0240598Z   2025-04-04: 2 problems
2026-10-09T08:49:34.2370234Z   2025-04-03: 2 problems
2026-10-09T08:49:34.4972414Z   2025-04-02: 2 problems
2026-10-09T08:49:34.6913442Z   2025-04-01: 2 problems
2026-10-09T08:49:34.9173881Z   2025-03-31: 2 problems
2026-10-09T08:49:35.1336513Z   2025-03-29: 2 problems
2026-10-09T08:49:35.3507371Z   2025-03-28: 2 problems
2026-10-09T08:49:35.5745076Z   2025-03-27: 2 problems
2026-10-09T08:49:35.8240673Z   2025-03-26: 2 problems
2026-10-09T08:49:36.0282606Z   2025-03-25: 2 problems
2026-10-09T08:49:36.2728639Z   2025-03-24: 2 problems
2026-10-09T08:49:36.5064183Z   2025-03-22: 2 problems
2026-10-09T08:49:36.7332508Z   2025-03-21: 2 problems
2026-10-09T08:49:36.9506677Z   2025-03-20: 2 problems
2026-10-09T08:49:37.2445142Z   2025-03-19: 2 problems
2026-10-09T08:49:37.4996800Z   2025-03-18: 2 problems
2026-10-09T08:49:37.7408615Z   2025-03-17: 2 problems
2026-10-09T08:49:37.9808107Z   2025-03-15: 2 problems
2026-10-09T08:49:38.2086585Z   2025-03-14: 2 problems
2026-10-09T08:49:38.4456481Z   2025-03-13: 2 problems
2026-10-09T08:49:38.7225637Z   2025-03-12: 2 problems
2026-10-09T08:49:38.9579310Z   2025-03-11: 2 problems
2026-10-09T08:49:39.1715262Z   2025-03-10: 2 problems
2026-10-09T08:49:39.3794597Z   2025-03-08: 2 problems
2026-10-09T08:49:39.5942543Z   2025-03-07: 2 problems
2026-10-09T08:49:39.8000408Z   2025-03-06: 2 problems
2026-10-09T08:49:40.0151119Z   2025-03-05: 2 problems
2026-10-09T08:49:40.2149764Z   2025-03-04: 2 problems
2026-10-09T08:49:40.4651921Z   2025-03-03: 2 problems
2026-10-09T08:49:40.6993745Z   2025-03-01: 2 problems
2026-10-09T08:49:40.9150731Z   2025-02-28: 2 problems
2026-10-09T08:49:41.1624749Z   2025-02-27: 2 problems
2026-10-09T08:49:41.4013889Z   2025-02-26: 2 problems
2026-10-09T08:49:41.6247895Z   2025-02-25: 2 problems
2026-10-09T08:49:41.8119167Z   2025-02-24: 2 problems
2026-10-09T08:49:42.0365126Z   2025-02-22: 2 problems
2026-10-09T08:49:42.2194392Z   2025-02-21: 2 problems
2026-10-09T08:49:42.4227569Z   2025-02-20: 2 problems
2026-10-09T08:49:42.6700920Z   2025-02-19: 2 problems
2026-10-09T08:49:42.8838478Z   2025-02-18: 2 problems
2026-10-09T08:49:43.1006706Z   2025-02-17: 2 problems
2026-10-09T08:49:43.3054775Z   2025-02-15: 2 problems
2026-10-09T08:49:43.4997014Z   2025-02-14: 2 problems
2026-10-09T08:49:43.7360578Z   2025-02-13: 2 problems
2026-10-09T08:49:44.0006449Z   2025-02-12: 2 problems
2026-10-09T08:49:44.2274811Z   2025-02-11: 2 problems
2026-10-09T08:49:44.4250850Z   2025-02-10: 2 problems
2026-10-09T08:49:44.6599776Z   2025-02-08: 2 problems
2026-10-09T08:49:44.9106404Z   2025-02-07: 2 problems
2026-10-09T08:49:45.1256307Z   2025-02-06: 2 problems
2026-10-09T08:49:45.3568636Z   2025-02-05: 2 problems
2026-10-09T08:49:45.6022833Z   2025-02-04: 2 problems
2026-10-09T08:49:45.8188336Z   2025-02-03: 2 problems
2026-10-09T08:49:46.0550425Z   2025-02-01: 2 problems
2026-10-09T08:49:46.2718802Z   2025-01-31: 2 problems
2026-10-09T08:49:46.5052470Z   2025-01-30: 2 problems
2026-10-09T08:49:46.7334903Z   2025-01-29: 2 problems
2026-10-09T08:49:46.9776899Z   2025-01-28: 2 problems
2026-10-09T08:49:47.1942684Z   2025-01-27: 2 problems
2026-10-09T08:49:47.4120960Z   2025-01-25: 2 problems
2026-10-09T08:49:47.6423987Z   2025-01-24: 2 problems
2026-10-09T08:49:47.8738354Z   2025-01-23: 2 problems
2026-10-09T08:49:48.1016115Z   2025-01-22: 2 problems
2026-10-09T08:49:48.2920667Z   2025-01-21: 2 problems
2026-10-09T08:49:48.5208188Z   2025-01-20: 2 problems
2026-10-09T08:49:48.7720812Z   2025-01-18: 2 problems
2026-10-09T08:49:49.0026185Z   2025-01-17: 2 problems
2026-10-09T08:49:49.2533971Z   2025-01-16: 2 problems
2026-10-09T08:49:49.4711643Z   2025-01-15: 2 problems
2026-10-09T08:49:49.7183798Z   2025-01-14: 2 problems
2026-10-09T08:49:49.9308553Z   2025-01-13: 2 problems
2026-10-09T08:49:50.1381562Z   2025-01-11: 2 problems
2026-10-09T08:49:50.3804053Z   2025-01-10: 2 problems
2026-10-09T08:49:50.5887533Z   2025-01-09: 2 problems
2026-10-09T08:49:50.8286713Z   2025-01-08: 2 problems
2026-10-09T08:49:51.0327272Z   2025-01-07: 2 problems
2026-10-09T08:49:51.2525933Z   2025-01-06: 2 problems
2026-10-09T08:49:51.5015419Z   2025-01-04: 2 problems
2026-10-09T08:49:51.7243225Z   2025-01-03: 2 problems
2026-10-09T08:49:51.9711886Z   2025-01-02: 2 problems
2026-10-09T08:49:52.1688146Z   2025-01-01: 2 problems
2026-10-09T08:49:52.3765676Z   2024-12-31: 2 problems
2026-10-09T08:49:52.5969589Z   2024-12-30: 2 problems
2026-10-09T08:49:52.8198793Z   2024-12-28: 2 problems
2026-10-09T08:49:53.0480860Z   2024-12-27: 2 problems
2026-10-09T08:49:53.2957558Z   2024-12-26: 2 problems
2026-10-09T08:49:53.4719158Z   2024-12-25: 2 problems
2026-10-09T08:49:53.7604878Z   2024-12-24: 2 problems
2026-10-09T08:49:54.0275367Z   2024-12-23: 2 problems
2026-10-09T08:49:54.2647867Z   2024-12-21: 2 problems
2026-10-09T08:49:54.6130005Z   2024-12-20: 2 problems
2026-10-09T08:49:54.8564623Z   2024-12-19: 2 problems
2026-10-09T08:49:55.0936890Z   2024-12-18: 2 problems
2026-10-09T08:49:55.3738102Z   2024-12-17: 2 problems
2026-10-09T08:49:55.6100282Z   2024-12-16: 2 problems
2026-10-09T08:49:55.8128251Z   2024-12-14: 2 problems
2026-10-09T08:49:56.0834507Z   2024-12-13: 2 problems
2026-10-09T08:49:56.3077571Z   2024-12-12: 2 problems
2026-10-09T08:49:56.6001251Z   2024-12-11: 2 problems
2026-10-09T08:49:56.9270654Z   2024-12-10: 2 problems
2026-10-09T08:49:57.1710564Z   2024-12-09: 2 problems
2026-10-09T08:49:57.3932963Z   2024-12-07: 2 problems
2026-10-09T08:49:57.6360013Z   2024-12-06: 2 problems
2026-10-09T08:49:57.8778462Z   2024-12-05: 2 problems
2026-10-09T08:49:58.1247955Z   2024-12-04: 2 problems
2026-10-09T08:49:58.3316643Z   2024-12-03: 2 problems
2026-10-09T08:49:58.5430239Z   2024-12-02: 2 problems
2026-10-09T08:49:58.7664802Z   2024-11-30: 2 problems
2026-10-09T08:49:58.9960634Z   2024-11-29: 2 problems
2026-10-09T08:49:59.2491869Z   2024-11-28: 2 problems
2026-10-09T08:49:59.4882427Z   2024-11-27: 2 problems
2026-10-09T08:49:59.7290831Z   2024-11-26: 2 problems
2026-10-09T08:49:59.9470667Z   2024-11-25: 2 problems
2026-10-09T08:50:00.1724512Z   2024-11-23: 2 problems
2026-10-09T08:50:00.3852097Z   2024-11-22: 2 problems
2026-10-09T08:50:00.5489905Z   2024-11-21: 2 problems
2026-10-09T08:50:00.8099322Z   2024-11-20: 2 problems
2026-10-09T08:50:01.0314451Z   2024-11-19: 2 problems
2026-10-09T08:50:01.2609906Z   2024-11-18: 2 problems
2026-10-09T08:50:01.4369955Z   2024-11-16: 2 problems
2026-10-09T08:50:01.6477494Z   2024-11-15: 2 problems
2026-10-09T08:50:01.8666960Z   2024-11-14: 2 problems
2026-10-09T08:50:02.0403044Z   2024-11-13: 2 problems
2026-10-09T08:50:02.2809769Z   2024-11-12: 2 problems
2026-10-09T08:50:02.5013187Z   2024-11-11: 2 problems
2026-10-09T08:50:02.7344037Z   2024-11-09: 2 problems
2026-10-09T08:50:02.9883470Z   2024-11-08: 2 problems
2026-10-09T08:50:03.2160640Z   2024-11-07: 2 problems
2026-10-09T08:50:03.4372667Z   2024-11-06: 2 problems
2026-10-09T08:50:03.6259046Z   2024-11-05: 2 problems
2026-10-09T08:50:03.8700257Z   2024-11-04: 2 problems
2026-10-09T08:50:04.0435243Z   2024-11-02: 2 problems
2026-10-09T08:50:04.2574215Z   2024-11-01: 2 problems
2026-10-09T08:50:04.4776594Z   2024-10-31: 2 problems
2026-10-09T08:50:04.6796532Z   2024-10-30: 2 problems
2026-10-09T08:50:04.9221961Z   2024-10-29: 2 problems
2026-10-09T08:50:05.0928044Z   2024-10-28: 2 problems
2026-10-09T08:50:05.3427163Z   2024-10-26: 2 problems
2026-10-09T08:50:05.5342519Z   2024-10-25: 2 problems
2026-10-09T08:50:05.7900008Z   2024-10-24: 2 problems
2026-10-09T08:50:06.0225240Z   2024-10-23: 2 problems
2026-10-09T08:50:06.2398411Z   2024-10-22: 2 problems
2026-10-09T08:50:06.4709234Z   2024-10-21: 2 problems
2026-10-09T08:50:06.6925246Z   2024-10-19: 2 problems
2026-10-09T08:50:06.9018912Z   2024-10-18: 2 problems
2026-10-09T08:50:07.0985321Z   2024-10-17: 2 problems
2026-10-09T08:50:07.3398781Z   2024-10-16: 2 problems
2026-10-09T08:50:07.5800490Z   2024-10-15: 2 problems
2026-10-09T08:50:07.7785780Z   2024-10-14: 2 problems
2026-10-09T08:50:07.9982693Z   2024-10-12: 2 problems
2026-10-09T08:50:08.2148215Z   2024-10-11: 2 problems
2026-10-09T08:50:08.4476220Z   2024-10-10: 2 problems
2026-10-09T08:50:08.6650690Z   2024-10-09: 2 problems
2026-10-09T08:50:08.8584092Z   2024-10-08: 2 problems
2026-10-09T08:50:09.0535462Z   2024-10-07: 2 problems
2026-10-09T08:50:09.2540922Z   2024-10-05: 2 problems
2026-10-09T08:50:09.4474114Z   2024-10-04: 2 problems
2026-10-09T08:50:09.6224954Z   2024-10-03: 2 problems
2026-10-09T08:50:09.8016233Z   2024-10-02: 2 problems
2026-10-09T08:50:09.9851267Z   2024-10-01: 2 problems
2026-10-09T08:50:10.1877589Z   2024-09-30: 2 problems
2026-10-09T08:50:10.4024274Z   2024-09-28: 2 problems
2026-10-09T08:50:10.6109713Z   2024-09-27: 2 problems
2026-10-09T08:50:10.8089826Z   2024-09-26: 2 problems
2026-10-09T08:50:11.0243881Z   2024-09-25: 2 problems
2026-10-09T08:50:11.1476628Z   2024-09-24: 2 problems
2026-10-09T08:50:11.3683156Z   2024-09-23: 2 problems
2026-10-09T08:50:11.5503330Z   2024-09-21: 2 problems
2026-10-09T08:50:11.7349330Z   2024-09-20: 2 problems
2026-10-09T08:50:11.9877954Z   2024-09-19: 2 problems
2026-10-09T08:50:12.1605187Z   2024-09-18: 2 problems
2026-10-09T08:50:12.3558440Z   2024-09-17: 2 problems
2026-10-09T08:50:12.6071540Z   2024-09-16: 2 problems
2026-10-09T08:50:12.8133211Z   2024-09-14: 2 problems
2026-10-09T08:50:13.0013027Z   2024-09-13: 2 problems
2026-10-09T08:50:13.2386032Z   2024-09-12: 2 problems
2026-10-09T08:50:13.4535269Z   2024-09-11: 2 problems
2026-10-09T08:50:13.6658245Z   2024-09-10: 2 problems
2026-10-09T08:50:13.8564909Z   2024-09-09: 2 problems
2026-10-09T08:50:14.0614154Z   2024-09-07: 2 problems
2026-10-09T08:50:14.2684380Z   2024-09-06: 2 problems
2026-10-09T08:50:14.4762455Z   2024-09-05: 2 problems
2026-10-09T08:50:14.6466513Z   2024-09-04: 2 problems
2026-10-09T08:50:14.8334807Z   2024-09-03: 2 problems
2026-10-09T08:50:15.0335122Z   2024-09-02: 2 problems
2026-10-09T08:50:15.2439416Z   2024-08-31: 2 problems
2026-10-09T08:50:15.4677602Z   2024-08-30: 2 problems
2026-10-09T08:50:15.6851649Z   2024-08-29: 2 problems
2026-10-09T08:50:15.8767358Z   2024-08-28: 2 problems
2026-10-09T08:50:16.0676095Z   2024-08-27: 2 problems
2026-10-09T08:50:16.2927891Z   2024-08-26: 2 problems
2026-10-09T08:50:16.5082611Z   2024-08-24: 2 problems
2026-10-09T08:50:16.7088544Z   2024-08-23: 2 problems
2026-10-09T08:50:16.8897383Z   2024-08-22: 2 problems
2026-10-09T08:50:17.0777962Z   2024-08-21: 2 problems
2026-10-09T08:50:17.2857323Z   2024-08-20: 2 problems
2026-10-09T08:50:17.4855584Z   2024-08-19: 2 problems
2026-10-09T08:50:17.6813889Z   2024-08-17: 2 problems
2026-10-09T08:50:17.8791226Z   2024-08-16: 2 problems
2026-10-09T08:50:18.0796885Z   2024-08-15: 2 problems
2026-10-09T08:50:18.2982626Z   2024-08-14: 2 problems
2026-10-09T08:50:18.5166570Z   2024-08-13: 2 problems
2026-10-09T08:50:18.7271467Z   2024-08-12: 2 problems
2026-10-09T08:50:18.9196873Z   2024-08-10: 2 problems
2026-10-09T08:50:19.1112780Z   2024-08-09: 2 problems
2026-10-09T08:50:19.3029805Z   2024-08-08: 2 problems
2026-10-09T08:50:19.4771504Z   2024-08-07: 2 problems
2026-10-09T08:50:19.6951769Z   2024-08-06: 2 problems
2026-10-09T08:50:19.9733799Z   2024-08-05: 2 problems
2026-10-09T08:50:20.2041601Z   2024-08-03: 2 problems
2026-10-09T08:50:20.4292229Z   2024-08-02: 2 problems
2026-10-09T08:50:20.6639599Z   2024-08-01: 2 problems
2026-10-09T08:50:20.8593807Z   2024-07-31: 2 problems
2026-10-09T08:50:21.0436739Z   2024-07-30: 2 problems
2026-10-09T08:50:21.2304643Z   2024-07-29: 2 problems
2026-10-09T08:50:21.4449476Z   2024-07-27: 2 problems
2026-10-09T08:50:21.6063728Z   2024-07-26: 2 problems
2026-10-09T08:50:21.8154867Z   2024-07-25: 2 problems
2026-10-09T08:50:22.0248465Z   2024-07-24: 2 problems
2026-10-09T08:50:22.2241237Z   2024-07-23: 2 problems
2026-10-09T08:50:22.4497955Z   2024-07-22: 2 problems
2026-10-09T08:50:22.6794088Z   2024-07-20: 2 problems
2026-10-09T08:50:22.8679390Z   2024-07-19: 2 problems
2026-10-09T08:50:23.1059477Z   2024-07-18: 2 problems
2026-10-09T08:50:23.3073262Z   2024-07-17: 2 problems
2026-10-09T08:50:23.5079184Z   2024-07-16: 2 problems
2026-10-09T08:50:23.7375334Z   2024-07-15: 2 problems
2026-10-09T08:50:23.9366548Z   2024-07-13: 2 problems
2026-10-09T08:50:24.0609436Z   2024-07-12: 2 problems
2026-10-09T08:50:24.2495449Z   2024-07-11: 2 problems
2026-10-09T08:50:24.4573918Z   2024-07-10: 2 problems
2026-10-09T08:50:24.6529698Z   2024-07-09: 2 problems
2026-10-09T08:50:24.8292971Z   2024-07-08: 2 problems
2026-10-09T08:50:25.0131409Z   2024-07-06: 2 problems
2026-10-09T08:50:25.2159605Z   2024-07-05: 2 problems
2026-10-09T08:50:25.4179521Z   2024-07-04: 2 problems
2026-10-09T08:50:25.6101042Z   2024-07-03: 2 problems
2026-10-09T08:50:25.7987810Z   2024-07-02: 2 problems
2026-10-09T08:50:26.0100385Z   2024-07-01: 2 problems
2026-10-09T08:50:26.2301251Z   2024-06-29: 2 problems
2026-10-09T08:50:26.4188257Z   2024-06-28: 2 problems
2026-10-09T08:50:26.6144833Z   2024-06-27: 2 problems
2026-10-09T08:50:26.8322867Z   2024-06-26: 2 problems
2026-10-09T08:50:27.0375445Z   2024-06-25: 2 problems
2026-10-09T08:50:27.2494355Z   2024-06-24: 2 problems
2026-10-09T08:50:27.4173778Z   2024-06-22: 2 problems
2026-10-09T08:50:27.6451945Z   2024-06-21: 2 problems
2026-10-09T08:50:27.8455179Z   2024-06-20: 2 problems
2026-10-09T08:50:28.0358459Z   2024-06-19: 2 problems
2026-10-09T08:50:28.2265394Z   2024-06-18: 2 problems
2026-10-09T08:50:28.4106249Z   2024-06-17: 2 problems
2026-10-09T08:50:28.5850783Z   2024-06-15: 2 problems
2026-10-09T08:50:28.7962806Z   2024-06-14: 2 problems
2026-10-09T08:50:28.9680378Z   2024-06-13: 2 problems
2026-10-09T08:50:29.1728235Z   2024-06-12: 2 problems
2026-10-09T08:50:29.3468558Z   2024-06-11: 2 problems
2026-10-09T08:50:29.5427210Z   2024-06-10: 2 problems
2026-10-09T08:50:29.7253288Z   2024-06-08: 2 problems
2026-10-09T08:50:29.9404205Z   2024-06-07: 2 problems
2026-10-09T08:50:30.1997615Z   2024-06-06: 2 problems
2026-10-09T08:50:30.4538042Z   2024-06-05: 2 problems
2026-10-09T08:50:30.6498035Z   2024-06-04: 2 problems
2026-10-09T08:50:30.8454150Z   2024-06-03: 2 problems
2026-10-09T08:50:31.0498723Z   2024-06-01: 2 problems
2026-10-09T08:50:31.2432658Z   2024-05-31: 2 problems
2026-10-09T08:50:31.4313445Z   2024-05-30: 2 problems
2026-10-09T08:50:31.6224089Z   2024-05-29: 2 problems
2026-10-09T08:50:31.8308731Z   2024-05-28: 2 problems
2026-10-09T08:50:32.0450136Z   2024-05-27: 2 problems
2026-10-09T08:50:32.2483206Z   2024-05-25: 2 problems
2026-10-09T08:50:32.4553990Z   2024-05-24: 2 problems
2026-10-09T08:50:32.7106924Z   2024-05-23: 2 problems
2026-10-09T08:50:32.9223212Z   2024-05-22: 2 problems
2026-10-09T08:50:33.1388036Z   2024-05-21: 2 problems
2026-10-09T08:50:33.3475372Z   2024-05-20: 2 problems
2026-10-09T08:50:33.5406232Z   2024-05-18: 2 problems
2026-10-09T08:50:33.7849168Z   2024-05-17: 2 problems
2026-10-09T08:50:34.0239837Z   2024-05-16: 2 problems
2026-10-09T08:50:34.2087496Z   2024-05-15: 2 problems
2026-10-09T08:50:34.4222809Z   2024-05-14: 2 problems
2026-10-09T08:50:34.6135798Z   2024-05-13: 2 problems
2026-10-09T08:50:34.8450177Z   2024-05-11: 2 problems
2026-10-09T08:50:35.0748730Z   2024-05-10: 2 problems
2026-10-09T08:50:35.3112805Z   2024-05-09: 2 problems
2026-10-09T08:50:35.5150682Z   2024-05-08: 2 problems
2026-10-09T08:50:35.7113566Z   2024-05-07: 2 problems
2026-10-09T08:50:35.9062012Z   2024-05-06: 2 problems
2026-10-09T08:50:36.1169105Z   2024-05-04: 2 problems
2026-10-09T08:50:36.3245964Z   2024-05-03: 2 problems
2026-10-09T08:50:36.5347363Z   2024-05-02: 2 problems
2026-10-09T08:50:36.7411876Z   2024-05-01: 2 problems
2026-10-09T08:50:36.9687634Z   2024-04-30: 2 problems
2026-10-09T08:50:37.1739350Z   2024-04-29: 2 problems
2026-10-09T08:50:37.3863673Z   2024-04-27: 2 problems
2026-10-09T08:50:37.5787104Z   2024-04-26: 2 problems
2026-10-09T08:50:37.7771971Z   2024-04-25: 2 problems
2026-10-09T08:50:37.9936314Z   2024-04-24: 2 problems
2026-10-09T08:50:38.2230599Z   2024-04-23: 2 problems
2026-10-09T08:50:38.4227564Z   2024-04-22: 2 problems
2026-10-09T08:50:38.6207684Z   2024-04-20: 2 problems
2026-10-09T08:50:38.8100217Z   2024-04-19: 2 problems
2026-10-09T08:50:38.9941770Z   2024-04-18: 2 problems
2026-10-09T08:50:39.2045996Z   2024-04-17: 2 problems
2026-10-09T08:50:39.4022527Z   2024-04-16: 2 problems
2026-10-09T08:50:39.5835327Z   2024-04-15: 2 problems
2026-10-09T08:50:39.7771027Z   2024-04-13: 2 problems
2026-10-09T08:50:39.9672888Z   2024-04-12: 2 problems
2026-10-09T08:50:40.1674083Z   2024-04-11: 2 problems
2026-10-09T08:50:40.3708802Z   2024-04-10: 2 problems
2026-10-09T08:50:40.5738830Z   2024-04-09: 2 problems
2026-10-09T08:50:40.7850222Z   2024-04-08: 2 problems
2026-10-09T08:50:41.0035309Z   2024-04-06: 2 problems
2026-10-09T08:50:41.1978357Z   2024-04-05: 2 problems
2026-10-09T08:50:41.4302704Z   2024-04-04: 2 problems
2026-10-09T08:50:41.6216073Z   2024-04-03: 2 problems
2026-10-09T08:50:41.8220839Z   2024-04-02: 2 problems
2026-10-09T08:50:42.0265007Z   2024-04-01: 2 problems
2026-10-09T08:50:42.2532764Z   2024-03-30: 2 problems
2026-10-09T08:50:42.4583474Z   2024-03-29: 2 problems
2026-10-09T08:50:42.6554261Z   2024-03-28: 2 problems
2026-10-09T08:50:42.8589972Z   2024-03-27: 2 problems
2026-10-09T08:50:43.0494051Z   2024-03-26: 2 problems
2026-10-09T08:50:43.2353169Z   2024-03-25: 2 problems
2026-10-09T08:50:43.4349377Z   2024-03-23: 2 problems
2026-10-09T08:50:43.6359577Z   2024-03-22: 2 problems
2026-10-09T08:50:43.8480934Z   2024-03-21: 2 problems
2026-10-09T08:50:44.0813098Z   2024-03-20: 2 problems
2026-10-09T08:50:44.3313011Z   2024-03-19: 2 problems
2026-10-09T08:50:44.5273937Z   2024-03-18: 2 problems
2026-10-09T08:50:44.7397057Z   2024-03-16: 2 problems
2026-10-09T08:50:44.9474431Z   2024-03-15: 2 problems
2026-10-09T08:50:45.1352824Z   2024-03-14: 2 problems
2026-10-09T08:50:45.3359625Z   2024-03-13: 2 problems
2026-10-09T08:50:45.5864595Z   2024-03-12: 2 problems
2026-10-09T08:50:45.7899377Z   2024-03-11: 2 problems
2026-10-09T08:50:45.9895408Z   2024-03-09: 2 problems
2026-10-09T08:50:46.1801690Z   2024-03-08: 2 problems
2026-10-09T08:50:46.3834277Z   2024-03-07: 2 problems
2026-10-09T08:50:46.6310069Z   2024-03-06: 2 problems
2026-10-09T08:50:46.8434974Z   2024-03-05: 2 problems
2026-10-09T08:50:47.0778007Z   2024-03-04: 2 problems
2026-10-09T08:50:47.2720251Z   2024-03-02: 2 problems
2026-10-09T08:50:47.4888500Z   2024-03-01: 2 problems
2026-10-09T08:50:47.6940195Z   2024-02-29: 2 problems
2026-10-09T08:50:47.8800097Z   2024-02-28: 2 problems
2026-10-09T08:50:48.0978218Z   2024-02-27: 2 problems
2026-10-09T08:50:48.3156120Z   2024-02-26: 2 problems
2026-10-09T08:50:48.3157580Z Building categories...
2026-10-09T08:50:50.4621809Z Wrote /home/runner/work/ys_problem_web/ys_problem_web/data/daily.json (818 days, 21 categories).
2026-10-09T08:50:50.4622901Z Syncing leaderboard (records.js from gh-pages)...
2026-10-09T08:50:50.5990645Z   ✓ 362 players, data through 2026-10-08
2026-10-09T08:50:50.5991334Z LEADERBOARD-SYNC {"changed":true,"players":362,"currentDate":"2026-10-08"}
2026-10-09T08:50:50.6181876Z ##[group]Run xvfb-run -a node scripts/fetch-statements.mjs --limit 4 --delay 6000
2026-10-09T08:50:50.6182577Z [36;1mxvfb-run -a node scripts/fetch-statements.mjs --limit 4 --delay 6000[0m
2026-10-09T08:50:50.6245620Z shell: /usr/bin/bash -e {0}
2026-10-09T08:50:50.6245891Z env:
2026-10-09T08:50:50.6246111Z   CF_START_MODE: chrome-headful
2026-10-09T08:50:50.6246372Z ##[endgroup]
2026-10-09T08:50:51.5050809Z Statements on disk: 1607; missing in archive: 26; needs limits: 0; fetching: 4
2026-10-09T08:51:09.5876620Z   [1/4] ✗ GYM106259I — fetch/parse failed
2026-10-09T08:51:17.4472624Z   2 consecutive failures — cooling down 240s…
2026-10-09T08:55:18.7041712Z   [2/4] ✗ GYM105746C — fetch/parse failed
2026-10-09T08:55:35.4432510Z   [3/4] ✗ GYM106225C — fetch/parse failed
2026-10-09T08:55:50.5801510Z   2 consecutive failures — cooling down 240s…
2026-10-09T08:59:59.5167013Z   [4/4] ✗ GYM103575B — fetch/parse failed
2026-10-09T08:59:59.5973770Z 
2026-10-09T08:59:59.5974330Z Done: 0 saved, 4 failed.
2026-10-09T08:59:59.5974853Z Failed codes (rerun this script to retry):
2026-10-09T08:59:59.5975403Z   GYM106259I, GYM105746C, GYM106225C, GYM103575B
2026-10-09T08:59:59.7169634Z ##[group]Run OUT=$(xvfb-run -a node scripts/repair-zsmj.mjs --limit 200 --delay 6000)
2026-10-09T08:59:59.7170258Z [36;1mOUT=$(xvfb-run -a node scripts/repair-zsmj.mjs --limit 200 --delay 6000)[0m
2026-10-09T08:59:59.7170990Z [36;1mecho "$OUT"[0m
2026-10-09T08:59:59.7171579Z [36;1mREPAIRED=$(echo "$OUT" | grep -oE 'Done: [0-9]+ repaired' | grep -oE '[0-9]+' || echo 0)[0m
2026-10-09T08:59:59.7172174Z [36;1mREMAINING=$(grep -l '%%ZSMJ' data/statements/*.json 2>/dev/null | wc -l | tr -d ' ')[0m
2026-10-09T08:59:59.7172715Z [36;1mecho "repaired=$REPAIRED" >> "$GITHUB_OUTPUT"[0m
2026-10-09T08:59:59.7173084Z [36;1mecho "remaining=$REMAINING" >> "$GITHUB_OUTPUT"[0m
2026-10-09T08:59:59.7234890Z shell: /usr/bin/bash -e {0}
2026-10-09T08:59:59.7235159Z env:
2026-10-09T08:59:59.7235378Z   CF_START_MODE: chrome-headful
2026-10-09T08:59:59.7235653Z ##[endgroup]
2026-10-09T09:00:00.1773254Z Statements to repair: 0
2026-10-09T09:00:00.1986629Z ##[group]Run CF_STATEMENTS=0 TRANSLATE=0 node scripts/update-data.mjs
2026-10-09T09:00:00.1987180Z [36;1mCF_STATEMENTS=0 TRANSLATE=0 node scripts/update-data.mjs[0m
2026-10-09T09:00:00.2050544Z shell: /usr/bin/bash -e {0}
2026-10-09T09:00:00.2050859Z ##[endgroup]
2026-10-09T09:00:00.2419725Z (node:3848) [MODULE_TYPELESS_PACKAGE_JSON] Warning: Module type of file:///home/runner/work/ys_problem_web/ys_problem_web/lib/records.js is not specified and it doesn't parse as CommonJS.
2026-10-09T09:00:00.2421381Z Reparsing as ES module because module syntax was detected. This incurs a performance overhead.
2026-10-09T09:00:00.2422412Z To eliminate this warning, add "type": "module" to /home/runner/work/ys_problem_web/ys_problem_web/package.json.
2026-10-09T09:00:00.2423325Z (Use `node --trace-warnings ...` to show where the warning was created)
2026-10-09T09:00:00.3730385Z Discovering daily problem folders...
2026-10-09T09:00:01.1304165Z Found 818 days, syncing the most recent 818.
2026-10-09T09:00:01.7070661Z   2026-10-09: 2 problems
2026-10-09T09:00:01.8858083Z   2026-10-08: 2 problems
2026-10-09T09:00:02.0744936Z   2026-10-07: 2 problems
2026-10-09T09:00:02.2380257Z   2026-10-06: 2 problems
2026-10-09T09:00:02.4037458Z   2026-10-05: 2 problems
2026-10-09T09:00:02.5633928Z   2026-10-03: 2 problems
2026-10-09T09:00:02.7355777Z   2026-10-02: 2 problems
2026-10-09T09:00:02.8849056Z   2026-10-01: 2 problems
2026-10-09T09:00:03.0007409Z   2026-09-30: 2 problems
2026-10-09T09:00:03.1438673Z   2026-09-29: 2 problems
2026-10-09T09:00:03.2703752Z   2026-09-28: 2 problems
2026-10-09T09:00:03.3822433Z   2026-09-26: 2 problems
2026-10-09T09:00:03.4890287Z   2026-09-25: 2 problems
2026-10-09T09:00:03.6024387Z   2026-09-24: 2 problems
2026-10-09T09:00:03.7198286Z   2026-09-23: 2 problems
2026-10-09T09:00:03.8437558Z   2026-09-22: 2 problems
2026-10-09T09:00:03.9761508Z   2026-09-21: 2 problems
2026-10-09T09:00:04.0965043Z   2026-09-19: 2 problems
2026-10-09T09:00:04.2236250Z   2026-09-18: 2 problems
2026-10-09T09:00:04.3439732Z   2026-09-17: 2 problems
2026-10-09T09:00:04.5293024Z   2026-09-16: 2 problems
2026-10-09T09:00:04.6993239Z   2026-09-15: 2 problems
2026-10-09T09:00:04.8065739Z   2026-09-14: 2 problems
2026-10-09T09:00:04.9656243Z   2026-09-12: 2 problems
2026-10-09T09:00:05.0984910Z   2026-09-11: 2 problems
2026-10-09T09:00:05.2496531Z   2026-09-10: 2 problems
2026-10-09T09:00:05.3752910Z   2026-09-09: 2 problems
2026-10-09T09:00:05.5674922Z   2026-09-08: 2 problems
2026-10-09T09:00:05.6805604Z   2026-09-07: 2 problems
2026-10-09T09:00:05.8336777Z   2026-09-05: 2 problems
2026-10-09T09:00:05.9686800Z   2026-09-04: 2 problems
2026-10-09T09:00:06.0842823Z   2026-09-03: 2 problems
2026-10-09T09:00:06.1967025Z   2026-09-02: 2 problems
2026-10-09T09:00:06.3192619Z   2026-09-01: 2 problems
2026-10-09T09:00:06.4409805Z   2026-08-31: 2 problems
2026-10-09T09:00:06.5725172Z   2026-08-29: 2 problems
2026-10-09T09:00:06.7105803Z   2026-08-28: 2 problems
2026-10-09T09:00:06.8180154Z   2026-08-27: 2 problems
2026-10-09T09:00:06.9689842Z   2026-08-26: 2 problems
2026-10-09T09:00:07.0750674Z   2026-08-25: 2 problems
2026-10-09T09:00:07.1908989Z   2026-08-24: 2 problems
2026-10-09T09:00:07.3311266Z   2026-08-22: 2 problems
2026-10-09T09:00:07.4474096Z   2026-08-21: 2 problems
2026-10-09T09:00:07.6052390Z   2026-08-20: 2 problems
2026-10-09T09:00:07.7301258Z   2026-08-19: 2 problems
2026-10-09T09:00:07.8680765Z   2026-08-18: 2 problems
2026-10-09T09:00:08.0160248Z   2026-08-17: 2 problems
2026-10-09T09:00:08.1490908Z   2026-08-15: 2 problems
2026-10-09T09:00:08.2614378Z   2026-08-14: 2 problems
2026-10-09T09:00:08.3909844Z   2026-08-13: 2 problems
2026-10-09T09:00:08.5042209Z   2026-08-12: 2 problems
2026-10-09T09:00:08.6021629Z   2026-08-11: 2 problems
2026-10-09T09:00:08.6969525Z   2026-08-10: 2 problems
2026-10-09T09:00:08.8011491Z   2026-08-08: 2 problems
2026-10-09T09:00:08.9205657Z   2026-08-07: 2 problems
2026-10-09T09:00:09.0713928Z   2026-08-06: 2 problems
2026-10-09T09:00:09.2078438Z   2026-08-05: 2 problems
2026-10-09T09:00:09.3203276Z   2026-08-04: 2 problems
2026-10-09T09:00:09.4643645Z   2026-08-03: 2 problems
2026-10-09T09:00:09.5757668Z   2026-08-01: 2 problems
2026-10-09T09:00:09.6493188Z   2026-07-31: 2 problems
2026-10-09T09:00:09.7894128Z   2026-07-30: 2 problems
2026-10-09T09:00:09.9176173Z   2026-07-29: 2 problems
2026-10-09T09:00:10.0276268Z   2026-07-28: 2 problems
2026-10-09T09:00:10.1509147Z   2026-07-27: 2 problems
2026-10-09T09:00:10.2768628Z   2026-07-25: 2 problems
2026-10-09T09:00:10.4313983Z   2026-07-24: 2 problems
2026-10-09T09:00:10.5542067Z   2026-07-23: 2 problems
2026-10-09T09:00:10.6970916Z   2026-07-22: 2 problems
2026-10-09T09:00:10.8427053Z   2026-07-21: 2 problems
2026-10-09T09:00:10.9482833Z   2026-07-16: 2 problems
2026-10-09T09:00:11.0676811Z   2026-07-15: 2 problems
2026-10-09T09:00:11.1830583Z   2026-07-14: 2 problems
2026-10-09T09:00:11.2739333Z   2026-07-13: 2 problems
2026-10-09T09:00:11.4046906Z   2026-07-11: 2 problems
2026-10-09T09:00:11.4983577Z   2026-07-10: 2 problems
2026-10-09T09:00:11.6232588Z   2026-07-09: 2 problems
2026-10-09T09:00:11.7366243Z   2026-07-08: 2 problems
2026-10-09T09:00:11.8289526Z   2026-07-07: 2 problems
2026-10-09T09:00:11.9713830Z   2026-07-06: 2 problems
2026-10-09T09:00:12.0733031Z   2026-07-04: 2 problems
2026-10-09T09:00:12.1817945Z   2026-07-03: 2 problems
2026-10-09T09:00:12.3073052Z   2026-07-02: 2 problems
2026-10-09T09:00:12.4457574Z   2026-07-01: 2 problems
2026-10-09T09:00:12.5647498Z   2026-06-30: 2 problems
2026-10-09T09:00:12.7236230Z   2026-06-29: 2 problems
2026-10-09T09:00:12.8130778Z   2026-06-27: 2 problems
2026-10-09T09:00:12.9322232Z   2026-06-26: 2 problems
2026-10-09T09:00:13.0475856Z   2026-06-25: 2 problems
2026-10-09T09:00:13.1546004Z   2026-06-24: 2 problems
2026-10-09T09:00:13.2782756Z   2026-06-23: 2 problems
2026-10-09T09:00:13.4031989Z   2026-06-22: 2 problems
2026-10-09T09:00:13.4792143Z   2026-06-20: 1 problems
2026-10-09T09:00:13.5918298Z   2026-06-19: 2 problems
2026-10-09T09:00:13.6869651Z   2026-06-18: 2 problems
2026-10-09T09:00:13.7888989Z   2026-06-17: 2 problems
2026-10-09T09:00:13.8933752Z   2026-06-16: 2 problems
2026-10-09T09:00:13.9819539Z   2026-06-15: 2 problems
2026-10-09T09:00:14.0755168Z   2026-06-13: 2 problems
2026-10-09T09:00:14.1616277Z   2026-06-12: 2 problems
2026-10-09T09:00:14.2685915Z   2026-06-11: 2 problems
2026-10-09T09:00:14.3658877Z   2026-06-10: 2 problems
2026-10-09T09:00:14.4775013Z   2026-06-09: 2 problems
2026-10-09T09:00:14.5803895Z   2026-06-08: 2 problems
2026-10-09T09:00:14.6837100Z   2026-06-06: 2 problems
2026-10-09T09:00:14.8375169Z   2026-06-05: 2 problems
2026-10-09T09:00:14.9450669Z   2026-06-04: 2 problems
2026-10-09T09:00:14.9969016Z   2026-06-03: 2 problems
2026-10-09T09:00:15.1148187Z   2026-06-02: 2 problems
2026-10-09T09:00:15.2250018Z   2026-06-01: 2 problems
2026-10-09T09:00:15.3278100Z   2026-05-30: 2 problems
2026-10-09T09:00:15.4219079Z   2026-05-29: 2 problems
2026-10-09T09:00:15.5340885Z   2026-05-28: 2 problems
2026-10-09T09:00:15.6412524Z   2026-05-27: 2 problems
2026-10-09T09:00:15.7307783Z   2026-05-26: 2 problems
2026-10-09T09:00:15.8491280Z   2026-05-25: 2 problems
2026-10-09T09:00:15.9484754Z   2026-05-23: 2 problems
2026-10-09T09:00:16.0450144Z   2026-05-22: 2 problems
2026-10-09T09:00:16.1497351Z   2026-05-21: 2 problems
2026-10-09T09:00:16.2684399Z   2026-05-20: 2 problems
2026-10-09T09:00:16.3953681Z   2026-05-19: 2 problems
2026-10-09T09:00:16.5199406Z   2026-05-18: 2 problems
2026-10-09T09:00:16.6206458Z   2026-05-16: 2 problems
2026-10-09T09:00:16.7199782Z   2026-05-15: 2 problems
2026-10-09T09:00:16.8209340Z   2026-05-14: 2 problems
2026-10-09T09:00:16.9319065Z   2026-05-13: 2 problems
2026-10-09T09:00:17.0534321Z   2026-05-12: 2 problems
2026-10-09T09:00:17.1560618Z   2026-05-11: 2 problems
2026-10-09T09:00:17.2501949Z   2026-05-09: 2 problems
2026-10-09T09:00:17.3628122Z   2026-05-08: 2 problems
2026-10-09T09:00:17.5026608Z   2026-05-07: 2 problems
2026-10-09T09:00:17.5976102Z   2026-05-06: 2 problems
2026-10-09T09:00:17.6978678Z   2026-05-05: 2 problems
2026-10-09T09:00:17.8067044Z   2026-05-04: 2 problems
2026-10-09T09:00:17.9071016Z   2026-05-02: 2 problems
2026-10-09T09:00:18.0048401Z   2026-05-01: 2 problems
2026-10-09T09:00:18.1488258Z   2026-04-30: 2 problems
2026-10-09T09:00:18.2373635Z   2026-04-29: 2 problems
2026-10-09T09:00:18.3730211Z   2026-04-28: 2 problems
2026-10-09T09:00:18.4798636Z   2026-04-27: 2 problems
2026-10-09T09:00:18.5648242Z   2026-04-25: 2 problems
2026-10-09T09:00:18.6795145Z   2026-04-24: 2 problems
2026-10-09T09:00:18.7669991Z   2026-04-23: 2 problems
2026-10-09T09:00:18.8865742Z   2026-04-22: 2 problems
2026-10-09T09:00:18.9844690Z   2026-04-21: 2 problems
2026-10-09T09:00:19.1309353Z   2026-04-20: 2 problems
2026-10-09T09:00:19.2376167Z   2026-04-18: 2 problems
2026-10-09T09:00:19.3494128Z   2026-04-17: 2 problems
2026-10-09T09:00:19.4490028Z   2026-04-16: 2 problems
2026-10-09T09:00:19.5573729Z   2026-04-15: 2 problems
2026-10-09T09:00:19.6689313Z   2026-04-14: 2 problems
2026-10-09T09:00:19.7740453Z   2026-04-13: 2 problems
2026-10-09T09:00:19.8702277Z   2026-04-11: 2 problems
2026-10-09T09:00:19.9664744Z   2026-04-10: 2 problems
2026-10-09T09:00:20.0965967Z   2026-04-09: 2 problems
2026-10-09T09:00:20.1643469Z   2026-04-08: 2 problems
2026-10-09T09:00:20.2449241Z   2026-04-07: 2 problems
2026-10-09T09:00:20.3860667Z   2026-04-06: 2 problems
2026-10-09T09:00:20.4924079Z   2026-04-04: 2 problems
2026-10-09T09:00:20.5958932Z   2026-04-03: 2 problems
2026-10-09T09:00:20.6923172Z   2026-04-02: 2 problems
2026-10-09T09:00:20.7957680Z   2026-04-01: 2 problems
2026-10-09T09:00:20.8885770Z   2026-03-31: 2 problems
2026-10-09T09:00:21.0044082Z   2026-03-30: 2 problems
2026-10-09T09:00:21.1007931Z   2026-03-28: 2 problems
2026-10-09T09:00:21.2155314Z   2026-03-27: 2 problems
2026-10-09T09:00:21.3279548Z   2026-03-26: 2 problems
2026-10-09T09:00:21.4239937Z   2026-03-25: 2 problems
2026-10-09T09:00:21.5484174Z   2026-03-24: 2 problems
2026-10-09T09:00:21.6691034Z   2026-03-23: 2 problems
2026-10-09T09:00:21.7873984Z   2026-03-21: 2 problems
2026-10-09T09:00:21.8883528Z   2026-03-20: 2 problems
2026-10-09T09:00:22.0051617Z   2026-03-19: 2 problems
2026-10-09T09:00:22.0946662Z   2026-03-18: 2 problems
2026-10-09T09:00:22.1826517Z   2026-03-17: 2 problems
2026-10-09T09:00:22.2969275Z   2026-03-16: 2 problems
2026-10-09T09:00:22.4170415Z   2026-03-14: 2 problems
2026-10-09T09:00:22.5084098Z   2026-03-13: 2 problems
2026-10-09T09:00:22.6107457Z   2026-03-12: 2 problems
2026-10-09T09:00:22.7220389Z   2026-03-11: 2 problems
2026-10-09T09:00:22.8230130Z   2026-03-10: 2 problems
2026-10-09T09:00:22.9357567Z   2026-03-09: 2 problems
2026-10-09T09:00:23.0519903Z   2026-03-07: 2 problems
2026-10-09T09:00:23.1467248Z   2026-03-06: 2 problems
2026-10-09T09:00:23.2979109Z   2026-03-05: 2 problems
2026-10-09T09:00:23.4007609Z   2026-03-04: 2 problems
2026-10-09T09:00:23.5064914Z   2026-03-03: 2 problems
2026-10-09T09:00:23.5909428Z   2026-03-02: 2 problems
2026-10-09T09:00:23.6926990Z   2026-02-28: 2 problems
2026-10-09T09:00:23.7863335Z   2026-02-27: 2 problems
2026-10-09T09:00:23.9014710Z   2026-02-26: 2 problems
2026-10-09T09:00:23.9920139Z   2026-02-25: 2 problems
2026-10-09T09:00:24.1068494Z   2026-02-24: 2 problems
2026-10-09T09:00:24.2299948Z   2026-02-23: 2 problems
2026-10-09T09:00:24.3549862Z   2026-02-21: 2 problems
2026-10-09T09:00:24.4510335Z   2026-02-20: 2 problems
2026-10-09T09:00:24.5542629Z   2026-02-19: 2 problems
2026-10-09T09:00:24.6830581Z   2026-02-18: 2 problems
2026-10-09T09:00:24.7860275Z   2026-02-17: 2 problems
2026-10-09T09:00:24.9266258Z   2026-02-16: 2 problems
2026-10-09T09:00:25.0311136Z   2026-02-14: 2 problems
2026-10-09T09:00:25.1572670Z   2026-02-13: 2 problems
2026-10-09T09:00:25.2716216Z   2026-02-12: 2 problems
2026-10-09T09:00:25.3762575Z   2026-02-11: 2 problems
2026-10-09T09:00:25.4693555Z   2026-02-10: 2 problems
2026-10-09T09:00:25.5888734Z   2026-02-09: 2 problems
2026-10-09T09:00:25.6961745Z   2026-02-07: 2 problems
2026-10-09T09:00:25.7932606Z   2026-02-06: 2 problems
2026-10-09T09:00:25.8844761Z   2026-02-05: 2 problems
2026-10-09T09:00:26.0109686Z   2026-02-04: 2 problems
2026-10-09T09:00:26.1327093Z   2026-02-03: 2 problems
2026-10-09T09:00:26.2490236Z   2026-02-02: 2 problems
2026-10-09T09:00:26.3585999Z   2026-01-31: 2 problems
2026-10-09T09:00:26.4750784Z   2026-01-30: 2 problems
2026-10-09T09:00:26.6000224Z   2026-01-29: 2 problems
2026-10-09T09:00:26.6881873Z   2026-01-28: 2 problems
2026-10-09T09:00:26.7698056Z   2026-01-27: 2 problems
2026-10-09T09:00:26.8554734Z   2026-01-26: 2 problems
2026-10-09T09:00:26.9624972Z   2026-01-24: 2 problems
2026-10-09T09:00:27.0681209Z   2026-01-23: 2 problems
2026-10-09T09:00:27.1494493Z   2026-01-22: 2 problems
2026-10-09T09:00:27.2421115Z   2026-01-21: 2 problems
2026-10-09T09:00:27.4094518Z   2026-01-20: 2 problems
2026-10-09T09:00:27.5268650Z   2026-01-19: 2 problems
2026-10-09T09:00:27.6267206Z   2026-01-17: 2 problems
2026-10-09T09:00:27.7556545Z   2026-01-16: 2 problems
2026-10-09T09:00:27.8654951Z   2026-01-15: 2 problems
2026-10-09T09:00:27.9590193Z   2026-01-14: 2 problems
2026-10-09T09:00:28.0604096Z   2026-01-13: 2 problems
2026-10-09T09:00:28.1784308Z   2026-01-12: 2 problems
2026-10-09T09:00:28.2710447Z   2026-01-10: 2 problems
2026-10-09T09:00:28.3744354Z   2026-01-09: 2 problems
2026-10-09T09:00:28.4676247Z   2026-01-08: 2 problems
2026-10-09T09:00:28.6279466Z   2026-01-07: 2 problems
2026-10-09T09:00:28.7329170Z   2026-01-06: 2 problems
2026-10-09T09:00:28.8446088Z   2026-01-05: 2 problems
2026-10-09T09:00:28.9349895Z   2026-01-03: 2 problems
2026-10-09T09:00:29.0546885Z   2026-01-02: 2 problems
2026-10-09T09:00:29.1499420Z   2026-01-01: 2 problems
2026-10-09T09:00:29.2710198Z   2025-12-31: 2 problems
2026-10-09T09:00:29.3679705Z   2025-12-30: 2 problems
2026-10-09T09:00:29.4788183Z   2025-12-29: 2 problems
2026-10-09T09:00:29.5917209Z   2025-12-27: 2 problems
2026-10-09T09:00:29.7170557Z   2025-12-26: 2 problems
2026-10-09T09:00:29.8355013Z   2025-12-25: 2 problems
2026-10-09T09:00:29.9606416Z   2025-12-24: 2 problems
2026-10-09T09:00:30.0791959Z   2025-12-23: 2 problems
2026-10-09T09:00:30.2041603Z   2025-12-22: 2 problems
2026-10-09T09:00:30.3594191Z   2025-12-20: 2 problems
2026-10-09T09:00:30.4434714Z   2025-12-19: 2 problems
2026-10-09T09:00:30.5270281Z   2025-12-18: 2 problems
2026-10-09T09:00:30.6273447Z   2025-12-17: 2 problems
2026-10-09T09:00:30.7989877Z   2025-12-16: 2 problems
2026-10-09T09:00:30.9053898Z   2025-12-15: 2 problems
2026-10-09T09:00:30.9962075Z   2025-12-13: 2 problems
2026-10-09T09:00:31.0930029Z   2025-12-12: 2 problems
2026-10-09T09:00:31.1998433Z   2025-12-11: 2 problems
2026-10-09T09:00:31.2983120Z   2025-12-10: 2 problems
2026-10-09T09:00:31.4281439Z   2025-12-09: 2 problems
2026-10-09T09:00:31.5010050Z   2025-12-08: 2 problems
2026-10-09T09:00:31.5992084Z   2025-12-06: 2 problems
2026-10-09T09:00:31.7135412Z   2025-12-05: 2 problems
2026-10-09T09:00:31.8491369Z   2025-12-04: 2 problems
2026-10-09T09:00:31.9776478Z   2025-12-03: 2 problems
2026-10-09T09:00:32.1251671Z   2025-12-02: 2 problems
2026-10-09T09:00:32.2208525Z   2025-12-01: 2 problems
2026-10-09T09:00:32.3446966Z   2025-11-29: 2 problems
2026-10-09T09:00:32.4749117Z   2025-11-28: 2 problems
2026-10-09T09:00:32.5815784Z   2025-11-27: 2 problems
2026-10-09T09:00:32.6902512Z   2025-11-26: 2 problems
2026-10-09T09:00:32.8351195Z   2025-11-25: 2 problems
2026-10-09T09:00:32.9636047Z   2025-11-24: 2 problems
2026-10-09T09:00:33.0663834Z   2025-11-22: 2 problems
2026-10-09T09:00:33.1820266Z   2025-11-21: 2 problems
2026-10-09T09:00:33.2917876Z   2025-11-20: 2 problems
2026-10-09T09:00:33.4108289Z   2025-11-19: 2 problems
2026-10-09T09:00:33.5598409Z   2025-11-18: 2 problems
2026-10-09T09:00:33.7219972Z   2025-11-17: 2 problems
2026-10-09T09:00:33.8302568Z   2025-11-15: 2 problems
2026-10-09T09:00:33.9231875Z   2025-11-14: 2 problems
2026-10-09T09:00:34.0457333Z   2025-11-13: 2 problems
2026-10-09T09:00:34.1865983Z   2025-11-12: 2 problems
2026-10-09T09:00:34.2969867Z   2025-11-11: 2 problems
2026-10-09T09:00:34.4301267Z   2025-11-10: 2 problems
2026-10-09T09:00:34.5345259Z   2025-11-08: 2 problems
2026-10-09T09:00:34.6361228Z   2025-11-07: 2 problems
2026-10-09T09:00:34.7652304Z   2025-11-06: 2 problems
2026-10-09T09:00:34.8768507Z   2025-11-05: 2 problems
2026-10-09T09:00:34.9906186Z   2025-11-04: 2 problems
2026-10-09T09:00:35.1540892Z   2025-11-03: 2 problems
2026-10-09T09:00:35.2443456Z   2025-11-01: 2 problems
2026-10-09T09:00:35.3305227Z   2025-10-31: 2 problems
2026-10-09T09:00:35.4278281Z   2025-10-30: 2 problems
2026-10-09T09:00:35.5619729Z   2025-10-29: 2 problems
2026-10-09T09:00:35.6822032Z   2025-10-28: 2 problems
2026-10-09T09:00:35.7841016Z   2025-10-27: 2 problems
2026-10-09T09:00:35.8990677Z   2025-10-25: 2 problems
2026-10-09T09:00:36.0183539Z   2025-10-24: 2 problems
2026-10-09T09:00:36.1231098Z   2025-10-23: 2 problems
2026-10-09T09:00:36.2127260Z   2025-10-22: 2 problems
2026-10-09T09:00:36.3198351Z   2025-10-21: 2 problems
2026-10-09T09:00:36.4164330Z   2025-10-20: 2 problems
2026-10-09T09:00:36.5635000Z   2025-10-18: 2 problems
2026-10-09T09:00:36.6701274Z   2025-10-17: 2 problems
2026-10-09T09:00:36.7985694Z   2025-10-16: 2 problems
2026-10-09T09:00:36.9006126Z   2025-10-15: 2 problems
2026-10-09T09:00:36.9996989Z   2025-10-14: 2 problems
2026-10-09T09:00:37.1021798Z   2025-10-13: 2 problems
2026-10-09T09:00:37.1948152Z   2025-10-11: 2 problems
2026-10-09T09:00:37.3173063Z   2025-10-10: 2 problems
2026-10-09T09:00:37.4745332Z   2025-10-09: 2 problems
2026-10-09T09:00:37.5776953Z   2025-10-08: 2 problems
2026-10-09T09:00:37.7202819Z   2025-10-07: 2 problems
2026-10-09T09:00:37.8263304Z   2025-10-06: 2 problems
2026-10-09T09:00:37.9158874Z   2025-10-04: 2 problems
2026-10-09T09:00:38.0515980Z   2025-10-03: 2 problems
2026-10-09T09:00:38.1608260Z   2025-10-02: 2 problems
2026-10-09T09:00:38.3383133Z   2025-10-01: 2 problems
2026-10-09T09:00:38.4700239Z   2025-09-30: 2 problems
2026-10-09T09:00:38.5938996Z   2025-09-29: 2 problems
2026-10-09T09:00:38.6807427Z   2025-09-27: 2 problems
2026-10-09T09:00:38.7917574Z   2025-09-26: 2 problems
2026-10-09T09:00:38.9298428Z   2025-09-25: 2 problems
2026-10-09T09:00:39.0146997Z   2025-09-24: 2 problems
2026-10-09T09:00:39.1547905Z   2025-09-23: 2 problems
2026-10-09T09:00:39.3168306Z   2025-09-22: 2 problems
2026-10-09T09:00:39.4150540Z   2025-09-20: 2 problems
2026-10-09T09:00:39.5284286Z   2025-09-19: 2 problems
2026-10-09T09:00:39.6225546Z   2025-09-18: 2 problems
2026-10-09T09:00:39.7443652Z   2025-09-17: 2 problems
2026-10-09T09:00:39.8988025Z   2025-09-16: 2 problems
2026-10-09T09:00:40.0394523Z   2025-09-15: 2 problems
2026-10-09T09:00:40.1585606Z   2025-09-13: 2 problems
2026-10-09T09:00:40.2566332Z   2025-09-12: 2 problems
2026-10-09T09:00:40.3859773Z   2025-09-11: 2 problems
2026-10-09T09:00:40.5502809Z   2025-09-10: 2 problems
2026-10-09T09:00:40.6698454Z   2025-09-09: 2 problems
2026-10-09T09:00:40.8028176Z   2025-09-08: 2 problems
2026-10-09T09:00:40.9061220Z   2025-09-06: 2 problems
2026-10-09T09:00:41.0305651Z   2025-09-05: 2 problems
2026-10-09T09:00:41.1655378Z   2025-09-04: 2 problems
2026-10-09T09:00:41.3237181Z   2025-09-03: 2 problems
2026-10-09T09:00:41.4186340Z   2025-09-02: 2 problems
2026-10-09T09:00:41.5313096Z   2025-09-01: 2 problems
2026-10-09T09:00:41.6341790Z   2025-08-30: 2 problems
2026-10-09T09:00:41.7274403Z   2025-08-29: 2 problems
2026-10-09T09:00:41.8306647Z   2025-08-28: 2 problems
2026-10-09T09:00:41.9398894Z   2025-08-27: 2 problems
2026-10-09T09:00:42.0477918Z   2025-08-26: 2 problems
2026-10-09T09:00:42.1343863Z   2025-08-25: 2 problems
2026-10-09T09:00:42.2437880Z   2025-08-23: 2 problems
2026-10-09T09:00:42.3574401Z   2025-08-22: 2 problems
2026-10-09T09:00:42.4737835Z   2025-08-21: 2 problems
2026-10-09T09:00:42.5855982Z   2025-08-20: 2 problems
2026-10-09T09:00:42.7311351Z   2025-08-19: 2 problems
2026-10-09T09:00:42.8212687Z   2025-08-18: 2 problems
2026-10-09T09:00:42.9356296Z   2025-08-16: 2 problems
2026-10-09T09:00:43.0631934Z   2025-08-15: 2 problems
2026-10-09T09:00:43.1785667Z   2025-08-14: 2 problems
2026-10-09T09:00:43.3061054Z   2025-08-13: 2 problems
2026-10-09T09:00:43.4387009Z   2025-08-12: 2 problems
2026-10-09T09:00:43.5449103Z   2025-08-11: 2 problems
2026-10-09T09:00:43.6253752Z   2025-08-09: 2 problems
2026-10-09T09:00:43.7224464Z   2025-08-08: 2 problems
2026-10-09T09:00:43.8275791Z   2025-08-07: 2 problems
2026-10-09T09:00:43.9594034Z   2025-08-06: 2 problems
2026-10-09T09:00:44.0801154Z   2025-08-05: 2 problems
2026-10-09T09:00:44.1925188Z   2025-08-04: 2 problems
2026-10-09T09:00:44.2986184Z   2025-08-02: 2 problems
2026-10-09T09:00:44.4121699Z   2025-08-01: 2 problems
2026-10-09T09:00:44.5346844Z   2025-07-31: 2 problems
2026-10-09T09:00:44.6605448Z   2025-07-30: 2 problems
2026-10-09T09:00:44.7786311Z   2025-07-29: 2 problems
2026-10-09T09:00:44.9191044Z   2025-07-28: 2 problems
2026-10-09T09:00:45.0335383Z   2025-07-26: 2 problems
2026-10-09T09:00:45.1676590Z   2025-07-25: 2 problems
2026-10-09T09:00:45.3173892Z   2025-07-24: 2 problems
2026-10-09T09:00:45.4183944Z   2025-07-23: 2 problems
2026-10-09T09:00:45.5194239Z   2025-07-22: 2 problems
2026-10-09T09:00:45.6115495Z   2025-07-21: 2 problems
2026-10-09T09:00:45.6941146Z   2025-07-19: 2 problems
2026-10-09T09:00:45.7919773Z   2025-07-18: 2 problems
2026-10-09T09:00:45.8987903Z   2025-07-17: 2 problems
2026-10-09T09:00:45.9882188Z   2025-07-16: 2 problems
2026-10-09T09:00:46.0694586Z   2025-07-15: 2 problems
2026-10-09T09:00:46.1895586Z   2025-07-14: 2 problems
2026-10-09T09:00:46.2981344Z   2025-07-12: 2 problems
2026-10-09T09:00:46.4285388Z   2025-07-11: 2 problems
2026-10-09T09:00:46.5233088Z   2025-07-10: 2 problems
2026-10-09T09:00:46.6260302Z   2025-07-09: 2 problems
2026-10-09T09:00:46.7247331Z   2025-07-08: 2 problems
2026-10-09T09:00:46.8275810Z   2025-07-07: 2 problems
2026-10-09T09:00:46.9752822Z   2025-07-05: 2 problems
2026-10-09T09:00:47.1026783Z   2025-07-04: 2 problems
2026-10-09T09:00:47.1920880Z   2025-07-03: 2 problems
2026-10-09T09:00:47.3051466Z   2025-07-02: 2 problems
2026-10-09T09:00:47.4022037Z   2025-07-01: 2 problems
2026-10-09T09:00:47.4995284Z   2025-06-30: 2 problems
2026-10-09T09:00:47.6154653Z   2025-06-28: 2 problems
2026-10-09T09:00:47.7318568Z   2025-06-27: 2 problems
2026-10-09T09:00:47.8201185Z   2025-06-26: 2 problems
2026-10-09T09:00:47.9236291Z   2025-06-25: 2 problems
2026-10-09T09:00:48.0428595Z   2025-06-24: 2 problems
2026-10-09T09:00:48.1770180Z   2025-06-23: 2 problems
2026-10-09T09:00:48.2453993Z   2025-06-21: 2 problems
2026-10-09T09:00:48.3676730Z   2025-06-20: 2 problems
2026-10-09T09:00:48.4594825Z   2025-06-19: 2 problems
2026-10-09T09:00:48.5853435Z   2025-06-18: 2 problems
2026-10-09T09:00:48.6910231Z   2025-06-17: 2 problems
2026-10-09T09:00:48.7874649Z   2025-06-16: 2 problems
2026-10-09T09:00:48.8714026Z   2025-06-14: 2 problems
2026-10-09T09:00:48.9702473Z   2025-06-13: 2 problems
2026-10-09T09:00:49.0780871Z   2025-06-12: 2 problems
2026-10-09T09:00:49.1939067Z   2025-06-11: 2 problems
2026-10-09T09:00:49.3354399Z   2025-06-10: 2 problems
2026-10-09T09:00:49.4657788Z   2025-06-09: 2 problems
2026-10-09T09:00:49.5755738Z   2025-06-07: 2 problems
2026-10-09T09:00:49.6729085Z   2025-06-06: 2 problems
2026-10-09T09:00:49.7779763Z   2025-06-05: 2 problems
2026-10-09T09:00:49.8921475Z   2025-06-04: 2 problems
2026-10-09T09:00:49.9869642Z   2025-06-03: 2 problems
2026-10-09T09:00:50.0767740Z   2025-06-02: 2 problems
2026-10-09T09:00:50.1617158Z   2025-05-31: 2 problems
2026-10-09T09:00:50.2903069Z   2025-05-30: 2 problems
2026-10-09T09:00:50.3743281Z   2025-05-29: 2 problems
2026-10-09T09:00:50.4894983Z   2025-05-28: 2 problems
2026-10-09T09:00:50.6162838Z   2025-05-27: 2 problems
2026-10-09T09:00:50.7284195Z   2025-05-26: 2 problems
2026-10-09T09:00:50.8403671Z   2025-05-24: 2 problems
2026-10-09T09:00:50.9371652Z   2025-05-23: 2 problems
2026-10-09T09:00:51.0579233Z   2025-05-22: 2 problems
2026-10-09T09:00:51.2091129Z   2025-05-21: 2 problems
2026-10-09T09:00:51.3113546Z   2025-05-20: 2 problems
2026-10-09T09:00:51.4267991Z   2025-05-19: 2 problems
2026-10-09T09:00:51.6019667Z   2025-05-17: 2 problems
2026-10-09T09:00:51.7007986Z   2025-05-16: 2 problems
2026-10-09T09:00:51.8003148Z   2025-05-15: 2 problems
2026-10-09T09:00:51.9057216Z   2025-05-14: 2 problems
2026-10-09T09:00:52.0350534Z   2025-05-13: 2 problems
2026-10-09T09:00:52.1674205Z   2025-05-12: 2 problems
2026-10-09T09:00:52.2808900Z   2025-05-10: 2 problems
2026-10-09T09:00:52.3759178Z   2025-05-09: 2 problems
2026-10-09T09:00:52.4983001Z   2025-05-08: 2 problems
2026-10-09T09:00:52.6120151Z   2025-05-07: 2 problems
2026-10-09T09:00:52.7261694Z   2025-05-06: 2 problems
2026-10-09T09:00:52.8189601Z   2025-05-05: 2 problems
2026-10-09T09:00:52.9380605Z   2025-05-03: 2 problems
2026-10-09T09:00:53.0520311Z   2025-05-02: 2 problems
2026-10-09T09:00:53.1526144Z   2025-05-01: 2 problems
2026-10-09T09:00:53.2961812Z   2025-04-30: 2 problems
2026-10-09T09:00:53.3991363Z   2025-04-29: 2 problems
2026-10-09T09:00:53.5240289Z   2025-04-28: 2 problems
2026-10-09T09:00:53.6505076Z   2025-04-26: 2 problems
2026-10-09T09:00:53.7434066Z   2025-04-25: 2 problems
2026-10-09T09:00:53.8665105Z   2025-04-24: 2 problems
2026-10-09T09:00:53.9574140Z   2025-04-23: 2 problems
2026-10-09T09:00:54.0682708Z   2025-04-22: 2 problems
2026-10-09T09:00:54.1826443Z   2025-04-21: 2 problems
2026-10-09T09:00:54.3101996Z   2025-04-19: 2 problems
2026-10-09T09:00:54.4046059Z   2025-04-18: 2 problems
2026-10-09T09:00:54.5038593Z   2025-04-17: 2 problems
2026-10-09T09:00:54.6125047Z   2025-04-16: 2 problems
2026-10-09T09:00:54.7007627Z   2025-04-15: 2 problems
2026-10-09T09:00:54.8251387Z   2025-04-14: 2 problems
2026-10-09T09:00:54.9188556Z   2025-04-12: 2 problems
2026-10-09T09:00:55.0604329Z   2025-04-11: 2 problems
2026-10-09T09:00:55.1658236Z   2025-04-10: 2 problems
2026-10-09T09:00:55.2700944Z   2025-04-09: 2 problems
2026-10-09T09:00:55.3991348Z   2025-04-08: 2 problems
2026-10-09T09:00:55.5718324Z   2025-04-07: 2 problems
2026-10-09T09:00:55.6767890Z   2025-04-05: 2 problems
2026-10-09T09:00:55.7859769Z   2025-04-04: 2 problems
2026-10-09T09:00:55.8677765Z   2025-04-03: 2 problems
2026-10-09T09:00:55.9883208Z   2025-04-02: 2 problems
2026-10-09T09:00:56.1182006Z   2025-04-01: 2 problems
2026-10-09T09:00:56.2196495Z   2025-03-31: 2 problems
2026-10-09T09:00:56.3276715Z   2025-03-29: 2 problems
2026-10-09T09:00:56.4401662Z   2025-03-28: 2 problems
2026-10-09T09:00:56.5438792Z   2025-03-27: 2 problems
2026-10-09T09:00:56.6333831Z   2025-03-26: 2 problems
2026-10-09T09:00:56.7471143Z   2025-03-25: 2 problems
2026-10-09T09:00:56.9400461Z   2025-03-24: 2 problems
2026-10-09T09:00:57.0235922Z   2025-03-22: 2 problems
2026-10-09T09:00:57.1237589Z   2025-03-21: 2 problems
2026-10-09T09:00:57.2246498Z   2025-03-20: 2 problems
2026-10-09T09:00:57.3461805Z   2025-03-19: 2 problems
2026-10-09T09:00:57.4486523Z   2025-03-18: 2 problems
2026-10-09T09:00:57.5609677Z   2025-03-17: 2 problems
2026-10-09T09:00:57.6807691Z   2025-03-15: 2 problems
2026-10-09T09:00:57.8191402Z   2025-03-14: 2 problems
2026-10-09T09:00:57.9205932Z   2025-03-13: 2 problems
2026-10-09T09:00:58.0240169Z   2025-03-12: 2 problems
2026-10-09T09:00:58.1586034Z   2025-03-11: 2 problems
2026-10-09T09:00:58.2643004Z   2025-03-10: 2 problems
2026-10-09T09:00:58.3521533Z   2025-03-08: 2 problems
2026-10-09T09:00:58.4759499Z   2025-03-07: 2 problems
2026-10-09T09:00:58.5677897Z   2025-03-06: 2 problems
2026-10-09T09:00:58.6611954Z   2025-03-05: 2 problems
2026-10-09T09:00:58.7468958Z   2025-03-04: 2 problems
2026-10-09T09:00:58.8454598Z   2025-03-03: 2 problems
2026-10-09T09:00:58.9260307Z   2025-03-01: 2 problems
2026-10-09T09:00:59.0228135Z   2025-02-28: 2 problems
2026-10-09T09:00:59.1331777Z   2025-02-27: 2 problems
2026-10-09T09:00:59.2570430Z   2025-02-26: 2 problems
2026-10-09T09:00:59.3691361Z   2025-02-25: 2 problems
2026-10-09T09:00:59.4683116Z   2025-02-24: 2 problems
2026-10-09T09:00:59.5559465Z   2025-02-22: 2 problems
2026-10-09T09:00:59.6418692Z   2025-02-21: 2 problems
2026-10-09T09:00:59.7356922Z   2025-02-20: 2 problems
2026-10-09T09:00:59.8413932Z   2025-02-19: 2 problems
2026-10-09T09:00:59.9229830Z   2025-02-18: 2 problems
2026-10-09T09:01:00.0326124Z   2025-02-17: 2 problems
2026-10-09T09:01:00.1708681Z   2025-02-15: 2 problems
2026-10-09T09:01:00.3051525Z   2025-02-14: 2 problems
2026-10-09T09:01:00.4199547Z   2025-02-13: 2 problems
2026-10-09T09:01:00.5629916Z   2025-02-12: 2 problems
2026-10-09T09:01:00.6609378Z   2025-02-11: 2 problems
2026-10-09T09:01:00.7870638Z   2025-02-10: 2 problems
2026-10-09T09:01:00.9014628Z   2025-02-08: 2 problems
2026-10-09T09:01:00.9862489Z   2025-02-07: 2 problems
2026-10-09T09:01:01.1357066Z   2025-02-06: 2 problems
2026-10-09T09:01:01.2979279Z   2025-02-05: 2 problems
2026-10-09T09:01:01.4161434Z   2025-02-04: 2 problems
2026-10-09T09:01:01.5339609Z   2025-02-03: 2 problems
2026-10-09T09:01:01.6580211Z   2025-02-01: 2 problems
2026-10-09T09:01:01.7659514Z   2025-01-31: 2 problems
2026-10-09T09:01:01.8681525Z   2025-01-30: 2 problems
2026-10-09T09:01:01.9806321Z   2025-01-29: 2 problems
2026-10-09T09:01:02.1409645Z   2025-01-28: 2 problems
2026-10-09T09:01:02.2272246Z   2025-01-27: 2 problems
2026-10-09T09:01:02.3818124Z   2025-01-25: 2 problems
2026-10-09T09:01:02.4910755Z   2025-01-24: 2 problems
2026-10-09T09:01:02.6263698Z   2025-01-23: 2 problems
2026-10-09T09:01:02.7728809Z   2025-01-22: 2 problems
2026-10-09T09:01:02.8893541Z   2025-01-21: 2 problems
2026-10-09T09:01:03.0031230Z   2025-01-20: 2 problems
2026-10-09T09:01:03.1059985Z   2025-01-18: 2 problems
2026-10-09T09:01:03.2083312Z   2025-01-17: 2 problems
2026-10-09T09:01:03.3310762Z   2025-01-16: 2 problems
2026-10-09T09:01:03.4389607Z   2025-01-15: 2 problems
2026-10-09T09:01:03.5257619Z   2025-01-14: 2 problems
2026-10-09T09:01:03.6180106Z   2025-01-13: 2 problems
2026-10-09T09:01:03.7457502Z   2025-01-11: 2 problems
2026-10-09T09:01:03.8382808Z   2025-01-10: 2 problems
2026-10-09T09:01:03.9403833Z   2025-01-09: 2 problems
2026-10-09T09:01:04.0247629Z   2025-01-08: 2 problems
2026-10-09T09:01:04.1379536Z   2025-01-07: 2 problems
2026-10-09T09:01:04.2406683Z   2025-01-06: 2 problems
2026-10-09T09:01:04.3629434Z   2025-01-04: 2 problems
2026-10-09T09:01:04.4803660Z   2025-01-03: 2 problems
2026-10-09T09:01:04.5848397Z   2025-01-02: 2 problems
2026-10-09T09:01:04.6847406Z   2025-01-01: 2 problems
2026-10-09T09:01:04.7849708Z   2024-12-31: 2 problems
2026-10-09T09:01:04.8875993Z   2024-12-30: 2 problems
2026-10-09T09:01:05.0016905Z   2024-12-28: 2 problems
2026-10-09T09:01:05.0965623Z   2024-12-27: 2 problems
2026-10-09T09:01:05.2068046Z   2024-12-26: 2 problems
2026-10-09T09:01:05.3118529Z   2024-12-25: 2 problems
2026-10-09T09:01:05.4077868Z   2024-12-24: 2 problems
2026-10-09T09:01:05.5435562Z   2024-12-23: 2 problems
2026-10-09T09:01:05.6717755Z   2024-12-21: 2 problems
2026-10-09T09:01:05.7680736Z   2024-12-20: 2 problems
2026-10-09T09:01:05.8958907Z   2024-12-19: 2 problems
2026-10-09T09:01:05.9844874Z   2024-12-18: 2 problems
2026-10-09T09:01:06.0864287Z   2024-12-17: 2 problems
2026-10-09T09:01:06.1901737Z   2024-12-16: 2 problems
2026-10-09T09:01:06.2994781Z   2024-12-14: 2 problems
2026-10-09T09:01:06.4142208Z   2024-12-13: 2 problems
2026-10-09T09:01:06.5332110Z   2024-12-12: 2 problems
2026-10-09T09:01:06.6366002Z   2024-12-11: 2 problems
2026-10-09T09:01:06.7276636Z   2024-12-10: 2 problems
2026-10-09T09:01:06.8279188Z   2024-12-09: 2 problems
2026-10-09T09:01:06.9242172Z   2024-12-07: 2 problems
2026-10-09T09:01:07.0251643Z   2024-12-06: 2 problems
2026-10-09T09:01:07.1686884Z   2024-12-05: 2 problems
2026-10-09T09:01:07.2644055Z   2024-12-04: 2 problems
2026-10-09T09:01:07.3755860Z   2024-12-03: 2 problems
2026-10-09T09:01:07.4739070Z   2024-12-02: 2 problems
2026-10-09T09:01:07.5702391Z   2024-11-30: 2 problems
2026-10-09T09:01:07.6801700Z   2024-11-29: 2 problems
2026-10-09T09:01:07.7923926Z   2024-11-28: 2 problems
2026-10-09T09:01:07.8975097Z   2024-11-27: 2 problems
2026-10-09T09:01:08.0393894Z   2024-11-26: 2 problems
2026-10-09T09:01:08.1513817Z   2024-11-25: 2 problems
2026-10-09T09:01:08.2599973Z   2024-11-23: 2 problems
2026-10-09T09:01:08.3698894Z   2024-11-22: 2 problems
2026-10-09T09:01:08.4453248Z   2024-11-21: 2 problems
2026-10-09T09:01:08.5503740Z   2024-11-20: 2 problems
2026-10-09T09:01:08.6533327Z   2024-11-19: 2 problems
2026-10-09T09:01:08.7767440Z   2024-11-18: 2 problems
2026-10-09T09:01:08.8847268Z   2024-11-16: 2 problems
2026-10-09T09:01:09.0006111Z   2024-11-15: 2 problems
2026-10-09T09:01:09.0986320Z   2024-11-14: 2 problems
2026-10-09T09:01:09.2347436Z   2024-11-13: 2 problems
2026-10-09T09:01:09.3470288Z   2024-11-12: 2 problems
2026-10-09T09:01:09.4490339Z   2024-11-11: 2 problems
2026-10-09T09:01:09.5515450Z   2024-11-09: 2 problems
2026-10-09T09:01:09.6656475Z   2024-11-08: 2 problems
2026-10-09T09:01:09.7946697Z   2024-11-07: 2 problems
2026-10-09T09:01:09.8957614Z   2024-11-06: 2 problems
2026-10-09T09:01:10.0097440Z   2024-11-05: 2 problems
2026-10-09T09:01:10.1297749Z   2024-11-04: 2 problems
2026-10-09T09:01:10.2803881Z   2024-11-02: 2 problems
2026-10-09T09:01:10.3978111Z   2024-11-01: 2 problems
2026-10-09T09:01:10.5115532Z   2024-10-31: 2 problems
2026-10-09T09:01:10.6034068Z   2024-10-30: 2 problems
2026-10-09T09:01:10.7073265Z   2024-10-29: 2 problems
2026-10-09T09:01:10.7952444Z   2024-10-28: 2 problems
2026-10-09T09:01:10.8784270Z   2024-10-26: 2 problems
2026-10-09T09:01:10.9816129Z   2024-10-25: 2 problems
2026-10-09T09:01:11.0718900Z   2024-10-24: 2 problems
2026-10-09T09:01:11.1793874Z   2024-10-23: 2 problems
2026-10-09T09:01:11.3173960Z   2024-10-22: 2 problems
2026-10-09T09:01:11.4517000Z   2024-10-21: 2 problems
2026-10-09T09:01:11.5506126Z   2024-10-19: 2 problems
2026-10-09T09:01:11.6615198Z   2024-10-18: 2 problems
2026-10-09T09:01:11.7720845Z   2024-10-17: 2 problems
2026-10-09T09:01:11.8920752Z   2024-10-16: 2 problems
2026-10-09T09:01:12.0038320Z   2024-10-15: 2 problems
2026-10-09T09:01:12.0929345Z   2024-10-14: 2 problems
2026-10-09T09:01:12.2261437Z   2024-10-12: 2 problems
2026-10-09T09:01:12.3580797Z   2024-10-11: 2 problems
2026-10-09T09:01:12.4841166Z   2024-10-10: 2 problems
2026-10-09T09:01:12.5924455Z   2024-10-09: 2 problems
2026-10-09T09:01:12.6785357Z   2024-10-08: 2 problems
2026-10-09T09:01:12.7911092Z   2024-10-07: 2 problems
2026-10-09T09:01:12.8971335Z   2024-10-05: 2 problems
2026-10-09T09:01:13.0181083Z   2024-10-04: 2 problems
2026-10-09T09:01:13.1219361Z   2024-10-03: 2 problems
2026-10-09T09:01:13.2289005Z   2024-10-02: 2 problems
2026-10-09T09:01:13.3211889Z   2024-10-01: 2 problems
2026-10-09T09:01:13.4584220Z   2024-09-30: 2 problems
2026-10-09T09:01:13.5733258Z   2024-09-28: 2 problems
2026-10-09T09:01:13.6658371Z   2024-09-27: 2 problems
2026-10-09T09:01:13.7645705Z   2024-09-26: 2 problems
2026-10-09T09:01:13.8934584Z   2024-09-25: 2 problems
2026-10-09T09:01:13.9647672Z   2024-09-24: 2 problems
2026-10-09T09:01:14.0762744Z   2024-09-23: 2 problems
2026-10-09T09:01:14.2082905Z   2024-09-21: 2 problems
2026-10-09T09:01:14.3045270Z   2024-09-20: 2 problems
2026-10-09T09:01:14.4253741Z   2024-09-19: 2 problems
2026-10-09T09:01:14.5188930Z   2024-09-18: 2 problems
2026-10-09T09:01:14.6172407Z   2024-09-17: 2 problems
2026-10-09T09:01:14.7185458Z   2024-09-16: 2 problems
2026-10-09T09:01:14.8284610Z   2024-09-14: 2 problems
2026-10-09T09:01:14.9397562Z   2024-09-13: 2 problems
2026-10-09T09:01:15.0488837Z   2024-09-12: 2 problems
2026-10-09T09:01:15.1538947Z   2024-09-11: 2 problems
2026-10-09T09:01:15.2919033Z   2024-09-10: 2 problems
2026-10-09T09:01:15.4055666Z   2024-09-09: 2 problems
2026-10-09T09:01:15.5062061Z   2024-09-07: 2 problems
2026-10-09T09:01:15.6016266Z   2024-09-06: 2 problems
2026-10-09T09:01:15.7004610Z   2024-09-05: 2 problems
2026-10-09T09:01:15.7979471Z   2024-09-04: 2 problems
2026-10-09T09:01:15.9021026Z   2024-09-03: 2 problems
2026-10-09T09:01:15.9868483Z   2024-09-02: 2 problems
2026-10-09T09:01:16.0768570Z   2024-08-31: 2 problems
2026-10-09T09:01:16.1625775Z   2024-08-30: 2 problems
2026-10-09T09:01:16.2583840Z   2024-08-29: 2 problems
2026-10-09T09:01:16.3436350Z   2024-08-28: 2 problems
2026-10-09T09:01:16.4582021Z   2024-08-27: 2 problems
2026-10-09T09:01:16.5606504Z   2024-08-26: 2 problems
2026-10-09T09:01:16.6536481Z   2024-08-24: 2 problems
2026-10-09T09:01:16.7510886Z   2024-08-23: 2 problems
2026-10-09T09:01:16.8541256Z   2024-08-22: 2 problems
2026-10-09T09:01:16.9640124Z   2024-08-21: 2 problems
2026-10-09T09:01:17.0512032Z   2024-08-20: 2 problems
2026-10-09T09:01:17.1542935Z   2024-08-19: 2 problems
2026-10-09T09:01:17.2671603Z   2024-08-17: 2 problems
2026-10-09T09:01:17.3596964Z   2024-08-16: 2 problems
2026-10-09T09:01:17.4606393Z   2024-08-15: 2 problems
2026-10-09T09:01:17.5667641Z   2024-08-14: 2 problems
2026-10-09T09:01:17.6582650Z   2024-08-13: 2 problems
2026-10-09T09:01:17.7912272Z   2024-08-12: 2 problems
2026-10-09T09:01:17.8933305Z   2024-08-10: 2 problems
2026-10-09T09:01:17.9931246Z   2024-08-09: 2 problems
2026-10-09T09:01:18.0774948Z   2024-08-08: 2 problems
2026-10-09T09:01:18.1798617Z   2024-08-07: 2 problems
2026-10-09T09:01:18.3009896Z   2024-08-06: 2 problems
2026-10-09T09:01:18.4001770Z   2024-08-05: 2 problems
2026-10-09T09:01:18.5043843Z   2024-08-03: 2 problems
2026-10-09T09:01:18.6017181Z   2024-08-02: 2 problems
2026-10-09T09:01:18.7015589Z   2024-08-01: 2 problems
2026-10-09T09:01:18.8275084Z   2024-07-31: 2 problems
2026-10-09T09:01:18.9300614Z   2024-07-30: 2 problems
2026-10-09T09:01:19.0279306Z   2024-07-29: 2 problems
2026-10-09T09:01:19.1176315Z   2024-07-27: 2 problems
2026-10-09T09:01:19.2311925Z   2024-07-26: 2 problems
2026-10-09T09:01:19.3498200Z   2024-07-25: 2 problems
2026-10-09T09:01:19.4508383Z   2024-07-24: 2 problems
2026-10-09T09:01:19.5699356Z   2024-07-23: 2 problems
2026-10-09T09:01:19.6684804Z   2024-07-22: 2 problems
2026-10-09T09:01:19.7683488Z   2024-07-20: 2 problems
2026-10-09T09:01:19.8837249Z   2024-07-19: 2 problems
2026-10-09T09:01:19.9899073Z   2024-07-18: 2 problems
2026-10-09T09:01:20.0862848Z   2024-07-17: 2 problems
2026-10-09T09:01:20.2023033Z   2024-07-16: 2 problems
2026-10-09T09:01:20.3124258Z   2024-07-15: 2 problems
2026-10-09T09:01:20.4017436Z   2024-07-13: 2 problems
2026-10-09T09:01:20.4796242Z   2024-07-12: 2 problems
2026-10-09T09:01:20.5903982Z   2024-07-11: 2 problems
2026-10-09T09:01:20.6759519Z   2024-07-10: 2 problems
2026-10-09T09:01:20.7825288Z   2024-07-09: 2 problems
2026-10-09T09:01:20.8732422Z   2024-07-08: 2 problems
2026-10-09T09:01:20.9649271Z   2024-07-06: 2 problems
2026-10-09T09:01:21.0584613Z   2024-07-05: 2 problems
2026-10-09T09:01:21.1464591Z   2024-07-04: 2 problems
2026-10-09T09:01:21.2324005Z   2024-07-03: 2 problems
2026-10-09T09:01:21.3544248Z   2024-07-02: 2 problems
2026-10-09T09:01:21.4729129Z   2024-07-01: 2 problems
2026-10-09T09:01:21.5721599Z   2024-06-29: 2 problems
2026-10-09T09:01:21.6774061Z   2024-06-28: 2 problems
2026-10-09T09:01:21.7945397Z   2024-06-27: 2 problems
2026-10-09T09:01:21.8779735Z   2024-06-26: 2 problems
2026-10-09T09:01:21.9798502Z   2024-06-25: 2 problems
2026-10-09T09:01:22.0788216Z   2024-06-24: 2 problems
2026-10-09T09:01:22.1902645Z   2024-06-22: 2 problems
2026-10-09T09:01:22.2880913Z   2024-06-21: 2 problems
2026-10-09T09:01:22.3912586Z   2024-06-20: 2 problems
2026-10-09T09:01:22.4893708Z   2024-06-19: 2 problems
2026-10-09T09:01:22.6078131Z   2024-06-18: 2 problems
2026-10-09T09:01:22.6989998Z   2024-06-17: 2 problems
2026-10-09T09:01:22.7989073Z   2024-06-15: 2 problems
2026-10-09T09:01:22.8975942Z   2024-06-14: 2 problems
2026-10-09T09:01:23.0003625Z   2024-06-13: 2 problems
2026-10-09T09:01:23.1034633Z   2024-06-12: 2 problems
2026-10-09T09:01:23.2086865Z   2024-06-11: 2 problems
2026-10-09T09:01:23.3050596Z   2024-06-10: 2 problems
2026-10-09T09:01:23.3983476Z   2024-06-08: 2 problems
2026-10-09T09:01:23.5030994Z   2024-06-07: 2 problems
2026-10-09T09:01:23.6186497Z   2024-06-06: 2 problems
2026-10-09T09:01:23.7303020Z   2024-06-05: 2 problems
2026-10-09T09:01:23.8389743Z   2024-06-04: 2 problems
2026-10-09T09:01:23.9418681Z   2024-06-03: 2 problems
2026-10-09T09:01:24.0748073Z   2024-06-01: 2 problems
2026-10-09T09:01:24.2182523Z   2024-05-31: 2 problems
2026-10-09T09:01:24.3192932Z   2024-05-30: 2 problems
2026-10-09T09:01:24.4039377Z   2024-05-29: 2 problems
2026-10-09T09:01:24.5146805Z   2024-05-28: 2 problems
2026-10-09T09:01:24.6125113Z   2024-05-27: 2 problems
2026-10-09T09:01:24.7290331Z   2024-05-25: 2 problems
2026-10-09T09:01:24.8200361Z   2024-05-24: 2 problems
2026-10-09T09:01:24.9140707Z   2024-05-23: 2 problems
2026-10-09T09:01:25.0186539Z   2024-05-22: 2 problems
2026-10-09T09:01:25.1091003Z   2024-05-21: 2 problems
2026-10-09T09:01:25.2269062Z   2024-05-20: 2 problems
2026-10-09T09:01:25.3190396Z   2024-05-18: 2 problems
2026-10-09T09:01:25.4455913Z   2024-05-17: 2 problems
2026-10-09T09:01:25.5393849Z   2024-05-16: 2 problems
2026-10-09T09:01:25.6242775Z   2024-05-15: 2 problems
2026-10-09T09:01:25.7229770Z   2024-05-14: 2 problems
2026-10-09T09:01:25.8187936Z   2024-05-13: 2 problems
2026-10-09T09:01:25.9324105Z   2024-05-11: 2 problems
2026-10-09T09:01:26.0526155Z   2024-05-10: 2 problems
2026-10-09T09:01:26.1456331Z   2024-05-09: 2 problems
2026-10-09T09:01:26.2458119Z   2024-05-08: 2 problems
2026-10-09T09:01:26.3412269Z   2024-05-07: 2 problems
2026-10-09T09:01:26.4617452Z   2024-05-06: 2 problems
2026-10-09T09:01:26.5544369Z   2024-05-04: 2 problems
2026-10-09T09:01:26.6714467Z   2024-05-03: 2 problems
2026-10-09T09:01:26.7837389Z   2024-05-02: 2 problems
2026-10-09T09:01:26.8808730Z   2024-05-01: 2 problems
2026-10-09T09:01:26.9860486Z   2024-04-30: 2 problems
2026-10-09T09:01:27.0773917Z   2024-04-29: 2 problems
2026-10-09T09:01:27.1799732Z   2024-04-27: 2 problems
2026-10-09T09:01:27.2874017Z   2024-04-26: 2 problems
2026-10-09T09:01:27.3878739Z   2024-04-25: 2 problems
2026-10-09T09:01:27.4743509Z   2024-04-24: 2 problems
2026-10-09T09:01:27.5657071Z   2024-04-23: 2 problems
2026-10-09T09:01:27.6802120Z   2024-04-22: 2 problems
2026-10-09T09:01:27.7859840Z   2024-04-20: 2 problems
2026-10-09T09:01:27.8811517Z   2024-04-19: 2 problems
2026-10-09T09:01:27.9672271Z   2024-04-18: 2 problems
2026-10-09T09:01:28.0666217Z   2024-04-17: 2 problems
2026-10-09T09:01:28.1680735Z   2024-04-16: 2 problems
2026-10-09T09:01:28.2734539Z   2024-04-15: 2 problems
2026-10-09T09:01:28.3841906Z   2024-04-13: 2 problems
2026-10-09T09:01:28.4889251Z   2024-04-12: 2 problems
2026-10-09T09:01:28.5838200Z   2024-04-11: 2 problems
2026-10-09T09:01:28.7199356Z   2024-04-10: 2 problems
2026-10-09T09:01:28.8404817Z   2024-04-09: 2 problems
2026-10-09T09:01:28.9490153Z   2024-04-08: 2 problems
2026-10-09T09:01:29.0513621Z   2024-04-06: 2 problems
2026-10-09T09:01:29.1700950Z   2024-04-05: 2 problems
2026-10-09T09:01:29.2560918Z   2024-04-04: 2 problems
2026-10-09T09:01:29.3731361Z   2024-04-03: 2 problems
2026-10-09T09:01:29.4881105Z   2024-04-02: 2 problems
2026-10-09T09:01:29.6062129Z   2024-04-01: 2 problems
2026-10-09T09:01:29.7298424Z   2024-03-30: 2 problems
2026-10-09T09:01:29.8299569Z   2024-03-29: 2 problems
2026-10-09T09:01:29.9188073Z   2024-03-28: 2 problems
2026-10-09T09:01:30.0118119Z   2024-03-27: 2 problems
2026-10-09T09:01:30.1308134Z   2024-03-26: 2 problems
2026-10-09T09:01:30.2408994Z   2024-03-25: 2 problems
2026-10-09T09:01:30.3479823Z   2024-03-23: 2 problems
2026-10-09T09:01:30.5044352Z   2024-03-22: 2 problems
2026-10-09T09:01:30.6311399Z   2024-03-21: 2 problems
2026-10-09T09:01:30.7499592Z   2024-03-20: 2 problems
2026-10-09T09:01:30.8995509Z   2024-03-19: 2 problems
2026-10-09T09:01:30.9940094Z   2024-03-18: 2 problems
2026-10-09T09:01:31.0961302Z   2024-03-16: 2 problems
2026-10-09T09:01:31.1822460Z   2024-03-15: 2 problems
2026-10-09T09:01:31.2777702Z   2024-03-14: 2 problems
2026-10-09T09:01:31.3649891Z   2024-03-13: 2 problems
2026-10-09T09:01:31.4669512Z   2024-03-12: 2 problems
2026-10-09T09:01:31.5795542Z   2024-03-11: 2 problems
2026-10-09T09:01:31.6684096Z   2024-03-09: 2 problems
2026-10-09T09:01:31.7854286Z   2024-03-08: 2 problems
2026-10-09T09:01:31.9117890Z   2024-03-07: 2 problems
2026-10-09T09:01:32.0065513Z   2024-03-06: 2 problems
2026-10-09T09:01:32.1236676Z   2024-03-05: 2 problems
2026-10-09T09:01:32.2204741Z   2024-03-04: 2 problems
2026-10-09T09:01:32.3342174Z   2024-03-02: 2 problems
2026-10-09T09:01:32.4400221Z   2024-03-01: 2 problems
2026-10-09T09:01:32.5353493Z   2024-02-29: 2 problems
2026-10-09T09:01:32.6197829Z   2024-02-28: 2 problems
2026-10-09T09:01:32.7281891Z   2024-02-27: 2 problems
2026-10-09T09:01:32.8467374Z   2024-02-26: 2 problems
2026-10-09T09:01:32.8470171Z Building categories...
2026-10-09T09:01:33.9577710Z Wrote /home/runner/work/ys_problem_web/ys_problem_web/data/daily.json (818 days, 21 categories).
2026-10-09T09:01:33.9578299Z Syncing leaderboard (records.js from gh-pages)...
2026-10-09T09:01:34.0217859Z   ✓ 362 players, data through 2026-10-08 (unchanged)
2026-10-09T09:01:34.0218500Z LEADERBOARD-SYNC {"changed":false,"players":362,"currentDate":"2026-10-08"}
2026-10-09T09:01:34.0413013Z ##[group]Run node scripts/translate-ai.mjs
2026-10-09T09:01:34.0413393Z [36;1mnode scripts/translate-ai.mjs[0m
2026-10-09T09:01:34.0476043Z shell: /usr/bin/bash -e {0}
2026-10-09T09:01:34.0476295Z env:
2026-10-09T09:01:34.0476926Z   AI_BASE_URL: ***
2026-10-09T09:01:34.0477286Z   AI_API_KEY: ***
2026-10-09T09:01:34.0477514Z   AI_MODEL: gpt-5.6-terra
2026-10-09T09:01:34.0477756Z   AI_MODEL_LABEL: GPT 5.6 Terra
2026-10-09T09:01:34.0478005Z   AI_TRANSLATE_LIMIT: 60
2026-10-09T09:01:34.0478227Z ##[endgroup]
2026-10-09T09:01:34.0828556Z (node:3879) [MODULE_TYPELESS_PACKAGE_JSON] Warning: Module type of file:///home/runner/work/ys_problem_web/ys_problem_web/lib/mt-protect.js is not specified and it doesn't parse as CommonJS.
2026-10-09T09:01:34.0830824Z Reparsing as ES module because module syntax was detected. This incurs a performance overhead.
2026-10-09T09:01:34.0832297Z To eliminate this warning, add "type": "module" to /home/runner/work/ys_problem_web/ys_problem_web/package.json.
2026-10-09T09:01:34.0833513Z (Use `node --trace-warnings ...` to show where the warning was created)
2026-10-09T09:01:34.6156203Z Done: 0 segment(s) translated.
2026-10-09T09:01:34.6156959Z ── AI Token 用量（本次运行）──
2026-10-09T09:01:34.6157464Z   模型 gpt-5.6-terra · 请求成功 0 / 失败 0
2026-10-09T09:01:34.6285947Z   输入 0 + 输出 0 = 合计 0 tokens
2026-10-09T09:01:34.6287490Z   其中缓存命中 0 tokens（命中率 0%，命中部分按缓存价计费）
2026-10-09T09:01:34.6288190Z   缓存预热：未生效（跳过或失败），命中率依赖服务端公共前缀检测
2026-10-09T09:01:34.6289394Z TOKEN-USAGE {"model":"gpt-5.6-terra","modelLabel":"GPT 5.6 Terra","ok":0,"fail":0,"in":0,"out":0,"cached":0,"segments":[],"totalTokens":0,"warmup":{"ok":false,"mode":null,"in":0,"out":0,"cached":0}}
2026-10-09T09:01:34.6436043Z ##[group]Run CF_STATEMENTS=0 TRANSLATE=0 node scripts/update-data.mjs
2026-10-09T09:01:34.6436598Z [36;1mCF_STATEMENTS=0 TRANSLATE=0 node scripts/update-data.mjs[0m
2026-10-09T09:01:34.6500080Z shell: /usr/bin/bash -e {0}
2026-10-09T09:01:34.6500648Z env:
2026-10-09T09:01:34.6503647Z   GITHUB_TOKEN: ***
2026-10-09T09:01:34.6503884Z ##[endgroup]
2026-10-09T09:01:34.6865931Z (node:3891) [MODULE_TYPELESS_PACKAGE_JSON] Warning: Module type of file:///home/runner/work/ys_problem_web/ys_problem_web/lib/records.js is not specified and it doesn't parse as CommonJS.
2026-10-09T09:01:34.6867369Z Reparsing as ES module because module syntax was detected. This incurs a performance overhead.
2026-10-09T09:01:34.6868500Z To eliminate this warning, add "type": "module" to /home/runner/work/ys_problem_web/ys_problem_web/package.json.
2026-10-09T09:01:34.6869450Z (Use `node --trace-warnings ...` to show where the warning was created)
2026-10-09T09:01:34.8109840Z Discovering daily problem folders...
2026-10-09T09:01:35.7956092Z Found 818 days, syncing the most recent 818.
2026-10-09T09:01:36.1807139Z   2026-10-09: 2 problems
2026-10-09T09:01:36.1983521Z   2026-10-08: 2 problems
2026-10-09T09:01:36.2120622Z   2026-10-07: 2 problems
2026-10-09T09:01:36.2235249Z   2026-10-06: 2 problems
2026-10-09T09:01:36.2351714Z   2026-10-05: 2 problems
2026-10-09T09:01:36.2458565Z   2026-10-03: 2 problems
2026-10-09T09:01:36.2570578Z   2026-10-02: 2 problems
2026-10-09T09:01:36.2687977Z   2026-10-01: 2 problems
2026-10-09T09:01:36.2826632Z   2026-09-30: 2 problems
2026-10-09T09:01:36.2934512Z   2026-09-29: 2 problems
2026-10-09T09:01:36.3081731Z   2026-09-28: 2 problems
2026-10-09T09:01:36.3189483Z   2026-09-26: 2 problems
2026-10-09T09:01:36.3302922Z   2026-09-25: 2 problems
2026-10-09T09:01:36.3407994Z   2026-09-24: 2 problems
2026-10-09T09:01:36.3511861Z   2026-09-23: 2 problems
2026-10-09T09:01:36.3635136Z   2026-09-22: 2 problems
2026-10-09T09:01:36.3745782Z   2026-09-21: 2 problems
2026-10-09T09:01:36.3870698Z   2026-09-19: 2 problems
2026-10-09T09:01:36.4005991Z   2026-09-18: 2 problems
2026-10-09T09:01:36.4127117Z   2026-09-17: 2 problems
2026-10-09T09:01:36.4247819Z   2026-09-16: 2 problems
2026-10-09T09:01:36.4376733Z   2026-09-15: 2 problems
2026-10-09T09:01:36.4457009Z   2026-09-14: 2 problems
2026-10-09T09:01:36.4564387Z   2026-09-12: 2 problems
2026-10-09T09:01:36.4673297Z   2026-09-11: 2 problems
2026-10-09T09:01:36.4778563Z   2026-09-10: 2 problems
2026-10-09T09:01:36.4896327Z   2026-09-09: 2 problems
2026-10-09T09:01:36.5013839Z   2026-09-08: 2 problems
2026-10-09T09:01:36.5134773Z   2026-09-07: 2 problems
2026-10-09T09:01:36.5237368Z   2026-09-05: 2 problems
2026-10-09T09:01:36.5355696Z   2026-09-04: 2 problems
2026-10-09T09:01:36.5484724Z   2026-09-03: 2 problems
2026-10-09T09:01:36.5604302Z   2026-09-02: 2 problems
2026-10-09T09:01:36.5730396Z   2026-09-01: 2 problems
2026-10-09T09:01:36.5839513Z   2026-08-31: 2 problems
2026-10-09T09:01:36.5946601Z   2026-08-29: 2 problems
2026-10-09T09:01:36.6063067Z   2026-08-28: 2 problems
2026-10-09T09:01:36.6175805Z   2026-08-27: 2 problems
2026-10-09T09:01:36.6314557Z   2026-08-26: 2 problems
2026-10-09T09:01:36.6425958Z   2026-08-25: 2 problems
2026-10-09T09:01:36.6543511Z   2026-08-24: 2 problems
2026-10-09T09:01:36.6655568Z   2026-08-22: 2 problems
2026-10-09T09:01:36.6766291Z   2026-08-21: 2 problems
2026-10-09T09:01:36.6898281Z   2026-08-20: 2 problems
2026-10-09T09:01:36.7014796Z   2026-08-19: 2 problems
2026-10-09T09:01:36.7117738Z   2026-08-18: 2 problems
2026-10-09T09:01:36.7215630Z   2026-08-17: 2 problems
2026-10-09T09:01:36.7327157Z   2026-08-15: 2 problems
2026-10-09T09:01:36.7430495Z   2026-08-14: 2 problems
2026-10-09T09:01:36.7547195Z   2026-08-13: 2 problems
2026-10-09T09:01:36.7664486Z   2026-08-12: 2 problems
2026-10-09T09:01:36.7776278Z   2026-08-11: 2 problems
2026-10-09T09:01:36.7887103Z   2026-08-10: 2 problems
2026-10-09T09:01:36.7993131Z   2026-08-08: 2 problems
2026-10-09T09:01:36.8102166Z   2026-08-07: 2 problems
2026-10-09T09:01:36.8204143Z   2026-08-06: 2 problems
2026-10-09T09:01:36.8306443Z   2026-08-05: 2 problems
2026-10-09T09:01:36.8447083Z   2026-08-04: 2 problems
2026-10-09T09:01:36.8555100Z   2026-08-03: 2 problems
2026-10-09T09:01:36.8700750Z   2026-08-01: 2 problems
2026-10-09T09:01:36.8776583Z   2026-07-31: 2 problems
2026-10-09T09:01:36.8883578Z   2026-07-30: 2 problems
2026-10-09T09:01:36.8994868Z   2026-07-29: 2 problems
2026-10-09T09:01:36.9091908Z   2026-07-28: 2 problems
2026-10-09T09:01:36.9197211Z   2026-07-27: 2 problems
2026-10-09T09:01:36.9305031Z   2026-07-25: 2 problems
2026-10-09T09:01:36.9418774Z   2026-07-24: 2 problems
2026-10-09T09:01:36.9524067Z   2026-07-23: 2 problems
2026-10-09T09:01:36.9632459Z   2026-07-22: 2 problems
2026-10-09T09:01:36.9760777Z   2026-07-21: 2 problems
2026-10-09T09:01:36.9895112Z   2026-07-16: 2 problems
2026-10-09T09:01:37.0013286Z   2026-07-15: 2 problems
2026-10-09T09:01:37.0128337Z   2026-07-14: 2 problems
2026-10-09T09:01:37.0227614Z   2026-07-13: 2 problems
2026-10-09T09:01:37.0351527Z   2026-07-11: 2 problems
2026-10-09T09:01:37.0463416Z   2026-07-10: 2 problems
2026-10-09T09:01:37.0579118Z   2026-07-09: 2 problems
2026-10-09T09:01:37.0694629Z   2026-07-08: 2 problems
2026-10-09T09:01:37.0849523Z   2026-07-07: 2 problems
2026-10-09T09:01:37.0957686Z   2026-07-06: 2 problems
2026-10-09T09:01:37.1073891Z   2026-07-04: 2 problems
2026-10-09T09:01:37.1184783Z   2026-07-03: 2 problems
2026-10-09T09:01:37.1287840Z   2026-07-02: 2 problems
2026-10-09T09:01:37.1404258Z   2026-07-01: 2 problems
2026-10-09T09:01:37.1505988Z   2026-06-30: 2 problems
2026-10-09T09:01:37.1614414Z   2026-06-29: 2 problems
2026-10-09T09:01:37.1730264Z   2026-06-27: 2 problems
2026-10-09T09:01:37.1825948Z   2026-06-26: 2 problems
2026-10-09T09:01:37.1923515Z   2026-06-25: 2 problems
2026-10-09T09:01:37.2038494Z   2026-06-24: 2 problems
2026-10-09T09:01:37.2146939Z   2026-06-23: 2 problems
2026-10-09T09:01:37.2249175Z   2026-06-22: 2 problems
2026-10-09T09:01:37.2329773Z   2026-06-20: 1 problems
2026-10-09T09:01:37.2445896Z   2026-06-19: 2 problems
2026-10-09T09:01:37.2553127Z   2026-06-18: 2 problems
2026-10-09T09:01:37.2652646Z   2026-06-17: 2 problems
2026-10-09T09:01:37.2764807Z   2026-06-16: 2 problems
2026-10-09T09:01:37.2908940Z   2026-06-15: 2 problems
2026-10-09T09:01:37.3059643Z   2026-06-13: 2 problems
2026-10-09T09:01:37.3170978Z   2026-06-12: 2 problems
2026-10-09T09:01:37.3286902Z   2026-06-11: 2 problems
2026-10-09T09:01:37.3395138Z   2026-06-10: 2 problems
2026-10-09T09:01:37.3509477Z   2026-06-09: 2 problems
2026-10-09T09:01:37.3614233Z   2026-06-08: 2 problems
2026-10-09T09:01:37.3725524Z   2026-06-06: 2 problems
2026-10-09T09:01:37.3853211Z   2026-06-05: 2 problems
2026-10-09T09:01:37.3960784Z   2026-06-04: 2 problems
2026-10-09T09:01:37.3992974Z   2026-06-03: 2 problems
2026-10-09T09:01:37.4116484Z   2026-06-02: 2 problems
2026-10-09T09:01:37.4233884Z   2026-06-01: 2 problems
2026-10-09T09:01:37.4346880Z   2026-05-30: 2 problems
2026-10-09T09:01:37.4458317Z   2026-05-29: 2 problems
2026-10-09T09:01:37.4593434Z   2026-05-28: 2 problems
2026-10-09T09:01:37.4707482Z   2026-05-27: 2 problems
2026-10-09T09:01:37.4786843Z   2026-05-26: 2 problems
2026-10-09T09:01:37.4898274Z   2026-05-25: 2 problems
2026-10-09T09:01:37.5007271Z   2026-05-23: 2 problems
2026-10-09T09:01:37.5121306Z   2026-05-22: 2 problems
2026-10-09T09:01:37.5226226Z   2026-05-21: 2 problems
2026-10-09T09:01:37.5323036Z   2026-05-20: 2 problems
2026-10-09T09:01:37.5437613Z   2026-05-19: 2 problems
2026-10-09T09:01:37.5550618Z   2026-05-18: 2 problems
2026-10-09T09:01:37.5653527Z   2026-05-16: 2 problems
2026-10-09T09:01:37.5751473Z   2026-05-15: 2 problems
2026-10-09T09:01:37.5868262Z   2026-05-14: 2 problems
2026-10-09T09:01:37.5979573Z   2026-05-13: 2 problems
2026-10-09T09:01:37.6113589Z   2026-05-12: 2 problems
2026-10-09T09:01:37.6217864Z   2026-05-11: 2 problems
2026-10-09T09:01:37.6326493Z   2026-05-09: 2 problems
2026-10-09T09:01:37.6425394Z   2026-05-08: 2 problems
2026-10-09T09:01:37.6535049Z   2026-05-07: 2 problems
2026-10-09T09:01:37.6633355Z   2026-05-06: 2 problems
2026-10-09T09:01:37.6742344Z   2026-05-05: 2 problems
2026-10-09T09:01:37.6847825Z   2026-05-04: 2 problems
2026-10-09T09:01:37.6967287Z   2026-05-02: 2 problems
2026-10-09T09:01:37.7123626Z   2026-05-01: 2 problems
2026-10-09T09:01:37.7233924Z   2026-04-30: 2 problems
2026-10-09T09:01:37.7348667Z   2026-04-29: 2 problems
2026-10-09T09:01:37.7465228Z   2026-04-28: 2 problems
2026-10-09T09:01:37.7587804Z   2026-04-27: 2 problems
2026-10-09T09:01:37.7709526Z   2026-04-25: 2 problems
2026-10-09T09:01:37.7815753Z   2026-04-24: 2 problems
2026-10-09T09:01:37.7918693Z   2026-04-23: 2 problems
2026-10-09T09:01:37.8025450Z   2026-04-22: 2 problems
2026-10-09T09:01:37.8141203Z   2026-04-21: 2 problems
2026-10-09T09:01:37.8257699Z   2026-04-20: 2 problems
2026-10-09T09:01:37.8374363Z   2026-04-18: 2 problems
2026-10-09T09:01:37.8481132Z   2026-04-17: 2 problems
2026-10-09T09:01:37.8585702Z   2026-04-16: 2 problems
2026-10-09T09:01:37.8705647Z   2026-04-15: 2 problems
2026-10-09T09:01:37.8813878Z   2026-04-14: 2 problems
2026-10-09T09:01:37.8909453Z   2026-04-13: 2 problems
2026-10-09T09:01:37.9015421Z   2026-04-11: 2 problems
2026-10-09T09:01:37.9120648Z   2026-04-10: 2 problems
2026-10-09T09:01:37.9238919Z   2026-04-09: 2 problems
2026-10-09T09:01:37.9310328Z   2026-04-08: 2 problems
2026-10-09T09:01:37.9435343Z   2026-04-07: 2 problems
2026-10-09T09:01:37.9549498Z   2026-04-06: 2 problems
2026-10-09T09:01:37.9656081Z   2026-04-04: 2 problems
2026-10-09T09:01:37.9754483Z   2026-04-03: 2 problems
2026-10-09T09:01:37.9862667Z   2026-04-02: 2 problems
2026-10-09T09:01:37.9958385Z   2026-04-01: 2 problems
2026-10-09T09:01:38.0062993Z   2026-03-31: 2 problems
2026-10-09T09:01:38.0164718Z   2026-03-30: 2 problems
2026-10-09T09:01:38.0264124Z   2026-03-28: 2 problems
2026-10-09T09:01:38.0371601Z   2026-03-27: 2 problems
2026-10-09T09:01:38.0477509Z   2026-03-26: 2 problems
2026-10-09T09:01:38.0582993Z   2026-03-25: 2 problems
2026-10-09T09:01:38.0682125Z   2026-03-24: 2 problems
2026-10-09T09:01:38.0838012Z   2026-03-23: 2 problems
2026-10-09T09:01:38.0942218Z   2026-03-21: 2 problems
2026-10-09T09:01:38.1095511Z   2026-03-20: 2 problems
2026-10-09T09:01:38.1200199Z   2026-03-19: 2 problems
2026-10-09T09:01:38.1305993Z   2026-03-18: 2 problems
2026-10-09T09:01:38.1423282Z   2026-03-17: 2 problems
2026-10-09T09:01:38.1527406Z   2026-03-16: 2 problems
2026-10-09T09:01:38.1645027Z   2026-03-14: 2 problems
2026-10-09T09:01:38.1748923Z   2026-03-13: 2 problems
2026-10-09T09:01:38.1867438Z   2026-03-12: 2 problems
2026-10-09T09:01:38.1975998Z   2026-03-11: 2 problems
2026-10-09T09:01:38.2114555Z   2026-03-10: 2 problems
2026-10-09T09:01:38.2220021Z   2026-03-09: 2 problems
2026-10-09T09:01:38.2314966Z   2026-03-07: 2 problems
2026-10-09T09:01:38.2429387Z   2026-03-06: 2 problems
2026-10-09T09:01:38.2553653Z   2026-03-05: 2 problems
2026-10-09T09:01:38.2679365Z   2026-03-04: 2 problems
2026-10-09T09:01:38.2796663Z   2026-03-03: 2 problems
2026-10-09T09:01:38.2897757Z   2026-03-02: 2 problems
2026-10-09T09:01:38.3016054Z   2026-02-28: 2 problems
2026-10-09T09:01:38.3118598Z   2026-02-27: 2 problems
2026-10-09T09:01:38.3240850Z   2026-02-26: 2 problems
2026-10-09T09:01:38.3353631Z   2026-02-25: 2 problems
2026-10-09T09:01:38.3458827Z   2026-02-24: 2 problems
2026-10-09T09:01:38.3578680Z   2026-02-23: 2 problems
2026-10-09T09:01:38.3684277Z   2026-02-21: 2 problems
2026-10-09T09:01:38.3791069Z   2026-02-20: 2 problems
2026-10-09T09:01:38.3892292Z   2026-02-19: 2 problems
2026-10-09T09:01:38.4004632Z   2026-02-18: 2 problems
2026-10-09T09:01:38.4117199Z   2026-02-17: 2 problems
2026-10-09T09:01:38.4226183Z   2026-02-16: 2 problems
2026-10-09T09:01:38.4340453Z   2026-02-14: 2 problems
2026-10-09T09:01:38.4446719Z   2026-02-13: 2 problems
2026-10-09T09:01:38.4557742Z   2026-02-12: 2 problems
2026-10-09T09:01:38.4679084Z   2026-02-11: 2 problems
2026-10-09T09:01:38.4786063Z   2026-02-10: 2 problems
2026-10-09T09:01:38.4890061Z   2026-02-09: 2 problems
2026-10-09T09:01:38.5011751Z   2026-02-07: 2 problems
2026-10-09T09:01:38.5126999Z   2026-02-06: 2 problems
2026-10-09T09:01:38.5223222Z   2026-02-05: 2 problems
2026-10-09T09:01:38.5325264Z   2026-02-04: 2 problems
2026-10-09T09:01:38.5449657Z   2026-02-03: 2 problems
2026-10-09T09:01:38.5551866Z   2026-02-02: 2 problems
2026-10-09T09:01:38.5662376Z   2026-01-31: 2 problems
2026-10-09T09:01:38.5778750Z   2026-01-30: 2 problems
2026-10-09T09:01:38.5873758Z   2026-01-29: 2 problems
2026-10-09T09:01:38.5975047Z   2026-01-28: 2 problems
2026-10-09T09:01:38.6076557Z   2026-01-27: 2 problems
2026-10-09T09:01:38.6179284Z   2026-01-26: 2 problems
2026-10-09T09:01:38.6302311Z   2026-01-24: 2 problems
2026-10-09T09:01:38.6427125Z   2026-01-23: 2 problems
2026-10-09T09:01:38.6548727Z   2026-01-22: 2 problems
2026-10-09T09:01:38.6652129Z   2026-01-21: 2 problems
2026-10-09T09:01:38.6790268Z   2026-01-20: 2 problems
2026-10-09T09:01:38.6896488Z   2026-01-19: 2 problems
2026-10-09T09:01:38.7023643Z   2026-01-17: 2 problems
2026-10-09T09:01:38.7136535Z   2026-01-16: 2 problems
2026-10-09T09:01:38.7284452Z   2026-01-15: 2 problems
2026-10-09T09:01:38.7406011Z   2026-01-14: 2 problems
2026-10-09T09:01:38.7510742Z   2026-01-13: 2 problems
2026-10-09T09:01:38.7606231Z   2026-01-12: 2 problems
2026-10-09T09:01:38.7732170Z   2026-01-10: 2 problems
2026-10-09T09:01:38.7834008Z   2026-01-09: 2 problems
2026-10-09T09:01:38.7935545Z   2026-01-08: 2 problems
2026-10-09T09:01:38.8052351Z   2026-01-07: 2 problems
2026-10-09T09:01:38.8154039Z   2026-01-06: 2 problems
2026-10-09T09:01:38.8273081Z   2026-01-05: 2 problems
2026-10-09T09:01:38.8381428Z   2026-01-03: 2 problems
2026-10-09T09:01:38.8494086Z   2026-01-02: 2 problems
2026-10-09T09:01:38.8599862Z   2026-01-01: 2 problems
2026-10-09T09:01:38.8713423Z   2025-12-31: 2 problems
2026-10-09T09:01:38.8842373Z   2025-12-30: 2 problems
2026-10-09T09:01:38.8950385Z   2025-12-29: 2 problems
2026-10-09T09:01:38.9058831Z   2025-12-27: 2 problems
2026-10-09T09:01:38.9176694Z   2025-12-26: 2 problems
2026-10-09T09:01:38.9291877Z   2025-12-25: 2 problems
2026-10-09T09:01:38.9398107Z   2025-12-24: 2 problems
2026-10-09T09:01:38.9531704Z   2025-12-23: 2 problems
2026-10-09T09:01:38.9642156Z   2025-12-22: 2 problems
2026-10-09T09:01:38.9742942Z   2025-12-20: 2 problems
2026-10-09T09:01:38.9879279Z   2025-12-19: 2 problems
2026-10-09T09:01:39.0024768Z   2025-12-18: 2 problems
2026-10-09T09:01:39.0138378Z   2025-12-17: 2 problems
2026-10-09T09:01:39.0246072Z   2025-12-16: 2 problems
2026-10-09T09:01:39.0396934Z   2025-12-15: 2 problems
2026-10-09T09:01:39.0508224Z   2025-12-13: 2 problems
2026-10-09T09:01:39.0666577Z   2025-12-12: 2 problems
2026-10-09T09:01:39.0777900Z   2025-12-11: 2 problems
2026-10-09T09:01:39.0878560Z   2025-12-10: 2 problems
2026-10-09T09:01:39.0995663Z   2025-12-09: 2 problems
2026-10-09T09:01:39.1082832Z   2025-12-08: 2 problems
2026-10-09T09:01:39.1193391Z   2025-12-06: 2 problems
2026-10-09T09:01:39.1313228Z   2025-12-05: 2 problems
2026-10-09T09:01:39.1422703Z   2025-12-04: 2 problems
2026-10-09T09:01:39.1588392Z   2025-12-03: 2 problems
2026-10-09T09:01:39.1707702Z   2025-12-02: 2 problems
2026-10-09T09:01:39.1839475Z   2025-12-01: 2 problems
2026-10-09T09:01:39.1949815Z   2025-11-29: 2 problems
2026-10-09T09:01:39.2059753Z   2025-11-28: 2 problems
2026-10-09T09:01:39.2174567Z   2025-11-27: 2 problems
2026-10-09T09:01:39.2303267Z   2025-11-26: 2 problems
2026-10-09T09:01:39.2406221Z   2025-11-25: 2 problems
2026-10-09T09:01:39.2527441Z   2025-11-24: 2 problems
2026-10-09T09:01:39.2660741Z   2025-11-22: 2 problems
2026-10-09T09:01:39.2782491Z   2025-11-21: 2 problems
2026-10-09T09:01:39.2905318Z   2025-11-20: 2 problems
2026-10-09T09:01:39.3024734Z   2025-11-19: 2 problems
2026-10-09T09:01:39.3141920Z   2025-11-18: 2 problems
2026-10-09T09:01:39.3264658Z   2025-11-17: 2 problems
2026-10-09T09:01:39.3432223Z   2025-11-15: 2 problems
2026-10-09T09:01:39.3549618Z   2025-11-14: 2 problems
2026-10-09T09:01:39.3666460Z   2025-11-13: 2 problems
2026-10-09T09:01:39.3789453Z   2025-11-12: 2 problems
2026-10-09T09:01:39.3899691Z   2025-11-11: 2 problems
2026-10-09T09:01:39.3998135Z   2025-11-10: 2 problems
2026-10-09T09:01:39.4099674Z   2025-11-08: 2 problems
2026-10-09T09:01:39.4209631Z   2025-11-07: 2 problems
2026-10-09T09:01:39.4311064Z   2025-11-06: 2 problems
2026-10-09T09:01:39.4429403Z   2025-11-05: 2 problems
2026-10-09T09:01:39.4534112Z   2025-11-04: 2 problems
2026-10-09T09:01:39.4642049Z   2025-11-03: 2 problems
2026-10-09T09:01:39.4765944Z   2025-11-01: 2 problems
2026-10-09T09:01:39.4834014Z   2025-10-31: 2 problems
2026-10-09T09:01:39.4948826Z   2025-10-30: 2 problems
2026-10-09T09:01:39.5117508Z   2025-10-29: 2 problems
2026-10-09T09:01:39.5229139Z   2025-10-28: 2 problems
2026-10-09T09:01:39.5398169Z   2025-10-27: 2 problems
2026-10-09T09:01:39.5534994Z   2025-10-25: 2 problems
2026-10-09T09:01:39.5670593Z   2025-10-24: 2 problems
2026-10-09T09:01:39.5786145Z   2025-10-23: 2 problems
2026-10-09T09:01:39.5896881Z   2025-10-22: 2 problems
2026-10-09T09:01:39.6018362Z   2025-10-21: 2 problems
2026-10-09T09:01:39.6124684Z   2025-10-20: 2 problems
2026-10-09T09:01:39.6238035Z   2025-10-18: 2 problems
2026-10-09T09:01:39.6356413Z   2025-10-17: 2 problems
2026-10-09T09:01:39.6455575Z   2025-10-16: 2 problems
2026-10-09T09:01:39.6608240Z   2025-10-15: 2 problems
2026-10-09T09:01:39.6738376Z   2025-10-14: 2 problems
2026-10-09T09:01:39.6859536Z   2025-10-13: 2 problems
2026-10-09T09:01:39.6960190Z   2025-10-11: 2 problems
2026-10-09T09:01:39.7064614Z   2025-10-10: 2 problems
2026-10-09T09:01:39.7202202Z   2025-10-09: 2 problems
2026-10-09T09:01:39.7306597Z   2025-10-08: 2 problems
2026-10-09T09:01:39.7424289Z   2025-10-07: 2 problems
2026-10-09T09:01:39.7543569Z   2025-10-06: 2 problems
2026-10-09T09:01:39.7652604Z   2025-10-04: 2 problems
2026-10-09T09:01:39.7769070Z   2025-10-03: 2 problems
2026-10-09T09:01:39.7876552Z   2025-10-02: 2 problems
2026-10-09T09:01:39.7992371Z   2025-10-01: 2 problems
2026-10-09T09:01:39.8085232Z   2025-09-30: 2 problems
2026-10-09T09:01:39.8213548Z   2025-09-29: 2 problems
2026-10-09T09:01:39.8320171Z   2025-09-27: 2 problems
2026-10-09T09:01:39.8448588Z   2025-09-26: 2 problems
2026-10-09T09:01:39.8565579Z   2025-09-25: 2 problems
2026-10-09T09:01:39.8682529Z   2025-09-24: 2 problems
2026-10-09T09:01:39.8785639Z   2025-09-23: 2 problems
2026-10-09T09:01:39.8919202Z   2025-09-22: 2 problems
2026-10-09T09:01:39.9040181Z   2025-09-20: 2 problems
2026-10-09T09:01:39.9170416Z   2025-09-19: 2 problems
2026-10-09T09:01:39.9278654Z   2025-09-18: 2 problems
2026-10-09T09:01:39.9399519Z   2025-09-17: 2 problems
2026-10-09T09:01:39.9495356Z   2025-09-16: 2 problems
2026-10-09T09:01:39.9599640Z   2025-09-15: 2 problems
2026-10-09T09:01:39.9707007Z   2025-09-13: 2 problems
2026-10-09T09:01:39.9818453Z   2025-09-12: 2 problems
2026-10-09T09:01:39.9934648Z   2025-09-11: 2 problems
2026-10-09T09:01:40.0037245Z   2025-09-10: 2 problems
2026-10-09T09:01:40.0158608Z   2025-09-09: 2 problems
2026-10-09T09:01:40.0323841Z   2025-09-08: 2 problems
2026-10-09T09:01:40.0441407Z   2025-09-06: 2 problems
2026-10-09T09:01:40.0569398Z   2025-09-05: 2 problems
2026-10-09T09:01:40.0711175Z   2025-09-04: 2 problems
2026-10-09T09:01:40.0813512Z   2025-09-03: 2 problems
2026-10-09T09:01:40.0946837Z   2025-09-02: 2 problems
2026-10-09T09:01:40.1072093Z   2025-09-01: 2 problems
2026-10-09T09:01:40.1178313Z   2025-08-30: 2 problems
2026-10-09T09:01:40.1286212Z   2025-08-29: 2 problems
2026-10-09T09:01:40.1437544Z   2025-08-28: 2 problems
2026-10-09T09:01:40.1578402Z   2025-08-27: 2 problems
2026-10-09T09:01:40.1685019Z   2025-08-26: 2 problems
2026-10-09T09:01:40.1813270Z   2025-08-25: 2 problems
2026-10-09T09:01:40.1923934Z   2025-08-23: 2 problems
2026-10-09T09:01:40.2035993Z   2025-08-22: 2 problems
2026-10-09T09:01:40.2161779Z   2025-08-21: 2 problems
2026-10-09T09:01:40.2265399Z   2025-08-20: 2 problems
2026-10-09T09:01:40.2369066Z   2025-08-19: 2 problems
2026-10-09T09:01:40.2484130Z   2025-08-18: 2 problems
2026-10-09T09:01:40.2600252Z   2025-08-16: 2 problems
2026-10-09T09:01:40.2731580Z   2025-08-15: 2 problems
2026-10-09T09:01:40.2833493Z   2025-08-14: 2 problems
2026-10-09T09:01:40.2927318Z   2025-08-13: 2 problems
2026-10-09T09:01:40.3034115Z   2025-08-12: 2 problems
2026-10-09T09:01:40.3165831Z   2025-08-11: 2 problems
2026-10-09T09:01:40.3274729Z   2025-08-09: 2 problems
2026-10-09T09:01:40.3409445Z   2025-08-08: 2 problems
2026-10-09T09:01:40.3596181Z   2025-08-07: 2 problems
2026-10-09T09:01:40.3700403Z   2025-08-06: 2 problems
2026-10-09T09:01:40.3922282Z   2025-08-05: 2 problems
2026-10-09T09:01:40.4052263Z   2025-08-04: 2 problems
2026-10-09T09:01:40.4155627Z   2025-08-02: 2 problems
2026-10-09T09:01:40.4259049Z   2025-08-01: 2 problems
2026-10-09T09:01:40.4362259Z   2025-07-31: 2 problems
2026-10-09T09:01:40.4498393Z   2025-07-30: 2 problems
2026-10-09T09:01:40.4619235Z   2025-07-29: 2 problems
2026-10-09T09:01:40.4720940Z   2025-07-28: 2 problems
2026-10-09T09:01:40.4877348Z   2025-07-26: 2 problems
2026-10-09T09:01:40.5050840Z   2025-07-25: 2 problems
2026-10-09T09:01:40.5150600Z   2025-07-24: 2 problems
2026-10-09T09:01:40.5259095Z   2025-07-23: 2 problems
2026-10-09T09:01:40.5376424Z   2025-07-22: 2 problems
2026-10-09T09:01:40.5478738Z   2025-07-21: 2 problems
2026-10-09T09:01:40.5581516Z   2025-07-19: 2 problems
2026-10-09T09:01:40.5693473Z   2025-07-18: 2 problems
2026-10-09T09:01:40.5809377Z   2025-07-17: 2 problems
2026-10-09T09:01:40.5927934Z   2025-07-16: 2 problems
2026-10-09T09:01:40.6073427Z   2025-07-15: 2 problems
2026-10-09T09:01:40.6206476Z   2025-07-14: 2 problems
2026-10-09T09:01:40.6314627Z   2025-07-12: 2 problems
2026-10-09T09:01:40.6465313Z   2025-07-11: 2 problems
2026-10-09T09:01:40.6588778Z   2025-07-10: 2 problems
2026-10-09T09:01:40.6726570Z   2025-07-09: 2 problems
2026-10-09T09:01:40.6834587Z   2025-07-08: 2 problems
2026-10-09T09:01:40.6937199Z   2025-07-07: 2 problems
2026-10-09T09:01:40.7057010Z   2025-07-05: 2 problems
2026-10-09T09:01:40.7186995Z   2025-07-04: 2 problems
2026-10-09T09:01:40.7298209Z   2025-07-03: 2 problems
2026-10-09T09:01:40.7421050Z   2025-07-02: 2 problems
2026-10-09T09:01:40.7545876Z   2025-07-01: 2 problems
2026-10-09T09:01:40.7655866Z   2025-06-30: 2 problems
2026-10-09T09:01:40.7761033Z   2025-06-28: 2 problems
2026-10-09T09:01:40.7914568Z   2025-06-27: 2 problems
2026-10-09T09:01:40.8011620Z   2025-06-26: 2 problems
2026-10-09T09:01:40.8119609Z   2025-06-25: 2 problems
2026-10-09T09:01:40.8223539Z   2025-06-24: 2 problems
2026-10-09T09:01:40.8394482Z   2025-06-23: 2 problems
2026-10-09T09:01:40.8460022Z   2025-06-21: 2 problems
2026-10-09T09:01:40.8576129Z   2025-06-20: 2 problems
2026-10-09T09:01:40.8675642Z   2025-06-19: 2 problems
2026-10-09T09:01:40.8830521Z   2025-06-18: 2 problems
2026-10-09T09:01:40.8943546Z   2025-06-17: 2 problems
2026-10-09T09:01:40.9058626Z   2025-06-16: 2 problems
2026-10-09T09:01:40.9177057Z   2025-06-14: 2 problems
2026-10-09T09:01:40.9282464Z   2025-06-13: 2 problems
2026-10-09T09:01:40.9416091Z   2025-06-12: 2 problems
2026-10-09T09:01:40.9530834Z   2025-06-11: 2 problems
2026-10-09T09:01:40.9635284Z   2025-06-10: 2 problems
2026-10-09T09:01:40.9745172Z   2025-06-09: 2 problems
2026-10-09T09:01:40.9854474Z   2025-06-07: 2 problems
2026-10-09T09:01:40.9964417Z   2025-06-06: 2 problems
2026-10-09T09:01:41.0088084Z   2025-06-05: 2 problems
2026-10-09T09:01:41.0198136Z   2025-06-04: 2 problems
2026-10-09T09:01:41.0306867Z   2025-06-03: 2 problems
2026-10-09T09:01:41.0423549Z   2025-06-02: 2 problems
2026-10-09T09:01:41.0547319Z   2025-05-31: 2 problems
2026-10-09T09:01:41.0661572Z   2025-05-30: 2 problems
2026-10-09T09:01:41.0775396Z   2025-05-29: 2 problems
2026-10-09T09:01:41.0967137Z   2025-05-28: 2 problems
2026-10-09T09:01:41.1093589Z   2025-05-27: 2 problems
2026-10-09T09:01:41.1199499Z   2025-05-26: 2 problems
2026-10-09T09:01:41.1309743Z   2025-05-24: 2 problems
2026-10-09T09:01:41.1464047Z   2025-05-23: 2 problems
2026-10-09T09:01:41.1572662Z   2025-05-22: 2 problems
2026-10-09T09:01:41.1679609Z   2025-05-21: 2 problems
2026-10-09T09:01:41.1788096Z   2025-05-20: 2 problems
2026-10-09T09:01:41.1907740Z   2025-05-19: 2 problems
2026-10-09T09:01:41.2011661Z   2025-05-17: 2 problems
2026-10-09T09:01:41.2135028Z   2025-05-16: 2 problems
2026-10-09T09:01:41.2236915Z   2025-05-15: 2 problems
2026-10-09T09:01:41.2343105Z   2025-05-14: 2 problems
2026-10-09T09:01:41.2452615Z   2025-05-13: 2 problems
2026-10-09T09:01:41.2562964Z   2025-05-12: 2 problems
2026-10-09T09:01:41.2676472Z   2025-05-10: 2 problems
2026-10-09T09:01:41.2787682Z   2025-05-09: 2 problems
2026-10-09T09:01:41.2907820Z   2025-05-08: 2 problems
2026-10-09T09:01:41.3009979Z   2025-05-07: 2 problems
2026-10-09T09:01:41.3116992Z   2025-05-06: 2 problems
2026-10-09T09:01:41.3229935Z   2025-05-05: 2 problems
2026-10-09T09:01:41.3335197Z   2025-05-03: 2 problems
2026-10-09T09:01:41.3462398Z   2025-05-02: 2 problems
2026-10-09T09:01:41.3578540Z   2025-05-01: 2 problems
2026-10-09T09:01:41.3683350Z   2025-04-30: 2 problems
2026-10-09T09:01:41.3795857Z   2025-04-29: 2 problems
2026-10-09T09:01:41.3893232Z   2025-04-28: 2 problems
2026-10-09T09:01:41.3987385Z   2025-04-26: 2 problems
2026-10-09T09:01:41.4180804Z   2025-04-25: 2 problems
2026-10-09T09:01:41.4280761Z   2025-04-24: 2 problems
2026-10-09T09:01:41.4388428Z   2025-04-23: 2 problems
2026-10-09T09:01:41.4493075Z   2025-04-22: 2 problems
2026-10-09T09:01:41.4620801Z   2025-04-21: 2 problems
2026-10-09T09:01:41.4740911Z   2025-04-19: 2 problems
2026-10-09T09:01:41.4842080Z   2025-04-18: 2 problems
2026-10-09T09:01:41.4951520Z   2025-04-17: 2 problems
2026-10-09T09:01:41.5060852Z   2025-04-16: 2 problems
2026-10-09T09:01:41.5181457Z   2025-04-15: 2 problems
2026-10-09T09:01:41.5287647Z   2025-04-14: 2 problems
2026-10-09T09:01:41.5393580Z   2025-04-12: 2 problems
2026-10-09T09:01:41.5495976Z   2025-04-11: 2 problems
2026-10-09T09:01:41.5608662Z   2025-04-10: 2 problems
2026-10-09T09:01:41.5716105Z   2025-04-09: 2 problems
2026-10-09T09:01:41.5820023Z   2025-04-08: 2 problems
2026-10-09T09:01:41.5930754Z   2025-04-07: 2 problems
2026-10-09T09:01:41.6046149Z   2025-04-05: 2 problems
2026-10-09T09:01:41.6216799Z   2025-04-04: 2 problems
2026-10-09T09:01:41.6329330Z   2025-04-03: 2 problems
2026-10-09T09:01:41.6455863Z   2025-04-02: 2 problems
2026-10-09T09:01:41.6579464Z   2025-04-01: 2 problems
2026-10-09T09:01:41.6686618Z   2025-03-31: 2 problems
2026-10-09T09:01:41.6791329Z   2025-03-29: 2 problems
2026-10-09T09:01:41.6893595Z   2025-03-28: 2 problems
2026-10-09T09:01:41.7014908Z   2025-03-27: 2 problems
2026-10-09T09:01:41.7146801Z   2025-03-26: 2 problems
2026-10-09T09:01:41.7251839Z   2025-03-25: 2 problems
2026-10-09T09:01:41.7355777Z   2025-03-24: 2 problems
2026-10-09T09:01:41.7463288Z   2025-03-22: 2 problems
2026-10-09T09:01:41.7602267Z   2025-03-21: 2 problems
2026-10-09T09:01:41.7713230Z   2025-03-20: 2 problems
2026-10-09T09:01:41.7875286Z   2025-03-19: 2 problems
2026-10-09T09:01:41.7971068Z   2025-03-18: 2 problems
2026-10-09T09:01:41.8083887Z   2025-03-17: 2 problems
2026-10-09T09:01:41.8191642Z   2025-03-15: 2 problems
2026-10-09T09:01:41.8314740Z   2025-03-14: 2 problems
2026-10-09T09:01:41.8483695Z   2025-03-13: 2 problems
2026-10-09T09:01:41.8604202Z   2025-03-12: 2 problems
2026-10-09T09:01:41.8713301Z   2025-03-11: 2 problems
2026-10-09T09:01:41.8825107Z   2025-03-10: 2 problems
2026-10-09T09:01:41.8974261Z   2025-03-08: 2 problems
2026-10-09T09:01:41.9092636Z   2025-03-07: 2 problems
2026-10-09T09:01:41.9198872Z   2025-03-06: 2 problems
2026-10-09T09:01:41.9300246Z   2025-03-05: 2 problems
2026-10-09T09:01:41.9417938Z   2025-03-04: 2 problems
2026-10-09T09:01:41.9533895Z   2025-03-03: 2 problems
2026-10-09T09:01:41.9666608Z   2025-03-01: 2 problems
2026-10-09T09:01:41.9787318Z   2025-02-28: 2 problems
2026-10-09T09:01:41.9925032Z   2025-02-27: 2 problems
2026-10-09T09:01:42.0043033Z   2025-02-26: 2 problems
2026-10-09T09:01:42.0201000Z   2025-02-25: 2 problems
2026-10-09T09:01:42.0318092Z   2025-02-24: 2 problems
2026-10-09T09:01:42.0417132Z   2025-02-22: 2 problems
2026-10-09T09:01:42.0515532Z   2025-02-21: 2 problems
2026-10-09T09:01:42.0616695Z   2025-02-20: 2 problems
2026-10-09T09:01:42.0723684Z   2025-02-19: 2 problems
2026-10-09T09:01:42.0903482Z   2025-02-18: 2 problems
2026-10-09T09:01:42.1023034Z   2025-02-17: 2 problems
2026-10-09T09:01:42.1160544Z   2025-02-15: 2 problems
2026-10-09T09:01:42.1264622Z   2025-02-14: 2 problems
2026-10-09T09:01:42.1377393Z   2025-02-13: 2 problems
2026-10-09T09:01:42.1494239Z   2025-02-12: 2 problems
2026-10-09T09:01:42.1605869Z   2025-02-11: 2 problems
2026-10-09T09:01:42.1703678Z   2025-02-10: 2 problems
2026-10-09T09:01:42.1807102Z   2025-02-08: 2 problems
2026-10-09T09:01:42.1919498Z   2025-02-07: 2 problems
2026-10-09T09:01:42.2015190Z   2025-02-06: 2 problems
2026-10-09T09:01:42.2112604Z   2025-02-05: 2 problems
2026-10-09T09:01:42.2214975Z   2025-02-04: 2 problems
2026-10-09T09:01:42.2323134Z   2025-02-03: 2 problems
2026-10-09T09:01:42.2431785Z   2025-02-01: 2 problems
2026-10-09T09:01:42.2666939Z   2025-01-31: 2 problems
2026-10-09T09:01:42.2774439Z   2025-01-30: 2 problems
2026-10-09T09:01:42.2871225Z   2025-01-29: 2 problems
2026-10-09T09:01:42.2969748Z   2025-01-28: 2 problems
2026-10-09T09:01:42.3073949Z   2025-01-27: 2 problems
2026-10-09T09:01:42.3195258Z   2025-01-25: 2 problems
2026-10-09T09:01:42.3335486Z   2025-01-24: 2 problems
2026-10-09T09:01:42.3439302Z   2025-01-23: 2 problems
2026-10-09T09:01:42.3537857Z   2025-01-22: 2 problems
2026-10-09T09:01:42.3630719Z   2025-01-21: 2 problems
2026-10-09T09:01:42.3742739Z   2025-01-20: 2 problems
2026-10-09T09:01:42.3846761Z   2025-01-18: 2 problems
2026-10-09T09:01:42.3947824Z   2025-01-17: 2 problems
2026-10-09T09:01:42.4057458Z   2025-01-16: 2 problems
2026-10-09T09:01:42.4210657Z   2025-01-15: 2 problems
2026-10-09T09:01:42.4365684Z   2025-01-14: 2 problems
2026-10-09T09:01:42.4478735Z   2025-01-13: 2 problems
2026-10-09T09:01:42.4583026Z   2025-01-11: 2 problems
2026-10-09T09:01:42.4700679Z   2025-01-10: 2 problems
2026-10-09T09:01:42.4812726Z   2025-01-09: 2 problems
2026-10-09T09:01:42.4922875Z   2025-01-08: 2 problems
2026-10-09T09:01:42.5031993Z   2025-01-07: 2 problems
2026-10-09T09:01:42.5131802Z   2025-01-06: 2 problems
2026-10-09T09:01:42.5247572Z   2025-01-04: 2 problems
2026-10-09T09:01:42.5345936Z   2025-01-03: 2 problems
2026-10-09T09:01:42.5555122Z   2025-01-02: 2 problems
2026-10-09T09:01:42.5656316Z   2025-01-01: 2 problems
2026-10-09T09:01:42.5755504Z   2024-12-31: 2 problems
2026-10-09T09:01:42.5864651Z   2024-12-30: 2 problems
2026-10-09T09:01:42.6010077Z   2024-12-28: 2 problems
2026-10-09T09:01:42.6126962Z   2024-12-27: 2 problems
2026-10-09T09:01:42.6245048Z   2024-12-26: 2 problems
2026-10-09T09:01:42.6355560Z   2024-12-25: 2 problems
2026-10-09T09:01:42.6469771Z   2024-12-24: 2 problems
2026-10-09T09:01:42.6582761Z   2024-12-23: 2 problems
2026-10-09T09:01:42.6689261Z   2024-12-21: 2 problems
2026-10-09T09:01:42.6807433Z   2024-12-20: 2 problems
2026-10-09T09:01:42.6903647Z   2024-12-19: 2 problems
2026-10-09T09:01:42.7007457Z   2024-12-18: 2 problems
2026-10-09T09:01:42.7118390Z   2024-12-17: 2 problems
2026-10-09T09:01:42.7216703Z   2024-12-16: 2 problems
2026-10-09T09:01:42.7321067Z   2024-12-14: 2 problems
2026-10-09T09:01:42.7439927Z   2024-12-13: 2 problems
2026-10-09T09:01:42.7543955Z   2024-12-12: 2 problems
2026-10-09T09:01:42.7666613Z   2024-12-11: 2 problems
2026-10-09T09:01:42.7778270Z   2024-12-10: 2 problems
2026-10-09T09:01:42.7985331Z   2024-12-09: 2 problems
2026-10-09T09:01:42.8109755Z   2024-12-07: 2 problems
2026-10-09T09:01:42.8229099Z   2024-12-06: 2 problems
2026-10-09T09:01:42.8355323Z   2024-12-05: 2 problems
2026-10-09T09:01:42.8488193Z   2024-12-04: 2 problems
2026-10-09T09:01:42.8600005Z   2024-12-03: 2 problems
2026-10-09T09:01:42.8707514Z   2024-12-02: 2 problems
2026-10-09T09:01:42.8828339Z   2024-11-30: 2 problems
2026-10-09T09:01:42.8964320Z   2024-11-29: 2 problems
2026-10-09T09:01:42.9074667Z   2024-11-28: 2 problems
2026-10-09T09:01:42.9177963Z   2024-11-27: 2 problems
2026-10-09T09:01:42.9284550Z   2024-11-26: 2 problems
2026-10-09T09:01:42.9384171Z   2024-11-25: 2 problems
2026-10-09T09:01:42.9481038Z   2024-11-23: 2 problems
2026-10-09T09:01:42.9582463Z   2024-11-22: 2 problems
2026-10-09T09:01:42.9647394Z   2024-11-21: 2 problems
2026-10-09T09:01:42.9754548Z   2024-11-20: 2 problems
2026-10-09T09:01:42.9870480Z   2024-11-19: 2 problems
2026-10-09T09:01:42.9972380Z   2024-11-18: 2 problems
2026-10-09T09:01:43.0080797Z   2024-11-16: 2 problems
2026-10-09T09:01:43.0213075Z   2024-11-15: 2 problems
2026-10-09T09:01:43.0317900Z   2024-11-14: 2 problems
2026-10-09T09:01:43.0417604Z   2024-11-13: 2 problems
2026-10-09T09:01:43.0519044Z   2024-11-12: 2 problems
2026-10-09T09:01:43.0624192Z   2024-11-11: 2 problems
2026-10-09T09:01:43.0767993Z   2024-11-09: 2 problems
2026-10-09T09:01:43.0896219Z   2024-11-08: 2 problems
2026-10-09T09:01:43.0996099Z   2024-11-07: 2 problems
2026-10-09T09:01:43.1131712Z   2024-11-06: 2 problems
2026-10-09T09:01:43.1253700Z   2024-11-05: 2 problems
2026-10-09T09:01:43.1372588Z   2024-11-04: 2 problems
2026-10-09T09:01:43.1482422Z   2024-11-02: 2 problems
2026-10-09T09:01:43.1582843Z   2024-11-01: 2 problems
2026-10-09T09:01:43.1703201Z   2024-10-31: 2 problems
2026-10-09T09:01:43.1805064Z   2024-10-30: 2 problems
2026-10-09T09:01:43.1912212Z   2024-10-29: 2 problems
2026-10-09T09:01:43.2022691Z   2024-10-28: 2 problems
2026-10-09T09:01:43.2115960Z   2024-10-26: 2 problems
2026-10-09T09:01:43.2258774Z   2024-10-25: 2 problems
2026-10-09T09:01:43.2376718Z   2024-10-24: 2 problems
2026-10-09T09:01:43.2614772Z   2024-10-23: 2 problems
2026-10-09T09:01:43.2802304Z   2024-10-22: 2 problems
2026-10-09T09:01:43.2910625Z   2024-10-21: 2 problems
2026-10-09T09:01:43.3009058Z   2024-10-19: 2 problems
2026-10-09T09:01:43.3124560Z   2024-10-18: 2 problems
2026-10-09T09:01:43.3229758Z   2024-10-17: 2 problems
2026-10-09T09:01:43.3353287Z   2024-10-16: 2 problems
2026-10-09T09:01:43.3459427Z   2024-10-15: 2 problems
2026-10-09T09:01:43.3555991Z   2024-10-14: 2 problems
2026-10-09T09:01:43.3666043Z   2024-10-12: 2 problems
2026-10-09T09:01:43.3782581Z   2024-10-11: 2 problems
2026-10-09T09:01:43.3888550Z   2024-10-10: 2 problems
2026-10-09T09:01:43.4028228Z   2024-10-09: 2 problems
2026-10-09T09:01:43.4135691Z   2024-10-08: 2 problems
2026-10-09T09:01:43.4241203Z   2024-10-07: 2 problems
2026-10-09T09:01:43.4353179Z   2024-10-05: 2 problems
2026-10-09T09:01:43.4447602Z   2024-10-04: 2 problems
2026-10-09T09:01:43.4559584Z   2024-10-03: 2 problems
2026-10-09T09:01:43.4669576Z   2024-10-02: 2 problems
2026-10-09T09:01:43.4820771Z   2024-10-01: 2 problems
2026-10-09T09:01:43.4939724Z   2024-09-30: 2 problems
2026-10-09T09:01:43.5056900Z   2024-09-28: 2 problems
2026-10-09T09:01:43.5187937Z   2024-09-27: 2 problems
2026-10-09T09:01:43.5296977Z   2024-09-26: 2 problems
2026-10-09T09:01:43.5447151Z   2024-09-25: 2 problems
2026-10-09T09:01:43.5528057Z   2024-09-24: 2 problems
2026-10-09T09:01:43.5639846Z   2024-09-23: 2 problems
2026-10-09T09:01:43.5745004Z   2024-09-21: 2 problems
2026-10-09T09:01:43.5955069Z   2024-09-20: 2 problems
2026-10-09T09:01:43.6063648Z   2024-09-19: 2 problems
2026-10-09T09:01:43.6169136Z   2024-09-18: 2 problems
2026-10-09T09:01:43.6295834Z   2024-09-17: 2 problems
2026-10-09T09:01:43.6441755Z   2024-09-16: 2 problems
2026-10-09T09:01:43.6539504Z   2024-09-14: 2 problems
2026-10-09T09:01:43.6687064Z   2024-09-13: 2 problems
2026-10-09T09:01:43.6796069Z   2024-09-12: 2 problems
2026-10-09T09:01:43.6902442Z   2024-09-11: 2 problems
2026-10-09T09:01:43.7026642Z   2024-09-10: 2 problems
2026-10-09T09:01:43.7181364Z   2024-09-09: 2 problems
2026-10-09T09:01:43.7292394Z   2024-09-07: 2 problems
2026-10-09T09:01:43.7406574Z   2024-09-06: 2 problems
2026-10-09T09:01:43.7529755Z   2024-09-05: 2 problems
2026-10-09T09:01:43.7643103Z   2024-09-04: 2 problems
2026-10-09T09:01:43.7734107Z   2024-09-03: 2 problems
2026-10-09T09:01:43.7858621Z   2024-09-02: 2 problems
2026-10-09T09:01:43.7961435Z   2024-08-31: 2 problems
2026-10-09T09:01:43.8075453Z   2024-08-30: 2 problems
2026-10-09T09:01:43.8183561Z   2024-08-29: 2 problems
2026-10-09T09:01:43.8289309Z   2024-08-28: 2 problems
2026-10-09T09:01:43.8390532Z   2024-08-27: 2 problems
2026-10-09T09:01:43.8498083Z   2024-08-26: 2 problems
2026-10-09T09:01:43.8654890Z   2024-08-24: 2 problems
2026-10-09T09:01:43.8763194Z   2024-08-23: 2 problems
2026-10-09T09:01:43.8887194Z   2024-08-22: 2 problems
2026-10-09T09:01:43.9001211Z   2024-08-21: 2 problems
2026-10-09T09:01:43.9138694Z   2024-08-20: 2 problems
2026-10-09T09:01:43.9232994Z   2024-08-19: 2 problems
2026-10-09T09:01:43.9340285Z   2024-08-17: 2 problems
2026-10-09T09:01:43.9444835Z   2024-08-16: 2 problems
2026-10-09T09:01:43.9575934Z   2024-08-15: 2 problems
2026-10-09T09:01:43.9753491Z   2024-08-14: 2 problems
2026-10-09T09:01:43.9859654Z   2024-08-13: 2 problems
2026-10-09T09:01:43.9973378Z   2024-08-12: 2 problems
2026-10-09T09:01:44.0088844Z   2024-08-10: 2 problems
2026-10-09T09:01:44.0195293Z   2024-08-09: 2 problems
2026-10-09T09:01:44.0300256Z   2024-08-08: 2 problems
2026-10-09T09:01:44.0405699Z   2024-08-07: 2 problems
2026-10-09T09:01:44.0534871Z   2024-08-06: 2 problems
2026-10-09T09:01:44.0680523Z   2024-08-05: 2 problems
2026-10-09T09:01:44.0810388Z   2024-08-03: 2 problems
2026-10-09T09:01:44.0969312Z   2024-08-02: 2 problems
2026-10-09T09:01:44.1074692Z   2024-08-01: 2 problems
2026-10-09T09:01:44.1178191Z   2024-07-31: 2 problems
2026-10-09T09:01:44.1278582Z   2024-07-30: 2 problems
2026-10-09T09:01:44.1382277Z   2024-07-29: 2 problems
2026-10-09T09:01:44.1508084Z   2024-07-27: 2 problems
2026-10-09T09:01:44.1635457Z   2024-07-26: 2 problems
2026-10-09T09:01:44.1753936Z   2024-07-25: 2 problems
2026-10-09T09:01:44.1866102Z   2024-07-24: 2 problems
2026-10-09T09:01:44.1970148Z   2024-07-23: 2 problems
2026-10-09T09:01:44.2133926Z   2024-07-22: 2 problems
2026-10-09T09:01:44.2245250Z   2024-07-20: 2 problems
2026-10-09T09:01:44.2348069Z   2024-07-19: 2 problems
2026-10-09T09:01:44.2455755Z   2024-07-18: 2 problems
2026-10-09T09:01:44.2550693Z   2024-07-17: 2 problems
2026-10-09T09:01:44.2661018Z   2024-07-16: 2 problems
2026-10-09T09:01:44.2779922Z   2024-07-15: 2 problems
2026-10-09T09:01:44.2884132Z   2024-07-13: 2 problems
2026-10-09T09:01:44.2958560Z   2024-07-12: 2 problems
2026-10-09T09:01:44.3069158Z   2024-07-11: 2 problems
2026-10-09T09:01:44.3192603Z   2024-07-10: 2 problems
2026-10-09T09:01:44.3300977Z   2024-07-09: 2 problems
2026-10-09T09:01:44.3429494Z   2024-07-08: 2 problems
2026-10-09T09:01:44.3538739Z   2024-07-06: 2 problems
2026-10-09T09:01:44.3671873Z   2024-07-05: 2 problems
2026-10-09T09:01:44.3786546Z   2024-07-04: 2 problems
2026-10-09T09:01:44.3908740Z   2024-07-03: 2 problems
2026-10-09T09:01:44.4016044Z   2024-07-02: 2 problems
2026-10-09T09:01:44.4117729Z   2024-07-01: 2 problems
2026-10-09T09:01:44.4254620Z   2024-06-29: 2 problems
2026-10-09T09:01:44.4372595Z   2024-06-28: 2 problems
2026-10-09T09:01:44.4469662Z   2024-06-27: 2 problems
2026-10-09T09:01:44.4584553Z   2024-06-26: 2 problems
2026-10-09T09:01:44.4699954Z   2024-06-25: 2 problems
2026-10-09T09:01:44.4811241Z   2024-06-24: 2 problems
2026-10-09T09:01:44.4916849Z   2024-06-22: 2 problems
2026-10-09T09:01:44.5038074Z   2024-06-21: 2 problems
2026-10-09T09:01:44.5152009Z   2024-06-20: 2 problems
2026-10-09T09:01:44.5408759Z   2024-06-19: 2 problems
2026-10-09T09:01:44.5532993Z   2024-06-18: 2 problems
2026-10-09T09:01:44.5650148Z   2024-06-17: 2 problems
2026-10-09T09:01:44.5764148Z   2024-06-15: 2 problems
2026-10-09T09:01:44.5878868Z   2024-06-14: 2 problems
2026-10-09T09:01:44.6016929Z   2024-06-13: 2 problems
2026-10-09T09:01:44.6119031Z   2024-06-12: 2 problems
2026-10-09T09:01:44.6254904Z   2024-06-11: 2 problems
2026-10-09T09:01:44.6359109Z   2024-06-10: 2 problems
2026-10-09T09:01:44.6486688Z   2024-06-08: 2 problems
2026-10-09T09:01:44.6586869Z   2024-06-07: 2 problems
2026-10-09T09:01:44.6703143Z   2024-06-06: 2 problems
2026-10-09T09:01:44.6802627Z   2024-06-05: 2 problems
2026-10-09T09:01:44.6906003Z   2024-06-04: 2 problems
2026-10-09T09:01:44.7038971Z   2024-06-03: 2 problems
2026-10-09T09:01:44.7146133Z   2024-06-01: 2 problems
2026-10-09T09:01:44.7258751Z   2024-05-31: 2 problems
2026-10-09T09:01:44.7371811Z   2024-05-30: 2 problems
2026-10-09T09:01:44.7476166Z   2024-05-29: 2 problems
2026-10-09T09:01:44.7583250Z   2024-05-28: 2 problems
2026-10-09T09:01:44.7679634Z   2024-05-27: 2 problems
2026-10-09T09:01:44.7801137Z   2024-05-25: 2 problems
2026-10-09T09:01:44.7909472Z   2024-05-24: 2 problems
2026-10-09T09:01:44.8008037Z   2024-05-23: 2 problems
2026-10-09T09:01:44.8137407Z   2024-05-22: 2 problems
2026-10-09T09:01:44.8247292Z   2024-05-21: 2 problems
2026-10-09T09:01:44.8366323Z   2024-05-20: 2 problems
2026-10-09T09:01:44.8472738Z   2024-05-18: 2 problems
2026-10-09T09:01:44.8637856Z   2024-05-17: 2 problems
2026-10-09T09:01:44.8753726Z   2024-05-16: 2 problems
2026-10-09T09:01:44.8876934Z   2024-05-15: 2 problems
2026-10-09T09:01:44.8988811Z   2024-05-14: 2 problems
2026-10-09T09:01:44.9086863Z   2024-05-13: 2 problems
2026-10-09T09:01:44.9186775Z   2024-05-11: 2 problems
2026-10-09T09:01:44.9299301Z   2024-05-10: 2 problems
2026-10-09T09:01:44.9402736Z   2024-05-09: 2 problems
2026-10-09T09:01:44.9534864Z   2024-05-08: 2 problems
2026-10-09T09:01:44.9650080Z   2024-05-07: 2 problems
2026-10-09T09:01:44.9770084Z   2024-05-06: 2 problems
2026-10-09T09:01:44.9900284Z   2024-05-04: 2 problems
2026-10-09T09:01:45.0006345Z   2024-05-03: 2 problems
2026-10-09T09:01:45.0124526Z   2024-05-02: 2 problems
2026-10-09T09:01:45.0222727Z   2024-05-01: 2 problems
2026-10-09T09:01:45.0325008Z   2024-04-30: 2 problems
2026-10-09T09:01:45.0424257Z   2024-04-29: 2 problems
2026-10-09T09:01:45.0520482Z   2024-04-27: 2 problems
2026-10-09T09:01:45.0624810Z   2024-04-26: 2 problems
2026-10-09T09:01:45.0757150Z   2024-04-25: 2 problems
2026-10-09T09:01:45.0989105Z   2024-04-24: 2 problems
2026-10-09T09:01:45.1118157Z   2024-04-23: 2 problems
2026-10-09T09:01:45.1231605Z   2024-04-22: 2 problems
2026-10-09T09:01:45.1325738Z   2024-04-20: 2 problems
2026-10-09T09:01:45.1441651Z   2024-04-19: 2 problems
2026-10-09T09:01:45.1556696Z   2024-04-18: 2 problems
2026-10-09T09:01:45.1662085Z   2024-04-17: 2 problems
2026-10-09T09:01:45.1769100Z   2024-04-16: 2 problems
2026-10-09T09:01:45.1865202Z   2024-04-15: 2 problems
2026-10-09T09:01:45.1968942Z   2024-04-13: 2 problems
2026-10-09T09:01:45.2078114Z   2024-04-12: 2 problems
2026-10-09T09:01:45.2193523Z   2024-04-11: 2 problems
2026-10-09T09:01:45.2312256Z   2024-04-10: 2 problems
2026-10-09T09:01:45.2415363Z   2024-04-09: 2 problems
2026-10-09T09:01:45.2522137Z   2024-04-08: 2 problems
2026-10-09T09:01:45.2647792Z   2024-04-06: 2 problems
2026-10-09T09:01:45.2765352Z   2024-04-05: 2 problems
2026-10-09T09:01:45.2858633Z   2024-04-04: 2 problems
2026-10-09T09:01:45.2962645Z   2024-04-03: 2 problems
2026-10-09T09:01:45.3090546Z   2024-04-02: 2 problems
2026-10-09T09:01:45.3186920Z   2024-04-01: 2 problems
2026-10-09T09:01:45.3300963Z   2024-03-30: 2 problems
2026-10-09T09:01:45.3636157Z   2024-03-29: 2 problems
2026-10-09T09:01:45.3736116Z   2024-03-28: 2 problems
2026-10-09T09:01:45.3848049Z   2024-03-27: 2 problems
2026-10-09T09:01:45.3950968Z   2024-03-26: 2 problems
2026-10-09T09:01:45.4054244Z   2024-03-25: 2 problems
2026-10-09T09:01:45.4155447Z   2024-03-23: 2 problems
2026-10-09T09:01:45.4256885Z   2024-03-22: 2 problems
2026-10-09T09:01:45.4373405Z   2024-03-21: 2 problems
2026-10-09T09:01:45.4488662Z   2024-03-20: 2 problems
2026-10-09T09:01:45.4634823Z   2024-03-19: 2 problems
2026-10-09T09:01:45.4727011Z   2024-03-18: 2 problems
2026-10-09T09:01:45.4827586Z   2024-03-16: 2 problems
2026-10-09T09:01:45.4994372Z   2024-03-15: 2 problems
2026-10-09T09:01:45.5105278Z   2024-03-14: 2 problems
2026-10-09T09:01:45.5215069Z   2024-03-13: 2 problems
2026-10-09T09:01:45.5322621Z   2024-03-12: 2 problems
2026-10-09T09:01:45.5426154Z   2024-03-11: 2 problems
2026-10-09T09:01:45.5520458Z   2024-03-09: 2 problems
2026-10-09T09:01:45.5640679Z   2024-03-08: 2 problems
2026-10-09T09:01:45.5744201Z   2024-03-07: 2 problems
2026-10-09T09:01:45.5848789Z   2024-03-06: 2 problems
2026-10-09T09:01:45.5967845Z   2024-03-05: 2 problems
2026-10-09T09:01:45.6155565Z   2024-03-04: 2 problems
2026-10-09T09:01:45.6268202Z   2024-03-02: 2 problems
2026-10-09T09:01:45.6372957Z   2024-03-01: 2 problems
2026-10-09T09:01:45.6475225Z   2024-02-29: 2 problems
2026-10-09T09:01:45.6590880Z   2024-02-28: 2 problems
2026-10-09T09:01:45.6705918Z   2024-02-27: 2 problems
2026-10-09T09:01:45.6811220Z   2024-02-26: 2 problems
2026-10-09T09:01:45.6811974Z Building categories...
2026-10-09T09:01:46.1214975Z Wrote /home/runner/work/ys_problem_web/ys_problem_web/data/daily.json (818 days, 21 categories).
2026-10-09T09:01:46.1215753Z Syncing leaderboard (records.js from gh-pages)...
2026-10-09T09:01:46.1314330Z   ✓ 362 players, data through 2026-10-08 (unchanged)
2026-10-09T09:01:46.1315060Z LEADERBOARD-SYNC {"changed":false,"players":362,"currentDate":"2026-10-08"}
2026-10-09T09:01:46.1617648Z ##[group]Run if [ -n "b8a925d7af91de1716ce4af6a6d667b25d0416b4" ]; then
2026-10-09T09:01:46.1618183Z [36;1mif [ -n "b8a925d7af91de1716ce4af6a6d667b25d0416b4" ]; then[0m
2026-10-09T09:01:46.1618663Z [36;1m  echo "b8a925d7af91de1716ce4af6a6d667b25d0416b4" > data/.upstream-sha[0m
2026-10-09T09:01:46.1619064Z [36;1mfi[0m
2026-10-09T09:01:46.1619332Z [36;1mif [ -n "135665ff96789f39b526b067d6a515a9ce27655f" ]; then[0m
2026-10-09T09:01:46.1619979Z [36;1m  echo "135665ff96789f39b526b067d6a515a9ce27655f" > data/.leaderboard-sha[0m
2026-10-09T09:01:46.1620653Z [36;1mfi[0m
2026-10-09T09:01:46.1682097Z shell: /usr/bin/bash -e {0}
2026-10-09T09:01:46.1682351Z ##[endgroup]
2026-10-09T09:01:46.1791983Z ##[group]Run node scripts/push-data-branches.mjs --problems --misc --prune
2026-10-09T09:01:46.1792561Z [36;1mnode scripts/push-data-branches.mjs --problems --misc --prune[0m
2026-10-09T09:01:46.1792966Z [36;1mnode scripts/publish-deploy.mjs[0m
2026-10-09T09:01:46.1847829Z shell: /usr/bin/bash -e {0}
2026-10-09T09:01:46.1848087Z ##[endgroup]
2026-10-09T09:01:47.0509546Z data/problems: overlaid data/statements from remote tip
2026-10-09T09:01:47.1220681Z data/problems: unchanged (tree 2eb331d0837c) — nothing to push
2026-10-09T09:01:48.7229414Z data/misc-2026-10-09: pushed 1a3ffe4eae2c (new branch)
2026-10-09T09:01:48.8778914Z prune: no data/misc-* branch older than 60 days
2026-10-09T09:01:52.5835961Z deploy: force-pushed orphan 82e6f0285fbf (tree b062aab646e0), replaced 69e71eb626d9
2026-10-09T09:01:52.6002899Z Post job cleanup.
2026-10-09T09:01:52.6886790Z [command]/usr/bin/git version
2026-10-09T09:01:52.6930936Z git version 2.55.0
2026-10-09T09:01:52.6971461Z Temporarily overriding HOME='/home/runner/work/_temp/28f681e8-bad8-4a80-81d5-9a44cad66d05' before making global git config changes
2026-10-09T09:01:52.6973019Z Adding repository directory to the temporary git global config as a safe directory
2026-10-09T09:01:52.6977401Z [command]/usr/bin/git config --global --add safe.directory /home/runner/work/ys_problem_web/ys_problem_web
2026-10-09T09:01:52.7017496Z [command]/usr/bin/git config --local --name-only --get-regexp core\.sshCommand
2026-10-09T09:01:52.7051914Z [command]/usr/bin/git submodule foreach --recursive sh -c "git config --local --name-only --get-regexp 'core\.sshCommand' && git config --local --unset-all 'core.sshCommand' || :"
2026-10-09T09:01:52.7295966Z [command]/usr/bin/git config --local --name-only --get-regexp http\.https\:\/\/github\.com\/\.extraheader
2026-10-09T09:01:52.7323785Z http.https://github.com/.extraheader
2026-10-09T09:01:52.7336399Z [command]/usr/bin/git config --local --unset-all http.https://github.com/.extraheader
2026-10-09T09:01:52.7371518Z [command]/usr/bin/git submodule foreach --recursive sh -c "git config --local --name-only --get-regexp 'http\.https\:\/\/github\.com\/\.extraheader' && git config --local --unset-all 'http.https://github.com/.extraheader' || :"
2026-10-09T09:01:52.7642379Z [command]/usr/bin/git config --local --name-only --get-regexp ^includeIf\.gitdir:
2026-10-09T09:01:52.7680190Z [command]/usr/bin/git submodule foreach --recursive git config --local --show-origin --name-only --get-regexp remote.origin.url
2026-10-09T09:01:52.8095604Z Evaluate and set job outputs
2026-10-09T09:01:52.8101649Z Set output 'changed'
2026-10-09T09:01:52.8103137Z Set output 'lb_changed'
2026-10-09T09:01:52.8104268Z Cleaning up orphan processes
2026-10-09T09:01:52.8442902Z ##[warning]Node.js 20 is deprecated. The following actions target Node.js 20 but are being forced to run on Node.js 24: actions/checkout@v4. For more information see: https://github.blog/changelog/2025-09-19-deprecation-of-node-20-on-github-actions-runners/

