<!--YSLOG {"runId":37188302232,"event":"workflow_dispatch","startedAt":"2026-10-04T08:15:04Z","savedAt":"2026-10-04T09:09:57.799Z","url":"https://github.com/Sam5440/ys_problem_web/actions/runs/37188302232","jobName":"update","conclusion":"failure"}-->
2026-10-04T08:15:05.0427061Z Current runner version: '2.337.0'
2026-10-04T08:15:05.0453429Z ##[group]Runner Image Provisioner
2026-10-04T08:15:05.0454318Z Hosted Compute Agent
2026-10-04T08:15:05.0455062Z Version: 20260901.588
2026-10-04T08:15:05.0455726Z Commit: f88ec8081b781fac6c440065ac7ff9e710ce3d0b
2026-10-04T08:15:05.0456569Z Build Date: 2026-09-01T19:56:44Z
2026-10-04T08:15:05.0457311Z Worker ID: {a5d953fe-32e7-427d-9f66-603026638c7a}
2026-10-04T08:15:05.0458037Z Azure Region: westus
2026-10-04T08:15:05.0458685Z ##[endgroup]
2026-10-04T08:15:05.0460397Z ##[group]Operating System
2026-10-04T08:15:05.0461147Z Ubuntu
2026-10-04T08:15:05.0461773Z 24.04.5
2026-10-04T08:15:05.0462307Z LTS
2026-10-04T08:15:05.0463452Z ##[endgroup]
2026-10-04T08:15:05.0464063Z ##[group]Runner Image
2026-10-04T08:15:05.0465188Z Image: ubuntu-24.04
2026-10-04T08:15:05.0465792Z Version: 20260927.320.1
2026-10-04T08:15:05.0467152Z Included Software: https://github.com/actions/runner-images/blob/ubuntu24/20260927.320/images/ubuntu/Ubuntu2404-Readme.md
2026-10-04T08:15:05.0468761Z Image Release: https://github.com/actions/runner-images/releases/tag/ubuntu24%2F20260927.320
2026-10-04T08:15:05.0469857Z ##[endgroup]
2026-10-04T08:15:05.0471108Z ##[group]GITHUB_TOKEN Permissions
2026-10-04T08:15:05.0473534Z Actions: read
2026-10-04T08:15:05.0474169Z Contents: write
2026-10-04T08:15:05.0474915Z Metadata: read
2026-10-04T08:15:05.0475495Z ##[endgroup]
2026-10-04T08:15:05.0477617Z Secret source: Actions
2026-10-04T08:15:05.0478727Z Cache mode: write
2026-10-04T08:15:05.0479470Z Prepare workflow directory
2026-10-04T08:15:05.0864835Z Prepare all required actions
2026-10-04T08:15:05.0941107Z Getting action download info
2026-10-04T08:15:05.4447080Z Download action repository 'actions/checkout@v4' (SHA:11d5960a326750d5838078e36cf38b85af677262)
2026-10-04T08:15:05.6557043Z Complete job name: update
2026-10-04T08:15:05.7373762Z ##[group]Run actions/checkout@v4
2026-10-04T08:15:05.7374749Z with:
2026-10-04T08:15:05.7375221Z   repository: Sam5440/ys_problem_web
2026-10-04T08:15:05.7378910Z   token: ***
2026-10-04T08:15:05.7379347Z   ssh-strict: true
2026-10-04T08:15:05.7379791Z   ssh-user: git
2026-10-04T08:15:05.7380246Z   persist-credentials: true
2026-10-04T08:15:05.7380753Z   clean: true
2026-10-04T08:15:05.7381207Z   sparse-checkout-cone-mode: true
2026-10-04T08:15:05.7381741Z   fetch-depth: 1
2026-10-04T08:15:05.7382185Z   fetch-tags: false
2026-10-04T08:15:05.7382819Z   show-progress: true
2026-10-04T08:15:05.7383298Z   lfs: false
2026-10-04T08:15:05.7383725Z   submodules: false
2026-10-04T08:15:05.7384193Z   set-safe-directory: true
2026-10-04T08:15:05.7384710Z   allow-unsafe-pr-checkout: false
2026-10-04T08:15:05.7385502Z ##[endgroup]
2026-10-04T08:15:05.8442466Z Syncing repository: Sam5440/ys_problem_web
2026-10-04T08:15:05.8444758Z ##[group]Getting Git version info
2026-10-04T08:15:05.8446116Z Working directory is '/home/runner/work/ys_problem_web/ys_problem_web'
2026-10-04T08:15:05.8448001Z [command]/usr/bin/git version
2026-10-04T08:15:05.8559687Z git version 2.55.0
2026-10-04T08:15:05.8597979Z ##[endgroup]
2026-10-04T08:15:05.8613940Z Temporarily overriding HOME='/home/runner/work/_temp/99fedc3e-932a-4b6a-8c20-59bc8e771f21' before making global git config changes
2026-10-04T08:15:05.8621074Z Adding repository directory to the temporary git global config as a safe directory
2026-10-04T08:15:05.8622469Z [command]/usr/bin/git config --global --add safe.directory /home/runner/work/ys_problem_web/ys_problem_web
2026-10-04T08:15:05.8681751Z Deleting the contents of '/home/runner/work/ys_problem_web/ys_problem_web'
2026-10-04T08:15:05.8686774Z ##[group]Initializing the repository
2026-10-04T08:15:05.8691497Z [command]/usr/bin/git init /home/runner/work/ys_problem_web/ys_problem_web
2026-10-04T08:15:05.8820397Z hint: Using 'master' as the name for the initial branch. This default branch name
2026-10-04T08:15:05.8822354Z hint: will change to "main" in Git 3.0. To configure the initial branch name
2026-10-04T08:15:05.8824769Z hint: to use in all of your new repositories, which will suppress this warning,
2026-10-04T08:15:05.8826481Z hint: call:
2026-10-04T08:15:05.8827440Z hint:
2026-10-04T08:15:05.8828425Z hint: 	git config --global init.defaultBranch <name>
2026-10-04T08:15:05.8829103Z hint:
2026-10-04T08:15:05.8829724Z hint: Names commonly chosen instead of 'master' are 'main', 'trunk' and
2026-10-04T08:15:05.8830698Z hint: 'development'. The just-created branch can be renamed via this command:
2026-10-04T08:15:05.8831478Z hint:
2026-10-04T08:15:05.8831918Z hint: 	git branch -m <name>
2026-10-04T08:15:05.8832426Z hint:
2026-10-04T08:15:05.8833656Z hint: Disable this message with "git config set advice.defaultBranchName false"
2026-10-04T08:15:05.8835271Z Initialized empty Git repository in /home/runner/work/ys_problem_web/ys_problem_web/.git/
2026-10-04T08:15:05.8839191Z [command]/usr/bin/git remote add origin https://github.com/Sam5440/ys_problem_web
2026-10-04T08:15:05.8889751Z ##[endgroup]
2026-10-04T08:15:05.8891040Z ##[group]Disabling automatic garbage collection
2026-10-04T08:15:05.8894571Z [command]/usr/bin/git config --local gc.auto 0
2026-10-04T08:15:05.8931452Z ##[endgroup]
2026-10-04T08:15:05.8932833Z ##[group]Setting up auth
2026-10-04T08:15:05.8939810Z [command]/usr/bin/git config --local --name-only --get-regexp core\.sshCommand
2026-10-04T08:15:05.8979070Z [command]/usr/bin/git submodule foreach --recursive sh -c "git config --local --name-only --get-regexp 'core\.sshCommand' && git config --local --unset-all 'core.sshCommand' || :"
2026-10-04T08:15:05.9434363Z [command]/usr/bin/git config --local --name-only --get-regexp http\.https\:\/\/github\.com\/\.extraheader
2026-10-04T08:15:05.9478518Z [command]/usr/bin/git submodule foreach --recursive sh -c "git config --local --name-only --get-regexp 'http\.https\:\/\/github\.com\/\.extraheader' && git config --local --unset-all 'http.https://github.com/.extraheader' || :"
2026-10-04T08:15:05.9709225Z [command]/usr/bin/git config --local --name-only --get-regexp ^includeIf\.gitdir:
2026-10-04T08:15:05.9748704Z [command]/usr/bin/git submodule foreach --recursive git config --local --show-origin --name-only --get-regexp remote.origin.url
2026-10-04T08:15:05.9977835Z [command]/usr/bin/git config --local http.https://github.com/.extraheader AUTHORIZATION: basic ***
2026-10-04T08:15:06.0018592Z ##[endgroup]
2026-10-04T08:15:06.0019544Z ##[group]Fetching the repository
2026-10-04T08:15:06.0028952Z [command]/usr/bin/git -c protocol.version=2 fetch --no-tags --prune --no-recurse-submodules --depth=1 origin +64be0fd7e9263024512240b85f762a489afe99a4:refs/remotes/origin/main
2026-10-04T08:15:07.2588341Z From https://github.com/Sam5440/ys_problem_web
2026-10-04T08:15:07.2590763Z  * [new ref]         64be0fd7e9263024512240b85f762a489afe99a4 -> origin/main
2026-10-04T08:15:07.2596615Z ##[endgroup]
2026-10-04T08:15:07.2598827Z ##[group]Determining the checkout info
2026-10-04T08:15:07.2601264Z ##[endgroup]
2026-10-04T08:15:07.2603189Z [command]/usr/bin/git sparse-checkout disable
2026-10-04T08:15:07.2657224Z [command]/usr/bin/git config --local --unset-all extensions.worktreeConfig
2026-10-04T08:15:07.2691351Z ##[group]Checking out the ref
2026-10-04T08:15:07.2695661Z [command]/usr/bin/git checkout --progress --force -B main refs/remotes/origin/main
2026-10-04T08:15:07.4194331Z Switched to a new branch 'main'
2026-10-04T08:15:07.4204318Z branch 'main' set up to track 'origin/main'.
2026-10-04T08:15:07.4213949Z ##[endgroup]
2026-10-04T08:15:07.4263610Z [command]/usr/bin/git log -1 --format=%H
2026-10-04T08:15:07.4292019Z 64be0fd7e9263024512240b85f762a489afe99a4
2026-10-04T08:15:07.4570197Z ##[group]Run UPSTREAM_SHA=$(git ls-remote https://github.com/Yawn-Sean/Daily_CF_Problems.git HEAD | cut -f1)
2026-10-04T08:15:07.4574099Z [36;1mUPSTREAM_SHA=$(git ls-remote https://github.com/Yawn-Sean/Daily_CF_Problems.git HEAD | cut -f1)[0m
2026-10-04T08:15:07.4576815Z [36;1mLAST_SHA=$(cat data/.upstream-sha 2>/dev/null || true)[0m
2026-10-04T08:15:07.4578911Z [36;1mif [ -n "$UPSTREAM_SHA" ] && [ "$UPSTREAM_SHA" = "$LAST_SHA" ]; then[0m
2026-10-04T08:15:07.4581457Z [36;1m  echo "Upstream unchanged since last sync — skipping heavy steps."[0m
2026-10-04T08:15:07.4583803Z [36;1m  echo "changed=false" >> "$GITHUB_OUTPUT"[0m
2026-10-04T08:15:07.4585324Z [36;1melse[0m
2026-10-04T08:15:07.4586523Z [36;1m  echo "changed=true" >> "$GITHUB_OUTPUT"[0m
2026-10-04T08:15:07.4588020Z [36;1mfi[0m
2026-10-04T08:15:07.4589220Z [36;1mecho "sha=$UPSTREAM_SHA" >> "$GITHUB_OUTPUT"[0m
2026-10-04T08:15:07.4875305Z shell: /usr/bin/bash -e {0}
2026-10-04T08:15:07.4876662Z ##[endgroup]
2026-10-04T08:15:07.9320714Z ##[group]Run npm ci
2026-10-04T08:15:07.9321056Z [36;1mnpm ci[0m
2026-10-04T08:15:07.9386259Z shell: /usr/bin/bash -e {0}
2026-10-04T08:15:07.9386645Z ##[endgroup]
2026-10-04T08:15:19.1704459Z 
2026-10-04T08:15:19.1705593Z added 66 packages, and audited 67 packages in 10s
2026-10-04T08:15:19.1708349Z 
2026-10-04T08:15:19.1709051Z 14 packages are looking for funding
2026-10-04T08:15:19.1710065Z   run `npm fund` for details
2026-10-04T08:15:19.2177110Z 
2026-10-04T08:15:19.2177659Z 2 vulnerabilities (1 moderate, 1 high)
2026-10-04T08:15:19.2177987Z 
2026-10-04T08:15:19.2178170Z To address all issues (including breaking changes), run:
2026-10-04T08:15:19.2178538Z   npm audit fix --force
2026-10-04T08:15:19.2178711Z 
2026-10-04T08:15:19.2178851Z Run `npm audit` for details.
2026-10-04T08:15:19.2918607Z ##[group]Run npx playwright install --with-deps chromium
2026-10-04T08:15:19.2919396Z [36;1mnpx playwright install --with-deps chromium[0m
2026-10-04T08:15:19.2993627Z shell: /usr/bin/bash -e {0}
2026-10-04T08:15:19.2993936Z ##[endgroup]
2026-10-04T08:15:20.6974206Z Installing dependencies...
2026-10-04T08:15:20.7037817Z Switching to root user to install dependencies...
2026-10-04T08:15:20.7935480Z Get:1 file:/etc/apt/apt-mirrors.txt Mirrorlist [144 B]
2026-10-04T08:15:20.8346521Z Hit:2 http://azure.archive.ubuntu.com/ubuntu noble InRelease
2026-10-04T08:15:20.8403397Z Get:3 http://azure.archive.ubuntu.com/ubuntu noble-updates InRelease [126 kB]
2026-10-04T08:15:20.8423916Z Get:6 https://packages.microsoft.com/ubuntu/24.04/prod noble InRelease [3600 B]
2026-10-04T08:15:20.8453674Z Get:4 http://azure.archive.ubuntu.com/ubuntu noble-backports InRelease [126 kB]
2026-10-04T08:15:20.8474583Z Get:5 http://azure.archive.ubuntu.com/ubuntu noble-security InRelease [126 kB]
2026-10-04T08:15:20.9738745Z Get:7 http://azure.archive.ubuntu.com/ubuntu noble-updates/main amd64 Packages [1364 kB]
2026-10-04T08:15:20.9891070Z Get:8 http://azure.archive.ubuntu.com/ubuntu noble-updates/main Translation-en [304 kB]
2026-10-04T08:15:20.9898160Z Get:9 http://azure.archive.ubuntu.com/ubuntu noble-updates/main amd64 Components [181 kB]
2026-10-04T08:15:20.9914568Z Get:10 http://azure.archive.ubuntu.com/ubuntu noble-updates/universe amd64 Packages [1699 kB]
2026-10-04T08:15:20.9992004Z Get:11 http://azure.archive.ubuntu.com/ubuntu noble-updates/universe Translation-en [341 kB]
2026-10-04T08:15:21.0036160Z Get:12 http://azure.archive.ubuntu.com/ubuntu noble-updates/universe amd64 Components [388 kB]
2026-10-04T08:15:21.0064384Z Get:13 http://azure.archive.ubuntu.com/ubuntu noble-updates/restricted amd64 Packages [1720 kB]
2026-10-04T08:15:21.0134112Z Get:14 http://azure.archive.ubuntu.com/ubuntu noble-updates/restricted Translation-en [394 kB]
2026-10-04T08:15:21.0145821Z Get:15 http://azure.archive.ubuntu.com/ubuntu noble-updates/multiverse amd64 Components [940 B]
2026-10-04T08:15:21.0283852Z Get:16 https://packages.microsoft.com/ubuntu/24.04/prod noble/main arm64 Packages [458 kB]
2026-10-04T08:15:21.0373707Z Get:17 https://packages.microsoft.com/ubuntu/24.04/prod noble/main amd64 Packages [511 kB]
2026-10-04T08:15:21.0443732Z Get:18 https://packages.microsoft.com/ubuntu/24.04/prod noble/main armhf Packages [12.6 kB]
2026-10-04T08:15:21.0904804Z Get:19 http://azure.archive.ubuntu.com/ubuntu noble-backports/main amd64 Components [5736 B]
2026-10-04T08:15:21.1348534Z Get:20 http://azure.archive.ubuntu.com/ubuntu noble-backports/universe amd64 Components [12.6 kB]
2026-10-04T08:15:21.1418930Z Get:21 http://azure.archive.ubuntu.com/ubuntu noble-security/main amd64 Packages [1069 kB]
2026-10-04T08:15:21.1475136Z Get:22 http://azure.archive.ubuntu.com/ubuntu noble-security/main Translation-en [221 kB]
2026-10-04T08:15:21.1493782Z Get:23 http://azure.archive.ubuntu.com/ubuntu noble-security/main amd64 Components [46.5 kB]
2026-10-04T08:15:21.1501809Z Get:24 http://azure.archive.ubuntu.com/ubuntu noble-security/universe amd64 Packages [1216 kB]
2026-10-04T08:15:21.1566282Z Get:25 http://azure.archive.ubuntu.com/ubuntu noble-security/universe Translation-en [244 kB]
2026-10-04T08:15:21.1583252Z Get:26 http://azure.archive.ubuntu.com/ubuntu noble-security/universe amd64 Components [76.3 kB]
2026-10-04T08:15:21.1596131Z Get:27 http://azure.archive.ubuntu.com/ubuntu noble-security/restricted amd64 Packages [1566 kB]
2026-10-04T08:15:21.1673884Z Get:28 http://azure.archive.ubuntu.com/ubuntu noble-security/restricted Translation-en [361 kB]
2026-10-04T08:15:25.5880440Z Fetched 12.6 MB in 1s (9081 kB/s)
2026-10-04T08:15:26.4573832Z Reading package lists...
2026-10-04T08:15:26.4814522Z Reading package lists...
2026-10-04T08:15:26.6753982Z Building dependency tree...
2026-10-04T08:15:26.6761526Z Reading state information...
2026-10-04T08:15:26.8212203Z libasound2t64 is already the newest version (1.2.11-1ubuntu0.3).
2026-10-04T08:15:26.8214237Z libasound2t64 set to manually installed.
2026-10-04T08:15:26.8215066Z libatk-bridge2.0-0t64 is already the newest version (2.52.0-1build1).
2026-10-04T08:15:26.8215930Z libatk-bridge2.0-0t64 set to manually installed.
2026-10-04T08:15:26.8216786Z libatk1.0-0t64 is already the newest version (2.52.0-1build1).
2026-10-04T08:15:26.8217548Z libatk1.0-0t64 set to manually installed.
2026-10-04T08:15:26.8218323Z libatspi2.0-0t64 is already the newest version (2.52.0-1build1).
2026-10-04T08:15:26.8219108Z libatspi2.0-0t64 set to manually installed.
2026-10-04T08:15:26.8219862Z libcairo2 is already the newest version (1.18.0-3build1).
2026-10-04T08:15:26.8220600Z libcairo2 set to manually installed.
2026-10-04T08:15:26.8221381Z libcups2t64 is already the newest version (2.4.7-1.2ubuntu7.14).
2026-10-04T08:15:26.8222181Z libcups2t64 set to manually installed.
2026-10-04T08:15:26.8223235Z libdbus-1-3 is already the newest version (1.14.10-4ubuntu4.1).
2026-10-04T08:15:26.8223933Z libdbus-1-3 set to manually installed.
2026-10-04T08:15:26.8224565Z libdrm2 is already the newest version (2.4.125-1ubuntu0.1~24.04.2).
2026-10-04T08:15:26.8225211Z libdrm2 set to manually installed.
2026-10-04T08:15:26.8225785Z libglib2.0-0t64 is already the newest version (2.80.0-6ubuntu3.9).
2026-10-04T08:15:26.8226456Z libglib2.0-0t64 set to manually installed.
2026-10-04T08:15:26.8227052Z libnspr4 is already the newest version (2:4.35-1.1build1).
2026-10-04T08:15:26.8227659Z libnspr4 set to manually installed.
2026-10-04T08:15:26.8228262Z libnss3 is already the newest version (2:3.98-1ubuntu0.2).
2026-10-04T08:15:26.8228888Z libnss3 set to manually installed.
2026-10-04T08:15:26.8229506Z libpango-1.0-0 is already the newest version (1.52.1+ds-1build1).
2026-10-04T08:15:26.8230219Z libpango-1.0-0 set to manually installed.
2026-10-04T08:15:26.8230830Z libx11-6 is already the newest version (2:1.8.7-1build1).
2026-10-04T08:15:26.8231429Z libx11-6 set to manually installed.
2026-10-04T08:15:26.8232003Z libxcb1 is already the newest version (1.15-1ubuntu2).
2026-10-04T08:15:26.8232595Z libxcb1 set to manually installed.
2026-10-04T08:15:26.8234822Z libxcomposite1 is already the newest version (1:0.4.5-1build3).
2026-10-04T08:15:26.8235508Z libxcomposite1 set to manually installed.
2026-10-04T08:15:26.8236147Z libxdamage1 is already the newest version (1:1.1.6-1build1).
2026-10-04T08:15:26.8236796Z libxdamage1 set to manually installed.
2026-10-04T08:15:26.8237580Z libxext6 is already the newest version (2:1.3.4-1build2).
2026-10-04T08:15:26.8243640Z libxext6 set to manually installed.
2026-10-04T08:15:26.8245941Z libxfixes3 is already the newest version (1:6.0.0-2build1).
2026-10-04T08:15:26.8246538Z libxfixes3 set to manually installed.
2026-10-04T08:15:26.8247187Z libxkbcommon0 is already the newest version (1.6.0-1build1).
2026-10-04T08:15:26.8247557Z libxkbcommon0 set to manually installed.
2026-10-04T08:15:26.8247899Z libxrandr2 is already the newest version (2:1.5.2-2build1).
2026-10-04T08:15:26.8248248Z libxrandr2 set to manually installed.
2026-10-04T08:15:26.8248573Z xvfb is already the newest version (2:21.1.12-1ubuntu1.8).
2026-10-04T08:15:26.8249024Z fonts-noto-color-emoji is already the newest version (2.047-0ubuntu0.24.04.1).
2026-10-04T08:15:26.8249516Z libfontconfig1 is already the newest version (2.15.0-1.1ubuntu2).
2026-10-04T08:15:26.8249887Z libfontconfig1 set to manually installed.
2026-10-04T08:15:26.8250257Z libfreetype6 is already the newest version (2.13.2+dfsg-1ubuntu0.1).
2026-10-04T08:15:26.8250633Z libfreetype6 set to manually installed.
2026-10-04T08:15:26.8250975Z fonts-liberation is already the newest version (1:2.1.5-3).
2026-10-04T08:15:26.8251331Z fonts-liberation set to manually installed.
2026-10-04T08:15:26.8251676Z The following additional packages will be installed:
2026-10-04T08:15:26.8252128Z   libgl1-mesa-dri libglx-mesa0 mesa-libgallium xfonts-encodings xfonts-utils
2026-10-04T08:15:26.8252528Z Recommended packages:
2026-10-04T08:15:26.8253105Z   fonts-ipafont-mincho fonts-tlwg-loma
2026-10-04T08:15:26.8429917Z The following NEW packages will be installed:
2026-10-04T08:15:26.8430533Z   fonts-freefont-ttf fonts-ipafont-gothic fonts-tlwg-loma-otf fonts-unifont
2026-10-04T08:15:26.8435990Z   fonts-wqy-zenhei xfonts-cyrillic xfonts-encodings xfonts-scalable
2026-10-04T08:15:26.8436415Z   xfonts-utils
2026-10-04T08:15:26.8440470Z The following packages will be upgraded:
2026-10-04T08:15:26.8445485Z   libgbm1 libgl1-mesa-dri libglx-mesa0 mesa-libgallium
2026-10-04T08:15:26.8612382Z 4 upgraded, 9 newly installed, 0 to remove and 21 not upgraded.
2026-10-04T08:15:26.8613288Z Need to get 32.1 MB of archives.
2026-10-04T08:15:26.8613937Z After this operation, 79.5 MB of additional disk space will be used.
2026-10-04T08:15:26.8614730Z Get:1 file:/etc/apt/apt-mirrors.txt Mirrorlist [144 B]
2026-10-04T08:15:26.9481936Z Get:2 http://azure.archive.ubuntu.com/ubuntu noble/universe amd64 fonts-ipafont-gothic all 00303-21ubuntu1 [3513 kB]
2026-10-04T08:15:27.1034880Z Get:3 http://azure.archive.ubuntu.com/ubuntu noble/main amd64 fonts-freefont-ttf all 20211204+svn4273-2 [5641 kB]
2026-10-04T08:15:27.3084783Z Get:4 http://azure.archive.ubuntu.com/ubuntu noble/universe amd64 fonts-tlwg-loma-otf all 1:0.7.3-1 [107 kB]
2026-10-04T08:15:27.3838471Z Get:5 http://azure.archive.ubuntu.com/ubuntu noble/universe amd64 fonts-unifont all 1:15.1.01-1build1 [2993 kB]
2026-10-04T08:15:27.5254176Z Get:6 http://azure.archive.ubuntu.com/ubuntu noble/universe amd64 fonts-wqy-zenhei all 0.9.45-8 [7472 kB]
2026-10-04T08:15:27.7769958Z Get:7 http://azure.archive.ubuntu.com/ubuntu noble-updates/main amd64 libgl1-mesa-dri amd64 25.2.8-0ubuntu0.24.04.4 [38.0 kB]
2026-10-04T08:15:27.8510979Z Get:8 http://azure.archive.ubuntu.com/ubuntu noble-updates/main amd64 libglx-mesa0 amd64 25.2.8-0ubuntu0.24.04.4 [110 kB]
2026-10-04T08:15:27.9258006Z Get:9 http://azure.archive.ubuntu.com/ubuntu noble-updates/main amd64 libgbm1 amd64 25.2.8-0ubuntu0.24.04.4 [34.2 kB]
2026-10-04T08:15:27.9995011Z Get:10 http://azure.archive.ubuntu.com/ubuntu noble-updates/main amd64 mesa-libgallium amd64 25.2.8-0ubuntu0.24.04.4 [10.8 MB]
2026-10-04T08:15:28.3234880Z Get:11 http://azure.archive.ubuntu.com/ubuntu noble/main amd64 xfonts-encodings all 1:1.0.5-0ubuntu2 [578 kB]
2026-10-04T08:15:28.4094576Z Get:12 http://azure.archive.ubuntu.com/ubuntu noble/main amd64 xfonts-utils amd64 1:7.7+6build3 [94.4 kB]
2026-10-04T08:15:28.4844096Z Get:13 http://azure.archive.ubuntu.com/ubuntu noble/universe amd64 xfonts-cyrillic all 1:1.0.5+nmu1 [384 kB]
2026-10-04T08:15:28.5656128Z Get:14 http://azure.archive.ubuntu.com/ubuntu noble/main amd64 xfonts-scalable all 1:1.0.3-1.3 [304 kB]
2026-10-04T08:15:28.8368922Z Fetched 32.1 MB in 2s (18.6 MB/s)
2026-10-04T08:15:28.8617269Z Selecting previously unselected package fonts-ipafont-gothic.
2026-10-04T08:15:28.8935604Z (Reading database ... 
2026-10-04T08:15:28.8936223Z (Reading database ... 5%
2026-10-04T08:15:28.8936649Z (Reading database ... 10%
2026-10-04T08:15:28.8937143Z (Reading database ... 15%
2026-10-04T08:15:28.8937511Z (Reading database ... 20%
2026-10-04T08:15:28.8937890Z (Reading database ... 25%
2026-10-04T08:15:28.8938229Z (Reading database ... 30%
2026-10-04T08:15:28.8938576Z (Reading database ... 35%
2026-10-04T08:15:28.8939065Z (Reading database ... 40%
2026-10-04T08:15:28.8939555Z (Reading database ... 45%
2026-10-04T08:15:28.8940005Z (Reading database ... 50%
2026-10-04T08:15:28.8989120Z (Reading database ... 55%
2026-10-04T08:15:29.0442843Z (Reading database ... 60%
2026-10-04T08:15:29.2354447Z (Reading database ... 65%
2026-10-04T08:15:29.4386727Z (Reading database ... 70%
2026-10-04T08:15:29.7797239Z (Reading database ... 75%
2026-10-04T08:15:29.9398102Z (Reading database ... 80%
2026-10-04T08:15:30.1333981Z (Reading database ... 85%
2026-10-04T08:15:30.3422895Z (Reading database ... 90%
2026-10-04T08:15:30.5066767Z (Reading database ... 95%
2026-10-04T08:15:30.5067289Z (Reading database ... 100%
2026-10-04T08:15:30.5067885Z (Reading database ... 202296 files and directories currently installed.)
2026-10-04T08:15:30.5109896Z Preparing to unpack .../00-fonts-ipafont-gothic_00303-21ubuntu1_all.deb ...
2026-10-04T08:15:30.5213257Z Unpacking fonts-ipafont-gothic (00303-21ubuntu1) ...
2026-10-04T08:15:30.7517678Z Selecting previously unselected package fonts-freefont-ttf.
2026-10-04T08:15:30.7642480Z Preparing to unpack .../01-fonts-freefont-ttf_20211204+svn4273-2_all.deb ...
2026-10-04T08:15:30.7649518Z Unpacking fonts-freefont-ttf (20211204+svn4273-2) ...
2026-10-04T08:15:30.8411027Z Selecting previously unselected package fonts-tlwg-loma-otf.
2026-10-04T08:15:30.8533959Z Preparing to unpack .../02-fonts-tlwg-loma-otf_1%3a0.7.3-1_all.deb ...
2026-10-04T08:15:30.8540303Z Unpacking fonts-tlwg-loma-otf (1:0.7.3-1) ...
2026-10-04T08:15:30.8738546Z Selecting previously unselected package fonts-unifont.
2026-10-04T08:15:30.8861788Z Preparing to unpack .../03-fonts-unifont_1%3a15.1.01-1build1_all.deb ...
2026-10-04T08:15:30.8868489Z Unpacking fonts-unifont (1:15.1.01-1build1) ...
2026-10-04T08:15:30.9937073Z Selecting previously unselected package fonts-wqy-zenhei.
2026-10-04T08:15:31.0060251Z Preparing to unpack .../04-fonts-wqy-zenhei_0.9.45-8_all.deb ...
2026-10-04T08:15:31.0193705Z Unpacking fonts-wqy-zenhei (0.9.45-8) ...
2026-10-04T08:15:31.4941970Z Preparing to unpack .../05-libgl1-mesa-dri_25.2.8-0ubuntu0.24.04.4_amd64.deb ...
2026-10-04T08:15:31.5086947Z Unpacking libgl1-mesa-dri:amd64 (25.2.8-0ubuntu0.24.04.4) over (25.2.8-0ubuntu0.24.04.2) ...
2026-10-04T08:15:31.5567417Z Preparing to unpack .../06-libglx-mesa0_25.2.8-0ubuntu0.24.04.4_amd64.deb ...
2026-10-04T08:15:31.5599747Z Unpacking libglx-mesa0:amd64 (25.2.8-0ubuntu0.24.04.4) over (25.2.8-0ubuntu0.24.04.2) ...
2026-10-04T08:15:31.5985468Z Preparing to unpack .../07-libgbm1_25.2.8-0ubuntu0.24.04.4_amd64.deb ...
2026-10-04T08:15:31.6007220Z Unpacking libgbm1:amd64 (25.2.8-0ubuntu0.24.04.4) over (25.2.8-0ubuntu0.24.04.2) ...
2026-10-04T08:15:31.6359954Z Preparing to unpack .../08-mesa-libgallium_25.2.8-0ubuntu0.24.04.4_amd64.deb ...
2026-10-04T08:15:31.6382005Z Unpacking mesa-libgallium:amd64 (25.2.8-0ubuntu0.24.04.4) over (25.2.8-0ubuntu0.24.04.2) ...
2026-10-04T08:15:31.8070499Z Selecting previously unselected package xfonts-encodings.
2026-10-04T08:15:31.8194817Z Preparing to unpack .../09-xfonts-encodings_1%3a1.0.5-0ubuntu2_all.deb ...
2026-10-04T08:15:31.8201621Z Unpacking xfonts-encodings (1:1.0.5-0ubuntu2) ...
2026-10-04T08:15:31.8473556Z Selecting previously unselected package xfonts-utils.
2026-10-04T08:15:31.8596761Z Preparing to unpack .../10-xfonts-utils_1%3a7.7+6build3_amd64.deb ...
2026-10-04T08:15:31.8603594Z Unpacking xfonts-utils (1:7.7+6build3) ...
2026-10-04T08:15:31.8970580Z Selecting previously unselected package xfonts-cyrillic.
2026-10-04T08:15:31.9095359Z Preparing to unpack .../11-xfonts-cyrillic_1%3a1.0.5+nmu1_all.deb ...
2026-10-04T08:15:31.9103423Z Unpacking xfonts-cyrillic (1:1.0.5+nmu1) ...
2026-10-04T08:15:31.9441071Z Selecting previously unselected package xfonts-scalable.
2026-10-04T08:15:31.9566666Z Preparing to unpack .../12-xfonts-scalable_1%3a1.0.3-1.3_all.deb ...
2026-10-04T08:15:31.9574599Z Unpacking xfonts-scalable (1:1.0.3-1.3) ...
2026-10-04T08:15:32.0017136Z Setting up mesa-libgallium:amd64 (25.2.8-0ubuntu0.24.04.4) ...
2026-10-04T08:15:32.0036209Z Setting up libgbm1:amd64 (25.2.8-0ubuntu0.24.04.4) ...
2026-10-04T08:15:32.0052608Z Setting up libgl1-mesa-dri:amd64 (25.2.8-0ubuntu0.24.04.4) ...
2026-10-04T08:15:32.0125208Z Setting up fonts-wqy-zenhei (0.9.45-8) ...
2026-10-04T08:15:32.0235742Z Setting up fonts-freefont-ttf (20211204+svn4273-2) ...
2026-10-04T08:15:32.0253155Z Setting up fonts-tlwg-loma-otf (1:0.7.3-1) ...
2026-10-04T08:15:32.0270479Z Setting up xfonts-encodings (1:1.0.5-0ubuntu2) ...
2026-10-04T08:15:32.0289221Z Setting up fonts-ipafont-gothic (00303-21ubuntu1) ...
2026-10-04T08:15:32.0353436Z update-alternatives: using /usr/share/fonts/opentype/ipafont-gothic/ipag.ttf to provide /usr/share/fonts/truetype/fonts-japanese-gothic.ttf (fonts-japanese-gothic.ttf) in auto mode
2026-10-04T08:15:32.0367334Z Setting up fonts-unifont (1:15.1.01-1build1) ...
2026-10-04T08:15:32.0382983Z Setting up libglx-mesa0:amd64 (25.2.8-0ubuntu0.24.04.4) ...
2026-10-04T08:15:32.0406158Z Setting up xfonts-utils (1:7.7+6build3) ...
2026-10-04T08:15:32.0443099Z Setting up xfonts-cyrillic (1:1.0.5+nmu1) ...
2026-10-04T08:15:32.0805111Z Setting up xfonts-scalable (1:1.0.3-1.3) ...
2026-10-04T08:15:32.1080885Z Processing triggers for libc-bin (2.39-0ubuntu8.9) ...
2026-10-04T08:15:32.1443537Z Processing triggers for man-db (2.12.0-4build2) ...
2026-10-04T08:15:32.1465916Z Not building database; man-db/auto-update is not 'true'.
2026-10-04T08:15:32.1479693Z Processing triggers for fontconfig (2.15.0-1.1ubuntu2) ...
2026-10-04T08:15:32.9126133Z 
2026-10-04T08:15:32.9126720Z Running kernel seems to be up-to-date.
2026-10-04T08:15:32.9127129Z 
2026-10-04T08:15:32.9127328Z No services need to be restarted.
2026-10-04T08:15:32.9127637Z 
2026-10-04T08:15:32.9127819Z No containers need to be restarted.
2026-10-04T08:15:32.9128133Z 
2026-10-04T08:15:32.9128360Z No user sessions are running outdated binaries.
2026-10-04T08:15:32.9128744Z 
2026-10-04T08:15:32.9129089Z No VM guests are running outdated hypervisor (qemu) binaries on this host.
2026-10-04T08:15:33.8289657Z Downloading Chrome for Testing 153.0.8010.12 (playwright chromium v1243) from https://cdn.playwright.dev/builds/cft/153.0.8010.12/linux64/chrome-linux64.zip
2026-10-04T08:15:34.2570427Z |                                                                                |   0% of 186.8 MiB
2026-10-04T08:15:34.4091266Z |■■■■■■■■                                                                        |  10% of 186.8 MiB
2026-10-04T08:15:34.5066927Z |■■■■■■■■■■■■■■■■                                                                |  20% of 186.8 MiB
2026-10-04T08:15:34.5845533Z |■■■■■■■■■■■■■■■■■■■■■■■■                                                        |  30% of 186.8 MiB
2026-10-04T08:15:34.6790617Z |■■■■■■■■■■■■■■■■■■■■■■■■■■■■■■■■                                                |  40% of 186.8 MiB
2026-10-04T08:15:34.7831802Z |■■■■■■■■■■■■■■■■■■■■■■■■■■■■■■■■■■■■■■■■                                        |  50% of 186.8 MiB
2026-10-04T08:15:34.8823186Z |■■■■■■■■■■■■■■■■■■■■■■■■■■■■■■■■■■■■■■■■■■■■■■■■                                |  60% of 186.8 MiB
2026-10-04T08:15:34.9928749Z |■■■■■■■■■■■■■■■■■■■■■■■■■■■■■■■■■■■■■■■■■■■■■■■■■■■■■■■■                        |  70% of 186.8 MiB
2026-10-04T08:15:35.0969951Z |■■■■■■■■■■■■■■■■■■■■■■■■■■■■■■■■■■■■■■■■■■■■■■■■■■■■■■■■■■■■■■■■                |  80% of 186.8 MiB
2026-10-04T08:15:35.1998755Z |■■■■■■■■■■■■■■■■■■■■■■■■■■■■■■■■■■■■■■■■■■■■■■■■■■■■■■■■■■■■■■■■■■■■■■■■        |  90% of 186.8 MiB
2026-10-04T08:15:35.2946502Z |■■■■■■■■■■■■■■■■■■■■■■■■■■■■■■■■■■■■■■■■■■■■■■■■■■■■■■■■■■■■■■■■■■■■■■■■■■■■■■■■| 100% of 186.8 MiB
2026-10-04T08:15:38.1333765Z Chrome for Testing 153.0.8010.12 (playwright chromium v1243) downloaded to /home/runner/.cache/ms-playwright/chromium-1243
2026-10-04T08:15:38.1338222Z Downloading FFmpeg (playwright ffmpeg v1011) from https://cdn.playwright.dev/dbazure/download/playwright/builds/ffmpeg/1011/ffmpeg-linux.zip
2026-10-04T08:15:38.4873850Z |                                                                                |   0% of 2.3 MiB
2026-10-04T08:15:38.4914233Z |■■■■■■■■                                                                        |  10% of 2.3 MiB
2026-10-04T08:15:38.4922943Z |■■■■■■■■■■■■■■■■                                                                |  20% of 2.3 MiB
2026-10-04T08:15:38.4939116Z |■■■■■■■■■■■■■■■■■■■■■■■■                                                        |  30% of 2.3 MiB
2026-10-04T08:15:38.4956467Z |■■■■■■■■■■■■■■■■■■■■■■■■■■■■■■■■                                                |  40% of 2.3 MiB
2026-10-04T08:15:38.4974987Z |■■■■■■■■■■■■■■■■■■■■■■■■■■■■■■■■■■■■■■■■                                        |  50% of 2.3 MiB
2026-10-04T08:15:38.4990090Z |■■■■■■■■■■■■■■■■■■■■■■■■■■■■■■■■■■■■■■■■■■■■■■■■                                |  60% of 2.3 MiB
2026-10-04T08:15:38.5003782Z |■■■■■■■■■■■■■■■■■■■■■■■■■■■■■■■■■■■■■■■■■■■■■■■■■■■■■■■■                        |  70% of 2.3 MiB
2026-10-04T08:15:38.5020586Z |■■■■■■■■■■■■■■■■■■■■■■■■■■■■■■■■■■■■■■■■■■■■■■■■■■■■■■■■■■■■■■■■                |  80% of 2.3 MiB
2026-10-04T08:15:38.5036150Z |■■■■■■■■■■■■■■■■■■■■■■■■■■■■■■■■■■■■■■■■■■■■■■■■■■■■■■■■■■■■■■■■■■■■■■■■        |  90% of 2.3 MiB
2026-10-04T08:15:38.5046577Z |■■■■■■■■■■■■■■■■■■■■■■■■■■■■■■■■■■■■■■■■■■■■■■■■■■■■■■■■■■■■■■■■■■■■■■■■■■■■■■■■| 100% of 2.3 MiB
2026-10-04T08:15:38.5813325Z FFmpeg (playwright ffmpeg v1011) downloaded to /home/runner/.cache/ms-playwright/ffmpeg-1011
2026-10-04T08:15:38.5834561Z Downloading Chrome Headless Shell 153.0.8010.12 (playwright chromium-headless-shell v1243) from https://cdn.playwright.dev/builds/cft/153.0.8010.12/linux64/chrome-headless-shell-linux64.zip
2026-10-04T08:15:39.0264359Z |                                                                                |   0% of 114.3 MiB
2026-10-04T08:15:39.1815252Z |■■■■■■■■                                                                        |  10% of 114.3 MiB
2026-10-04T08:15:39.2437180Z |■■■■■■■■■■■■■■■■                                                                |  20% of 114.3 MiB
2026-10-04T08:15:39.2981760Z |■■■■■■■■■■■■■■■■■■■■■■■■                                                        |  30% of 114.3 MiB
2026-10-04T08:15:39.3747282Z |■■■■■■■■■■■■■■■■■■■■■■■■■■■■■■■■                                                |  40% of 114.3 MiB
2026-10-04T08:15:39.4231181Z |■■■■■■■■■■■■■■■■■■■■■■■■■■■■■■■■■■■■■■■■                                        |  50% of 114.3 MiB
2026-10-04T08:15:39.4748523Z |■■■■■■■■■■■■■■■■■■■■■■■■■■■■■■■■■■■■■■■■■■■■■■■■                                |  60% of 114.3 MiB
2026-10-04T08:15:39.5322844Z |■■■■■■■■■■■■■■■■■■■■■■■■■■■■■■■■■■■■■■■■■■■■■■■■■■■■■■■■                        |  70% of 114.3 MiB
2026-10-04T08:15:39.5955911Z |■■■■■■■■■■■■■■■■■■■■■■■■■■■■■■■■■■■■■■■■■■■■■■■■■■■■■■■■■■■■■■■■                |  80% of 114.3 MiB
2026-10-04T08:15:39.6523598Z |■■■■■■■■■■■■■■■■■■■■■■■■■■■■■■■■■■■■■■■■■■■■■■■■■■■■■■■■■■■■■■■■■■■■■■■■        |  90% of 114.3 MiB
2026-10-04T08:15:39.7092974Z |■■■■■■■■■■■■■■■■■■■■■■■■■■■■■■■■■■■■■■■■■■■■■■■■■■■■■■■■■■■■■■■■■■■■■■■■■■■■■■■■| 100% of 114.3 MiB
2026-10-04T08:15:41.6669198Z Chrome Headless Shell 153.0.8010.12 (playwright chromium-headless-shell v1243) downloaded to /home/runner/.cache/ms-playwright/chromium_headless_shell-1243
2026-10-04T08:15:41.6930900Z ##[group]Run CF_STATEMENTS=0 TRANSLATE=0 node scripts/update-data.mjs
2026-10-04T08:15:41.6931463Z [36;1mCF_STATEMENTS=0 TRANSLATE=0 node scripts/update-data.mjs[0m
2026-10-04T08:15:41.6994852Z shell: /usr/bin/bash -e {0}
2026-10-04T08:15:41.6995114Z env:
2026-10-04T08:15:41.6997515Z   GITHUB_TOKEN: ***
2026-10-04T08:15:41.6997768Z ##[endgroup]
2026-10-04T08:15:41.8201919Z Discovering daily problem folders...
2026-10-04T08:15:42.6274289Z Found 813 days, syncing the most recent 813.
2026-10-04T08:15:43.4246471Z   2026-10-03: 2 problems
2026-10-04T08:15:43.8836087Z   2026-10-02: 2 problems
2026-10-04T08:15:44.2094207Z   2026-10-01: 2 problems
2026-10-04T08:15:44.5742304Z   2026-09-30: 2 problems
2026-10-04T08:15:44.8971166Z   2026-09-29: 2 problems
2026-10-04T08:15:45.2288010Z   2026-09-28: 2 problems
2026-10-04T08:15:45.5580127Z   2026-09-26: 2 problems
2026-10-04T08:15:45.8824991Z   2026-09-25: 2 problems
2026-10-04T08:15:46.1956255Z   2026-09-24: 2 problems
2026-10-04T08:15:46.5181118Z   2026-09-23: 2 problems
2026-10-04T08:15:46.8465288Z   2026-09-22: 2 problems
2026-10-04T08:15:47.1829866Z   2026-09-21: 2 problems
2026-10-04T08:15:47.5316018Z   2026-09-19: 2 problems
2026-10-04T08:15:47.8702142Z   2026-09-18: 2 problems
2026-10-04T08:15:48.2254764Z   2026-09-17: 2 problems
2026-10-04T08:15:48.5468888Z   2026-09-16: 2 problems
2026-10-04T08:15:48.8609950Z   2026-09-15: 2 problems
2026-10-04T08:15:49.0690887Z   2026-09-14: 2 problems
2026-10-04T08:15:49.3946908Z   2026-09-12: 2 problems
2026-10-04T08:15:49.7310295Z   2026-09-11: 2 problems
2026-10-04T08:15:50.1030178Z   2026-09-10: 2 problems
2026-10-04T08:15:50.4245177Z   2026-09-09: 2 problems
2026-10-04T08:15:50.7306471Z   2026-09-08: 2 problems
2026-10-04T08:15:51.0685239Z   2026-09-07: 2 problems
2026-10-04T08:15:51.3924542Z   2026-09-05: 2 problems
2026-10-04T08:15:51.7067858Z   2026-09-04: 2 problems
2026-10-04T08:15:52.1167537Z   2026-09-03: 2 problems
2026-10-04T08:15:52.4525442Z   2026-09-02: 2 problems
2026-10-04T08:15:52.7747463Z   2026-09-01: 2 problems
2026-10-04T08:15:53.1192524Z   2026-08-31: 2 problems
2026-10-04T08:15:53.4494503Z   2026-08-29: 2 problems
2026-10-04T08:15:53.7601141Z   2026-08-28: 2 problems
2026-10-04T08:15:54.1265619Z   2026-08-27: 2 problems
2026-10-04T08:15:54.4573507Z   2026-08-26: 2 problems
2026-10-04T08:15:54.7740153Z   2026-08-25: 2 problems
2026-10-04T08:15:55.0993391Z   2026-08-24: 2 problems
2026-10-04T08:15:55.4333203Z   2026-08-22: 2 problems
2026-10-04T08:15:55.7704912Z   2026-08-21: 2 problems
2026-10-04T08:15:56.1048354Z   2026-08-20: 2 problems
2026-10-04T08:15:56.4468046Z   2026-08-19: 2 problems
2026-10-04T08:15:56.7823178Z   2026-08-18: 2 problems
2026-10-04T08:15:57.1164315Z   2026-08-17: 2 problems
2026-10-04T08:15:57.5000385Z   2026-08-15: 2 problems
2026-10-04T08:15:57.9002354Z   2026-08-14: 2 problems
2026-10-04T08:15:58.3250609Z   2026-08-13: 2 problems
2026-10-04T08:15:58.6504157Z   2026-08-12: 2 problems
2026-10-04T08:15:59.0054940Z   2026-08-11: 2 problems
2026-10-04T08:15:59.3220469Z   2026-08-10: 2 problems
2026-10-04T08:15:59.6511913Z   2026-08-08: 2 problems
2026-10-04T08:15:59.9925244Z   2026-08-07: 2 problems
2026-10-04T08:16:00.3956141Z   2026-08-06: 2 problems
2026-10-04T08:16:00.7170529Z   2026-08-05: 2 problems
2026-10-04T08:16:01.0536873Z   2026-08-04: 2 problems
2026-10-04T08:16:01.4151116Z   2026-08-03: 2 problems
2026-10-04T08:16:01.7445856Z   2026-08-01: 2 problems
2026-10-04T08:16:01.9702310Z   2026-07-31: 2 problems
2026-10-04T08:16:02.3072431Z   2026-07-30: 2 problems
2026-10-04T08:16:02.6332999Z   2026-07-29: 2 problems
2026-10-04T08:16:02.9370384Z   2026-07-28: 2 problems
2026-10-04T08:16:03.2759057Z   2026-07-27: 2 problems
2026-10-04T08:16:03.5987830Z   2026-07-25: 2 problems
2026-10-04T08:16:03.9432456Z   2026-07-24: 2 problems
2026-10-04T08:16:04.3882805Z   2026-07-23: 2 problems
2026-10-04T08:16:04.6861899Z   2026-07-22: 2 problems
2026-10-04T08:16:05.0079871Z   2026-07-21: 2 problems
2026-10-04T08:16:05.3473329Z   2026-07-16: 2 problems
2026-10-04T08:16:05.6795698Z   2026-07-15: 2 problems
2026-10-04T08:16:06.0120624Z   2026-07-14: 2 problems
2026-10-04T08:16:06.3357395Z   2026-07-13: 2 problems
2026-10-04T08:16:06.6791487Z   2026-07-11: 2 problems
2026-10-04T08:16:07.0355845Z   2026-07-10: 2 problems
2026-10-04T08:16:07.3951067Z   2026-07-09: 2 problems
2026-10-04T08:16:07.7209364Z   2026-07-08: 2 problems
2026-10-04T08:16:08.0443783Z   2026-07-07: 2 problems
2026-10-04T08:16:08.3760728Z   2026-07-06: 2 problems
2026-10-04T08:16:08.7125718Z   2026-07-04: 2 problems
2026-10-04T08:16:09.0410440Z   2026-07-03: 2 problems
2026-10-04T08:16:09.3774374Z   2026-07-02: 2 problems
2026-10-04T08:16:09.7198543Z   2026-07-01: 2 problems
2026-10-04T08:16:10.0712107Z   2026-06-30: 2 problems
2026-10-04T08:16:10.4244746Z   2026-06-29: 2 problems
2026-10-04T08:16:10.7525440Z   2026-06-27: 2 problems
2026-10-04T08:16:11.0818777Z   2026-06-26: 2 problems
2026-10-04T08:16:11.4156507Z   2026-06-25: 2 problems
2026-10-04T08:16:11.7635343Z   2026-06-24: 2 problems
2026-10-04T08:16:12.1031345Z   2026-06-23: 2 problems
2026-10-04T08:16:12.4124159Z   2026-06-22: 2 problems
2026-10-04T08:16:12.6246778Z   2026-06-20: 1 problems
2026-10-04T08:16:12.9750923Z   2026-06-19: 2 problems
2026-10-04T08:16:13.3038433Z   2026-06-18: 2 problems
2026-10-04T08:16:13.6250422Z   2026-06-17: 2 problems
2026-10-04T08:16:13.9522815Z   2026-06-16: 2 problems
2026-10-04T08:16:14.2889944Z   2026-06-15: 2 problems
2026-10-04T08:16:14.6177217Z   2026-06-13: 2 problems
2026-10-04T08:16:14.9590219Z   2026-06-12: 2 problems
2026-10-04T08:16:15.3113691Z   2026-06-11: 2 problems
2026-10-04T08:16:15.6058327Z   2026-06-10: 2 problems
2026-10-04T08:16:15.9543481Z   2026-06-09: 2 problems
2026-10-04T08:16:16.2859991Z   2026-06-08: 2 problems
2026-10-04T08:16:16.6444178Z   2026-06-06: 2 problems
2026-10-04T08:16:16.9694862Z   2026-06-05: 2 problems
2026-10-04T08:16:17.2918647Z   2026-06-04: 2 problems
2026-10-04T08:16:17.3959981Z   2026-06-03: 2 problems
2026-10-04T08:16:17.7982312Z   2026-06-02: 2 problems
2026-10-04T08:16:18.3028270Z   2026-06-01: 2 problems
2026-10-04T08:16:18.6108199Z   2026-05-30: 2 problems
2026-10-04T08:16:19.0723178Z   2026-05-29: 2 problems
2026-10-04T08:16:19.5485445Z   2026-05-28: 2 problems
2026-10-04T08:16:19.9661620Z   2026-05-27: 2 problems
2026-10-04T08:16:20.1917906Z   2026-05-26: 2 problems
2026-10-04T08:16:20.5233249Z   2026-05-25: 2 problems
2026-10-04T08:16:20.8493902Z   2026-05-23: 2 problems
2026-10-04T08:16:21.1733708Z   2026-05-22: 2 problems
2026-10-04T08:16:21.5311016Z   2026-05-21: 2 problems
2026-10-04T08:16:21.8717167Z   2026-05-20: 2 problems
2026-10-04T08:16:22.2188546Z   2026-05-19: 2 problems
2026-10-04T08:16:22.5653984Z   2026-05-18: 2 problems
2026-10-04T08:16:22.8869433Z   2026-05-16: 2 problems
2026-10-04T08:16:23.2133928Z   2026-05-15: 2 problems
2026-10-04T08:16:23.5549143Z   2026-05-14: 2 problems
2026-10-04T08:16:23.8986444Z   2026-05-13: 2 problems
2026-10-04T08:16:24.3415206Z   2026-05-12: 2 problems
2026-10-04T08:16:24.7006452Z   2026-05-11: 2 problems
2026-10-04T08:16:25.0505969Z   2026-05-09: 2 problems
2026-10-04T08:16:25.3764703Z   2026-05-08: 2 problems
2026-10-04T08:16:25.7121824Z   2026-05-07: 2 problems
2026-10-04T08:16:26.0523923Z   2026-05-06: 2 problems
2026-10-04T08:16:26.3912069Z   2026-05-05: 2 problems
2026-10-04T08:16:26.8973996Z   2026-05-04: 2 problems
2026-10-04T08:16:27.2412369Z   2026-05-02: 2 problems
2026-10-04T08:16:27.5993907Z   2026-05-01: 2 problems
2026-10-04T08:16:27.9263242Z   2026-04-30: 2 problems
2026-10-04T08:16:28.2623404Z   2026-04-29: 2 problems
2026-10-04T08:16:28.6107486Z   2026-04-28: 2 problems
2026-10-04T08:16:28.9693500Z   2026-04-27: 2 problems
2026-10-04T08:16:29.3036337Z   2026-04-25: 2 problems
2026-10-04T08:16:29.6623978Z   2026-04-24: 2 problems
2026-10-04T08:16:30.0057024Z   2026-04-23: 2 problems
2026-10-04T08:16:30.3476664Z   2026-04-22: 2 problems
2026-10-04T08:16:30.6703253Z   2026-04-21: 2 problems
2026-10-04T08:16:31.0209347Z   2026-04-20: 2 problems
2026-10-04T08:16:31.4206114Z   2026-04-18: 2 problems
2026-10-04T08:16:31.7595675Z   2026-04-17: 2 problems
2026-10-04T08:16:32.1431933Z   2026-04-16: 2 problems
2026-10-04T08:16:32.4723682Z   2026-04-15: 2 problems
2026-10-04T08:16:32.8160885Z   2026-04-14: 2 problems
2026-10-04T08:16:33.1730364Z   2026-04-13: 2 problems
2026-10-04T08:16:33.4958371Z   2026-04-11: 2 problems
2026-10-04T08:16:33.8730377Z   2026-04-10: 2 problems
2026-10-04T08:16:34.2002526Z   2026-04-09: 2 problems
2026-10-04T08:16:34.4308189Z   2026-04-08: 2 problems
2026-10-04T08:16:34.7823196Z   2026-04-07: 2 problems
2026-10-04T08:16:35.1714296Z   2026-04-06: 2 problems
2026-10-04T08:16:35.5194060Z   2026-04-04: 2 problems
2026-10-04T08:16:35.8700041Z   2026-04-03: 2 problems
2026-10-04T08:16:36.2863188Z   2026-04-02: 2 problems
2026-10-04T08:16:36.6180935Z   2026-04-01: 2 problems
2026-10-04T08:16:36.9351152Z   2026-03-31: 2 problems
2026-10-04T08:16:37.2858817Z   2026-03-30: 2 problems
2026-10-04T08:16:37.6985480Z   2026-03-28: 2 problems
2026-10-04T08:16:38.0531781Z   2026-03-27: 2 problems
2026-10-04T08:16:38.4164945Z   2026-03-26: 2 problems
2026-10-04T08:16:38.7633600Z   2026-03-25: 2 problems
2026-10-04T08:16:39.1031068Z   2026-03-24: 2 problems
2026-10-04T08:16:39.4275994Z   2026-03-23: 2 problems
2026-10-04T08:16:39.7495238Z   2026-03-21: 2 problems
2026-10-04T08:16:40.1583180Z   2026-03-20: 2 problems
2026-10-04T08:16:40.5928496Z   2026-03-19: 2 problems
2026-10-04T08:16:41.6696958Z   2026-03-18: 2 problems
2026-10-04T08:16:42.1419626Z   2026-03-17: 2 problems
2026-10-04T08:16:42.4979699Z   2026-03-16: 2 problems
2026-10-04T08:16:42.8455420Z   2026-03-14: 2 problems
2026-10-04T08:16:43.2031771Z   2026-03-13: 2 problems
2026-10-04T08:16:43.5274374Z   2026-03-12: 2 problems
2026-10-04T08:16:43.8524352Z   2026-03-11: 2 problems
2026-10-04T08:16:44.1851212Z   2026-03-10: 2 problems
2026-10-04T08:16:44.5300040Z   2026-03-09: 2 problems
2026-10-04T08:16:44.8558914Z   2026-03-07: 2 problems
2026-10-04T08:16:45.1906585Z   2026-03-06: 2 problems
2026-10-04T08:16:45.5430541Z   2026-03-05: 2 problems
2026-10-04T08:16:45.8618386Z   2026-03-04: 2 problems
2026-10-04T08:16:46.2699714Z   2026-03-03: 2 problems
2026-10-04T08:16:46.5974585Z   2026-03-02: 2 problems
2026-10-04T08:16:46.9330354Z   2026-02-28: 2 problems
2026-10-04T08:16:47.2781536Z   2026-02-27: 2 problems
2026-10-04T08:16:47.6083644Z   2026-02-26: 2 problems
2026-10-04T08:16:48.1039084Z   2026-02-25: 2 problems
2026-10-04T08:16:48.4136078Z   2026-02-24: 2 problems
2026-10-04T08:16:48.7563590Z   2026-02-23: 2 problems
2026-10-04T08:16:49.1511410Z   2026-02-21: 2 problems
2026-10-04T08:16:49.5031536Z   2026-02-20: 2 problems
2026-10-04T08:16:49.8208335Z   2026-02-19: 2 problems
2026-10-04T08:16:50.2700993Z   2026-02-18: 2 problems
2026-10-04T08:16:50.5911441Z   2026-02-17: 2 problems
2026-10-04T08:16:50.9236180Z   2026-02-16: 2 problems
2026-10-04T08:16:51.2382288Z   2026-02-14: 2 problems
2026-10-04T08:16:51.5669744Z   2026-02-13: 2 problems
2026-10-04T08:16:52.0486759Z   2026-02-12: 2 problems
2026-10-04T08:16:52.3664704Z   2026-02-11: 2 problems
2026-10-04T08:16:52.7253858Z   2026-02-10: 2 problems
2026-10-04T08:16:53.0626883Z   2026-02-09: 2 problems
2026-10-04T08:16:53.3784284Z   2026-02-07: 2 problems
2026-10-04T08:16:53.7175352Z   2026-02-06: 2 problems
2026-10-04T08:16:54.0319059Z   2026-02-05: 2 problems
2026-10-04T08:16:54.3860688Z   2026-02-04: 2 problems
2026-10-04T08:16:54.7051467Z   2026-02-03: 2 problems
2026-10-04T08:16:55.0385180Z   2026-02-02: 2 problems
2026-10-04T08:16:55.3714158Z   2026-01-31: 2 problems
2026-10-04T08:16:55.7234121Z   2026-01-30: 2 problems
2026-10-04T08:16:56.0414918Z   2026-01-29: 2 problems
2026-10-04T08:16:56.3920018Z   2026-01-28: 2 problems
2026-10-04T08:16:56.7026990Z   2026-01-27: 2 problems
2026-10-04T08:16:57.0141763Z   2026-01-26: 2 problems
2026-10-04T08:16:57.3279619Z   2026-01-24: 2 problems
2026-10-04T08:16:57.7683879Z   2026-01-23: 2 problems
2026-10-04T08:16:57.9826836Z   2026-01-22: 2 problems
2026-10-04T08:16:58.3140623Z   2026-01-21: 2 problems
2026-10-04T08:16:58.6619207Z   2026-01-20: 2 problems
2026-10-04T08:16:58.9989745Z   2026-01-19: 2 problems
2026-10-04T08:16:59.3274052Z   2026-01-17: 2 problems
2026-10-04T08:16:59.6661103Z   2026-01-16: 2 problems
2026-10-04T08:17:00.0091799Z   2026-01-15: 2 problems
2026-10-04T08:17:00.3367522Z   2026-01-14: 2 problems
2026-10-04T08:17:00.6649026Z   2026-01-13: 2 problems
2026-10-04T08:17:00.9788774Z   2026-01-12: 2 problems
2026-10-04T08:17:01.3422366Z   2026-01-10: 2 problems
2026-10-04T08:17:01.6830480Z   2026-01-09: 2 problems
2026-10-04T08:17:02.0604162Z   2026-01-08: 2 problems
2026-10-04T08:17:02.4022070Z   2026-01-07: 2 problems
2026-10-04T08:17:02.7311436Z   2026-01-06: 2 problems
2026-10-04T08:17:03.0762446Z   2026-01-05: 2 problems
2026-10-04T08:17:03.4511736Z   2026-01-03: 2 problems
2026-10-04T08:17:03.8586757Z   2026-01-02: 2 problems
2026-10-04T08:17:04.2151919Z   2026-01-01: 2 problems
2026-10-04T08:17:04.5353851Z   2025-12-31: 2 problems
2026-10-04T08:17:04.8599586Z   2025-12-30: 2 problems
2026-10-04T08:17:05.2153521Z   2025-12-29: 2 problems
2026-10-04T08:17:05.5233581Z   2025-12-27: 2 problems
2026-10-04T08:17:05.9243671Z   2025-12-26: 2 problems
2026-10-04T08:17:06.2524967Z   2025-12-25: 2 problems
2026-10-04T08:17:06.5869056Z   2025-12-24: 2 problems
2026-10-04T08:17:06.9576932Z   2025-12-23: 2 problems
2026-10-04T08:17:07.3130375Z   2025-12-22: 2 problems
2026-10-04T08:17:07.6300579Z   2025-12-20: 2 problems
2026-10-04T08:17:07.9628218Z   2025-12-19: 2 problems
2026-10-04T08:17:08.3042253Z   2025-12-18: 2 problems
2026-10-04T08:17:08.6248731Z   2025-12-17: 2 problems
2026-10-04T08:17:08.9618942Z   2025-12-16: 2 problems
2026-10-04T08:17:09.2858321Z   2025-12-15: 2 problems
2026-10-04T08:17:09.6078975Z   2025-12-13: 2 problems
2026-10-04T08:17:09.9274375Z   2025-12-12: 2 problems
2026-10-04T08:17:10.2685122Z   2025-12-11: 2 problems
2026-10-04T08:17:10.6010189Z   2025-12-10: 2 problems
2026-10-04T08:17:10.9365423Z   2025-12-09: 2 problems
2026-10-04T08:17:11.1477388Z   2025-12-08: 2 problems
2026-10-04T08:17:11.5047730Z   2025-12-06: 2 problems
2026-10-04T08:17:12.0553923Z   2025-12-05: 2 problems
2026-10-04T08:17:12.4254163Z   2025-12-04: 2 problems
2026-10-04T08:17:12.7646520Z   2025-12-03: 2 problems
2026-10-04T08:17:13.1007947Z   2025-12-02: 2 problems
2026-10-04T08:17:13.4642469Z   2025-12-01: 2 problems
2026-10-04T08:17:13.7858892Z   2025-11-29: 2 problems
2026-10-04T08:17:14.1273770Z   2025-11-28: 2 problems
2026-10-04T08:17:14.4599712Z   2025-11-27: 2 problems
2026-10-04T08:17:14.7951298Z   2025-11-26: 2 problems
2026-10-04T08:17:15.1300237Z   2025-11-25: 2 problems
2026-10-04T08:17:15.4470613Z   2025-11-24: 2 problems
2026-10-04T08:17:15.7772369Z   2025-11-22: 2 problems
2026-10-04T08:17:16.1055128Z   2025-11-21: 2 problems
2026-10-04T08:17:16.4214801Z   2025-11-20: 2 problems
2026-10-04T08:17:16.7911732Z   2025-11-19: 2 problems
2026-10-04T08:17:17.1868868Z   2025-11-18: 2 problems
2026-10-04T08:17:17.5457980Z   2025-11-17: 2 problems
2026-10-04T08:17:18.0453205Z   2025-11-15: 2 problems
2026-10-04T08:17:18.5390450Z   2025-11-14: 2 problems
2026-10-04T08:17:18.9365336Z   2025-11-13: 2 problems
2026-10-04T08:17:19.3574525Z   2025-11-12: 2 problems
2026-10-04T08:17:19.7201679Z   2025-11-11: 2 problems
2026-10-04T08:17:20.0486245Z   2025-11-10: 2 problems
2026-10-04T08:17:20.3792178Z   2025-11-08: 2 problems
2026-10-04T08:17:20.7008334Z   2025-11-07: 2 problems
2026-10-04T08:17:21.1017504Z   2025-11-06: 2 problems
2026-10-04T08:17:21.4479180Z   2025-11-05: 2 problems
2026-10-04T08:17:21.8060627Z   2025-11-04: 2 problems
2026-10-04T08:17:22.1999786Z   2025-11-03: 2 problems
2026-10-04T08:17:22.5663244Z   2025-11-01: 2 problems
2026-10-04T08:17:22.7778247Z   2025-10-31: 2 problems
2026-10-04T08:17:23.1164555Z   2025-10-30: 2 problems
2026-10-04T08:17:23.4407981Z   2025-10-29: 2 problems
2026-10-04T08:17:23.8025325Z   2025-10-28: 2 problems
2026-10-04T08:17:24.1793265Z   2025-10-27: 2 problems
2026-10-04T08:17:24.4991426Z   2025-10-25: 2 problems
2026-10-04T08:17:24.8431874Z   2025-10-24: 2 problems
2026-10-04T08:17:25.1601984Z   2025-10-23: 2 problems
2026-10-04T08:17:25.5577733Z   2025-10-22: 2 problems
2026-10-04T08:17:25.9102376Z   2025-10-21: 2 problems
2026-10-04T08:17:26.2513525Z   2025-10-20: 2 problems
2026-10-04T08:17:26.6063600Z   2025-10-18: 2 problems
2026-10-04T08:17:26.9409458Z   2025-10-17: 2 problems
2026-10-04T08:17:27.2749401Z   2025-10-16: 2 problems
2026-10-04T08:17:27.6865458Z   2025-10-15: 2 problems
2026-10-04T08:17:28.0164432Z   2025-10-14: 2 problems
2026-10-04T08:17:28.3788897Z   2025-10-13: 2 problems
2026-10-04T08:17:28.7129604Z   2025-10-11: 2 problems
2026-10-04T08:17:29.0373476Z   2025-10-10: 2 problems
2026-10-04T08:17:29.3869528Z   2025-10-09: 2 problems
2026-10-04T08:17:29.7421454Z   2025-10-08: 2 problems
2026-10-04T08:17:30.1433264Z   2025-10-07: 2 problems
2026-10-04T08:17:30.5789151Z   2025-10-06: 2 problems
2026-10-04T08:17:30.9220946Z   2025-10-04: 2 problems
2026-10-04T08:17:31.2598130Z   2025-10-03: 2 problems
2026-10-04T08:17:31.5801011Z   2025-10-02: 2 problems
2026-10-04T08:17:31.9071949Z   2025-10-01: 2 problems
2026-10-04T08:17:32.2389247Z   2025-09-30: 2 problems
2026-10-04T08:17:32.5865202Z   2025-09-29: 2 problems
2026-10-04T08:17:32.9078416Z   2025-09-27: 2 problems
2026-10-04T08:17:33.2474333Z   2025-09-26: 2 problems
2026-10-04T08:17:33.5809357Z   2025-09-25: 2 problems
2026-10-04T08:17:33.9185369Z   2025-09-24: 2 problems
2026-10-04T08:17:34.2376228Z   2025-09-23: 2 problems
2026-10-04T08:17:34.6123889Z   2025-09-22: 2 problems
2026-10-04T08:17:34.9387318Z   2025-09-20: 2 problems
2026-10-04T08:17:35.2704300Z   2025-09-19: 2 problems
2026-10-04T08:17:35.6058407Z   2025-09-18: 2 problems
2026-10-04T08:17:35.9377247Z   2025-09-17: 2 problems
2026-10-04T08:17:36.2873905Z   2025-09-16: 2 problems
2026-10-04T08:17:36.6071349Z   2025-09-15: 2 problems
2026-10-04T08:17:36.9192357Z   2025-09-13: 2 problems
2026-10-04T08:17:37.2709732Z   2025-09-12: 2 problems
2026-10-04T08:17:37.6125601Z   2025-09-11: 2 problems
2026-10-04T08:17:37.9214132Z   2025-09-10: 2 problems
2026-10-04T08:17:38.2619753Z   2025-09-09: 2 problems
2026-10-04T08:17:38.5811435Z   2025-09-08: 2 problems
2026-10-04T08:17:38.9235973Z   2025-09-06: 2 problems
2026-10-04T08:17:39.3772085Z   2025-09-05: 2 problems
2026-10-04T08:17:39.7161443Z   2025-09-04: 2 problems
2026-10-04T08:17:40.0284957Z   2025-09-03: 2 problems
2026-10-04T08:17:40.3799823Z   2025-09-02: 2 problems
2026-10-04T08:17:40.7338736Z   2025-09-01: 2 problems
2026-10-04T08:17:41.0801319Z   2025-08-30: 2 problems
2026-10-04T08:17:41.4119442Z   2025-08-29: 2 problems
2026-10-04T08:17:41.7628483Z   2025-08-28: 2 problems
2026-10-04T08:17:42.2837100Z   2025-08-27: 2 problems
2026-10-04T08:17:42.6037419Z   2025-08-26: 2 problems
2026-10-04T08:17:42.9184664Z   2025-08-25: 2 problems
2026-10-04T08:17:43.2401720Z   2025-08-23: 2 problems
2026-10-04T08:17:43.5893626Z   2025-08-22: 2 problems
2026-10-04T08:17:43.9154896Z   2025-08-21: 2 problems
2026-10-04T08:17:44.2683720Z   2025-08-20: 2 problems
2026-10-04T08:17:44.5920747Z   2025-08-19: 2 problems
2026-10-04T08:17:44.9239007Z   2025-08-18: 2 problems
2026-10-04T08:17:45.2529695Z   2025-08-16: 2 problems
2026-10-04T08:17:45.5796545Z   2025-08-15: 2 problems
2026-10-04T08:17:45.9017994Z   2025-08-14: 2 problems
2026-10-04T08:17:46.2359204Z   2025-08-13: 2 problems
2026-10-04T08:17:46.5910787Z   2025-08-12: 2 problems
2026-10-04T08:17:46.9338370Z   2025-08-11: 2 problems
2026-10-04T08:17:47.2656419Z   2025-08-09: 2 problems
2026-10-04T08:17:47.6111344Z   2025-08-08: 2 problems
2026-10-04T08:17:48.1123494Z   2025-08-07: 2 problems
2026-10-04T08:17:48.4911846Z   2025-08-06: 2 problems
2026-10-04T08:17:48.8600356Z   2025-08-05: 2 problems
2026-10-04T08:17:49.1803651Z   2025-08-04: 2 problems
2026-10-04T08:17:49.5425931Z   2025-08-02: 2 problems
2026-10-04T08:17:49.9157000Z   2025-08-01: 2 problems
2026-10-04T08:17:50.2449454Z   2025-07-31: 2 problems
2026-10-04T08:17:50.6063940Z   2025-07-30: 2 problems
2026-10-04T08:17:50.9126850Z   2025-07-29: 2 problems
2026-10-04T08:17:51.2481790Z   2025-07-28: 2 problems
2026-10-04T08:17:51.5600612Z   2025-07-26: 2 problems
2026-10-04T08:17:51.8740886Z   2025-07-25: 2 problems
2026-10-04T08:17:52.2276484Z   2025-07-24: 2 problems
2026-10-04T08:17:52.5571598Z   2025-07-23: 2 problems
2026-10-04T08:17:52.8828422Z   2025-07-22: 2 problems
2026-10-04T08:17:53.2013775Z   2025-07-21: 2 problems
2026-10-04T08:17:53.5782370Z   2025-07-19: 2 problems
2026-10-04T08:17:53.9126470Z   2025-07-18: 2 problems
2026-10-04T08:17:54.2460208Z   2025-07-17: 2 problems
2026-10-04T08:17:54.6052184Z   2025-07-16: 2 problems
2026-10-04T08:17:54.9191104Z   2025-07-15: 2 problems
2026-10-04T08:17:55.2503876Z   2025-07-14: 2 problems
2026-10-04T08:17:55.6407318Z   2025-07-12: 2 problems
2026-10-04T08:17:55.9721703Z   2025-07-11: 2 problems
2026-10-04T08:17:56.2878005Z   2025-07-10: 2 problems
2026-10-04T08:17:56.6286228Z   2025-07-09: 2 problems
2026-10-04T08:17:56.9612355Z   2025-07-08: 2 problems
2026-10-04T08:17:57.2857469Z   2025-07-07: 2 problems
2026-10-04T08:17:57.6399163Z   2025-07-05: 2 problems
2026-10-04T08:17:58.0421324Z   2025-07-04: 2 problems
2026-10-04T08:17:58.3480954Z   2025-07-03: 2 problems
2026-10-04T08:17:58.7163530Z   2025-07-02: 2 problems
2026-10-04T08:17:59.0308625Z   2025-07-01: 2 problems
2026-10-04T08:17:59.3646160Z   2025-06-30: 2 problems
2026-10-04T08:17:59.6772775Z   2025-06-28: 2 problems
2026-10-04T08:18:00.0430765Z   2025-06-27: 2 problems
2026-10-04T08:18:00.3583088Z   2025-06-26: 2 problems
2026-10-04T08:18:00.7041404Z   2025-06-25: 2 problems
2026-10-04T08:18:01.0627309Z   2025-06-24: 2 problems
2026-10-04T08:18:01.3735113Z   2025-06-23: 2 problems
2026-10-04T08:18:01.5913509Z   2025-06-21: 2 problems
2026-10-04T08:18:01.9305812Z   2025-06-20: 2 problems
2026-10-04T08:18:02.2806976Z   2025-06-19: 2 problems
2026-10-04T08:18:02.6321808Z   2025-06-18: 2 problems
2026-10-04T08:18:02.9657417Z   2025-06-17: 2 problems
2026-10-04T08:18:03.2795745Z   2025-06-16: 2 problems
2026-10-04T08:18:03.5835695Z   2025-06-14: 2 problems
2026-10-04T08:18:03.9307679Z   2025-06-13: 2 problems
2026-10-04T08:18:04.2850191Z   2025-06-12: 2 problems
2026-10-04T08:18:04.6026247Z   2025-06-11: 2 problems
2026-10-04T08:18:04.9259997Z   2025-06-10: 2 problems
2026-10-04T08:18:05.2435412Z   2025-06-09: 2 problems
2026-10-04T08:18:05.6650321Z   2025-06-07: 2 problems
2026-10-04T08:18:05.9942060Z   2025-06-06: 2 problems
2026-10-04T08:18:06.3182068Z   2025-06-05: 2 problems
2026-10-04T08:18:06.6832224Z   2025-06-04: 2 problems
2026-10-04T08:18:06.9972144Z   2025-06-03: 2 problems
2026-10-04T08:18:07.3225373Z   2025-06-02: 2 problems
2026-10-04T08:18:07.6522301Z   2025-05-31: 2 problems
2026-10-04T08:18:07.9956355Z   2025-05-30: 2 problems
2026-10-04T08:18:08.3072051Z   2025-05-29: 2 problems
2026-10-04T08:18:08.6355820Z   2025-05-28: 2 problems
2026-10-04T08:18:08.9772961Z   2025-05-27: 2 problems
2026-10-04T08:18:09.3136402Z   2025-05-26: 2 problems
2026-10-04T08:18:09.6284310Z   2025-05-24: 2 problems
2026-10-04T08:18:09.9480459Z   2025-05-23: 2 problems
2026-10-04T08:18:10.2660062Z   2025-05-22: 2 problems
2026-10-04T08:18:10.6083459Z   2025-05-21: 2 problems
2026-10-04T08:18:10.9303851Z   2025-05-20: 2 problems
2026-10-04T08:18:11.2660436Z   2025-05-19: 2 problems
2026-10-04T08:18:11.6331272Z   2025-05-17: 2 problems
2026-10-04T08:18:11.9557281Z   2025-05-16: 2 problems
2026-10-04T08:18:12.2737708Z   2025-05-15: 2 problems
2026-10-04T08:18:12.6026781Z   2025-05-14: 2 problems
2026-10-04T08:18:12.9212356Z   2025-05-13: 2 problems
2026-10-04T08:18:13.2732256Z   2025-05-12: 2 problems
2026-10-04T08:18:13.6806900Z   2025-05-10: 2 problems
2026-10-04T08:18:13.9808821Z   2025-05-09: 2 problems
2026-10-04T08:18:14.2911817Z   2025-05-08: 2 problems
2026-10-04T08:18:14.6258621Z   2025-05-07: 2 problems
2026-10-04T08:18:14.9694724Z   2025-05-06: 2 problems
2026-10-04T08:18:15.2799970Z   2025-05-05: 2 problems
2026-10-04T08:18:15.6009796Z   2025-05-03: 2 problems
2026-10-04T08:18:15.9246163Z   2025-05-02: 2 problems
2026-10-04T08:18:16.2591772Z   2025-05-01: 2 problems
2026-10-04T08:18:16.5810052Z   2025-04-30: 2 problems
2026-10-04T08:18:16.8932123Z   2025-04-29: 2 problems
2026-10-04T08:18:17.2624438Z   2025-04-28: 2 problems
2026-10-04T08:18:17.6063450Z   2025-04-26: 2 problems
2026-10-04T08:18:17.9183255Z   2025-04-25: 2 problems
2026-10-04T08:18:18.2265851Z   2025-04-24: 2 problems
2026-10-04T08:18:18.5648542Z   2025-04-23: 2 problems
2026-10-04T08:18:18.9185539Z   2025-04-22: 2 problems
2026-10-04T08:18:19.2601461Z   2025-04-21: 2 problems
2026-10-04T08:18:19.5540709Z   2025-04-19: 2 problems
2026-10-04T08:18:19.8889177Z   2025-04-18: 2 problems
2026-10-04T08:18:20.2071105Z   2025-04-17: 2 problems
2026-10-04T08:18:20.5189909Z   2025-04-16: 2 problems
2026-10-04T08:18:20.8456347Z   2025-04-15: 2 problems
2026-10-04T08:18:21.2281697Z   2025-04-14: 2 problems
2026-10-04T08:18:21.5346605Z   2025-04-12: 2 problems
2026-10-04T08:18:21.8545321Z   2025-04-11: 2 problems
2026-10-04T08:18:22.2243767Z   2025-04-10: 2 problems
2026-10-04T08:18:22.5289534Z   2025-04-09: 2 problems
2026-10-04T08:18:22.8577095Z   2025-04-08: 2 problems
2026-10-04T08:18:23.1701479Z   2025-04-07: 2 problems
2026-10-04T08:18:23.5996593Z   2025-04-05: 2 problems
2026-10-04T08:18:23.9142276Z   2025-04-04: 2 problems
2026-10-04T08:18:24.2371050Z   2025-04-03: 2 problems
2026-10-04T08:18:24.5517069Z   2025-04-02: 2 problems
2026-10-04T08:18:24.8804236Z   2025-04-01: 2 problems
2026-10-04T08:18:25.1953818Z   2025-03-31: 2 problems
2026-10-04T08:18:25.5070485Z   2025-03-29: 2 problems
2026-10-04T08:18:25.9216935Z   2025-03-28: 2 problems
2026-10-04T08:18:26.2479705Z   2025-03-27: 2 problems
2026-10-04T08:18:26.6221950Z   2025-03-26: 2 problems
2026-10-04T08:18:27.0076174Z   2025-03-25: 2 problems
2026-10-04T08:18:27.3607242Z   2025-03-24: 2 problems
2026-10-04T08:18:27.6821918Z   2025-03-22: 2 problems
2026-10-04T08:18:28.0240650Z   2025-03-21: 2 problems
2026-10-04T08:18:28.3384082Z   2025-03-20: 2 problems
2026-10-04T08:18:28.7463919Z   2025-03-19: 2 problems
2026-10-04T08:18:29.1000119Z   2025-03-18: 2 problems
2026-10-04T08:18:29.4231279Z   2025-03-17: 2 problems
2026-10-04T08:18:29.7654652Z   2025-03-15: 2 problems
2026-10-04T08:18:30.0912525Z   2025-03-14: 2 problems
2026-10-04T08:18:30.4030021Z   2025-03-13: 2 problems
2026-10-04T08:18:30.7346467Z   2025-03-12: 2 problems
2026-10-04T08:18:31.0513591Z   2025-03-11: 2 problems
2026-10-04T08:18:31.4105905Z   2025-03-10: 2 problems
2026-10-04T08:18:31.7318163Z   2025-03-08: 2 problems
2026-10-04T08:18:32.0409228Z   2025-03-07: 2 problems
2026-10-04T08:18:32.3441834Z   2025-03-06: 2 problems
2026-10-04T08:18:32.6540700Z   2025-03-05: 2 problems
2026-10-04T08:18:32.9953582Z   2025-03-04: 2 problems
2026-10-04T08:18:33.3033949Z   2025-03-03: 2 problems
2026-10-04T08:18:33.6270393Z   2025-03-01: 2 problems
2026-10-04T08:18:33.9589656Z   2025-02-28: 2 problems
2026-10-04T08:18:34.2712263Z   2025-02-27: 2 problems
2026-10-04T08:18:34.6197783Z   2025-02-26: 2 problems
2026-10-04T08:18:34.9610563Z   2025-02-25: 2 problems
2026-10-04T08:18:35.2868048Z   2025-02-24: 2 problems
2026-10-04T08:18:35.5951221Z   2025-02-22: 2 problems
2026-10-04T08:18:35.9219926Z   2025-02-21: 2 problems
2026-10-04T08:18:36.2656426Z   2025-02-20: 2 problems
2026-10-04T08:18:36.6614271Z   2025-02-19: 2 problems
2026-10-04T08:18:37.0265792Z   2025-02-18: 2 problems
2026-10-04T08:18:37.4086848Z   2025-02-17: 2 problems
2026-10-04T08:18:37.7436280Z   2025-02-15: 2 problems
2026-10-04T08:18:38.5508460Z   2025-02-14: 2 problems
2026-10-04T08:18:38.9208969Z   2025-02-13: 2 problems
2026-10-04T08:18:39.2738432Z   2025-02-12: 2 problems
2026-10-04T08:18:39.5773153Z   2025-02-11: 2 problems
2026-10-04T08:18:39.9769541Z   2025-02-10: 2 problems
2026-10-04T08:18:40.3010304Z   2025-02-08: 2 problems
2026-10-04T08:18:40.6166158Z   2025-02-07: 2 problems
2026-10-04T08:18:40.9531592Z   2025-02-06: 2 problems
2026-10-04T08:18:41.2847642Z   2025-02-05: 2 problems
2026-10-04T08:18:41.5887505Z   2025-02-04: 2 problems
2026-10-04T08:18:41.9102447Z   2025-02-03: 2 problems
2026-10-04T08:18:42.2193202Z   2025-02-01: 2 problems
2026-10-04T08:18:42.5477708Z   2025-01-31: 2 problems
2026-10-04T08:18:42.8504350Z   2025-01-30: 2 problems
2026-10-04T08:18:43.1685306Z   2025-01-29: 2 problems
2026-10-04T08:18:43.5280793Z   2025-01-28: 2 problems
2026-10-04T08:18:43.9104650Z   2025-01-27: 2 problems
2026-10-04T08:18:44.4826240Z   2025-01-25: 2 problems
2026-10-04T08:18:44.8488440Z   2025-01-24: 2 problems
2026-10-04T08:18:45.1950375Z   2025-01-23: 2 problems
2026-10-04T08:18:45.5524709Z   2025-01-22: 2 problems
2026-10-04T08:18:45.8811010Z   2025-01-21: 2 problems
2026-10-04T08:18:46.1954162Z   2025-01-20: 2 problems
2026-10-04T08:18:46.4961341Z   2025-01-18: 2 problems
2026-10-04T08:18:46.8272597Z   2025-01-17: 2 problems
2026-10-04T08:18:47.1381031Z   2025-01-16: 2 problems
2026-10-04T08:18:47.4625117Z   2025-01-15: 2 problems
2026-10-04T08:18:47.8492697Z   2025-01-14: 2 problems
2026-10-04T08:18:48.4180826Z   2025-01-13: 2 problems
2026-10-04T08:18:48.8201090Z   2025-01-11: 2 problems
2026-10-04T08:18:49.2219197Z   2025-01-10: 2 problems
2026-10-04T08:18:49.7087763Z   2025-01-09: 2 problems
2026-10-04T08:18:50.1253637Z   2025-01-08: 2 problems
2026-10-04T08:18:50.4813283Z   2025-01-07: 2 problems
2026-10-04T08:18:50.8055254Z   2025-01-06: 2 problems
2026-10-04T08:18:51.1301916Z   2025-01-04: 2 problems
2026-10-04T08:18:51.4539659Z   2025-01-03: 2 problems
2026-10-04T08:18:51.7716058Z   2025-01-02: 2 problems
2026-10-04T08:18:52.1188505Z   2025-01-01: 2 problems
2026-10-04T08:18:52.5512192Z   2024-12-31: 2 problems
2026-10-04T08:18:52.8870443Z   2024-12-30: 2 problems
2026-10-04T08:18:53.2875855Z   2024-12-28: 2 problems
2026-10-04T08:18:53.6058056Z   2024-12-27: 2 problems
2026-10-04T08:18:54.0259254Z   2024-12-26: 2 problems
2026-10-04T08:18:54.4616492Z   2024-12-25: 2 problems
2026-10-04T08:18:54.7835401Z   2024-12-24: 2 problems
2026-10-04T08:18:55.1293930Z   2024-12-23: 2 problems
2026-10-04T08:18:55.4763918Z   2024-12-21: 2 problems
2026-10-04T08:18:55.7945687Z   2024-12-20: 2 problems
2026-10-04T08:18:56.1311704Z   2024-12-19: 2 problems
2026-10-04T08:18:56.4460542Z   2024-12-18: 2 problems
2026-10-04T08:18:57.1347479Z   2024-12-17: 2 problems
2026-10-04T08:18:57.5367165Z   2024-12-16: 2 problems
2026-10-04T08:18:58.0307177Z   2024-12-14: 2 problems
2026-10-04T08:18:58.3715648Z   2024-12-13: 2 problems
2026-10-04T08:18:58.7064429Z   2024-12-12: 2 problems
2026-10-04T08:18:59.0332474Z   2024-12-11: 2 problems
2026-10-04T08:18:59.4150537Z   2024-12-10: 2 problems
2026-10-04T08:18:59.8183959Z   2024-12-09: 2 problems
2026-10-04T08:19:00.1641502Z   2024-12-07: 2 problems
2026-10-04T08:19:00.5115541Z   2024-12-06: 2 problems
2026-10-04T08:19:00.8476880Z   2024-12-05: 2 problems
2026-10-04T08:19:01.2079905Z   2024-12-04: 2 problems
2026-10-04T08:19:01.5343774Z   2024-12-03: 2 problems
2026-10-04T08:19:01.8826090Z   2024-12-02: 2 problems
2026-10-04T08:19:02.2339022Z   2024-11-30: 2 problems
2026-10-04T08:19:02.5798117Z   2024-11-29: 2 problems
2026-10-04T08:19:02.9096747Z   2024-11-28: 2 problems
2026-10-04T08:19:03.2353240Z   2024-11-27: 2 problems
2026-10-04T08:19:03.5874997Z   2024-11-26: 2 problems
2026-10-04T08:19:03.9060254Z   2024-11-25: 2 problems
2026-10-04T08:19:04.2312720Z   2024-11-23: 2 problems
2026-10-04T08:19:04.5682323Z   2024-11-22: 2 problems
2026-10-04T08:19:04.7769010Z   2024-11-21: 2 problems
2026-10-04T08:19:05.1083077Z   2024-11-20: 2 problems
2026-10-04T08:19:05.4452860Z   2024-11-19: 2 problems
2026-10-04T08:19:05.8086519Z   2024-11-18: 2 problems
2026-10-04T08:19:06.2197370Z   2024-11-16: 2 problems
2026-10-04T08:19:06.5810949Z   2024-11-15: 2 problems
2026-10-04T08:19:06.9184002Z   2024-11-14: 2 problems
2026-10-04T08:19:07.2490904Z   2024-11-13: 2 problems
2026-10-04T08:19:07.6110106Z   2024-11-12: 2 problems
2026-10-04T08:19:07.9686462Z   2024-11-11: 2 problems
2026-10-04T08:19:08.2954636Z   2024-11-09: 2 problems
2026-10-04T08:19:08.6112106Z   2024-11-08: 2 problems
2026-10-04T08:19:09.0146777Z   2024-11-07: 2 problems
2026-10-04T08:19:09.3330337Z   2024-11-06: 2 problems
2026-10-04T08:19:09.6713789Z   2024-11-05: 2 problems
2026-10-04T08:19:09.9997460Z   2024-11-04: 2 problems
2026-10-04T08:19:10.3411123Z   2024-11-02: 2 problems
2026-10-04T08:19:10.6925937Z   2024-11-01: 2 problems
2026-10-04T08:19:11.0264010Z   2024-10-31: 2 problems
2026-10-04T08:19:11.3505814Z   2024-10-30: 2 problems
2026-10-04T08:19:11.6759312Z   2024-10-29: 2 problems
2026-10-04T08:19:12.0151027Z   2024-10-28: 2 problems
2026-10-04T08:19:12.3255376Z   2024-10-26: 2 problems
2026-10-04T08:19:12.6445787Z   2024-10-25: 2 problems
2026-10-04T08:19:12.9665034Z   2024-10-24: 2 problems
2026-10-04T08:19:13.2884196Z   2024-10-23: 2 problems
2026-10-04T08:19:13.6170636Z   2024-10-22: 2 problems
2026-10-04T08:19:13.9575176Z   2024-10-21: 2 problems
2026-10-04T08:19:14.2865772Z   2024-10-19: 2 problems
2026-10-04T08:19:14.5957702Z   2024-10-18: 2 problems
2026-10-04T08:19:14.9378227Z   2024-10-17: 2 problems
2026-10-04T08:19:15.2468751Z   2024-10-16: 2 problems
2026-10-04T08:19:15.6791808Z   2024-10-15: 2 problems
2026-10-04T08:19:16.0080771Z   2024-10-14: 2 problems
2026-10-04T08:19:16.3777095Z   2024-10-12: 2 problems
2026-10-04T08:19:16.7060942Z   2024-10-11: 2 problems
2026-10-04T08:19:17.0745203Z   2024-10-10: 2 problems
2026-10-04T08:19:17.4479474Z   2024-10-09: 2 problems
2026-10-04T08:19:17.7705479Z   2024-10-08: 2 problems
2026-10-04T08:19:18.1022971Z   2024-10-07: 2 problems
2026-10-04T08:19:18.4580562Z   2024-10-05: 2 problems
2026-10-04T08:19:18.7781923Z   2024-10-04: 2 problems
2026-10-04T08:19:19.1333761Z   2024-10-03: 2 problems
2026-10-04T08:19:19.4783417Z   2024-10-02: 2 problems
2026-10-04T08:19:19.8357148Z   2024-10-01: 2 problems
2026-10-04T08:19:20.1776019Z   2024-09-30: 2 problems
2026-10-04T08:19:20.5174135Z   2024-09-28: 2 problems
2026-10-04T08:19:20.8418170Z   2024-09-27: 2 problems
2026-10-04T08:19:21.1762863Z   2024-09-26: 2 problems
2026-10-04T08:19:21.5352525Z   2024-09-25: 2 problems
2026-10-04T08:19:21.7813945Z   2024-09-24: 2 problems
2026-10-04T08:19:22.1073512Z   2024-09-23: 2 problems
2026-10-04T08:19:22.4699809Z   2024-09-21: 2 problems
2026-10-04T08:19:22.8246702Z   2024-09-20: 2 problems
2026-10-04T08:19:23.1782944Z   2024-09-19: 2 problems
2026-10-04T08:19:23.5237666Z   2024-09-18: 2 problems
2026-10-04T08:19:23.8412567Z   2024-09-17: 2 problems
2026-10-04T08:19:24.1882267Z   2024-09-16: 2 problems
2026-10-04T08:19:24.5197080Z   2024-09-14: 2 problems
2026-10-04T08:19:24.8586550Z   2024-09-13: 2 problems
2026-10-04T08:19:25.1852255Z   2024-09-12: 2 problems
2026-10-04T08:19:25.5358078Z   2024-09-11: 2 problems
2026-10-04T08:19:25.8596498Z   2024-09-10: 2 problems
2026-10-04T08:19:26.2218361Z   2024-09-09: 2 problems
2026-10-04T08:19:26.5479476Z   2024-09-07: 2 problems
2026-10-04T08:19:26.8518040Z   2024-09-06: 2 problems
2026-10-04T08:19:27.2046790Z   2024-09-05: 2 problems
2026-10-04T08:19:27.5313676Z   2024-09-04: 2 problems
2026-10-04T08:19:27.8653922Z   2024-09-03: 2 problems
2026-10-04T08:19:28.1867923Z   2024-09-02: 2 problems
2026-10-04T08:19:28.5286128Z   2024-08-31: 2 problems
2026-10-04T08:19:28.8698517Z   2024-08-30: 2 problems
2026-10-04T08:19:29.2004271Z   2024-08-29: 2 problems
2026-10-04T08:19:29.5947090Z   2024-08-28: 2 problems
2026-10-04T08:19:29.9070153Z   2024-08-27: 2 problems
2026-10-04T08:19:30.2264147Z   2024-08-26: 2 problems
2026-10-04T08:19:30.5811196Z   2024-08-24: 2 problems
2026-10-04T08:19:30.9454235Z   2024-08-23: 2 problems
2026-10-04T08:19:31.2853607Z   2024-08-22: 2 problems
2026-10-04T08:19:31.6119101Z   2024-08-21: 2 problems
2026-10-04T08:19:31.9357692Z   2024-08-20: 2 problems
2026-10-04T08:19:32.2870013Z   2024-08-19: 2 problems
2026-10-04T08:19:32.6508597Z   2024-08-17: 2 problems
2026-10-04T08:19:32.9921850Z   2024-08-16: 2 problems
2026-10-04T08:19:33.3183704Z   2024-08-15: 2 problems
2026-10-04T08:19:33.6623541Z   2024-08-14: 2 problems
2026-10-04T08:19:34.0590422Z   2024-08-13: 2 problems
2026-10-04T08:19:34.3943010Z   2024-08-12: 2 problems
2026-10-04T08:19:34.7543160Z   2024-08-10: 2 problems
2026-10-04T08:19:35.0736052Z   2024-08-09: 2 problems
2026-10-04T08:19:35.4215668Z   2024-08-08: 2 problems
2026-10-04T08:19:35.7388069Z   2024-08-07: 2 problems
2026-10-04T08:19:36.0592893Z   2024-08-06: 2 problems
2026-10-04T08:19:36.3864914Z   2024-08-05: 2 problems
2026-10-04T08:19:36.7025025Z   2024-08-03: 2 problems
2026-10-04T08:19:37.0258502Z   2024-08-02: 2 problems
2026-10-04T08:19:37.3460387Z   2024-08-01: 2 problems
2026-10-04T08:19:37.6685781Z   2024-07-31: 2 problems
2026-10-04T08:19:38.0146463Z   2024-07-30: 2 problems
2026-10-04T08:19:38.3612586Z   2024-07-29: 2 problems
2026-10-04T08:19:38.6893151Z   2024-07-27: 2 problems
2026-10-04T08:19:38.9937641Z   2024-07-26: 2 problems
2026-10-04T08:19:39.3225962Z   2024-07-25: 2 problems
2026-10-04T08:19:39.7183846Z   2024-07-24: 2 problems
2026-10-04T08:19:40.1769005Z   2024-07-23: 2 problems
2026-10-04T08:19:40.5296854Z   2024-07-22: 2 problems
2026-10-04T08:19:40.8954304Z   2024-07-20: 2 problems
2026-10-04T08:19:41.2895668Z   2024-07-19: 2 problems
2026-10-04T08:19:41.6345055Z   2024-07-18: 2 problems
2026-10-04T08:19:42.0096740Z   2024-07-17: 2 problems
2026-10-04T08:19:42.4327384Z   2024-07-16: 2 problems
2026-10-04T08:19:42.7495607Z   2024-07-15: 2 problems
2026-10-04T08:19:43.0885932Z   2024-07-13: 2 problems
2026-10-04T08:19:43.3047160Z   2024-07-12: 2 problems
2026-10-04T08:19:43.6477961Z   2024-07-11: 2 problems
2026-10-04T08:19:43.9853298Z   2024-07-10: 2 problems
2026-10-04T08:19:44.3880792Z   2024-07-09: 2 problems
2026-10-04T08:19:44.7162491Z   2024-07-08: 2 problems
2026-10-04T08:19:45.0503919Z   2024-07-06: 2 problems
2026-10-04T08:19:45.3746673Z   2024-07-05: 2 problems
2026-10-04T08:19:45.6956695Z   2024-07-04: 2 problems
2026-10-04T08:19:46.0443715Z   2024-07-03: 2 problems
2026-10-04T08:19:46.3622219Z   2024-07-02: 2 problems
2026-10-04T08:19:46.6835886Z   2024-07-01: 2 problems
2026-10-04T08:19:47.0310276Z   2024-06-29: 2 problems
2026-10-04T08:19:47.3662354Z   2024-06-28: 2 problems
2026-10-04T08:19:47.6993317Z   2024-06-27: 2 problems
2026-10-04T08:19:48.2064737Z   2024-06-26: 2 problems
2026-10-04T08:19:48.6289226Z   2024-06-25: 2 problems
2026-10-04T08:19:49.0255868Z   2024-06-24: 2 problems
2026-10-04T08:19:49.3659055Z   2024-06-22: 2 problems
2026-10-04T08:19:49.7659909Z   2024-06-21: 2 problems
2026-10-04T08:19:50.1084698Z   2024-06-20: 2 problems
2026-10-04T08:19:50.4260172Z   2024-06-19: 2 problems
2026-10-04T08:19:50.7630553Z   2024-06-18: 2 problems
2026-10-04T08:19:51.1228324Z   2024-06-17: 2 problems
2026-10-04T08:19:51.4897965Z   2024-06-15: 2 problems
2026-10-04T08:19:51.8050364Z   2024-06-14: 2 problems
2026-10-04T08:19:52.1251282Z   2024-06-13: 2 problems
2026-10-04T08:19:52.4873860Z   2024-06-12: 2 problems
2026-10-04T08:19:52.7976414Z   2024-06-11: 2 problems
2026-10-04T08:19:53.1215549Z   2024-06-10: 2 problems
2026-10-04T08:19:53.4259628Z   2024-06-08: 2 problems
2026-10-04T08:19:53.7699224Z   2024-06-07: 2 problems
2026-10-04T08:19:54.0879541Z   2024-06-06: 2 problems
2026-10-04T08:19:54.3958850Z   2024-06-05: 2 problems
2026-10-04T08:19:54.7127988Z   2024-06-04: 2 problems
2026-10-04T08:19:55.0786314Z   2024-06-03: 2 problems
2026-10-04T08:19:55.4383790Z   2024-06-01: 2 problems
2026-10-04T08:19:55.7601674Z   2024-05-31: 2 problems
2026-10-04T08:19:56.0702353Z   2024-05-30: 2 problems
2026-10-04T08:19:56.4015114Z   2024-05-29: 2 problems
2026-10-04T08:19:56.7273130Z   2024-05-28: 2 problems
2026-10-04T08:19:57.0303338Z   2024-05-27: 2 problems
2026-10-04T08:19:57.3736445Z   2024-05-25: 2 problems
2026-10-04T08:19:57.7117259Z   2024-05-24: 2 problems
2026-10-04T08:19:58.0250379Z   2024-05-23: 2 problems
2026-10-04T08:19:58.3636324Z   2024-05-22: 2 problems
2026-10-04T08:19:58.6901514Z   2024-05-21: 2 problems
2026-10-04T08:19:59.0012473Z   2024-05-20: 2 problems
2026-10-04T08:19:59.3105188Z   2024-05-18: 2 problems
2026-10-04T08:19:59.6312656Z   2024-05-17: 2 problems
2026-10-04T08:19:59.9684406Z   2024-05-16: 2 problems
2026-10-04T08:20:00.3397285Z   2024-05-15: 2 problems
2026-10-04T08:20:00.6900075Z   2024-05-14: 2 problems
2026-10-04T08:20:01.0183040Z   2024-05-13: 2 problems
2026-10-04T08:20:01.3386640Z   2024-05-11: 2 problems
2026-10-04T08:20:01.6549884Z   2024-05-10: 2 problems
2026-10-04T08:20:01.9837248Z   2024-05-09: 2 problems
2026-10-04T08:20:02.3479795Z   2024-05-08: 2 problems
2026-10-04T08:20:02.6888426Z   2024-05-07: 2 problems
2026-10-04T08:20:03.0433735Z   2024-05-06: 2 problems
2026-10-04T08:20:03.4253905Z   2024-05-04: 2 problems
2026-10-04T08:20:03.7532057Z   2024-05-03: 2 problems
2026-10-04T08:20:04.0811309Z   2024-05-02: 2 problems
2026-10-04T08:20:04.4945053Z   2024-05-01: 2 problems
2026-10-04T08:20:04.8427510Z   2024-04-30: 2 problems
2026-10-04T08:20:05.4630137Z   2024-04-29: 2 problems
2026-10-04T08:20:05.7981627Z   2024-04-27: 2 problems
2026-10-04T08:20:06.1075828Z   2024-04-26: 2 problems
2026-10-04T08:20:06.4316000Z   2024-04-25: 2 problems
2026-10-04T08:20:06.7626441Z   2024-04-24: 2 problems
2026-10-04T08:20:07.1666739Z   2024-04-23: 2 problems
2026-10-04T08:20:07.5252412Z   2024-04-22: 2 problems
2026-10-04T08:20:07.8470107Z   2024-04-20: 2 problems
2026-10-04T08:20:08.1858344Z   2024-04-19: 2 problems
2026-10-04T08:20:08.5132572Z   2024-04-18: 2 problems
2026-10-04T08:20:08.8143992Z   2024-04-17: 2 problems
2026-10-04T08:20:09.1512518Z   2024-04-16: 2 problems
2026-10-04T08:20:09.5036314Z   2024-04-15: 2 problems
2026-10-04T08:20:09.8269536Z   2024-04-13: 2 problems
2026-10-04T08:20:10.1387659Z   2024-04-12: 2 problems
2026-10-04T08:20:10.4585393Z   2024-04-11: 2 problems
2026-10-04T08:20:10.8441030Z   2024-04-10: 2 problems
2026-10-04T08:20:11.1761301Z   2024-04-09: 2 problems
2026-10-04T08:20:11.5083813Z   2024-04-08: 2 problems
2026-10-04T08:20:11.8884075Z   2024-04-06: 2 problems
2026-10-04T08:20:12.2056284Z   2024-04-05: 2 problems
2026-10-04T08:20:12.5570925Z   2024-04-04: 2 problems
2026-10-04T08:20:12.8970728Z   2024-04-03: 2 problems
2026-10-04T08:20:13.2305718Z   2024-04-02: 2 problems
2026-10-04T08:20:13.5400134Z   2024-04-01: 2 problems
2026-10-04T08:20:13.9250733Z   2024-03-30: 2 problems
2026-10-04T08:20:14.2557094Z   2024-03-29: 2 problems
2026-10-04T08:20:14.5819980Z   2024-03-28: 2 problems
2026-10-04T08:20:14.9005650Z   2024-03-27: 2 problems
2026-10-04T08:20:15.2355426Z   2024-03-26: 2 problems
2026-10-04T08:20:15.5698277Z   2024-03-25: 2 problems
2026-10-04T08:20:15.8849953Z   2024-03-23: 2 problems
2026-10-04T08:20:16.2163806Z   2024-03-22: 2 problems
2026-10-04T08:20:16.5304344Z   2024-03-21: 2 problems
2026-10-04T08:20:16.8459610Z   2024-03-20: 2 problems
2026-10-04T08:20:17.1723753Z   2024-03-19: 2 problems
2026-10-04T08:20:17.5693887Z   2024-03-18: 2 problems
2026-10-04T08:20:18.0707057Z   2024-03-16: 2 problems
2026-10-04T08:20:18.6307382Z   2024-03-15: 2 problems
2026-10-04T08:20:19.0257310Z   2024-03-14: 2 problems
2026-10-04T08:20:19.3523600Z   2024-03-13: 2 problems
2026-10-04T08:20:19.6922078Z   2024-03-12: 2 problems
2026-10-04T08:20:20.0932312Z   2024-03-11: 2 problems
2026-10-04T08:20:20.4149190Z   2024-03-09: 2 problems
2026-10-04T08:20:20.7448740Z   2024-03-08: 2 problems
2026-10-04T08:20:21.1345382Z   2024-03-07: 2 problems
2026-10-04T08:20:21.5458255Z   2024-03-06: 2 problems
2026-10-04T08:20:21.8890454Z   2024-03-05: 2 problems
2026-10-04T08:20:22.2244264Z   2024-03-04: 2 problems
2026-10-04T08:20:22.5665741Z   2024-03-02: 2 problems
2026-10-04T08:20:22.9160813Z   2024-03-01: 2 problems
2026-10-04T08:20:23.2383583Z   2024-02-29: 2 problems
2026-10-04T08:20:23.5517363Z   2024-02-28: 2 problems
2026-10-04T08:20:23.8904398Z   2024-02-27: 2 problems
2026-10-04T08:20:24.2095552Z   2024-02-26: 2 problems
2026-10-04T08:20:24.2097446Z Building categories...
2026-10-04T08:20:27.1185392Z Wrote /home/runner/work/ys_problem_web/ys_problem_web/data/daily.json (813 days, 21 categories).
2026-10-04T08:20:27.1186444Z Syncing leaderboard (records.js from gh-pages)...
2026-10-04T08:20:27.2863023Z   ✓ 361 players, data through 2026-10-03
2026-10-04T08:20:27.3021177Z ##[group]Run xvfb-run -a node scripts/fetch-statements.mjs --limit 4 --delay 6000
2026-10-04T08:20:27.3021773Z [36;1mxvfb-run -a node scripts/fetch-statements.mjs --limit 4 --delay 6000[0m
2026-10-04T08:20:27.3083731Z shell: /usr/bin/bash -e {0}
2026-10-04T08:20:27.3083979Z env:
2026-10-04T08:20:27.3084186Z   CF_START_MODE: chrome-headful
2026-10-04T08:20:27.3084429Z ##[endgroup]
2026-10-04T08:20:27.9028796Z Statements on disk: 1597; missing in archive: 26; needs limits: 0; fetching: 4
2026-10-04T08:20:48.8410822Z   [1/4] ✗ GYM106259I — fetch/parse failed
2026-10-04T08:20:58.3139208Z   2 consecutive failures — cooling down 240s…
2026-10-04T08:24:59.5909979Z   [2/4] ✗ GYM105746C — fetch/parse failed
2026-10-04T08:25:16.1003018Z   [3/4] ✗ GYM106225C — fetch/parse failed
2026-10-04T08:25:31.9157416Z   2 consecutive failures — cooling down 240s…
2026-10-04T08:29:40.8983693Z   [4/4] ✗ GYM103575B — fetch/parse failed
2026-10-04T08:29:40.9886939Z 
2026-10-04T08:29:40.9889241Z Done: 0 saved, 4 failed.
2026-10-04T08:29:40.9889890Z Failed codes (rerun this script to retry):
2026-10-04T08:29:40.9890484Z   GYM106259I, GYM105746C, GYM106225C, GYM103575B
2026-10-04T08:29:41.1090425Z ##[group]Run xvfb-run -a node scripts/repair-zsmj.mjs --limit 200 --delay 6000
2026-10-04T08:29:41.1091005Z [36;1mxvfb-run -a node scripts/repair-zsmj.mjs --limit 200 --delay 6000[0m
2026-10-04T08:29:41.1152887Z shell: /usr/bin/bash -e {0}
2026-10-04T08:29:41.1153164Z env:
2026-10-04T08:29:41.1153377Z   CF_START_MODE: chrome-headful
2026-10-04T08:29:41.1153629Z ##[endgroup]
2026-10-04T08:29:41.2282894Z Statements to repair: 200
2026-10-04T08:29:43.1529621Z   [1/200] ✓ CF1005F — 13 段重译(0 段保留译文)
2026-10-04T08:29:51.6571584Z   [2/200] ✓ CF1006D — 14 段重译(0 段保留译文)
2026-10-04T08:29:59.9565402Z   [3/200] ✓ CF1006E — 18 段重译(0 段保留译文)
2026-10-04T08:30:07.6528666Z   [4/200] ✓ CF1009C — 6 段重译(0 段保留译文)
2026-10-04T08:30:15.1896004Z   [5/200] ✓ CF1009E — 9 段重译(0 段保留译文)
2026-10-04T08:30:23.4846046Z   [6/200] ✓ CF1010D — 10 段重译(0 段保留译文)
2026-10-04T08:30:31.6015052Z   [7/200] ✓ CF1015E1 — 6 段重译(0 段保留译文)
2026-10-04T08:30:38.8621349Z   [8/200] ✓ CF1017C — 7 段重译(0 段保留译文)
2026-10-04T08:30:46.2799436Z   [9/200] ✓ CF1017D — 21 段重译(0 段保留译文)
2026-10-04T08:30:53.7040247Z   [10/200] ✓ CF1019A — 5 段重译(0 段保留译文)
2026-10-04T08:31:00.7411793Z   [11/200] ✓ CF1023D — 11 段重译(0 段保留译文)
2026-10-04T08:31:09.2527532Z   [12/200] ✓ CF1023E — 8 段重译(0 段保留译文)
2026-10-04T08:31:17.8755288Z   [13/200] ✓ CF1025B — 8 段重译(0 段保留译文)
2026-10-04T08:31:24.5080596Z   [14/200] ✓ CF1025C — 3 段重译(0 段保留译文)
2026-10-04T08:31:31.5786122Z   [15/200] ✓ CF1027C — 10 段重译(0 段保留译文)
2026-10-04T08:31:39.3106023Z   [16/200] ✓ CF1027D — 17 段重译(0 段保留译文)
2026-10-04T08:31:47.7854150Z   [17/200] ✓ CF1028C — 5 段重译(0 段保留译文)
2026-10-04T08:31:55.3320483Z   [18/200] ✓ CF1028D — 8 段重译(0 段保留译文)
2026-10-04T08:32:02.5080051Z   [19/200] ✓ CF1029C — 10 段重译(0 段保留译文)
2026-10-04T08:32:10.1252896Z   [20/200] ✓ CF1029D — 8 段重译(0 段保留译文)
2026-10-04T08:32:17.3192491Z   [21/200] ✓ CF1031C — 8 段重译(0 段保留译文)
2026-10-04T08:32:24.4178381Z   [22/200] ✓ CF1031D — 8 段重译(0 段保留译文)
2026-10-04T08:32:31.9871129Z   [23/200] ✓ CF1032C — 8 段重译(0 段保留译文)
2026-10-04T08:32:39.4196066Z   [24/200] ✓ CF1032D — 6 段重译(0 段保留译文)
2026-10-04T08:32:46.9010359Z   [25/200] ✓ CF1033C — 12 段重译(0 段保留译文)
2026-10-04T08:32:53.8575198Z   [26/200] ✓ CF1036B — 17 段重译(0 段保留译文)
2026-10-04T08:33:15.9388253Z   [27/200] ✓ CF1039B — 9 段重译(0 段保留译文)
2026-10-04T08:33:23.9661472Z   [28/200] ✓ CF1039C — 9 段重译(0 段保留译文)
2026-10-04T08:33:30.8551246Z   [29/200] ✓ CF1041C — 8 段重译(0 段保留译文)
2026-10-04T08:33:37.4892818Z   [30/200] ✓ CF1041D — 10 段重译(0 段保留译文)
2026-10-04T08:33:45.8108861Z   [31/200] ✓ CF1041E — 5 段重译(0 段保留译文)
2026-10-04T08:33:53.1127543Z   [32/200] ✓ CF1042C — 15 段重译(0 段保留译文)
2026-10-04T08:34:01.3943325Z   [33/200] ✓ CF1043D — 5 段重译(0 段保留译文)
2026-10-04T08:34:09.9131812Z   [34/200] ✓ CF1043E — 8 段重译(0 段保留译文)
2026-10-04T08:34:17.3665946Z   [35/200] ✓ CF1044A — 9 段重译(0 段保留译文)
2026-10-04T08:34:25.5301462Z   [36/200] ✓ CF1044B — 30 段重译(0 段保留译文)
2026-10-04T08:34:33.8196584Z   [37/200] ✓ CF1045I — 11 段重译(0 段保留译文)
2026-10-04T08:34:40.8764325Z   [38/200] ✓ CF1051D — 7 段重译(0 段保留译文)
2026-10-04T08:34:48.4301207Z   [39/200] ✓ CF1055C — 4 段重译(0 段保留译文)
2026-10-04T08:34:55.1351024Z   [40/200] ✓ CF1056B — 13 段重译(0 段保留译文)
2026-10-04T08:35:01.8761196Z   [41/200] ✓ CF1056C — 13 段重译(0 段保留译文)
2026-10-04T08:35:08.9679867Z   [42/200] ✓ CF1056D — 9 段重译(0 段保留译文)
2026-10-04T08:35:15.9585290Z   [43/200] ✓ CF1057C — 12 段重译(0 段保留译文)
2026-10-04T08:35:24.3610717Z   [44/200] ✓ CF1059C — 10 段重译(0 段保留译文)
2026-10-04T08:35:33.0055843Z   [45/200] ✓ CF1060E — 6 段重译(0 段保留译文)
2026-10-04T08:35:41.7767250Z   [46/200] ✓ CF1062C — 10 段重译(0 段保留译文)
2026-10-04T08:35:49.3930292Z   [47/200] ✓ CF1065E — 16 段重译(0 段保留译文)
2026-10-04T08:35:56.3799559Z   [48/200] ✓ CF1067B — 10 段重译(0 段保留译文)
2026-10-04T08:36:05.0234236Z   [49/200] ✓ CF1068C — 9 段重译(0 段保留译文)
2026-10-04T08:36:12.2368089Z   [50/200] ✓ CF1070C — 9 段重译(0 段保留译文)
2026-10-04T08:36:19.8953301Z   [51/200] ✓ CF1070I — 9 段重译(0 段保留译文)
2026-10-04T08:36:43.7927857Z   [52/200] ✓ CF1073C — 16 段重译(0 段保留译文)
2026-10-04T08:36:51.8168011Z   [53/200] ✓ CF1076D — 6 段重译(0 段保留译文)
2026-10-04T08:37:00.4991738Z   [54/200] ✓ CF1076E — 11 段重译(0 段保留译文)
2026-10-04T08:37:07.4661337Z   [55/200] ✓ CF1080D — 12 段重译(0 段保留译文)
2026-10-04T08:37:15.0426935Z   [56/200] ✓ CF1080E — 9 段重译(0 段保留译文)
2026-10-04T08:37:21.9289859Z   [57/200] ✓ CF1082B — 6 段重译(0 段保留译文)
2026-10-04T08:37:28.7880221Z   [58/200] ✓ CF1082C — 7 段重译(0 段保留译文)
2026-10-04T08:37:37.3185379Z   [59/200] ✓ CF1082D — 12 段重译(0 段保留译文)
2026-10-04T08:37:45.3157952Z   [60/200] ✓ CF1083A — 7 段重译(0 段保留译文)
2026-10-04T08:37:52.0743854Z   [61/200] ✓ CF1083B — 12 段重译(0 段保留译文)
2026-10-04T08:38:00.3023054Z   [62/200] ✓ CF1085D — 8 段重译(0 段保留译文)
2026-10-04T08:38:08.9291708Z   [63/200] ✓ CF1089A — 5 段重译(0 段保留译文)
2026-10-04T08:38:16.2528344Z   [64/200] ✓ CF1089F — 7 段重译(0 段保留译文)
2026-10-04T08:38:23.6213633Z   [65/200] ✓ CF1090D — 6 段重译(0 段保留译文)
2026-10-04T08:38:30.3728924Z   [66/200] ✓ CF1092C — 7 段重译(0 段保留译文)
2026-10-04T08:38:37.3257335Z   [67/200] ✓ CF1092E — 5 段重译(0 段保留译文)
2026-10-04T08:38:44.5369120Z   [68/200] ✓ CF1095D — 4 段重译(0 段保留译文)
2026-10-04T08:38:52.6896325Z   [69/200] ✓ CF1098A — 4 段重译(0 段保留译文)
2026-10-04T08:39:01.0171116Z   [70/200] ✓ CF1098B — 3 段重译(0 段保留译文)
2026-10-04T08:39:08.2185450Z   [71/200] ✓ CF1102E — 9 段重译(0 段保留译文)
2026-10-04T08:39:16.1648397Z   [72/200] ✓ CF1102F — 11 段重译(0 段保留译文)
2026-10-04T08:39:23.5144308Z   [73/200] ✓ CF1105D — 6 段重译(0 段保留译文)
2026-10-04T08:39:30.2105927Z   [74/200] ✓ CF1109B — 5 段重译(0 段保留译文)
2026-10-04T08:39:38.7433292Z   [75/200] ✓ CF1114C — 7 段重译(0 段保留译文)
2026-10-04T08:39:47.6334279Z   [76/200] ✓ CF1118C — 4 段重译(0 段保留译文)
2026-10-04T08:40:10.0722305Z   [77/200] ✓ CF1118E — 15 段重译(0 段保留译文)
2026-10-04T08:40:17.4128290Z   [78/200] ✓ CF1119D — 11 段重译(0 段保留译文)
2026-10-04T08:40:24.3984145Z   [79/200] ✓ CF1129A2 — 13 段重译(0 段保留译文)
2026-10-04T08:40:32.7358500Z   [80/200] ✓ CF1131D — 6 段重译(0 段保留译文)
2026-10-04T08:40:39.3178298Z   [81/200] ✓ CF1131F — 9 段重译(0 段保留译文)
2026-10-04T08:40:46.1950217Z   [82/200] ✓ CF1132C — 6 段重译(0 段保留译文)
2026-10-04T08:40:53.0934288Z   [83/200] ✓ CF1133F2 — 5 段重译(0 段保留译文)
2026-10-04T08:41:01.0112020Z   [84/200] ✓ CF1136D — 10 段重译(0 段保留译文)
2026-10-04T08:41:07.8754530Z   [85/200] ✓ CF1137A — 7 段重译(0 段保留译文)
2026-10-04T08:41:16.0959064Z   [86/200] ✓ CF1138B — 9 段重译(0 段保留译文)
2026-10-04T08:41:23.8072428Z   [87/200] ✓ CF1141G — 6 段重译(0 段保留译文)
2026-10-04T08:41:32.0810589Z   [88/200] ✓ CF1142A — 10 段重译(0 段保留译文)
2026-10-04T08:41:39.6814068Z   [89/200] ✓ CF1142B — 12 段重译(0 段保留译文)
2026-10-04T08:41:47.5747734Z   [90/200] ✓ CF1146D — 6 段重译(0 段保留译文)
2026-10-04T08:41:55.6503453Z   [91/200] ✓ CF1147B — 6 段重译(0 段保留译文)
2026-10-04T08:42:02.9679459Z   [92/200] ✓ CF1148C — 9 段重译(0 段保留译文)
2026-10-04T08:42:11.4348181Z   [93/200] ✓ CF1148D — 13 段重译(0 段保留译文)
2026-10-04T08:42:18.5658482Z   [94/200] ✓ CF1149B — 6 段重译(0 段保留译文)
2026-10-04T08:42:26.8980189Z   [95/200] ✓ CF1151D — 5 段重译(0 段保留译文)
2026-10-04T08:42:34.5158749Z   [96/200] ✓ CF1152D — 6 段重译(0 段保留译文)
2026-10-04T08:42:42.1306892Z   [97/200] ✓ CF1153C — 4 段重译(0 段保留译文)
2026-10-04T08:42:49.4445375Z   [98/200] ✓ CF1153E — 13 段重译(0 段保留译文)
2026-10-04T08:42:57.1799834Z   [99/200] ✓ CF1157D — 10 段重译(0 段保留译文)
2026-10-04T08:43:05.2038706Z   [100/200] ✓ CF1157F — 6 段重译(0 段保留译文)
2026-10-04T08:43:13.3444080Z   [101/200] ✓ CF1158C — 13 段重译(0 段保留译文)
2026-10-04T08:43:36.5076783Z   [102/200] ✓ CF1163B2 — 7 段重译(0 段保留译文)
2026-10-04T08:43:43.5568520Z   [103/200] ✓ CF1163C2 — 5 段重译(0 段保留译文)
2026-10-04T08:43:51.5085881Z   [104/200] ✓ CF1163D — 9 段重译(0 段保留译文)
2026-10-04T08:43:59.4455407Z   [105/200] ✓ CF1168A — 8 段重译(0 段保留译文)
2026-10-04T08:44:07.1739087Z   [106/200] ✓ CF1168B — 7 段重译(0 段保留译文)
2026-10-04T08:44:14.9502033Z   [107/200] ✓ CF1172B — 11 段重译(0 段保留译文)
2026-10-04T08:44:23.1005162Z   [108/200] ✓ CF1175C — 10 段重译(0 段保留译文)
2026-10-04T08:44:31.4766614Z   [109/200] ✓ CF1176C — 10 段重译(0 段保留译文)
2026-10-04T08:44:39.3474640Z   [110/200] ✓ CF1176F — 12 段重译(0 段保留译文)
2026-10-04T08:44:47.6779004Z   [111/200] ✓ CF1177B — 4 段重译(0 段保留译文)
2026-10-04T08:44:54.6810850Z   [112/200] ✓ CF1183G — 11 段重译(0 段保留译文)
2026-10-04T08:45:02.8179342Z   [113/200] ✓ CF1184A2 — 9 段重译(0 段保留译文)
2026-10-04T08:45:10.8876453Z   [114/200] ✓ CF1184E1 — 6 段重译(0 段保留译文)
2026-10-04T08:45:18.3807632Z   [115/200] ✓ CF1185C2 — 13 段重译(0 段保留译文)
2026-10-04T08:45:26.4016440Z   [116/200] ✓ CF1185D — 7 段重译(0 段保留译文)
2026-10-04T08:45:35.2473924Z   [117/200] ✓ CF1185E — 8 段重译(0 段保留译文)
2026-10-04T08:45:43.8618919Z   [118/200] ✓ CF1190D — 11 段重译(0 段保留译文)
2026-10-04T08:45:52.1537062Z   [119/200] ✓ CF1195D2 — 9 段重译(0 段保留译文)
2026-10-04T08:45:59.0863021Z   [120/200] ✓ CF1196D2 — 9 段重译(0 段保留译文)
2026-10-04T08:46:07.1960103Z   [121/200] ✓ CF1200D — 8 段重译(0 段保留译文)
2026-10-04T08:46:14.5125482Z   [122/200] ✓ CF1201D — 7 段重译(0 段保留译文)
2026-10-04T08:46:22.3823591Z   [123/200] ✓ CF1202B — 16 段重译(0 段保留译文)
2026-10-04T08:46:29.2539932Z   [124/200] ✓ CF1204C — 10 段重译(0 段保留译文)
2026-10-04T08:46:36.0374190Z   [125/200] ✓ CF1207C — 10 段重译(0 段保留译文)
2026-10-04T08:46:44.1281028Z   [126/200] ✓ CF1209G1 — 9 段重译(0 段保留译文)
2026-10-04T08:47:06.2664238Z   [127/200] ✓ CF1210A — 4 段重译(0 段保留译文)
2026-10-04T08:47:14.5788253Z   [128/200] ✓ CF1210B — 8 段重译(0 段保留译文)
2026-10-04T08:47:21.8165400Z   [129/200] ✓ CF1217C — 10 段重译(0 段保留译文)
2026-10-04T08:47:30.0488120Z   [130/200] ✓ CF1219C — 7 段重译(0 段保留译文)
2026-10-04T08:47:38.4235536Z   [131/200] ✓ CF1219G — 3 段重译(0 段保留译文)
2026-10-04T08:47:46.6008454Z   [132/200] ✓ CF1220D — 6 段重译(0 段保留译文)
2026-10-04T08:47:54.8260972Z   [133/200] ✓ CF1223C — 19 段重译(0 段保留译文)
2026-10-04T08:48:02.2922268Z   [134/200] ✓ CF1225E — 7 段重译(0 段保留译文)
2026-10-04T08:48:10.0396366Z   [135/200] ✓ CF1227C — 19 段重译(0 段保留译文)
2026-10-04T08:48:18.1431681Z   [136/200] ✓ CF1227D2 — 22 段重译(0 段保留译文)
2026-10-04T08:48:25.7151713Z   [137/200] ✓ CF1231E — 21 段重译(0 段保留译文)
2026-10-04T08:48:33.7769490Z   [138/200] ✓ CF1237C2 — 9 段重译(0 段保留译文)
2026-10-04T08:48:41.6121443Z   [139/200] ✓ CF1238C — 11 段重译(0 段保留译文)
2026-10-04T08:48:48.6265951Z   [140/200] ✓ CF1238F — 9 段重译(0 段保留译文)
2026-10-04T08:48:56.6076716Z   [141/200] ✓ CF1243B2 — 8 段重译(0 段保留译文)
2026-10-04T08:49:04.7862413Z   [142/200] ✓ CF1249D2 — 6 段重译(0 段保留译文)
2026-10-04T08:49:12.0229453Z   [143/200] ✓ CF1252B — 11 段重译(0 段保留译文)
2026-10-04T08:49:19.8502992Z   [144/200] ✓ CF1252C — 9 段重译(0 段保留译文)
2026-10-04T08:49:27.4965703Z   [145/200] ✓ CF1252H — 13 段重译(0 段保留译文)
2026-10-04T08:49:35.7417776Z   [146/200] ✓ CF1254A — 11 段重译(0 段保留译文)
2026-10-04T08:49:44.4609507Z   [147/200] ✓ CF1255C — 9 段重译(0 段保留译文)
2026-10-04T08:49:53.5419887Z   [148/200] ✓ CF1257D — 10 段重译(0 段保留译文)
2026-10-04T08:50:01.3686495Z   [149/200] ✓ CF1260C — 8 段重译(0 段保留译文)
2026-10-04T08:50:09.5792512Z   [150/200] ✓ CF1260D — 20 段重译(0 段保留译文)
2026-10-04T08:50:18.1866359Z   [151/200] ✓ CF1267E — 3 段重译(0 段保留译文)
2026-10-04T08:50:39.8178786Z   [152/200] ✓ CF1267J — 9 段重译(0 段保留译文)
2026-10-04T08:50:46.8400937Z   [153/200] ✓ CF1267K — 4 段重译(0 段保留译文)
2026-10-04T08:50:54.6422485Z   [154/200] ✓ CF1270D — 19 段重译(0 段保留译文)
2026-10-04T08:51:02.3058142Z   [155/200] ✓ CF1277D — 9 段重译(0 段保留译文)
2026-10-04T08:51:11.6899232Z   [156/200] ✓ CF1278C — 10 段重译(0 段保留译文)
2026-10-04T08:51:20.0628023Z   [157/200] ✓ CF1279D — 9 段重译(0 段保留译文)
2026-10-04T08:51:28.1657946Z   [158/200] ✓ CF1280A — 41 段重译(0 段保留译文)
2026-10-04T08:51:35.9278944Z   [159/200] ✓ CF1280B — 11 段重译(0 段保留译文)
2026-10-04T08:51:43.7434208Z   [160/200] ✓ CF1280C — 21 段重译(0 段保留译文)
2026-10-04T08:51:52.0924011Z   [161/200] ✓ CF1281B — 8 段重译(0 段保留译文)
2026-10-04T08:52:00.0699962Z   [162/200] ✓ CF1282B2 — 13 段重译(0 段保留译文)
2026-10-04T08:52:08.0295226Z   [163/200] ✓ CF1282E — 15 段重译(0 段保留译文)
2026-10-04T08:52:14.9297140Z   [164/200] ✓ CF1286B — 6 段重译(0 段保留译文)
2026-10-04T08:52:22.8410875Z   [165/200] ✓ CF1290B — 13 段重译(0 段保留译文)
2026-10-04T08:52:31.6817580Z   [166/200] ✓ CF1292B — 18 段重译(0 段保留译文)
2026-10-04T08:52:40.3143888Z   [167/200] ✓ CF1310A — 5 段重译(0 段保留译文)
2026-10-04T08:52:48.4878811Z   [168/200] ✓ CF1320B — 13 段重译(0 段保留译文)
2026-10-04T08:52:56.9736355Z   [169/200] ✓ CF1320C — 6 段重译(0 段保留译文)
2026-10-04T08:53:04.2695267Z   [170/200] ✓ CF1321C — 15 段重译(0 段保留译文)
2026-10-04T08:53:12.1355024Z   [171/200] ✓ CF1329B — 9 段重译(0 段保留译文)
2026-10-04T08:53:19.4007009Z   [172/200] ✓ CF1340B — 10 段重译(0 段保留译文)
2026-10-04T08:53:28.1028561Z   [173/200] ✓ CF1368C — 7 段重译(0 段保留译文)
2026-10-04T08:53:36.4321527Z   [174/200] ✓ CF1387A — 11 段重译(0 段保留译文)
2026-10-04T08:53:43.6751105Z   [175/200] ✓ CF1413D — 7 段重译(0 段保留译文)
2026-10-04T08:53:51.4331366Z   [176/200] ✓ CF1423B — 6 段重译(0 段保留译文)
2026-10-04T08:54:14.8908235Z   [177/200] ✓ CF1442B — 20 段重译(0 段保留译文)
2026-10-04T08:54:23.3777910Z   [178/200] ✓ CF1452D — 14 段重译(0 段保留译文)
2026-10-04T08:54:30.2543881Z   [179/200] ✓ CF1453C — 15 段重译(0 段保留译文)
2026-10-04T08:54:38.9371298Z   [180/200] ✓ CF1461D — 23 段重译(0 段保留译文)
2026-10-04T08:54:47.3068345Z   [181/200] ✓ CF1463D — 13 段重译(0 段保留译文)
2026-10-04T08:54:54.7328307Z   [182/200] ✓ CF1468A — 9 段重译(0 段保留译文)
2026-10-04T08:55:01.9676994Z   [183/200] ✓ CF1468D — 14 段重译(0 段保留译文)
2026-10-04T08:55:09.6786100Z   [184/200] ✓ CF1468F — 6 段重译(0 段保留译文)
2026-10-04T08:55:16.6169797Z   [185/200] ✓ CF1468J — 13 段重译(0 段保留译文)
2026-10-04T08:55:23.8247757Z   [186/200] ✓ CF1468K — 11 段重译(0 段保留译文)
2026-10-04T08:55:32.5388007Z   [187/200] ✓ CF1472E — 18 段重译(0 段保留译文)
2026-10-04T08:55:40.8527881Z   [188/200] ✓ CF1482C — 9 段重译(0 段保留译文)
2026-10-04T08:55:48.5133158Z   [189/200] ✓ CF1482D — 12 段重译(0 段保留译文)
2026-10-04T08:55:55.7401413Z   [190/200] ✓ CF1498C — 21 段重译(0 段保留译文)
2026-10-04T08:56:03.2445789Z   [191/200] ✓ CF1498E — 7 段重译(0 段保留译文)
2026-10-04T08:56:11.1013538Z   [192/200] ✓ CF1512E — 12 段重译(0 段保留译文)
2026-10-04T08:56:19.3609879Z   [193/200] ✓ CF1512G — 7 段重译(0 段保留译文)
2026-10-04T08:56:27.4701093Z   [194/200] ✓ CF1523C — 17 段重译(0 段保留译文)
2026-10-04T08:56:35.4125393Z   [195/200] ✓ CF1525E — 14 段重译(0 段保留译文)
2026-10-04T08:56:42.4645605Z   [196/200] ✓ CF1526E — 7 段重译(0 段保留译文)
2026-10-04T08:56:50.5179309Z   [197/200] ✓ CF1530D — 11 段重译(0 段保留译文)
2026-10-04T08:56:58.2626793Z   [198/200] ✓ CF1547E — 19 段重译(0 段保留译文)
2026-10-04T08:57:05.4335015Z   [199/200] ✓ CF1561D1 — 11 段重译(0 段保留译文)
2026-10-04T08:57:13.1967850Z   [200/200] ✓ CF1569D — 14 段重译(0 段保留译文)
2026-10-04T08:57:13.3130509Z 
2026-10-04T08:57:13.3131212Z Done: 200 repaired, 0 failed; translations: 2018 cleared, 0 kept.
2026-10-04T08:57:13.3349808Z ##[group]Run CF_STATEMENTS=0 TRANSLATE=0 node scripts/update-data.mjs
2026-10-04T08:57:13.3350345Z [36;1mCF_STATEMENTS=0 TRANSLATE=0 node scripts/update-data.mjs[0m
2026-10-04T08:57:13.3413328Z shell: /usr/bin/bash -e {0}
2026-10-04T08:57:13.3413610Z ##[endgroup]
2026-10-04T08:57:13.4640597Z Discovering daily problem folders...
2026-10-04T08:57:14.2480898Z Found 813 days, syncing the most recent 813.
2026-10-04T08:57:14.8382418Z   2026-10-03: 2 problems
2026-10-04T08:57:15.0943935Z   2026-10-02: 2 problems
2026-10-04T08:57:15.3691276Z   2026-10-01: 2 problems
2026-10-04T08:57:15.6267224Z   2026-09-30: 2 problems
2026-10-04T08:57:15.9036301Z   2026-09-29: 2 problems
2026-10-04T08:57:16.1783142Z   2026-09-28: 2 problems
2026-10-04T08:57:16.4338467Z   2026-09-26: 2 problems
2026-10-04T08:57:16.6834900Z   2026-09-25: 2 problems
2026-10-04T08:57:16.9509501Z   2026-09-24: 2 problems
2026-10-04T08:57:17.2319806Z   2026-09-23: 2 problems
2026-10-04T08:57:17.5181966Z   2026-09-22: 2 problems
2026-10-04T08:57:17.7816866Z   2026-09-21: 2 problems
2026-10-04T08:57:18.0430340Z   2026-09-19: 2 problems
2026-10-04T08:57:18.3084016Z   2026-09-18: 2 problems
2026-10-04T08:57:18.5833664Z   2026-09-17: 2 problems
2026-10-04T08:57:18.8503768Z   2026-09-16: 2 problems
2026-10-04T08:57:19.1418294Z   2026-09-15: 2 problems
2026-10-04T08:57:19.3415600Z   2026-09-14: 2 problems
2026-10-04T08:57:19.6535106Z   2026-09-12: 2 problems
2026-10-04T08:57:19.9446581Z   2026-09-11: 2 problems
2026-10-04T08:57:20.2038431Z   2026-09-10: 2 problems
2026-10-04T08:57:20.5228182Z   2026-09-09: 2 problems
2026-10-04T08:57:20.7738517Z   2026-09-08: 2 problems
2026-10-04T08:57:21.0405659Z   2026-09-07: 2 problems
2026-10-04T08:57:21.2970513Z   2026-09-05: 2 problems
2026-10-04T08:57:21.5756111Z   2026-09-04: 2 problems
2026-10-04T08:57:21.8406757Z   2026-09-03: 2 problems
2026-10-04T08:57:22.1017124Z   2026-09-02: 2 problems
2026-10-04T08:57:22.3605977Z   2026-09-01: 2 problems
2026-10-04T08:57:22.6228650Z   2026-08-31: 2 problems
2026-10-04T08:57:22.8917908Z   2026-08-29: 2 problems
2026-10-04T08:57:23.1673392Z   2026-08-28: 2 problems
2026-10-04T08:57:23.4312361Z   2026-08-27: 2 problems
2026-10-04T08:57:23.7050804Z   2026-08-26: 2 problems
2026-10-04T08:57:24.0088501Z   2026-08-25: 2 problems
2026-10-04T08:57:24.3053788Z   2026-08-24: 2 problems
2026-10-04T08:57:24.5645301Z   2026-08-22: 2 problems
2026-10-04T08:57:24.8294561Z   2026-08-21: 2 problems
2026-10-04T08:57:25.0883270Z   2026-08-20: 2 problems
2026-10-04T08:57:25.3399740Z   2026-08-19: 2 problems
2026-10-04T08:57:25.6021371Z   2026-08-18: 2 problems
2026-10-04T08:57:25.8842111Z   2026-08-17: 2 problems
2026-10-04T08:57:26.1387314Z   2026-08-15: 2 problems
2026-10-04T08:57:26.3953419Z   2026-08-14: 2 problems
2026-10-04T08:57:26.6729519Z   2026-08-13: 2 problems
2026-10-04T08:57:26.9444452Z   2026-08-12: 2 problems
2026-10-04T08:57:27.2190890Z   2026-08-11: 2 problems
2026-10-04T08:57:27.4893003Z   2026-08-10: 2 problems
2026-10-04T08:57:27.7565848Z   2026-08-08: 2 problems
2026-10-04T08:57:28.0681998Z   2026-08-07: 2 problems
2026-10-04T08:57:28.3462974Z   2026-08-06: 2 problems
2026-10-04T08:57:28.6103372Z   2026-08-05: 2 problems
2026-10-04T08:57:28.8609716Z   2026-08-04: 2 problems
2026-10-04T08:57:29.1285533Z   2026-08-03: 2 problems
2026-10-04T08:57:29.3943443Z   2026-08-01: 2 problems
2026-10-04T08:57:29.5722692Z   2026-07-31: 2 problems
2026-10-04T08:57:29.8281067Z   2026-07-30: 2 problems
2026-10-04T08:57:30.1143038Z   2026-07-29: 2 problems
2026-10-04T08:57:30.3903636Z   2026-07-28: 2 problems
2026-10-04T08:57:30.6674197Z   2026-07-27: 2 problems
2026-10-04T08:57:30.9377931Z   2026-07-25: 2 problems
2026-10-04T08:57:31.2266669Z   2026-07-24: 2 problems
2026-10-04T08:57:31.4858864Z   2026-07-23: 2 problems
2026-10-04T08:57:31.7498723Z   2026-07-22: 2 problems
2026-10-04T08:57:32.0443514Z   2026-07-21: 2 problems
2026-10-04T08:57:32.3029585Z   2026-07-16: 2 problems
2026-10-04T08:57:32.5688324Z   2026-07-15: 2 problems
2026-10-04T08:57:32.8315255Z   2026-07-14: 2 problems
2026-10-04T08:57:33.0929262Z   2026-07-13: 2 problems
2026-10-04T08:57:33.3600428Z   2026-07-11: 2 problems
2026-10-04T08:57:33.6165547Z   2026-07-10: 2 problems
2026-10-04T08:57:33.8853370Z   2026-07-09: 2 problems
2026-10-04T08:57:34.1535479Z   2026-07-08: 2 problems
2026-10-04T08:57:34.4334880Z   2026-07-07: 2 problems
2026-10-04T08:57:34.6899827Z   2026-07-06: 2 problems
2026-10-04T08:57:34.9589711Z   2026-07-04: 2 problems
2026-10-04T08:57:35.2418113Z   2026-07-03: 2 problems
2026-10-04T08:57:35.5179634Z   2026-07-02: 2 problems
2026-10-04T08:57:35.7896645Z   2026-07-01: 2 problems
2026-10-04T08:57:36.0771460Z   2026-06-30: 2 problems
2026-10-04T08:57:36.3320943Z   2026-06-29: 2 problems
2026-10-04T08:57:36.6093919Z   2026-06-27: 2 problems
2026-10-04T08:57:36.8658843Z   2026-06-26: 2 problems
2026-10-04T08:57:37.1306408Z   2026-06-25: 2 problems
2026-10-04T08:57:37.4254972Z   2026-06-24: 2 problems
2026-10-04T08:57:37.6878921Z   2026-06-23: 2 problems
2026-10-04T08:57:37.9543914Z   2026-06-22: 2 problems
2026-10-04T08:57:38.1204715Z   2026-06-20: 1 problems
2026-10-04T08:57:38.3844918Z   2026-06-19: 2 problems
2026-10-04T08:57:38.6397325Z   2026-06-18: 2 problems
2026-10-04T08:57:38.8979850Z   2026-06-17: 2 problems
2026-10-04T08:57:39.1799781Z   2026-06-16: 2 problems
2026-10-04T08:57:39.4490028Z   2026-06-15: 2 problems
2026-10-04T08:57:39.7120423Z   2026-06-13: 2 problems
2026-10-04T08:57:39.9806029Z   2026-06-12: 2 problems
2026-10-04T08:57:40.2495415Z   2026-06-11: 2 problems
2026-10-04T08:57:40.5076987Z   2026-06-10: 2 problems
2026-10-04T08:57:40.7781925Z   2026-06-09: 2 problems
2026-10-04T08:57:41.0353127Z   2026-06-08: 2 problems
2026-10-04T08:57:41.2929881Z   2026-06-06: 2 problems
2026-10-04T08:57:41.5620168Z   2026-06-05: 2 problems
2026-10-04T08:57:41.8316236Z   2026-06-04: 2 problems
2026-10-04T08:57:41.9175950Z   2026-06-03: 2 problems
2026-10-04T08:57:42.1973895Z   2026-06-02: 2 problems
2026-10-04T08:57:42.4783271Z   2026-06-01: 2 problems
2026-10-04T08:57:42.7696134Z   2026-05-30: 2 problems
2026-10-04T08:57:43.0447389Z   2026-05-29: 2 problems
2026-10-04T08:57:43.3113794Z   2026-05-28: 2 problems
2026-10-04T08:57:43.5652089Z   2026-05-27: 2 problems
2026-10-04T08:57:43.7428881Z   2026-05-26: 2 problems
2026-10-04T08:57:44.0049312Z   2026-05-25: 2 problems
2026-10-04T08:57:44.2795993Z   2026-05-23: 2 problems
2026-10-04T08:57:44.5490536Z   2026-05-22: 2 problems
2026-10-04T08:57:44.8182940Z   2026-05-21: 2 problems
2026-10-04T08:57:45.0730747Z   2026-05-20: 2 problems
2026-10-04T08:57:45.3367023Z   2026-05-19: 2 problems
2026-10-04T08:57:45.6030728Z   2026-05-18: 2 problems
2026-10-04T08:57:45.8918686Z   2026-05-16: 2 problems
2026-10-04T08:57:46.1689435Z   2026-05-15: 2 problems
2026-10-04T08:57:46.4534817Z   2026-05-14: 2 problems
2026-10-04T08:57:46.7269857Z   2026-05-13: 2 problems
2026-10-04T08:57:46.9985985Z   2026-05-12: 2 problems
2026-10-04T08:57:47.2582331Z   2026-05-11: 2 problems
2026-10-04T08:57:47.5219861Z   2026-05-09: 2 problems
2026-10-04T08:57:47.7847358Z   2026-05-08: 2 problems
2026-10-04T08:57:48.0431562Z   2026-05-07: 2 problems
2026-10-04T08:57:48.2991246Z   2026-05-06: 2 problems
2026-10-04T08:57:48.5570612Z   2026-05-05: 2 problems
2026-10-04T08:57:48.8223918Z   2026-05-04: 2 problems
2026-10-04T08:57:49.0896304Z   2026-05-02: 2 problems
2026-10-04T08:57:49.3835745Z   2026-05-01: 2 problems
2026-10-04T08:57:49.6396879Z   2026-04-30: 2 problems
2026-10-04T08:57:49.9042974Z   2026-04-29: 2 problems
2026-10-04T08:57:50.2123130Z   2026-04-28: 2 problems
2026-10-04T08:57:50.5203689Z   2026-04-27: 2 problems
2026-10-04T08:57:50.7812352Z   2026-04-25: 2 problems
2026-10-04T08:57:51.0332478Z   2026-04-24: 2 problems
2026-10-04T08:57:51.3255838Z   2026-04-23: 2 problems
2026-10-04T08:57:51.5977281Z   2026-04-22: 2 problems
2026-10-04T08:57:51.8582520Z   2026-04-21: 2 problems
2026-10-04T08:57:52.1227841Z   2026-04-20: 2 problems
2026-10-04T08:57:52.3804297Z   2026-04-18: 2 problems
2026-10-04T08:57:52.6361411Z   2026-04-17: 2 problems
2026-10-04T08:57:52.9125627Z   2026-04-16: 2 problems
2026-10-04T08:57:53.1780725Z   2026-04-15: 2 problems
2026-10-04T08:57:53.4474102Z   2026-04-14: 2 problems
2026-10-04T08:57:53.7148637Z   2026-04-13: 2 problems
2026-10-04T08:57:53.9934555Z   2026-04-11: 2 problems
2026-10-04T08:57:54.2550037Z   2026-04-10: 2 problems
2026-10-04T08:57:54.5345830Z   2026-04-09: 2 problems
2026-10-04T08:57:54.7140805Z   2026-04-08: 2 problems
2026-10-04T08:57:54.9625838Z   2026-04-07: 2 problems
2026-10-04T08:57:55.2391936Z   2026-04-06: 2 problems
2026-10-04T08:57:55.4961881Z   2026-04-04: 2 problems
2026-10-04T08:57:55.7662812Z   2026-04-03: 2 problems
2026-10-04T08:57:56.0443694Z   2026-04-02: 2 problems
2026-10-04T08:57:56.3132735Z   2026-04-01: 2 problems
2026-10-04T08:57:56.5967819Z   2026-03-31: 2 problems
2026-10-04T08:57:56.8463518Z   2026-03-30: 2 problems
2026-10-04T08:57:57.1002491Z   2026-03-28: 2 problems
2026-10-04T08:57:57.4000349Z   2026-03-27: 2 problems
2026-10-04T08:57:57.6516003Z   2026-03-26: 2 problems
2026-10-04T08:57:57.8991304Z   2026-03-25: 2 problems
2026-10-04T08:57:58.1712811Z   2026-03-24: 2 problems
2026-10-04T08:57:58.4317460Z   2026-03-23: 2 problems
2026-10-04T08:57:58.7078285Z   2026-03-21: 2 problems
2026-10-04T08:57:58.9587634Z   2026-03-20: 2 problems
2026-10-04T08:57:59.2132478Z   2026-03-19: 2 problems
2026-10-04T08:57:59.4831180Z   2026-03-18: 2 problems
2026-10-04T08:57:59.7448022Z   2026-03-17: 2 problems
2026-10-04T08:58:00.0170062Z   2026-03-16: 2 problems
2026-10-04T08:58:00.3256400Z   2026-03-14: 2 problems
2026-10-04T08:58:00.5896564Z   2026-03-13: 2 problems
2026-10-04T08:58:00.8506727Z   2026-03-12: 2 problems
2026-10-04T08:58:01.1090533Z   2026-03-11: 2 problems
2026-10-04T08:58:01.4255203Z   2026-03-10: 2 problems
2026-10-04T08:58:01.6928753Z   2026-03-09: 2 problems
2026-10-04T08:58:01.9784577Z   2026-03-07: 2 problems
2026-10-04T08:58:02.2592848Z   2026-03-06: 2 problems
2026-10-04T08:58:02.5170640Z   2026-03-05: 2 problems
2026-10-04T08:58:02.7721468Z   2026-03-04: 2 problems
2026-10-04T08:58:03.0318572Z   2026-03-03: 2 problems
2026-10-04T08:58:03.2950141Z   2026-03-02: 2 problems
2026-10-04T08:58:03.5456008Z   2026-02-28: 2 problems
2026-10-04T08:58:03.8097910Z   2026-02-27: 2 problems
2026-10-04T08:58:04.0723418Z   2026-02-26: 2 problems
2026-10-04T08:58:04.3322103Z   2026-02-25: 2 problems
2026-10-04T08:58:04.5967431Z   2026-02-24: 2 problems
2026-10-04T08:58:04.8498261Z   2026-02-23: 2 problems
2026-10-04T08:58:05.1130403Z   2026-02-21: 2 problems
2026-10-04T08:58:05.4148417Z   2026-02-20: 2 problems
2026-10-04T08:58:05.6762456Z   2026-02-19: 2 problems
2026-10-04T08:58:05.9230265Z   2026-02-18: 2 problems
2026-10-04T08:58:06.1920838Z   2026-02-17: 2 problems
2026-10-04T08:58:06.4578147Z   2026-02-16: 2 problems
2026-10-04T08:58:06.7198048Z   2026-02-14: 2 problems
2026-10-04T08:58:07.0166994Z   2026-02-13: 2 problems
2026-10-04T08:58:07.2649817Z   2026-02-12: 2 problems
2026-10-04T08:58:07.5500139Z   2026-02-11: 2 problems
2026-10-04T08:58:07.8117036Z   2026-02-10: 2 problems
2026-10-04T08:58:08.0712715Z   2026-02-09: 2 problems
2026-10-04T08:58:08.3407016Z   2026-02-07: 2 problems
2026-10-04T08:58:08.6131251Z   2026-02-06: 2 problems
2026-10-04T08:58:08.8649661Z   2026-02-05: 2 problems
2026-10-04T08:58:09.1382269Z   2026-02-04: 2 problems
2026-10-04T08:58:09.4350001Z   2026-02-03: 2 problems
2026-10-04T08:58:09.7199956Z   2026-02-02: 2 problems
2026-10-04T08:58:10.0186320Z   2026-01-31: 2 problems
2026-10-04T08:58:10.3017723Z   2026-01-30: 2 problems
2026-10-04T08:58:10.5757288Z   2026-01-29: 2 problems
2026-10-04T08:58:10.8398217Z   2026-01-28: 2 problems
2026-10-04T08:58:11.1477880Z   2026-01-27: 2 problems
2026-10-04T08:58:11.4040298Z   2026-01-26: 2 problems
2026-10-04T08:58:11.6733664Z   2026-01-24: 2 problems
2026-10-04T08:58:11.9536676Z   2026-01-23: 2 problems
2026-10-04T08:58:12.1329397Z   2026-01-22: 2 problems
2026-10-04T08:58:12.4113932Z   2026-01-21: 2 problems
2026-10-04T08:58:12.6694165Z   2026-01-20: 2 problems
2026-10-04T08:58:12.9433998Z   2026-01-19: 2 problems
2026-10-04T08:58:13.2431482Z   2026-01-17: 2 problems
2026-10-04T08:58:13.5210947Z   2026-01-16: 2 problems
2026-10-04T08:58:13.7916911Z   2026-01-15: 2 problems
2026-10-04T08:58:14.0828048Z   2026-01-14: 2 problems
2026-10-04T08:58:14.3355866Z   2026-01-13: 2 problems
2026-10-04T08:58:14.5935446Z   2026-01-12: 2 problems
2026-10-04T08:58:14.8420998Z   2026-01-10: 2 problems
2026-10-04T08:58:15.1321711Z   2026-01-09: 2 problems
2026-10-04T08:58:15.4002194Z   2026-01-08: 2 problems
2026-10-04T08:58:15.6894543Z   2026-01-07: 2 problems
2026-10-04T08:58:15.9582897Z   2026-01-06: 2 problems
2026-10-04T08:58:16.2176146Z   2026-01-05: 2 problems
2026-10-04T08:58:16.5008119Z   2026-01-03: 2 problems
2026-10-04T08:58:16.7601733Z   2026-01-02: 2 problems
2026-10-04T08:58:17.0621629Z   2026-01-01: 2 problems
2026-10-04T08:58:17.3194082Z   2025-12-31: 2 problems
2026-10-04T08:58:17.5822682Z   2025-12-30: 2 problems
2026-10-04T08:58:17.8389542Z   2025-12-29: 2 problems
2026-10-04T08:58:18.0990854Z   2025-12-27: 2 problems
2026-10-04T08:58:18.3541258Z   2025-12-26: 2 problems
2026-10-04T08:58:18.6430389Z   2025-12-25: 2 problems
2026-10-04T08:58:19.0910556Z   2025-12-24: 2 problems
2026-10-04T08:58:19.3633022Z   2025-12-23: 2 problems
2026-10-04T08:58:19.8023573Z   2025-12-22: 2 problems
2026-10-04T08:58:20.1028022Z   2025-12-20: 2 problems
2026-10-04T08:58:20.4155012Z   2025-12-19: 2 problems
2026-10-04T08:58:20.7288276Z   2025-12-18: 2 problems
2026-10-04T08:58:20.9702460Z   2025-12-17: 2 problems
2026-10-04T08:58:21.2651063Z   2025-12-16: 2 problems
2026-10-04T08:58:21.5260944Z   2025-12-15: 2 problems
2026-10-04T08:58:21.7723282Z   2025-12-13: 2 problems
2026-10-04T08:58:22.0258165Z   2025-12-12: 2 problems
2026-10-04T08:58:22.2693178Z   2025-12-11: 2 problems
2026-10-04T08:58:22.5923416Z   2025-12-10: 2 problems
2026-10-04T08:58:22.8710249Z   2025-12-09: 2 problems
2026-10-04T08:58:23.0959281Z   2025-12-08: 2 problems
2026-10-04T08:58:23.3615835Z   2025-12-06: 2 problems
2026-10-04T08:58:23.6174684Z   2025-12-05: 2 problems
2026-10-04T08:58:23.8780472Z   2025-12-04: 2 problems
2026-10-04T08:58:24.1279742Z   2025-12-03: 2 problems
2026-10-04T08:58:24.4406594Z   2025-12-02: 2 problems
2026-10-04T08:58:24.6991355Z   2025-12-01: 2 problems
2026-10-04T08:58:24.9669685Z   2025-11-29: 2 problems
2026-10-04T08:58:25.2175909Z   2025-11-28: 2 problems
2026-10-04T08:58:25.4895355Z   2025-11-27: 2 problems
2026-10-04T08:58:25.7413839Z   2025-11-26: 2 problems
2026-10-04T08:58:25.9887899Z   2025-11-25: 2 problems
2026-10-04T08:58:26.3066817Z   2025-11-24: 2 problems
2026-10-04T08:58:26.6099115Z   2025-11-22: 2 problems
2026-10-04T08:58:26.8655321Z   2025-11-21: 2 problems
2026-10-04T08:58:27.1092514Z   2025-11-20: 2 problems
2026-10-04T08:58:27.3718143Z   2025-11-19: 2 problems
2026-10-04T08:58:27.6497264Z   2025-11-18: 2 problems
2026-10-04T08:58:27.9145608Z   2025-11-17: 2 problems
2026-10-04T08:58:28.1631517Z   2025-11-15: 2 problems
2026-10-04T08:58:28.4234739Z   2025-11-14: 2 problems
2026-10-04T08:58:28.7238282Z   2025-11-13: 2 problems
2026-10-04T08:58:28.9746969Z   2025-11-12: 2 problems
2026-10-04T08:58:29.2572297Z   2025-11-11: 2 problems
2026-10-04T08:58:29.5110195Z   2025-11-10: 2 problems
2026-10-04T08:58:29.8190405Z   2025-11-08: 2 problems
2026-10-04T08:58:30.1327927Z   2025-11-07: 2 problems
2026-10-04T08:58:30.4103495Z   2025-11-06: 2 problems
2026-10-04T08:58:30.6726086Z   2025-11-05: 2 problems
2026-10-04T08:58:30.9284066Z   2025-11-04: 2 problems
2026-10-04T08:58:31.1810170Z   2025-11-03: 2 problems
2026-10-04T08:58:31.4450947Z   2025-11-01: 2 problems
2026-10-04T08:58:31.6139003Z   2025-10-31: 2 problems
2026-10-04T08:58:31.9053764Z   2025-10-30: 2 problems
2026-10-04T08:58:32.1704620Z   2025-10-29: 2 problems
2026-10-04T08:58:32.4153149Z   2025-10-28: 2 problems
2026-10-04T08:58:32.6770837Z   2025-10-27: 2 problems
2026-10-04T08:58:32.9377671Z   2025-10-25: 2 problems
2026-10-04T08:58:33.2038286Z   2025-10-24: 2 problems
2026-10-04T08:58:33.4586715Z   2025-10-23: 2 problems
2026-10-04T08:58:33.6966379Z   2025-10-22: 2 problems
2026-10-04T08:58:33.9398023Z   2025-10-21: 2 problems
2026-10-04T08:58:34.3000166Z   2025-10-20: 2 problems
2026-10-04T08:58:34.5862386Z   2025-10-18: 2 problems
2026-10-04T08:58:34.8320192Z   2025-10-17: 2 problems
2026-10-04T08:58:35.0830322Z   2025-10-16: 2 problems
2026-10-04T08:58:35.3436522Z   2025-10-15: 2 problems
2026-10-04T08:58:35.5898619Z   2025-10-14: 2 problems
2026-10-04T08:58:35.8907577Z   2025-10-13: 2 problems
2026-10-04T08:58:36.1475703Z   2025-10-11: 2 problems
2026-10-04T08:58:36.4260497Z   2025-10-10: 2 problems
2026-10-04T08:58:36.6739236Z   2025-10-09: 2 problems
2026-10-04T08:58:36.9433417Z   2025-10-08: 2 problems
2026-10-04T08:58:37.2195599Z   2025-10-07: 2 problems
2026-10-04T08:58:37.4928034Z   2025-10-06: 2 problems
2026-10-04T08:58:37.7623263Z   2025-10-04: 2 problems
2026-10-04T08:58:38.0118703Z   2025-10-03: 2 problems
2026-10-04T08:58:38.2766491Z   2025-10-02: 2 problems
2026-10-04T08:58:38.5226035Z   2025-10-01: 2 problems
2026-10-04T08:58:38.7779969Z   2025-09-30: 2 problems
2026-10-04T08:58:39.0377012Z   2025-09-29: 2 problems
2026-10-04T08:58:39.2903086Z   2025-09-27: 2 problems
2026-10-04T08:58:39.5567718Z   2025-09-26: 2 problems
2026-10-04T08:58:39.8030397Z   2025-09-25: 2 problems
2026-10-04T08:58:40.0588149Z   2025-09-24: 2 problems
2026-10-04T08:58:40.3393273Z   2025-09-23: 2 problems
2026-10-04T08:58:40.6157897Z   2025-09-22: 2 problems
2026-10-04T08:58:40.8821997Z   2025-09-20: 2 problems
2026-10-04T08:58:41.1358232Z   2025-09-19: 2 problems
2026-10-04T08:58:41.4084432Z   2025-09-18: 2 problems
2026-10-04T08:58:41.6772948Z   2025-09-17: 2 problems
2026-10-04T08:58:41.9318791Z   2025-09-16: 2 problems
2026-10-04T08:58:42.1766350Z   2025-09-15: 2 problems
2026-10-04T08:58:42.4309221Z   2025-09-13: 2 problems
2026-10-04T08:58:42.7073001Z   2025-09-12: 2 problems
2026-10-04T08:58:42.9685775Z   2025-09-11: 2 problems
2026-10-04T08:58:43.2436272Z   2025-09-10: 2 problems
2026-10-04T08:58:43.5455838Z   2025-09-09: 2 problems
2026-10-04T08:58:43.8026713Z   2025-09-08: 2 problems
2026-10-04T08:58:44.0609000Z   2025-09-06: 2 problems
2026-10-04T08:58:44.3003807Z   2025-09-05: 2 problems
2026-10-04T08:58:44.5559473Z   2025-09-04: 2 problems
2026-10-04T08:58:44.8117188Z   2025-09-03: 2 problems
2026-10-04T08:58:45.0731404Z   2025-09-02: 2 problems
2026-10-04T08:58:45.3232722Z   2025-09-01: 2 problems
2026-10-04T08:58:45.5695629Z   2025-08-30: 2 problems
2026-10-04T08:58:45.8139479Z   2025-08-29: 2 problems
2026-10-04T08:58:46.0764004Z   2025-08-28: 2 problems
2026-10-04T08:58:46.3161108Z   2025-08-27: 2 problems
2026-10-04T08:58:46.5833278Z   2025-08-26: 2 problems
2026-10-04T08:58:46.8283278Z   2025-08-25: 2 problems
2026-10-04T08:58:47.0708259Z   2025-08-23: 2 problems
2026-10-04T08:58:47.3223298Z   2025-08-22: 2 problems
2026-10-04T08:58:47.5720434Z   2025-08-21: 2 problems
2026-10-04T08:58:47.8181334Z   2025-08-20: 2 problems
2026-10-04T08:58:48.0822227Z   2025-08-19: 2 problems
2026-10-04T08:58:48.3328125Z   2025-08-18: 2 problems
2026-10-04T08:58:48.5873324Z   2025-08-16: 2 problems
2026-10-04T08:58:49.0014184Z   2025-08-15: 2 problems
2026-10-04T08:58:49.4099671Z   2025-08-14: 2 problems
2026-10-04T08:58:49.8248430Z   2025-08-13: 2 problems
2026-10-04T08:58:50.2371707Z   2025-08-12: 2 problems
2026-10-04T08:58:50.5195870Z   2025-08-11: 2 problems
2026-10-04T08:58:50.7986441Z   2025-08-09: 2 problems
2026-10-04T08:58:51.1278203Z   2025-08-08: 2 problems
2026-10-04T08:58:51.3818499Z   2025-08-07: 2 problems
2026-10-04T08:58:51.7255347Z   2025-08-06: 2 problems
2026-10-04T08:58:52.0703427Z   2025-08-05: 2 problems
2026-10-04T08:58:52.3569836Z   2025-08-04: 2 problems
2026-10-04T08:58:52.6502145Z   2025-08-02: 2 problems
2026-10-04T08:58:52.9143990Z   2025-08-01: 2 problems
2026-10-04T08:58:53.1913763Z   2025-07-31: 2 problems
2026-10-04T08:58:53.4793440Z   2025-07-30: 2 problems
2026-10-04T08:58:53.8096600Z   2025-07-29: 2 problems
2026-10-04T08:58:54.0761596Z   2025-07-28: 2 problems
2026-10-04T08:58:54.3518485Z   2025-07-26: 2 problems
2026-10-04T08:58:54.6097098Z   2025-07-25: 2 problems
2026-10-04T08:58:54.8817754Z   2025-07-24: 2 problems
2026-10-04T08:58:55.1613216Z   2025-07-23: 2 problems
2026-10-04T08:58:55.4317553Z   2025-07-22: 2 problems
2026-10-04T08:58:55.7153666Z   2025-07-21: 2 problems
2026-10-04T08:58:55.9879409Z   2025-07-19: 2 problems
2026-10-04T08:58:56.2416472Z   2025-07-18: 2 problems
2026-10-04T08:58:56.5208626Z   2025-07-17: 2 problems
2026-10-04T08:58:56.7922995Z   2025-07-16: 2 problems
2026-10-04T08:58:57.0526819Z   2025-07-15: 2 problems
2026-10-04T08:58:57.3307603Z   2025-07-14: 2 problems
2026-10-04T08:58:57.6091311Z   2025-07-12: 2 problems
2026-10-04T08:58:57.8880795Z   2025-07-11: 2 problems
2026-10-04T08:58:58.2410335Z   2025-07-10: 2 problems
2026-10-04T08:58:58.5048125Z   2025-07-09: 2 problems
2026-10-04T08:58:58.7577158Z   2025-07-08: 2 problems
2026-10-04T08:58:59.0122900Z   2025-07-07: 2 problems
2026-10-04T08:58:59.2767642Z   2025-07-05: 2 problems
2026-10-04T08:58:59.5342609Z   2025-07-04: 2 problems
2026-10-04T08:58:59.8156745Z   2025-07-03: 2 problems
2026-10-04T08:59:00.0719363Z   2025-07-02: 2 problems
2026-10-04T08:59:00.3678663Z   2025-07-01: 2 problems
2026-10-04T08:59:00.6312547Z   2025-06-30: 2 problems
2026-10-04T08:59:00.9505901Z   2025-06-28: 2 problems
2026-10-04T08:59:01.2123885Z   2025-06-27: 2 problems
2026-10-04T08:59:01.5068830Z   2025-06-26: 2 problems
2026-10-04T08:59:01.7821416Z   2025-06-25: 2 problems
2026-10-04T08:59:02.0599760Z   2025-06-24: 2 problems
2026-10-04T08:59:02.3372086Z   2025-06-23: 2 problems
2026-10-04T08:59:02.5214457Z   2025-06-21: 2 problems
2026-10-04T08:59:02.7789355Z   2025-06-20: 2 problems
2026-10-04T08:59:03.0425511Z   2025-06-19: 2 problems
2026-10-04T08:59:03.3098754Z   2025-06-18: 2 problems
2026-10-04T08:59:03.5977881Z   2025-06-17: 2 problems
2026-10-04T08:59:03.8677496Z   2025-06-16: 2 problems
2026-10-04T08:59:04.1321812Z   2025-06-14: 2 problems
2026-10-04T08:59:04.3886313Z   2025-06-13: 2 problems
2026-10-04T08:59:04.6901790Z   2025-06-12: 2 problems
2026-10-04T08:59:04.9464772Z   2025-06-11: 2 problems
2026-10-04T08:59:05.2094292Z   2025-06-10: 2 problems
2026-10-04T08:59:05.4618080Z   2025-06-09: 2 problems
2026-10-04T08:59:05.7309491Z   2025-06-07: 2 problems
2026-10-04T08:59:05.9943058Z   2025-06-06: 2 problems
2026-10-04T08:59:06.2583690Z   2025-06-05: 2 problems
2026-10-04T08:59:06.5439616Z   2025-06-04: 2 problems
2026-10-04T08:59:06.8158875Z   2025-06-03: 2 problems
2026-10-04T08:59:07.1072600Z   2025-06-02: 2 problems
2026-10-04T08:59:07.3660585Z   2025-05-31: 2 problems
2026-10-04T08:59:07.6253575Z   2025-05-30: 2 problems
2026-10-04T08:59:07.8929740Z   2025-05-29: 2 problems
2026-10-04T08:59:08.1562538Z   2025-05-28: 2 problems
2026-10-04T08:59:08.4123785Z   2025-05-27: 2 problems
2026-10-04T08:59:08.6986305Z   2025-05-26: 2 problems
2026-10-04T08:59:08.9671934Z   2025-05-24: 2 problems
2026-10-04T08:59:09.2236235Z   2025-05-23: 2 problems
2026-10-04T08:59:09.4990701Z   2025-05-22: 2 problems
2026-10-04T08:59:09.7956010Z   2025-05-21: 2 problems
2026-10-04T08:59:10.0489416Z   2025-05-20: 2 problems
2026-10-04T08:59:10.3226832Z   2025-05-19: 2 problems
2026-10-04T08:59:10.5784220Z   2025-05-17: 2 problems
2026-10-04T08:59:10.8585018Z   2025-05-16: 2 problems
2026-10-04T08:59:11.1338937Z   2025-05-15: 2 problems
2026-10-04T08:59:11.3906435Z   2025-05-14: 2 problems
2026-10-04T08:59:11.6524242Z   2025-05-13: 2 problems
2026-10-04T08:59:11.9104185Z   2025-05-12: 2 problems
2026-10-04T08:59:12.1672038Z   2025-05-10: 2 problems
2026-10-04T08:59:12.4244037Z   2025-05-09: 2 problems
2026-10-04T08:59:12.6981846Z   2025-05-08: 2 problems
2026-10-04T08:59:12.9744192Z   2025-05-07: 2 problems
2026-10-04T08:59:13.2273577Z   2025-05-06: 2 problems
2026-10-04T08:59:13.4961836Z   2025-05-05: 2 problems
2026-10-04T08:59:13.7585945Z   2025-05-03: 2 problems
2026-10-04T08:59:14.0240358Z   2025-05-02: 2 problems
2026-10-04T08:59:14.2781698Z   2025-05-01: 2 problems
2026-10-04T08:59:14.5402282Z   2025-04-30: 2 problems
2026-10-04T08:59:14.8184384Z   2025-04-29: 2 problems
2026-10-04T08:59:15.0834170Z   2025-04-28: 2 problems
2026-10-04T08:59:15.3507298Z   2025-04-26: 2 problems
2026-10-04T08:59:15.6660751Z   2025-04-25: 2 problems
2026-10-04T08:59:15.9336138Z   2025-04-24: 2 problems
2026-10-04T08:59:16.2136492Z   2025-04-23: 2 problems
2026-10-04T08:59:16.4864278Z   2025-04-22: 2 problems
2026-10-04T08:59:16.7392237Z   2025-04-21: 2 problems
2026-10-04T08:59:16.9974509Z   2025-04-19: 2 problems
2026-10-04T08:59:17.3308920Z   2025-04-18: 2 problems
2026-10-04T08:59:17.6177793Z   2025-04-17: 2 problems
2026-10-04T08:59:17.8841487Z   2025-04-16: 2 problems
2026-10-04T08:59:18.1663023Z   2025-04-15: 2 problems
2026-10-04T08:59:18.4497981Z   2025-04-14: 2 problems
2026-10-04T08:59:18.7361937Z   2025-04-12: 2 problems
2026-10-04T08:59:19.0033684Z   2025-04-11: 2 problems
2026-10-04T08:59:19.2706838Z   2025-04-10: 2 problems
2026-10-04T08:59:19.5433640Z   2025-04-09: 2 problems
2026-10-04T08:59:19.8176485Z   2025-04-08: 2 problems
2026-10-04T08:59:20.1552253Z   2025-04-07: 2 problems
2026-10-04T08:59:20.4127783Z   2025-04-05: 2 problems
2026-10-04T08:59:20.6702990Z   2025-04-04: 2 problems
2026-10-04T08:59:20.9433838Z   2025-04-03: 2 problems
2026-10-04T08:59:21.2232433Z   2025-04-02: 2 problems
2026-10-04T08:59:21.5100261Z   2025-04-01: 2 problems
2026-10-04T08:59:21.7642175Z   2025-03-31: 2 problems
2026-10-04T08:59:22.0656241Z   2025-03-29: 2 problems
2026-10-04T08:59:22.3197218Z   2025-03-28: 2 problems
2026-10-04T08:59:22.5999067Z   2025-03-27: 2 problems
2026-10-04T08:59:22.8641199Z   2025-03-26: 2 problems
2026-10-04T08:59:23.1498091Z   2025-03-25: 2 problems
2026-10-04T08:59:23.4205300Z   2025-03-24: 2 problems
2026-10-04T08:59:23.6963079Z   2025-03-22: 2 problems
2026-10-04T08:59:23.9540042Z   2025-03-21: 2 problems
2026-10-04T08:59:24.2103707Z   2025-03-20: 2 problems
2026-10-04T08:59:24.4763843Z   2025-03-19: 2 problems
2026-10-04T08:59:24.7499102Z   2025-03-18: 2 problems
2026-10-04T08:59:25.0166223Z   2025-03-17: 2 problems
2026-10-04T08:59:25.2743649Z   2025-03-15: 2 problems
2026-10-04T08:59:25.5317116Z   2025-03-14: 2 problems
2026-10-04T08:59:25.8262006Z   2025-03-13: 2 problems
2026-10-04T08:59:26.1003911Z   2025-03-12: 2 problems
2026-10-04T08:59:26.3659016Z   2025-03-11: 2 problems
2026-10-04T08:59:26.6309542Z   2025-03-10: 2 problems
2026-10-04T08:59:26.8881148Z   2025-03-08: 2 problems
2026-10-04T08:59:27.1528124Z   2025-03-07: 2 problems
2026-10-04T08:59:27.4202063Z   2025-03-06: 2 problems
2026-10-04T08:59:27.6808776Z   2025-03-05: 2 problems
2026-10-04T08:59:27.9470999Z   2025-03-04: 2 problems
2026-10-04T08:59:28.2181685Z   2025-03-03: 2 problems
2026-10-04T08:59:28.4878482Z   2025-03-01: 2 problems
2026-10-04T08:59:28.7583836Z   2025-02-28: 2 problems
2026-10-04T08:59:29.0459130Z   2025-02-27: 2 problems
2026-10-04T08:59:29.3022098Z   2025-02-26: 2 problems
2026-10-04T08:59:29.5573311Z   2025-02-25: 2 problems
2026-10-04T08:59:29.8119877Z   2025-02-24: 2 problems
2026-10-04T08:59:30.0870748Z   2025-02-22: 2 problems
2026-10-04T08:59:30.3768578Z   2025-02-21: 2 problems
2026-10-04T08:59:30.6273433Z   2025-02-20: 2 problems
2026-10-04T08:59:30.9004110Z   2025-02-19: 2 problems
2026-10-04T08:59:31.1843967Z   2025-02-18: 2 problems
2026-10-04T08:59:31.4429558Z   2025-02-17: 2 problems
2026-10-04T08:59:31.6948627Z   2025-02-15: 2 problems
2026-10-04T08:59:31.9933428Z   2025-02-14: 2 problems
2026-10-04T08:59:32.2594211Z   2025-02-13: 2 problems
2026-10-04T08:59:32.5142174Z   2025-02-12: 2 problems
2026-10-04T08:59:32.7708382Z   2025-02-11: 2 problems
2026-10-04T08:59:33.0385724Z   2025-02-10: 2 problems
2026-10-04T08:59:33.3018534Z   2025-02-08: 2 problems
2026-10-04T08:59:33.5539974Z   2025-02-07: 2 problems
2026-10-04T08:59:33.8130870Z   2025-02-06: 2 problems
2026-10-04T08:59:34.0843888Z   2025-02-05: 2 problems
2026-10-04T08:59:34.3522253Z   2025-02-04: 2 problems
2026-10-04T08:59:34.6042113Z   2025-02-03: 2 problems
2026-10-04T08:59:34.9490210Z   2025-02-01: 2 problems
2026-10-04T08:59:35.2036199Z   2025-01-31: 2 problems
2026-10-04T08:59:35.4657023Z   2025-01-30: 2 problems
2026-10-04T08:59:35.7249203Z   2025-01-29: 2 problems
2026-10-04T08:59:35.9795429Z   2025-01-28: 2 problems
2026-10-04T08:59:36.2390351Z   2025-01-27: 2 problems
2026-10-04T08:59:36.4877790Z   2025-01-25: 2 problems
2026-10-04T08:59:36.7839070Z   2025-01-24: 2 problems
2026-10-04T08:59:37.0764893Z   2025-01-23: 2 problems
2026-10-04T08:59:37.3401272Z   2025-01-22: 2 problems
2026-10-04T08:59:37.6127424Z   2025-01-21: 2 problems
2026-10-04T08:59:37.8805934Z   2025-01-20: 2 problems
2026-10-04T08:59:38.1673093Z   2025-01-18: 2 problems
2026-10-04T08:59:38.4270336Z   2025-01-17: 2 problems
2026-10-04T08:59:38.6998285Z   2025-01-16: 2 problems
2026-10-04T08:59:39.0591183Z   2025-01-15: 2 problems
2026-10-04T08:59:39.3196209Z   2025-01-14: 2 problems
2026-10-04T08:59:39.5774521Z   2025-01-13: 2 problems
2026-10-04T08:59:39.8499210Z   2025-01-11: 2 problems
2026-10-04T08:59:40.1205273Z   2025-01-10: 2 problems
2026-10-04T08:59:40.3776577Z   2025-01-09: 2 problems
2026-10-04T08:59:40.6621861Z   2025-01-08: 2 problems
2026-10-04T08:59:40.9355878Z   2025-01-07: 2 problems
2026-10-04T08:59:41.1983808Z   2025-01-06: 2 problems
2026-10-04T08:59:41.4517052Z   2025-01-04: 2 problems
2026-10-04T08:59:41.7273712Z   2025-01-03: 2 problems
2026-10-04T08:59:42.0026078Z   2025-01-02: 2 problems
2026-10-04T08:59:42.2706357Z   2025-01-01: 2 problems
2026-10-04T08:59:42.5303949Z   2024-12-31: 2 problems
2026-10-04T08:59:42.7913028Z   2024-12-30: 2 problems
2026-10-04T08:59:43.0874041Z   2024-12-28: 2 problems
2026-10-04T08:59:43.3556772Z   2024-12-27: 2 problems
2026-10-04T08:59:43.6348104Z   2024-12-26: 2 problems
2026-10-04T08:59:43.8896135Z   2024-12-25: 2 problems
2026-10-04T08:59:44.1985444Z   2024-12-24: 2 problems
2026-10-04T08:59:44.4729623Z   2024-12-23: 2 problems
2026-10-04T08:59:44.7497125Z   2024-12-21: 2 problems
2026-10-04T08:59:45.0020501Z   2024-12-20: 2 problems
2026-10-04T08:59:45.2759249Z   2024-12-19: 2 problems
2026-10-04T08:59:45.5511763Z   2024-12-18: 2 problems
2026-10-04T08:59:45.8360488Z   2024-12-17: 2 problems
2026-10-04T08:59:46.1091084Z   2024-12-16: 2 problems
2026-10-04T08:59:46.3680087Z   2024-12-14: 2 problems
2026-10-04T08:59:46.6771205Z   2024-12-13: 2 problems
2026-10-04T08:59:46.9587591Z   2024-12-12: 2 problems
2026-10-04T08:59:47.2418625Z   2024-12-11: 2 problems
2026-10-04T08:59:47.5046200Z   2024-12-10: 2 problems
2026-10-04T08:59:47.7600362Z   2024-12-09: 2 problems
2026-10-04T08:59:48.0148014Z   2024-12-07: 2 problems
2026-10-04T08:59:48.2843349Z   2024-12-06: 2 problems
2026-10-04T08:59:48.5508554Z   2024-12-05: 2 problems
2026-10-04T08:59:48.9418369Z   2024-12-04: 2 problems
2026-10-04T08:59:49.3251546Z   2024-12-03: 2 problems
2026-10-04T08:59:49.6367063Z   2024-12-02: 2 problems
2026-10-04T08:59:49.8992294Z   2024-11-30: 2 problems
2026-10-04T08:59:50.1647174Z   2024-11-29: 2 problems
2026-10-04T08:59:50.4823781Z   2024-11-28: 2 problems
2026-10-04T08:59:50.8008173Z   2024-11-27: 2 problems
2026-10-04T08:59:51.1266870Z   2024-11-26: 2 problems
2026-10-04T08:59:51.3872583Z   2024-11-25: 2 problems
2026-10-04T08:59:51.6427778Z   2024-11-23: 2 problems
2026-10-04T08:59:51.9001504Z   2024-11-22: 2 problems
2026-10-04T08:59:52.0606472Z   2024-11-21: 2 problems
2026-10-04T08:59:52.3898430Z   2024-11-20: 2 problems
2026-10-04T08:59:52.6560154Z   2024-11-19: 2 problems
2026-10-04T08:59:52.9278953Z   2024-11-18: 2 problems
2026-10-04T08:59:53.2466221Z   2024-11-16: 2 problems
2026-10-04T08:59:53.5568232Z   2024-11-15: 2 problems
2026-10-04T08:59:53.8028569Z   2024-11-14: 2 problems
2026-10-04T08:59:54.0673382Z   2024-11-13: 2 problems
2026-10-04T08:59:54.3185470Z   2024-11-12: 2 problems
2026-10-04T08:59:54.5873983Z   2024-11-11: 2 problems
2026-10-04T08:59:54.8346076Z   2024-11-09: 2 problems
2026-10-04T08:59:55.0941694Z   2024-11-08: 2 problems
2026-10-04T08:59:55.3364693Z   2024-11-07: 2 problems
2026-10-04T08:59:55.6195961Z   2024-11-06: 2 problems
2026-10-04T08:59:55.8804023Z   2024-11-05: 2 problems
2026-10-04T08:59:56.1293467Z   2024-11-04: 2 problems
2026-10-04T08:59:56.4016587Z   2024-11-02: 2 problems
2026-10-04T08:59:56.6552146Z   2024-11-01: 2 problems
2026-10-04T08:59:56.9016615Z   2024-10-31: 2 problems
2026-10-04T08:59:57.1748364Z   2024-10-30: 2 problems
2026-10-04T08:59:57.4290413Z   2024-10-29: 2 problems
2026-10-04T08:59:57.7017925Z   2024-10-28: 2 problems
2026-10-04T08:59:57.9663209Z   2024-10-26: 2 problems
2026-10-04T08:59:58.2113577Z   2024-10-25: 2 problems
2026-10-04T08:59:58.5269769Z   2024-10-24: 2 problems
2026-10-04T08:59:58.8020187Z   2024-10-23: 2 problems
2026-10-04T08:59:59.0765452Z   2024-10-22: 2 problems
2026-10-04T08:59:59.3431959Z   2024-10-21: 2 problems
2026-10-04T08:59:59.5916401Z   2024-10-19: 2 problems
2026-10-04T08:59:59.8742429Z   2024-10-18: 2 problems
2026-10-04T09:00:00.1227234Z   2024-10-17: 2 problems
2026-10-04T09:00:00.3922193Z   2024-10-16: 2 problems
2026-10-04T09:00:00.6482578Z   2024-10-15: 2 problems
2026-10-04T09:00:00.9186650Z   2024-10-14: 2 problems
2026-10-04T09:00:01.1694078Z   2024-10-12: 2 problems
2026-10-04T09:00:01.4480834Z   2024-10-11: 2 problems
2026-10-04T09:00:01.7640787Z   2024-10-10: 2 problems
2026-10-04T09:00:02.0140175Z   2024-10-09: 2 problems
2026-10-04T09:00:02.2966546Z   2024-10-08: 2 problems
2026-10-04T09:00:02.5709814Z   2024-10-07: 2 problems
2026-10-04T09:00:02.8381333Z   2024-10-05: 2 problems
2026-10-04T09:00:03.1078444Z   2024-10-04: 2 problems
2026-10-04T09:00:03.3553828Z   2024-10-03: 2 problems
2026-10-04T09:00:03.6073674Z   2024-10-02: 2 problems
2026-10-04T09:00:03.8544056Z   2024-10-01: 2 problems
2026-10-04T09:00:04.1023176Z   2024-09-30: 2 problems
2026-10-04T09:00:04.3916714Z   2024-09-28: 2 problems
2026-10-04T09:00:04.6559599Z   2024-09-27: 2 problems
2026-10-04T09:00:04.9154194Z   2024-09-26: 2 problems
2026-10-04T09:00:05.1730329Z   2024-09-25: 2 problems
2026-10-04T09:00:05.3677555Z   2024-09-24: 2 problems
2026-10-04T09:00:05.6168843Z   2024-09-23: 2 problems
2026-10-04T09:00:05.8817221Z   2024-09-21: 2 problems
2026-10-04T09:00:06.1478630Z   2024-09-20: 2 problems
2026-10-04T09:00:06.4204532Z   2024-09-19: 2 problems
2026-10-04T09:00:06.6746514Z   2024-09-18: 2 problems
2026-10-04T09:00:06.9345081Z   2024-09-17: 2 problems
2026-10-04T09:00:07.1956392Z   2024-09-16: 2 problems
2026-10-04T09:00:07.4846472Z   2024-09-14: 2 problems
2026-10-04T09:00:07.7603902Z   2024-09-13: 2 problems
2026-10-04T09:00:08.0118182Z   2024-09-12: 2 problems
2026-10-04T09:00:08.2577995Z   2024-09-11: 2 problems
2026-10-04T09:00:08.5370635Z   2024-09-10: 2 problems
2026-10-04T09:00:08.8031586Z   2024-09-09: 2 problems
2026-10-04T09:00:09.0972302Z   2024-09-07: 2 problems
2026-10-04T09:00:09.3534689Z   2024-09-06: 2 problems
2026-10-04T09:00:09.6081689Z   2024-09-05: 2 problems
2026-10-04T09:00:09.8615533Z   2024-09-04: 2 problems
2026-10-04T09:00:10.1197341Z   2024-09-03: 2 problems
2026-10-04T09:00:10.3731374Z   2024-09-02: 2 problems
2026-10-04T09:00:10.6686080Z   2024-08-31: 2 problems
2026-10-04T09:00:10.9206210Z   2024-08-30: 2 problems
2026-10-04T09:00:11.2196687Z   2024-08-29: 2 problems
2026-10-04T09:00:11.4789851Z   2024-08-28: 2 problems
2026-10-04T09:00:11.7361485Z   2024-08-27: 2 problems
2026-10-04T09:00:12.0093922Z   2024-08-26: 2 problems
2026-10-04T09:00:12.2633787Z   2024-08-24: 2 problems
2026-10-04T09:00:12.5305744Z   2024-08-23: 2 problems
2026-10-04T09:00:12.8040434Z   2024-08-22: 2 problems
2026-10-04T09:00:13.0866813Z   2024-08-21: 2 problems
2026-10-04T09:00:13.3465560Z   2024-08-20: 2 problems
2026-10-04T09:00:13.6209074Z   2024-08-19: 2 problems
2026-10-04T09:00:13.8730572Z   2024-08-17: 2 problems
2026-10-04T09:00:14.1535337Z   2024-08-16: 2 problems
2026-10-04T09:00:14.4188451Z   2024-08-15: 2 problems
2026-10-04T09:00:14.7445959Z   2024-08-14: 2 problems
2026-10-04T09:00:15.0520553Z   2024-08-13: 2 problems
2026-10-04T09:00:15.3167170Z   2024-08-12: 2 problems
2026-10-04T09:00:15.5879465Z   2024-08-10: 2 problems
2026-10-04T09:00:15.8493656Z   2024-08-09: 2 problems
2026-10-04T09:00:16.1191785Z   2024-08-08: 2 problems
2026-10-04T09:00:16.3957691Z   2024-08-07: 2 problems
2026-10-04T09:00:16.6593734Z   2024-08-06: 2 problems
2026-10-04T09:00:16.9209495Z   2024-08-05: 2 problems
2026-10-04T09:00:17.1891105Z   2024-08-03: 2 problems
2026-10-04T09:00:17.4473219Z   2024-08-02: 2 problems
2026-10-04T09:00:17.7269541Z   2024-08-01: 2 problems
2026-10-04T09:00:18.0089038Z   2024-07-31: 2 problems
2026-10-04T09:00:18.3047649Z   2024-07-30: 2 problems
2026-10-04T09:00:18.5891369Z   2024-07-29: 2 problems
2026-10-04T09:00:18.8624051Z   2024-07-27: 2 problems
2026-10-04T09:00:19.1177936Z   2024-07-26: 2 problems
2026-10-04T09:00:19.3944095Z   2024-07-25: 2 problems
2026-10-04T09:00:19.6566817Z   2024-07-24: 2 problems
2026-10-04T09:00:19.9159985Z   2024-07-23: 2 problems
2026-10-04T09:00:20.1750146Z   2024-07-22: 2 problems
2026-10-04T09:00:20.4390701Z   2024-07-20: 2 problems
2026-10-04T09:00:20.7259900Z   2024-07-19: 2 problems
2026-10-04T09:00:20.9737146Z   2024-07-18: 2 problems
2026-10-04T09:00:21.2495844Z   2024-07-17: 2 problems
2026-10-04T09:00:21.5336807Z   2024-07-16: 2 problems
2026-10-04T09:00:21.7955314Z   2024-07-15: 2 problems
2026-10-04T09:00:22.0585326Z   2024-07-13: 2 problems
2026-10-04T09:00:22.2217128Z   2024-07-12: 2 problems
2026-10-04T09:00:22.4899525Z   2024-07-11: 2 problems
2026-10-04T09:00:22.7704472Z   2024-07-10: 2 problems
2026-10-04T09:00:23.0563280Z   2024-07-09: 2 problems
2026-10-04T09:00:23.3086815Z   2024-07-08: 2 problems
2026-10-04T09:00:23.5851844Z   2024-07-06: 2 problems
2026-10-04T09:00:23.8735360Z   2024-07-05: 2 problems
2026-10-04T09:00:24.1313737Z   2024-07-04: 2 problems
2026-10-04T09:00:24.3954523Z   2024-07-03: 2 problems
2026-10-04T09:00:24.6754075Z   2024-07-02: 2 problems
2026-10-04T09:00:24.9633774Z   2024-07-01: 2 problems
2026-10-04T09:00:25.2182932Z   2024-06-29: 2 problems
2026-10-04T09:00:25.4743903Z   2024-06-28: 2 problems
2026-10-04T09:00:25.7676569Z   2024-06-27: 2 problems
2026-10-04T09:00:26.0239013Z   2024-06-26: 2 problems
2026-10-04T09:00:26.2942419Z   2024-06-25: 2 problems
2026-10-04T09:00:26.5681458Z   2024-06-24: 2 problems
2026-10-04T09:00:26.8535876Z   2024-06-22: 2 problems
2026-10-04T09:00:27.1192927Z   2024-06-21: 2 problems
2026-10-04T09:00:27.3734285Z   2024-06-20: 2 problems
2026-10-04T09:00:27.6409808Z   2024-06-19: 2 problems
2026-10-04T09:00:27.9254475Z   2024-06-18: 2 problems
2026-10-04T09:00:28.1795827Z   2024-06-17: 2 problems
2026-10-04T09:00:28.4591939Z   2024-06-15: 2 problems
2026-10-04T09:00:28.7123310Z   2024-06-14: 2 problems
2026-10-04T09:00:28.9708958Z   2024-06-13: 2 problems
2026-10-04T09:00:29.2469608Z   2024-06-12: 2 problems
2026-10-04T09:00:29.5079819Z   2024-06-11: 2 problems
2026-10-04T09:00:29.7658109Z   2024-06-10: 2 problems
2026-10-04T09:00:30.0370423Z   2024-06-08: 2 problems
2026-10-04T09:00:30.3310746Z   2024-06-07: 2 problems
2026-10-04T09:00:30.5806790Z   2024-06-06: 2 problems
2026-10-04T09:00:30.8326514Z   2024-06-05: 2 problems
2026-10-04T09:00:31.0908679Z   2024-06-04: 2 problems
2026-10-04T09:00:31.3649073Z   2024-06-03: 2 problems
2026-10-04T09:00:31.6214499Z   2024-06-01: 2 problems
2026-10-04T09:00:31.8833727Z   2024-05-31: 2 problems
2026-10-04T09:00:32.1542555Z   2024-05-30: 2 problems
2026-10-04T09:00:32.4108258Z   2024-05-29: 2 problems
2026-10-04T09:00:32.6661948Z   2024-05-28: 2 problems
2026-10-04T09:00:32.9221587Z   2024-05-27: 2 problems
2026-10-04T09:00:33.1923340Z   2024-05-25: 2 problems
2026-10-04T09:00:33.4418167Z   2024-05-24: 2 problems
2026-10-04T09:00:33.6895540Z   2024-05-23: 2 problems
2026-10-04T09:00:33.9566833Z   2024-05-22: 2 problems
2026-10-04T09:00:34.2078641Z   2024-05-21: 2 problems
2026-10-04T09:00:34.5136114Z   2024-05-20: 2 problems
2026-10-04T09:00:34.7856515Z   2024-05-18: 2 problems
2026-10-04T09:00:35.0375598Z   2024-05-17: 2 problems
2026-10-04T09:00:35.3034317Z   2024-05-16: 2 problems
2026-10-04T09:00:35.5849889Z   2024-05-15: 2 problems
2026-10-04T09:00:35.8864260Z   2024-05-14: 2 problems
2026-10-04T09:00:36.1477285Z   2024-05-13: 2 problems
2026-10-04T09:00:36.4126226Z   2024-05-11: 2 problems
2026-10-04T09:00:36.6770808Z   2024-05-10: 2 problems
2026-10-04T09:00:36.9274042Z   2024-05-09: 2 problems
2026-10-04T09:00:37.2015128Z   2024-05-08: 2 problems
2026-10-04T09:00:37.4673935Z   2024-05-07: 2 problems
2026-10-04T09:00:37.7663834Z   2024-05-06: 2 problems
2026-10-04T09:00:38.0490193Z   2024-05-04: 2 problems
2026-10-04T09:00:38.3365581Z   2024-05-03: 2 problems
2026-10-04T09:00:38.5875887Z   2024-05-02: 2 problems
2026-10-04T09:00:38.8537814Z   2024-05-01: 2 problems
2026-10-04T09:00:39.1260725Z   2024-04-30: 2 problems
2026-10-04T09:00:39.3918544Z   2024-04-29: 2 problems
2026-10-04T09:00:39.6478185Z   2024-04-27: 2 problems
2026-10-04T09:00:39.9319267Z   2024-04-26: 2 problems
2026-10-04T09:00:40.1864582Z   2024-04-25: 2 problems
2026-10-04T09:00:40.4709559Z   2024-04-24: 2 problems
2026-10-04T09:00:40.7393705Z   2024-04-23: 2 problems
2026-10-04T09:00:41.0267773Z   2024-04-22: 2 problems
2026-10-04T09:00:41.2802975Z   2024-04-20: 2 problems
2026-10-04T09:00:41.5476318Z   2024-04-19: 2 problems
2026-10-04T09:00:41.8535967Z   2024-04-18: 2 problems
2026-10-04T09:00:42.1109364Z   2024-04-17: 2 problems
2026-10-04T09:00:42.3936995Z   2024-04-16: 2 problems
2026-10-04T09:00:42.6452594Z   2024-04-15: 2 problems
2026-10-04T09:00:42.9017248Z   2024-04-13: 2 problems
2026-10-04T09:00:43.1817226Z   2024-04-12: 2 problems
2026-10-04T09:00:43.4455305Z   2024-04-11: 2 problems
2026-10-04T09:00:43.6990876Z   2024-04-10: 2 problems
2026-10-04T09:00:43.9567739Z   2024-04-09: 2 problems
2026-10-04T09:00:44.2277146Z   2024-04-08: 2 problems
2026-10-04T09:00:44.5145241Z   2024-04-06: 2 problems
2026-10-04T09:00:44.7698102Z   2024-04-05: 2 problems
2026-10-04T09:00:45.0613804Z   2024-04-04: 2 problems
2026-10-04T09:00:45.3318037Z   2024-04-03: 2 problems
2026-10-04T09:00:45.5844668Z   2024-04-02: 2 problems
2026-10-04T09:00:45.8417643Z   2024-04-01: 2 problems
2026-10-04T09:00:46.1008161Z   2024-03-30: 2 problems
2026-10-04T09:00:46.3526279Z   2024-03-29: 2 problems
2026-10-04T09:00:46.6329987Z   2024-03-28: 2 problems
2026-10-04T09:00:46.9207518Z   2024-03-27: 2 problems
2026-10-04T09:00:47.1977522Z   2024-03-26: 2 problems
2026-10-04T09:00:47.4510236Z   2024-03-25: 2 problems
2026-10-04T09:00:47.7490543Z   2024-03-23: 2 problems
2026-10-04T09:00:48.0343929Z   2024-03-22: 2 problems
2026-10-04T09:00:48.3082138Z   2024-03-21: 2 problems
2026-10-04T09:00:48.5688316Z   2024-03-20: 2 problems
2026-10-04T09:00:48.9121094Z   2024-03-19: 2 problems
2026-10-04T09:00:49.3321126Z   2024-03-18: 2 problems
2026-10-04T09:00:49.6844867Z   2024-03-16: 2 problems
2026-10-04T09:00:49.9506204Z   2024-03-15: 2 problems
2026-10-04T09:00:50.2310116Z   2024-03-14: 2 problems
2026-10-04T09:00:50.4939157Z   2024-03-13: 2 problems
2026-10-04T09:00:50.7985013Z   2024-03-12: 2 problems
2026-10-04T09:00:51.0798624Z   2024-03-11: 2 problems
2026-10-04T09:00:51.4311897Z   2024-03-09: 2 problems
2026-10-04T09:00:51.6886050Z   2024-03-08: 2 problems
2026-10-04T09:00:51.9460473Z   2024-03-07: 2 problems
2026-10-04T09:00:52.2912538Z   2024-03-06: 2 problems
2026-10-04T09:00:52.5711835Z   2024-03-05: 2 problems
2026-10-04T09:00:52.9033580Z   2024-03-04: 2 problems
2026-10-04T09:00:53.1831167Z   2024-03-02: 2 problems
2026-10-04T09:00:53.4658083Z   2024-03-01: 2 problems
2026-10-04T09:00:53.7628309Z   2024-02-29: 2 problems
2026-10-04T09:00:54.0278589Z   2024-02-28: 2 problems
2026-10-04T09:00:54.3085643Z   2024-02-27: 2 problems
2026-10-04T09:00:54.5798594Z   2024-02-26: 2 problems
2026-10-04T09:00:54.5801197Z Building categories...
2026-10-04T09:00:56.7755616Z Wrote /home/runner/work/ys_problem_web/ys_problem_web/data/daily.json (813 days, 21 categories).
2026-10-04T09:00:56.7756530Z Syncing leaderboard (records.js from gh-pages)...
2026-10-04T09:00:56.8737060Z   ✓ 361 players, data through 2026-10-03
2026-10-04T09:00:56.8907306Z ##[group]Run node scripts/translate-ai.mjs
2026-10-04T09:00:56.8907675Z [36;1mnode scripts/translate-ai.mjs[0m
2026-10-04T09:00:56.8969365Z shell: /usr/bin/bash -e {0}
2026-10-04T09:00:56.8969631Z env:
2026-10-04T09:00:56.8970016Z   AI_BASE_URL: ***
2026-10-04T09:00:56.8970341Z   AI_API_KEY: ***
2026-10-04T09:00:56.8970558Z   AI_MODEL: deepseek-v4-flash
2026-10-04T09:00:56.8970805Z   AI_TRANSLATE_LIMIT: 60
2026-10-04T09:00:56.8971033Z ##[endgroup]
2026-10-04T09:00:56.9336021Z (node:4249) [MODULE_TYPELESS_PACKAGE_JSON] Warning: Module type of file:///home/runner/work/ys_problem_web/ys_problem_web/lib/mt-protect.js is not specified and it doesn't parse as CommonJS.
2026-10-04T09:00:56.9337313Z Reparsing as ES module because module syntax was detected. This incurs a performance overhead.
2026-10-04T09:00:56.9338204Z To eliminate this warning, add "type": "module" to /home/runner/work/ys_problem_web/ys_problem_web/package.json.
2026-10-04T09:00:56.9339126Z (Use `node --trace-warnings ...` to show where the warning was created)
2026-10-04T09:00:57.0231457Z GYM106235A: 3 segment(s) to translate
2026-10-04T09:01:05.3571898Z   ✓ input[1]: 第二行包含 $$$n$$$ 个整数 $$$p_1, p_2, \dots, p_n$$$($$$…
2026-10-04T09:01:10.1146624Z   ✓ input[2]: 第三行包含 $$$$$$n$$$$$$ 个整数 $$$$$$s_1, s_2, \dots, s…
2026-10-04T09:01:14.0318462Z   ✓ output[0]: 在一行中输出一个数——恰好 $$$k$$$ 名运动员的合适集合的数量。由于答案可能非常大，请将其…
2026-10-04T09:01:14.3335644Z GYM106235B: 16 segment(s) to translate
2026-10-04T09:01:19.6617794Z   ✓ title[0]: B. 错误性证明…
2026-10-04T09:01:25.5829225Z   ✓ legend[0]: 这是一个交互题。请记住，你的程序必须在每次输出后刷新输出缓冲区。要刷新输出缓冲区，你可以在 C+…
2026-10-04T09:01:30.5434555Z   ✓ legend[1]: 瓦夏声称，他发明了一种用于 $$$n$$$ 个元素的数组 $$$a$$$(其中所有元素两两不同)…
2026-10-04T09:01:34.8620975Z   ✓ legend[2]: Vasya 会向你提出不超过 $$$\lceil \log_2 (n!)\rceil - 1$$…
2026-10-04T09:01:38.4717743Z   ✓ legend[3]: 交互…
2026-10-04T09:01:43.7864051Z   ✓ legend[4]: 最初，评委的程序会发送一个整数 $$$n$$$($$$3 \le n \le 18$$$)——数…
2026-10-04T09:01:47.7382465Z   ✓ legend[5]: 然后，评测程序将按以下格式发送不超过 $$$\lceil \log_2 (n!)\rceil -…
2026-10-04T09:01:52.0101481Z   ✓ legend[6]: $$$?$$$ $$$i$$$ $$$j$$$ — 比较 $$$a_i$$$ 和 $$$a_j$…
2026-10-04T09:01:57.0754605Z   ✓ legend[7]: 对于每个询问，如果你的程序满足 $$$a_i  \lt  a_j$$$ 则输出 <，否则输出 >…
2026-10-04T09:02:02.0720925Z   ✓ legend[8]: 之后，评测程序将按以下格式发送其答案：…
2026-10-04T09:02:05.7396514Z   ✓ legend[9]: $$$!$$$ $$$\operatorname{ord}_1 \operatorname{or…
2026-10-04T09:02:14.3896980Z   ✓ legend[10]: 作为回应，你的程序必须以相同格式输出一个排列，该排列不同于评测方的排列，并且与之前所有询问一致。…
2026-10-04T09:02:18.7729282Z   ✓ legend[11]: 如果你的答案正确，评测程序会在单独一行输出字符串 CORRECT，表示你可以终止程序。如果答案错…
2026-10-04T09:02:25.5260695Z   ✓ legend[12]: 如果你的程序违反了查询格式，评测系统将返回字符串 ERROR。在这种情况下，你的程序应立即终止，…
2026-10-04T09:02:30.0161747Z   ✓ legend[13]: 记住每次输出内容时都要刷新输出缓冲区！…
2026-10-04T09:02:34.1369668Z   ✓ note[0]: 注意，样例中的空格只是为了提高可读性而添加的。检查解答时，交互器不会输出空行。…
2026-10-04T09:02:34.4395185Z GYM101059B: 18 segment(s) to translate
2026-10-04T09:02:39.5280114Z   ✓ title[0]: B. 移位与推入…
2026-10-04T09:02:43.9894993Z   ✓ legend[0]: 给定两个大小均为 N 的数组 A 和 B。A 为空，B 中有一些值。…
2026-10-04T09:02:47.5580405Z   ✓ legend[1]: 你需要用元素 X 填充 A，使得 X 属于 B。…
2026-10-04T09:02:51.3753750Z   ✓ legend[2]: 唯一允许的操作是：…
2026-10-04T09:02:54.9548341Z   ✓ legend[3]: 1. 将 B[i] 复制到 A[i]。…
2026-10-04T09:02:59.4463201Z   ✓ legend[4]: 2. 将 B 向右循环移位 1 位。…
2026-10-04T09:03:03.5152442Z   ✓ legend[5]: 你需要最小化操作次数。…
2026-10-04T09:03:08.4999833Z   ✓ input[0]: 第一行包含一个正整数 N(1 ≤ N ≤ 106)，表示数组的大小。…
2026-10-04T09:03:14.8982990Z   ✓ input[1]: 下一行包含 N 个以空格分隔的正整数，表示数组 B 的元素（1 ≤ B[i] ≤ 105）。…
2026-10-04T09:03:19.4088685Z   ✓ output[0]: 输出一个整数，表示所需的最少操作次数。…
2026-10-04T09:03:22.7337125Z   ✓ note[0]: 在第一个测试用例中：…
2026-10-04T09:03:26.6270719Z   ✓ note[1]: 我们可以有以下 5 个步骤：填充第一个元素，移位，填充第二个元素，移位，填充第三个元素。…
2026-10-04T09:03:30.5559290Z   ✓ note[2]: 初始时，A = [_, _, _], B = [1, 2, 3]…
2026-10-04T09:03:35.0352141Z   ✓ note[3]: 第 1 步之后，A = [1, _, _]，B = [1, 2, 3]…
2026-10-04T09:03:38.4907113Z   ✓ note[4]: 在第 2 步之后，A = [1, _, _]，B = [3, 1, 2]…
2026-10-04T09:03:42.7412135Z   ✓ note[5]: 第 3 步之后，A = [1, 1, _]，B = [3, 1, 2]…
2026-10-04T09:03:47.0474751Z   ✓ note[6]: 第 4 步之后，A = [1, 1, _]，B = [2, 3, 1]…
2026-10-04T09:03:51.6540108Z   ✓ note[7]: 第 5 步之后，A = [1, 1, 1]，B = [2, 3, 1]…
2026-10-04T09:03:51.9560283Z GYM101059D: 4 segment(s) to translate
2026-10-04T09:03:56.3983355Z   ✓ title[0]: D. 令人印象深刻的查询…
2026-10-04T09:04:07.7736427Z   ✓ legend[0]: 给定两个大小均为 N 的数组 A 和 B。给定 Q 个形如 (i, j, k) 的查询。其中对于…
2026-10-04T09:04:15.9791456Z   ✓ input[0]: 第一行包含两个整数 N 和 Q（1 ≤ N, Q ≤ 105）。
2026-10-04T09:04:15.9791868Z 接下来一行包含 N 个整数，即…
2026-10-04T09:04:20.0438181Z   ✓ output[0]: Q 行，每行包含对一个询问的答案。…
2026-10-04T09:04:20.3455150Z GYM101055C: 13 segment(s) to translate
2026-10-04T09:04:23.9234317Z   ✓ title[0]: C. It-miha…
2026-10-04T09:04:27.8277175Z   ✓ legend[0]: 在古埃及，金字塔的建造笼罩在谜团之中。许多研究者认为，当时并不具备建造它们所需的技术，并怀疑埃及…
2026-10-04T09:04:37.4963992Z   ✓ legend[1]: 那些谜团的一个例子是“It-miha”数。在埃及的 It-miha 省发现了一块刻有一串数字的石…
2026-10-04T09:04:42.5068849Z   ✓ legend[2]: 完全平方数是指具有整数平方根的数，例如 1, 4, 9, 16, 25 等。如果一个数不能被任何…
2026-10-04T09:04:48.1571949Z   ✓ legend[3]: 对我们今天来说，确定这样的数字似乎很简单，但我们必须记住，在3500多年前的那个时代，连数字系统…
2026-10-04T09:04:57.4673856Z   ✓ legend[4]: “It-miha”数在金字塔建造中非常常见。例如，Quéops 金字塔的底面是 210 × 21…
2026-10-04T09:05:01.9984432Z   ✓ legend[5]: 前十个 "It-miha" 数是 1、2、3、5、6、7、10、11、13 和 14。你的任务是…
2026-10-04T09:05:05.5149222Z   ✓ input[0]: 第一行有一个整数 Q，表示询问的数量。…
2026-10-04T09:05:09.7043333Z   ✓ input[1]: 接下来 Q 行中的每一行都有一个整数 N。…
2026-10-04T09:05:15.1708877Z   ✓ input[2]: 限制…
2026-10-04T09:05:18.2217040Z   ✓ input[3]: 1 ≤ Q ≤ 25…
2026-10-04T09:05:22.0116385Z   ✓ input[4]: 1 ≤ N ≤ 2·10^10…
2026-10-04T09:05:25.6867355Z   ✓ output[0]: 对于每个查询，输出第 N 个 "It-miha" 数。…
2026-10-04T09:05:25.9909854Z GYM101798H: 12 segment(s) to translate
2026-10-04T09:05:29.7230945Z   ✓ title[0]: H. 圆柱图…
2026-10-04T09:05:33.7971210Z   ✓ legend[0]: ![](https://espresso.codeforces.com/d8f92fc157ec…
2026-10-04T09:05:39.9284030Z   ✓ legend[1]: 一个无向图是圆柱形的，如果它可以被拆分成两个长度相等且不相交的简单环，使得第一个环中的第 i 个…
2026-10-04T09:05:51.3256209Z   ✓ legend[2]: 给定一张有偶数个节点 n 和 ![](https://espresso.codeforces.c…
2026-10-04T09:05:56.4719654Z   ✓ input[0]: 输入的第一行包含一个偶数 n（6 ≤ n ≤ 105），表示图中节点的数量。…
2026-10-04T09:06:01.2113682Z   ✓ input[1]: 以下 ![](https://espresso.codeforces.com/c063f7686…
2026-10-04T09:06:01.5118071Z Done: 60 segment(s) translated (hit limit 60).
2026-10-04T09:06:01.5235218Z ##[group]Run CF_STATEMENTS=0 TRANSLATE=0 node scripts/update-data.mjs
2026-10-04T09:06:01.5235746Z [36;1mCF_STATEMENTS=0 TRANSLATE=0 node scripts/update-data.mjs[0m
2026-10-04T09:06:01.5298029Z shell: /usr/bin/bash -e {0}
2026-10-04T09:06:01.5298289Z env:
2026-10-04T09:06:01.5300653Z   GITHUB_TOKEN: ***
2026-10-04T09:06:01.5300874Z ##[endgroup]
2026-10-04T09:06:01.6530483Z Discovering daily problem folders...
2026-10-04T09:06:02.4970620Z Found 813 days, syncing the most recent 813.
2026-10-04T09:06:03.1690291Z   2026-10-03: 2 problems
2026-10-04T09:06:03.4545867Z   2026-10-02: 2 problems
2026-10-04T09:06:03.7290469Z   2026-10-01: 2 problems
2026-10-04T09:06:03.9905594Z   2026-09-30: 2 problems
2026-10-04T09:06:04.2730319Z   2026-09-29: 2 problems
2026-10-04T09:06:04.5494008Z   2026-09-28: 2 problems
2026-10-04T09:06:04.8276059Z   2026-09-26: 2 problems
2026-10-04T09:06:05.1228931Z   2026-09-25: 2 problems
2026-10-04T09:06:05.3928295Z   2026-09-24: 2 problems
2026-10-04T09:06:05.6477898Z   2026-09-23: 2 problems
2026-10-04T09:06:05.9247192Z   2026-09-22: 2 problems
2026-10-04T09:06:06.1873107Z   2026-09-21: 2 problems
2026-10-04T09:06:06.4734620Z   2026-09-19: 2 problems
2026-10-04T09:06:06.7642644Z   2026-09-18: 2 problems
2026-10-04T09:06:07.0616580Z   2026-09-17: 2 problems
2026-10-04T09:06:07.3453191Z   2026-09-16: 2 problems
2026-10-04T09:06:07.6260097Z   2026-09-15: 2 problems
2026-10-04T09:06:07.8038163Z   2026-09-14: 2 problems
2026-10-04T09:06:08.0858493Z   2026-09-12: 2 problems
2026-10-04T09:06:08.3667087Z   2026-09-11: 2 problems
2026-10-04T09:06:08.6278401Z   2026-09-10: 2 problems
2026-10-04T09:06:08.9193540Z   2026-09-09: 2 problems
2026-10-04T09:06:09.1913810Z   2026-09-08: 2 problems
2026-10-04T09:06:09.4681925Z   2026-09-07: 2 problems
2026-10-04T09:06:09.7428695Z   2026-09-05: 2 problems
2026-10-04T09:06:10.0275436Z   2026-09-04: 2 problems
2026-10-04T09:06:10.3105869Z   2026-09-03: 2 problems
2026-10-04T09:06:10.5912842Z   2026-09-02: 2 problems
2026-10-04T09:06:10.8600819Z   2026-09-01: 2 problems
2026-10-04T09:06:11.1455032Z   2026-08-31: 2 problems
2026-10-04T09:06:11.4209194Z   2026-08-29: 2 problems
2026-10-04T09:06:11.6975738Z   2026-08-28: 2 problems
2026-10-04T09:06:11.9805047Z   2026-08-27: 2 problems
2026-10-04T09:06:12.2478875Z   2026-08-26: 2 problems
2026-10-04T09:06:12.5145648Z   2026-08-25: 2 problems
2026-10-04T09:06:12.8163371Z   2026-08-24: 2 problems
2026-10-04T09:06:13.0881063Z   2026-08-22: 2 problems
2026-10-04T09:06:13.3817098Z   2026-08-21: 2 problems
2026-10-04T09:06:13.6569350Z   2026-08-20: 2 problems
2026-10-04T09:06:13.9511220Z   2026-08-19: 2 problems
2026-10-04T09:06:14.2253250Z   2026-08-18: 2 problems
2026-10-04T09:06:14.5056366Z   2026-08-17: 2 problems
2026-10-04T09:06:14.7703550Z   2026-08-15: 2 problems
2026-10-04T09:06:15.0473303Z   2026-08-14: 2 problems
2026-10-04T09:06:15.3329010Z   2026-08-13: 2 problems
2026-10-04T09:06:15.6099386Z   2026-08-12: 2 problems
2026-10-04T09:06:15.8654132Z   2026-08-11: 2 problems
2026-10-04T09:06:16.1567413Z   2026-08-10: 2 problems
2026-10-04T09:06:16.4497763Z   2026-08-08: 2 problems
2026-10-04T09:06:16.7229362Z   2026-08-07: 2 problems
2026-10-04T09:06:16.9988945Z   2026-08-06: 2 problems
2026-10-04T09:06:17.2879623Z   2026-08-05: 2 problems
2026-10-04T09:06:17.5610531Z   2026-08-04: 2 problems
2026-10-04T09:06:17.8220070Z   2026-08-03: 2 problems
2026-10-04T09:06:18.0790869Z   2026-08-01: 2 problems
2026-10-04T09:06:18.2643621Z   2026-07-31: 2 problems
2026-10-04T09:06:18.5246208Z   2026-07-30: 2 problems
2026-10-04T09:06:18.7931873Z   2026-07-29: 2 problems
2026-10-04T09:06:19.1116914Z   2026-07-28: 2 problems
2026-10-04T09:06:19.4794622Z   2026-07-27: 2 problems
2026-10-04T09:06:19.7405403Z   2026-07-25: 2 problems
2026-10-04T09:06:20.0590358Z   2026-07-24: 2 problems
2026-10-04T09:06:20.3228249Z   2026-07-23: 2 problems
2026-10-04T09:06:20.6537978Z   2026-07-22: 2 problems
2026-10-04T09:06:20.9255846Z   2026-07-21: 2 problems
2026-10-04T09:06:21.2857588Z   2026-07-16: 2 problems
2026-10-04T09:06:21.5462286Z   2026-07-15: 2 problems
2026-10-04T09:06:21.7968124Z   2026-07-14: 2 problems
2026-10-04T09:06:22.0464202Z   2026-07-13: 2 problems
2026-10-04T09:06:22.3042230Z   2026-07-11: 2 problems
2026-10-04T09:06:22.5833588Z   2026-07-10: 2 problems
2026-10-04T09:06:22.8470382Z   2026-07-09: 2 problems
2026-10-04T09:06:23.1739863Z   2026-07-08: 2 problems
2026-10-04T09:06:23.4224151Z   2026-07-07: 2 problems
2026-10-04T09:06:23.7473551Z   2026-07-06: 2 problems
2026-10-04T09:06:24.0097872Z   2026-07-04: 2 problems
2026-10-04T09:06:24.2704480Z   2026-07-03: 2 problems
2026-10-04T09:06:24.5380278Z   2026-07-02: 2 problems
2026-10-04T09:06:24.8052871Z   2026-07-01: 2 problems
2026-10-04T09:06:25.0538158Z   2026-06-30: 2 problems
2026-10-04T09:06:25.3535645Z   2026-06-29: 2 problems
2026-10-04T09:06:25.6190600Z   2026-06-27: 2 problems
2026-10-04T09:06:25.8655704Z   2026-06-26: 2 problems
2026-10-04T09:06:26.1530275Z   2026-06-25: 2 problems
2026-10-04T09:06:26.4291076Z   2026-06-24: 2 problems
2026-10-04T09:06:26.6979514Z   2026-06-23: 2 problems
2026-10-04T09:06:26.9485939Z   2026-06-22: 2 problems
2026-10-04T09:06:27.1150386Z   2026-06-20: 1 problems
2026-10-04T09:06:27.3696336Z   2026-06-19: 2 problems
2026-10-04T09:06:27.6176575Z   2026-06-18: 2 problems
2026-10-04T09:06:27.8780300Z   2026-06-17: 2 problems
2026-10-04T09:06:28.1396027Z   2026-06-16: 2 problems
2026-10-04T09:06:28.3873394Z   2026-06-15: 2 problems
2026-10-04T09:06:28.6391996Z   2026-06-13: 2 problems
2026-10-04T09:06:28.9156752Z   2026-06-12: 2 problems
2026-10-04T09:06:29.1719114Z   2026-06-11: 2 problems
2026-10-04T09:06:29.4391851Z   2026-06-10: 2 problems
2026-10-04T09:06:29.7187932Z   2026-06-09: 2 problems
2026-10-04T09:06:29.9836929Z   2026-06-08: 2 problems
2026-10-04T09:06:30.2504887Z   2026-06-06: 2 problems
2026-10-04T09:06:30.5030156Z   2026-06-05: 2 problems
2026-10-04T09:06:30.7558854Z   2026-06-04: 2 problems
2026-10-04T09:06:30.8361140Z   2026-06-03: 2 problems
2026-10-04T09:06:31.0944632Z   2026-06-02: 2 problems
2026-10-04T09:06:31.3381910Z   2026-06-01: 2 problems
2026-10-04T09:06:31.6310150Z   2026-05-30: 2 problems
2026-10-04T09:06:31.8829759Z   2026-05-29: 2 problems
2026-10-04T09:06:32.1489585Z   2026-05-28: 2 problems
2026-10-04T09:06:32.4411247Z   2026-05-27: 2 problems
2026-10-04T09:06:32.6067717Z   2026-05-26: 2 problems
2026-10-04T09:06:32.8733366Z   2026-05-25: 2 problems
2026-10-04T09:06:33.1313380Z   2026-05-23: 2 problems
2026-10-04T09:06:33.3822619Z   2026-05-22: 2 problems
2026-10-04T09:06:33.6359965Z   2026-05-21: 2 problems
2026-10-04T09:06:33.9105981Z   2026-05-20: 2 problems
2026-10-04T09:06:34.1765729Z   2026-05-19: 2 problems
2026-10-04T09:06:34.4457193Z   2026-05-18: 2 problems
2026-10-04T09:06:34.6986919Z   2026-05-16: 2 problems
2026-10-04T09:06:34.9814201Z   2026-05-15: 2 problems
2026-10-04T09:06:35.2410018Z   2026-05-14: 2 problems
2026-10-04T09:06:35.5179113Z   2026-05-13: 2 problems
2026-10-04T09:06:35.7709922Z   2026-05-12: 2 problems
2026-10-04T09:06:36.0466623Z   2026-05-11: 2 problems
2026-10-04T09:06:36.2920814Z   2026-05-09: 2 problems
2026-10-04T09:06:36.5638975Z   2026-05-08: 2 problems
2026-10-04T09:06:36.8202204Z   2026-05-07: 2 problems
2026-10-04T09:06:37.0798180Z   2026-05-06: 2 problems
2026-10-04T09:06:37.3310787Z   2026-05-05: 2 problems
2026-10-04T09:06:37.5914193Z   2026-05-04: 2 problems
2026-10-04T09:06:37.8464817Z   2026-05-02: 2 problems
2026-10-04T09:06:38.1384319Z   2026-05-01: 2 problems
2026-10-04T09:06:38.3871446Z   2026-04-30: 2 problems
2026-10-04T09:06:38.6434235Z   2026-04-29: 2 problems
2026-10-04T09:06:38.9020467Z   2026-04-28: 2 problems
2026-10-04T09:06:39.1695590Z   2026-04-27: 2 problems
2026-10-04T09:06:39.4473688Z   2026-04-25: 2 problems
2026-10-04T09:06:39.7037793Z   2026-04-24: 2 problems
2026-10-04T09:06:39.9626618Z   2026-04-23: 2 problems
2026-10-04T09:06:40.2234810Z   2026-04-22: 2 problems
2026-10-04T09:06:40.5061986Z   2026-04-21: 2 problems
2026-10-04T09:06:40.7582265Z   2026-04-20: 2 problems
2026-10-04T09:06:41.0146545Z   2026-04-18: 2 problems
2026-10-04T09:06:41.2917545Z   2026-04-17: 2 problems
2026-10-04T09:06:41.5742034Z   2026-04-16: 2 problems
2026-10-04T09:06:41.8239433Z   2026-04-15: 2 problems
2026-10-04T09:06:42.0938613Z   2026-04-14: 2 problems
2026-10-04T09:06:42.3693278Z   2026-04-13: 2 problems
2026-10-04T09:06:42.6398923Z   2026-04-11: 2 problems
2026-10-04T09:06:42.8958287Z   2026-04-10: 2 problems
2026-10-04T09:06:43.1458346Z   2026-04-09: 2 problems
2026-10-04T09:06:43.3263218Z   2026-04-08: 2 problems
2026-10-04T09:06:43.5745519Z   2026-04-07: 2 problems
2026-10-04T09:06:43.8442216Z   2026-04-06: 2 problems
2026-10-04T09:06:44.1128556Z   2026-04-04: 2 problems
2026-10-04T09:06:44.3696553Z   2026-04-03: 2 problems
2026-10-04T09:06:44.6910749Z   2026-04-02: 2 problems
2026-10-04T09:06:44.9645022Z   2026-04-01: 2 problems
2026-10-04T09:06:45.2094623Z   2026-03-31: 2 problems
2026-10-04T09:06:45.4619618Z   2026-03-30: 2 problems
2026-10-04T09:06:45.7139591Z   2026-03-28: 2 problems
2026-10-04T09:06:45.9738236Z   2026-03-27: 2 problems
2026-10-04T09:06:46.2603943Z   2026-03-26: 2 problems
2026-10-04T09:06:46.5031272Z   2026-03-25: 2 problems
2026-10-04T09:06:46.7443791Z   2026-03-24: 2 problems
2026-10-04T09:06:47.0093826Z   2026-03-23: 2 problems
2026-10-04T09:06:47.2714452Z   2026-03-21: 2 problems
2026-10-04T09:06:47.5349942Z   2026-03-20: 2 problems
2026-10-04T09:06:47.7956391Z   2026-03-19: 2 problems
2026-10-04T09:06:48.0728868Z   2026-03-18: 2 problems
2026-10-04T09:06:48.3428132Z   2026-03-17: 2 problems
2026-10-04T09:06:48.6063870Z   2026-03-16: 2 problems
2026-10-04T09:06:48.8669605Z   2026-03-14: 2 problems
2026-10-04T09:06:49.3366545Z   2026-03-13: 2 problems
2026-10-04T09:06:49.6627258Z   2026-03-12: 2 problems
2026-10-04T09:06:49.9967786Z   2026-03-11: 2 problems
2026-10-04T09:06:50.4187606Z   2026-03-10: 2 problems
2026-10-04T09:06:50.6771718Z   2026-03-09: 2 problems
2026-10-04T09:06:50.9360630Z   2026-03-07: 2 problems
2026-10-04T09:06:51.2101662Z   2026-03-06: 2 problems
2026-10-04T09:06:51.5641252Z   2026-03-05: 2 problems
2026-10-04T09:06:51.8266173Z   2026-03-04: 2 problems
2026-10-04T09:06:52.1092110Z   2026-03-03: 2 problems
2026-10-04T09:06:52.3999333Z   2026-03-02: 2 problems
2026-10-04T09:06:52.6749802Z   2026-02-28: 2 problems
2026-10-04T09:06:52.9540515Z   2026-02-27: 2 problems
2026-10-04T09:06:53.2442557Z   2026-02-26: 2 problems
2026-10-04T09:06:53.5008021Z   2026-02-25: 2 problems
2026-10-04T09:06:53.7693714Z   2026-02-24: 2 problems
2026-10-04T09:06:54.0520523Z   2026-02-23: 2 problems
2026-10-04T09:06:54.3200896Z   2026-02-21: 2 problems
2026-10-04T09:06:54.5784889Z   2026-02-20: 2 problems
2026-10-04T09:06:54.8553471Z   2026-02-19: 2 problems
2026-10-04T09:06:55.1268684Z   2026-02-18: 2 problems
2026-10-04T09:06:55.3995450Z   2026-02-17: 2 problems
2026-10-04T09:06:55.6596328Z   2026-02-16: 2 problems
2026-10-04T09:06:55.9393077Z   2026-02-14: 2 problems
2026-10-04T09:06:56.2120047Z   2026-02-13: 2 problems
2026-10-04T09:06:56.4862278Z   2026-02-12: 2 problems
2026-10-04T09:06:56.7502059Z   2026-02-11: 2 problems
2026-10-04T09:06:57.0208093Z   2026-02-10: 2 problems
2026-10-04T09:06:57.2933261Z   2026-02-09: 2 problems
2026-10-04T09:06:57.5743584Z   2026-02-07: 2 problems
2026-10-04T09:06:57.8416817Z   2026-02-06: 2 problems
2026-10-04T09:06:58.1045310Z   2026-02-05: 2 problems
2026-10-04T09:06:58.3721713Z   2026-02-04: 2 problems
2026-10-04T09:06:58.6393511Z   2026-02-03: 2 problems
2026-10-04T09:06:58.9288226Z   2026-02-02: 2 problems
2026-10-04T09:06:59.1909875Z   2026-01-31: 2 problems
2026-10-04T09:06:59.4777625Z   2026-01-30: 2 problems
2026-10-04T09:06:59.7725972Z   2026-01-29: 2 problems
2026-10-04T09:07:00.0552548Z   2026-01-28: 2 problems
2026-10-04T09:07:00.3183887Z   2026-01-27: 2 problems
2026-10-04T09:07:00.5897427Z   2026-01-26: 2 problems
2026-10-04T09:07:00.8658154Z   2026-01-24: 2 problems
2026-10-04T09:07:01.1517545Z   2026-01-23: 2 problems
2026-10-04T09:07:01.3226479Z   2026-01-22: 2 problems
2026-10-04T09:07:01.6109916Z   2026-01-21: 2 problems
2026-10-04T09:07:01.8904214Z   2026-01-20: 2 problems
2026-10-04T09:07:02.1570655Z   2026-01-19: 2 problems
2026-10-04T09:07:02.4305179Z   2026-01-17: 2 problems
2026-10-04T09:07:02.6955800Z   2026-01-16: 2 problems
2026-10-04T09:07:02.9637910Z   2026-01-15: 2 problems
2026-10-04T09:07:03.2479452Z   2026-01-14: 2 problems
2026-10-04T09:07:03.5063927Z   2026-01-13: 2 problems
2026-10-04T09:07:03.7898362Z   2026-01-12: 2 problems
2026-10-04T09:07:04.0577210Z   2026-01-10: 2 problems
2026-10-04T09:07:04.3163964Z   2026-01-09: 2 problems
2026-10-04T09:07:04.5663839Z   2026-01-08: 2 problems
2026-10-04T09:07:04.8263523Z   2026-01-07: 2 problems
2026-10-04T09:07:05.1005643Z   2026-01-06: 2 problems
2026-10-04T09:07:05.3637874Z   2026-01-05: 2 problems
2026-10-04T09:07:05.6283524Z   2026-01-03: 2 problems
2026-10-04T09:07:05.9070014Z   2026-01-02: 2 problems
2026-10-04T09:07:06.2098026Z   2026-01-01: 2 problems
2026-10-04T09:07:06.4892066Z   2025-12-31: 2 problems
2026-10-04T09:07:06.7696206Z   2025-12-30: 2 problems
2026-10-04T09:07:07.0372634Z   2025-12-29: 2 problems
2026-10-04T09:07:07.3972130Z   2025-12-27: 2 problems
2026-10-04T09:07:07.6738172Z   2025-12-26: 2 problems
2026-10-04T09:07:07.9499686Z   2025-12-25: 2 problems
2026-10-04T09:07:08.2330917Z   2025-12-24: 2 problems
2026-10-04T09:07:08.4976692Z   2025-12-23: 2 problems
2026-10-04T09:07:08.7854528Z   2025-12-22: 2 problems
2026-10-04T09:07:09.0585863Z   2025-12-20: 2 problems
2026-10-04T09:07:09.3196462Z   2025-12-19: 2 problems
2026-10-04T09:07:09.6043088Z   2025-12-18: 2 problems
2026-10-04T09:07:09.8935235Z   2025-12-17: 2 problems
2026-10-04T09:07:10.1599645Z   2025-12-16: 2 problems
2026-10-04T09:07:10.4295426Z   2025-12-15: 2 problems
2026-10-04T09:07:10.6981604Z   2025-12-13: 2 problems
2026-10-04T09:07:10.9801061Z   2025-12-12: 2 problems
2026-10-04T09:07:11.2492236Z   2025-12-11: 2 problems
2026-10-04T09:07:11.5178809Z   2025-12-10: 2 problems
2026-10-04T09:07:11.7846127Z   2025-12-09: 2 problems
2026-10-04T09:07:11.9664865Z   2025-12-08: 2 problems
2026-10-04T09:07:12.2411669Z   2025-12-06: 2 problems
2026-10-04T09:07:12.5035428Z   2025-12-05: 2 problems
2026-10-04T09:07:12.7616872Z   2025-12-04: 2 problems
2026-10-04T09:07:13.0209697Z   2025-12-03: 2 problems
2026-10-04T09:07:13.3308993Z   2025-12-02: 2 problems
2026-10-04T09:07:13.6081810Z   2025-12-01: 2 problems
2026-10-04T09:07:13.8647802Z   2025-11-29: 2 problems
2026-10-04T09:07:14.1459156Z   2025-11-28: 2 problems
2026-10-04T09:07:14.4138777Z   2025-11-27: 2 problems
2026-10-04T09:07:14.6734542Z   2025-11-26: 2 problems
2026-10-04T09:07:14.9554119Z   2025-11-25: 2 problems
2026-10-04T09:07:15.2333490Z   2025-11-24: 2 problems
2026-10-04T09:07:15.5039476Z   2025-11-22: 2 problems
2026-10-04T09:07:15.8005172Z   2025-11-21: 2 problems
2026-10-04T09:07:16.0873969Z   2025-11-20: 2 problems
2026-10-04T09:07:16.3639967Z   2025-11-19: 2 problems
2026-10-04T09:07:16.6350581Z   2025-11-18: 2 problems
2026-10-04T09:07:16.9048471Z   2025-11-17: 2 problems
2026-10-04T09:07:17.1830817Z   2025-11-15: 2 problems
2026-10-04T09:07:17.4474420Z   2025-11-14: 2 problems
2026-10-04T09:07:17.7051487Z   2025-11-13: 2 problems
2026-10-04T09:07:17.9809573Z   2025-11-12: 2 problems
2026-10-04T09:07:18.2760636Z   2025-11-11: 2 problems
2026-10-04T09:07:18.5434032Z   2025-11-10: 2 problems
2026-10-04T09:07:18.8339670Z   2025-11-08: 2 problems
2026-10-04T09:07:19.1932149Z   2025-11-07: 2 problems
2026-10-04T09:07:19.6334434Z   2025-11-06: 2 problems
2026-10-04T09:07:19.8911830Z   2025-11-05: 2 problems
2026-10-04T09:07:20.1971596Z   2025-11-04: 2 problems
2026-10-04T09:07:20.5324964Z   2025-11-03: 2 problems
2026-10-04T09:07:20.7879593Z   2025-11-01: 2 problems
2026-10-04T09:07:20.9721753Z   2025-10-31: 2 problems
2026-10-04T09:07:21.2411588Z   2025-10-30: 2 problems
2026-10-04T09:07:21.4953077Z   2025-10-29: 2 problems
2026-10-04T09:07:21.7639142Z   2025-10-28: 2 problems
2026-10-04T09:07:22.0152385Z   2025-10-27: 2 problems
2026-10-04T09:07:22.3409992Z   2025-10-25: 2 problems
2026-10-04T09:07:22.5876137Z   2025-10-24: 2 problems
2026-10-04T09:07:22.9215314Z   2025-10-23: 2 problems
2026-10-04T09:07:23.1916297Z   2025-10-22: 2 problems
2026-10-04T09:07:23.5296204Z   2025-10-21: 2 problems
2026-10-04T09:07:23.8746684Z   2025-10-20: 2 problems
2026-10-04T09:07:24.1160913Z   2025-10-18: 2 problems
2026-10-04T09:07:24.3949569Z   2025-10-17: 2 problems
2026-10-04T09:07:24.6553460Z   2025-10-16: 2 problems
2026-10-04T09:07:24.9071866Z   2025-10-15: 2 problems
2026-10-04T09:07:25.1863762Z   2025-10-14: 2 problems
2026-10-04T09:07:25.4898547Z   2025-10-13: 2 problems
2026-10-04T09:07:25.7470610Z   2025-10-11: 2 problems
2026-10-04T09:07:26.0002740Z   2025-10-10: 2 problems
2026-10-04T09:07:26.3264035Z   2025-10-09: 2 problems
2026-10-04T09:07:26.5809870Z   2025-10-08: 2 problems
2026-10-04T09:07:26.8847133Z   2025-10-07: 2 problems
2026-10-04T09:07:27.1543403Z   2025-10-06: 2 problems
2026-10-04T09:07:27.4235796Z   2025-10-04: 2 problems
2026-10-04T09:07:27.6801582Z   2025-10-03: 2 problems
2026-10-04T09:07:27.9328739Z   2025-10-02: 2 problems
2026-10-04T09:07:28.1799107Z   2025-10-01: 2 problems
2026-10-04T09:07:28.4817376Z   2025-09-30: 2 problems
2026-10-04T09:07:28.7422900Z   2025-09-29: 2 problems
2026-10-04T09:07:29.0174537Z   2025-09-27: 2 problems
2026-10-04T09:07:29.2861589Z   2025-09-26: 2 problems
2026-10-04T09:07:29.5616794Z   2025-09-25: 2 problems
2026-10-04T09:07:29.8382484Z   2025-09-24: 2 problems
2026-10-04T09:07:30.1331460Z   2025-09-23: 2 problems
2026-10-04T09:07:30.4193987Z   2025-09-22: 2 problems
2026-10-04T09:07:30.6698449Z   2025-09-20: 2 problems
2026-10-04T09:07:30.9193135Z   2025-09-19: 2 problems
2026-10-04T09:07:31.1808746Z   2025-09-18: 2 problems
2026-10-04T09:07:31.4400977Z   2025-09-17: 2 problems
2026-10-04T09:07:31.7099451Z   2025-09-16: 2 problems
2026-10-04T09:07:31.9613793Z   2025-09-15: 2 problems
2026-10-04T09:07:32.2150523Z   2025-09-13: 2 problems
2026-10-04T09:07:32.4683308Z   2025-09-12: 2 problems
2026-10-04T09:07:32.7182070Z   2025-09-11: 2 problems
2026-10-04T09:07:32.9756915Z   2025-09-10: 2 problems
2026-10-04T09:07:33.2313049Z   2025-09-09: 2 problems
2026-10-04T09:07:33.4857902Z   2025-09-08: 2 problems
2026-10-04T09:07:33.7421981Z   2025-09-06: 2 problems
2026-10-04T09:07:34.0654120Z   2025-09-05: 2 problems
2026-10-04T09:07:34.3337043Z   2025-09-04: 2 problems
2026-10-04T09:07:34.5995174Z   2025-09-03: 2 problems
2026-10-04T09:07:34.8622502Z   2025-09-02: 2 problems
2026-10-04T09:07:35.1333309Z   2025-09-01: 2 problems
2026-10-04T09:07:35.3866327Z   2025-08-30: 2 problems
2026-10-04T09:07:35.6427201Z   2025-08-29: 2 problems
2026-10-04T09:07:35.8896527Z   2025-08-28: 2 problems
2026-10-04T09:07:36.1425735Z   2025-08-27: 2 problems
2026-10-04T09:07:36.4010776Z   2025-08-26: 2 problems
2026-10-04T09:07:36.6601017Z   2025-08-25: 2 problems
2026-10-04T09:07:36.9314210Z   2025-08-23: 2 problems
2026-10-04T09:07:37.1776519Z   2025-08-22: 2 problems
2026-10-04T09:07:37.4400266Z   2025-08-21: 2 problems
2026-10-04T09:07:37.6881203Z   2025-08-20: 2 problems
2026-10-04T09:07:37.9491845Z   2025-08-19: 2 problems
2026-10-04T09:07:38.2230233Z   2025-08-18: 2 problems
2026-10-04T09:07:38.4740171Z   2025-08-16: 2 problems
2026-10-04T09:07:38.7277579Z   2025-08-15: 2 problems
2026-10-04T09:07:38.9966432Z   2025-08-14: 2 problems
2026-10-04T09:07:39.2629621Z   2025-08-13: 2 problems
2026-10-04T09:07:39.5198728Z   2025-08-12: 2 problems
2026-10-04T09:07:39.8337564Z   2025-08-11: 2 problems
2026-10-04T09:07:40.1072861Z   2025-08-09: 2 problems
2026-10-04T09:07:40.3730201Z   2025-08-08: 2 problems
2026-10-04T09:07:40.6333077Z   2025-08-07: 2 problems
2026-10-04T09:07:40.8777803Z   2025-08-06: 2 problems
2026-10-04T09:07:41.1501669Z   2025-08-05: 2 problems
2026-10-04T09:07:41.4032499Z   2025-08-04: 2 problems
2026-10-04T09:07:41.6554177Z   2025-08-02: 2 problems
2026-10-04T09:07:41.9175933Z   2025-08-01: 2 problems
2026-10-04T09:07:42.1628070Z   2025-07-31: 2 problems
2026-10-04T09:07:42.4252938Z   2025-07-30: 2 problems
2026-10-04T09:07:42.6953428Z   2025-07-29: 2 problems
2026-10-04T09:07:42.9612124Z   2025-07-28: 2 problems
2026-10-04T09:07:43.2214596Z   2025-07-26: 2 problems
2026-10-04T09:07:43.4851115Z   2025-07-25: 2 problems
2026-10-04T09:07:43.7255539Z   2025-07-24: 2 problems
2026-10-04T09:07:44.0024624Z   2025-07-23: 2 problems
2026-10-04T09:07:44.2601708Z   2025-07-22: 2 problems
2026-10-04T09:07:44.5286300Z   2025-07-21: 2 problems
2026-10-04T09:07:44.7856606Z   2025-07-19: 2 problems
2026-10-04T09:07:45.0577706Z   2025-07-18: 2 problems
2026-10-04T09:07:45.3161231Z   2025-07-17: 2 problems
2026-10-04T09:07:45.5936158Z   2025-07-16: 2 problems
2026-10-04T09:07:45.8466324Z   2025-07-15: 2 problems
2026-10-04T09:07:46.1167906Z   2025-07-14: 2 problems
2026-10-04T09:07:46.3902423Z   2025-07-12: 2 problems
2026-10-04T09:07:46.6704367Z   2025-07-11: 2 problems
2026-10-04T09:07:46.9146958Z   2025-07-10: 2 problems
2026-10-04T09:07:47.1984381Z   2025-07-09: 2 problems
2026-10-04T09:07:47.4638834Z   2025-07-08: 2 problems
2026-10-04T09:07:47.7191324Z   2025-07-07: 2 problems
2026-10-04T09:07:47.9804124Z   2025-07-05: 2 problems
2026-10-04T09:07:48.2677341Z   2025-07-04: 2 problems
2026-10-04T09:07:48.5433870Z   2025-07-03: 2 problems
2026-10-04T09:07:48.8028333Z   2025-07-02: 2 problems
2026-10-04T09:07:49.0567413Z   2025-07-01: 2 problems
2026-10-04T09:07:49.3087862Z   2025-06-30: 2 problems
2026-10-04T09:07:49.5814162Z   2025-06-28: 2 problems
2026-10-04T09:07:49.8486079Z   2025-06-27: 2 problems
2026-10-04T09:07:50.0972296Z   2025-06-26: 2 problems
2026-10-04T09:07:50.3772658Z   2025-06-25: 2 problems
2026-10-04T09:07:50.6294575Z   2025-06-24: 2 problems
2026-10-04T09:07:50.8793845Z   2025-06-23: 2 problems
2026-10-04T09:07:51.0496972Z   2025-06-21: 2 problems
2026-10-04T09:07:51.2992070Z   2025-06-20: 2 problems
2026-10-04T09:07:51.5570064Z   2025-06-19: 2 problems
2026-10-04T09:07:51.8044805Z   2025-06-18: 2 problems
2026-10-04T09:07:52.0542299Z   2025-06-17: 2 problems
2026-10-04T09:07:52.3217373Z   2025-06-16: 2 problems
2026-10-04T09:07:52.6006324Z   2025-06-14: 2 problems
2026-10-04T09:07:52.8558072Z   2025-06-13: 2 problems
2026-10-04T09:07:53.1436468Z   2025-06-12: 2 problems
2026-10-04T09:07:53.3952239Z   2025-06-11: 2 problems
2026-10-04T09:07:53.6482502Z   2025-06-10: 2 problems
2026-10-04T09:07:53.9393104Z   2025-06-09: 2 problems
2026-10-04T09:07:54.1803737Z   2025-06-07: 2 problems
2026-10-04T09:07:54.4577400Z   2025-06-06: 2 problems
2026-10-04T09:07:54.7345841Z   2025-06-05: 2 problems
2026-10-04T09:07:55.0063913Z   2025-06-04: 2 problems
2026-10-04T09:07:55.2808417Z   2025-06-03: 2 problems
2026-10-04T09:07:55.5388477Z   2025-06-02: 2 problems
2026-10-04T09:07:55.7871663Z   2025-05-31: 2 problems
2026-10-04T09:07:56.0533752Z   2025-05-30: 2 problems
2026-10-04T09:07:56.3023224Z   2025-05-29: 2 problems
2026-10-04T09:07:56.5499496Z   2025-05-28: 2 problems
2026-10-04T09:07:56.7981665Z   2025-05-27: 2 problems
2026-10-04T09:07:57.0501913Z   2025-05-26: 2 problems
2026-10-04T09:07:57.3200797Z   2025-05-24: 2 problems
2026-10-04T09:07:57.5773784Z   2025-05-23: 2 problems
2026-10-04T09:07:57.8301260Z   2025-05-22: 2 problems
2026-10-04T09:07:58.0769420Z   2025-05-21: 2 problems
2026-10-04T09:07:58.3344444Z   2025-05-20: 2 problems
2026-10-04T09:07:58.5898382Z   2025-05-19: 2 problems
2026-10-04T09:07:58.8352886Z   2025-05-17: 2 problems
2026-10-04T09:07:59.0969360Z   2025-05-16: 2 problems
2026-10-04T09:07:59.3545580Z   2025-05-15: 2 problems
2026-10-04T09:07:59.6491199Z   2025-05-14: 2 problems
2026-10-04T09:07:59.9069274Z   2025-05-13: 2 problems
2026-10-04T09:08:00.1533238Z   2025-05-12: 2 problems
2026-10-04T09:08:00.4178929Z   2025-05-10: 2 problems
2026-10-04T09:08:00.6852304Z   2025-05-09: 2 problems
2026-10-04T09:08:00.9519550Z   2025-05-08: 2 problems
2026-10-04T09:08:01.2173988Z   2025-05-07: 2 problems
2026-10-04T09:08:01.4714219Z   2025-05-06: 2 problems
2026-10-04T09:08:01.7236719Z   2025-05-05: 2 problems
2026-10-04T09:08:01.9861645Z   2025-05-03: 2 problems
2026-10-04T09:08:02.2473313Z   2025-05-02: 2 problems
2026-10-04T09:08:02.5149056Z   2025-05-01: 2 problems
2026-10-04T09:08:02.7849404Z   2025-04-30: 2 problems
2026-10-04T09:08:03.0303880Z   2025-04-29: 2 problems
2026-10-04T09:08:03.3083683Z   2025-04-28: 2 problems
2026-10-04T09:08:03.5648522Z   2025-04-26: 2 problems
2026-10-04T09:08:03.8478132Z   2025-04-25: 2 problems
2026-10-04T09:08:04.1245050Z   2025-04-24: 2 problems
2026-10-04T09:08:04.4093150Z   2025-04-23: 2 problems
2026-10-04T09:08:04.7166824Z   2025-04-22: 2 problems
2026-10-04T09:08:04.9714201Z   2025-04-21: 2 problems
2026-10-04T09:08:05.2286924Z   2025-04-19: 2 problems
2026-10-04T09:08:05.5024243Z   2025-04-18: 2 problems
2026-10-04T09:08:05.7646524Z   2025-04-17: 2 problems
2026-10-04T09:08:06.0299727Z   2025-04-16: 2 problems
2026-10-04T09:08:06.2888221Z   2025-04-15: 2 problems
2026-10-04T09:08:06.5657783Z   2025-04-14: 2 problems
2026-10-04T09:08:06.8261822Z   2025-04-12: 2 problems
2026-10-04T09:08:07.0912700Z   2025-04-11: 2 problems
2026-10-04T09:08:07.3554027Z   2025-04-10: 2 problems
2026-10-04T09:08:07.6122271Z   2025-04-09: 2 problems
2026-10-04T09:08:07.8788547Z   2025-04-08: 2 problems
2026-10-04T09:08:08.1335457Z   2025-04-07: 2 problems
2026-10-04T09:08:08.3937434Z   2025-04-05: 2 problems
2026-10-04T09:08:08.6407507Z   2025-04-04: 2 problems
2026-10-04T09:08:08.9852955Z   2025-04-03: 2 problems
2026-10-04T09:08:09.2323139Z   2025-04-02: 2 problems
2026-10-04T09:08:09.4991860Z   2025-04-01: 2 problems
2026-10-04T09:08:09.7502891Z   2025-03-31: 2 problems
2026-10-04T09:08:10.0253972Z   2025-03-29: 2 problems
2026-10-04T09:08:10.3079230Z   2025-03-28: 2 problems
2026-10-04T09:08:10.5678095Z   2025-03-27: 2 problems
2026-10-04T09:08:10.8449105Z   2025-03-26: 2 problems
2026-10-04T09:08:11.0965269Z   2025-03-25: 2 problems
2026-10-04T09:08:11.3641215Z   2025-03-24: 2 problems
2026-10-04T09:08:11.6442727Z   2025-03-22: 2 problems
2026-10-04T09:08:11.9135035Z   2025-03-21: 2 problems
2026-10-04T09:08:12.1874610Z   2025-03-20: 2 problems
2026-10-04T09:08:12.4388982Z   2025-03-19: 2 problems
2026-10-04T09:08:12.7084785Z   2025-03-18: 2 problems
2026-10-04T09:08:12.9707956Z   2025-03-17: 2 problems
2026-10-04T09:08:13.2534955Z   2025-03-15: 2 problems
2026-10-04T09:08:13.5119916Z   2025-03-14: 2 problems
2026-10-04T09:08:13.8010553Z   2025-03-13: 2 problems
2026-10-04T09:08:14.0479608Z   2025-03-12: 2 problems
2026-10-04T09:08:14.3154170Z   2025-03-11: 2 problems
2026-10-04T09:08:14.5735886Z   2025-03-10: 2 problems
2026-10-04T09:08:14.8541824Z   2025-03-08: 2 problems
2026-10-04T09:08:15.1035305Z   2025-03-07: 2 problems
2026-10-04T09:08:15.3691434Z   2025-03-06: 2 problems
2026-10-04T09:08:15.6178455Z   2025-03-05: 2 problems
2026-10-04T09:08:15.8899823Z   2025-03-04: 2 problems
2026-10-04T09:08:16.1477099Z   2025-03-03: 2 problems
2026-10-04T09:08:16.3973324Z   2025-03-01: 2 problems
2026-10-04T09:08:16.6528124Z   2025-02-28: 2 problems
2026-10-04T09:08:16.9013277Z   2025-02-27: 2 problems
2026-10-04T09:08:17.1680967Z   2025-02-26: 2 problems
2026-10-04T09:08:17.4162808Z   2025-02-25: 2 problems
2026-10-04T09:08:17.6720793Z   2025-02-24: 2 problems
2026-10-04T09:08:17.9400512Z   2025-02-22: 2 problems
2026-10-04T09:08:18.2125757Z   2025-02-21: 2 problems
2026-10-04T09:08:18.4578262Z   2025-02-20: 2 problems
2026-10-04T09:08:18.7224356Z   2025-02-19: 2 problems
2026-10-04T09:08:18.9709282Z   2025-02-18: 2 problems
2026-10-04T09:08:19.2174122Z   2025-02-17: 2 problems
2026-10-04T09:08:19.4945420Z   2025-02-15: 2 problems
2026-10-04T09:08:19.7671329Z   2025-02-14: 2 problems
2026-10-04T09:08:20.0347947Z   2025-02-13: 2 problems
2026-10-04T09:08:20.3074950Z   2025-02-12: 2 problems
2026-10-04T09:08:20.6351881Z   2025-02-11: 2 problems
2026-10-04T09:08:20.9113641Z   2025-02-10: 2 problems
2026-10-04T09:08:21.1770554Z   2025-02-08: 2 problems
2026-10-04T09:08:21.4277204Z   2025-02-07: 2 problems
2026-10-04T09:08:21.6727144Z   2025-02-06: 2 problems
2026-10-04T09:08:21.9528241Z   2025-02-05: 2 problems
2026-10-04T09:08:22.2171380Z   2025-02-04: 2 problems
2026-10-04T09:08:22.4724128Z   2025-02-03: 2 problems
2026-10-04T09:08:22.7397435Z   2025-02-01: 2 problems
2026-10-04T09:08:22.9881897Z   2025-01-31: 2 problems
2026-10-04T09:08:23.2492190Z   2025-01-30: 2 problems
2026-10-04T09:08:23.5443443Z   2025-01-29: 2 problems
2026-10-04T09:08:23.8171241Z   2025-01-28: 2 problems
2026-10-04T09:08:24.0927963Z   2025-01-27: 2 problems
2026-10-04T09:08:24.3370980Z   2025-01-25: 2 problems
2026-10-04T09:08:24.5957694Z   2025-01-24: 2 problems
2026-10-04T09:08:24.8716106Z   2025-01-23: 2 problems
2026-10-04T09:08:25.1396333Z   2025-01-22: 2 problems
2026-10-04T09:08:25.4160732Z   2025-01-21: 2 problems
2026-10-04T09:08:25.6877030Z   2025-01-20: 2 problems
2026-10-04T09:08:25.9393666Z   2025-01-18: 2 problems
2026-10-04T09:08:26.1854579Z   2025-01-17: 2 problems
2026-10-04T09:08:26.4423233Z   2025-01-16: 2 problems
2026-10-04T09:08:26.7003838Z   2025-01-15: 2 problems
2026-10-04T09:08:26.9556213Z   2025-01-14: 2 problems
2026-10-04T09:08:27.2111407Z   2025-01-13: 2 problems
2026-10-04T09:08:27.4766994Z   2025-01-11: 2 problems
2026-10-04T09:08:27.7550157Z   2025-01-10: 2 problems
2026-10-04T09:08:28.0052636Z   2025-01-09: 2 problems
2026-10-04T09:08:28.2712246Z   2025-01-08: 2 problems
2026-10-04T09:08:28.5296095Z   2025-01-07: 2 problems
2026-10-04T09:08:28.7842598Z   2025-01-06: 2 problems
2026-10-04T09:08:29.0521992Z   2025-01-04: 2 problems
2026-10-04T09:08:29.3235049Z   2025-01-03: 2 problems
2026-10-04T09:08:29.6028763Z   2025-01-02: 2 problems
2026-10-04T09:08:29.8644037Z   2025-01-01: 2 problems
2026-10-04T09:08:30.1149990Z   2024-12-31: 2 problems
2026-10-04T09:08:30.3653256Z   2024-12-30: 2 problems
2026-10-04T09:08:30.6271051Z   2024-12-28: 2 problems
2026-10-04T09:08:30.8888643Z   2024-12-27: 2 problems
2026-10-04T09:08:31.1420324Z   2024-12-26: 2 problems
2026-10-04T09:08:31.3981234Z   2024-12-25: 2 problems
2026-10-04T09:08:31.6498874Z   2024-12-24: 2 problems
2026-10-04T09:08:31.9271169Z   2024-12-23: 2 problems
2026-10-04T09:08:32.1820708Z   2024-12-21: 2 problems
2026-10-04T09:08:32.4286433Z   2024-12-20: 2 problems
2026-10-04T09:08:32.6713824Z   2024-12-19: 2 problems
2026-10-04T09:08:32.9480578Z   2024-12-18: 2 problems
2026-10-04T09:08:33.2386382Z   2024-12-17: 2 problems
2026-10-04T09:08:33.5429751Z   2024-12-16: 2 problems
2026-10-04T09:08:33.7972769Z   2024-12-14: 2 problems
2026-10-04T09:08:34.0865180Z   2024-12-13: 2 problems
2026-10-04T09:08:34.3370527Z   2024-12-12: 2 problems
2026-10-04T09:08:34.6063220Z   2024-12-11: 2 problems
2026-10-04T09:08:34.9482920Z   2024-12-10: 2 problems
2026-10-04T09:08:35.2038818Z   2024-12-09: 2 problems
2026-10-04T09:08:35.4637012Z   2024-12-07: 2 problems
2026-10-04T09:08:35.7804885Z   2024-12-06: 2 problems
2026-10-04T09:08:36.0401874Z   2024-12-05: 2 problems
2026-10-04T09:08:36.3086257Z   2024-12-04: 2 problems
2026-10-04T09:08:36.5650055Z   2024-12-03: 2 problems
2026-10-04T09:08:36.8527469Z   2024-12-02: 2 problems
2026-10-04T09:08:37.1009791Z   2024-11-30: 2 problems
2026-10-04T09:08:37.3532914Z   2024-11-29: 2 problems
2026-10-04T09:08:37.6490605Z   2024-11-28: 2 problems
2026-10-04T09:08:37.9174431Z   2024-11-27: 2 problems
2026-10-04T09:08:38.2088906Z   2024-11-26: 2 problems
2026-10-04T09:08:38.4752834Z   2024-11-25: 2 problems
2026-10-04T09:08:38.7284423Z   2024-11-23: 2 problems
2026-10-04T09:08:38.9842762Z   2024-11-22: 2 problems
2026-10-04T09:08:39.1736949Z   2024-11-21: 2 problems
2026-10-04T09:08:39.4265581Z   2024-11-20: 2 problems
2026-10-04T09:08:39.6680716Z   2024-11-19: 2 problems
2026-10-04T09:08:39.9383047Z   2024-11-18: 2 problems
2026-10-04T09:08:40.1907354Z   2024-11-16: 2 problems
2026-10-04T09:08:40.4543476Z   2024-11-15: 2 problems
2026-10-04T09:08:40.7345269Z   2024-11-14: 2 problems
2026-10-04T09:08:40.9886220Z   2024-11-13: 2 problems
2026-10-04T09:08:41.2415115Z   2024-11-12: 2 problems
2026-10-04T09:08:41.5073338Z   2024-11-11: 2 problems
2026-10-04T09:08:41.7921143Z   2024-11-09: 2 problems
2026-10-04T09:08:42.0401338Z   2024-11-08: 2 problems
2026-10-04T09:08:42.2856973Z   2024-11-07: 2 problems
2026-10-04T09:08:42.5459799Z   2024-11-06: 2 problems
2026-10-04T09:08:42.8099028Z   2024-11-05: 2 problems
2026-10-04T09:08:43.0640583Z   2024-11-04: 2 problems
2026-10-04T09:08:43.3101273Z   2024-11-02: 2 problems
2026-10-04T09:08:43.5589533Z   2024-11-01: 2 problems
2026-10-04T09:08:43.8136949Z   2024-10-31: 2 problems
2026-10-04T09:08:44.0904999Z   2024-10-30: 2 problems
2026-10-04T09:08:44.3469338Z   2024-10-29: 2 problems
2026-10-04T09:08:44.6225211Z   2024-10-28: 2 problems
2026-10-04T09:08:44.8877439Z   2024-10-26: 2 problems
2026-10-04T09:08:45.1696257Z   2024-10-25: 2 problems
2026-10-04T09:08:45.4350335Z   2024-10-24: 2 problems
2026-10-04T09:08:45.6982481Z   2024-10-23: 2 problems
2026-10-04T09:08:45.9616770Z   2024-10-22: 2 problems
2026-10-04T09:08:46.2510290Z   2024-10-21: 2 problems
2026-10-04T09:08:46.5227257Z   2024-10-19: 2 problems
2026-10-04T09:08:46.7966612Z   2024-10-18: 2 problems
2026-10-04T09:08:47.0481778Z   2024-10-17: 2 problems
2026-10-04T09:08:47.3557625Z   2024-10-16: 2 problems
2026-10-04T09:08:47.6258108Z   2024-10-15: 2 problems
2026-10-04T09:08:47.8672307Z   2024-10-14: 2 problems
2026-10-04T09:08:48.1167074Z   2024-10-12: 2 problems
2026-10-04T09:08:48.4252245Z   2024-10-11: 2 problems
2026-10-04T09:08:48.6783951Z   2024-10-10: 2 problems
2026-10-04T09:08:48.9385588Z   2024-10-09: 2 problems
2026-10-04T09:08:49.4346984Z   2024-10-08: 2 problems
2026-10-04T09:08:49.8530361Z   2024-10-07: 2 problems
2026-10-04T09:08:50.1390290Z   2024-10-05: 2 problems
2026-10-04T09:08:50.4720984Z   2024-10-04: 2 problems
2026-10-04T09:08:50.7377792Z   2024-10-03: 2 problems
2026-10-04T09:08:51.0158749Z   2024-10-02: 2 problems
2026-10-04T09:08:51.2817151Z   2024-10-01: 2 problems
2026-10-04T09:08:51.5481111Z   2024-09-30: 2 problems
2026-10-04T09:08:51.8261908Z   2024-09-28: 2 problems
2026-10-04T09:08:52.0894820Z   2024-09-27: 2 problems
2026-10-04T09:08:52.3571256Z   2024-09-26: 2 problems
2026-10-04T09:08:52.6228173Z   2024-09-25: 2 problems
2026-10-04T09:08:52.8111492Z   2024-09-24: 2 problems
2026-10-04T09:08:53.0876574Z   2024-09-23: 2 problems
2026-10-04T09:08:53.3435481Z   2024-09-21: 2 problems
2026-10-04T09:08:53.6220316Z   2024-09-20: 2 problems
2026-10-04T09:08:53.8874190Z   2024-09-19: 2 problems
2026-10-04T09:08:54.1494133Z   2024-09-18: 2 problems
2026-10-04T09:08:54.4254525Z   2024-09-17: 2 problems
2026-10-04T09:08:54.7303884Z   2024-09-16: 2 problems
2026-10-04T09:08:55.0241400Z   2024-09-14: 2 problems
2026-10-04T09:08:55.2984685Z   2024-09-13: 2 problems
2026-10-04T09:08:55.5779855Z   2024-09-12: 2 problems
2026-10-04T09:08:55.9232564Z   2024-09-11: 2 problems
2026-10-04T09:08:56.1860430Z   2024-09-10: 2 problems
2026-10-04T09:08:56.4422460Z   2024-09-09: 2 problems
2026-10-04T09:08:56.7234367Z   2024-09-07: 2 problems
2026-10-04T09:08:57.0038787Z   2024-09-06: 2 problems
2026-10-04T09:08:57.2631647Z   2024-09-05: 2 problems
2026-10-04T09:08:57.5414491Z   2024-09-04: 2 problems
2026-10-04T09:08:57.8067282Z   2024-09-03: 2 problems
2026-10-04T09:08:58.0763700Z   2024-09-02: 2 problems
2026-10-04T09:08:58.3326018Z   2024-08-31: 2 problems
2026-10-04T09:08:58.5893854Z   2024-08-30: 2 problems
2026-10-04T09:08:58.8610717Z   2024-08-29: 2 problems
2026-10-04T09:08:59.1195323Z   2024-08-28: 2 problems
2026-10-04T09:08:59.4075771Z   2024-08-27: 2 problems
2026-10-04T09:08:59.6651149Z   2024-08-26: 2 problems
2026-10-04T09:08:59.9363988Z   2024-08-24: 2 problems
2026-10-04T09:09:00.1998063Z   2024-08-23: 2 problems
2026-10-04T09:09:00.4679098Z   2024-08-22: 2 problems
2026-10-04T09:09:00.7346120Z   2024-08-21: 2 problems
2026-10-04T09:09:00.9922711Z   2024-08-20: 2 problems
2026-10-04T09:09:01.3200360Z   2024-08-19: 2 problems
2026-10-04T09:09:01.5892500Z   2024-08-17: 2 problems
2026-10-04T09:09:01.9256898Z   2024-08-16: 2 problems
2026-10-04T09:09:02.2032946Z   2024-08-15: 2 problems
2026-10-04T09:09:02.4860163Z   2024-08-14: 2 problems
2026-10-04T09:09:02.7936976Z   2024-08-13: 2 problems
2026-10-04T09:09:03.0477933Z   2024-08-12: 2 problems
2026-10-04T09:09:03.3078420Z   2024-08-10: 2 problems
2026-10-04T09:09:03.5869650Z   2024-08-09: 2 problems
2026-10-04T09:09:03.8567149Z   2024-08-08: 2 problems
2026-10-04T09:09:04.1240724Z   2024-08-07: 2 problems
2026-10-04T09:09:04.3944581Z   2024-08-06: 2 problems
2026-10-04T09:09:04.6739624Z   2024-08-05: 2 problems
2026-10-04T09:09:04.9411569Z   2024-08-03: 2 problems
2026-10-04T09:09:05.2370617Z   2024-08-02: 2 problems
2026-10-04T09:09:05.5219865Z   2024-08-01: 2 problems
2026-10-04T09:09:05.8371837Z   2024-07-31: 2 problems
2026-10-04T09:09:06.1031546Z   2024-07-30: 2 problems
2026-10-04T09:09:06.3626359Z   2024-07-29: 2 problems
2026-10-04T09:09:06.6276159Z   2024-07-27: 2 problems
2026-10-04T09:09:06.8892022Z   2024-07-26: 2 problems
2026-10-04T09:09:07.1663737Z   2024-07-25: 2 problems
2026-10-04T09:09:07.4346349Z   2024-07-24: 2 problems
2026-10-04T09:09:07.7083729Z   2024-07-23: 2 problems
2026-10-04T09:09:07.9932955Z   2024-07-22: 2 problems
2026-10-04T09:09:08.2657303Z   2024-07-20: 2 problems
2026-10-04T09:09:08.5238361Z   2024-07-19: 2 problems
2026-10-04T09:09:08.8032054Z   2024-07-18: 2 problems
2026-10-04T09:09:09.0623383Z   2024-07-17: 2 problems
2026-10-04T09:09:09.3279505Z   2024-07-16: 2 problems
2026-10-04T09:09:09.6241298Z   2024-07-15: 2 problems
2026-10-04T09:09:09.9136662Z   2024-07-13: 2 problems
2026-10-04T09:09:10.0883963Z   2024-07-12: 2 problems
2026-10-04T09:09:10.3673413Z   2024-07-11: 2 problems
2026-10-04T09:09:10.6291438Z   2024-07-10: 2 problems
2026-10-04T09:09:10.8959374Z   2024-07-09: 2 problems
2026-10-04T09:09:11.1703273Z   2024-07-08: 2 problems
2026-10-04T09:09:11.4455257Z   2024-07-06: 2 problems
2026-10-04T09:09:11.7062159Z   2024-07-05: 2 problems
2026-10-04T09:09:11.9695507Z   2024-07-04: 2 problems
2026-10-04T09:09:12.2393158Z   2024-07-03: 2 problems
2026-10-04T09:09:12.5050364Z   2024-07-02: 2 problems
2026-10-04T09:09:12.7778643Z   2024-07-01: 2 problems
2026-10-04T09:09:13.0395140Z   2024-06-29: 2 problems
2026-10-04T09:09:13.3230491Z   2024-06-28: 2 problems
2026-10-04T09:09:13.5901251Z   2024-06-27: 2 problems
2026-10-04T09:09:13.8695163Z   2024-06-26: 2 problems
2026-10-04T09:09:14.1418005Z   2024-06-25: 2 problems
2026-10-04T09:09:14.4023530Z   2024-06-24: 2 problems
2026-10-04T09:09:14.6566433Z   2024-06-22: 2 problems
2026-10-04T09:09:14.9564196Z   2024-06-21: 2 problems
2026-10-04T09:09:15.2387624Z   2024-06-20: 2 problems
2026-10-04T09:09:15.4951419Z   2024-06-19: 2 problems
2026-10-04T09:09:15.7591617Z   2024-06-18: 2 problems
2026-10-04T09:09:16.0392490Z   2024-06-17: 2 problems
2026-10-04T09:09:16.3195919Z   2024-06-15: 2 problems
2026-10-04T09:09:16.5766056Z   2024-06-14: 2 problems
2026-10-04T09:09:16.8355308Z   2024-06-13: 2 problems
2026-10-04T09:09:17.1458543Z   2024-06-12: 2 problems
2026-10-04T09:09:17.4323938Z   2024-06-11: 2 problems
2026-10-04T09:09:17.6903863Z   2024-06-10: 2 problems
2026-10-04T09:09:17.9458700Z   2024-06-08: 2 problems
2026-10-04T09:09:18.2404024Z   2024-06-07: 2 problems
2026-10-04T09:09:18.5223863Z   2024-06-06: 2 problems
2026-10-04T09:09:18.7939016Z   2024-06-05: 2 problems
2026-10-04T09:09:19.0678376Z   2024-06-04: 2 problems
2026-10-04T09:09:19.3219142Z   2024-06-03: 2 problems
2026-10-04T09:09:19.5802255Z   2024-06-01: 2 problems
2026-10-04T09:09:19.8570056Z   2024-05-31: 2 problems
2026-10-04T09:09:20.1225246Z   2024-05-30: 2 problems
2026-10-04T09:09:20.3946663Z   2024-05-29: 2 problems
2026-10-04T09:09:20.6793760Z   2024-05-28: 2 problems
2026-10-04T09:09:20.9730246Z   2024-05-27: 2 problems
2026-10-04T09:09:21.2770028Z   2024-05-25: 2 problems
2026-10-04T09:09:21.5495919Z   2024-05-24: 2 problems
2026-10-04T09:09:21.8096716Z   2024-05-23: 2 problems
2026-10-04T09:09:22.1118726Z   2024-05-22: 2 problems
2026-10-04T09:09:22.3856232Z   2024-05-21: 2 problems
2026-10-04T09:09:22.6913894Z   2024-05-20: 2 problems
2026-10-04T09:09:22.9931458Z   2024-05-18: 2 problems
2026-10-04T09:09:23.2730532Z   2024-05-17: 2 problems
2026-10-04T09:09:23.5360731Z   2024-05-16: 2 problems
2026-10-04T09:09:23.8069525Z   2024-05-15: 2 problems
2026-10-04T09:09:24.0898769Z   2024-05-14: 2 problems
2026-10-04T09:09:24.3741563Z   2024-05-13: 2 problems
2026-10-04T09:09:24.6381554Z   2024-05-11: 2 problems
2026-10-04T09:09:24.9198352Z   2024-05-10: 2 problems
2026-10-04T09:09:25.1973190Z   2024-05-09: 2 problems
2026-10-04T09:09:25.4551821Z   2024-05-08: 2 problems
2026-10-04T09:09:25.7326897Z   2024-05-07: 2 problems
2026-10-04T09:09:26.0044198Z   2024-05-06: 2 problems
2026-10-04T09:09:26.2687551Z   2024-05-04: 2 problems
2026-10-04T09:09:26.5319306Z   2024-05-03: 2 problems
2026-10-04T09:09:26.7939388Z   2024-05-02: 2 problems
2026-10-04T09:09:27.0899198Z   2024-05-01: 2 problems
2026-10-04T09:09:27.3760230Z   2024-04-30: 2 problems
2026-10-04T09:09:27.6486704Z   2024-04-29: 2 problems
2026-10-04T09:09:27.9037791Z   2024-04-27: 2 problems
2026-10-04T09:09:28.1906719Z   2024-04-26: 2 problems
2026-10-04T09:09:28.4741841Z   2024-04-25: 2 problems
2026-10-04T09:09:28.7503957Z   2024-04-24: 2 problems
2026-10-04T09:09:29.0202343Z   2024-04-23: 2 problems
2026-10-04T09:09:29.2927490Z   2024-04-22: 2 problems
2026-10-04T09:09:29.5808214Z   2024-04-20: 2 problems
2026-10-04T09:09:29.8568194Z   2024-04-19: 2 problems
2026-10-04T09:09:30.1165971Z   2024-04-18: 2 problems
2026-10-04T09:09:30.4300378Z   2024-04-17: 2 problems
2026-10-04T09:09:30.7095323Z   2024-04-16: 2 problems
2026-10-04T09:09:30.9784508Z   2024-04-15: 2 problems
2026-10-04T09:09:31.2721266Z   2024-04-13: 2 problems
2026-10-04T09:09:31.5310680Z   2024-04-12: 2 problems
2026-10-04T09:09:31.7983300Z   2024-04-11: 2 problems
2026-10-04T09:09:32.0635911Z   2024-04-10: 2 problems
2026-10-04T09:09:32.3185469Z   2024-04-09: 2 problems
2026-10-04T09:09:32.5908470Z   2024-04-08: 2 problems
2026-10-04T09:09:32.8600925Z   2024-04-06: 2 problems
2026-10-04T09:09:33.1301941Z   2024-04-05: 2 problems
2026-10-04T09:09:33.3933309Z   2024-04-04: 2 problems
2026-10-04T09:09:33.6553398Z   2024-04-03: 2 problems
2026-10-04T09:09:33.9285076Z   2024-04-02: 2 problems
2026-10-04T09:09:34.1879617Z   2024-04-01: 2 problems
2026-10-04T09:09:34.4464267Z   2024-03-30: 2 problems
2026-10-04T09:09:34.7000050Z   2024-03-29: 2 problems
2026-10-04T09:09:34.9688789Z   2024-03-28: 2 problems
2026-10-04T09:09:35.2313900Z   2024-03-27: 2 problems
2026-10-04T09:09:35.4903762Z   2024-03-26: 2 problems
2026-10-04T09:09:35.7843473Z   2024-03-25: 2 problems
2026-10-04T09:09:36.0406852Z   2024-03-23: 2 problems
2026-10-04T09:09:36.3142109Z   2024-03-22: 2 problems
2026-10-04T09:09:36.6037572Z   2024-03-21: 2 problems
2026-10-04T09:09:36.8666253Z   2024-03-20: 2 problems
2026-10-04T09:09:37.1534395Z   2024-03-19: 2 problems
2026-10-04T09:09:37.4147685Z   2024-03-18: 2 problems
2026-10-04T09:09:37.6807124Z   2024-03-16: 2 problems
2026-10-04T09:09:37.9603223Z   2024-03-15: 2 problems
2026-10-04T09:09:38.2272978Z   2024-03-14: 2 problems
2026-10-04T09:09:38.4902738Z   2024-03-13: 2 problems
2026-10-04T09:09:38.7591473Z   2024-03-12: 2 problems
2026-10-04T09:09:39.0270432Z   2024-03-11: 2 problems
2026-10-04T09:09:39.2925281Z   2024-03-09: 2 problems
2026-10-04T09:09:39.5618685Z   2024-03-08: 2 problems
2026-10-04T09:09:39.8356641Z   2024-03-07: 2 problems
2026-10-04T09:09:40.1143858Z   2024-03-06: 2 problems
2026-10-04T09:09:40.3952887Z   2024-03-05: 2 problems
2026-10-04T09:09:40.6533114Z   2024-03-04: 2 problems
2026-10-04T09:09:40.9440267Z   2024-03-02: 2 problems
2026-10-04T09:09:41.2012349Z   2024-03-01: 2 problems
2026-10-04T09:09:41.4675399Z   2024-02-29: 2 problems
2026-10-04T09:09:41.7444423Z   2024-02-28: 2 problems
2026-10-04T09:09:42.0100792Z   2024-02-27: 2 problems
2026-10-04T09:09:42.2840559Z   2024-02-26: 2 problems
2026-10-04T09:09:42.2841858Z Building categories...
2026-10-04T09:09:44.4288040Z Wrote /home/runner/work/ys_problem_web/ys_problem_web/data/daily.json (813 days, 21 categories).
2026-10-04T09:09:44.4289017Z Syncing leaderboard (records.js from gh-pages)...
2026-10-04T09:09:44.5225658Z   ✓ 361 players, data through 2026-10-03
2026-10-04T09:09:44.5420148Z ##[group]Run if [ -n "bcccccaee153886dd206cebff202004cf88c5ba7" ]; then
2026-10-04T09:09:44.5420683Z [36;1mif [ -n "bcccccaee153886dd206cebff202004cf88c5ba7" ]; then[0m
2026-10-04T09:09:44.5421336Z [36;1m  echo "bcccccaee153886dd206cebff202004cf88c5ba7" > data/.upstream-sha[0m
2026-10-04T09:09:44.5421731Z [36;1mfi[0m
2026-10-04T09:09:44.5486530Z shell: /usr/bin/bash -e {0}
2026-10-04T09:09:44.5486815Z ##[endgroup]
2026-10-04T09:09:44.5600028Z ##[group]Run git config user.name "github-actions[bot]"
2026-10-04T09:09:44.5600471Z [36;1mgit config user.name "github-actions[bot]"[0m
2026-10-04T09:09:44.5600937Z [36;1mgit config user.email "41898282+github-actions[bot]@users.noreply.github.com"[0m
2026-10-04T09:09:44.5601369Z [36;1mgit add data/[0m
2026-10-04T09:09:44.5601626Z [36;1mif git diff --cached --quiet; then[0m
2026-10-04T09:09:44.5601921Z [36;1m  echo "No data changes"[0m
2026-10-04T09:09:44.5602178Z [36;1melse[0m
2026-10-04T09:09:44.5602450Z [36;1m  git commit -m "chore: sync daily problems data"[0m
2026-10-04T09:09:44.5603095Z [36;1m  git push[0m
2026-10-04T09:09:44.5603306Z [36;1mfi[0m
2026-10-04T09:09:44.5661434Z shell: /usr/bin/bash -e {0}
2026-10-04T09:09:44.5661716Z ##[endgroup]
2026-10-04T09:09:45.0065241Z [main 6e4276c] chore: sync daily problems data
2026-10-04T09:09:45.0065820Z  209 files changed, 14541 insertions(+), 4921 deletions(-)
2026-10-04T09:09:45.5318898Z To https://github.com/Sam5440/ys_problem_web
2026-10-04T09:09:45.5319632Z  ! [rejected]        main -> main (fetch first)
2026-10-04T09:09:45.5320460Z error: failed to push some refs to 'https://github.com/Sam5440/ys_problem_web'
2026-10-04T09:09:45.5335956Z hint: Updates were rejected because the remote contains work that you do not
2026-10-04T09:09:45.5336788Z hint: have locally. This is usually caused by another repository pushing to
2026-10-04T09:09:45.5337288Z hint: the same ref. If you want to integrate the remote changes, use
2026-10-04T09:09:45.5337750Z hint: 'git pull' before pushing again.
2026-10-04T09:09:45.5338363Z hint: See the 'Note about fast-forwards' in 'git push --help' for details.
2026-10-04T09:09:45.5353187Z ##[error]Process completed with exit code 1.
2026-10-04T09:09:45.5479164Z Post job cleanup.
2026-10-04T09:09:45.6349630Z [command]/usr/bin/git version
2026-10-04T09:09:45.6400445Z git version 2.55.0
2026-10-04T09:09:45.6442850Z Temporarily overriding HOME='/home/runner/work/_temp/a0280d0e-5afd-43f4-9d27-01b620bd8f65' before making global git config changes
2026-10-04T09:09:45.6444442Z Adding repository directory to the temporary git global config as a safe directory
2026-10-04T09:09:45.6449306Z [command]/usr/bin/git config --global --add safe.directory /home/runner/work/ys_problem_web/ys_problem_web
2026-10-04T09:09:45.6492170Z [command]/usr/bin/git config --local --name-only --get-regexp core\.sshCommand
2026-10-04T09:09:45.6530680Z [command]/usr/bin/git submodule foreach --recursive sh -c "git config --local --name-only --get-regexp 'core\.sshCommand' && git config --local --unset-all 'core.sshCommand' || :"
2026-10-04T09:09:45.6784867Z [command]/usr/bin/git config --local --name-only --get-regexp http\.https\:\/\/github\.com\/\.extraheader
2026-10-04T09:09:45.6818926Z http.https://github.com/.extraheader
2026-10-04T09:09:45.6834398Z [command]/usr/bin/git config --local --unset-all http.https://github.com/.extraheader
2026-10-04T09:09:45.6874827Z [command]/usr/bin/git submodule foreach --recursive sh -c "git config --local --name-only --get-regexp 'http\.https\:\/\/github\.com\/\.extraheader' && git config --local --unset-all 'http.https://github.com/.extraheader' || :"
2026-10-04T09:09:45.7173587Z [command]/usr/bin/git config --local --name-only --get-regexp ^includeIf\.gitdir:
2026-10-04T09:09:45.7224022Z [command]/usr/bin/git submodule foreach --recursive git config --local --show-origin --name-only --get-regexp remote.origin.url
2026-10-04T09:09:45.7636925Z Evaluate and set job outputs
2026-10-04T09:09:45.7642268Z Set output 'changed'
2026-10-04T09:09:45.7644565Z Cleaning up orphan processes
2026-10-04T09:09:45.8050176Z ##[warning]Node.js 20 is deprecated. The following actions target Node.js 20 but are being forced to run on Node.js 24: actions/checkout@v4. For more information see: https://github.blog/changelog/2025-09-19-deprecation-of-node-20-on-github-actions-runners/

